"Nº";"Data e Hora (America/Sao_Paulo)";"Temperatura (°C)";"Umidade Relativa (%)";"Pressão Atmosférica (hPa)";"Tensão do Sistema (mV)";"Luminosidade (lux)";"Latitude (°)";"Longitude (°)";"Altitude (m)";"RSSI (dBm)";"SNR (dB)";"Frame Counter";"Timestamp Aquisição (ms)"
"1";"2026-03-06 00:00:37";"23.38";"69";"945.1800000000001";"3680";"16";"-22.822193145751953";"-47.06564712524414";"628.5";"-107";"5.300000190734863";"22104";"1772766037822"
"2";"2026-03-06 00:01:37";"23.37";"69";"945.1800000000001";"3660";"16";"-22.82223129272461";"-47.06564712524414";"630.4000000000001";"-107";"5.300000190734863";"22105";"1772766097787"
"3";"2026-03-06 00:03:37";"23.36";"68.5";"945.22";"3680";"16";"-22.82230567932129";"-47.06566619873047";"628.4000000000001";"-112";"-2.799999952316284";"22107";"1772766217813"
"4";"2026-03-06 00:04:37";"23.35";"69";"945.2";"3680";"16";"-22.822229385375977";"-47.065673828125";"622";"-104";"7.5";"22108";"1772766277820"
"5";"2026-03-06 00:05:37";"23.34";"69";"945.1800000000001";"3680";"16";"-22.822185516357422";"-47.065650939941406";"620.5";"-106";"5.800000190734863";"22109";"1772766337813"
"6";"2026-03-06 00:06:37";"23.33";"69";"945.14";"3640";"16";"-22.82219886779785";"-47.06558609008789";"628";"-106";"6";"22110";"1772766397819"
"7";"2026-03-06 00:07:37";"23.31";"69";"945.12";"3680";"16";"-22.822208404541016";"-47.06563949584961";"629";"-111";"0.800000011920929";"22111";"1772766457817"
"8";"2026-03-06 00:08:37";"23.31";"69";"945.12";"3660";"16";"-22.822229385375977";"-47.065696716308594";"625.5";"-113";"-3.799999952316284";"22112";"1772766517820"
"9";"2026-03-06 00:09:37";"23.29";"69";"945.12";"3660";"16";"-22.822227478027344";"-47.06572341918945";"617";"-110";"1.5";"22113";"1772766577819"
"10";"2026-03-06 00:10:37";"23.29";"69";"945.12";"3660";"16";"-22.822214126586914";"-47.065643310546875";"618.2";"-109";"3.5";"22114";"1772766637810"
"11";"2026-03-06 00:11:37";"23.28";"69";"945.04";"3680";"16";"-22.822193145751953";"-47.06560516357422";"618.7";"-111";"0.5";"22115";"1772766697802"
"12";"2026-03-06 00:12:37";"23.27";"69.5";"945.02";"3660";"16";"-22.82221221923828";"-47.065582275390625";"619.2";"-107";"5.300000190734863";"22116";"1772766757812"
"13";"2026-03-06 00:13:37";"23.27";"69.5";"945.04";"3680";"16";"-22.822256088256836";"-47.06560516357422";"618.7";"-109";"2.5";"22117";"1772766817800"
"14";"2026-03-06 00:14:37";"23.25";"69";"945.04";"3640";"16";"-22.822328567504883";"-47.06550979614258";"618.7";"-106";"6";"22118";"1772766877803"
"15";"2026-03-06 00:15:37";"23.25";"69.5";"945.0600000000001";"3660";"16";"-22.822219848632812";"-47.0655632019043";"621.7";"-106";"5.800000190734863";"22119";"1772766937813"
"16";"2026-03-06 00:16:37";"23.24";"69.5";"945.0600000000001";"3680";"16";"-22.822214126586914";"-47.065643310546875";"610.7";"-109";"3.5";"22120";"1772766997822"
"17";"2026-03-06 00:17:37";"23.23";"69.5";"945.0600000000001";"3680";"16";"-22.822246551513672";"-47.06568145751953";"616.2";"-107";"4.5";"22121";"1772767057812"
"18";"2026-03-06 00:18:37";"23.23";"69.5";"944.98";"3720";"16";"-22.822250366210938";"-47.06573486328125";"613.5";"-109";"3.5";"22122";"1772767117806"
"19";"2026-03-06 00:19:37";"23.22";"69.5";"945";"3680";"16";"-22.82222557067871";"-47.06569290161133";"611.9";"-110";"1";"22123";"1772767177819"
"20";"2026-03-06 00:20:37";"23.22";"69.5";"945.04";"3680";"16";"-22.822175979614258";"-47.06558609008789";"628.7";"-111";"-0.30000001192092896";"22124";"1772767237807"
"21";"2026-03-06 00:21:37";"23.21";"69.5";"944.96";"3720";"16";"-22.822223663330078";"-47.06563949584961";"632";"-104";"7.300000190734863";"22125";"1772767297856"
"22";"2026-03-06 00:22:37";"23.2";"69.5";"944.98";"3700";"16";"-22.822208404541016";"-47.06565475463867";"642.4000000000001";"-112";"-2.299999952316284";"22126";"1772767357804"
"23";"2026-03-06 00:23:37";"23.2";"70";"944.98";"3680";"16";"-22.82221221923828";"-47.06564712524414";"627.7";"-106";"6";"22127";"1772767417817"
"24";"2026-03-06 00:24:37";"23.2";"70";"944.88";"3740";"16";"-22.82219886779785";"-47.06562423706055";"625.7";"-110";"1.2999999523162842";"22128";"1772767477818"
"25";"2026-03-06 00:25:37";"23.18";"69.5";"944.94";"3680";"16";"-22.8222599029541";"-47.06562805175781";"613.7";"-109";"3.5";"22129";"1772767537818"
"26";"2026-03-06 00:26:37";"23.18";"69.5";"944.9200000000001";"3660";"16";"-22.82224464416504";"-47.06565856933594";"622";"-109";"3.799999952316284";"22130";"1772767597832"
"27";"2026-03-06 00:27:37";"23.19";"70";"944.9200000000001";"3680";"16";"-22.822219848632812";"-47.06564712524414";"614.2";"-113";"-3.799999952316284";"22131";"1772767657819"
"28";"2026-03-06 00:28:37";"23.18";"69.5";"944.9200000000001";"3660";"16";"-22.82221221923828";"-47.06566619873047";"621.4000000000001";"-114";"-6.300000190734863";"22132";"1772767717810"
"29";"2026-03-06 00:29:37";"23.19";"70";"944.88";"3640";"16";"-22.822208404541016";"-47.06563186645508";"623.2";"-110";"2.299999952316284";"22133";"1772767777809"
"30";"2026-03-06 00:30:37";"23.18";"70";"944.86";"3700";"16";"-22.82220458984375";"-47.06565856933594";"618.4000000000001";"-112";"-1.7999999523162842";"22134";"1772767837775"
"31";"2026-03-06 00:31:37";"23.18";"70";"944.88";"3680";"16";"-22.822208404541016";"-47.065635681152344";"620.4000000000001";"-112";"-1.7999999523162842";"22135";"1772767897813"
"32";"2026-03-06 00:32:37";"23.18";"70";"944.84";"3720";"16";"-22.82222557067871";"-47.065670013427734";"611.5";"-109";"2.799999952316284";"22136";"1772767957782"
"33";"2026-03-06 00:33:37";"23.18";"70";"944.8000000000001";"3660";"16";"-22.822219848632812";"-47.06566619873047";"609.5";"-111";"0.800000011920929";"22137";"1772768017818"
"34";"2026-03-06 00:34:37";"23.18";"70";"944.76";"3680";"16";"-22.82222557067871";"-47.06568908691406";"608.5";"-112";"-1.5";"22138";"1772768077850"
"35";"2026-03-06 00:35:37";"23.19";"70";"944.78";"3660";"16";"-22.822221755981445";"-47.065635681152344";"622";"-111";"0.800000011920929";"22139";"1772768137808"
"36";"2026-03-06 00:36:37";"23.18";"70";"944.76";"3700";"16";"-22.822229385375977";"-47.06564712524414";"611.9";"-108";"4";"22140";"1772768197819"
"37";"2026-03-06 00:37:37";"23.18";"70";"944.74";"3660";"16";"-22.822246551513672";"-47.065635681152344";"607.5";"-110";"1";"22141";"1772768257809"
"38";"2026-03-06 00:38:37";"23.19";"70";"944.84";"3660";"16";"-22.822235107421875";"-47.06562805175781";"615";"-106";"6";"22142";"1772768317816"
"39";"2026-03-06 00:39:37";"23.19";"70";"944.74";"3660";"16";"-22.822219848632812";"-47.06565856933594";"609.9";"-108";"4";"22143";"1772768377784"
"40";"2026-03-06 00:40:37";"23.18";"70";"944.8000000000001";"3660";"16";"-22.822227478027344";"-47.06563949584961";"605.9";"-108";"4";"22144";"1772768437811"
"41";"2026-03-06 00:41:37";"23.19";"70";"944.76";"3680";"16";"-22.82221221923828";"-47.06562805175781";"607.5";"-106";"5.800000190734863";"22145";"1772768497799"
"42";"2026-03-06 00:42:37";"23.19";"70";"944.76";"3700";"16";"-22.82220458984375";"-47.065635681152344";"606.7";"-105";"6.5";"22146";"1772768557815"
"43";"2026-03-06 00:43:37";"23.19";"70";"944.76";"3680";"16";"-22.822233200073242";"-47.06563949584961";"613.5";"-113";"-5.800000190734863";"22147";"1772768617842"
"44";"2026-03-06 00:44:37";"23.19";"70";"944.6800000000001";"3680";"16";"-22.822246551513672";"-47.06560516357422";"610.5";"-106";"6";"22148";"1772768677808"
"45";"2026-03-06 00:45:37";"23.2";"70";"944.66";"3660";"16";"-22.822235107421875";"-47.06559371948242";"619.2";"-110";"2";"22149";"1772768737775"
"46";"2026-03-06 00:46:37";"23.2";"69.5";"944.6800000000001";"3680";"16";"-22.82222557067871";"-47.065635681152344";"611.4";"-110";"2.299999952316284";"22150";"1772768797813"
"47";"2026-03-06 00:47:37";"23.2";"69.5";"944.6800000000001";"3660";"16";"-22.82223892211914";"-47.065643310546875";"603.5";"-106";"5.800000190734863";"22151";"1772768857813"
"48";"2026-03-06 00:48:37";"23.19";"70";"944.78";"3640";"16";"-22.822221755981445";"-47.065673828125";"607.5";"-104";"7.800000190734863";"22152";"1772768917803"
"49";"2026-03-06 00:49:37";"23.2";"70";"944.76";"3660";"12";"-22.822227478027344";"-47.06565856933594";"610";"-111";"0";"22153";"1772768977809"
"50";"2026-03-06 00:50:37";"23.21";"70";"944.76";"3640";"16";"-22.822235107421875";"-47.065677642822266";"608.9";"-103";"8.800000190734863";"22154";"1772769037817"
"51";"2026-03-06 00:51:37";"23.2";"70";"944.7";"3660";"16";"-22.82223892211914";"-47.0656623840332";"608.7";"-107";"5.300000190734863";"22155";"1772769097821"
"52";"2026-03-06 00:52:37";"23.2";"70";"944.72";"3700";"16";"-22.822233200073242";"-47.06564712524414";"604.9";"-114";"-6.800000190734863";"22156";"1772769157805"
"53";"2026-03-06 00:53:37";"23.21";"69.5";"944.78";"3660";"16";"-22.822235107421875";"-47.065635681152344";"606.7";"-106";"5.5";"22157";"1772769217831"
"54";"2026-03-06 00:54:37";"23.2";"70";"944.82";"3660";"16";"-22.82223892211914";"-47.06568145751953";"609.4";"-110";"1.7999999523162842";"22158";"1772769277802"
"55";"2026-03-06 00:55:37";"23.2";"70";"944.94";"3660";"16";"-22.822223663330078";"-47.06565475463867";"608.2";"-104";"8.300000190734863";"22159";"1772769337813"
"56";"2026-03-06 00:56:37";"23.2";"70";"944.84";"3680";"16";"-22.822229385375977";"-47.065643310546875";"611.7";"-106";"5.5";"22160";"1772769397812"
"57";"2026-03-06 00:57:37";"23.2";"70";"944.88";"3680";"16";"-22.822240829467773";"-47.0656623840332";"613.7";"-109";"3.299999952316284";"22161";"1772769457808"
"58";"2026-03-06 00:58:37";"23.19";"70";"944.82";"3660";"16";"-22.822235107421875";"-47.065635681152344";"609.7";"-110";"1.5";"22162";"1772769517808"
"59";"2026-03-06 00:59:37";"23.19";"70";"944.88";"3660";"16";"-22.82222557067871";"-47.0656623840332";"610.2";"-109";"3.799999952316284";"22163";"1772769577819"
"60";"2026-03-06 01:00:37";"23.18";"70.5";"944.86";"3660";"16";"-22.822216033935547";"-47.065635681152344";"609";"-106";"5.5";"22164";"1772769637815"
"61";"2026-03-06 01:01:37";"23.17";"70.5";"944.82";"3640";"16";"-22.82221794128418";"-47.06562805175781";"608.2";"-110";"1.2999999523162842";"22165";"1772769697779"
"62";"2026-03-06 01:02:37";"23.18";"70";"944.86";"3660";"16";"-22.82222557067871";"-47.065673828125";"607.7";"-109";"3";"22166";"1772769757814"
"63";"2026-03-06 01:03:37";"23.18";"70";"944.84";"3700";"16";"-22.82221221923828";"-47.06566619873047";"609";"-111";"0.5";"22167";"1772769817780"
"64";"2026-03-06 01:04:37";"23.17";"70.5";"944.8000000000001";"3660";"16";"-22.822235107421875";"-47.065650939941406";"612.5";"-110";"1.5";"22168";"1772769877809"
"65";"2026-03-06 01:05:37";"23.17";"70";"944.86";"3660";"16";"-22.822214126586914";"-47.065650939941406";"608.9";"-113";"-2.5";"22169";"1772769937810"
"66";"2026-03-06 01:06:37";"23.17";"70.5";"944.86";"3660";"16";"-22.82223892211914";"-47.0656623840332";"604.2";"-109";"3.299999952316284";"22170";"1772769997784"
"67";"2026-03-06 01:07:37";"23.17";"70";"944.88";"3640";"16";"-22.822219848632812";"-47.0656623840332";"607.7";"-107";"5";"22171";"1772770057785"
"68";"2026-03-06 01:08:37";"23.17";"70";"944.86";"3700";"16";"-22.822221755981445";"-47.065677642822266";"608.7";"-109";"3.299999952316284";"22172";"1772770117812"
"69";"2026-03-06 01:09:37";"23.17";"70";"944.88";"3660";"16";"-22.822235107421875";"-47.065677642822266";"608";"-107";"5.5";"22173";"1772770177819"
"70";"2026-03-06 01:10:37";"23.17";"70";"944.98";"3640";"16";"-22.82224464416504";"-47.06566619873047";"606.4";"-108";"4";"22174";"1772770237801"
"71";"2026-03-06 01:11:37";"23.17";"70";"944.98";"3680";"16";"-22.822242736816406";"-47.06565856933594";"604.7";"-110";"1.2999999523162842";"22175";"1772770297812"
"72";"2026-03-06 01:12:37";"23.16";"70";"945";"3640";"16";"-22.82221221923828";"-47.065635681152344";"608.4";"-109";"3";"22176";"1772770357805"
"73";"2026-03-06 01:13:37";"23.16";"70";"945.04";"3660";"16";"-22.82223129272461";"-47.0656623840332";"610.7";"-108";"4.5";"22177";"1772770417771"
"74";"2026-03-06 01:14:37";"23.16";"69.5";"944.98";"3640";"16";"-22.82221794128418";"-47.06565475463867";"609.5";"-109";"2.5";"22178";"1772770477804"
"75";"2026-03-06 01:15:37";"23.16";"69.5";"945.02";"3700";"16";"-22.82223892211914";"-47.065670013427734";"605.9";"-108";"4";"22179";"1772770537802"
"76";"2026-03-06 01:16:37";"23.14";"69.5";"944.98";"3680";"16";"-22.822223663330078";"-47.0656623840332";"602.2";"-107";"5";"22180";"1772770597807"
"77";"2026-03-06 01:17:37";"23.13";"69.5";"944.96";"3640";"16";"-22.822202682495117";"-47.065650939941406";"608.7";"-111";"0.800000011920929";"22181";"1772770657802"
"78";"2026-03-06 01:18:37";"23.13";"69.5";"944.98";"3660";"16";"-22.82220458984375";"-47.065650939941406";"610.4";"-106";"6.5";"22182";"1772770717818"
"79";"2026-03-06 01:19:37";"23.12";"69.5";"944.98";"3720";"16";"-22.822193145751953";"-47.065673828125";"607.2";"-108";"4";"22183";"1772770777813"
"80";"2026-03-06 01:20:37";"23.11";"69.5";"945";"3700";"16";"-22.822223663330078";"-47.0656852722168";"612";"-107";"4.800000190734863";"22184";"1772770837814"
"81";"2026-03-06 01:21:37";"23.1";"69.5";"945";"3700";"16";"-22.82221031188965";"-47.0656623840332";"607.5";"-106";"6";"22185";"1772770897813"
"82";"2026-03-06 01:22:37";"23.09";"69.5";"945";"3620";"16";"-22.822246551513672";"-47.0656852722168";"608.2";"-107";"5.300000190734863";"22186";"1772770957814"
"83";"2026-03-06 01:23:37";"23.08";"70";"944.98";"3660";"16";"-22.822206497192383";"-47.065670013427734";"610";"-108";"4.300000190734863";"22187";"1772771017806"
"84";"2026-03-06 01:24:37";"23.08";"70";"944.96";"3680";"16";"-22.82220458984375";"-47.065673828125";"611.7";"-109";"3.299999952316284";"22188";"1772771077818"
"85";"2026-03-06 01:25:37";"23.08";"70";"944.96";"3640";"16";"-22.822202682495117";"-47.065650939941406";"608";"-108";"4.5";"22189";"1772771137845"
"86";"2026-03-06 01:26:37";"23.07";"70";"944.94";"3640";"16";"-22.822235107421875";"-47.065670013427734";"613.5";"-110";"1.7999999523162842";"22190";"1772771197819"
"87";"2026-03-06 01:27:37";"23.07";"70";"944.9";"3680";"16";"-22.822223663330078";"-47.065670013427734";"606.5";"-107";"5.300000190734863";"22191";"1772771257804"
"88";"2026-03-06 01:28:37";"23.06";"70";"944.86";"3660";"16";"-22.82220458984375";"-47.0656623840332";"605.2";"-108";"4";"22192";"1772771317781"
"89";"2026-03-06 01:29:37";"23.07";"69.5";"944.86";"3660";"16";"-22.822216033935547";"-47.06566619873047";"608.7";"-108";"4.300000190734863";"22193";"1772771377810"
"90";"2026-03-06 01:30:37";"23.07";"70";"944.86";"3660";"16";"-22.822221755981445";"-47.065650939941406";"613.7";"-107";"5.800000190734863";"22194";"1772771437811"
"91";"2026-03-06 01:31:37";"23.07";"69.5";"944.84";"3640";"16";"-22.82223129272461";"-47.06564712524414";"619.9000000000001";"-105";"7.300000190734863";"22195";"1772771497817"
"92";"2026-03-06 01:32:37";"23.06";"69.5";"944.82";"3680";"16";"-22.822179794311523";"-47.065650939941406";"613.7";"-110";"2.299999952316284";"22196";"1772771557825"
"93";"2026-03-06 01:33:37";"23.06";"69.5";"944.82";"3640";"16";"-22.822208404541016";"-47.06565475463867";"610";"-107";"5";"22197";"1772771617822"
"94";"2026-03-06 01:34:37";"23.06";"69.5";"944.82";"3660";"16";"-22.822185516357422";"-47.06564712524414";"608.5";"-110";"2";"22198";"1772771677827"
"95";"2026-03-06 01:35:37";"23.06";"70";"944.82";"3680";"16";"-22.82217025756836";"-47.065677642822266";"605.5";"-108";"4";"22199";"1772771737782"
"96";"2026-03-06 01:36:37";"23.05";"69.5";"944.8000000000001";"3700";"16";"-22.822200775146484";"-47.06566619873047";"609.2";"-106";"6";"22200";"1772771797782"
"97";"2026-03-06 01:37:37";"23.05";"69.5";"944.8000000000001";"3640";"16";"-22.82217788696289";"-47.06569290161133";"609";"-108";"4";"22201";"1772771857781"
"98";"2026-03-06 01:38:37";"23.05";"69.5";"944.82";"3660";"16";"-22.82218360900879";"-47.06568908691406";"609.5";"-109";"2.799999952316284";"22202";"1772771917817"
"99";"2026-03-06 01:39:37";"23.05";"69.5";"944.82";"3680";"16";"-22.822153091430664";"-47.06568145751953";"606.5";"-106";"5.5";"22203";"1772771977817"
"100";"2026-03-06 01:40:37";"23.04";"69.5";"944.76";"3680";"16";"-22.822175979614258";"-47.0656623840332";"618.7";"-110";"1.2999999523162842";"22204";"1772772037810"
"101";"2026-03-06 01:41:37";"23.04";"69.5";"944.74";"3660";"16";"-22.82219886779785";"-47.06568145751953";"616.5";"-109";"3";"22205";"1772772097813"
"102";"2026-03-06 01:42:37";"23.03";"69.5";"944.76";"3660";"16";"-22.822179794311523";"-47.065670013427734";"610.7";"-111";"1";"22206";"1772772157815"
"103";"2026-03-06 01:43:37";"23.03";"69.5";"944.74";"3640";"16";"-22.82217788696289";"-47.0656623840332";"606.7";"-107";"4.800000190734863";"22207";"1772772217808"
"104";"2026-03-06 01:44:37";"23.03";"69.5";"944.74";"3620";"16";"-22.82221031188965";"-47.06565856933594";"608.9";"-112";"-2.299999952316284";"22208";"1772772277816"
"105";"2026-03-06 01:45:37";"23.02";"69.5";"944.72";"3680";"16";"-22.822202682495117";"-47.06562423706055";"608";"-109";"2.5";"22209";"1772772337808"
"106";"2026-03-06 01:46:37";"23.03";"69.5";"944.78";"3700";"16";"-22.822219848632812";"-47.06560134887695";"616";"-109";"3.5";"22210";"1772772397837"
"107";"2026-03-06 01:47:37";"23.03";"69.5";"944.72";"3620";"16";"-22.822214126586914";"-47.06564712524414";"610.9";"-107";"4.800000190734863";"22211";"1772772457813"
"108";"2026-03-06 01:48:37";"23.02";"69.5";"944.74";"3660";"16";"-22.822208404541016";"-47.06566619873047";"607.7";"-105";"7";"22212";"1772772517790"
"109";"2026-03-06 01:49:37";"23.02";"70";"944.72";"3640";"16";"-22.822208404541016";"-47.065608978271484";"612.2";"-112";"-2.299999952316284";"22213";"1772772577786"
"110";"2026-03-06 01:50:37";"23.01";"69.5";"944.72";"3660";"16";"-22.822202682495117";"-47.06564712524414";"611.2";"-108";"4";"22214";"1772772637815"
"111";"2026-03-06 01:51:37";"23";"70";"944.6800000000001";"3700";"16";"-22.822240829467773";"-47.06563186645508";"614.5";"-111";"0.800000011920929";"22215";"1772772697815"
"112";"2026-03-06 01:52:37";"23";"70";"944.7";"3700";"16";"-22.822166442871094";"-47.06565856933594";"607.9";"-107";"5.800000190734863";"22216";"1772772757813"
"113";"2026-03-06 01:53:37";"22.99";"70";"944.6800000000001";"3640";"16";"-22.822216033935547";"-47.06562805175781";"616.9000000000001";"-108";"4.300000190734863";"22217";"1772772817840"
"114";"2026-03-06 01:54:37";"22.98";"70";"944.64";"3620";"16";"-22.822216033935547";"-47.06562423706055";"616";"-111";"1";"22218";"1772772877813"
"115";"2026-03-06 01:55:37";"22.98";"70";"944.6";"3680";"12";"-22.822216033935547";"-47.06560516357422";"615";"-108";"4.300000190734863";"22219";"1772772937809"
"116";"2026-03-06 01:56:37";"22.97";"70";"944.64";"3640";"16";"-22.82221794128418";"-47.06563949584961";"613.2";"-109";"3.799999952316284";"22220";"1772772997825"
"117";"2026-03-06 01:57:37";"22.97";"70";"944.6";"3660";"16";"-22.822202682495117";"-47.06561279296875";"614.4000000000001";"-108";"4.5";"22221";"1772773057838"
"118";"2026-03-06 01:58:37";"22.97";"70";"944.62";"3640";"16";"-22.82220458984375";"-47.06563186645508";"613.2";"-111";"0.800000011920929";"22222";"1772773117835"
"119";"2026-03-06 01:59:37";"22.95";"70";"944.5600000000001";"3660";"16";"-22.822235107421875";"-47.06564712524414";"620.5";"-108";"4.300000190734863";"22223";"1772773177814"
"120";"2026-03-06 02:00:37";"22.94";"70";"944.58";"3600";"16";"-22.822200775146484";"-47.06560516357422";"616.7";"-108";"4.800000190734863";"22224";"1772773237826"
"121";"2026-03-06 02:01:37";"22.93";"70";"944.52";"3660";"16";"-22.822223663330078";"-47.06560134887695";"617.5";"-112";"-0.800000011920929";"22225";"1772773297796"
"122";"2026-03-06 02:02:37";"22.92";"70";"944.48";"3640";"12";"-22.822237014770508";"-47.06562805175781";"615.5";"-107";"5.300000190734863";"22226";"1772773357795"
"123";"2026-03-06 02:03:37";"22.92";"70";"944.46";"3680";"16";"-22.822221755981445";"-47.06564712524414";"610.5";"-107";"5";"22227";"1772773417818"
"124";"2026-03-06 02:04:37";"22.91";"70";"944.44";"3680";"16";"-22.822202682495117";"-47.065650939941406";"610.7";"-112";"-2.299999952316284";"22228";"1772773477814"
"125";"2026-03-06 02:05:37";"22.9";"70";"944.4";"3640";"16";"-22.82221031188965";"-47.065616607666016";"609.2";"-108";"4.800000190734863";"22229";"1772773537781"
"126";"2026-03-06 02:06:37";"22.89";"70";"944.36";"3640";"16";"-22.82219696044922";"-47.0656852722168";"612";"-109";"3.799999952316284";"22230";"1772773597827"
"127";"2026-03-06 02:07:37";"22.89";"70";"944.38";"3640";"16";"-22.82217788696289";"-47.06564712524414";"616.2";"-108";"4";"22231";"1772773657817"
"128";"2026-03-06 02:08:37";"22.88";"70.5";"944.38";"3660";"16";"-22.822227478027344";"-47.06562805175781";"611";"-108";"4";"22232";"1772773717805"
"129";"2026-03-06 02:09:37";"22.87";"70.5";"944.34";"3680";"16";"-22.822185516357422";"-47.06563949584961";"603.5";"-110";"2.299999952316284";"22233";"1772773777789"
"130";"2026-03-06 02:10:37";"22.85";"70.5";"944.3000000000001";"3620";"12";"-22.822208404541016";"-47.06565856933594";"611.4";"-106";"5.5";"22234";"1772773837820"
"131";"2026-03-06 02:11:37";"22.85";"70.5";"944.3000000000001";"3620";"16";"-22.82223129272461";"-47.065677642822266";"609.4";"-107";"5.300000190734863";"22235";"1772773897821"
"132";"2026-03-06 02:12:37";"22.84";"70.5";"944.32";"3680";"16";"-22.822242736816406";"-47.065677642822266";"610.7";"-110";"1.7999999523162842";"22236";"1772773957830"
"133";"2026-03-06 02:13:37";"22.84";"70.5";"944.32";"3680";"12";"-22.822221755981445";"-47.065650939941406";"611.2";"-107";"5";"22237";"1772774017781"
"134";"2026-03-06 02:14:37";"22.84";"70.5";"944.32";"3640";"16";"-22.822246551513672";"-47.06561279296875";"617";"-112";"-0.800000011920929";"22238";"1772774077821"
"135";"2026-03-06 02:15:37";"22.84";"70.5";"944.36";"3620";"16";"-22.822254180908203";"-47.06563186645508";"615";"-108";"4";"22239";"1772774137811"
"136";"2026-03-06 02:16:37";"22.83";"71";"944.34";"3620";"16";"-22.822265625";"-47.06557846069336";"620.4000000000001";"-109";"3.299999952316284";"22240";"1772774197807"
"137";"2026-03-06 02:17:37";"22.83";"70.5";"944.32";"3660";"16";"-22.822242736816406";"-47.06560134887695";"618.7";"-111";"0.800000011920929";"22241";"1772774257790"
"138";"2026-03-06 02:18:37";"22.83";"71";"944.28";"3640";"16";"-22.82221221923828";"-47.06562805175781";"622.2";"-109";"2.5";"22242";"1772774317822"
"139";"2026-03-06 02:19:37";"22.83";"70.5";"944.3000000000001";"3640";"16";"-22.82221031188965";"-47.065616607666016";"611.9";"-109";"3.299999952316284";"22243";"1772774377815"
"140";"2026-03-06 02:20:37";"22.83";"71";"944.24";"3640";"16";"-22.82219886779785";"-47.06565475463867";"601.5";"-112";"-0.5";"22244";"1772774437816"
"141";"2026-03-06 02:21:37";"22.83";"71";"944.24";"3620";"16";"-22.822242736816406";"-47.065711975097656";"604.9";"-109";"3.299999952316284";"22245";"1772774497816"
"142";"2026-03-06 02:22:37";"22.83";"71";"944.2";"3620";"16";"-22.82219886779785";"-47.06561279296875";"616.2";"-108";"4.5";"22246";"1772774557805"
"143";"2026-03-06 02:23:37";"22.83";"71";"944.2";"3620";"16";"-22.822235107421875";"-47.065696716308594";"613.2";"-111";"0.800000011920929";"22247";"1772774617819"
"144";"2026-03-06 02:24:37";"22.82";"71";"944.2";"3680";"16";"-22.822214126586914";"-47.06563186645508";"610.5";"-112";"-0.30000001192092896";"22248";"1772774677826"
"145";"2026-03-06 02:25:37";"22.82";"71";"944.24";"3620";"16";"-22.822216033935547";"-47.06563949584961";"614.9000000000001";"-112";"-1.2999999523162842";"22249";"1772774737784"
"146";"2026-03-06 02:26:37";"22.82";"71";"944.2";"3600";"16";"-22.822219848632812";"-47.065650939941406";"618.5";"-108";"4.5";"22250";"1772774797788"
"147";"2026-03-06 02:27:37";"22.82";"71";"944.1800000000001";"3600";"16";"-22.8222599029541";"-47.06562423706055";"623.9000000000001";"-110";"1.2999999523162842";"22251";"1772774857789"
"148";"2026-03-06 02:28:37";"22.82";"71";"944.2";"3620";"16";"-22.82223892211914";"-47.06563949584961";"615";"-114";"-6.5";"22252";"1772774917809"
"149";"2026-03-06 02:29:37";"22.81";"71";"944.14";"3620";"16";"-22.822193145751953";"-47.06564712524414";"608";"-110";"1.5";"22253";"1772774977777"
"150";"2026-03-06 02:30:37";"22.8";"71";"944.16";"3660";"16";"-22.822195053100586";"-47.065650939941406";"610";"-109";"2.5";"22254";"1772775037812"
"151";"2026-03-06 02:31:37";"22.8";"71";"944.14";"3620";"16";"-22.822214126586914";"-47.0656623840332";"605.5";"-108";"4.300000190734863";"22255";"1772775097819"
"152";"2026-03-06 02:32:37";"22.8";"71";"944.2";"3620";"16";"-22.822206497192383";"-47.06564712524414";"605.7";"-110";"1.5";"22256";"1772775157810"
"153";"2026-03-06 02:33:37";"22.79";"71.5";"944.1800000000001";"3620";"16";"-22.822246551513672";"-47.06568145751953";"604";"-109";"3";"22257";"1772775217847"
"154";"2026-03-06 02:34:37";"22.79";"71";"944.1800000000001";"3640";"16";"-22.82227897644043";"-47.06572341918945";"605.7";"-107";"4.800000190734863";"22258";"1772775277811"
"155";"2026-03-06 02:35:37";"22.78";"71";"944.12";"3620";"16";"-22.82221221923828";"-47.06563186645508";"613";"-110";"1.5";"22259";"1772775337817"
"156";"2026-03-06 02:36:37";"22.78";"71";"944.1800000000001";"3640";"16";"-22.822227478027344";"-47.065673828125";"613.5";"-107";"4.800000190734863";"22260";"1772775397815"
"157";"2026-03-06 02:37:37";"22.77";"71";"944.14";"3600";"16";"-22.82221221923828";"-47.06564712524414";"611.4";"-112";"-1.7999999523162842";"22261";"1772775457850"
"158";"2026-03-06 02:38:37";"22.76";"71.5";"944.12";"3640";"16";"-22.822208404541016";"-47.065670013427734";"605.9";"-110";"1.5";"22262";"1772775517810"
"159";"2026-03-06 02:39:37";"22.76";"71.5";"944.12";"3620";"16";"-22.82221031188965";"-47.065696716308594";"602";"-109";"2.5";"22263";"1772775577813"
"160";"2026-03-06 02:40:37";"22.75";"71";"944.14";"3620";"12";"-22.822216033935547";"-47.06568145751953";"605.2";"-111";"0.800000011920929";"22264";"1772775637818"
"161";"2026-03-06 02:41:37";"22.74";"71";"944.1800000000001";"3600";"16";"-22.82221794128418";"-47.0656623840332";"608.2";"-111";"0.5";"22265";"1772775697850"
"162";"2026-03-06 02:42:37";"22.73";"71";"944.14";"3680";"16";"-22.822246551513672";"-47.065650939941406";"612.9";"-110";"1.2999999523162842";"22266";"1772775757812"
"163";"2026-03-06 02:43:37";"22.73";"71";"944.1800000000001";"3640";"16";"-22.822233200073242";"-47.065608978271484";"621.5";"-109";"3";"22267";"1772775817816"
"164";"2026-03-06 02:44:37";"22.74";"71";"944.2";"3620";"16";"-22.822240829467773";"-47.06560134887695";"617";"-109";"3.299999952316284";"22268";"1772775877821"
"165";"2026-03-06 02:45:37";"22.73";"71";"944.16";"3620";"16";"-22.82223892211914";"-47.065677642822266";"612.2";"-110";"1.7999999523162842";"22269";"1772775937816"
"166";"2026-03-06 02:46:37";"22.73";"71";"944.16";"3600";"16";"-22.822229385375977";"-47.065677642822266";"607.5";"-109";"3";"22270";"1772775997800"
"167";"2026-03-06 02:47:37";"22.73";"71";"944.12";"3620";"16";"-22.822189331054688";"-47.06565856933594";"617";"-108";"4.300000190734863";"22271";"1772776057824"
"168";"2026-03-06 02:48:37";"22.73";"71";"944.1800000000001";"3620";"12";"-22.822206497192383";"-47.06569290161133";"613";"-109";"3.5";"22272";"1772776117819"
"169";"2026-03-06 02:49:37";"22.73";"71";"944.16";"3620";"16";"-22.822185516357422";"-47.06566619873047";"617.5";"-110";"1.5";"22273";"1772776177791"
"170";"2026-03-06 02:50:37";"22.73";"71";"944.16";"3680";"16";"-22.822223663330078";"-47.065696716308594";"606.7";"-109";"3.5";"22274";"1772776237822"
"171";"2026-03-06 02:51:37";"22.73";"71";"944.16";"3600";"16";"-22.822223663330078";"-47.065650939941406";"612.2";"-110";"2.5";"22275";"1772776297814"
"172";"2026-03-06 02:52:37";"22.73";"70.5";"944.14";"3620";"16";"-22.82219886779785";"-47.065635681152344";"622";"-109";"3.299999952316284";"22276";"1772776357823"
"173";"2026-03-06 02:53:37";"22.73";"70.5";"944.1";"3620";"16";"-22.82221794128418";"-47.06564712524414";"623.2";"-108";"4";"22277";"1772776417784"
"174";"2026-03-06 02:54:37";"22.73";"70.5";"944.14";"3620";"16";"-22.8222599029541";"-47.065731048583984";"604.7";"-110";"2.5";"22278";"1772776477813"
"175";"2026-03-06 02:55:37";"22.74";"70.5";"944.08";"3620";"16";"-22.822246551513672";"-47.065696716308594";"609";"-114";"-7";"22279";"1772776537819"
"176";"2026-03-06 02:56:37";"22.73";"70.5";"944.12";"3600";"16";"-22.822237014770508";"-47.065673828125";"613.2";"-111";"1.5";"22280";"1772776597814"
"177";"2026-03-06 02:57:37";"22.73";"70.5";"944.14";"3600";"16";"-22.822237014770508";"-47.06566619873047";"611.7";"-109";"3";"22281";"1772776657799"
"178";"2026-03-06 02:58:37";"22.73";"70.5";"944.12";"3600";"16";"-22.822202682495117";"-47.065696716308594";"615.7";"-109";"3.799999952316284";"22282";"1772776717827"
"179";"2026-03-06 02:59:37";"22.72";"71";"944.12";"3620";"16";"-22.82223129272461";"-47.065704345703125";"615";"-108";"4.5";"22283";"1772776777819"
"180";"2026-03-06 03:00:37";"22.72";"71";"944.16";"3680";"16";"-22.822216033935547";"-47.06568145751953";"605.5";"-109";"3.299999952316284";"22284";"1772776837810"
"181";"2026-03-06 03:01:37";"22.72";"71";"944.12";"3600";"16";"-22.822233200073242";"-47.06570816040039";"607.9";"-111";"1";"22285";"1772776897800"
"182";"2026-03-06 03:02:37";"22.71";"71";"944.1";"3580";"16";"-22.822216033935547";"-47.065643310546875";"619.9000000000001";"-109";"3.299999952316284";"22286";"1772776957814"
"183";"2026-03-06 03:03:37";"22.71";"71";"944.12";"3640";"16";"-22.822242736816406";"-47.0656623840332";"624.9000000000001";"-107";"4.5";"22287";"1772777017818"
"184";"2026-03-06 03:04:37";"22.71";"71";"944.1800000000001";"3620";"16";"-22.82222557067871";"-47.0656852722168";"614.2";"-108";"4";"22288";"1772777077816"
"185";"2026-03-06 03:05:37";"22.7";"71";"944.16";"3600";"16";"-22.822219848632812";"-47.06570053100586";"619";"-107";"5.800000190734863";"22289";"1772777137793"
"186";"2026-03-06 03:06:37";"22.7";"71";"944.16";"3640";"16";"-22.82221794128418";"-47.06566619873047";"615";"-110";"1.5";"22290";"1772777197800"
"187";"2026-03-06 03:07:37";"22.69";"71";"944.1800000000001";"3580";"16";"-22.822216033935547";"-47.065677642822266";"611";"-109";"3.5";"22291";"1772777257821"
"188";"2026-03-06 03:08:37";"22.69";"71";"944.22";"3660";"16";"-22.822195053100586";"-47.06564712524414";"617.7";"-110";"2";"22292";"1772777317828"
"189";"2026-03-06 03:09:37";"22.69";"71";"944.1800000000001";"3600";"16";"-22.82220458984375";"-47.06565475463867";"617.9000000000001";"-109";"3.5";"22293";"1772777377813"
"190";"2026-03-06 03:10:37";"22.69";"71";"944.1800000000001";"3600";"16";"-22.822219848632812";"-47.065643310546875";"628.7";"-110";"1";"22294";"1772777437812"
"191";"2026-03-06 03:11:37";"22.68";"71";"944.12";"3660";"16";"-22.822219848632812";"-47.06563949584961";"626.5";"-111";"0.5";"22295";"1772777497814"
"192";"2026-03-06 03:12:37";"22.67";"71";"944.14";"3640";"16";"-22.82222557067871";"-47.06563186645508";"626.7";"-112";"-1.7999999523162842";"22296";"1772777557822"
"193";"2026-03-06 03:13:37";"22.67";"71";"944.16";"3620";"16";"-22.822240829467773";"-47.06568908691406";"624.5";"-112";"-1";"22297";"1772777617795"
"194";"2026-03-06 03:14:37";"22.66";"71.5";"944.16";"3640";"16";"-22.822256088256836";"-47.06568145751953";"621.2";"-111";"0.800000011920929";"22298";"1772777677828"
"195";"2026-03-06 03:15:37";"22.65";"71";"944.14";"3600";"16";"-22.82225227355957";"-47.065673828125";"616.2";"-109";"2.799999952316284";"22299";"1772777737818"
"196";"2026-03-06 03:16:37";"22.65";"71.5";"944.12";"3600";"16";"-22.822240829467773";"-47.06568908691406";"616";"-110";"1.5";"22300";"1772777797823"
"197";"2026-03-06 03:17:37";"22.65";"71.5";"944.12";"3640";"16";"-22.8222599029541";"-47.06566619873047";"626";"-113";"-4.300000190734863";"22301";"1772777857800"
"198";"2026-03-06 03:18:37";"22.65";"71.5";"944.1800000000001";"3600";"16";"-22.82225227355957";"-47.065643310546875";"631.4000000000001";"-110";"2";"22302";"1772777917838"
"199";"2026-03-06 03:19:37";"22.64";"71.5";"944.2";"3580";"16";"-22.82225799560547";"-47.0656852722168";"613.4";"-112";"-1.5";"22303";"1772777977856"
"200";"2026-03-06 03:20:37";"22.64";"71.5";"944.16";"3600";"16";"-22.822265625";"-47.06571578979492";"616";"-111";"0.800000011920929";"22304";"1772778037864"
"201";"2026-03-06 03:21:37";"22.62";"71.5";"944.14";"3580";"16";"-22.822248458862305";"-47.06570816040039";"618.4000000000001";"-111";"0";"22305";"1772778097789"
"202";"2026-03-06 03:22:37";"22.62";"71.5";"944.14";"3620";"16";"-22.822250366210938";"-47.06570053100586";"613";"-111";"0.5";"22306";"1772778157793"
"203";"2026-03-06 03:23:37";"22.61";"71.5";"944.12";"3580";"12";"-22.82223129272461";"-47.06568908691406";"607.5";"-114";"-5.5";"22307";"1772778217814"
"204";"2026-03-06 03:24:37";"22.61";"71.5";"944.08";"3580";"16";"-22.822265625";"-47.065643310546875";"628.2";"-111";"1.5";"22308";"1772778277816"
"205";"2026-03-06 03:25:37";"22.61";"71.5";"944.12";"3620";"16";"-22.822280883789062";"-47.06565856933594";"620.9000000000001";"-111";"1";"22309";"1772778337809"
"206";"2026-03-06 03:26:37";"22.6";"71.5";"944.1";"3580";"16";"-22.822237014770508";"-47.065650939941406";"613";"-108";"4.300000190734863";"22310";"1772778397816"
"207";"2026-03-06 03:27:37";"22.6";"71.5";"944.0600000000001";"3660";"16";"-22.822223663330078";"-47.065650939941406";"617";"-109";"3.799999952316284";"22311";"1772778457813"
"208";"2026-03-06 03:28:37";"22.6";"71.5";"944.08";"3640";"12";"-22.822237014770508";"-47.06569290161133";"607.5";"-108";"4.5";"22312";"1772778517821"
"209";"2026-03-06 03:29:37";"22.6";"71.5";"944.0600000000001";"3580";"16";"-22.822229385375977";"-47.0656852722168";"611.7";"-108";"4.5";"22313";"1772778577821"
"210";"2026-03-06 03:30:37";"22.6";"71.5";"944.0600000000001";"3660";"12";"-22.822214126586914";"-47.06565856933594";"615.4000000000001";"-110";"2.5";"22314";"1772778637822"
"211";"2026-03-06 03:31:37";"22.6";"71.5";"944.0600000000001";"3580";"16";"-22.82221794128418";"-47.06564712524414";"613.7";"-110";"2.299999952316284";"22315";"1772778697822"
"212";"2026-03-06 03:32:37";"22.61";"71.5";"944.0600000000001";"3620";"16";"-22.822200775146484";"-47.06561279296875";"607.5";"-109";"3.299999952316284";"22316";"1772778757830"
"213";"2026-03-06 03:33:37";"22.61";"71.5";"944.12";"3600";"16";"-22.822214126586914";"-47.065635681152344";"608.4";"-110";"2.5";"22317";"1772778817821"
"214";"2026-03-06 03:34:37";"22.61";"71.5";"944.08";"3640";"16";"-22.822227478027344";"-47.06562805175781";"611.5";"-109";"3";"22318";"1772778877824"
"215";"2026-03-06 03:35:37";"22.61";"71.5";"944.08";"3640";"16";"-22.822246551513672";"-47.065635681152344";"606.5";"-109";"2.5";"22319";"1772778937825"
"216";"2026-03-06 03:36:37";"22.61";"71.5";"944.08";"3580";"16";"-22.82222557067871";"-47.065677642822266";"609.2";"-109";"2.299999952316284";"22320";"1772778997837"
"217";"2026-03-06 03:37:37";"22.61";"71.5";"944.12";"3600";"16";"-22.822240829467773";"-47.0656623840332";"619.2";"-110";"2.799999952316284";"22321";"1772779057787"
"218";"2026-03-06 03:38:37";"22.61";"71.5";"944.1800000000001";"3600";"12";"-22.822237014770508";"-47.06562423706055";"616.9000000000001";"-109";"3";"22322";"1772779117817"
"219";"2026-03-06 03:39:37";"22.62";"71";"944.16";"3580";"16";"-22.822227478027344";"-47.06565856933594";"606.4";"-110";"2";"22323";"1772779177783"
"220";"2026-03-06 03:40:37";"22.62";"71.5";"944.14";"3580";"16";"-22.822221755981445";"-47.065635681152344";"618";"-110";"1.5";"22324";"1772779237822"
"221";"2026-03-06 03:41:37";"22.62";"71";"944.1800000000001";"3620";"16";"-22.82221221923828";"-47.065643310546875";"619.4000000000001";"-109";"3";"22325";"1772779297811"
"222";"2026-03-06 03:42:37";"22.63";"71";"944.26";"3580";"16";"-22.822206497192383";"-47.06565475463867";"616.2";"-110";"2.5";"22326";"1772779357818"
"223";"2026-03-06 03:43:37";"22.63";"71";"944.24";"3640";"16";"-22.82217788696289";"-47.06564712524414";"617.7";"-110";"1.5";"22327";"1772779417811"
"224";"2026-03-06 03:44:37";"22.63";"71";"944.22";"3600";"16";"-22.82218360900879";"-47.065670013427734";"614.5";"-110";"2.299999952316284";"22328";"1772779477812"
"225";"2026-03-06 03:45:37";"22.63";"71";"944.28";"3580";"16";"-22.82218360900879";"-47.0656623840332";"610.2";"-109";"2.5";"22329";"1772779537786"
"226";"2026-03-06 03:46:37";"22.62";"71";"944.28";"3600";"16";"-22.82219696044922";"-47.065650939941406";"618";"-109";"3";"22330";"1772779597813"
"227";"2026-03-06 03:47:37";"22.62";"71";"944.26";"3600";"12";"-22.82221221923828";"-47.065673828125";"611.2";"-110";"2.5";"22331";"1772779657793"
"228";"2026-03-06 03:48:37";"22.61";"71";"944.3000000000001";"3600";"16";"-22.82220458984375";"-47.065673828125";"618.9000000000001";"-110";"1.7999999523162842";"22332";"1772779717866"
"229";"2026-03-06 03:49:37";"22.61";"71";"944.34";"3580";"16";"-22.822189331054688";"-47.0656623840332";"624.4000000000001";"-109";"3.299999952316284";"22333";"1772779777819"
"230";"2026-03-06 03:50:37";"22.61";"71";"944.28";"3600";"16";"-22.822189331054688";"-47.065650939941406";"617.5";"-109";"3.5";"22334";"1772779837816"
"231";"2026-03-06 03:51:37";"22.6";"71";"944.32";"3620";"16";"-22.822216033935547";"-47.06566619873047";"617.7";"-109";"3";"22335";"1772779897816"
"232";"2026-03-06 03:52:37";"22.61";"71";"944.28";"3580";"16";"-22.822216033935547";"-47.06568145751953";"635.2";"-110";"1.7999999523162842";"22336";"1772779957865"
"233";"2026-03-06 03:53:37";"22.61";"71";"944.32";"3580";"12";"-22.822202682495117";"-47.06566619873047";"622";"-110";"1.5";"22337";"1772780017811"
"234";"2026-03-06 03:54:37";"22.6";"70.5";"944.3000000000001";"3600";"12";"-22.822221755981445";"-47.06566619873047";"624.5";"-109";"3.299999952316284";"22338";"1772780077807"
"235";"2026-03-06 03:55:37";"22.6";"71";"944.32";"3600";"16";"-22.82221221923828";"-47.06566619873047";"615";"-109";"2.799999952316284";"22339";"1772780137816"
"236";"2026-03-06 03:56:37";"22.61";"70.5";"944.3000000000001";"3580";"16";"-22.822175979614258";"-47.065635681152344";"608.7";"-109";"2.5";"22340";"1772780197788"
"237";"2026-03-06 03:57:37";"22.6";"70.5";"944.3000000000001";"3640";"12";"-22.822172164916992";"-47.065650939941406";"611";"-109";"2.799999952316284";"22341";"1772780257812"
"238";"2026-03-06 03:58:37";"22.6";"70.5";"944.28";"3560";"16";"-22.822185516357422";"-47.065643310546875";"606.4";"-109";"3.5";"22342";"1772780317818"
"239";"2026-03-06 03:59:37";"22.6";"70.5";"944.22";"3640";"16";"-22.822202682495117";"-47.065650939941406";"614.9000000000001";"-109";"3.5";"22343";"1772780377796"
"240";"2026-03-06 04:00:37";"22.59";"70.5";"944.24";"3560";"12";"-22.822202682495117";"-47.065643310546875";"604.7";"-109";"2.799999952316284";"22344";"1772780437789"
"241";"2026-03-06 04:01:37";"22.58";"70.5";"944.24";"3600";"12";"-22.822214126586914";"-47.065677642822266";"607.7";"-108";"4";"22345";"1772780497819"
"242";"2026-03-06 04:02:37";"22.57";"70.5";"944.22";"3600";"16";"-22.82219696044922";"-47.06566619873047";"605.5";"-109";"2.5";"22346";"1772780557821"
"243";"2026-03-06 04:03:37";"22.57";"70.5";"944.26";"3600";"12";"-22.82221031188965";"-47.065677642822266";"608.4";"-109";"2.5";"22347";"1772780617838"
"244";"2026-03-06 04:04:37";"22.56";"70.5";"944.2";"3600";"16";"-22.822208404541016";"-47.06569290161133";"608";"-109";"3";"22348";"1772780677854"
"245";"2026-03-06 04:05:37";"22.54";"70.5";"944.2";"3600";"16";"-22.82221221923828";"-47.065677642822266";"611.9";"-109";"3.5";"22349";"1772780737782"
"246";"2026-03-06 04:06:37";"22.54";"70.5";"944.2";"3600";"12";"-22.82219886779785";"-47.065704345703125";"608.9";"-109";"3.5";"22350";"1772780797786"
"247";"2026-03-06 04:07:37";"22.52";"71";"944.2";"3580";"12";"-22.822206497192383";"-47.0656852722168";"612.7";"-110";"2.299999952316284";"22351";"1772780857818"
"248";"2026-03-06 04:08:37";"22.51";"70.5";"944.14";"3580";"12";"-22.822193145751953";"-47.06565856933594";"621.2";"-109";"2.5";"22352";"1772780917805"
"249";"2026-03-06 04:09:37";"22.51";"71";"944.14";"3560";"16";"-22.822227478027344";"-47.06565856933594";"613.9";"-108";"4";"22353";"1772780977786"
"250";"2026-03-06 04:10:37";"22.49";"70.5";"944.14";"3560";"16";"-22.82219696044922";"-47.06563949584961";"615.7";"-109";"3.299999952316284";"22354";"1772781037817"
"251";"2026-03-06 04:11:37";"22.49";"71";"944.14";"3600";"16";"-22.82221794128418";"-47.06565475463867";"612.5";"-107";"5";"22355";"1772781097815"
"252";"2026-03-06 04:12:37";"22.48";"71";"944.16";"3620";"16";"-22.822242736816406";"-47.06560516357422";"626.5";"-107";"5";"22356";"1772781157816"
"253";"2026-03-06 04:13:37";"22.47";"71";"944.12";"3600";"16";"-22.822221755981445";"-47.06568908691406";"611.2";"-108";"3.799999952316284";"22357";"1772781217789"
"254";"2026-03-06 04:14:37";"22.45";"71";"944.1";"3620";"16";"-22.822185516357422";"-47.06563949584961";"613.5";"-107";"4.800000190734863";"22358";"1772781277826"
"255";"2026-03-06 04:15:37";"22.44";"71";"944.12";"3560";"12";"-22.822175979614258";"-47.065677642822266";"612.7";"-109";"3.299999952316284";"22359";"1772781337812"
"256";"2026-03-06 04:16:37";"22.43";"71";"944.1";"3560";"12";"-22.822174072265625";"-47.06565856933594";"617";"-108";"4.300000190734863";"22360";"1772781397816"
"257";"2026-03-06 04:17:37";"22.42";"71";"944.1";"3580";"16";"-22.822208404541016";"-47.065673828125";"619";"-108";"4.5";"22361";"1772781457821"
"258";"2026-03-06 04:18:37";"22.41";"71";"944.12";"3560";"12";"-22.822216033935547";"-47.065677642822266";"616.4000000000001";"-109";"3.5";"22362";"1772781517819"
"259";"2026-03-06 04:19:37";"22.39";"71";"944.12";"3600";"12";"-22.822237014770508";"-47.065670013427734";"614.7";"-109";"3";"22363";"1772781577828"
"260";"2026-03-06 04:20:37";"22.38";"71";"944.1800000000001";"3540";"16";"-22.822221755981445";"-47.0656852722168";"606.4";"-109";"3.299999952316284";"22364";"1772781637786"
"261";"2026-03-06 04:21:37";"22.38";"71";"944.1800000000001";"3600";"12";"-22.822179794311523";"-47.06568145751953";"602";"-110";"1.7999999523162842";"22365";"1772781697790"
"262";"2026-03-06 04:22:37";"22.38";"71";"944.2";"3560";"16";"-22.822206497192383";"-47.065677642822266";"601.2";"-109";"3.799999952316284";"22366";"1772781757819"
"263";"2026-03-06 04:23:37";"22.37";"71";"944.26";"3580";"16";"-22.82225227355957";"-47.065677642822266";"605.9";"-108";"4.5";"22367";"1772781817821"
"264";"2026-03-06 04:24:37";"22.37";"71";"944.24";"3560";"12";"-22.822237014770508";"-47.06563186645508";"606.9";"-110";"2.299999952316284";"22368";"1772781877811"
"265";"2026-03-06 04:25:37";"22.36";"71";"944.3000000000001";"3620";"16";"-22.82222557067871";"-47.065616607666016";"606.9";"-111";"0.800000011920929";"22369";"1772781937785"
"266";"2026-03-06 04:26:37";"22.37";"71";"944.26";"3640";"16";"-22.822208404541016";"-47.06563949584961";"611.9";"-109";"2.799999952316284";"22370";"1772781997786"
"267";"2026-03-06 04:27:37";"22.36";"71";"944.26";"3560";"16";"-22.822195053100586";"-47.06566619873047";"610.9";"-108";"4.300000190734863";"22371";"1772782057823"
"268";"2026-03-06 04:28:37";"22.36";"71";"944.28";"3560";"16";"-22.822219848632812";"-47.06566619873047";"613.5";"-110";"1.7999999523162842";"22372";"1772782117820"
"269";"2026-03-06 04:29:37";"22.37";"71";"944.26";"3600";"12";"-22.822219848632812";"-47.06570053100586";"608";"-109";"2.799999952316284";"22373";"1772782177814"
"270";"2026-03-06 04:30:37";"22.37";"71";"944.22";"3560";"16";"-22.82219696044922";"-47.06569290161133";"605.9";"-107";"5";"22374";"1772782237818"
"271";"2026-03-06 04:31:37";"22.36";"71";"944.22";"3560";"12";"-22.822214126586914";"-47.06565475463867";"605";"-109";"3";"22375";"1772782297818"
"272";"2026-03-06 04:32:37";"22.37";"71";"944.24";"3540";"12";"-22.822206497192383";"-47.06568908691406";"603.5";"-107";"5.5";"22376";"1772782357820"
"273";"2026-03-06 04:33:37";"22.35";"71";"944.22";"3560";"16";"-22.822206497192383";"-47.06569290161133";"601.5";"-109";"3.5";"22377";"1772782417796"
"274";"2026-03-06 04:34:37";"22.36";"71";"944.22";"3560";"16";"-22.822221755981445";"-47.06572341918945";"602.5";"-110";"1.7999999523162842";"22378";"1772782477810"
"275";"2026-03-06 04:35:37";"22.35";"71";"944.26";"3560";"16";"-22.82223892211914";"-47.065711975097656";"604.4";"-107";"5";"22379";"1772782537807"
"276";"2026-03-06 04:36:37";"22.35";"71";"944.26";"3560";"16";"-22.822221755981445";"-47.065673828125";"611.9";"-108";"4.5";"22380";"1772782597810"
"277";"2026-03-06 04:37:37";"22.35";"71";"944.28";"3580";"16";"-22.822223663330078";"-47.06566619873047";"616.7";"-109";"2.5";"22381";"1772782657788"
"278";"2026-03-06 04:38:37";"22.35";"71";"944.28";"3580";"16";"-22.822235107421875";"-47.06566619873047";"612.9";"-106";"6";"22382";"1772782717819"
"279";"2026-03-06 04:39:37";"22.34";"71.5";"944.28";"3580";"16";"-22.822216033935547";"-47.065643310546875";"612.2";"-109";"2.5";"22383";"1772782777811"
"280";"2026-03-06 04:40:37";"22.33";"71";"944.28";"3560";"16";"-22.822233200073242";"-47.0656852722168";"606.4";"-110";"1.2999999523162842";"22384";"1772782837814"
"281";"2026-03-06 04:41:37";"22.33";"71";"944.34";"3620";"16";"-22.82224464416504";"-47.06570053100586";"607.4";"-109";"3";"22385";"1772782897814"
"282";"2026-03-06 04:42:37";"22.32";"71";"944.32";"3600";"16";"-22.822219848632812";"-47.065711975097656";"601.7";"-108";"3.799999952316284";"22386";"1772782957818"
"283";"2026-03-06 04:43:37";"22.31";"71.5";"944.3000000000001";"3620";"12";"-22.82222557067871";"-47.065673828125";"611.7";"-109";"2.799999952316284";"22387";"1772783017810"
"284";"2026-03-06 04:44:37";"22.3";"71.5";"944.3000000000001";"3600";"16";"-22.822248458862305";"-47.06564712524414";"615.2";"-108";"4.5";"22388";"1772783077812"
"285";"2026-03-06 04:45:37";"22.29";"71.5";"944.3000000000001";"3560";"16";"-22.822219848632812";"-47.065673828125";"609.7";"-108";"3.799999952316284";"22389";"1772783137818"
"286";"2026-03-06 04:46:37";"22.28";"71.5";"944.3000000000001";"3580";"16";"-22.82221794128418";"-47.06568908691406";"604.4";"-107";"5.300000190734863";"22390";"1772783197813"
"287";"2026-03-06 04:47:37";"22.27";"71.5";"944.3000000000001";"3580";"16";"-22.822223663330078";"-47.06571578979492";"599";"-107";"4.5";"22391";"1772783257821"
"288";"2026-03-06 04:48:37";"22.25";"71.5";"944.3000000000001";"3560";"12";"-22.82221221923828";"-47.06568145751953";"604.7";"-107";"5.5";"22392";"1772783317785"
"289";"2026-03-06 04:49:37";"22.23";"71.5";"944.28";"3560";"12";"-22.82221221923828";"-47.06570816040039";"601.5";"-108";"4.5";"22393";"1772783377783"
"290";"2026-03-06 04:50:37";"22.21";"71.5";"944.26";"3560";"16";"-22.822214126586914";"-47.06570053100586";"607.7";"-108";"4";"22394";"1772783437792"
"291";"2026-03-06 04:51:37";"22.19";"71.5";"944.28";"3620";"16";"-22.822208404541016";"-47.065670013427734";"609.2";"-108";"4.300000190734863";"22395";"1772783497836"
"292";"2026-03-06 04:52:37";"22.17";"71.5";"944.26";"3580";"16";"-22.82221031188965";"-47.06568908691406";"609.2";"-109";"3.799999952316284";"22396";"1772783557812"
"293";"2026-03-06 04:53:37";"22.16";"72";"944.28";"3560";"16";"-22.82223892211914";"-47.06566619873047";"612.2";"-108";"4";"22397";"1772783617781"
"294";"2026-03-06 04:54:37";"22.15";"72";"944.22";"3580";"16";"-22.822214126586914";"-47.06562042236328";"625.2";"-109";"3.299999952316284";"22398";"1772783677817"
"295";"2026-03-06 04:55:37";"22.14";"72";"944.22";"3580";"16";"-22.822242736816406";"-47.06568145751953";"614";"-109";"3.299999952316284";"22399";"1772783737815"
"296";"2026-03-06 04:56:37";"22.12";"72";"944.2";"3620";"12";"-22.822233200073242";"-47.06566619873047";"617.2";"-107";"4.800000190734863";"22400";"1772783797814"
"297";"2026-03-06 04:57:37";"22.11";"72";"944.1800000000001";"3600";"12";"-22.822202682495117";"-47.06562805175781";"619.9000000000001";"-106";"5.800000190734863";"22401";"1772783857821"
"298";"2026-03-06 04:58:37";"22.09";"72";"944.2";"3600";"16";"-22.822221755981445";"-47.065616607666016";"624.7";"-109";"3.799999952316284";"22402";"1772783917820"
"299";"2026-03-06 04:59:37";"22.07";"72.5";"944.1800000000001";"3560";"16";"-22.822246551513672";"-47.06563949584961";"624.2";"-108";"4.5";"22403";"1772783977809"
"300";"2026-03-06 05:00:37";"22.05";"72.5";"944.2";"3560";"16";"-22.82222557067871";"-47.06563949584961";"622.2";"-109";"3.299999952316284";"22404";"1772784037816"
"301";"2026-03-06 05:01:37";"22.04";"72.5";"944.2";"3620";"16";"-22.82223129272461";"-47.0656623840332";"618";"-107";"5";"22405";"1772784097821"
"302";"2026-03-06 05:02:37";"22.03";"72.5";"944.22";"3580";"12";"-22.822261810302734";"-47.0656623840332";"621.2";"-110";"1.2999999523162842";"22406";"1772784157794"
"303";"2026-03-06 05:03:37";"22.03";"72.5";"944.24";"3560";"16";"-22.82223129272461";"-47.065643310546875";"625";"-109";"2.799999952316284";"22407";"1772784217845"
"304";"2026-03-06 05:04:37";"22.02";"72.5";"944.26";"3560";"16";"-22.82221794128418";"-47.065670013427734";"614.5";"-109";"3.299999952316284";"22408";"1772784277814"
"305";"2026-03-06 05:05:37";"22.01";"72.5";"944.24";"3540";"12";"-22.82221031188965";"-47.065670013427734";"607";"-108";"4.800000190734863";"22409";"1772784337786"
"306";"2026-03-06 05:06:37";"22.01";"72.5";"944.26";"3560";"12";"-22.822214126586914";"-47.0656623840332";"609.2";"-109";"3";"22410";"1772784397813"
"307";"2026-03-06 05:07:37";"22";"72.5";"944.3000000000001";"3540";"16";"-22.822223663330078";"-47.065650939941406";"622.5";"-112";"-1";"22411";"1772784457804"
"308";"2026-03-06 05:08:37";"21.99";"72.5";"944.3000000000001";"3540";"16";"-22.82220458984375";"-47.06566619873047";"614";"-106";"6";"22412";"1772784517815"
"309";"2026-03-06 05:09:37";"21.98";"72.5";"944.32";"3540";"16";"-22.822219848632812";"-47.065696716308594";"609.4";"-110";"2.5";"22413";"1772784577829"
"310";"2026-03-06 05:10:37";"21.98";"73";"944.28";"3540";"16";"-22.822227478027344";"-47.065696716308594";"609.4";"-109";"2";"22414";"1772784637812"
"311";"2026-03-06 05:11:37";"21.97";"73";"944.3000000000001";"3560";"12";"-22.822242736816406";"-47.06569290161133";"612.9";"-109";"3.299999952316284";"22415";"1772784697775"
"312";"2026-03-06 05:12:37";"21.97";"73";"944.28";"3580";"12";"-22.822221755981445";"-47.06564712524414";"616.5";"-106";"6.300000190734863";"22416";"1772784757815"
"313";"2026-03-06 05:13:37";"21.97";"73";"944.32";"3580";"16";"-22.822246551513672";"-47.06571578979492";"605";"-109";"2.799999952316284";"22417";"1772784817811"
"314";"2026-03-06 05:14:37";"21.97";"73";"944.32";"3540";"12";"-22.822195053100586";"-47.06564712524414";"613.9";"-107";"4.800000190734863";"22418";"1772784877809"
"315";"2026-03-06 05:15:37";"21.97";"73";"944.34";"3600";"16";"-22.822219848632812";"-47.065677642822266";"610.2";"-109";"3.299999952316284";"22419";"1772784937811"
"316";"2026-03-06 05:16:37";"21.96";"73.5";"944.38";"3600";"16";"-22.822214126586914";"-47.06563949584961";"618.2";"-104";"7.300000190734863";"22420";"1772784997813"
"317";"2026-03-06 05:17:37";"21.96";"73.5";"944.38";"3560";"16";"-22.822242736816406";"-47.06569290161133";"607.4";"-111";"0.800000011920929";"22421";"1772785057805"
"318";"2026-03-06 05:18:37";"21.96";"73.5";"944.38";"3560";"16";"-22.82224464416504";"-47.065704345703125";"610.2";"-109";"3";"22422";"1772785117812"
"319";"2026-03-06 05:19:37";"21.95";"73.5";"944.4";"3580";"16";"-22.82223129272461";"-47.0656852722168";"613.7";"-109";"3.299999952316284";"22423";"1772785177821"
"320";"2026-03-06 05:20:37";"21.94";"73.5";"944.38";"3580";"12";"-22.822256088256836";"-47.06568908691406";"610.7";"-110";"2.5";"22424";"1772785237812"
"321";"2026-03-06 05:21:37";"21.94";"73.5";"944.4";"3540";"16";"-22.822229385375977";"-47.06565475463867";"612.5";"-108";"3.799999952316284";"22425";"1772785297807"
"322";"2026-03-06 05:22:37";"21.94";"73.5";"944.4";"3600";"16";"-22.822214126586914";"-47.065643310546875";"615.4000000000001";"-108";"4";"22426";"1772785357803"
"323";"2026-03-06 05:23:37";"21.94";"73.5";"944.38";"3540";"16";"-22.822229385375977";"-47.06565475463867";"619.5";"-111";"0.5";"22427";"1772785417816"
"324";"2026-03-06 05:24:37";"21.95";"73.5";"944.36";"3540";"16";"-22.822202682495117";"-47.06563186645508";"619.4000000000001";"-110";"1";"22428";"1772785477817"
"325";"2026-03-06 05:25:37";"21.94";"73.5";"944.4";"3540";"12";"-22.822284698486328";"-47.06575012207031";"603";"-109";"3.5";"22429";"1772785537816"
"326";"2026-03-06 05:26:37";"21.95";"73.5";"944.4";"3560";"12";"-22.822254180908203";"-47.0656623840332";"610.5";"-112";"-0.800000011920929";"22430";"1772785597807"
"327";"2026-03-06 05:27:37";"21.95";"73.5";"944.38";"3600";"16";"-22.82223892211914";"-47.0656852722168";"610";"-109";"2.299999952316284";"22431";"1772785657809"
"328";"2026-03-06 05:28:37";"21.95";"74";"944.38";"3540";"16";"-22.822229385375977";"-47.065643310546875";"615.5";"-106";"6";"22432";"1772785717807"
"329";"2026-03-06 05:29:37";"21.95";"74";"944.38";"3540";"12";"-22.82222557067871";"-47.065670013427734";"617.5";"-108";"4.5";"22433";"1772785777818"
"330";"2026-03-06 05:30:37";"21.95";"74";"944.36";"3540";"16";"-22.822214126586914";"-47.06565856933594";"616.7";"-110";"2.299999952316284";"22434";"1772785837816"
"331";"2026-03-06 05:31:37";"21.96";"74";"944.4";"3620";"16";"-22.82219123840332";"-47.06563186645508";"617.5";"-106";"6.300000190734863";"22435";"1772785897828"
"332";"2026-03-06 05:32:37";"21.95";"74";"944.4";"3540";"16";"-22.82223129272461";"-47.06568145751953";"613.7";"-106";"6.5";"22436";"1772785957780"
"333";"2026-03-06 05:33:37";"21.96";"74.5";"944.4";"3540";"12";"-22.822229385375977";"-47.065696716308594";"615";"-108";"4.300000190734863";"22437";"1772786017791"
"334";"2026-03-06 05:34:37";"21.96";"74";"944.46";"3600";"12";"-22.822195053100586";"-47.06565856933594";"616.7";"-111";"0.800000011920929";"22438";"1772786077779"
"335";"2026-03-06 05:35:37";"21.96";"74.5";"944.46";"3540";"16";"-22.82220458984375";"-47.06566619873047";"614.2";"-104";"7.5";"22439";"1772786137808"
"336";"2026-03-06 05:36:37";"21.97";"74.5";"944.46";"3560";"16";"-22.822193145751953";"-47.065677642822266";"613.2";"-107";"5";"22440";"1772786197804"
"337";"2026-03-06 05:37:37";"21.97";"74.5";"944.46";"3560";"16";"-22.82221031188965";"-47.065673828125";"607.5";"-106";"5.800000190734863";"22441";"1772786257809"
"338";"2026-03-06 05:38:37";"21.98";"75";"944.4200000000001";"3540";"16";"-22.822208404541016";"-47.065677642822266";"606.2";"-104";"7.5";"22442";"1772786317808"
"339";"2026-03-06 05:39:37";"21.98";"74.5";"944.5";"3560";"12";"-22.822206497192383";"-47.06568145751953";"616.2";"-106";"6.300000190734863";"22443";"1772786377814"
"340";"2026-03-06 05:40:37";"21.99";"75";"944.46";"3540";"12";"-22.822147369384766";"-47.065643310546875";"624.2";"-109";"3.5";"22444";"1772786437799"
"341";"2026-03-06 05:41:37";"21.99";"75";"944.46";"3540";"16";"-22.822181701660156";"-47.06568145751953";"621.2";"-108";"4.300000190734863";"22445";"1772786497804"
"342";"2026-03-06 05:42:37";"22";"75.5";"944.5";"3560";"16";"-22.82222557067871";"-47.065704345703125";"616.5";"-108";"4.300000190734863";"22446";"1772786557815"
"343";"2026-03-06 05:43:37";"22.01";"75";"944.5600000000001";"3560";"16";"-22.822202682495117";"-47.065677642822266";"614.5";"-109";"3.5";"22447";"1772786617813"
"344";"2026-03-06 05:44:37";"22.02";"75.5";"944.5";"3540";"16";"-22.822202682495117";"-47.0656623840332";"614.4000000000001";"-112";"-0.800000011920929";"22448";"1772786677813"
"345";"2026-03-06 05:45:37";"22.02";"75.5";"944.54";"3580";"16";"-22.82221221923828";"-47.065670013427734";"612.7";"-108";"4.800000190734863";"22449";"1772786737816"
"346";"2026-03-06 05:46:37";"22.03";"75.5";"944.5600000000001";"3560";"16";"-22.822208404541016";"-47.065650939941406";"612.9";"-109";"2.299999952316284";"22450";"1772786797809"
"347";"2026-03-06 05:47:37";"22.04";"75.5";"944.54";"3600";"16";"-22.82219886779785";"-47.065677642822266";"612.2";"-108";"4.300000190734863";"22451";"1772786857806"
"348";"2026-03-06 05:48:37";"22.05";"75.5";"944.5600000000001";"3560";"16";"-22.822175979614258";"-47.06563186645508";"613.7";"-108";"4.5";"22452";"1772786917807"
"349";"2026-03-06 05:49:37";"22.05";"75.5";"944.54";"3600";"16";"-22.822216033935547";"-47.06568908691406";"607.5";"-107";"4.800000190734863";"22453";"1772786977810"
"350";"2026-03-06 05:50:37";"22.06";"75.5";"944.62";"3560";"16";"-22.822250366210938";"-47.06570816040039";"606.4";"-104";"7.800000190734863";"22454";"1772787037818"
"351";"2026-03-06 05:51:37";"22.07";"75.5";"944.62";"3540";"16";"-22.822214126586914";"-47.065670013427734";"610.7";"-104";"8";"22455";"1772787097814"
"352";"2026-03-06 05:52:37";"22.08";"76";"944.62";"3560";"20";"-22.822223663330078";"-47.06566619873047";"613.9";"-107";"5.300000190734863";"22456";"1772787157817"
"353";"2026-03-06 05:53:37";"22.09";"76";"944.64";"3540";"20";"-22.822195053100586";"-47.065643310546875";"615";"-110";"1.7999999523162842";"22457";"1772787217807"
"354";"2026-03-06 05:54:37";"22.1";"76";"944.64";"3560";"20";"-22.822227478027344";"-47.0656852722168";"614.5";"-107";"5.800000190734863";"22458";"1772787277782"
"355";"2026-03-06 05:55:37";"22.1";"76";"944.6";"3540";"24";"-22.822216033935547";"-47.065673828125";"612";"-108";"4.300000190734863";"22459";"1772787337785"
"356";"2026-03-06 05:56:37";"22.11";"75.5";"944.58";"3540";"24";"-22.822254180908203";"-47.06570053100586";"604.5";"-110";"1.2999999523162842";"22460";"1772787397818"
"357";"2026-03-06 05:57:37";"22.12";"76";"944.6";"3540";"24";"-22.82224464416504";"-47.06568908691406";"609.2";"-110";"2.799999952316284";"22461";"1772787457810"
"358";"2026-03-06 05:58:37";"22.13";"75.5";"944.6";"3560";"24";"-22.822216033935547";"-47.065677642822266";"614";"-108";"4.300000190734863";"22462";"1772787517818"
"359";"2026-03-06 05:59:37";"22.13";"75.5";"944.58";"3540";"28";"-22.822193145751953";"-47.06566619873047";"617.5";"-109";"2";"22463";"1772787577786"
"360";"2026-03-06 06:00:37";"22.14";"75.5";"944.58";"3520";"28";"-22.822187423706055";"-47.06565475463867";"620";"-109";"3.5";"22464";"1772787637835"
"361";"2026-03-06 06:01:37";"22.15";"75.5";"944.5600000000001";"3600";"32";"-22.82217788696289";"-47.0656623840332";"613.2";"-109";"3.5";"22465";"1772787697806"
"362";"2026-03-06 06:02:37";"22.16";"75.5";"944.62";"3540";"32";"-22.822168350219727";"-47.065650939941406";"613.5";"-109";"3.299999952316284";"22466";"1772787757821"
"363";"2026-03-06 06:03:37";"22.16";"75.5";"944.62";"3580";"36";"-22.82217788696289";"-47.0656623840332";"608.5";"-109";"3.299999952316284";"22467";"1772787817779"
"364";"2026-03-06 06:04:37";"22.18";"75.5";"944.64";"3540";"36";"-22.822189331054688";"-47.0656623840332";"608.4";"-106";"5.800000190734863";"22468";"1772787877808"
"365";"2026-03-06 06:05:37";"22.18";"75.5";"944.6800000000001";"3520";"36";"-22.822227478027344";"-47.06569290161133";"602.9";"-107";"5.300000190734863";"22469";"1772787937806"
"366";"2026-03-06 06:06:37";"22.19";"75.5";"944.72";"3520";"40";"-22.822242736816406";"-47.0656852722168";"596.5";"-112";"-2.799999952316284";"22470";"1772787997806"
"367";"2026-03-06 06:07:37";"22.2";"75.5";"944.7";"3540";"40";"-22.822267532348633";"-47.06572341918945";"591";"-104";"7.800000190734863";"22471";"1772788057815"
"368";"2026-03-06 06:08:37";"22.21";"75.5";"944.74";"3540";"40";"-22.82227325439453";"-47.06571578979492";"586.2";"-108";"4.5";"22472";"1772788117810"
"369";"2026-03-06 06:09:37";"22.21";"75.5";"944.76";"3540";"44";"-22.82225799560547";"-47.065711975097656";"595";"-106";"6.5";"22473";"1772788177819"
"370";"2026-03-06 06:10:37";"22.22";"75.5";"944.72";"3540";"44";"-22.822261810302734";"-47.06572341918945";"606.2";"-111";"0.5";"22474";"1772788237813"
"371";"2026-03-06 06:11:37";"22.23";"75.5";"944.8000000000001";"3560";"48";"-22.822202682495117";"-47.06568145751953";"619";"-111";"0.30000001192092896";"22475";"1772788297809"
"372";"2026-03-06 06:12:37";"22.24";"75.5";"944.78";"3540";"48";"-22.822193145751953";"-47.06564712524414";"621.2";"-106";"5.5";"22476";"1772788357805"
"373";"2026-03-06 06:13:37";"22.24";"75.5";"944.78";"3580";"52";"-22.822208404541016";"-47.0656623840332";"611.7";"-107";"4.800000190734863";"22477";"1772788417811"
"374";"2026-03-06 06:14:37";"22.25";"75.5";"944.82";"3520";"52";"-22.822208404541016";"-47.06564712524414";"615.7";"-109";"3";"22478";"1772788477820"
"375";"2026-03-06 06:15:37";"22.25";"75.5";"944.8000000000001";"3540";"52";"-22.822235107421875";"-47.0656852722168";"615.4000000000001";"-107";"4.800000190734863";"22479";"1772788537814"
"376";"2026-03-06 06:16:37";"22.26";"75.5";"944.84";"3540";"56";"-22.822206497192383";"-47.0656623840332";"614.2";"-105";"6.5";"22480";"1772788597804"
"377";"2026-03-06 06:17:37";"22.26";"75.5";"944.84";"3580";"60";"-22.822229385375977";"-47.0656852722168";"611.5";"-107";"5.5";"22481";"1772788657811"
"378";"2026-03-06 06:18:37";"22.26";"75.5";"944.86";"3560";"64";"-22.822240829467773";"-47.06566619873047";"609.7";"-107";"5";"22482";"1772788717806"
"379";"2026-03-06 06:19:37";"22.27";"75.5";"944.84";"3520";"68";"-22.822221755981445";"-47.065673828125";"611.4";"-109";"3.299999952316284";"22483";"1772788777811"
"380";"2026-03-06 06:20:37";"22.28";"75.5";"944.94";"3540";"76";"-22.822254180908203";"-47.065711975097656";"600";"-110";"2";"22484";"1772788837809"
"381";"2026-03-06 06:21:37";"22.29";"75.5";"944.9200000000001";"3540";"84";"-22.822256088256836";"-47.06570816040039";"602.7";"-109";"3.5";"22485";"1772788897808"
"382";"2026-03-06 06:22:37";"22.3";"75.5";"944.96";"3540";"92";"-22.822229385375977";"-47.06570053100586";"596";"-104";"7.300000190734863";"22486";"1772788957808"
"383";"2026-03-06 06:23:37";"22.3";"75.5";"944.94";"3540";"100";"-22.822250366210938";"-47.065711975097656";"593.7";"-104";"8.300000190734863";"22487";"1772789017791"
"384";"2026-03-06 06:24:37";"22.31";"75.5";"945";"3540";"108";"-22.822229385375977";"-47.06571578979492";"592.2";"-109";"3.299999952316284";"22488";"1772789077809"
"385";"2026-03-06 06:25:37";"22.32";"75.5";"944.98";"3580";"116";"-22.822202682495117";"-47.065673828125";"593.5";"-109";"3";"22489";"1772789137848"
"386";"2026-03-06 06:26:37";"22.33";"75.5";"945.02";"3520";"128";"-22.82218360900879";"-47.06572341918945";"587.2";"-105";"7";"22490";"1772789197815"
"387";"2026-03-06 06:27:37";"22.34";"75.5";"945.02";"3560";"148";"-22.82221031188965";"-47.06568908691406";"601.7";"-106";"6";"22491";"1772789257809"
"388";"2026-03-06 06:28:37";"22.35";"75.5";"945.02";"3540";"172";"-22.822223663330078";"-47.06568145751953";"607";"-106";"5.5";"22492";"1772789317819"
"389";"2026-03-06 06:29:37";"22.37";"75.5";"945.02";"3560";"196";"-22.822269439697266";"-47.065696716308594";"604.4";"-107";"5";"22493";"1772789377842"
"390";"2026-03-06 06:30:37";"22.38";"75";"945";"3520";"216";"-22.822256088256836";"-47.06570053100586";"604";"-108";"4";"22494";"1772789437838"
"391";"2026-03-06 06:31:37";"22.39";"75.5";"945.04";"3520";"240";"-22.822206497192383";"-47.06565856933594";"617.4000000000001";"-109";"3.5";"22495";"1772789497776"
"392";"2026-03-06 06:32:37";"22.41";"75";"945.0600000000001";"3540";"264";"-22.822216033935547";"-47.06568145751953";"610.2";"-109";"2.299999952316284";"22496";"1772789557779"
"393";"2026-03-06 06:33:37";"22.44";"75";"945.1";"3540";"280";"-22.822214126586914";"-47.0656852722168";"607.5";"-108";"4.300000190734863";"22497";"1772789617819"
"394";"2026-03-06 06:34:37";"22.45";"75";"945.1";"3580";"292";"-22.82221794128418";"-47.065677642822266";"609.7";"-109";"3.299999952316284";"22498";"1772789677806"
"395";"2026-03-06 06:35:37";"22.47";"75";"945.08";"3520";"304";"-22.822237014770508";"-47.06568908691406";"605.9";"-105";"7";"22499";"1772789737824"
"396";"2026-03-06 06:36:37";"22.49";"75";"945.1";"3520";"304";"-22.82221794128418";"-47.0656852722168";"608";"-107";"5.300000190734863";"22500";"1772789797805"
"397";"2026-03-06 06:37:37";"22.5";"75";"945.1";"3520";"304";"-22.822208404541016";"-47.06568908691406";"602.2";"-110";"2";"22501";"1772789857807"
"398";"2026-03-06 06:38:37";"22.52";"75";"945.1";"3520";"304";"-22.822221755981445";"-47.06569290161133";"606";"-107";"5.300000190734863";"22502";"1772789917803"
"399";"2026-03-06 06:39:37";"22.53";"75";"945.12";"3540";"308";"-22.822214126586914";"-47.06572341918945";"598.5";"-106";"5.800000190734863";"22503";"1772789977783"
"400";"2026-03-06 06:40:37";"22.55";"75";"945.12";"3540";"308";"-22.822221755981445";"-47.06571578979492";"597";"-107";"4.5";"22504";"1772790037814"
"401";"2026-03-06 06:41:37";"22.56";"75";"945.14";"3560";"308";"-22.822250366210938";"-47.065696716308594";"603.9";"-109";"3.5";"22505";"1772790097809"
"402";"2026-03-06 06:42:37";"22.58";"75";"945.12";"3520";"308";"-22.82225799560547";"-47.065711975097656";"602.7";"-111";"-0.30000001192092896";"22506";"1772790157806"
"403";"2026-03-06 06:43:37";"22.6";"74.5";"945.14";"3520";"304";"-22.822229385375977";"-47.065673828125";"610";"-106";"6";"22507";"1772790217808"
"404";"2026-03-06 06:44:37";"22.62";"74.5";"945.2";"3580";"304";"-22.822246551513672";"-47.065635681152344";"614.2";"-107";"5";"22508";"1772790277801"
"405";"2026-03-06 06:45:37";"22.63";"74.5";"945.16";"3520";"304";"-22.82223129272461";"-47.06564712524414";"614.2";"-109";"3";"22509";"1772790337803"
"406";"2026-03-06 06:46:37";"22.65";"74.5";"945.2";"3580";"312";"-22.82223129272461";"-47.065670013427734";"611.2";"-108";"4";"22510";"1772790397814"
"407";"2026-03-06 06:47:37";"22.65";"74.5";"945.24";"3520";"316";"-22.822187423706055";"-47.06565856933594";"612.4";"-109";"3.299999952316284";"22511";"1772790457802"
"408";"2026-03-06 06:48:37";"22.66";"74.5";"945.24";"3520";"324";"-22.822206497192383";"-47.06565475463867";"615.7";"-107";"5.5";"22512";"1772790517812"
"409";"2026-03-06 06:49:37";"22.66";"74.5";"945.22";"3540";"336";"-22.822216033935547";"-47.065696716308594";"608.2";"-109";"3";"22513";"1772790577814"
"410";"2026-03-06 06:50:37";"22.66";"74.5";"945.24";"3540";"356";"-22.82224464416504";"-47.06569290161133";"610.9";"-108";"3.799999952316284";"22514";"1772790637805"
"411";"2026-03-06 06:51:37";"22.66";"74.5";"945.26";"3540";"376";"-22.82219886779785";"-47.065696716308594";"608.7";"-110";"1.5";"22515";"1772790697796"
"412";"2026-03-06 06:52:37";"22.66";"74.5";"945.28";"3540";"408";"-22.822200775146484";"-47.06569290161133";"611";"-109";"2.5";"22516";"1772790757804"
"413";"2026-03-06 06:53:37";"22.66";"74.5";"945.3000000000001";"3520";"432";"-22.82221794128418";"-47.065711975097656";"606";"-107";"5.300000190734863";"22517";"1772790817811"
"414";"2026-03-06 06:54:37";"22.66";"74.5";"945.32";"3520";"448";"-22.822208404541016";"-47.065673828125";"616.5";"-108";"4";"22518";"1772790877791"
"415";"2026-03-06 06:55:37";"22.67";"74.5";"945.32";"3580";"460";"-22.822206497192383";"-47.06568145751953";"611.7";"-108";"4.300000190734863";"22519";"1772790937798"
"416";"2026-03-06 06:56:37";"22.67";"74";"945.32";"3540";"464";"-22.822290420532227";"-47.06550598144531";"645";"-108";"3.799999952316284";"22520";"1772790997800"
"417";"2026-03-06 06:57:37";"22.67";"74.5";"945.34";"3520";"468";"-22.822288513183594";"-47.06550216674805";"644";"-109";"3.299999952316284";"22521";"1772791057809"
"418";"2026-03-06 06:58:37";"22.66";"74.5";"945.3000000000001";"3480";"468";"-22.822250366210938";"-47.065582275390625";"628.5";"-108";"4";"22522";"1772791117815"
"419";"2026-03-06 06:59:37";"22.66";"74.5";"945.36";"3520";"468";"-22.82223129272461";"-47.06564712524414";"613.5";"-109";"2.799999952316284";"22523";"1772791177826"
"420";"2026-03-06 07:00:37";"22.66";"74.5";"945.36";"3520";"468";"-22.82222557067871";"-47.065650939941406";"612.5";"-108";"4";"22524";"1772791237811"
"421";"2026-03-06 07:01:37";"22.66";"74.5";"945.38";"3520";"468";"-22.822219848632812";"-47.06568145751953";"609";"-106";"6.300000190734863";"22525";"1772791297827"
"422";"2026-03-06 07:02:37";"22.66";"74.5";"945.4";"3480";"472";"-22.822185516357422";"-47.06563186645508";"615";"-108";"4.300000190734863";"22526";"1772791357817"
"423";"2026-03-06 07:03:37";"22.67";"74.5";"945.4200000000001";"3540";"476";"-22.822193145751953";"-47.06568145751953";"606.5";"-109";"3";"22527";"1772791417813"
"424";"2026-03-06 07:04:37";"22.67";"74.5";"945.46";"3520";"492";"-22.822200775146484";"-47.06563949584961";"615";"-108";"3.799999952316284";"22528";"1772791477811"
"425";"2026-03-06 07:05:37";"22.68";"74.5";"945.4200000000001";"3500";"496";"-22.822235107421875";"-47.06570053100586";"612.7";"-111";"-0.30000001192092896";"22529";"1772791537788"
"426";"2026-03-06 07:06:37";"22.69";"74.5";"945.4200000000001";"3540";"524";"-22.82221221923828";"-47.06566619873047";"619";"-109";"3.5";"22530";"1772791597815"
"427";"2026-03-06 07:07:37";"22.71";"74";"945.44";"3560";"556";"-22.822227478027344";"-47.06566619873047";"619.5";"-110";"1.2999999523162842";"22531";"1772791657815"
"428";"2026-03-06 07:08:37";"22.73";"74";"945.4200000000001";"3540";"592";"-22.822242736816406";"-47.06570053100586";"617";"-108";"4.300000190734863";"22532";"1772791717820"
"429";"2026-03-06 07:09:37";"22.74";"74";"945.4200000000001";"3520";"628";"-22.822233200073242";"-47.0656852722168";"616";"-107";"4.5";"22533";"1772791777785"
"430";"2026-03-06 07:10:37";"22.77";"74";"945.46";"3520";"664";"-22.822223663330078";"-47.0656852722168";"613.7";"-108";"4.300000190734863";"22534";"1772791837789"
"431";"2026-03-06 07:11:37";"22.79";"74";"945.48";"3500";"708";"-22.82223129272461";"-47.06566619873047";"613.7";"-109";"3.5";"22535";"1772791897806"
"432";"2026-03-06 07:12:37";"22.82";"74";"945.46";"3540";"752";"-22.822242736816406";"-47.06565856933594";"616.7";"-108";"4.300000190734863";"22536";"1772791957810"
"433";"2026-03-06 07:13:37";"22.84";"74";"945.44";"3580";"800";"-22.822233200073242";"-47.065670013427734";"614.5";"-108";"4.5";"22537";"1772792017799"
"434";"2026-03-06 07:14:37";"22.87";"74";"945.48";"3520";"852";"-22.822237014770508";"-47.0656852722168";"613.7";"-109";"3";"22538";"1772792077815"
"435";"2026-03-06 07:15:37";"22.9";"74";"945.44";"3500";"912";"-22.822229385375977";"-47.065643310546875";"616.2";"-110";"1";"22539";"1772792137807"
"436";"2026-03-06 07:16:37";"22.93";"74";"945.46";"3540";"972";"-22.822240829467773";"-47.06562423706055";"619.9000000000001";"-108";"4.300000190734863";"22540";"1772792197816"
"437";"2026-03-06 07:17:37";"22.97";"74";"945.46";"3500";"1040";"-22.822229385375977";"-47.065650939941406";"617.7";"-109";"4.300000190734863";"22541";"1772792257816"
"438";"2026-03-06 07:18:37";"23.02";"73.5";"945.48";"3540";"1104";"-22.822254180908203";"-47.065650939941406";"620";"-108";"3.799999952316284";"22542";"1772792317826"
"439";"2026-03-06 07:19:37";"23.05";"73.5";"945.44";"3500";"1164";"-22.82223892211914";"-47.065616607666016";"621.7";"-109";"3";"22543";"1772792377777"
"440";"2026-03-06 07:20:37";"23.1";"73.5";"945.4200000000001";"3480";"1228";"-22.822248458862305";"-47.06561279296875";"619";"-110";"1.2999999523162842";"22544";"1772792437777"
"441";"2026-03-06 07:21:37";"23.16";"73.5";"945.44";"3500";"1296";"-22.822237014770508";"-47.06566619873047";"619.5";"-108";"4.800000190734863";"22545";"1772792497778"
"442";"2026-03-06 07:22:37";"23.22";"73.5";"945.46";"3560";"1352";"-22.822248458862305";"-47.06562423706055";"627.2";"-111";"0.5";"22546";"1772792557781"
"443";"2026-03-06 07:23:37";"23.28";"73";"945.4200000000001";"3540";"1408";"-22.822214126586914";"-47.06564712524414";"616.4000000000001";"-109";"3.299999952316284";"22547";"1772792617812"
"444";"2026-03-06 07:24:37";"23.34";"73";"945.44";"3540";"1456";"-22.822214126586914";"-47.06562423706055";"615.2";"-109";"3.5";"22548";"1772792677818"
"445";"2026-03-06 07:25:37";"23.38";"73";"945.4200000000001";"3560";"1504";"-22.822235107421875";"-47.06565475463867";"611.2";"-107";"6";"22549";"1772792737779"
"446";"2026-03-06 07:26:37";"23.44";"73";"945.4";"3500";"1556";"-22.82223129272461";"-47.065670013427734";"609.4";"-108";"4";"22550";"1772792797810"
"447";"2026-03-06 07:27:37";"23.49";"73";"945.4200000000001";"3500";"1608";"-22.822219848632812";"-47.06568145751953";"610.9";"-106";"6";"22551";"1772792857816"
"448";"2026-03-06 07:28:37";"23.56";"73";"945.44";"3540";"1688";"-22.82224464416504";"-47.06564712524414";"616.2";"-106";"6.5";"22552";"1772792917816"
"449";"2026-03-06 07:29:37";"23.61";"73";"945.46";"3520";"1780";"-22.822237014770508";"-47.06565856933594";"614.9000000000001";"-107";"5";"22553";"1772792977820"
"450";"2026-03-06 07:30:37";"23.67";"73";"945.44";"3540";"1876";"-22.822256088256836";"-47.06566619873047";"615.4000000000001";"-109";"2.799999952316284";"22554";"1772793037819"
"451";"2026-03-06 07:31:37";"23.72";"73";"945.46";"3500";"1980";"-22.822288513183594";"-47.065677642822266";"619.7";"-107";"4.5";"22555";"1772793097812"
"452";"2026-03-06 07:32:37";"23.79";"73";"945.5";"3520";"2068";"-22.822267532348633";"-47.0656852722168";"620.5";"-109";"3.799999952316284";"22556";"1772793157809"
"453";"2026-03-06 07:33:37";"23.85";"72.5";"945.5";"3520";"2144";"-22.822282791137695";"-47.065673828125";"625.5";"-108";"3.799999952316284";"22557";"1772793217790"
"454";"2026-03-06 07:34:37";"23.91";"72.5";"945.52";"3500";"2192";"-22.82229232788086";"-47.065673828125";"626.7";"-105";"7.300000190734863";"22558";"1772793277808"
"455";"2026-03-06 07:35:37";"23.96";"72.5";"945.52";"3580";"2236";"-22.822277069091797";"-47.065670013427734";"624.5";"-110";"2.799999952316284";"22559";"1772793337802"
"456";"2026-03-06 07:36:37";"24.02";"72.5";"945.52";"3500";"2296";"-22.82225799560547";"-47.0656852722168";"619.5";"-109";"2";"22560";"1772793397812"
"457";"2026-03-06 07:37:37";"24.07";"72.5";"945.52";"3540";"2388";"-22.82224464416504";"-47.06570816040039";"613.2";"-106";"6.5";"22561";"1772793457778"
"458";"2026-03-06 07:38:37";"24.13";"72.5";"945.52";"3580";"2528";"-22.822227478027344";"-47.06569290161133";"610.7";"-110";"1.7999999523162842";"22562";"1772793517808"
"459";"2026-03-06 07:39:37";"24.2";"72";"945.58";"3500";"2708";"-22.822237014770508";"-47.065677642822266";"614.2";"-107";"5.5";"22563";"1772793577813"
"460";"2026-03-06 07:40:37";"24.28";"72";"945.58";"3520";"2936";"-22.822267532348633";"-47.06568908691406";"622.2";"-110";"2.299999952316284";"22564";"1772793637816"
"461";"2026-03-06 07:41:37";"24.36";"72";"945.6";"3560";"3196";"-22.822254180908203";"-47.06566619873047";"621.2";"-108";"4.800000190734863";"22565";"1772793697834"
"462";"2026-03-06 07:42:37";"24.44";"72";"945.58";"3540";"3456";"-22.82225799560547";"-47.0656852722168";"616.7";"-109";"3.5";"22566";"1772793757805"
"463";"2026-03-06 07:43:37";"24.52";"71.5";"945.62";"3540";"3704";"-22.822254180908203";"-47.065673828125";"617";"-109";"2.5";"22567";"1772793817816"
"464";"2026-03-06 07:44:37";"24.61";"71.5";"945.64";"3500";"3852";"-22.822284698486328";"-47.0656852722168";"620.9000000000001";"-110";"1.2999999523162842";"22568";"1772793877812"
"465";"2026-03-06 07:45:37";"24.7";"71.5";"945.66";"3560";"3892";"-22.822254180908203";"-47.065677642822266";"616.2";"-110";"2";"22569";"1772793937781"
"466";"2026-03-06 07:46:37";"24.77";"71.5";"945.72";"3520";"3880";"-22.822240829467773";"-47.06565475463867";"614.7";"-110";"2.5";"22570";"1772793997813"
"467";"2026-03-06 07:47:37";"24.84";"71";"945.7";"3500";"3828";"-22.822240829467773";"-47.06565856933594";"615.2";"-108";"4.5";"22571";"1772794057806"
"468";"2026-03-06 07:48:37";"24.91";"71.5";"945.76";"3520";"3788";"-22.822275161743164";"-47.06568908691406";"618.5";"-108";"4.5";"22572";"1772794117818"
"469";"2026-03-06 07:49:37";"25";"71";"945.74";"3540";"3772";"-22.82227897644043";"-47.06566619873047";"621.2";"-109";"3.5";"22573";"1772794177783"
"470";"2026-03-06 07:50:37";"25.09";"71";"945.76";"3520";"3824";"-22.82228660583496";"-47.06566619873047";"625";"-108";"4.800000190734863";"22574";"1772794237827"
"471";"2026-03-06 07:51:37";"25.18";"71";"945.76";"3520";"3896";"-22.82225799560547";"-47.06566619873047";"621.7";"-109";"3.299999952316284";"22575";"1772794297823"
"472";"2026-03-06 07:52:37";"25.27";"70.5";"945.78";"3540";"3960";"-22.822246551513672";"-47.06565856933594";"618";"-109";"3";"22576";"1772794357815"
"473";"2026-03-06 07:53:37";"25.35";"70.5";"945.82";"3520";"4088";"-22.822261810302734";"-47.06565856933594";"616.9000000000001";"-106";"6";"22577";"1772794417836"
"474";"2026-03-06 07:54:37";"25.43";"70.5";"945.82";"3500";"4292";"-22.822282791137695";"-47.06566619873047";"620.9000000000001";"-108";"4";"22578";"1772794477794"
"475";"2026-03-06 07:55:37";"25.51";"70";"945.86";"3540";"4612";"-22.8222713470459";"-47.06569290161133";"621.2";"-107";"5.300000190734863";"22579";"1772794537815"
"476";"2026-03-06 07:56:37";"25.55";"70.5";"945.88";"3500";"4996";"-22.822269439697266";"-47.06570053100586";"617.7";"-110";"1.5";"22580";"1772794597820"
"477";"2026-03-06 07:57:37";"25.6";"70";"945.9";"3540";"5568";"-22.822263717651367";"-47.065673828125";"620.9000000000001";"-109";"3";"22581";"1772794657788"
"478";"2026-03-06 07:58:37";"25.66";"69.5";"945.9200000000001";"3520";"6144";"-22.8222599029541";"-47.06569290161133";"617.5";"-107";"4.800000190734863";"22582";"1772794717796"
"479";"2026-03-06 07:59:37";"25.72";"70";"945.96";"3540";"6428";"-22.822277069091797";"-47.065704345703125";"619.7";"-109";"2.5";"22583";"1772794777819"
"480";"2026-03-06 08:00:37";"25.82";"70";"945.94";"3520";"6460";"-22.822265625";"-47.065696716308594";"619";"-106";"6";"22584";"1772794837823"
"481";"2026-03-06 08:01:37";"25.92";"69.5";"945.94";"3520";"6232";"-22.822294235229492";"-47.06570816040039";"621.7";"-109";"3";"22585";"1772794897813"
"482";"2026-03-06 08:02:37";"26.02";"69.5";"945.9";"3520";"6100";"-22.822298049926758";"-47.06572341918945";"622";"-105";"7";"22586";"1772794957791"
"483";"2026-03-06 08:03:37";"26.1";"69.5";"945.94";"3540";"6200";"-22.822288513183594";"-47.06571578979492";"621";"-106";"5.800000190734863";"22587";"1772795017841"
"484";"2026-03-06 08:04:37";"26.16";"69.5";"945.94";"3580";"6276";"-22.822282791137695";"-47.06572723388672";"617";"-107";"5";"22588";"1772795077787"
"485";"2026-03-06 08:05:37";"26.23";"69.5";"945.96";"3540";"6304";"-22.822250366210938";"-47.0656852722168";"618.5";"-108";"4.300000190734863";"22589";"1772795137790"
"486";"2026-03-06 08:06:37";"26.28";"69";"946.02";"3580";"6088";"-22.822240829467773";"-47.065711975097656";"614.9000000000001";"-107";"5";"22590";"1772795197793"
"487";"2026-03-06 08:07:37";"26.33";"69";"945.98";"3520";"5748";"-22.822250366210938";"-47.065696716308594";"617.9000000000001";"-114";"-6.5";"22591";"1772795257793"
"488";"2026-03-06 08:08:37";"26.35";"69";"946";"3500";"5528";"-22.822261810302734";"-47.06571578979492";"618";"-108";"4.300000190734863";"22592";"1772795317821"
"489";"2026-03-06 08:09:37";"26.34";"69";"946.02";"3540";"5364";"-22.822261810302734";"-47.065677642822266";"624.7";"-105";"6.800000190734863";"22593";"1772795377804"
"490";"2026-03-06 08:10:37";"26.35";"69";"946";"3520";"5276";"-22.822309494018555";"-47.06570053100586";"631.2";"-108";"3.799999952316284";"22594";"1772795437807"
"491";"2026-03-06 08:11:37";"26.38";"69";"946.04";"3520";"5240";"-22.822261810302734";"-47.065677642822266";"624.2";"-108";"4.800000190734863";"22595";"1772795497796"
"492";"2026-03-06 08:12:37";"26.42";"69";"946.02";"3520";"5256";"-22.82227325439453";"-47.065711975097656";"626";"-109";"4";"22596";"1772795557791"
"493";"2026-03-06 08:13:37";"26.43";"69";"946";"3540";"5308";"-22.82231330871582";"-47.06571578979492";"633";"-109";"3.299999952316284";"22597";"1772795617816"
"494";"2026-03-06 08:14:37";"26.48";"69";"946.04";"3520";"5376";"-22.8222713470459";"-47.0656852722168";"624.7";"-108";"3.799999952316284";"22598";"1772795677825"
"495";"2026-03-06 08:15:37";"26.54";"68.5";"946.0600000000001";"3520";"5472";"-22.822242736816406";"-47.065670013427734";"616";"-109";"3.5";"22599";"1772795737819"
"496";"2026-03-06 08:16:37";"26.61";"68.5";"946.02";"3520";"5560";"-22.82224464416504";"-47.0656852722168";"611.7";"-108";"4.300000190734863";"22600";"1772795797823"
"497";"2026-03-06 08:17:37";"26.68";"68.5";"945.98";"3520";"5688";"-22.822250366210938";"-47.06569290161133";"613";"-107";"5";"22601";"1772795857823"
"498";"2026-03-06 08:18:37";"26.75";"68.5";"945.94";"3580";"5884";"-22.822240829467773";"-47.0656623840332";"618.4000000000001";"-109";"3.799999952316284";"22602";"1772795917809"
"499";"2026-03-06 08:19:37";"26.82";"68.5";"945.94";"3560";"6140";"-22.822248458862305";"-47.065696716308594";"615";"-107";"4.800000190734863";"22603";"1772795977819"
"500";"2026-03-06 08:20:37";"26.88";"68";"945.96";"3520";"6476";"-22.82224464416504";"-47.06568908691406";"615.4000000000001";"-107";"4.5";"22604";"1772796037815"
"501";"2026-03-06 08:21:37";"26.96";"68";"945.96";"3540";"6828";"-22.822256088256836";"-47.06570053100586";"612.4";"-105";"7";"22605";"1772796097780"
"502";"2026-03-06 08:22:37";"27.05";"68";"945.96";"3520";"7108";"-22.82224464416504";"-47.06569290161133";"617.9000000000001";"-106";"5.5";"22606";"1772796157808"
"503";"2026-03-06 08:23:37";"27.14";"67.5";"945.98";"3540";"7332";"-22.822240829467773";"-47.065696716308594";"619.7";"-107";"5.5";"22607";"1772796217820"
"504";"2026-03-06 08:24:37";"27.22";"67.5";"945.98";"3520";"7592";"-22.822237014770508";"-47.06569290161133";"620.4000000000001";"-108";"4.300000190734863";"22608";"1772796277812"
"505";"2026-03-06 08:25:37";"27.29";"67.5";"945.98";"3580";"7844";"-22.822219848632812";"-47.065673828125";"622.4000000000001";"-106";"6";"22609";"1772796337812"
"506";"2026-03-06 08:26:37";"27.35";"67";"946.02";"3580";"8084";"-22.822223663330078";"-47.065696716308594";"621.5";"-109";"3.299999952316284";"22610";"1772796397812"
"507";"2026-03-06 08:27:37";"27.42";"67";"946.04";"3520";"8372";"-22.822240829467773";"-47.06568908691406";"625.9000000000001";"-106";"6.300000190734863";"22611";"1772796457818"
"508";"2026-03-06 08:28:37";"27.47";"67";"946.0600000000001";"3520";"8736";"-22.82222557067871";"-47.065704345703125";"629.2";"-109";"2.799999952316284";"22612";"1772796517807"
"509";"2026-03-06 08:29:37";"27.49";"67";"946.04";"3540";"9148";"-22.822233200073242";"-47.06570053100586";"631.2";"-107";"4.800000190734863";"22613";"1772796577820"
"510";"2026-03-06 08:30:37";"27.48";"67";"946.0600000000001";"3540";"9552";"-22.822237014770508";"-47.065704345703125";"625.5";"-107";"5";"22614";"1772796637805"
"511";"2026-03-06 08:31:37";"27.49";"67";"946.04";"3520";"9928";"-22.822216033935547";"-47.0656852722168";"622.5";"-107";"6";"22615";"1772796697811"
"512";"2026-03-06 08:32:37";"27.52";"66.5";"946.02";"3520";"10600";"-22.82219696044922";"-47.06565856933594";"625.7";"-107";"5.300000190734863";"22616";"1772796757783"
"513";"2026-03-06 08:33:37";"27.61";"66.5";"946.0600000000001";"3520";"13608";"-22.822206497192383";"-47.06565475463867";"623";"-109";"3.799999952316284";"22617";"1772796817805"
"514";"2026-03-06 08:34:37";"27.73";"66.5";"946.0600000000001";"3520";"13992";"-22.82219886779785";"-47.065608978271484";"628.4000000000001";"-106";"6.300000190734863";"22618";"1772796877817"
"515";"2026-03-06 08:35:37";"27.86";"66";"946.08";"3540";"11776";"-22.822206497192383";"-47.06563186645508";"624.7";"-106";"5.5";"22619";"1772796937781"
"516";"2026-03-06 08:36:37";"27.99";"66";"946.1";"3520";"11940";"-22.82221221923828";"-47.06562423706055";"626.2";"-107";"5.300000190734863";"22620";"1772796997810"
"517";"2026-03-06 08:37:37";"28.15";"65.5";"946.1";"3520";"12048";"-22.822221755981445";"-47.06559753417969";"633.2";"-107";"5.300000190734863";"22621";"1772797057818"
"518";"2026-03-06 08:38:37";"28.32";"65";"946.14";"3540";"12112";"-22.82219696044922";"-47.06562805175781";"628.2";"-106";"6";"22622";"1772797117812"
"519";"2026-03-06 08:39:37";"28.47";"64.5";"946.1";"3540";"11828";"-22.82222557067871";"-47.0656623840332";"625.2";"-107";"5.300000190734863";"22623";"1772797177800"
"520";"2026-03-06 08:40:37";"28.53";"64.5";"946.08";"3540";"11376";"-22.822227478027344";"-47.06566619873047";"620.9000000000001";"-106";"5.800000190734863";"22624";"1772797237807"
"521";"2026-03-06 08:41:37";"28.6";"64.5";"946.12";"3520";"11844";"-22.822216033935547";"-47.06564712524414";"621";"-107";"4.800000190734863";"22625";"1772797297846"
"522";"2026-03-06 08:42:37";"28.72";"64";"946.1";"3540";"12036";"-22.822229385375977";"-47.06566619873047";"627.2";"-107";"5";"22626";"1772797357808"
"523";"2026-03-06 08:43:37";"28.87";"64";"946.08";"3560";"11576";"-22.822195053100586";"-47.06562423706055";"636.5";"-109";"2.799999952316284";"22627";"1772797417803"
"524";"2026-03-06 08:44:37";"28.99";"63.5";"946.1";"3520";"11280";"-22.822221755981445";"-47.06565475463867";"631";"-107";"5.5";"22628";"1772797477799"
"525";"2026-03-06 08:45:37";"29.09";"63.5";"946.04";"3540";"10912";"-22.822223663330078";"-47.0656852722168";"622.5";"-105";"6.5";"22629";"1772797537776"
"526";"2026-03-06 08:46:37";"29.15";"63.5";"946.04";"3580";"10168";"-22.82219123840332";"-47.065650939941406";"635.2";"-104";"7.300000190734863";"22630";"1772797597851"
"527";"2026-03-06 08:47:37";"29.22";"63";"946.0600000000001";"3540";"9956";"-22.822193145751953";"-47.06563186645508";"637.2";"-105";"6.5";"22631";"1772797657804"
"528";"2026-03-06 08:48:37";"29.32";"63";"946.0600000000001";"3540";"9616";"-22.82219696044922";"-47.065616607666016";"632";"-107";"4.800000190734863";"22632";"1772797717811"
"529";"2026-03-06 08:49:37";"29.33";"63";"946.0600000000001";"3520";"9444";"-22.82221031188965";"-47.065616607666016";"631.7";"-107";"5";"22633";"1772797777815"
"530";"2026-03-06 08:50:37";"29.36";"63";"946.0600000000001";"3540";"9836";"-22.822219848632812";"-47.0656623840332";"625";"-105";"7";"22634";"1772797837779"
"531";"2026-03-06 08:51:37";"29.5";"63";"946.02";"3560";"9824";"-22.822229385375977";"-47.0656623840332";"624.7";"-106";"6.300000190734863";"22635";"1772797897819"
"532";"2026-03-06 08:52:37";"29.65";"62.5";"946.04";"3560";"9864";"-22.822216033935547";"-47.06564712524414";"629.2";"-108";"3.799999952316284";"22636";"1772797957824"
"533";"2026-03-06 08:53:37";"29.82";"62";"946.08";"3560";"10208";"-22.822216033935547";"-47.06566619873047";"625.9000000000001";"-105";"6.800000190734863";"22637";"1772798017787"
"534";"2026-03-06 08:54:37";"29.98";"62";"946.0600000000001";"3500";"10228";"-22.822233200073242";"-47.06570053100586";"617.5";"-106";"5.800000190734863";"22638";"1772798077782"
"535";"2026-03-06 08:55:37";"30.12";"61.5";"946.0600000000001";"3520";"9776";"-22.82223129272461";"-47.06562805175781";"633.2";"-105";"7";"22639";"1772798137784"
"536";"2026-03-06 08:56:37";"30.31";"61.5";"946.1";"3540";"9404";"-22.822242736816406";"-47.06565475463867";"632.4000000000001";"-103";"8.300000190734863";"22640";"1772798197803"
"537";"2026-03-06 08:57:37";"30.46";"61";"946.08";"3580";"9632";"-22.822246551513672";"-47.0656852722168";"631.7";"-106";"6.5";"22641";"1772798257800"
"538";"2026-03-06 08:58:37";"30.62";"60.5";"946.0600000000001";"3560";"9488";"-22.822263717651367";"-47.06571578979492";"626.5";"-105";"6.800000190734863";"22642";"1772798317806"
"539";"2026-03-06 08:59:37";"30.75";"60.5";"946.02";"3520";"9624";"-22.822240829467773";"-47.065677642822266";"636.2";"-106";"6.300000190734863";"22643";"1772798377812"
"540";"2026-03-06 09:00:37";"30.86";"60";"946.0600000000001";"3540";"10212";"-22.82222557067871";"-47.065650939941406";"632.7";"-106";"5.800000190734863";"22644";"1772798437807"
"541";"2026-03-06 09:01:37";"31.01";"60";"946.02";"3540";"10860";"-22.822240829467773";"-47.06568145751953";"628.5";"-107";"4.800000190734863";"22645";"1772798497817"
"542";"2026-03-06 09:02:37";"31.16";"59.5";"946.1";"3540";"10220";"-22.822254180908203";"-47.065704345703125";"620";"-106";"6";"22646";"1772798557814"
"543";"2026-03-06 09:03:37";"31.24";"59.5";"946.08";"3540";"11392";"-22.822246551513672";"-47.06570053100586";"619";"-105";"7";"22647";"1772798617815"
"544";"2026-03-06 09:04:37";"31.36";"59";"946.14";"3580";"12768";"-22.822235107421875";"-47.065673828125";"622";"-107";"4.800000190734863";"22648";"1772798677811"
"545";"2026-03-06 09:05:37";"31.5";"59";"946.12";"3560";"15448";"-22.822275161743164";"-47.0656852722168";"629.5";"-106";"5.800000190734863";"22649";"1772798737809"
"546";"2026-03-06 09:06:37";"31.73";"58.5";"946.12";"3600";"38620";"-22.822269439697266";"-47.06559753417969";"643";"-105";"6.800000190734863";"22650";"1772798797816"
"547";"2026-03-06 09:07:37";"31.93";"58.5";"946.12";"3560";"60192";"-22.822263717651367";"-47.06561279296875";"635";"-106";"6.800000190734863";"22651";"1772798857832"
"548";"2026-03-06 09:08:37";"32.2";"58";"946.12";"3560";"62452";"-22.82225799560547";"-47.065643310546875";"624.7";"-104";"8";"22652";"1772798917815"
"549";"2026-03-06 09:09:37";"32.51";"57.5";"946.16";"3540";"62264";"-22.822229385375977";"-47.065650939941406";"618.2";"-103";"8.5";"22653";"1772798977786"
"550";"2026-03-06 09:10:37";"32.86";"57";"946.22";"3560";"55812";"-22.822248458862305";"-47.065696716308594";"611.5";"-103";"8.300000190734863";"22654";"1772799037814"
"551";"2026-03-06 09:11:37";"33.13";"56.5";"946.1800000000001";"3580";"46868";"-22.822237014770508";"-47.0656852722168";"610.5";"-104";"7.300000190734863";"22655";"1772799097806"
"552";"2026-03-06 09:12:37";"33.33";"56";"946.1800000000001";"3600";"61884";"-22.822235107421875";"-47.06568908691406";"608";"-104";"8.300000190734863";"22656";"1772799157811"
"553";"2026-03-06 09:13:37";"33.6";"55.5";"946.2";"3580";"58476";"-22.822219848632812";"-47.065650939941406";"615.2";"-107";"4.800000190734863";"22657";"1772799217806"
"554";"2026-03-06 09:14:37";"33.88";"55";"946.2";"3580";"56832";"-22.822233200073242";"-47.0656623840332";"609.2";"-104";"7.800000190734863";"22658";"1772799277822"
"555";"2026-03-06 09:15:37";"34.1";"54.5";"946.2";"3600";"53356";"-22.822233200073242";"-47.06563949584961";"614.2";"-105";"6.5";"22659";"1772799337822"
"556";"2026-03-06 09:16:37";"34.39";"54";"946.2";"3660";"58488";"-22.82225227355957";"-47.06562042236328";"619.7";"-107";"4.5";"22660";"1772799397796"
"557";"2026-03-06 09:17:37";"34.7";"54";"946.24";"3640";"50172";"-22.822269439697266";"-47.06558609008789";"623.2";"-105";"7.300000190734863";"22661";"1772799457796"
"558";"2026-03-06 09:18:37";"34.95";"53.5";"946.24";"3600";"51192";"-22.82225227355957";"-47.06561279296875";"618.7";"-103";"8.800000190734863";"22662";"1772799517811"
"559";"2026-03-06 09:19:37";"35.13";"53";"946.26";"3680";"52632";"-22.822240829467773";"-47.06564712524414";"616";"-105";"6.5";"22663";"1772799577804"
"560";"2026-03-06 09:20:37";"35.25";"52.5";"946.26";"3600";"51164";"-22.822219848632812";"-47.06562805175781";"617.7";"-106";"6.300000190734863";"22664";"1772799637816"
"561";"2026-03-06 09:21:37";"35.38";"52.5";"946.32";"3620";"44304";"-22.822214126586914";"-47.06565475463867";"615.2";"-107";"4.800000190734863";"22665";"1772799697788"
"562";"2026-03-06 09:22:37";"35.49";"52.5";"946.3000000000001";"3600";"40860";"-22.822227478027344";"-47.06568908691406";"611.2";"-104";"7.800000190734863";"22666";"1772799757813"
"563";"2026-03-06 09:23:37";"35.6";"52.5";"946.3000000000001";"3620";"36124";"-22.822206497192383";"-47.0656623840332";"612.4";"-104";"8";"22667";"1772799817804"
"564";"2026-03-06 09:24:37";"35.65";"52.5";"946.36";"3660";"32488";"-22.822216033935547";"-47.06569290161133";"611.4";"-105";"7.300000190734863";"22668";"1772799877798"
"565";"2026-03-06 09:25:37";"35.74";"52.5";"946.32";"3620";"36004";"-22.822208404541016";"-47.065696716308594";"608.7";"-105";"7";"22669";"1772799937782"
"566";"2026-03-06 09:26:37";"35.72";"52.5";"946.4";"3600";"32492";"-22.82221221923828";"-47.06570816040039";"607.5";"-104";"7.5";"22670";"1772799997815"
"567";"2026-03-06 09:27:37";"35.52";"52.5";"946.38";"3580";"27708";"-22.82219123840332";"-47.06568908691406";"610.2";"-102";"9.300000190734863";"22671";"1772800057809"
"568";"2026-03-06 09:28:37";"35.26";"53";"946.36";"3580";"42500";"-22.82219696044922";"-47.06568908691406";"616.4000000000001";"-103";"8.800000190734863";"22672";"1772800117788"
"569";"2026-03-06 09:29:37";"35.11";"53.5";"946.34";"3600";"24508";"-22.82217788696289";"-47.06568145751953";"605";"-104";"7.800000190734863";"22673";"1772800177782"
"570";"2026-03-06 09:30:37";"34.98";"53.5";"946.34";"3600";"21432";"-22.82217025756836";"-47.065677642822266";"601.2";"-103";"8.800000190734863";"22674";"1772800237787"
"571";"2026-03-06 09:31:37";"34.78";"54";"946.4";"3560";"19348";"-22.822216033935547";"-47.06568145751953";"604.7";"-107";"5";"22675";"1772800297816"
"572";"2026-03-06 09:32:37";"34.55";"54";"946.32";"3620";"20636";"-22.82221221923828";"-47.0656623840332";"607.5";"-105";"7.300000190734863";"22676";"1772800357819"
"573";"2026-03-06 09:33:37";"34.29";"54.5";"946.3000000000001";"3620";"27360";"-22.822202682495117";"-47.0656623840332";"613.7";"-104";"7.5";"22677";"1772800417803"
"574";"2026-03-06 09:34:37";"34.35";"54.5";"946.28";"3620";"37988";"-22.822200775146484";"-47.06564712524414";"615.2";"-107";"5.800000190734863";"22678";"1772800477818"
"575";"2026-03-06 09:35:37";"34.47";"54";"946.26";"3620";"41564";"-22.822216033935547";"-47.065643310546875";"619";"-104";"8";"22679";"1772800537841"
"576";"2026-03-06 09:36:37";"34.73";"54";"946.28";"3620";"40068";"-22.82221031188965";"-47.06563186645508";"622.5";"-102";"9.300000190734863";"22680";"1772800597820"
"577";"2026-03-06 09:37:37";"35.04";"53";"946.3000000000001";"3600";"35216";"-22.822206497192383";"-47.06564712524414";"617.4000000000001";"-103";"8.300000190734863";"22681";"1772800657780"
"578";"2026-03-06 09:38:37";"35.3";"52.5";"946.26";"3600";"36316";"-22.822229385375977";"-47.06566619873047";"615.4000000000001";"-103";"8.300000190734863";"22682";"1772800717799"
"579";"2026-03-06 09:39:37";"35.62";"52";"946.22";"3660";"38236";"-22.822208404541016";"-47.0656623840332";"615.5";"-103";"8.5";"22683";"1772800777809"
"580";"2026-03-06 09:40:37";"35.98";"51.5";"946.2";"3620";"36784";"-22.822202682495117";"-47.065670013427734";"616";"-107";"5";"22684";"1772800837805"
"581";"2026-03-06 09:41:37";"36.29";"51";"946.16";"3620";"35636";"-22.822189331054688";"-47.065673828125";"607.7";"-102";"9.300000190734863";"22685";"1772800897786"
"582";"2026-03-06 09:42:37";"36.56";"50.5";"946.16";"3680";"34576";"-22.822185516357422";"-47.06565856933594";"607.2";"-103";"8.800000190734863";"22686";"1772800957805"
"583";"2026-03-06 09:43:37";"36.81";"50";"946.2";"3640";"34340";"-22.822189331054688";"-47.06565856933594";"603.9";"-103";"8.800000190734863";"22687";"1772801017817"
"584";"2026-03-06 09:44:37";"37.07";"50";"946.2";"3700";"34784";"-22.822200775146484";"-47.0656852722168";"606.7";"-107";"5.300000190734863";"22688";"1772801077829"
"585";"2026-03-06 09:45:37";"37.36";"49.5";"946.1800000000001";"3640";"36224";"-22.822202682495117";"-47.06568908691406";"604.5";"-104";"8.5";"22689";"1772801137777"
"586";"2026-03-06 09:46:37";"37.45";"49";"946.2";"3640";"36428";"-22.82220458984375";"-47.065673828125";"610";"-106";"6.5";"22690";"1772801197784"
"587";"2026-03-06 09:47:37";"37.61";"49";"946.24";"3720";"37396";"-22.82220458984375";"-47.065673828125";"612.5";"-103";"8.5";"22691";"1772801257793"
"588";"2026-03-06 09:48:37";"37.87";"49";"946.26";"3660";"37920";"-22.82221221923828";"-47.06566619873047";"611.5";"-104";"7.300000190734863";"22692";"1772801317810"
"589";"2026-03-06 09:49:37";"38.06";"48.5";"946.32";"3640";"38256";"-22.822223663330078";"-47.06564712524414";"615.2";"-104";"8.5";"22693";"1772801377810"
"590";"2026-03-06 09:50:37";"38.16";"48.5";"946.28";"3640";"37972";"-22.82224464416504";"-47.06562423706055";"619.2";"-102";"9";"22694";"1772801437785"
"591";"2026-03-06 09:51:37";"38.14";"48";"946.28";"3700";"37524";"-22.822242736816406";"-47.06559371948242";"626";"-103";"8.5";"22695";"1772801497809"
"592";"2026-03-06 09:52:37";"38.18";"48.5";"946.3000000000001";"3720";"36856";"-22.822227478027344";"-47.065608978271484";"623.2";"-100";"10.300000190734863";"22696";"1772801557829"
"593";"2026-03-06 09:53:37";"38.31";"48";"946.28";"3660";"36060";"-22.82221031188965";"-47.06563949584961";"617.4000000000001";"-105";"7.300000190734863";"22697";"1772801617817"
"594";"2026-03-06 09:54:37";"38.55";"47.5";"946.34";"3660";"35260";"-22.822200775146484";"-47.065643310546875";"616.4000000000001";"-103";"7.800000190734863";"22698";"1772801677820"
"595";"2026-03-06 09:55:37";"38.77";"47";"946.32";"3680";"34532";"-22.82219696044922";"-47.065643310546875";"613";"-103";"8.5";"22699";"1772801737818"
"596";"2026-03-06 09:56:37";"38.97";"46.5";"946.34";"3680";"34408";"-22.82221794128418";"-47.06562805175781";"610.2";"-109";"3.5";"22700";"1772801797788"
"597";"2026-03-06 09:57:37";"39.18";"46";"946.36";"3700";"34528";"-22.82222557067871";"-47.06563186645508";"615";"-103";"8.800000190734863";"22701";"1772801857826"
"598";"2026-03-06 09:58:37";"39.35";"46";"946.4";"3720";"34780";"-22.82219886779785";"-47.065643310546875";"613.2";"-102";"9";"22702";"1772801917812"
"599";"2026-03-06 09:59:37";"39.44";"45.5";"946.4200000000001";"3720";"35308";"-22.822175979614258";"-47.06562423706055";"611.7";"-103";"8.5";"22703";"1772801977821"
"600";"2026-03-06 10:00:37";"39.5";"45.5";"946.44";"3740";"34276";"-22.822189331054688";"-47.06561279296875";"615.9000000000001";"-107";"5.5";"22704";"1772802037822"
"601";"2026-03-06 10:01:37";"39.56";"45";"946.4200000000001";"3740";"26504";"-22.82217788696289";"-47.06562805175781";"614.7";"-103";"8.5";"22705";"1772802097803"
"602";"2026-03-06 10:02:37";"39.57";"45";"946.4";"3740";"27592";"-22.822200775146484";"-47.065635681152344";"615.4000000000001";"-102";"8.800000190734863";"22706";"1772802157803"
"603";"2026-03-06 10:03:37";"39.54";"45";"946.38";"3760";"20544";"-22.82222557067871";"-47.06565475463867";"614.5";"-101";"10.300000190734863";"22707";"1772802217816"
"604";"2026-03-06 10:04:37";"39.46";"45.5";"946.36";"3760";"17776";"-22.822250366210938";"-47.06565856933594";"616.4000000000001";"-102";"9";"22708";"1772802277827"
"605";"2026-03-06 10:05:37";"39.45";"45.5";"946.38";"3680";"18288";"-22.822227478027344";"-47.065673828125";"614.4000000000001";"-103";"8.800000190734863";"22709";"1772802337816"
"606";"2026-03-06 10:06:37";"39.34";"45.5";"946.36";"3700";"13924";"-22.822216033935547";"-47.065673828125";"615.9000000000001";"-104";"7.800000190734863";"22710";"1772802397832"
"607";"2026-03-06 10:07:37";"39.24";"45.5";"946.32";"3700";"13740";"-22.82221221923828";"-47.0656852722168";"614.4000000000001";"-102";"9";"22711";"1772802457816"
"608";"2026-03-06 10:08:37";"39.18";"45.5";"946.36";"3740";"13824";"-22.822219848632812";"-47.06569290161133";"612.7";"-102";"9";"22712";"1772802517819"
"609";"2026-03-06 10:09:37";"39.14";"46";"946.34";"3700";"14088";"-22.82221794128418";"-47.06570816040039";"612";"-104";"8.300000190734863";"22713";"1772802577807"
"610";"2026-03-06 10:10:37";"39.15";"45.5";"946.38";"3700";"14984";"-22.822221755981445";"-47.06568908691406";"612.7";"-102";"8.800000190734863";"22714";"1772802637815"
"611";"2026-03-06 10:11:37";"39.11";"45.5";"946.34";"3680";"14856";"-22.822219848632812";"-47.065670013427734";"612.7";"-103";"8.300000190734863";"22715";"1772802697828"
"612";"2026-03-06 10:12:37";"38.86";"46";"946.34";"3720";"14716";"-22.822229385375977";"-47.06568908691406";"611";"-100";"10";"22716";"1772802757825"
"613";"2026-03-06 10:13:37";"38.6";"46.5";"946.32";"3660";"14720";"-22.82222557067871";"-47.0656623840332";"613.7";"-102";"9.300000190734863";"22717";"1772802817837"
"614";"2026-03-06 10:14:37";"38.35";"47";"946.32";"3660";"14920";"-22.822256088256836";"-47.06568145751953";"614.7";"-103";"8.5";"22718";"1772802877819"
"615";"2026-03-06 10:15:37";"38.18";"47.5";"946.34";"3680";"15112";"-22.822282791137695";"-47.06568145751953";"619.2";"-104";"7.300000190734863";"22719";"1772802937825"
"616";"2026-03-06 10:16:37";"38.07";"47.5";"946.28";"3700";"15316";"-22.822288513183594";"-47.06570053100586";"620.2";"-105";"7";"22720";"1772802997820"
"617";"2026-03-06 10:17:37";"37.94";"47.5";"946.3000000000001";"3680";"15388";"-22.822267532348633";"-47.065711975097656";"621.5";"-102";"9.5";"22721";"1772803057824"
"618";"2026-03-06 10:18:37";"37.87";"47.5";"946.32";"3720";"15612";"-22.822254180908203";"-47.06569290161133";"615.5";"-104";"8";"22722";"1772803117816"
"619";"2026-03-06 10:19:37";"37.86";"47.5";"946.32";"3700";"15748";"-22.822248458862305";"-47.06570053100586";"615.5";"-103";"8.300000190734863";"22723";"1772803177816"
"620";"2026-03-06 10:20:37";"37.83";"47";"946.36";"3760";"15780";"-22.822240829467773";"-47.065704345703125";"615.4000000000001";"-108";"4.800000190734863";"22724";"1772803237828"
"621";"2026-03-06 10:21:37";"37.67";"47.5";"946.36";"3680";"15720";"-22.8222599029541";"-47.06572341918945";"619";"-100";"10.300000190734863";"22725";"1772803297834"
"622";"2026-03-06 10:22:37";"37.5";"47.5";"946.34";"3680";"15340";"-22.822242736816406";"-47.06571960449219";"624";"-102";"8.5";"22726";"1772803357829"
"623";"2026-03-06 10:23:37";"37.38";"47.5";"946.34";"3700";"15384";"-22.82221031188965";"-47.065704345703125";"618.7";"-103";"8.300000190734863";"22727";"1772803417825"
"624";"2026-03-06 10:24:37";"37.31";"47.5";"946.36";"3680";"15268";"-22.82219696044922";"-47.06568908691406";"616.9000000000001";"-103";"8.800000190734863";"22728";"1772803477797"
"625";"2026-03-06 10:25:37";"37.23";"48";"946.38";"3740";"15516";"-22.82222557067871";"-47.06569290161133";"616.5";"-103";"8.800000190734863";"22729";"1772803537825"
"626";"2026-03-06 10:26:37";"37.18";"47.5";"946.34";"3700";"15388";"-22.822208404541016";"-47.065673828125";"617.7";"-100";"10.300000190734863";"22730";"1772803597829"
"627";"2026-03-06 10:27:37";"37.21";"47.5";"946.4200000000001";"3720";"15328";"-22.822237014770508";"-47.06566619873047";"623.4000000000001";"-102";"9";"22731";"1772803657817"
"628";"2026-03-06 10:28:37";"37.22";"47.5";"946.36";"3720";"15356";"-22.822227478027344";"-47.065677642822266";"620.5";"-103";"8.800000190734863";"22732";"1772803717824"
"629";"2026-03-06 10:29:37";"37.18";"47";"946.36";"3700";"15348";"-22.822219848632812";"-47.06568908691406";"619.7";"-102";"8.800000190734863";"22733";"1772803777826"
"630";"2026-03-06 10:30:37";"37.13";"47.5";"946.38";"3680";"15072";"-22.822214126586914";"-47.065696716308594";"620.9000000000001";"-102";"9";"22734";"1772803837828"
"631";"2026-03-06 10:31:37";"37.05";"47.5";"946.36";"3740";"14744";"-22.822250366210938";"-47.065711975097656";"623.2";"-103";"8.800000190734863";"22735";"1772803897818"
"632";"2026-03-06 10:32:37";"36.92";"47.5";"946.38";"3700";"14268";"-22.822223663330078";"-47.065696716308594";"618.4000000000001";"-103";"8.5";"22736";"1772803957834"
"633";"2026-03-06 10:33:37";"36.83";"47.5";"946.34";"3700";"13976";"-22.82223892211914";"-47.065711975097656";"619.9000000000001";"-101";"9.5";"22737";"1772804017827"
"634";"2026-03-06 10:34:37";"36.83";"47.5";"946.38";"3700";"14360";"-22.822200775146484";"-47.06568145751953";"616.7";"-105";"7";"22738";"1772804077822"
"635";"2026-03-06 10:35:37";"36.81";"47";"946.4";"3760";"14600";"-22.822195053100586";"-47.0656852722168";"617.7";"-102";"8.800000190734863";"22739";"1772804137827"
"636";"2026-03-06 10:36:37";"36.81";"47";"946.38";"3680";"14672";"-22.82219696044922";"-47.0656852722168";"619.7";"-101";"9";"22740";"1772804197836"
"637";"2026-03-06 10:37:37";"36.82";"47";"946.48";"3760";"14632";"-22.82221794128418";"-47.06566619873047";"620.4000000000001";"-103";"9";"22741";"1772804257831"
"638";"2026-03-06 10:38:37";"36.85";"47";"946.46";"3700";"14640";"-22.822216033935547";"-47.065673828125";"619.5";"-105";"6.5";"22742";"1772804317827"
"639";"2026-03-06 10:39:37";"36.77";"47";"946.46";"3700";"14652";"-22.82221221923828";"-47.06563949584961";"620.7";"-101";"9.300000190734863";"22743";"1772804377834"
"640";"2026-03-06 10:40:37";"36.64";"47";"946.4";"3760";"14652";"-22.822214126586914";"-47.06568145751953";"619.5";"-101";"9.300000190734863";"22744";"1772804437785"
"641";"2026-03-06 10:41:37";"36.5";"47";"946.4200000000001";"3720";"14676";"-22.822200775146484";"-47.065650939941406";"620.4000000000001";"-100";"10";"22745";"1772804497842"
"642";"2026-03-06 10:42:37";"36.39";"47.5";"946.5";"3700";"14720";"-22.82221031188965";"-47.06565856933594";"625.5";"-102";"9.300000190734863";"22746";"1772804557783"
"643";"2026-03-06 10:43:37";"36.39";"47";"946.46";"3720";"14744";"-22.82219886779785";"-47.065670013427734";"622.2";"-102";"9";"22747";"1772804617792"
"644";"2026-03-06 10:44:37";"36.37";"47";"946.38";"3700";"14620";"-22.822216033935547";"-47.06568145751953";"623";"-102";"9";"22748";"1772804677802"
"645";"2026-03-06 10:45:37";"36.31";"47";"946.46";"3720";"14692";"-22.822216033935547";"-47.0656623840332";"618.9000000000001";"-102";"9.300000190734863";"22749";"1772804737814"
"646";"2026-03-06 10:46:37";"36.23";"47.5";"946.4";"3720";"14824";"-22.822193145751953";"-47.065673828125";"620.7";"-100";"10.300000190734863";"22750";"1772804797823"
"647";"2026-03-06 10:47:37";"36.21";"47.5";"946.44";"3760";"15068";"-22.82222557067871";"-47.065677642822266";"623.7";"-99";"10.300000190734863";"22751";"1772804857829"
"648";"2026-03-06 10:48:37";"36.22";"47";"946.4200000000001";"3720";"15376";"-22.822242736816406";"-47.06565475463867";"629.7";"-101";"9.5";"22752";"1772804917791"
"649";"2026-03-06 10:49:37";"36.27";"47";"946.48";"3700";"15224";"-22.82223129272461";"-47.065650939941406";"628.5";"-101";"10.300000190734863";"22753";"1772804977823"
"650";"2026-03-06 10:50:37";"36.32";"47";"946.46";"3740";"15312";"-22.822223663330078";"-47.06568908691406";"620";"-102";"9";"22754";"1772805037814"
"651";"2026-03-06 10:51:37";"36.35";"47";"946.44";"3800";"15712";"-22.82223129272461";"-47.06568908691406";"615.9000000000001";"-101";"9.800000190734863";"22755";"1772805097815"
"652";"2026-03-06 10:52:37";"36.33";"46.5";"946.4200000000001";"3760";"16380";"-22.822246551513672";"-47.06570053100586";"614.2";"-100";"10";"22756";"1772805157820"
"653";"2026-03-06 10:53:37";"36.36";"46.5";"946.44";"3760";"16500";"-22.822235107421875";"-47.06570053100586";"612.5";"-102";"9.300000190734863";"22757";"1772805217814"
"654";"2026-03-06 10:54:37";"36.43";"46.5";"946.36";"3740";"16616";"-22.822221755981445";"-47.06568145751953";"608.5";"-101";"10";"22758";"1772805277822"
"655";"2026-03-06 10:55:37";"36.53";"46";"946.34";"3740";"16544";"-22.822214126586914";"-47.0656852722168";"611.2";"-101";"10";"22759";"1772805337827"
"656";"2026-03-06 10:56:37";"36.71";"45.5";"946.36";"3760";"16888";"-22.822200775146484";"-47.065670013427734";"612";"-101";"9.800000190734863";"22760";"1772805397785"
"657";"2026-03-06 10:57:37";"36.93";"45.5";"946.36";"3820";"16880";"-22.82223892211914";"-47.06565475463867";"624.5";"-108";"4.300000190734863";"22761";"1772805457815"
"658";"2026-03-06 10:58:37";"37.09";"45";"946.32";"3760";"16668";"-22.822237014770508";"-47.0656623840332";"622.7";"-103";"8.5";"22762";"1772805517818"
"659";"2026-03-06 10:59:37";"37.15";"45";"946.32";"3760";"16992";"-22.822216033935547";"-47.06565856933594";"623.5";"-103";"8.5";"22763";"1772805577816"
"660";"2026-03-06 11:00:37";"37.07";"44.5";"946.3000000000001";"3780";"17072";"-22.82221794128418";"-47.065643310546875";"624.5";"-103";"8.300000190734863";"22764";"1772805637792"
"661";"2026-03-06 11:01:37";"36.97";"44.5";"946.26";"3760";"16868";"-22.822216033935547";"-47.06564712524414";"626.4000000000001";"-104";"8.300000190734863";"22765";"1772805697821"
"662";"2026-03-06 11:02:37";"36.9";"45";"946.26";"3820";"16572";"-22.82222557067871";"-47.065643310546875";"630.9000000000001";"-100";"10";"22766";"1772805757817"
"663";"2026-03-06 11:03:37";"36.9";"45";"946.26";"3820";"16492";"-22.822250366210938";"-47.065643310546875";"626.4000000000001";"-102";"9.300000190734863";"22767";"1772805817790"
"664";"2026-03-06 11:04:37";"36.99";"45";"946.26";"3740";"16488";"-22.82224464416504";"-47.06565856933594";"626.9000000000001";"-101";"9.5";"22768";"1772805877811"
"665";"2026-03-06 11:05:37";"37.11";"45";"946.24";"3760";"16244";"-22.82223892211914";"-47.06565475463867";"626.7";"-102";"9";"22769";"1772805937812"
"666";"2026-03-06 11:06:37";"37.21";"44.5";"946.22";"3780";"15940";"-22.822227478027344";"-47.065635681152344";"628.7";"-101";"8.800000190734863";"22770";"1772805997817"
"667";"2026-03-06 11:07:37";"37.39";"44.5";"946.22";"3780";"16096";"-22.82220458984375";"-47.06562805175781";"629.4000000000001";"-103";"8.5";"22771";"1772806057811"
"668";"2026-03-06 11:08:37";"37.59";"44";"946.22";"3760";"15668";"-22.822221755981445";"-47.065635681152344";"626.7";"-100";"10.300000190734863";"22772";"1772806117778"
"669";"2026-03-06 11:09:37";"37.7";"44";"946.24";"3780";"15888";"-22.822256088256836";"-47.06568145751953";"616.5";"-103";"8.300000190734863";"22773";"1772806177806"
"670";"2026-03-06 11:10:37";"37.67";"44";"946.24";"3800";"15792";"-22.82227897644043";"-47.06568145751953";"625.2";"-99";"10.5";"22774";"1772806237784"
"671";"2026-03-06 11:11:37";"37.55";"44";"946.24";"3780";"15724";"-22.82224464416504";"-47.0656623840332";"622.2";"-100";"10.300000190734863";"22775";"1772806297812"
"672";"2026-03-06 11:12:37";"37.52";"44";"946.26";"3740";"15592";"-22.822233200073242";"-47.06566619873047";"618.9000000000001";"-101";"9.5";"22776";"1772806357782"
"673";"2026-03-06 11:13:37";"37.47";"44";"946.24";"3780";"15556";"-22.822261810302734";"-47.06566619873047";"622.5";"-102";"9";"22777";"1772806417816"
"674";"2026-03-06 11:14:37";"37.48";"44.5";"946.3000000000001";"3780";"15556";"-22.822261810302734";"-47.065673828125";"622.7";"-100";"10.300000190734863";"22778";"1772806477812"
"675";"2026-03-06 11:15:37";"37.53";"44";"946.3000000000001";"3780";"15580";"-22.822242736816406";"-47.06566619873047";"624.9000000000001";"-100";"10.5";"22779";"1772806537835"
"676";"2026-03-06 11:16:37";"37.51";"44";"946.3000000000001";"3840";"15420";"-22.822227478027344";"-47.06564712524414";"627.9000000000001";"-101";"9.800000190734863";"22780";"1772806597850"
"677";"2026-03-06 11:17:37";"37.51";"44.5";"946.26";"3780";"15076";"-22.822250366210938";"-47.06560134887695";"639.7";"-100";"10.300000190734863";"22781";"1772806657782"
"678";"2026-03-06 11:18:37";"37.56";"44";"946.28";"3780";"14940";"-22.822248458862305";"-47.06558609008789";"640.7";"-102";"8.800000190734863";"22782";"1772806717787"
"679";"2026-03-06 11:19:37";"37.63";"44";"946.28";"3780";"15084";"-22.822240829467773";"-47.06562805175781";"637.4000000000001";"-102";"8.800000190734863";"22783";"1772806777801"
"680";"2026-03-06 11:20:37";"37.59";"44";"946.24";"3780";"15024";"-22.822235107421875";"-47.065643310546875";"632.5";"-102";"9.5";"22784";"1772806837782"
"681";"2026-03-06 11:21:37";"37.47";"44";"946.28";"3780";"14932";"-22.822246551513672";"-47.06563949584961";"632.7";"-101";"10.300000190734863";"22785";"1772806897806"
"682";"2026-03-06 11:22:37";"37.3";"44";"946.22";"3780";"15508";"-22.8222599029541";"-47.065670013427734";"627.5";"-104";"8.5";"22786";"1772806957791"
"683";"2026-03-06 11:23:37";"37.17";"44.5";"946.1800000000001";"3820";"14716";"-22.82225227355957";"-47.06564712524414";"628.7";"-102";"9.300000190734863";"22787";"1772807017813"
"684";"2026-03-06 11:24:37";"37.05";"44.5";"946.24";"3840";"14472";"-22.82225799560547";"-47.065670013427734";"625";"-100";"10.5";"22788";"1772807077800"
"685";"2026-03-06 11:25:37";"37";"45";"946.22";"3780";"14364";"-22.82223892211914";"-47.065670013427734";"624.7";"-101";"9.5";"22789";"1772807137818"
"686";"2026-03-06 11:26:37";"37.02";"45";"946.24";"3760";"14104";"-22.822248458862305";"-47.065677642822266";"623.2";"-101";"9.5";"22790";"1772807197822"
"687";"2026-03-06 11:27:37";"37.15";"44.5";"946.24";"3800";"13988";"-22.822277069091797";"-47.065704345703125";"627.5";"-101";"10";"22791";"1772807257775"
"688";"2026-03-06 11:28:37";"37.33";"44.5";"946.24";"3820";"14096";"-22.822298049926758";"-47.06568908691406";"635.2";"-101";"9.800000190734863";"22792";"1772807317812"
"689";"2026-03-06 11:29:37";"37.43";"44";"946.26";"3800";"14084";"-22.822330474853516";"-47.06568145751953";"641";"-103";"8.800000190734863";"22793";"1772807377813"
"690";"2026-03-06 11:30:37";"37.45";"44";"946.2";"3800";"14136";"-22.822298049926758";"-47.065670013427734";"634.2";"-102";"9";"22794";"1772807437811"
"691";"2026-03-06 11:31:37";"37.49";"44";"946.2";"3800";"14268";"-22.822265625";"-47.0656623840332";"629.5";"-103";"8.5";"22795";"1772807497812"
"692";"2026-03-06 11:32:37";"37.51";"43.5";"946.2";"3880";"14772";"-22.822242736816406";"-47.06566619873047";"629.7";"-101";"9.5";"22796";"1772807557843"
"693";"2026-03-06 11:33:37";"37.51";"43.5";"946.22";"3840";"14556";"-22.822235107421875";"-47.06568145751953";"627";"-101";"9.5";"22797";"1772807617775"
"694";"2026-03-06 11:34:37";"37.51";"43.5";"946.24";"3820";"14520";"-22.822223663330078";"-47.06568145751953";"623.9000000000001";"-103";"8";"22798";"1772807677775"
"695";"2026-03-06 11:35:37";"37.56";"43.5";"946.2";"3840";"14824";"-22.822237014770508";"-47.065670013427734";"623.2";"-102";"9.300000190734863";"22799";"1772807737784"
"696";"2026-03-06 11:36:37";"37.59";"43.5";"946.24";"3820";"14400";"-22.82223129272461";"-47.06566619873047";"621.9000000000001";"-104";"7.800000190734863";"22800";"1772807797774"
"697";"2026-03-06 11:37:37";"37.63";"43.5";"946.22";"3820";"14844";"-22.822208404541016";"-47.06568908691406";"618.5";"-102";"9";"22801";"1772807857785"
"698";"2026-03-06 11:38:37";"37.72";"43";"946.2";"3840";"13924";"-22.822223663330078";"-47.06568145751953";"621.4000000000001";"-101";"9.300000190734863";"22802";"1772807917811"
"699";"2026-03-06 11:39:37";"37.8";"43";"946.1800000000001";"3800";"14328";"-22.822235107421875";"-47.065670013427734";"625.7";"-102";"9.5";"22803";"1772807977819"
"700";"2026-03-06 11:40:37";"37.89";"43";"946.2";"3800";"14360";"-22.822246551513672";"-47.06568908691406";"625.2";"-101";"9.300000190734863";"22804";"1772808037810"
"701";"2026-03-06 11:41:37";"37.94";"43";"946.2";"3800";"14288";"-22.822261810302734";"-47.0656852722168";"628";"-102";"9.300000190734863";"22805";"1772808097803"
"702";"2026-03-06 11:42:37";"38.05";"42.5";"946.1800000000001";"3840";"14348";"-22.822261810302734";"-47.06568908691406";"626.4000000000001";"-100";"10.300000190734863";"22806";"1772808157816"
"703";"2026-03-06 11:43:37";"38.09";"42.5";"946.2";"3820";"14360";"-22.822246551513672";"-47.06570053100586";"623.5";"-100";"10.5";"22807";"1772808217812"
"704";"2026-03-06 11:44:37";"38.02";"42.5";"946.1800000000001";"3860";"15304";"-22.82223129272461";"-47.06570816040039";"618.2";"-102";"9";"22808";"1772808277845"
"705";"2026-03-06 11:45:37";"38.03";"42.5";"946.1800000000001";"3880";"15668";"-22.82223129272461";"-47.06570053100586";"619.7";"-102";"9";"22809";"1772808337808"
"706";"2026-03-06 11:46:37";"38.1";"42.5";"946.16";"3880";"17132";"-22.822214126586914";"-47.06568145751953";"619.2";"-103";"8.800000190734863";"22810";"1772808397831"
"707";"2026-03-06 11:47:37";"38.23";"42.5";"946.14";"3900";"17376";"-22.822214126586914";"-47.065673828125";"621.2";"-99";"10.5";"22811";"1772808457815"
"708";"2026-03-06 11:48:37";"38.26";"42.5";"946.1";"3860";"15180";"-22.822223663330078";"-47.06570816040039";"618.2";"-103";"8.800000190734863";"22812";"1772808517815"
"709";"2026-03-06 11:49:37";"38.3";"42.5";"946.1";"3840";"17664";"-22.822223663330078";"-47.06570816040039";"617.4000000000001";"-101";"9";"22813";"1772808577818"
"710";"2026-03-06 11:50:37";"38.4";"42";"946.12";"3820";"17384";"-22.82221794128418";"-47.06571960449219";"612.9";"-101";"10";"22814";"1772808637822"
"711";"2026-03-06 11:51:37";"38.55";"42";"946.08";"3880";"16480";"-22.82221794128418";"-47.06570053100586";"616.7";"-100";"10.300000190734863";"22815";"1772808697812"
"712";"2026-03-06 11:52:37";"38.72";"41.5";"946.04";"3860";"16516";"-22.822250366210938";"-47.065704345703125";"621.5";"-98";"10.5";"22816";"1772808757789"
"713";"2026-03-06 11:53:37";"38.73";"41.5";"946.04";"3860";"21132";"-22.822248458862305";"-47.065696716308594";"626.2";"-101";"9.5";"22817";"1772808817820"
"714";"2026-03-06 11:54:37";"38.87";"41.5";"946.02";"3940";"18400";"-22.82222557067871";"-47.065670013427734";"630.5";"-98";"11.300000190734863";"22818";"1772808877811"
"715";"2026-03-06 11:55:37";"39.06";"41";"946.02";"3900";"17452";"-22.82221221923828";"-47.06563949584961";"633.5";"-102";"8.800000190734863";"22819";"1772808937811"
"716";"2026-03-06 11:56:37";"39.25";"41";"946";"3880";"18772";"-22.82219696044922";"-47.06560516357422";"640.5";"-102";"8.800000190734863";"22820";"1772808997816"
"717";"2026-03-06 11:57:37";"39.4";"40.5";"946.0600000000001";"3900";"15280";"-22.822179794311523";"-47.065589904785156";"641.4000000000001";"-102";"9";"22821";"1772809057816"
"718";"2026-03-06 11:58:37";"39.5";"40.5";"946.04";"3880";"14932";"-22.822195053100586";"-47.06558609008789";"635.7";"-99";"10.800000190734863";"22822";"1772809117820"
"719";"2026-03-06 11:59:37";"39.58";"40.5";"946.02";"3900";"15712";"-22.822214126586914";"-47.06563186645508";"633.7";"-103";"9";"22823";"1772809177793"
"720";"2026-03-06 12:00:37";"39.71";"40.5";"946.04";"3940";"17916";"-22.822229385375977";"-47.065673828125";"632";"-101";"9.300000190734863";"22824";"1772809237818"
"721";"2026-03-06 12:01:37";"39.86";"40";"946";"3880";"15184";"-22.822233200073242";"-47.065650939941406";"634.9000000000001";"-102";"9";"22825";"1772809297786"
"722";"2026-03-06 12:02:37";"39.99";"40";"946.04";"3900";"16020";"-22.822221755981445";"-47.065643310546875";"632.2";"-101";"9.800000190734863";"22826";"1772809357784"
"723";"2026-03-06 12:03:37";"40.11";"40";"945.94";"3900";"15052";"-22.822214126586914";"-47.06564712524414";"629.2";"-101";"10";"22827";"1772809417825"
"724";"2026-03-06 12:04:37";"40.06";"40";"946.02";"3900";"15588";"-22.822200775146484";"-47.065635681152344";"630.5";"-101";"9.800000190734863";"22828";"1772809477823"
"725";"2026-03-06 12:05:37";"40.02";"40";"945.96";"3900";"16476";"-22.82219696044922";"-47.06565475463867";"628.9000000000001";"-100";"10.300000190734863";"22829";"1772809537807"
"726";"2026-03-06 12:06:37";"40.16";"40";"945.98";"3900";"19940";"-22.82221221923828";"-47.065673828125";"622.2";"-102";"8.5";"22830";"1772809597790"
"727";"2026-03-06 12:07:37";"40.27";"40";"945.96";"3900";"15764";"-22.82222557067871";"-47.06568145751953";"621";"-101";"9.800000190734863";"22831";"1772809657829"
"728";"2026-03-06 12:08:37";"40.43";"40";"945.94";"3900";"15740";"-22.822227478027344";"-47.065673828125";"625.2";"-102";"8.800000190734863";"22832";"1772809717826"
"729";"2026-03-06 12:09:37";"40.55";"39.5";"945.96";"3900";"14776";"-22.822219848632812";"-47.065643310546875";"629.7";"-102";"9";"22833";"1772809777809"
"730";"2026-03-06 12:10:37";"40.57";"39.5";"945.94";"3920";"14984";"-22.822227478027344";"-47.06564712524414";"628.2";"-102";"8.800000190734863";"22834";"1772809837828"
"731";"2026-03-06 12:11:37";"40.56";"39.5";"945.9200000000001";"3900";"14472";"-22.822235107421875";"-47.06568145751953";"623.7";"-102";"9";"22835";"1772809897790"
"732";"2026-03-06 12:12:37";"40.47";"39.5";"945.86";"3900";"14136";"-22.82221221923828";"-47.06568145751953";"624.5";"-100";"10.300000190734863";"22836";"1772809957819"
"733";"2026-03-06 12:13:37";"40.34";"40";"945.9";"3900";"14004";"-22.822206497192383";"-47.06565856933594";"627.7";"-102";"7.800000190734863";"22837";"1772810017822"
"734";"2026-03-06 12:14:37";"40.16";"40";"945.84";"3920";"14112";"-22.822208404541016";"-47.06565856933594";"625.5";"-101";"10";"22838";"1772810077821"
"735";"2026-03-06 12:15:37";"40.05";"40";"945.8000000000001";"3920";"14072";"-22.822223663330078";"-47.065635681152344";"631";"-101";"9.300000190734863";"22839";"1772810137820"
"736";"2026-03-06 12:16:37";"40.02";"40.5";"945.78";"3900";"13732";"-22.82223129272461";"-47.065650939941406";"626.9000000000001";"-101";"9.5";"22840";"1772810197863"
"737";"2026-03-06 12:17:37";"40.04";"40.5";"945.78";"3920";"13524";"-22.82223892211914";"-47.06561279296875";"632.2";"-100";"10.300000190734863";"22841";"1772810257791"
"738";"2026-03-06 12:18:37";"40.07";"40.5";"945.76";"3920";"17484";"-22.8222599029541";"-47.06559371948242";"645.5";"-102";"9.300000190734863";"22842";"1772810317790"
"739";"2026-03-06 12:19:37";"40.27";"40";"945.74";"3920";"17232";"-22.822240829467773";"-47.065616607666016";"637";"-101";"9.800000190734863";"22843";"1772810377801"
"740";"2026-03-06 12:20:37";"40.42";"39.5";"945.72";"3920";"16480";"-22.822229385375977";"-47.065635681152344";"629";"-103";"8.5";"22844";"1772810437785"
"741";"2026-03-06 12:21:37";"40.56";"39.5";"945.72";"3920";"13752";"-22.822240829467773";"-47.0656852722168";"619.4000000000001";"-103";"8.5";"22845";"1772810497810"
"742";"2026-03-06 12:22:37";"40.65";"39";"945.72";"3920";"12632";"-22.822227478027344";"-47.06568908691406";"616.7";"-103";"8.5";"22846";"1772810557806"
"743";"2026-03-06 12:23:37";"40.74";"39.5";"945.7";"3920";"12836";"-22.822221755981445";"-47.06566619873047";"624";"-102";"9.300000190734863";"22847";"1772810617810"
"744";"2026-03-06 12:24:37";"40.78";"39";"945.66";"3920";"12816";"-22.822219848632812";"-47.06565856933594";"625";"-103";"8.800000190734863";"22848";"1772810677802"
"745";"2026-03-06 12:25:37";"40.79";"39";"945.62";"3920";"12508";"-22.822229385375977";"-47.065643310546875";"627";"-103";"8.5";"22849";"1772810737810"
"746";"2026-03-06 12:26:37";"40.8";"39";"945.6";"3920";"12612";"-22.822219848632812";"-47.065650939941406";"627.5";"-101";"10";"22850";"1772810797819"
"747";"2026-03-06 12:27:37";"40.83";"39";"945.58";"3920";"12672";"-22.822221755981445";"-47.06565475463867";"626.5";"-98";"11";"22851";"1772810857827"
"748";"2026-03-06 12:28:37";"40.82";"39";"945.58";"3920";"13196";"-22.822216033935547";"-47.06559753417969";"633.5";"-102";"9";"22852";"1772810917811"
"749";"2026-03-06 12:29:37";"40.82";"39";"945.52";"3920";"16208";"-22.822227478027344";"-47.065589904785156";"636.5";"-101";"9.5";"22853";"1772810977788"
"750";"2026-03-06 12:30:37";"40.99";"38.5";"945.52";"3920";"13004";"-22.822256088256836";"-47.06560516357422";"633.5";"-102";"9";"22854";"1772811037812"
"751";"2026-03-06 12:31:37";"41.11";"38.5";"945.52";"3920";"13820";"-22.822248458862305";"-47.06562423706055";"631";"-102";"8.5";"22855";"1772811097780"
"752";"2026-03-06 12:32:37";"41.28";"38";"945.48";"3920";"12896";"-22.822248458862305";"-47.065670013427734";"626.4000000000001";"-103";"8.5";"22856";"1772811157830"
"753";"2026-03-06 12:33:37";"41.55";"38";"945.48";"3920";"13984";"-22.82225227355957";"-47.06569290161133";"625";"-103";"8.800000190734863";"22857";"1772811217828"
"754";"2026-03-06 12:34:37";"41.76";"37.5";"945.48";"3940";"13572";"-22.822261810302734";"-47.065673828125";"628.4000000000001";"-100";"10.300000190734863";"22858";"1772811277810"
"755";"2026-03-06 12:35:37";"41.81";"37.5";"945.48";"3920";"12944";"-22.822237014770508";"-47.065650939941406";"626.2";"-100";"10.300000190734863";"22859";"1772811337811"
"756";"2026-03-06 12:36:37";"41.83";"37.5";"945.44";"3940";"13704";"-22.822233200073242";"-47.06562042236328";"627.7";"-102";"9";"22860";"1772811397822"
"757";"2026-03-06 12:37:37";"41.68";"38";"945.4200000000001";"3940";"12196";"-22.822240829467773";"-47.065635681152344";"625.7";"-101";"9.300000190734863";"22861";"1772811457813"
"758";"2026-03-06 12:38:37";"41.53";"38";"945.4";"3940";"11924";"-22.822254180908203";"-47.065643310546875";"624";"-101";"10";"22862";"1772811517807"
"759";"2026-03-06 12:39:37";"41.37";"38.5";"945.4";"3940";"11756";"-22.822254180908203";"-47.06563949584961";"622.5";"-99";"10.800000190734863";"22863";"1772811577813"
"760";"2026-03-06 12:40:37";"41.21";"38.5";"945.4200000000001";"3940";"11636";"-22.8222599029541";"-47.065677642822266";"620.7";"-100";"10.300000190734863";"22864";"1772811637803"
"761";"2026-03-06 12:41:37";"41.1";"38.5";"945.4";"3920";"11364";"-22.822237014770508";"-47.06565856933594";"623.7";"-102";"9";"22865";"1772811697811"
"762";"2026-03-06 12:42:37";"40.98";"38.5";"945.38";"3940";"11144";"-22.822229385375977";"-47.06565475463867";"624.2";"-100";"10.5";"22866";"1772811757783"
"763";"2026-03-06 12:43:37";"40.87";"39";"945.32";"3920";"11028";"-22.82223892211914";"-47.065677642822266";"623.7";"-102";"9.300000190734863";"22867";"1772811817811"
"764";"2026-03-06 12:44:37";"40.8";"39";"945.32";"3940";"10856";"-22.822237014770508";"-47.06568145751953";"622.7";"-102";"9";"22868";"1772811877813"
"765";"2026-03-06 12:45:37";"40.58";"39";"945.34";"3940";"10856";"-22.822229385375977";"-47.0656623840332";"626.4000000000001";"-100";"10.5";"22869";"1772811937821"
"766";"2026-03-06 12:46:37";"40.33";"39.5";"945.34";"3940";"10896";"-22.82223892211914";"-47.06569290161133";"624.2";"-101";"9.800000190734863";"22870";"1772811997811"
"767";"2026-03-06 12:47:37";"40.17";"40";"945.28";"3940";"10944";"-22.822227478027344";"-47.065670013427734";"624.2";"-98";"10.800000190734863";"22871";"1772812057813"
"768";"2026-03-06 12:48:37";"39.98";"40";"945.3000000000001";"3940";"10944";"-22.822219848632812";"-47.065643310546875";"627.4000000000001";"-102";"9.300000190734863";"22872";"1772812117823"
"769";"2026-03-06 12:49:37";"39.77";"40";"945.28";"3940";"11004";"-22.822248458862305";"-47.0656623840332";"622.9000000000001";"-101";"10.300000190734863";"22873";"1772812177814"
"770";"2026-03-06 12:50:37";"39.64";"40.5";"945.22";"3940";"11140";"-22.822254180908203";"-47.06565856933594";"624.2";"-103";"9";"22874";"1772812237808"
"771";"2026-03-06 12:51:37";"39.63";"40";"945.22";"3940";"11120";"-22.822246551513672";"-47.0656623840332";"626.7";"-103";"8.800000190734863";"22875";"1772812297812"
"772";"2026-03-06 12:52:37";"39.55";"40.5";"945.2";"3920";"10908";"-22.822229385375977";"-47.065650939941406";"629.9000000000001";"-102";"9.5";"22876";"1772812357833"
"773";"2026-03-06 12:53:37";"39.43";"40.5";"945.2";"3940";"10796";"-22.822219848632812";"-47.06565856933594";"625.9000000000001";"-100";"10.300000190734863";"22877";"1772812417813"
"774";"2026-03-06 12:54:37";"39.36";"40.5";"945.2";"3940";"10612";"-22.822216033935547";"-47.0656623840332";"624";"-101";"10";"22878";"1772812477867"
"775";"2026-03-06 12:55:37";"39.25";"40.5";"945.16";"3920";"10388";"-22.822216033935547";"-47.065643310546875";"627.2";"-101";"10.300000190734863";"22879";"1772812537792"
"776";"2026-03-06 12:56:37";"39.09";"40.5";"945.1800000000001";"3940";"10256";"-22.82221221923828";"-47.06565475463867";"619.9000000000001";"-101";"10.300000190734863";"22880";"1772812597775"
"777";"2026-03-06 12:57:37";"38.95";"40.5";"945.1800000000001";"3940";"10232";"-22.822219848632812";"-47.065670013427734";"621";"-102";"9";"22881";"1772812657815"
"778";"2026-03-06 12:58:37";"38.75";"41";"945.1";"3940";"10216";"-22.82221794128418";"-47.06568908691406";"618";"-101";"9.300000190734863";"22882";"1772812717807"
"779";"2026-03-06 12:59:37";"38.5";"41.5";"945.0600000000001";"3940";"10208";"-22.822219848632812";"-47.06568145751953";"618.7";"-103";"8.5";"22883";"1772812777817"
"780";"2026-03-06 13:00:37";"38.3";"41.5";"945.04";"3920";"10180";"-22.822235107421875";"-47.0656852722168";"615";"-100";"10.300000190734863";"22884";"1772812837816"
"781";"2026-03-06 13:01:37";"38.2";"41.5";"945.0600000000001";"3940";"10084";"-22.82225227355957";"-47.06568145751953";"615.2";"-102";"9";"22885";"1772812897810"
"782";"2026-03-06 13:02:37";"38.15";"41.5";"944.98";"3940";"9964";"-22.82223129272461";"-47.06565856933594";"620.7";"-101";"10";"22886";"1772812957818"
"783";"2026-03-06 13:03:37";"38.07";"42";"944.96";"3940";"9860";"-22.822219848632812";"-47.06563949584961";"623.5";"-103";"8.800000190734863";"22887";"1772813017785"
"784";"2026-03-06 13:04:37";"38.01";"42";"944.94";"3940";"9756";"-22.82221794128418";"-47.06564712524414";"622.2";"-103";"8";"22888";"1772813077811"
"785";"2026-03-06 13:05:37";"37.97";"41.5";"944.88";"3940";"9628";"-22.82221794128418";"-47.0656623840332";"618.4000000000001";"-101";"9.800000190734863";"22889";"1772813137803"
"786";"2026-03-06 13:06:37";"37.95";"41.5";"944.88";"3940";"9564";"-22.822221755981445";"-47.06565856933594";"619";"-102";"9.300000190734863";"22890";"1772813197810"
"787";"2026-03-06 13:07:37";"37.91";"41.5";"944.86";"3940";"9504";"-22.82221221923828";"-47.06566619873047";"618.2";"-101";"9.800000190734863";"22891";"1772813257817"
"788";"2026-03-06 13:08:37";"37.86";"41.5";"944.84";"3940";"9428";"-22.82221221923828";"-47.06566619873047";"618.2";"-101";"9.800000190734863";"22892";"1772813317786"
"789";"2026-03-06 13:09:37";"37.76";"41.5";"944.78";"3940";"9400";"-22.822235107421875";"-47.06568145751953";"623";"-102";"9.800000190734863";"22893";"1772813377810"
"790";"2026-03-06 13:10:37";"37.57";"42";"944.8000000000001";"3920";"9384";"-22.822219848632812";"-47.06565856933594";"622.5";"-101";"9.800000190734863";"22894";"1772813437813"
"791";"2026-03-06 13:11:37";"37.47";"42";"944.74";"3940";"9348";"-22.822208404541016";"-47.065670013427734";"621.2";"-104";"8";"22895";"1772813497808"
"792";"2026-03-06 13:12:37";"37.37";"42";"944.72";"3940";"9348";"-22.82221794128418";"-47.06566619873047";"624.7";"-102";"9";"22896";"1772813557797"
"793";"2026-03-06 13:13:37";"37.26";"42";"944.72";"3940";"9428";"-22.822221755981445";"-47.06566619873047";"624.5";"-101";"10";"22897";"1772813617826"
"794";"2026-03-06 13:14:37";"37.17";"42.5";"944.6800000000001";"3940";"9508";"-22.822216033935547";"-47.065670013427734";"624.2";"-102";"9.5";"22898";"1772813677813"
"795";"2026-03-06 13:15:37";"37.14";"42";"944.7";"3940";"9580";"-22.822214126586914";"-47.065670013427734";"623";"-101";"10.300000190734863";"22899";"1772813737823"
"796";"2026-03-06 13:16:37";"37.07";"42.5";"944.66";"3940";"9608";"-22.822195053100586";"-47.065673828125";"627";"-104";"8";"22900";"1772813797783"
"797";"2026-03-06 13:17:37";"37.05";"42";"944.6";"3920";"9636";"-22.822202682495117";"-47.06565475463867";"621.2";"-103";"8.800000190734863";"22901";"1772813857781"
"798";"2026-03-06 13:18:37";"37.03";"42.5";"944.6";"3940";"9748";"-22.82221031188965";"-47.065635681152344";"618.5";"-101";"9.5";"22902";"1772813917807"
"799";"2026-03-06 13:19:37";"37";"42.5";"944.58";"3940";"9916";"-22.82221221923828";"-47.065650939941406";"617";"-105";"6.800000190734863";"22903";"1772813977776"
"800";"2026-03-06 13:20:37";"36.99";"42";"944.5";"3940";"10120";"-22.822206497192383";"-47.06565475463867";"618.2";"-102";"9";"22904";"1772814037823"
"801";"2026-03-06 13:21:37";"37.04";"42.5";"944.5";"3940";"10356";"-22.82221221923828";"-47.065677642822266";"618.4000000000001";"-104";"7.800000190734863";"22905";"1772814097808"
"802";"2026-03-06 13:22:37";"37.14";"42";"944.52";"3940";"10528";"-22.82222557067871";"-47.06568145751953";"619.7";"-103";"8.800000190734863";"22906";"1772814157821"
"803";"2026-03-06 13:23:37";"37.27";"41.5";"944.4";"3920";"10564";"-22.82221031188965";"-47.0656623840332";"621.2";"-98";"11.800000190734863";"22907";"1772814217807"
"804";"2026-03-06 13:24:37";"37.32";"41.5";"944.46";"3940";"10668";"-22.82222557067871";"-47.0656852722168";"621.2";"-102";"9";"22908";"1772814277788"
"805";"2026-03-06 13:25:37";"37.33";"41.5";"944.4200000000001";"3940";"10760";"-22.822223663330078";"-47.06569290161133";"622.5";"-104";"7.5";"22909";"1772814337810"
"806";"2026-03-06 13:26:37";"37.36";"41.5";"944.4200000000001";"3940";"10852";"-22.822227478027344";"-47.0656852722168";"619.7";"-103";"8.800000190734863";"22910";"1772814397816"
"807";"2026-03-06 13:27:37";"37.3";"41.5";"944.38";"3940";"10920";"-22.822242736816406";"-47.0656852722168";"616.7";"-103";"8.5";"22911";"1772814457797"
"808";"2026-03-06 13:28:37";"37.28";"41.5";"944.4";"3940";"10932";"-22.82222557067871";"-47.065677642822266";"613.9";"-104";"7.5";"22912";"1772814517790"
"809";"2026-03-06 13:29:37";"37.3";"41.5";"944.32";"3940";"10892";"-22.822254180908203";"-47.06568908691406";"613.2";"-103";"8.800000190734863";"22913";"1772814577815"
"810";"2026-03-06 13:30:37";"37.34";"41.5";"944.36";"3940";"10872";"-22.82223129272461";"-47.0656852722168";"614.5";"-102";"9";"22914";"1772814637789"
"811";"2026-03-06 13:31:37";"37.39";"41.5";"944.32";"3940";"10836";"-22.82225799560547";"-47.0656852722168";"619";"-103";"8.800000190734863";"22915";"1772814697806"
"812";"2026-03-06 13:32:37";"37.48";"41";"944.34";"3940";"10944";"-22.822256088256836";"-47.0656852722168";"620";"-102";"9.300000190734863";"22916";"1772814757814"
"813";"2026-03-06 13:33:37";"37.63";"41";"944.32";"3940";"10776";"-22.822256088256836";"-47.06566619873047";"621.5";"-103";"8.300000190734863";"22917";"1772814817805"
"814";"2026-03-06 13:34:37";"37.8";"40.5";"944.3000000000001";"3940";"10672";"-22.82223892211914";"-47.06563949584961";"621.5";"-104";"8";"22918";"1772814877813"
"815";"2026-03-06 13:35:37";"37.96";"40.5";"944.24";"3940";"10596";"-22.822246551513672";"-47.06564712524414";"620.7";"-103";"8.5";"22919";"1772814937814"
"816";"2026-03-06 13:36:37";"38.12";"40.5";"944.3000000000001";"3920";"10564";"-22.82225799560547";"-47.065635681152344";"623.4000000000001";"-104";"8.300000190734863";"22920";"1772814997811"
"817";"2026-03-06 13:37:37";"38.25";"40";"944.28";"3920";"10528";"-22.822250366210938";"-47.06562042236328";"623";"-104";"8";"22921";"1772815057792"
"818";"2026-03-06 13:38:37";"38.34";"40";"944.24";"3900";"10456";"-22.822237014770508";"-47.06561279296875";"622.2";"-103";"9";"22922";"1772815117780"
"819";"2026-03-06 13:39:37";"38.27";"40";"944.24";"3920";"10444";"-22.82223129272461";"-47.06560516357422";"626";"-102";"9.5";"22923";"1772815177776"
"820";"2026-03-06 13:40:37";"38.14";"40";"944.1800000000001";"3920";"10488";"-22.822235107421875";"-47.065616607666016";"627.5";"-103";"8.5";"22924";"1772815237807"
"821";"2026-03-06 13:41:37";"38.05";"40.5";"944.1800000000001";"3900";"10336";"-22.822237014770508";"-47.065616607666016";"627.5";"-100";"10.5";"22925";"1772815297817"
"822";"2026-03-06 13:42:37";"37.95";"40.5";"944.14";"3920";"10252";"-22.822248458862305";"-47.065608978271484";"633.2";"-103";"8.800000190734863";"22926";"1772815357812"
"823";"2026-03-06 13:43:37";"37.92";"40.5";"944.14";"3920";"10120";"-22.82227897644043";"-47.065616607666016";"632.2";"-102";"8.800000190734863";"22927";"1772815417803"
"824";"2026-03-06 13:44:37";"37.93";"40.5";"944.1";"3900";"10016";"-22.822267532348633";"-47.06562423706055";"630.9000000000001";"-102";"8.800000190734863";"22928";"1772815477780"
"825";"2026-03-06 13:45:37";"37.96";"40.5";"944.1";"3920";"9876";"-22.82225799560547";"-47.06563186645508";"628.9000000000001";"-102";"8.800000190734863";"22929";"1772815537812"
"826";"2026-03-06 13:46:37";"38";"40.5";"944.1";"3920";"9768";"-22.82227897644043";"-47.06562423706055";"631.5";"-104";"8.300000190734863";"22930";"1772815597808"
"827";"2026-03-06 13:47:37";"38.08";"40.5";"944.04";"3900";"9700";"-22.822294235229492";"-47.06562423706055";"628.2";"-102";"9.300000190734863";"22931";"1772815657809"
"828";"2026-03-06 13:48:37";"38.11";"40";"944.04";"3920";"9672";"-22.82225799560547";"-47.06562423706055";"623.5";"-102";"9";"22932";"1772815717839"
"829";"2026-03-06 13:49:37";"38.07";"40.5";"944.04";"3900";"9764";"-22.822246551513672";"-47.06561279296875";"625.5";"-103";"8.800000190734863";"22933";"1772815777822"
"830";"2026-03-06 13:50:37";"37.99";"40.5";"944";"3920";"9800";"-22.822250366210938";"-47.06562805175781";"625.5";"-102";"9";"22934";"1772815837817"
"831";"2026-03-06 13:51:37";"37.94";"40.5";"943.98";"3900";"9852";"-22.822265625";"-47.06562423706055";"627.7";"-101";"9.800000190734863";"22935";"1772815897777"
"832";"2026-03-06 13:52:37";"38";"40.5";"943.96";"3900";"10264";"-22.822265625";"-47.06560516357422";"628.7";"-103";"8.5";"22936";"1772815957808"
"833";"2026-03-06 13:53:37";"38.17";"40.5";"944";"3920";"9936";"-22.82225227355957";"-47.06562423706055";"624.2";"-103";"8.5";"22937";"1772816017781"
"834";"2026-03-06 13:54:37";"38.34";"40";"943.98";"3900";"9940";"-22.822265625";"-47.065582275390625";"628";"-103";"9";"22938";"1772816077814"
"835";"2026-03-06 13:55:37";"38.73";"39.5";"944";"3900";"10112";"-22.82229232788086";"-47.065589904785156";"633.2";"-102";"9";"22939";"1772816137809"
"836";"2026-03-06 13:56:37";"38.96";"39";"943.96";"3900";"9944";"-22.822277069091797";"-47.06559371948242";"632.9000000000001";"-101";"9.800000190734863";"22940";"1772816197808"
"837";"2026-03-06 13:57:37";"39.13";"39";"943.98";"3900";"9648";"-22.822256088256836";"-47.065574645996094";"632.7";"-101";"9.5";"22941";"1772816257817"
"838";"2026-03-06 13:58:37";"39.25";"39";"943.96";"3900";"9404";"-22.822269439697266";"-47.06557083129883";"633";"-101";"9.5";"22942";"1772816317805"
"839";"2026-03-06 13:59:37";"39.2";"39";"943.94";"3900";"9280";"-22.82227897644043";"-47.065547943115234";"636.5";"-102";"9.5";"22943";"1772816377817"
"840";"2026-03-06 14:00:37";"39.09";"39";"943.9";"3920";"9308";"-22.822269439697266";"-47.06553268432617";"635.9000000000001";"-101";"9.800000190734863";"22944";"1772816437805"
"841";"2026-03-06 14:01:37";"39.09";"39";"943.9200000000001";"3900";"9860";"-22.8222599029541";"-47.06553649902344";"635";"-99";"10.5";"22945";"1772816497812"
"842";"2026-03-06 14:02:37";"39.34";"39";"943.9";"3900";"9792";"-22.822269439697266";"-47.065589904785156";"634.2";"-102";"9.800000190734863";"22946";"1772816557819"
"843";"2026-03-06 14:03:37";"39.81";"38.5";"943.9";"3900";"9588";"-22.822265625";"-47.06560134887695";"634.5";"-103";"8.800000190734863";"22947";"1772816617813"
"844";"2026-03-06 14:04:37";"40.32";"37.5";"943.86";"3920";"8980";"-22.8222599029541";"-47.06560516357422";"630.5";"-103";"9";"22948";"1772816677774"
"845";"2026-03-06 14:05:37";"40.52";"37.5";"943.82";"3900";"8956";"-22.82227897644043";"-47.06557846069336";"640.2";"-102";"9.300000190734863";"22949";"1772816737816"
"846";"2026-03-06 14:06:37";"40.58";"37.5";"943.8000000000001";"3900";"9160";"-22.822298049926758";"-47.06559753417969";"645.9000000000001";"-102";"9.300000190734863";"22950";"1772816797804"
"847";"2026-03-06 14:07:37";"40.71";"37.5";"943.84";"3900";"9760";"-22.822261810302734";"-47.065616607666016";"636";"-102";"9.300000190734863";"22951";"1772816857817"
"848";"2026-03-06 14:08:37";"40.95";"37";"943.82";"3900";"9352";"-22.822256088256836";"-47.06560134887695";"637.5";"-101";"9.800000190734863";"22952";"1772816917779"
"849";"2026-03-06 14:09:37";"40.96";"37";"943.88";"3900";"9492";"-22.822267532348633";"-47.06559753417969";"638.5";"-103";"8.5";"22953";"1772816977808"
"850";"2026-03-06 14:10:37";"40.81";"37.5";"943.84";"3900";"9224";"-22.822269439697266";"-47.06558609008789";"647.2";"-102";"9";"22954";"1772817037801"
"851";"2026-03-06 14:11:37";"40.69";"37.5";"943.78";"3900";"9156";"-22.822261810302734";"-47.065574645996094";"638.4000000000001";"-103";"8.5";"22955";"1772817097816"
"852";"2026-03-06 14:12:37";"40.63";"38";"943.84";"3900";"8840";"-22.822265625";"-47.065589904785156";"643.9000000000001";"-99";"10.800000190734863";"22956";"1772817157776"
"853";"2026-03-06 14:13:37";"40.58";"38";"943.8000000000001";"3900";"8504";"-22.82225227355957";"-47.06562805175781";"637.2";"-100";"10.5";"22957";"1772817217805"
"854";"2026-03-06 14:14:37";"40.54";"38";"943.8000000000001";"3940";"8276";"-22.822269439697266";"-47.06561279296875";"647";"-103";"8.800000190734863";"22958";"1772817277803"
"855";"2026-03-06 14:15:37";"40.44";"38";"943.74";"3880";"8200";"-22.82227325439453";"-47.06558609008789";"658";"-104";"8.5";"22959";"1772817337814"
"856";"2026-03-06 14:16:37";"40.26";"38.5";"943.72";"3920";"8104";"-22.822248458862305";"-47.06562805175781";"644.5";"-104";"8.300000190734863";"22960";"1772817397785"
"857";"2026-03-06 14:17:37";"40.04";"38.5";"943.72";"3940";"7972";"-22.82223129272461";"-47.06563186645508";"645";"-102";"9.5";"22961";"1772817457810"
"858";"2026-03-06 14:18:37";"39.83";"38.5";"943.76";"3940";"7768";"-22.822256088256836";"-47.06561279296875";"655.9000000000001";"-104";"7.800000190734863";"22962";"1772817517823"
"859";"2026-03-06 14:19:37";"39.68";"38.5";"943.72";"3900";"7632";"-22.822248458862305";"-47.06562423706055";"650";"-98";"11.800000190734863";"22963";"1772817577809"
"860";"2026-03-06 14:20:37";"39.55";"39";"943.6800000000001";"3880";"7824";"-22.82223892211914";"-47.06562805175781";"649.9000000000001";"-97";"11.800000190734863";"22964";"1772817637810"
"861";"2026-03-06 14:21:37";"39.37";"39.5";"943.72";"3960";"8148";"-22.82223892211914";"-47.06562423706055";"650.2";"-102";"9.300000190734863";"22965";"1772817697810"
"862";"2026-03-06 14:22:37";"39.17";"39.5";"943.6800000000001";"3960";"8280";"-22.822233200073242";"-47.065589904785156";"651.7";"-99";"10.800000190734863";"22966";"1772817757813"
"863";"2026-03-06 14:23:37";"38.91";"39.5";"943.6800000000001";"3900";"8212";"-22.82224464416504";"-47.06561279296875";"646";"-103";"8.800000190734863";"22967";"1772817817813"
"864";"2026-03-06 14:24:37";"38.71";"40";"943.6";"3900";"8076";"-22.822246551513672";"-47.06562042236328";"643.5";"-103";"9";"22968";"1772817877800"
"865";"2026-03-06 14:25:37";"38.55";"40";"943.6";"3880";"8004";"-22.82222557067871";"-47.06562042236328";"644";"-104";"7.5";"22969";"1772817937782"
"866";"2026-03-06 14:26:37";"38.47";"40";"943.62";"3940";"7816";"-22.822240829467773";"-47.06564712524414";"640.7";"-104";"8.300000190734863";"22970";"1772817997783"
"867";"2026-03-06 14:27:37";"38.46";"40";"943.6";"3940";"7516";"-22.822235107421875";"-47.06565475463867";"636.7";"-104";"7.800000190734863";"22971";"1772818057809"
"868";"2026-03-06 14:28:37";"38.47";"40";"943.62";"3880";"7372";"-22.82221794128418";"-47.065643310546875";"636.4000000000001";"-103";"8.300000190734863";"22972";"1772818117779"
"869";"2026-03-06 14:29:37";"38.45";"40";"943.6";"3940";"7536";"-22.82221221923828";"-47.065635681152344";"641.7";"-103";"8.800000190734863";"22973";"1772818177819"
"870";"2026-03-06 14:30:37";"38.48";"40";"943.54";"3860";"7600";"-22.822233200073242";"-47.06563186645508";"644.2";"-103";"9";"22974";"1772818237808"
"871";"2026-03-06 14:31:37";"38.47";"40";"943.58";"3960";"7536";"-22.82225227355957";"-47.06563186645508";"638.2";"-102";"9.800000190734863";"22975";"1772818297774"
"872";"2026-03-06 14:32:37";"38.38";"40";"943.54";"3920";"7376";"-22.82223129272461";"-47.06560516357422";"651.2";"-103";"9";"22976";"1772818357815"
"873";"2026-03-06 14:33:37";"38.3";"40";"943.5600000000001";"3900";"7428";"-22.822248458862305";"-47.06552505493164";"678.9000000000001";"-103";"9";"22977";"1772818417812"
"874";"2026-03-06 14:34:37";"38.23";"40";"943.5600000000001";"3920";"7476";"-22.822248458862305";"-47.06553649902344";"675.4000000000001";"-103";"8.5";"22978";"1772818477813"
"875";"2026-03-06 14:35:37";"38.13";"40.5";"943.5600000000001";"3920";"7372";"-22.822277069091797";"-47.0655403137207";"673";"-102";"9.300000190734863";"22979";"1772818537816"
"876";"2026-03-06 14:36:37";"37.99";"40.5";"943.58";"3880";"7204";"-22.822254180908203";"-47.06558609008789";"661.2";"-102";"9";"22980";"1772818597808"
"877";"2026-03-06 14:37:37";"37.85";"40.5";"943.58";"3860";"6932";"-22.82223892211914";"-47.065635681152344";"644.7";"-101";"10.300000190734863";"22981";"1772818657808"
"878";"2026-03-06 14:38:37";"37.73";"41";"943.54";"3920";"6736";"-22.822250366210938";"-47.06563949584961";"645.9000000000001";"-101";"9.800000190734863";"22982";"1772818717811"
"879";"2026-03-06 14:39:37";"37.62";"41";"943.54";"3940";"6652";"-22.822248458862305";"-47.065650939941406";"631";"-103";"8.5";"22983";"1772818777824"
"880";"2026-03-06 14:40:37";"37.52";"41";"943.48";"3900";"6392";"-22.82231330871582";"-47.0656623840332";"638.2";"-102";"9.300000190734863";"22984";"1772818837799"
"881";"2026-03-06 14:41:37";"37.42";"41";"943.46";"3940";"6152";"-22.82240867614746";"-47.065696716308594";"643.2";"-102";"9";"22985";"1772818897805"
"882";"2026-03-06 14:42:37";"37.33";"41";"943.48";"3920";"6072";"-22.822391510009766";"-47.06571578979492";"635.7";"-104";"8.300000190734863";"22986";"1772818957785"
"883";"2026-03-06 14:43:37";"37.26";"41";"943.46";"3860";"6088";"-22.82242202758789";"-47.065731048583984";"631.9000000000001";"-103";"9";"22987";"1772819017786"
"884";"2026-03-06 14:44:37";"37.19";"41.5";"943.44";"3860";"6004";"-22.82240104675293";"-47.06570816040039";"634";"-103";"8.800000190734863";"22988";"1772819077823"
"885";"2026-03-06 14:45:37";"37.08";"41.5";"943.44";"3940";"5956";"-22.822368621826172";"-47.0656623840332";"648";"-104";"8";"22989";"1772819137821"
"886";"2026-03-06 14:46:37";"36.96";"41.5";"943.4200000000001";"3920";"5920";"-22.822345733642578";"-47.06562042236328";"659.2";"-105";"7.300000190734863";"22990";"1772819197816"
"887";"2026-03-06 14:47:37";"36.82";"41.5";"943.38";"3940";"5912";"-22.822328567504883";"-47.06559753417969";"669.2";"-105";"7";"22991";"1772819257790"
"888";"2026-03-06 14:48:37";"36.61";"42";"943.34";"3860";"5980";"-22.822317123413086";"-47.06559371948242";"669.5";"-103";"8.800000190734863";"22992";"1772819317811"
"889";"2026-03-06 14:49:37";"36.41";"42";"943.36";"3940";"6024";"-22.822345733642578";"-47.06568908691406";"639.4000000000001";"-104";"8";"22993";"1772819377813"
"890";"2026-03-06 14:50:37";"36.27";"42";"943.34";"3900";"6064";"-22.822307586669922";"-47.06569290161133";"629.2";"-105";"7.300000190734863";"22994";"1772819437822"
"891";"2026-03-06 14:51:37";"35.99";"42.5";"943.32";"3900";"6132";"-22.822309494018555";"-47.065704345703125";"623";"-103";"8.5";"22995";"1772819497819"
"892";"2026-03-06 14:52:37";"35.59";"43";"943.34";"3900";"6148";"-22.822307586669922";"-47.06570816040039";"619.7";"-109";"3.299999952316284";"22996";"1772819557816"
"893";"2026-03-06 14:53:37";"35.28";"43.5";"943.32";"3900";"6048";"-22.822298049926758";"-47.06571578979492";"617.7";"-105";"7.300000190734863";"22997";"1772819617805"
"894";"2026-03-06 14:54:37";"35.03";"44";"943.32";"3900";"5900";"-22.822296142578125";"-47.065711975097656";"619.2";"-105";"7.5";"22998";"1772819677781"
"895";"2026-03-06 14:55:37";"34.85";"44";"943.28";"3900";"5780";"-22.822317123413086";"-47.06571960449219";"611.2";"-105";"7.300000190734863";"22999";"1772819737821"
"896";"2026-03-06 14:56:37";"34.7";"44";"943.24";"3900";"5688";"-22.822328567504883";"-47.065704345703125";"609.5";"-106";"6.5";"23000";"1772819797796"
"897";"2026-03-06 14:57:37";"34.6";"44.5";"943.24";"3900";"5616";"-22.822343826293945";"-47.065711975097656";"607.7";"-104";"7.5";"23001";"1772819857818"
"898";"2026-03-06 14:58:37";"34.51";"44.5";"943.16";"3900";"5552";"-22.822328567504883";"-47.065704345703125";"610.7";"-105";"7.300000190734863";"23002";"1772819917785"
"899";"2026-03-06 14:59:37";"34.46";"44";"943.14";"3900";"5532";"-22.822330474853516";"-47.06572341918945";"614.7";"-105";"7.300000190734863";"23003";"1772819977781"
"900";"2026-03-06 15:00:37";"34.44";"44";"943.14";"3920";"5556";"-22.822303771972656";"-47.06570053100586";"618.5";"-105";"6.800000190734863";"23004";"1772820037808"
"901";"2026-03-06 15:01:37";"34.45";"44";"943.1";"3920";"5808";"-22.822322845458984";"-47.065704345703125";"616.5";"-105";"7";"23005";"1772820097819"
"902";"2026-03-06 15:02:37";"34.68";"43.5";"943.12";"3920";"6944";"-22.822309494018555";"-47.065673828125";"620.5";"-105";"7.300000190734863";"23006";"1772820157817"
"903";"2026-03-06 15:03:37";"35";"43";"943.08";"3920";"6396";"-22.822303771972656";"-47.065673828125";"619";"-104";"7.300000190734863";"23007";"1772820217787"
"904";"2026-03-06 15:04:37";"35.23";"43";"943.08";"3920";"6884";"-22.822290420532227";"-47.065677642822266";"623";"-104";"7.800000190734863";"23008";"1772820277826"
"905";"2026-03-06 15:05:37";"35.56";"42.5";"943.1";"3940";"7528";"-22.822269439697266";"-47.06566619873047";"628.5";"-104";"8.5";"23009";"1772820337807"
"906";"2026-03-06 15:06:37";"";"";"";"";"";"";"";"";"-103";"8.5";"23010";"1772820397453"
"907";"2026-03-06 15:06:37";"35.94";"42";"943.0600000000001";"3940";"7684";"-22.822267532348633";"-47.0656623840332";"632.5";"-103";"8.800000190734863";"23010";"1772820397779"
"908";"2026-03-06 15:07:37";"36.26";"41.5";"943.0600000000001";"3940";"7460";"-22.822263717651367";"-47.065650939941406";"635.7";"-103";"8.5";"23011";"1772820457818"
"909";"2026-03-06 15:08:37";"36.53";"41";"943.0600000000001";"3940";"7636";"-22.822288513183594";"-47.0656623840332";"631.7";"-104";"7.300000190734863";"23012";"1772820517859"
"910";"2026-03-06 15:09:37";"36.79";"40.5";"943.0600000000001";"3920";"7820";"-22.822338104248047";"-47.06568145751953";"618.9000000000001";"-105";"7.300000190734863";"23013";"1772820577782"
"911";"2026-03-06 15:10:37";"36.98";"40.5";"943.04";"3940";"7268";"-22.822330474853516";"-47.065670013427734";"616.2";"-104";"7.5";"23014";"1772820637792"
"912";"2026-03-06 15:11:37";"37.14";"40.5";"943.0600000000001";"3940";"6900";"-22.822315216064453";"-47.065670013427734";"615";"-105";"6.800000190734863";"23015";"1772820697808"
"913";"2026-03-06 15:12:37";"37.14";"40";"943.12";"3920";"6420";"-22.82233238220215";"-47.06566619873047";"618.2";"-102";"9";"23016";"1772820757826"
"914";"2026-03-06 15:13:37";"37.08";"40.5";"943.1";"3940";"6148";"-22.822343826293945";"-47.06563949584961";"625";"-104";"7.5";"23017";"1772820817818"
"915";"2026-03-06 15:14:37";"37.02";"40.5";"943.08";"3940";"5956";"-22.82231903076172";"-47.06564712524414";"622.2";"-101";"9.800000190734863";"23018";"1772820877821"
"916";"2026-03-06 15:15:37";"36.95";"41";"943.08";"3940";"5800";"-22.82232093811035";"-47.06562805175781";"622.7";"-104";"7.5";"23019";"1772820937789"
"917";"2026-03-06 15:16:37";"36.88";"41";"943.0600000000001";"3920";"5724";"-22.82231903076172";"-47.06562042236328";"628";"-102";"9";"23020";"1772820997820"
"918";"2026-03-06 15:17:37";"36.81";"41";"943.04";"3920";"5604";"-22.822294235229492";"-47.06562423706055";"631.7";"-106";"6.5";"23021";"1772821057819"
"919";"2026-03-06 15:18:37";"36.75";"41.5";"943";"3940";"5468";"-22.82227325439453";"-47.06565856933594";"635.7";"-101";"9.5";"23022";"1772821117830"
"920";"2026-03-06 15:19:37";"36.63";"41.5";"942.96";"3940";"5416";"-22.82229232788086";"-47.06568908691406";"629.5";"-107";"5.800000190734863";"23023";"1772821177794"
"921";"2026-03-06 15:20:37";"36.52";"41.5";"942.94";"3920";"5416";"-22.822298049926758";"-47.06565475463867";"627.2";"-103";"9";"23024";"1772821237818"
"922";"2026-03-06 15:21:37";"36.45";"41.5";"942.94";"3940";"5416";"-22.82227325439453";"-47.06566619873047";"636.4000000000001";"-100";"10.5";"23025";"1772821297827"
"923";"2026-03-06 15:22:37";"36.39";"41.5";"942.94";"3920";"5444";"-22.82225799560547";"-47.06565475463867";"630.4000000000001";"-103";"8.5";"23026";"1772821357792"
"924";"2026-03-06 15:23:37";"36.36";"42";"942.94";"3940";"5632";"-22.82227897644043";"-47.065643310546875";"626.2";"-104";"7.5";"23027";"1772821417863"
"925";"2026-03-06 15:24:37";"36.35";"41.5";"942.86";"3940";"5664";"-22.822298049926758";"-47.0656623840332";"616.2";"-103";"8.800000190734863";"23028";"1772821477827"
"926";"2026-03-06 15:25:37";"36.29";"41.5";"942.82";"3920";"5580";"-22.822284698486328";"-47.065670013427734";"613.5";"-105";"7.300000190734863";"23029";"1772821537830"
"927";"2026-03-06 15:26:37";"36.23";"42";"942.82";"3940";"5604";"-22.822288513183594";"-47.06565475463867";"616.4000000000001";"-102";"9";"23030";"1772821597819"
"928";"2026-03-06 15:27:37";"36.17";"41.5";"942.84";"3940";"5644";"-22.82227897644043";"-47.06563949584961";"618.4000000000001";"-100";"10.300000190734863";"23031";"1772821657827"
"929";"2026-03-06 15:28:37";"36.08";"42";"942.82";"3940";"5492";"-22.822256088256836";"-47.06562805175781";"619.4000000000001";"-104";"8.300000190734863";"23032";"1772821717817"
"930";"2026-03-06 15:29:37";"36.02";"42";"942.78";"3920";"5356";"-22.822261810302734";"-47.065643310546875";"618";"-104";"7.5";"23033";"1772821777822"
"931";"2026-03-06 15:30:37";"35.97";"42";"942.76";"3940";"5224";"-22.82227325439453";"-47.06564712524414";"622.5";"-103";"8.300000190734863";"23034";"1772821837824"
"932";"2026-03-06 15:31:37";"35.95";"42";"942.78";"3940";"5172";"-22.822282791137695";"-47.065643310546875";"619";"-104";"8";"23035";"1772821897796"
"933";"2026-03-06 15:32:37";"35.91";"42";"942.76";"3940";"5220";"-22.82228660583496";"-47.06563949584961";"620.5";"-101";"9.800000190734863";"23036";"1772821957788"
"934";"2026-03-06 15:33:37";"35.84";"42";"942.74";"3940";"5320";"-22.822298049926758";"-47.065643310546875";"620.5";"-103";"8.800000190734863";"23037";"1772822017825"
"935";"2026-03-06 15:34:37";"35.73";"42";"942.76";"3940";"5480";"-22.82227897644043";"-47.06565475463867";"619.2";"-104";"7.300000190734863";"23038";"1772822077818"
"936";"2026-03-06 15:35:37";"35.63";"42";"942.78";"3940";"5712";"-22.822282791137695";"-47.065643310546875";"619.2";"-106";"6.300000190734863";"23039";"1772822137798"
"937";"2026-03-06 15:36:37";"35.55";"42.5";"942.74";"3940";"5904";"-22.822256088256836";"-47.065616607666016";"623";"-103";"8.5";"23040";"1772822197825"
"938";"2026-03-06 15:37:37";"35.49";"42.5";"942.78";"3940";"6040";"-22.822288513183594";"-47.06562423706055";"619.7";"-104";"8";"23041";"1772822257812"
"939";"2026-03-06 15:38:37";"35.42";"42.5";"942.8000000000001";"3940";"6056";"-22.822288513183594";"-47.06560516357422";"623.2";"-103";"8.300000190734863";"23042";"1772822317819"
"940";"2026-03-06 15:39:37";"35.35";"42.5";"942.8000000000001";"3940";"6104";"-22.822263717651367";"-47.06561279296875";"621.7";"-105";"6.800000190734863";"23043";"1772822377847"
"941";"2026-03-06 15:40:37";"35.32";"42.5";"942.84";"3940";"6160";"-22.822237014770508";"-47.065616607666016";"625";"-103";"8";"23044";"1772822437778"
"942";"2026-03-06 15:41:37";"35.36";"42.5";"942.8000000000001";"3940";"6184";"-22.822235107421875";"-47.06562805175781";"621";"-104";"8.5";"23045";"1772822497813"
"943";"2026-03-06 15:42:37";"35.44";"42";"942.8000000000001";"3900";"6244";"-22.82223129272461";"-47.06561279296875";"624.4000000000001";"-104";"8.300000190734863";"23046";"1772822557813"
"944";"2026-03-06 15:43:37";"35.5";"42";"942.8000000000001";"3900";"6320";"-22.822219848632812";"-47.065608978271484";"628.2";"-103";"8.800000190734863";"23047";"1772822617805"
"945";"2026-03-06 15:44:37";"35.58";"42";"942.82";"3920";"6304";"-22.822223663330078";"-47.06562805175781";"632.5";"-104";"7.800000190734863";"23048";"1772822677826"
"946";"2026-03-06 15:45:37";"35.61";"41.5";"942.8000000000001";"3900";"6252";"-22.822233200073242";"-47.065643310546875";"630.5";"-103";"8.800000190734863";"23049";"1772822737814"
"947";"2026-03-06 15:46:37";"35.62";"42";"942.82";"3900";"6196";"-22.822229385375977";"-47.06563949584961";"629.2";"-104";"7.800000190734863";"23050";"1772822797815"
"948";"2026-03-06 15:47:37";"35.63";"42";"942.78";"3920";"6112";"-22.822237014770508";"-47.06564712524414";"628.4000000000001";"-105";"7.5";"23051";"1772822857782"
"949";"2026-03-06 15:48:37";"35.66";"41.5";"942.76";"3920";"6056";"-22.822246551513672";"-47.06564712524414";"624.9000000000001";"-104";"7.5";"23052";"1772822917823"
"950";"2026-03-06 15:49:37";"35.69";"41.5";"942.78";"3900";"6008";"-22.822269439697266";"-47.06563186645508";"617.9000000000001";"-104";"7.800000190734863";"23053";"1772822977813"
"951";"2026-03-06 15:50:37";"35.72";"41.5";"942.72";"3900";"5968";"-22.822267532348633";"-47.065643310546875";"616.2";"-104";"8.5";"23054";"1772823037841"
"952";"2026-03-06 15:51:37";"35.7";"41.5";"942.74";"3900";"6276";"-22.822246551513672";"-47.065643310546875";"618.7";"-102";"9.300000190734863";"23055";"1772823097806"
"953";"2026-03-06 15:52:37";"35.67";"41.5";"942.7";"3900";"6308";"-22.822233200073242";"-47.065650939941406";"620.5";"-102";"8.800000190734863";"23056";"1772823157824"
"954";"2026-03-06 15:53:37";"35.62";"41.5";"942.6800000000001";"3900";"6352";"-22.82221794128418";"-47.065650939941406";"625.2";"-103";"8.5";"23057";"1772823217823"
"955";"2026-03-06 15:54:37";"35.62";"41.5";"942.64";"3900";"6420";"-22.822227478027344";"-47.065643310546875";"630.2";"-104";"8.5";"23058";"1772823277853"
"956";"2026-03-06 15:55:37";"35.65";"41.5";"942.58";"3900";"6332";"-22.82222557067871";"-47.06563949584961";"628.9000000000001";"-104";"8";"23059";"1772823337794"
"957";"2026-03-06 15:56:37";"35.73";"41.5";"942.5600000000001";"3900";"6356";"-22.82223129272461";"-47.065643310546875";"626.4000000000001";"-102";"9.300000190734863";"23060";"1772823397799"
"958";"2026-03-06 15:57:37";"35.8";"41";"942.58";"3900";"6840";"-22.822233200073242";"-47.06564712524414";"621.9000000000001";"-103";"9.300000190734863";"23061";"1772823457791"
"959";"2026-03-06 15:58:37";"35.82";"41.5";"942.62";"3900";"6348";"-22.822246551513672";"-47.06565475463867";"620";"-103";"9";"23062";"1772823517793"
"960";"2026-03-06 15:59:37";"35.75";"41.5";"942.58";"3940";"6208";"-22.822246551513672";"-47.06565475463867";"619.9000000000001";"-101";"10";"23063";"1772823577828"
"961";"2026-03-06 16:00:37";"35.64";"41.5";"942.5600000000001";"3900";"5828";"-22.822208404541016";"-47.065677642822266";"629.7";"-101";"9.5";"23064";"1772823637821"
"962";"2026-03-06 16:01:37";"35.45";"42";"942.52";"3900";"5812";"-22.822233200073242";"-47.065670013427734";"624.7";"-104";"7.5";"23065";"1772823697829"
"963";"2026-03-06 16:02:37";"35.25";"42";"942.5";"3900";"5708";"-22.82223892211914";"-47.06566619873047";"622";"-101";"9.800000190734863";"23066";"1772823757823"
"964";"2026-03-06 16:03:37";"35.05";"42.5";"942.48";"3860";"5324";"-22.822242736816406";"-47.06565856933594";"625";"-100";"10.5";"23067";"1772823817812"
"965";"2026-03-06 16:04:37";"34.82";"43";"942.46";"3900";"5144";"-22.822235107421875";"-47.065650939941406";"632.7";"-100";"10";"23068";"1772823877817"
"966";"2026-03-06 16:05:37";"34.6";"43.5";"942.4200000000001";"3940";"5044";"-22.822246551513672";"-47.06566619873047";"625.9000000000001";"-102";"9.300000190734863";"23069";"1772823937810"
"967";"2026-03-06 16:06:37";"34.41";"43.5";"942.36";"3900";"4876";"-22.822240829467773";"-47.065643310546875";"624.2";"-101";"9.5";"23070";"1772823997828"
"968";"2026-03-06 16:07:37";"34.27";"44";"942.38";"3880";"4688";"-22.822233200073242";"-47.065643310546875";"622";"-99";"10.5";"23071";"1772824057826"
"969";"2026-03-06 16:08:37";"34.16";"44";"942.36";"3900";"4444";"-22.82224464416504";"-47.065650939941406";"621";"-100";"10";"23072";"1772824117815"
"970";"2026-03-06 16:09:37";"34.05";"44";"942.36";"3880";"4208";"-22.82224464416504";"-47.065673828125";"626.4000000000001";"-100";"10.300000190734863";"23073";"1772824177793"
"971";"2026-03-06 16:10:37";"33.92";"44.5";"942.38";"3900";"4016";"-22.822256088256836";"-47.065673828125";"624.5";"-100";"10.300000190734863";"23074";"1772824237866"
"972";"2026-03-06 16:11:37";"33.79";"44.5";"942.4";"3940";"3840";"-22.822256088256836";"-47.06568145751953";"618.7";"-101";"9.5";"23075";"1772824297791"
"973";"2026-03-06 16:12:37";"33.67";"44.5";"942.44";"3920";"3692";"-22.82225227355957";"-47.0656623840332";"626.4000000000001";"-103";"8.300000190734863";"23076";"1772824357789"
"974";"2026-03-06 16:13:37";"33.54";"44.5";"942.4";"3920";"3580";"-22.82223892211914";"-47.065650939941406";"627.5";"-100";"10.300000190734863";"23077";"1772824417811"
"975";"2026-03-06 16:14:37";"33.37";"45";"942.38";"3940";"3512";"-22.82224464416504";"-47.06563949584961";"622";"-101";"10";"23078";"1772824477810"
"976";"2026-03-06 16:15:37";"33.19";"45.5";"942.4200000000001";"3920";"3472";"-22.822248458862305";"-47.065650939941406";"624";"-99";"10.5";"23079";"1772824537818"
"977";"2026-03-06 16:16:37";"33.03";"45.5";"942.44";"3860";"3312";"-22.822261810302734";"-47.065643310546875";"623";"-100";"10.300000190734863";"23080";"1772824597788"
"978";"2026-03-06 16:17:37";"32.92";"45.5";"942.46";"3940";"3240";"-22.822254180908203";"-47.06565856933594";"624.7";"-101";"10";"23081";"1772824657814"
"979";"2026-03-06 16:18:37";"32.82";"45.5";"942.48";"3920";"3228";"-22.822246551513672";"-47.06566619873047";"627";"-100";"10.5";"23082";"1772824717824"
"980";"2026-03-06 16:19:37";"32.72";"46";"942.52";"3920";"3128";"-22.822265625";"-47.0656623840332";"627.4000000000001";"-100";"10.300000190734863";"23083";"1772824777790"
"981";"2026-03-06 16:20:37";"32.62";"46";"942.52";"3920";"3056";"-22.822248458862305";"-47.06564712524414";"624.7";"-101";"9.800000190734863";"23084";"1772824837823"
"982";"2026-03-06 16:21:37";"32.52";"46";"942.48";"3920";"3040";"-22.822223663330078";"-47.06563949584961";"628.5";"-100";"10.300000190734863";"23085";"1772824897830"
"983";"2026-03-06 16:22:37";"32.43";"46.5";"942.46";"3900";"3036";"-22.822240829467773";"-47.0656623840332";"622";"-101";"9.5";"23086";"1772824957812"
"984";"2026-03-06 16:23:37";"32.33";"46.5";"942.46";"3900";"3000";"-22.82223892211914";"-47.065650939941406";"629.5";"-101";"10";"23087";"1772825017818"
"985";"2026-03-06 16:24:37";"32.22";"46.5";"942.5";"3860";"2956";"-22.822248458862305";"-47.065635681152344";"628.4000000000001";"-102";"8.800000190734863";"23088";"1772825077812"
"986";"2026-03-06 16:25:37";"32.12";"47";"942.46";"3880";"2904";"-22.822242736816406";"-47.065643310546875";"629.5";"-101";"10";"23089";"1772825137814"
"987";"2026-03-06 16:26:37";"32.04";"47";"942.4200000000001";"3900";"2848";"-22.822250366210938";"-47.065643310546875";"626";"-100";"10.5";"23090";"1772825197786"
"988";"2026-03-06 16:27:37";"31.98";"47";"942.4";"3920";"2796";"-22.822267532348633";"-47.06564712524414";"625.4000000000001";"-100";"10";"23091";"1772825257793"
"989";"2026-03-06 16:28:37";"31.94";"47";"942.38";"3900";"2720";"-22.82225227355957";"-47.06563186645508";"628.2";"-100";"10.300000190734863";"23092";"1772825317811"
"990";"2026-03-06 16:29:37";"31.88";"47";"942.36";"3900";"2656";"-22.822269439697266";"-47.065635681152344";"630.4000000000001";"-100";"10.300000190734863";"23093";"1772825377810"
"991";"2026-03-06 16:30:37";"31.82";"47";"942.38";"3920";"2640";"-22.8222599029541";"-47.065643310546875";"630.7";"-101";"10.5";"23094";"1772825437821"
"992";"2026-03-06 16:31:37";"31.8";"47";"942.32";"3880";"2648";"-22.8222599029541";"-47.06565856933594";"626.5";"-100";"10.300000190734863";"23095";"1772825497812"
"993";"2026-03-06 16:32:37";"31.77";"47";"942.3000000000001";"3920";"2704";"-22.822254180908203";"-47.0656623840332";"624.2";"-101";"10";"23096";"1772825557806"
"994";"2026-03-06 16:33:37";"31.77";"47";"942.32";"3860";"2808";"-22.822248458862305";"-47.06565856933594";"621.4000000000001";"-100";"10.300000190734863";"23097";"1772825617819"
"995";"2026-03-06 16:34:37";"31.76";"47";"942.26";"3900";"2888";"-22.822256088256836";"-47.065670013427734";"619";"-101";"9.800000190734863";"23098";"1772825677820"
"996";"2026-03-06 16:35:37";"31.75";"47";"942.24";"3840";"2944";"-22.822246551513672";"-47.065650939941406";"621.7";"-100";"10.5";"23099";"1772825737802"
"997";"2026-03-06 16:36:37";"31.76";"47";"942.24";"3860";"3044";"-22.822246551513672";"-47.065650939941406";"620.5";"-101";"10";"23100";"1772825797820"
"998";"2026-03-06 16:37:37";"31.79";"47";"942.22";"3940";"3144";"-22.82223892211914";"-47.06565475463867";"621.2";"-101";"9.800000190734863";"23101";"1772825857816"
"999";"2026-03-06 16:38:37";"31.81";"47";"942.24";"3860";"3216";"-22.8222599029541";"-47.06565475463867";"626";"-101";"10.300000190734863";"23102";"1772825917822"
"1000";"2026-03-06 16:39:37";"31.83";"47";"942.26";"3920";"3276";"-22.82227325439453";"-47.06565475463867";"625.5";"-101";"9.5";"23103";"1772825977830"
"1001";"2026-03-06 16:40:37";"31.81";"47";"942.28";"3860";"3324";"-22.822290420532227";"-47.06565856933594";"628";"-103";"8.800000190734863";"23104";"1772826037825"
"1002";"2026-03-06 16:41:37";"31.74";"47";"942.26";"3860";"3356";"-22.822280883789062";"-47.06563186645508";"635.4000000000001";"-102";"9";"23105";"1772826097787"
"1003";"2026-03-06 16:42:37";"31.65";"47.5";"942.26";"3880";"3380";"-22.822263717651367";"-47.065635681152344";"635.2";"-103";"8.5";"23106";"1772826157811"
"1004";"2026-03-06 16:43:37";"31.54";"47.5";"942.3000000000001";"3880";"3384";"-22.822277069091797";"-47.065643310546875";"638";"-101";"9.5";"23107";"1772826217824"
"1005";"2026-03-06 16:44:37";"31.43";"48";"942.24";"3880";"3300";"-22.822294235229492";"-47.0656623840332";"633.2";"-101";"9.800000190734863";"23108";"1772826277815"
"1006";"2026-03-06 16:45:37";"31.33";"48.5";"942.3000000000001";"3880";"3144";"-22.822280883789062";"-47.06565475463867";"632.2";"-101";"9.800000190734863";"23109";"1772826337782"
"1007";"2026-03-06 16:46:37";"31.25";"48.5";"942.28";"3940";"3064";"-22.822256088256836";"-47.06565856933594";"625.2";"-104";"8";"23110";"1772826397817"
"1008";"2026-03-06 16:47:37";"31.18";"49";"942.22";"3920";"3060";"-22.822250366210938";"-47.06565475463867";"627.2";"-102";"9";"23111";"1772826457793"
"1009";"2026-03-06 16:48:37";"31.12";"49";"942.2";"3920";"3064";"-22.822263717651367";"-47.0656623840332";"631.5";"-101";"10.300000190734863";"23112";"1772826517800"
"1010";"2026-03-06 16:49:37";"31.06";"49";"942.22";"3940";"3108";"-22.822265625";"-47.06566619873047";"627.5";"-101";"9.800000190734863";"23113";"1772826577818"
"1011";"2026-03-06 16:50:37";"31.02";"49.5";"942.22";"3960";"3156";"-22.822250366210938";"-47.06563949584961";"630.5";"-103";"8.5";"23114";"1772826637815"
"1012";"2026-03-06 16:51:37";"30.99";"49.5";"942.26";"3900";"3208";"-22.8222599029541";"-47.06564712524414";"630.5";"-102";"9";"23115";"1772826697828"
"1013";"2026-03-06 16:52:37";"30.95";"49.5";"942.24";"3920";"3248";"-22.822263717651367";"-47.06565475463867";"630";"-100";"10.300000190734863";"23116";"1772826757809"
"1014";"2026-03-06 16:53:37";"30.93";"49.5";"942.2";"3920";"3272";"-22.82227897644043";"-47.06565475463867";"629.2";"-102";"9.300000190734863";"23117";"1772826817793"
"1015";"2026-03-06 16:54:37";"30.91";"49.5";"942.24";"3940";"3288";"-22.822275161743164";"-47.0656623840332";"623.9000000000001";"-100";"10.5";"23118";"1772826877790"
"1016";"2026-03-06 16:55:37";"30.89";"49.5";"942.24";"3880";"3280";"-22.822277069091797";"-47.06565856933594";"632.5";"-102";"9.300000190734863";"23119";"1772826937795"
"1017";"2026-03-06 16:56:37";"30.86";"50";"942.26";"3920";"3280";"-22.822256088256836";"-47.065650939941406";"631.4000000000001";"-100";"10.5";"23120";"1772826997812"
"1018";"2026-03-06 16:57:37";"30.83";"50";"942.24";"3940";"3248";"-22.8222713470459";"-47.06562805175781";"643.2";"-102";"9";"23121";"1772827057812"
"1019";"2026-03-06 16:58:37";"30.8";"50";"942.28";"3900";"3244";"-22.82227325439453";"-47.06563186645508";"638.2";"-100";"10.5";"23122";"1772827117835"
"1020";"2026-03-06 16:59:37";"30.77";"50";"942.26";"3900";"3260";"-22.822277069091797";"-47.06562805175781";"635.2";"-101";"10.300000190734863";"23123";"1772827177788"
"1021";"2026-03-06 17:00:37";"30.74";"50";"942.28";"3900";"3272";"-22.822275161743164";"-47.065608978271484";"634.7";"-104";"7.5";"23124";"1772827237827"
"1022";"2026-03-06 17:01:37";"30.71";"50";"942.28";"3900";"3264";"-22.822277069091797";"-47.06560134887695";"643.4000000000001";"-101";"9.5";"23125";"1772827297823"
"1023";"2026-03-06 17:02:37";"30.68";"50.5";"942.26";"3920";"3240";"-22.822280883789062";"-47.06558609008789";"645.2";"-101";"9.800000190734863";"23126";"1772827357826"
"1024";"2026-03-06 17:03:37";"30.64";"50.5";"942.24";"3880";"3204";"-22.822265625";"-47.06562042236328";"630.9000000000001";"-101";"9.300000190734863";"23127";"1772827417790"
"1025";"2026-03-06 17:04:37";"30.62";"50.5";"942.22";"3920";"3148";"-22.822254180908203";"-47.06559753417969";"629.7";"-101";"9.5";"23128";"1772827477815"
"1026";"2026-03-06 17:05:37";"30.6";"50.5";"942.24";"3940";"3088";"-22.82225227355957";"-47.065608978271484";"631.5";"-100";"10.5";"23129";"1772827537815"
"1027";"2026-03-06 17:06:37";"30.6";"50.5";"942.22";"3860";"3020";"-22.822240829467773";"-47.06559371948242";"638.7";"-101";"9.5";"23130";"1772827597826"
"1028";"2026-03-06 17:07:37";"30.61";"50.5";"942.22";"3940";"2960";"-22.822265625";"-47.065616607666016";"632.7";"-101";"10";"23131";"1772827657788"
"1029";"2026-03-06 17:08:37";"30.62";"50.5";"942.1800000000001";"3900";"2928";"-22.822280883789062";"-47.065635681152344";"627.5";"-101";"9.5";"23132";"1772827717806"
"1030";"2026-03-06 17:09:37";"30.62";"50";"942.1800000000001";"3980";"2920";"-22.822282791137695";"-47.065635681152344";"628.9000000000001";"-100";"10.300000190734863";"23133";"1772827777820"
"1031";"2026-03-06 17:10:37";"30.59";"50.5";"942.1800000000001";"3880";"2912";"-22.822284698486328";"-47.06562805175781";"633";"-100";"10.5";"23134";"1772827837827"
"1032";"2026-03-06 17:11:37";"30.57";"50.5";"942.16";"3900";"2884";"-22.822277069091797";"-47.06562805175781";"634.5";"-102";"9.5";"23135";"1772827897819"
"1033";"2026-03-06 17:12:37";"30.54";"50.5";"942.1800000000001";"3940";"2844";"-22.82227897644043";"-47.06562042236328";"631";"-100";"10.5";"23136";"1772827957829"
"1034";"2026-03-06 17:13:37";"30.5";"50.5";"942.22";"3900";"2804";"-22.822277069091797";"-47.06560134887695";"634.5";"-100";"10.300000190734863";"23137";"1772828017806"
"1035";"2026-03-06 17:14:37";"30.46";"50.5";"942.16";"3940";"2776";"-22.822275161743164";"-47.06562805175781";"633";"-101";"9.5";"23138";"1772828077820"
"1036";"2026-03-06 17:15:37";"30.43";"50.5";"942.16";"3900";"2752";"-22.8222713470459";"-47.06563186645508";"636.5";"-100";"10.5";"23139";"1772828137788"
"1037";"2026-03-06 17:16:37";"30.4";"50.5";"942.2";"3920";"2744";"-22.82227325439453";"-47.065635681152344";"633.9000000000001";"-101";"10";"23140";"1772828197820"
"1038";"2026-03-06 17:17:37";"30.36";"51";"942.16";"3900";"2720";"-22.822269439697266";"-47.06560134887695";"636.4000000000001";"-100";"10.5";"23141";"1772828257825"
"1039";"2026-03-06 17:18:37";"30.33";"51";"942.16";"3880";"2676";"-22.822277069091797";"-47.06559753417969";"634.5";"-101";"9.800000190734863";"23142";"1772828317820"
"1040";"2026-03-06 17:19:37";"30.29";"51";"942.16";"3880";"2628";"-22.82227325439453";"-47.06560134887695";"632.5";"-101";"10";"23143";"1772828377786"
"1041";"2026-03-06 17:20:37";"30.26";"51";"942.2";"3920";"2600";"-22.822269439697266";"-47.06560516357422";"633.4000000000001";"-101";"9.800000190734863";"23144";"1772828437814"
"1042";"2026-03-06 17:21:37";"30.22";"51";"942.1800000000001";"3920";"2604";"-22.822267532348633";"-47.065616607666016";"631.5";"-100";"10.5";"23145";"1772828497826"
"1043";"2026-03-06 17:22:37";"30.2";"51";"942.1800000000001";"3880";"2620";"-22.822256088256836";"-47.065616607666016";"630.2";"-102";"9";"23146";"1772828557797"
"1044";"2026-03-06 17:23:37";"30.18";"51";"942.16";"3900";"2644";"-22.822277069091797";"-47.06562042236328";"631";"-101";"9";"23147";"1772828617793"
"1045";"2026-03-06 17:24:37";"30.18";"51";"942.1800000000001";"3880";"2668";"-22.822277069091797";"-47.065635681152344";"632";"-101";"9.300000190734863";"23148";"1772828677818"
"1046";"2026-03-06 17:25:37";"30.17";"51";"942.16";"3880";"2656";"-22.822265625";"-47.06563186645508";"628.2";"-101";"9.300000190734863";"23149";"1772828737808"
"1047";"2026-03-06 17:26:37";"30.15";"51";"942.16";"3940";"2592";"-22.822267532348633";"-47.06565856933594";"624.7";"-101";"10.300000190734863";"23150";"1772828797822"
"1048";"2026-03-06 17:27:37";"30.15";"51";"942.1800000000001";"3880";"2500";"-22.8222713470459";"-47.06566619873047";"621.7";"-99";"10.5";"23151";"1772828857790"
"1049";"2026-03-06 17:28:37";"30.14";"51";"942.24";"3880";"2424";"-22.822298049926758";"-47.065670013427734";"623";"-101";"10.300000190734863";"23152";"1772828917856"
"1050";"2026-03-06 17:29:37";"30.12";"51.5";"942.26";"3900";"2368";"-22.822311401367188";"-47.065677642822266";"620";"-102";"9.5";"23153";"1772828977794"
"1051";"2026-03-06 17:30:37";"30.09";"51.5";"942.3000000000001";"3900";"2316";"-22.822296142578125";"-47.0656623840332";"621.2";"-101";"10.300000190734863";"23154";"1772829037788"
"1052";"2026-03-06 17:31:37";"30.08";"51.5";"942.28";"3860";"2272";"-22.82227897644043";"-47.0656623840332";"618.7";"-101";"9.5";"23155";"1772829097789"
"1053";"2026-03-06 17:32:37";"30.06";"51.5";"942.32";"3860";"2248";"-22.822280883789062";"-47.065673828125";"617";"-100";"10.300000190734863";"23156";"1772829157781"
"1054";"2026-03-06 17:33:37";"30.03";"51.5";"942.32";"3920";"2240";"-22.822267532348633";"-47.06568145751953";"613";"-101";"10.5";"23157";"1772829217811"
"1055";"2026-03-06 17:34:37";"30.01";"51.5";"942.3000000000001";"3940";"2208";"-22.822265625";"-47.06569290161133";"610.5";"-100";"10.5";"23158";"1772829277820"
"1056";"2026-03-06 17:35:37";"29.98";"51.5";"942.3000000000001";"3940";"2160";"-22.822284698486328";"-47.065704345703125";"610";"-101";"10";"23159";"1772829337784"
"1057";"2026-03-06 17:36:37";"29.95";"52";"942.28";"3920";"2104";"-22.822315216064453";"-47.065731048583984";"609.7";"-101";"9.800000190734863";"23160";"1772829397826"
"1058";"2026-03-06 17:37:37";"29.92";"52";"942.26";"3860";"2044";"-22.822284698486328";"-47.06570053100586";"609.2";"-100";"10.300000190734863";"23161";"1772829457824"
"1059";"2026-03-06 17:38:37";"29.89";"52";"942.26";"3940";"1988";"-22.822307586669922";"-47.065711975097656";"609.5";"-101";"9.800000190734863";"23162";"1772829517819"
"1060";"2026-03-06 17:39:37";"29.86";"52";"942.22";"3880";"1916";"-22.82231903076172";"-47.06570053100586";"614";"-100";"10.5";"23163";"1772829577788"
"1061";"2026-03-06 17:40:37";"29.82";"52";"942.24";"3880";"1848";"-22.82232666015625";"-47.06571578979492";"613.2";"-101";"9.800000190734863";"23164";"1772829637820"
"1062";"2026-03-06 17:41:37";"29.77";"52";"942.2";"3880";"1780";"-22.82232666015625";"-47.06571960449219";"610.7";"-99";"10.800000190734863";"23165";"1772829697781"
"1063";"2026-03-06 17:42:37";"29.72";"52";"942.16";"3860";"1728";"-22.822359085083008";"-47.065738677978516";"610.2";"-100";"10.5";"23166";"1772829757790"
"1064";"2026-03-06 17:43:37";"29.67";"52.5";"942.16";"3880";"1672";"-22.822343826293945";"-47.065731048583984";"612.5";"-102";"9";"23167";"1772829817822"
"1065";"2026-03-06 17:44:37";"29.6";"52.5";"942.14";"3860";"1624";"-22.822338104248047";"-47.06571578979492";"613.5";"-101";"10.300000190734863";"23168";"1772829877834"
"1066";"2026-03-06 17:45:37";"29.56";"52.5";"942.12";"3920";"1552";"-22.822330474853516";"-47.06569290161133";"620.2";"-101";"9.300000190734863";"23169";"1772829937827"
"1067";"2026-03-06 17:46:37";"29.52";"52.5";"942.16";"3860";"1484";"-22.822324752807617";"-47.06571578979492";"618.9000000000001";"-100";"10.300000190734863";"23170";"1772829997797"
"1068";"2026-03-06 17:47:37";"29.46";"53";"942.12";"3880";"1420";"-22.822303771972656";"-47.0656852722168";"626.2";"-101";"9.5";"23171";"1772830057821"
"1069";"2026-03-06 17:48:37";"29.4";"53";"942.12";"3920";"1360";"-22.82232666015625";"-47.06571960449219";"620.4000000000001";"-100";"10.300000190734863";"23172";"1772830117814"
"1070";"2026-03-06 17:49:37";"29.35";"53";"942.12";"3920";"1296";"-22.822309494018555";"-47.06569290161133";"622.5";"-100";"10.5";"23173";"1772830177822"
"1071";"2026-03-06 17:50:37";"29.29";"53";"942.1";"3860";"1240";"-22.822221755981445";"-47.06557846069336";"639.2";"-100";"10.5";"23174";"1772830237845"
"1072";"2026-03-06 17:51:37";"29.24";"53";"942.1";"3860";"1192";"-22.82223892211914";"-47.065589904785156";"638.7";"-101";"9.5";"23175";"1772830297811"
"1073";"2026-03-06 17:52:37";"29.2";"53";"942.1";"3900";"1148";"-22.822328567504883";"-47.065704345703125";"619.7";"-100";"10.300000190734863";"23176";"1772830357827"
"1074";"2026-03-06 17:53:37";"29.14";"53.5";"942.08";"3880";"1092";"-22.82229995727539";"-47.0656852722168";"622";"-100";"10.5";"23177";"1772830417826"
"1075";"2026-03-06 17:54:37";"29.08";"53.5";"942.08";"3860";"1036";"-22.822261810302734";"-47.06565475463867";"628.4000000000001";"-100";"10.300000190734863";"23178";"1772830477791"
"1076";"2026-03-06 17:55:37";"29.02";"53.5";"942.04";"3880";"972";"-22.822269439697266";"-47.065650939941406";"627";"-100";"10.300000190734863";"23179";"1772830537825"
"1077";"2026-03-06 17:56:37";"28.94";"54";"942.0600000000001";"3900";"916";"-22.822290420532227";"-47.065670013427734";"625.2";"-100";"10.300000190734863";"23180";"1772830597826"
"1078";"2026-03-06 17:57:37";"28.88";"54";"942.08";"3860";"864";"-22.822275161743164";"-47.06566619873047";"623";"-100";"10.5";"23181";"1772830657817"
"1079";"2026-03-06 17:58:37";"28.83";"54";"942.0600000000001";"3860";"824";"-22.82228660583496";"-47.06565856933594";"628.5";"-100";"10.300000190734863";"23182";"1772830717785"
"1080";"2026-03-06 17:59:37";"28.78";"54";"942.12";"3880";"784";"-22.822267532348633";"-47.06563949584961";"632.5";"-101";"9.800000190734863";"23183";"1772830777822"
"1081";"2026-03-06 18:00:37";"28.73";"54";"942.14";"3860";"744";"-22.822275161743164";"-47.0656623840332";"624.9000000000001";"-100";"10.300000190734863";"23184";"1772830837817"
"1082";"2026-03-06 18:01:37";"28.67";"54.5";"942.14";"3880";"704";"-22.82229232788086";"-47.06568908691406";"618.5";"-101";"10.5";"23185";"1772830897828"
"1083";"2026-03-06 18:02:37";"28.61";"54.5";"942.16";"3880";"664";"-22.822280883789062";"-47.06566619873047";"620.9000000000001";"-101";"10.300000190734863";"23186";"1772830957818"
"1084";"2026-03-06 18:03:37";"28.56";"54.5";"942.16";"3840";"624";"-22.822275161743164";"-47.06566619873047";"619";"-101";"9.800000190734863";"23187";"1772831017816"
"1085";"2026-03-06 18:04:37";"28.51";"55";"942.1800000000001";"3880";"592";"-22.822311401367188";"-47.06571578979492";"609.5";"-101";"10.300000190734863";"23188";"1772831077829"
"1086";"2026-03-06 18:05:37";"28.46";"55";"942.12";"3860";"564";"-22.8222599029541";"-47.065677642822266";"616.7";"-103";"8.800000190734863";"23189";"1772831137816"
"1087";"2026-03-06 18:06:37";"28.41";"55";"942.16";"3860";"544";"-22.822294235229492";"-47.065696716308594";"612.2";"-101";"9.5";"23190";"1772831197787"
"1088";"2026-03-06 18:07:37";"28.35";"55";"942.1800000000001";"3880";"536";"-22.82227325439453";"-47.065673828125";"615.2";"-102";"9.300000190734863";"23191";"1772831257787"
"1089";"2026-03-06 18:08:37";"28.31";"55.5";"942.1800000000001";"3860";"524";"-22.82232666015625";"-47.06571960449219";"609.5";"-101";"9.5";"23192";"1772831317807"
"1090";"2026-03-06 18:09:37";"28.26";"55.5";"942.16";"3900";"516";"-22.822345733642578";"-47.065738677978516";"609.5";"-101";"9.5";"23193";"1772831377820"
"1091";"2026-03-06 18:10:37";"28.2";"55.5";"942.1800000000001";"3860";"508";"-22.822372436523438";"-47.06575012207031";"606.4";"-101";"9.5";"23194";"1772831437860"
"1092";"2026-03-06 18:11:37";"28.16";"55.5";"942.2";"3840";"496";"-22.822399139404297";"-47.065757751464844";"604";"-102";"9";"23195";"1772831497788"
"1093";"2026-03-06 18:12:37";"28.11";"55.5";"942.24";"3900";"480";"-22.822317123413086";"-47.06571960449219";"609.4";"-101";"10";"23196";"1772831557780"
"1094";"2026-03-06 18:13:37";"28.06";"56";"942.26";"3880";"460";"-22.822290420532227";"-47.06570053100586";"611.5";"-103";"8.800000190734863";"23197";"1772831617789"
"1095";"2026-03-06 18:14:37";"28.01";"56";"942.22";"3840";"448";"-22.822277069091797";"-47.06570816040039";"607";"-100";"10.5";"23198";"1772831677789"
"1096";"2026-03-06 18:15:37";"27.96";"56";"942.24";"3860";"432";"-22.822254180908203";"-47.06566619873047";"616.2";"-101";"9.300000190734863";"23199";"1772831737815"
"1097";"2026-03-06 18:16:37";"27.92";"56";"942.28";"3840";"408";"-22.82229995727539";"-47.06568908691406";"610.9";"-103";"8.800000190734863";"23200";"1772831797808"
"1098";"2026-03-06 18:17:37";"27.88";"56";"942.22";"3840";"380";"-22.822296142578125";"-47.0656852722168";"614.5";"-102";"9";"23201";"1772831857814"
"1099";"2026-03-06 18:18:37";"27.83";"56";"942.28";"3880";"356";"-22.82229232788086";"-47.06566619873047";"618";"-104";"8";"23202";"1772831917842"
"1100";"2026-03-06 18:19:37";"27.78";"56.5";"942.28";"3880";"332";"-22.822263717651367";"-47.06563186645508";"622.4000000000001";"-101";"10";"23203";"1772831977823"
"1101";"2026-03-06 18:20:37";"27.73";"56";"942.26";"3840";"308";"-22.822240829467773";"-47.065616607666016";"627";"-106";"6.5";"23204";"1772832037820"
"1102";"2026-03-06 18:21:37";"27.69";"56.5";"942.3000000000001";"3840";"292";"-22.82222557067871";"-47.065616607666016";"626.7";"-103";"8.5";"23205";"1772832097822"
"1103";"2026-03-06 18:22:37";"27.64";"56.5";"942.3000000000001";"3860";"268";"-22.822248458862305";"-47.065608978271484";"623.2";"-100";"10";"23206";"1772832157790"
"1104";"2026-03-06 18:23:37";"27.59";"56.5";"942.24";"3840";"248";"-22.822256088256836";"-47.06561279296875";"624";"-100";"10.300000190734863";"23207";"1772832217827"
"1105";"2026-03-06 18:24:37";"27.55";"56.5";"942.28";"3880";"228";"-22.822256088256836";"-47.06563186645508";"625";"-102";"9";"23208";"1772832277791"
"1106";"2026-03-06 18:25:37";"27.51";"56.5";"942.32";"3840";"208";"-22.822261810302734";"-47.06562042236328";"622.7";"-102";"9.5";"23209";"1772832337813"
"1107";"2026-03-06 18:26:37";"27.47";"56.5";"942.34";"3840";"192";"-22.822250366210938";"-47.06560516357422";"617.2";"-103";"8";"23210";"1772832397789"
"1108";"2026-03-06 18:27:37";"27.44";"56.5";"942.32";"3880";"176";"-22.822227478027344";"-47.06562423706055";"625.2";"-102";"9.300000190734863";"23211";"1772832457819"
"1109";"2026-03-06 18:28:37";"27.4";"56.5";"942.34";"3840";"156";"-22.82221794128418";"-47.065608978271484";"629";"-102";"9";"23212";"1772832517814"
"1110";"2026-03-06 18:29:37";"27.36";"56.5";"942.36";"3900";"144";"-22.822248458862305";"-47.06564712524414";"620.7";"-100";"10.300000190734863";"23213";"1772832577812"
"1111";"2026-03-06 18:30:37";"27.32";"56.5";"942.38";"3860";"128";"-22.822303771972656";"-47.065650939941406";"612.7";"-101";"9.5";"23214";"1772832637779"
"1112";"2026-03-06 18:31:37";"27.28";"57";"942.36";"3840";"116";"-22.822284698486328";"-47.065643310546875";"620.2";"-104";"8.5";"23215";"1772832697782"
"1113";"2026-03-06 18:32:37";"27.25";"57";"942.38";"3840";"100";"-22.822280883789062";"-47.06563186645508";"616.5";"-100";"10.5";"23216";"1772832757826"
"1114";"2026-03-06 18:33:37";"27.22";"57";"942.4";"3840";"88";"-22.822288513183594";"-47.06564712524414";"614.9000000000001";"-104";"7.300000190734863";"23217";"1772832817815"
"1115";"2026-03-06 18:34:37";"27.19";"57";"942.4";"3880";"76";"-22.822267532348633";"-47.06563949584961";"621.4000000000001";"-103";"8.800000190734863";"23218";"1772832877781"
"1116";"2026-03-06 18:35:37";"27.14";"57";"942.44";"3840";"68";"-22.822261810302734";"-47.06563949584961";"626.2";"-101";"9.5";"23219";"1772832937820"
"1117";"2026-03-06 18:36:37";"27.11";"57.5";"942.44";"3800";"60";"-22.822263717651367";"-47.06562423706055";"624";"-102";"9";"23220";"1772832997814"
"1118";"2026-03-06 18:37:37";"27.08";"57.5";"942.44";"3880";"52";"-22.822246551513672";"-47.06561279296875";"625.7";"-102";"9";"23221";"1772833057815"
"1119";"2026-03-06 18:38:37";"27.05";"57.5";"942.44";"3840";"48";"-22.822261810302734";"-47.065635681152344";"626.9000000000001";"-107";"5.300000190734863";"23222";"1772833117801"
"1120";"2026-03-06 18:39:37";"27.01";"57.5";"942.46";"3820";"44";"-22.822261810302734";"-47.06561279296875";"619.7";"-108";"4.5";"23223";"1772833177815"
"1121";"2026-03-06 18:40:37";"26.98";"57.5";"942.44";"3820";"36";"-22.822265625";"-47.065608978271484";"620.7";"-104";"8.300000190734863";"23224";"1772833237813"
"1122";"2026-03-06 18:41:37";"26.95";"57.5";"942.48";"3840";"32";"-22.822261810302734";"-47.065608978271484";"623.2";"-102";"9.300000190734863";"23225";"1772833297815"
"1123";"2026-03-06 18:42:37";"26.92";"57.5";"942.46";"3840";"28";"-22.82225799560547";"-47.06562805175781";"623.4000000000001";"-104";"7.300000190734863";"23226";"1772833357786"
"1124";"2026-03-06 18:43:37";"26.9";"57.5";"942.54";"3840";"24";"-22.822261810302734";"-47.065616607666016";"619.7";"-106";"6.5";"23227";"1772833417775"
"1125";"2026-03-06 18:44:37";"26.86";"57.5";"942.5";"3880";"24";"-22.822267532348633";"-47.065635681152344";"616.5";"-106";"6.300000190734863";"23228";"1772833477823"
"1126";"2026-03-06 18:45:37";"26.84";"58";"942.5600000000001";"3880";"20";"-22.822267532348633";"-47.06563949584961";"614.5";"-102";"9";"23229";"1772833537811"
"1127";"2026-03-06 18:46:37";"26.8";"58";"942.5600000000001";"3880";"20";"-22.822237014770508";"-47.065616607666016";"626.5";"-108";"4.800000190734863";"23230";"1772833597788"
"1128";"2026-03-06 18:47:37";"26.76";"58";"942.64";"3780";"20";"-22.822256088256836";"-47.06563186645508";"623.7";"-104";"7.300000190734863";"23231";"1772833657822"
"1129";"2026-03-06 18:48:37";"26.72";"58.5";"942.6";"3860";"16";"-22.822254180908203";"-47.06560516357422";"626.4000000000001";"-108";"5";"23232";"1772833717791"
"1130";"2026-03-06 18:49:37";"26.68";"59";"942.6";"3820";"16";"-22.822267532348633";"-47.06562042236328";"625.4000000000001";"-102";"9.300000190734863";"23233";"1772833777821"
"1131";"2026-03-06 18:50:37";"26.64";"59";"942.62";"3820";"16";"-22.822263717651367";"-47.065616607666016";"626.5";"-102";"9";"23234";"1772833837792"
"1132";"2026-03-06 18:51:37";"26.6";"59";"942.6";"3820";"16";"-22.822277069091797";"-47.065616607666016";"624.7";"-103";"8.5";"23235";"1772833897823"
"1133";"2026-03-06 18:52:37";"26.57";"59";"942.58";"3840";"16";"-22.822280883789062";"-47.06562042236328";"617";"-103";"8";"23236";"1772833957794"
"1134";"2026-03-06 18:53:37";"26.53";"59";"942.5600000000001";"3820";"16";"-22.822265625";"-47.065616607666016";"622.7";"-102";"9";"23237";"1772834017823"
"1135";"2026-03-06 18:54:37";"26.5";"59.5";"942.54";"3820";"16";"-22.822263717651367";"-47.06562805175781";"621.7";"-102";"9.300000190734863";"23238";"1772834077787"
"1136";"2026-03-06 18:55:37";"26.46";"59.5";"942.54";"3840";"16";"-22.82225227355957";"-47.06562423706055";"621.5";"-101";"10.300000190734863";"23239";"1772834137792"
"1137";"2026-03-06 18:56:37";"26.43";"59.5";"942.52";"3820";"16";"-22.822265625";"-47.065635681152344";"622.7";"-102";"9";"23240";"1772834197821"
"1138";"2026-03-06 18:57:37";"26.4";"59.5";"942.5";"3820";"16";"-22.822288513183594";"-47.065635681152344";"619.7";"-103";"8.800000190734863";"23241";"1772834257822"
"1139";"2026-03-06 18:58:37";"26.37";"59.5";"942.48";"3820";"16";"-22.822296142578125";"-47.065616607666016";"619.5";"-102";"9";"23242";"1772834317792"
"1140";"2026-03-06 18:59:37";"26.35";"59.5";"942.52";"3820";"16";"-22.82229995727539";"-47.06562423706055";"620.7";"-102";"9";"23243";"1772834377784"
"1141";"2026-03-06 19:00:37";"26.32";"59.5";"942.5";"3880";"16";"-22.822280883789062";"-47.06563949584961";"619.5";"-102";"9";"23244";"1772834437793"
"1142";"2026-03-06 19:01:37";"26.29";"59.5";"942.48";"3880";"16";"-22.822265625";"-47.06565475463867";"620.2";"-102";"8.800000190734863";"23245";"1772834497788"
"1143";"2026-03-06 19:02:37";"26.27";"59.5";"942.46";"3820";"16";"-22.822256088256836";"-47.065635681152344";"619.5";"-102";"9";"23246";"1772834557799"
"1144";"2026-03-06 19:03:37";"26.24";"59.5";"942.5";"3800";"16";"-22.822269439697266";"-47.06562042236328";"620.9000000000001";"-103";"9";"23247";"1772834617784"
"1145";"2026-03-06 19:04:37";"26.21";"59.5";"942.48";"3820";"16";"-22.822282791137695";"-47.065616607666016";"625.7";"-103";"8.5";"23248";"1772834677825"
"1146";"2026-03-06 19:05:37";"26.18";"59.5";"942.54";"3820";"16";"-22.822256088256836";"-47.065608978271484";"624.4000000000001";"-103";"8.5";"23249";"1772834737815"
"1147";"2026-03-06 19:06:37";"26.15";"60";"942.54";"3860";"16";"-22.822263717651367";"-47.06561279296875";"621.4000000000001";"-105";"7";"23250";"1772834797818"
"1148";"2026-03-06 19:07:37";"26.13";"59.5";"942.58";"3880";"16";"-22.822254180908203";"-47.065616607666016";"622.7";"-103";"8.800000190734863";"23251";"1772834857810"
"1149";"2026-03-06 19:08:37";"26.11";"60";"942.6";"3880";"16";"-22.82229232788086";"-47.065608978271484";"623.7";"-102";"9";"23252";"1772834917823"
"1150";"2026-03-06 19:09:37";"26.09";"60";"942.58";"3840";"12";"-22.82228660583496";"-47.065616607666016";"624.9000000000001";"-106";"6.5";"23253";"1772834977822"
"1151";"2026-03-06 19:10:37";"26.07";"60";"942.6";"3800";"16";"-22.822277069091797";"-47.06565475463867";"620.7";"-102";"9.300000190734863";"23254";"1772835037820"
"1152";"2026-03-06 19:11:37";"26.05";"60";"942.64";"3880";"16";"-22.8222713470459";"-47.06565856933594";"620";"-105";"7.300000190734863";"23255";"1772835097823"
"1153";"2026-03-06 19:12:37";"26.03";"60";"942.66";"3840";"16";"-22.822277069091797";"-47.06566619873047";"622.5";"-101";"9.300000190734863";"23256";"1772835157812"
"1154";"2026-03-06 19:13:37";"26.01";"60.5";"942.62";"3840";"16";"-22.822267532348633";"-47.06566619873047";"625.2";"-103";"8.5";"23257";"1772835217824"
"1155";"2026-03-06 19:14:37";"25.99";"60.5";"942.72";"3800";"16";"-22.822267532348633";"-47.06568145751953";"616.7";"-109";"3.799999952316284";"23258";"1772835277791"
"1156";"2026-03-06 19:15:37";"25.97";"61";"942.6800000000001";"3820";"16";"-22.82228660583496";"-47.06565475463867";"616.4000000000001";"-106";"6.300000190734863";"23259";"1772835337827"
"1157";"2026-03-06 19:16:37";"25.94";"61";"942.6800000000001";"3880";"16";"-22.82227897644043";"-47.06565475463867";"622.5";"-102";"9";"23260";"1772835397810"
"1158";"2026-03-06 19:17:37";"25.93";"61";"942.72";"3820";"16";"-22.822265625";"-47.065643310546875";"617.7";"-103";"8.800000190734863";"23261";"1772835457830"
"1159";"2026-03-06 19:18:37";"25.91";"61";"942.7";"3860";"16";"-22.822280883789062";"-47.06566619873047";"626.5";"-104";"7.800000190734863";"23262";"1772835517803"
"1160";"2026-03-06 19:19:37";"25.9";"60.5";"942.74";"3820";"16";"-22.82227897644043";"-47.06566619873047";"617.7";"-112";"0";"23263";"1772835577801"
"1161";"2026-03-06 19:20:37";"25.89";"61";"942.76";"3800";"16";"-22.82227897644043";"-47.065670013427734";"618.5";"-114";"-6.300000190734863";"23264";"1772835637831"
"1162";"2026-03-06 19:21:37";"25.86";"61";"942.6800000000001";"3800";"16";"-22.822288513183594";"-47.065650939941406";"626.7";"-104";"8.300000190734863";"23265";"1772835697828"
"1163";"2026-03-06 19:22:37";"25.86";"61.5";"942.7";"3840";"16";"-22.822288513183594";"-47.065650939941406";"634.7";"-106";"6.5";"23266";"1772835757813"
"1164";"2026-03-06 19:23:37";"25.84";"61.5";"942.62";"3820";"16";"-22.822303771972656";"-47.06563949584961";"631.5";"-109";"4";"23267";"1772835817814"
"1165";"2026-03-06 19:24:37";"25.83";"61.5";"942.62";"3800";"16";"-22.822301864624023";"-47.065635681152344";"630.4000000000001";"-103";"9";"23268";"1772835877827"
"1166";"2026-03-06 19:25:37";"25.82";"61.5";"942.64";"3800";"16";"-22.822288513183594";"-47.0656623840332";"629";"-102";"9.300000190734863";"23269";"1772835937819"
"1167";"2026-03-06 19:26:37";"25.81";"61.5";"942.64";"3800";"16";"-22.822275161743164";"-47.0656623840332";"627.9000000000001";"-109";"3.799999952316284";"23270";"1772835997806"
"1168";"2026-03-06 19:27:37";"25.8";"62";"942.6";"3800";"16";"-22.822290420532227";"-47.065650939941406";"624.5";"-106";"6.5";"23271";"1772836057838"
"1169";"2026-03-06 19:28:37";"25.79";"62";"942.5600000000001";"3820";"16";"-22.822277069091797";"-47.065643310546875";"629.2";"-102";"9.5";"23272";"1772836117832"
"1170";"2026-03-06 19:29:37";"25.78";"61.5";"942.54";"3840";"16";"-22.822288513183594";"-47.06565475463867";"627.7";"-105";"6.800000190734863";"23273";"1772836177841"
"1171";"2026-03-06 19:30:37";"25.78";"62";"942.52";"3820";"16";"-22.822294235229492";"-47.06561279296875";"631.5";"-109";"3.299999952316284";"23274";"1772836237836"
"1172";"2026-03-06 19:31:37";"25.76";"62";"942.52";"3800";"16";"-22.822284698486328";"-47.06561279296875";"627.2";"-103";"7.800000190734863";"23275";"1772836297826"
"1173";"2026-03-06 19:32:37";"25.75";"62";"942.48";"3800";"16";"-22.822288513183594";"-47.06558609008789";"627";"-112";"-1.5";"23276";"1772836357819"
"1174";"2026-03-06 19:33:37";"25.73";"62.5";"942.44";"3840";"16";"-22.822263717651367";"-47.06562042236328";"622.2";"-106";"6.5";"23277";"1772836417794"
"1175";"2026-03-06 19:34:37";"25.71";"62";"942.4200000000001";"3860";"16";"-22.822275161743164";"-47.06562805175781";"626.5";"-103";"8.300000190734863";"23278";"1772836477801"
"1176";"2026-03-06 19:35:37";"25.69";"62.5";"942.4";"3800";"16";"-22.822284698486328";"-47.06562423706055";"632";"-107";"5";"23279";"1772836537826"
"1177";"2026-03-06 19:36:37";"25.68";"62.5";"942.4200000000001";"3800";"16";"-22.82230567932129";"-47.06561279296875";"626.2";"-103";"8.5";"23280";"1772836597835"
"1178";"2026-03-06 19:37:37";"25.66";"63";"942.36";"3880";"16";"-22.822330474853516";"-47.065589904785156";"637.2";"-103";"8.5";"23281";"1772836657820"
"1179";"2026-03-06 19:38:37";"25.64";"63.5";"942.44";"3800";"16";"-22.822338104248047";"-47.06558609008789";"638.9000000000001";"-107";"5";"23282";"1772836717819"
"1180";"2026-03-06 19:39:37";"25.61";"63.5";"942.38";"3780";"16";"-22.822359085083008";"-47.0655632019043";"644.9000000000001";"-102";"9.300000190734863";"23283";"1772836777840"
"1181";"2026-03-06 19:40:37";"25.59";"63.5";"942.4200000000001";"3820";"12";"-22.822343826293945";"-47.06559371948242";"646";"-103";"8.800000190734863";"23284";"1772836837785"
"1182";"2026-03-06 19:41:37";"25.56";"63.5";"942.4200000000001";"3800";"16";"-22.82238006591797";"-47.06557846069336";"653";"-106";"6.800000190734863";"23285";"1772836897833"
"1183";"2026-03-06 19:42:37";"25.53";"64";"942.4";"3800";"16";"-22.8223819732666";"-47.06561279296875";"650.7";"-107";"4.800000190734863";"23286";"1772836957793"
"1184";"2026-03-06 19:43:37";"25.51";"63.5";"942.36";"3800";"16";"-22.82239532470703";"-47.06560516357422";"650.4000000000001";"-109";"3.799999952316284";"23287";"1772837017836"
"1185";"2026-03-06 19:44:37";"25.48";"64";"942.38";"3800";"16";"-22.82234001159668";"-47.06561279296875";"632.5";"-104";"8.300000190734863";"23288";"1772837077835"
"1186";"2026-03-06 19:45:37";"25.46";"63.5";"942.36";"3800";"16";"-22.82229232788086";"-47.06563949584961";"626.7";"-106";"6.300000190734863";"23289";"1772837137845"
"1187";"2026-03-06 19:46:37";"25.44";"64";"942.32";"3800";"16";"-22.822294235229492";"-47.06565475463867";"625.5";"-112";"-1";"23290";"1772837197796"
"1188";"2026-03-06 19:47:37";"25.42";"64";"942.34";"3840";"16";"-22.822288513183594";"-47.06564712524414";"624.5";"-106";"6";"23291";"1772837257796"
"1189";"2026-03-06 19:48:37";"25.4";"64";"942.4200000000001";"3800";"16";"-22.822309494018555";"-47.06563186645508";"628.5";"-105";"7";"23292";"1772837317813"
"1190";"2026-03-06 19:49:37";"25.38";"64.5";"942.4";"3780";"16";"-22.822341918945312";"-47.06563949584961";"634.5";"-109";"3.299999952316284";"23293";"1772837377834"
"1191";"2026-03-06 19:50:37";"25.35";"64.5";"942.38";"3780";"12";"-22.82237434387207";"-47.0656623840332";"640.2";"-106";"6";"23294";"1772837437836"
"1192";"2026-03-06 19:51:37";"25.33";"64.5";"942.4";"3780";"16";"-22.82238006591797";"-47.065677642822266";"641.5";"-110";"1.5";"23295";"1772837497841"
"1193";"2026-03-06 19:52:37";"25.31";"64.5";"942.34";"3800";"16";"-22.822330474853516";"-47.065670013427734";"628";"-105";"7";"23296";"1772837557800"
"1194";"2026-03-06 19:53:37";"25.29";"65";"942.36";"3760";"16";"-22.822349548339844";"-47.065643310546875";"634.7";"-104";"7.5";"23297";"1772837617839"
"1195";"2026-03-06 19:54:37";"25.26";"65";"942.38";"3800";"16";"-22.82233428955078";"-47.06565475463867";"628";"-110";"2.5";"23298";"1772837677828"
"1196";"2026-03-06 19:55:37";"25.24";"65";"942.34";"3820";"16";"-22.82232666015625";"-47.06562423706055";"627.4000000000001";"-107";"5";"23299";"1772837737823"
"1197";"2026-03-06 19:56:37";"25.23";"65.5";"942.34";"3800";"16";"-22.82229232788086";"-47.065650939941406";"616.7";"-107";"5.800000190734863";"23300";"1772837797827"
"1198";"2026-03-06 19:57:37";"25.22";"65";"942.38";"3800";"16";"-22.822296142578125";"-47.06564712524414";"617.7";"-108";"4.300000190734863";"23301";"1772837857823"
"1199";"2026-03-06 19:58:37";"25.21";"65.5";"942.36";"3780";"16";"-22.82229995727539";"-47.065643310546875";"614.2";"-104";"7.800000190734863";"23302";"1772837917786"
"1200";"2026-03-06 19:59:37";"25.2";"65.5";"942.32";"3760";"16";"-22.822307586669922";"-47.065635681152344";"616.4000000000001";"-106";"6.5";"23303";"1772837977812"
"1201";"2026-03-06 20:00:37";"25.19";"65.5";"942.32";"3780";"16";"-22.82230567932129";"-47.06566619873047";"613.7";"-103";"8.5";"23304";"1772838037795"
"1202";"2026-03-06 20:01:37";"25.19";"65.5";"942.32";"3760";"16";"-22.822330474853516";"-47.065650939941406";"620.2";"-104";"7.5";"23305";"1772838097860"
"1203";"2026-03-06 20:02:37";"25.17";"65.5";"942.36";"3780";"16";"-22.82232093811035";"-47.06563949584961";"619.9000000000001";"-104";"8";"23306";"1772838157787"
"1204";"2026-03-06 20:03:37";"25.17";"65.5";"942.34";"3780";"16";"-22.82230567932129";"-47.06563949584961";"613.7";"-108";"4";"23307";"1772838217810"
"1205";"2026-03-06 20:04:37";"25.17";"65.5";"942.32";"3800";"16";"-22.82231330871582";"-47.065670013427734";"612.7";"-106";"6.300000190734863";"23308";"1772838277791"
"1206";"2026-03-06 20:05:37";"25.17";"65.5";"942.32";"3800";"16";"-22.82232666015625";"-47.065677642822266";"613.7";"-106";"6.300000190734863";"23309";"1772838337854"
"1207";"2026-03-06 20:06:37";"25.16";"65.5";"942.32";"3780";"16";"-22.822322845458984";"-47.0656623840332";"616";"-104";"7.300000190734863";"23310";"1772838397791"
"1208";"2026-03-06 20:07:37";"25.15";"65.5";"942.34";"3820";"16";"-22.82229232788086";"-47.065677642822266";"611.4";"-103";"8.5";"23311";"1772838457814"
"1209";"2026-03-06 20:08:37";"25.14";"65.5";"942.4200000000001";"3820";"16";"-22.822315216064453";"-47.06565475463867";"618.4000000000001";"-106";"6";"23312";"1772838517808"
"1210";"2026-03-06 20:09:37";"25.13";"65.5";"942.38";"3860";"16";"-22.82232093811035";"-47.06563949584961";"620.9000000000001";"-104";"8";"23313";"1772838577795"
"1211";"2026-03-06 20:10:37";"25.13";"65.5";"942.4200000000001";"3760";"16";"-22.82232093811035";"-47.06566619873047";"615.5";"-109";"3.799999952316284";"23314";"1772838637785"
"1212";"2026-03-06 20:11:37";"25.12";"65.5";"942.36";"3780";"16";"-22.82232093811035";"-47.0656623840332";"618.4000000000001";"-107";"5";"23315";"1772838697833"
"1213";"2026-03-06 20:12:37";"25.12";"65.5";"942.4";"3780";"16";"-22.822267532348633";"-47.065673828125";"611.4";"-104";"7.800000190734863";"23316";"1772838757829"
"1214";"2026-03-06 20:13:37";"25.11";"65.5";"942.4200000000001";"3820";"16";"-22.822265625";"-47.0656623840332";"612";"-106";"6.300000190734863";"23317";"1772838817809"
"1215";"2026-03-06 20:14:37";"25.11";"65.5";"942.4200000000001";"3760";"16";"-22.822261810302734";"-47.06565856933594";"613";"-106";"6.300000190734863";"23318";"1772838877781"
"1216";"2026-03-06 20:15:37";"25.1";"65.5";"942.46";"3820";"16";"-22.822307586669922";"-47.06566619873047";"616.4000000000001";"-106";"6.5";"23319";"1772838937819"
"1217";"2026-03-06 20:16:37";"25.1";"66";"942.46";"3780";"16";"-22.822296142578125";"-47.06565475463867";"620";"-112";"-0.800000011920929";"23320";"1772838997815"
"1218";"2026-03-06 20:17:37";"25.08";"66";"942.5";"3780";"16";"-22.82227325439453";"-47.0656852722168";"613.5";"-105";"7";"23321";"1772839057811"
"1219";"2026-03-06 20:18:37";"25.08";"66";"942.52";"3780";"16";"-22.822267532348633";"-47.065677642822266";"612.4";"-104";"7.5";"23322";"1772839117796"
"1220";"2026-03-06 20:19:37";"25.07";"66";"942.54";"3800";"16";"-22.82227325439453";"-47.06564712524414";"614";"-104";"7.800000190734863";"23323";"1772839177831"
"1221";"2026-03-06 20:20:37";"25.07";"66";"942.54";"3800";"16";"-22.822280883789062";"-47.06563186645508";"620.7";"-113";"-4";"23324";"1772839237821"
"1222";"2026-03-06 20:21:37";"25.07";"66";"942.64";"3800";"16";"-22.82227897644043";"-47.06562423706055";"623.4000000000001";"-107";"5";"23325";"1772839297827"
"1223";"2026-03-06 20:22:37";"25.07";"66";"942.6";"3800";"16";"-22.822280883789062";"-47.065635681152344";"618.7";"-106";"6.300000190734863";"23326";"1772839357783"
"1224";"2026-03-06 20:23:37";"25.06";"66";"942.58";"3800";"16";"-22.82227325439453";"-47.06563949584961";"617";"-108";"4";"23327";"1772839417818"
"1225";"2026-03-06 20:25:37";"25.04";"66";"942.58";"3800";"16";"-22.822288513183594";"-47.06565475463867";"618.7";"-105";"6.800000190734863";"23329";"1772839537830"
"1226";"2026-03-06 20:26:37";"25.03";"66";"942.58";"3780";"16";"-22.822309494018555";"-47.06566619873047";"615.7";"-106";"6.300000190734863";"23330";"1772839597819"
"1227";"2026-03-06 20:27:37";"25.03";"66";"942.62";"3780";"16";"-22.822322845458984";"-47.065673828125";"613.2";"-103";"8.5";"23331";"1772839657789"
"1228";"2026-03-06 20:28:37";"25.02";"66";"942.6";"3780";"16";"-22.822330474853516";"-47.06570816040039";"613.7";"-107";"5.5";"23332";"1772839717786"
"1229";"2026-03-06 20:29:37";"25.02";"66";"942.62";"3760";"16";"-22.822311401367188";"-47.065677642822266";"619.7";"-103";"8.800000190734863";"23333";"1772839777781"
"1230";"2026-03-06 20:30:37";"25.02";"66";"942.6800000000001";"3760";"16";"-22.82231903076172";"-47.06570816040039";"614.5";"-102";"8.800000190734863";"23334";"1772839837793"
"1231";"2026-03-06 20:31:37";"25.02";"66";"942.72";"3780";"16";"-22.82231330871582";"-47.06570053100586";"612";"-105";"7.5";"23335";"1772839897818"
"1232";"2026-03-06 20:32:37";"25.02";"66";"942.7";"3760";"16";"-22.822317123413086";"-47.065670013427734";"616.5";"-105";"7";"23336";"1772839957825"
"1233";"2026-03-06 20:33:37";"25.01";"66";"942.7";"3780";"12";"-22.822311401367188";"-47.065670013427734";"616.2";"-104";"7.800000190734863";"23337";"1772840017824"
"1234";"2026-03-06 20:34:37";"25";"66";"942.7";"3840";"16";"-22.8222599029541";"-47.06562042236328";"616.5";"-105";"7.300000190734863";"23338";"1772840077792"
"1235";"2026-03-06 20:35:37";"24.99";"66.5";"942.84";"3780";"16";"-22.822296142578125";"-47.06563949584961";"619";"-102";"9.300000190734863";"23339";"1772840137785"
"1236";"2026-03-06 20:36:37";"24.97";"66.5";"942.76";"3780";"16";"-22.822315216064453";"-47.06565475463867";"618.7";"-107";"5";"23340";"1772840197817"
"1237";"2026-03-06 20:37:37";"24.96";"66.5";"942.76";"3780";"16";"-22.822343826293945";"-47.0656623840332";"627";"-109";"4";"23341";"1772840257824"
"1238";"2026-03-06 20:38:37";"24.95";"66.5";"942.82";"3780";"16";"-22.822324752807617";"-47.065635681152344";"627.5";"-103";"8.800000190734863";"23342";"1772840317807"
"1239";"2026-03-06 20:39:37";"24.93";"66.5";"942.82";"3780";"16";"-22.822296142578125";"-47.065616607666016";"627.2";"-103";"8.300000190734863";"23343";"1772840377826"
"1240";"2026-03-06 20:40:37";"24.92";"66.5";"942.84";"3800";"16";"-22.822317123413086";"-47.06562805175781";"627.2";"-106";"6.5";"23344";"1772840437818"
"1241";"2026-03-06 20:41:37";"24.9";"67";"942.82";"3820";"16";"-22.822330474853516";"-47.06563949584961";"625.7";"-105";"6.800000190734863";"23345";"1772840497851"
"1242";"2026-03-06 20:42:37";"24.87";"67";"942.8000000000001";"3840";"16";"-22.822336196899414";"-47.06564712524414";"623.2";"-107";"5.5";"23346";"1772840557789"
"1243";"2026-03-06 20:43:37";"24.86";"67";"942.88";"3760";"16";"-22.82231903076172";"-47.06563186645508";"617.2";"-104";"7.300000190734863";"23347";"1772840617827"
"1244";"2026-03-06 20:44:37";"24.84";"67";"942.9";"3780";"16";"-22.822303771972656";"-47.06563186645508";"616.5";"-105";"7.300000190734863";"23348";"1772840677832"
"1245";"2026-03-06 20:45:37";"24.83";"67.5";"942.96";"3800";"16";"-22.82231330871582";"-47.06562805175781";"616";"-106";"6.300000190734863";"23349";"1772840737817"
"1246";"2026-03-06 20:46:37";"24.82";"67.5";"942.94";"3800";"16";"-22.822315216064453";"-47.06562805175781";"618.2";"-108";"4.800000190734863";"23350";"1772840797830"
"1247";"2026-03-06 20:47:37";"24.8";"67";"943";"3780";"16";"-22.82233238220215";"-47.065635681152344";"623";"-108";"4.5";"23351";"1772840857823"
"1248";"2026-03-06 20:48:37";"24.79";"67.5";"942.98";"3760";"16";"-22.822311401367188";"-47.065635681152344";"619.2";"-104";"7.300000190734863";"23352";"1772840917825"
"1249";"2026-03-06 20:49:37";"24.77";"67.5";"943.08";"3760";"16";"-22.822317123413086";"-47.0656623840332";"619.7";"-108";"4.300000190734863";"23353";"1772840977819"
"1250";"2026-03-06 20:50:37";"24.77";"67.5";"943.12";"3760";"16";"-22.82234001159668";"-47.065670013427734";"618";"-102";"9";"23354";"1772841037800"
"1251";"2026-03-06 20:51:37";"24.76";"68";"943.16";"3780";"16";"-22.822298049926758";"-47.06561279296875";"619.2";"-105";"7";"23355";"1772841097808"
"1252";"2026-03-06 20:52:37";"24.75";"68";"943.14";"3780";"16";"-22.822303771972656";"-47.06562423706055";"620.4000000000001";"-103";"8.5";"23356";"1772841157818"
"1253";"2026-03-06 20:53:37";"24.73";"68";"943.14";"3740";"16";"-22.82228660583496";"-47.06558609008789";"625.2";"-105";"7.300000190734863";"23357";"1772841217793"
"1254";"2026-03-06 20:54:37";"24.73";"68";"943.12";"3760";"16";"-22.822322845458984";"-47.065635681152344";"619.7";"-107";"5.5";"23358";"1772841277825"
"1255";"2026-03-06 20:55:37";"24.72";"68";"943.22";"3780";"16";"-22.82232666015625";"-47.06562805175781";"623.9000000000001";"-107";"5.5";"23359";"1772841337829"
"1256";"2026-03-06 20:56:37";"24.71";"68";"943.2";"3760";"16";"-22.822309494018555";"-47.06560516357422";"622.2";"-103";"8.5";"23360";"1772841397815"
"1257";"2026-03-06 20:57:37";"24.7";"68";"943.16";"3760";"16";"-22.822322845458984";"-47.06563186645508";"617.5";"-107";"5";"23361";"1772841457818"
"1258";"2026-03-06 20:58:37";"24.69";"68";"943.16";"3760";"16";"-22.82230567932129";"-47.06561279296875";"623";"-105";"6.800000190734863";"23362";"1772841517825"
"1259";"2026-03-06 20:59:37";"24.68";"68.5";"943.2";"3780";"16";"-22.82227897644043";"-47.065574645996094";"620.2";"-104";"7.5";"23363";"1772841577815"
"1260";"2026-03-06 21:00:37";"24.67";"68";"943.2";"3800";"16";"-22.822290420532227";"-47.0655632019043";"629";"-109";"3.299999952316284";"23364";"1772841637810"
"1261";"2026-03-06 21:01:37";"24.66";"68";"943.22";"3780";"16";"-22.82232093811035";"-47.065635681152344";"618.7";"-112";"-3";"23365";"1772841697823"
"1262";"2026-03-06 21:02:37";"24.65";"68";"943.2";"3800";"16";"-22.822311401367188";"-47.06560134887695";"624.5";"-111";"-0.30000001192092896";"23366";"1772841757827"
"1263";"2026-03-06 21:03:37";"24.66";"68";"943.24";"3740";"16";"-22.82234001159668";"-47.065635681152344";"621.5";"-110";"2.5";"23367";"1772841817820"
"1264";"2026-03-06 21:04:37";"24.65";"68.5";"943.26";"3760";"16";"-22.822307586669922";"-47.06556701660156";"630.4000000000001";"-110";"2";"23368";"1772841877824"
"1265";"2026-03-06 21:05:37";"24.65";"68.5";"943.28";"3760";"16";"-22.822294235229492";"-47.065582275390625";"618.7";"-109";"3";"23369";"1772841937829"
"1266";"2026-03-06 21:06:37";"24.63";"68.5";"943.3000000000001";"3760";"16";"-22.822307586669922";"-47.065582275390625";"621.7";"-112";"-1.2999999523162842";"23370";"1772841997829"
"1267";"2026-03-06 21:07:37";"24.63";"68.5";"943.28";"3780";"16";"-22.822307586669922";"-47.065582275390625";"615.7";"-114";"-7.5";"23371";"1772842057820"
"1268";"2026-03-06 21:08:37";"24.62";"68.5";"943.3000000000001";"3780";"16";"-22.82230567932129";"-47.065582275390625";"613.2";"-113";"-4.300000190734863";"23372";"1772842117817"
"1269";"2026-03-06 21:09:37";"24.62";"68.5";"943.28";"3780";"16";"-22.82231330871582";"-47.06560134887695";"615.7";"-106";"6.300000190734863";"23373";"1772842177819"
"1270";"2026-03-06 21:11:37";"24.61";"68.5";"943.24";"3800";"16";"-22.822296142578125";"-47.06559371948242";"617.9000000000001";"-104";"7.800000190734863";"23375";"1772842297817"
"1271";"2026-03-06 21:12:37";"24.61";"68.5";"943.3000000000001";"3760";"16";"-22.82227897644043";"-47.06557083129883";"618.7";"-114";"-7.800000190734863";"23376";"1772842357820"
"1272";"2026-03-06 21:13:37";"24.61";"68.5";"943.32";"3760";"16";"-22.822282791137695";"-47.06562423706055";"610.7";"-108";"4.5";"23377";"1772842417811"
"1273";"2026-03-06 21:14:37";"24.6";"68.5";"943.32";"3740";"16";"-22.822269439697266";"-47.065616607666016";"606.5";"-105";"6.800000190734863";"23378";"1772842477806"
"1274";"2026-03-06 21:15:37";"24.6";"69";"943.28";"3780";"16";"-22.82229232788086";"-47.06562805175781";"610.2";"-109";"2.799999952316284";"23379";"1772842537817"
"1275";"2026-03-06 21:16:37";"24.59";"69";"943.3000000000001";"3740";"16";"-22.822298049926758";"-47.065616607666016";"614";"-105";"7";"23380";"1772842597822"
"1276";"2026-03-06 21:17:37";"24.59";"69";"943.32";"3740";"16";"-22.822315216064453";"-47.065650939941406";"612.5";"-108";"4.300000190734863";"23381";"1772842657822"
"1277";"2026-03-06 21:18:37";"24.58";"69";"943.34";"3800";"16";"-22.82231903076172";"-47.065677642822266";"607";"-110";"1.5";"23382";"1772842717878"
"1278";"2026-03-06 21:19:37";"24.57";"69";"943.36";"3760";"16";"-22.822315216064453";"-47.06562805175781";"611";"-108";"3.799999952316284";"23383";"1772842777818"
"1279";"2026-03-06 21:20:37";"24.57";"69";"943.38";"3740";"16";"-22.82233238220215";"-47.065635681152344";"606.5";"-106";"5.800000190734863";"23384";"1772842837815"
"1280";"2026-03-06 21:21:37";"24.56";"69";"943.32";"3740";"16";"-22.822309494018555";"-47.065635681152344";"608.7";"-108";"4.300000190734863";"23385";"1772842897814"
"1281";"2026-03-06 21:22:37";"24.56";"69";"943.38";"3760";"16";"-22.822307586669922";"-47.06565475463867";"605.2";"-109";"2.799999952316284";"23386";"1772842957872"
"1282";"2026-03-06 21:23:37";"24.56";"69";"943.3000000000001";"3760";"16";"-22.822296142578125";"-47.065635681152344";"605.9";"-104";"8";"23387";"1772843017826"
"1283";"2026-03-06 21:24:37";"24.56";"69";"943.36";"3780";"16";"-22.82229232788086";"-47.06562805175781";"606.7";"-111";"0.800000011920929";"23388";"1772843077824"
"1284";"2026-03-06 21:25:37";"24.55";"69";"943.34";"3740";"16";"-22.822309494018555";"-47.06562805175781";"610.2";"-104";"7.5";"23389";"1772843137832"
"1285";"2026-03-06 21:26:37";"24.55";"69";"943.38";"3780";"16";"-22.82229995727539";"-47.06562805175781";"611";"-107";"5.300000190734863";"23390";"1772843197827"
"1286";"2026-03-06 21:27:37";"24.54";"69";"943.4200000000001";"3760";"16";"-22.822294235229492";"-47.06564712524414";"612.2";"-109";"3.299999952316284";"23391";"1772843257832"
"1287";"2026-03-06 21:28:37";"24.54";"69";"943.46";"3740";"16";"-22.822307586669922";"-47.06563949584961";"617";"-102";"9.300000190734863";"23392";"1772843317795"
"1288";"2026-03-06 21:29:37";"24.53";"69";"943.52";"3760";"16";"-22.822296142578125";"-47.06561279296875";"616";"-109";"3.299999952316284";"23393";"1772843377827"
"1289";"2026-03-06 21:31:37";"24.52";"69";"943.52";"3760";"16";"-22.822328567504883";"-47.06562805175781";"610.5";"-106";"6.300000190734863";"23395";"1772843497860"
"1290";"2026-03-06 21:32:37";"24.52";"69";"943.48";"3800";"16";"-22.822301864624023";"-47.06562042236328";"615.2";"-108";"4";"23396";"1772843557839"
"1291";"2026-03-06 21:33:37";"24.52";"69";"943.5600000000001";"3780";"16";"-22.82231903076172";"-47.065616607666016";"620";"-108";"4.800000190734863";"23397";"1772843617790"
"1292";"2026-03-06 21:34:37";"24.51";"69";"943.5";"3760";"16";"-22.82232093811035";"-47.06562423706055";"623.2";"-112";"-2.799999952316284";"23398";"1772843677812"
"1293";"2026-03-06 21:35:37";"24.51";"69";"943.54";"3740";"16";"-22.822303771972656";"-47.06558609008789";"623";"-114";"-6.5";"23399";"1772843737816"
"1294";"2026-03-06 21:36:37";"24.51";"69";"943.52";"3760";"16";"-22.822296142578125";"-47.06560516357422";"618";"-105";"6.800000190734863";"23400";"1772843797785"
"1295";"2026-03-06 21:37:37";"24.5";"69";"943.52";"3760";"16";"-22.822290420532227";"-47.06559371948242";"616.9000000000001";"-104";"7.5";"23401";"1772843857793"
"1296";"2026-03-06 21:38:37";"24.5";"69";"943.52";"3800";"16";"-22.82229232788086";"-47.06560516357422";"618.7";"-112";"-2.5";"23402";"1772843917827"
"1297";"2026-03-06 21:39:37";"24.49";"69.5";"943.5";"3740";"16";"-22.822277069091797";"-47.065589904785156";"614.9000000000001";"-102";"9";"23403";"1772843977824"
"1298";"2026-03-06 21:40:37";"24.48";"69.5";"943.52";"3760";"16";"-22.82229995727539";"-47.06560134887695";"617.2";"-107";"4.800000190734863";"23404";"1772844037800"
"1299";"2026-03-06 21:41:37";"24.48";"69.5";"943.48";"3740";"16";"-22.82230567932129";"-47.06559371948242";"616.2";"-108";"4";"23405";"1772844097824"
"1300";"2026-03-06 21:42:37";"24.46";"69.5";"943.52";"3760";"16";"-22.822296142578125";"-47.06560134887695";"615.9000000000001";"-105";"7";"23406";"1772844157791"
"1301";"2026-03-06 21:43:37";"24.45";"69.5";"943.54";"3760";"16";"-22.822303771972656";"-47.06561279296875";"612.7";"-107";"4.800000190734863";"23407";"1772844217831"
"1302";"2026-03-06 21:44:37";"24.45";"69.5";"943.54";"3760";"16";"-22.822315216064453";"-47.065616607666016";"610";"-103";"8";"23408";"1772844277839"
"1303";"2026-03-06 21:45:37";"24.44";"69.5";"943.48";"3760";"16";"-22.822290420532227";"-47.06558609008789";"610.7";"-109";"3.799999952316284";"23409";"1772844337830"
"1304";"2026-03-06 21:46:37";"24.43";"69.5";"943.54";"3740";"16";"-22.822277069091797";"-47.065574645996094";"612.7";"-114";"-5.800000190734863";"23410";"1772844397826"
"1305";"2026-03-06 21:47:37";"24.42";"69.5";"943.5";"3740";"16";"-22.82227325439453";"-47.065589904785156";"613";"-103";"8.800000190734863";"23411";"1772844457819"
"1306";"2026-03-06 21:48:37";"24.42";"69.5";"943.58";"3760";"16";"-22.8222713470459";"-47.06558609008789";"614.7";"-111";"0.800000011920929";"23412";"1772844517814"
"1307";"2026-03-06 21:49:37";"24.41";"69.5";"943.54";"3780";"16";"-22.822269439697266";"-47.06559371948242";"612.9";"-105";"6.800000190734863";"23413";"1772844577835"
"1308";"2026-03-06 21:50:37";"24.4";"69.5";"943.58";"3780";"16";"-22.822298049926758";"-47.06559371948242";"614";"-104";"7.800000190734863";"23414";"1772844637791"
"1309";"2026-03-06 21:51:37";"24.4";"69.5";"943.6";"3740";"16";"-22.822290420532227";"-47.065582275390625";"620";"-108";"4.300000190734863";"23415";"1772844697824"
"1310";"2026-03-06 21:52:37";"24.39";"69";"943.62";"3740";"16";"-22.822275161743164";"-47.06557083129883";"620.9000000000001";"-106";"6.300000190734863";"23416";"1772844757832"
"1311";"2026-03-06 21:54:37";"24.38";"69";"943.6";"3740";"16";"-22.82225799560547";"-47.06559371948242";"618.2";"-105";"6.800000190734863";"23418";"1772844877805"
"1312";"2026-03-06 21:56:37";"24.37";"69.5";"943.6";"3760";"16";"-22.822233200073242";"-47.065616607666016";"623.5";"-104";"7.300000190734863";"23420";"1772844997815"
"1313";"2026-03-06 21:57:37";"24.36";"69.5";"943.6800000000001";"3760";"16";"-22.822216033935547";"-47.06565856933594";"615.5";"-110";"1.2999999523162842";"23421";"1772845057814"
"1314";"2026-03-06 21:58:37";"24.35";"69.5";"943.6";"3760";"16";"-22.822256088256836";"-47.065670013427734";"615.7";"-113";"-3";"23422";"1772845117825"
"1315";"2026-03-06 21:59:37";"24.34";"69.5";"943.58";"3740";"16";"-22.822248458862305";"-47.06568145751953";"607.2";"-107";"5.300000190734863";"23423";"1772845177787"
"1316";"2026-03-06 22:00:37";"24.34";"69";"943.62";"3760";"16";"-22.822265625";"-47.065643310546875";"611.2";"-110";"2.799999952316284";"23424";"1772845237820"
"1317";"2026-03-06 22:01:37";"24.33";"69.5";"943.62";"3760";"16";"-22.822265625";"-47.06562042236328";"605.5";"-110";"1.5";"23425";"1772845297822"
"1318";"2026-03-06 22:02:37";"24.32";"69";"943.62";"3720";"16";"-22.822246551513672";"-47.065643310546875";"603.4";"-104";"7.800000190734863";"23426";"1772845357817"
"1319";"2026-03-06 22:03:37";"24.32";"69";"943.58";"3780";"16";"-22.82221031188965";"-47.065643310546875";"599";"-109";"3";"23427";"1772845417816"
"1320";"2026-03-06 22:04:37";"24.31";"69.5";"943.5600000000001";"3740";"16";"-22.822246551513672";"-47.065635681152344";"601";"-106";"6.300000190734863";"23428";"1772845477816"
"1321";"2026-03-06 22:05:37";"24.31";"69";"943.58";"3740";"16";"-22.822229385375977";"-47.06565475463867";"600.2";"-106";"5.800000190734863";"23429";"1772845537820"
"1322";"2026-03-06 22:06:37";"24.3";"69.5";"943.64";"3740";"16";"-22.82221794128418";"-47.0656852722168";"595.5";"-108";"4.300000190734863";"23430";"1772845597784"
"1323";"2026-03-06 22:07:37";"24.29";"69";"943.66";"3740";"16";"-22.822229385375977";"-47.06568145751953";"599";"-105";"6.800000190734863";"23431";"1772845657822"
"1324";"2026-03-06 22:08:37";"24.3";"69.5";"943.6800000000001";"3720";"16";"-22.82223892211914";"-47.065673828125";"603";"-114";"-7.5";"23432";"1772845717812"
"1325";"2026-03-06 22:09:37";"24.3";"69";"943.74";"3740";"16";"-22.822233200073242";"-47.065635681152344";"612.7";"-103";"8.800000190734863";"23433";"1772845777787"
"1326";"2026-03-06 22:10:37";"24.29";"69";"943.76";"3740";"16";"-22.822246551513672";"-47.06563186645508";"613";"-110";"2.299999952316284";"23434";"1772845837798"
"1327";"2026-03-06 22:11:37";"24.28";"69";"943.76";"3720";"16";"-22.8222599029541";"-47.06565856933594";"615.2";"-109";"3.5";"23435";"1772845897825"
"1328";"2026-03-06 22:12:37";"24.28";"69";"943.82";"3760";"16";"-22.822269439697266";"-47.06563949584961";"616.4000000000001";"-113";"-3";"23436";"1772845957823"
"1329";"2026-03-06 22:13:37";"24.27";"69.5";"943.8000000000001";"3720";"16";"-22.822277069091797";"-47.06563186645508";"616.4000000000001";"-104";"7.800000190734863";"23437";"1772846017817"
"1330";"2026-03-06 22:14:37";"24.26";"69";"943.8000000000001";"3760";"16";"-22.82227897644043";"-47.06560516357422";"620.4000000000001";"-109";"3.5";"23438";"1772846077820"
"1331";"2026-03-06 22:15:37";"24.26";"69";"943.84";"3720";"16";"-22.822267532348633";"-47.06560516357422";"613.5";"-111";"0.5";"23439";"1772846137825"
"1332";"2026-03-06 22:16:37";"24.24";"69";"943.8000000000001";"3740";"16";"-22.822240829467773";"-47.06560516357422";"614";"-103";"8.5";"23440";"1772846197818"
"1333";"2026-03-06 22:17:37";"24.24";"69";"943.82";"3720";"16";"-22.822250366210938";"-47.065589904785156";"618.5";"-104";"7.5";"23441";"1772846257816"
"1334";"2026-03-06 22:18:37";"24.24";"69";"943.86";"3740";"16";"-22.822254180908203";"-47.06558609008789";"618.9000000000001";"-110";"1.5";"23442";"1772846317845"
"1335";"2026-03-06 22:19:37";"24.23";"69";"943.8000000000001";"3760";"16";"-22.822214126586914";"-47.06560134887695";"613";"-113";"-4.5";"23443";"1772846377818"
"1336";"2026-03-06 22:20:37";"24.23";"69";"943.8000000000001";"3740";"16";"-22.82219886779785";"-47.065643310546875";"608.5";"-107";"4.800000190734863";"23444";"1772846437814"
"1337";"2026-03-06 22:21:37";"24.22";"69";"943.8000000000001";"3740";"16";"-22.822235107421875";"-47.06562423706055";"614.2";"-109";"2.799999952316284";"23445";"1772846497817"
"1338";"2026-03-06 22:22:37";"24.21";"69";"943.8000000000001";"3780";"16";"-22.822261810302734";"-47.06560134887695";"620.2";"-110";"2";"23446";"1772846557816"
"1339";"2026-03-06 22:23:37";"24.2";"69";"943.82";"3740";"16";"-22.82227325439453";"-47.06560516357422";"617.2";"-105";"7.300000190734863";"23447";"1772846617788"
"1340";"2026-03-06 22:24:37";"24.19";"69";"943.74";"3760";"16";"-22.8222599029541";"-47.06563186645508";"623.2";"-106";"6.300000190734863";"23448";"1772846677795"
"1341";"2026-03-06 22:25:37";"24.18";"69";"943.8000000000001";"3720";"16";"-22.8222713470459";"-47.06558609008789";"626";"-105";"6.300000190734863";"23449";"1772846737780"
"1342";"2026-03-06 22:26:37";"24.17";"69";"943.84";"3700";"16";"-22.82223129272461";"-47.065608978271484";"618.2";"-106";"6.300000190734863";"23450";"1772846797774"
"1343";"2026-03-06 22:27:37";"24.16";"69";"943.82";"3720";"16";"-22.822248458862305";"-47.065574645996094";"631.2";"-113";"-4.800000190734863";"23451";"1772846857824"
"1344";"2026-03-06 22:28:37";"24.14";"69";"943.84";"3700";"16";"-22.82229995727539";"-47.06560516357422";"633.5";"-107";"5.5";"23452";"1772846917816"
"1345";"2026-03-06 22:29:37";"24.12";"69.5";"943.9";"3760";"16";"-22.82229232788086";"-47.06564712524414";"622.4000000000001";"-107";"5.300000190734863";"23453";"1772846977859"
"1346";"2026-03-06 22:30:37";"24.11";"69.5";"943.9200000000001";"3720";"16";"-22.822324752807617";"-47.06562423706055";"625";"-106";"6.300000190734863";"23454";"1772847037781"
"1347";"2026-03-06 22:31:37";"24.09";"69.5";"943.94";"3720";"16";"-22.822301864624023";"-47.065616607666016";"619.5";"-107";"5";"23455";"1772847097801"
"1348";"2026-03-06 22:32:37";"24.09";"69.5";"943.98";"3740";"16";"-22.82227897644043";"-47.06562042236328";"630.2";"-103";"8.300000190734863";"23456";"1772847157794"
"1349";"2026-03-06 22:33:37";"24.08";"69";"943.98";"3760";"28";"-22.822290420532227";"-47.06564712524414";"630";"-104";"7.300000190734863";"23457";"1772847217793"
"1350";"2026-03-06 22:34:37";"24.06";"69.5";"943.94";"3720";"16";"-22.82229232788086";"-47.06559753417969";"622";"-105";"6.800000190734863";"23458";"1772847277815"
"1351";"2026-03-06 22:36:37";"24.05";"69.5";"944";"3720";"16";"-22.822311401367188";"-47.06557846069336";"624.7";"-106";"6";"23460";"1772847397823"
"1352";"2026-03-06 22:37:37";"24.04";"69.5";"943.98";"3740";"16";"-22.822309494018555";"-47.065582275390625";"626.9000000000001";"-108";"4.300000190734863";"23461";"1772847457826"
"1353";"2026-03-06 22:38:37";"24.03";"69.5";"943.98";"3720";"16";"-22.822288513183594";"-47.06559371948242";"623.2";"-109";"3.5";"23462";"1772847517820"
"1354";"2026-03-06 22:39:37";"24.02";"69.5";"944.02";"3700";"16";"-22.822294235229492";"-47.065582275390625";"623.9000000000001";"-108";"4.5";"23463";"1772847577820"
"1355";"2026-03-06 22:40:37";"24";"69.5";"943.96";"3760";"16";"-22.822284698486328";"-47.06559753417969";"622.9000000000001";"-105";"6.5";"23464";"1772847637811"
"1356";"2026-03-06 22:41:37";"23.99";"69.5";"944";"3720";"16";"-22.822284698486328";"-47.06559753417969";"625.2";"-111";"0.5";"23465";"1772847697820"
"1357";"2026-03-06 22:42:37";"23.98";"69.5";"943.96";"3740";"16";"-22.822301864624023";"-47.06558609008789";"631.2";"-112";"-2";"23466";"1772847757779"
"1358";"2026-03-06 22:43:37";"23.97";"69.5";"943.96";"3700";"16";"-22.822275161743164";"-47.065574645996094";"630.5";"-109";"3";"23467";"1772847817811"
"1359";"2026-03-06 22:44:37";"23.96";"69.5";"943.96";"3740";"16";"-22.82234001159668";"-47.065589904785156";"628.5";"-109";"3.799999952316284";"23468";"1772847877828"
"1360";"2026-03-06 22:45:37";"23.95";"69.5";"943.94";"3720";"16";"-22.822294235229492";"-47.06560516357422";"629.7";"-109";"2.799999952316284";"23469";"1772847937826"
"1361";"2026-03-06 22:46:37";"23.94";"69.5";"943.96";"3740";"16";"-22.822301864624023";"-47.06563186645508";"626.2";"-104";"7.800000190734863";"23470";"1772847997787"
"1362";"2026-03-06 22:47:37";"23.94";"69.5";"943.98";"3720";"16";"-22.822345733642578";"-47.065650939941406";"630.7";"-108";"4.300000190734863";"23471";"1772848057822"
"1363";"2026-03-06 22:48:37";"23.94";"69.5";"943.9200000000001";"3720";"16";"-22.82234764099121";"-47.06565856933594";"631.7";"-108";"4.300000190734863";"23472";"1772848117818"
"1364";"2026-03-06 22:49:37";"23.92";"69.5";"943.9";"3720";"16";"-22.82232666015625";"-47.06565856933594";"623.7";"-110";"3";"23473";"1772848177813"
"1365";"2026-03-06 22:50:37";"23.92";"69.5";"943.9";"3720";"16";"-22.82234764099121";"-47.0656852722168";"622.5";"-105";"7.300000190734863";"23474";"1772848237824"
"1366";"2026-03-06 22:51:37";"23.91";"69.5";"944";"3720";"16";"-22.8223819732666";"-47.065643310546875";"629.9000000000001";"-106";"6";"23475";"1772848297821"
"1367";"2026-03-06 22:52:37";"23.91";"69.5";"943.96";"3720";"16";"-22.822345733642578";"-47.06563186645508";"625.5";"-110";"1.2999999523162842";"23476";"1772848357818"
"1368";"2026-03-06 22:53:37";"23.89";"70";"943.98";"3700";"16";"-22.82232666015625";"-47.065670013427734";"622";"-105";"6.5";"23477";"1772848417793"
"1369";"2026-03-06 22:54:37";"23.89";"69.5";"943.96";"3760";"16";"-22.82233238220215";"-47.065643310546875";"622.4000000000001";"-114";"-5.300000190734863";"23478";"1772848477822"
"1370";"2026-03-06 22:55:37";"23.88";"69.5";"943.98";"3720";"16";"-22.82232093811035";"-47.065616607666016";"628.9000000000001";"-104";"8.300000190734863";"23479";"1772848537828"
"1371";"2026-03-06 22:56:37";"23.87";"70";"944.02";"3740";"16";"-22.82230567932129";"-47.06562042236328";"631";"-101";"9.300000190734863";"23480";"1772848597841"
"1372";"2026-03-06 22:57:37";"23.87";"70";"944";"3720";"16";"-22.822336196899414";"-47.06563186645508";"634.5";"-113";"-2.5";"23481";"1772848657822"
"1373";"2026-03-06 22:58:37";"23.86";"70";"944.02";"3720";"16";"-22.822290420532227";"-47.06566619873047";"626.5";"-113";"-5";"23482";"1772848717790"
"1374";"2026-03-06 22:59:37";"23.85";"70";"944.02";"3720";"16";"-22.822336196899414";"-47.06560516357422";"648.2";"-107";"5.800000190734863";"23483";"1772848777828"
"1375";"2026-03-06 23:00:37";"23.85";"70";"944.02";"3760";"16";"-22.822322845458984";"-47.06559371948242";"632.2";"-110";"1.7999999523162842";"23484";"1772848837823"
"1376";"2026-03-06 23:01:37";"23.84";"70";"944.02";"3780";"16";"-22.82230567932129";"-47.06561279296875";"628";"-107";"5.5";"23485";"1772848897829"
"1377";"2026-03-06 23:02:37";"23.84";"70";"944.04";"3700";"16";"-22.822237014770508";"-47.06563186645508";"614";"-104";"7.800000190734863";"23486";"1772848957785"
"1378";"2026-03-06 23:03:37";"23.84";"70";"944.0600000000001";"3720";"16";"-22.822187423706055";"-47.065677642822266";"596.4";"-113";"-3.799999952316284";"23487";"1772849017810"
"1379";"2026-03-06 23:04:37";"23.83";"70";"944.08";"3700";"16";"-22.822263717651367";"-47.06563949584961";"613.2";"-109";"3";"23488";"1772849077821"
"1380";"2026-03-06 23:05:37";"23.83";"70.5";"944.1";"3720";"16";"-22.822345733642578";"-47.065608978271484";"631.2";"-110";"1.2999999523162842";"23489";"1772849137826"
"1381";"2026-03-06 23:06:37";"23.83";"70.5";"944.08";"3720";"16";"-22.822376251220703";"-47.065616607666016";"633.7";"-110";"2";"23490";"1772849197825"
"1382";"2026-03-06 23:07:37";"23.82";"70.5";"944.04";"3700";"16";"-22.822372436523438";"-47.065608978271484";"630";"-114";"-8.300000190734863";"23491";"1772849257822"
"1383";"2026-03-06 23:08:37";"23.81";"70.5";"944.0600000000001";"3740";"16";"-22.82236671447754";"-47.06560516357422";"626";"-106";"6.800000190734863";"23492";"1772849317829"
"1384";"2026-03-06 23:09:37";"23.81";"70.5";"944.08";"3720";"16";"-22.822406768798828";"-47.065608978271484";"633.7";"-108";"4.800000190734863";"23493";"1772849377824"
"1385";"2026-03-06 23:10:37";"23.81";"70.5";"944.08";"3700";"16";"-22.82236671447754";"-47.065635681152344";"628.7";"-112";"-1";"23494";"1772849437795"
"1386";"2026-03-06 23:11:37";"23.81";"70.5";"944.14";"3720";"16";"-22.822311401367188";"-47.06564712524414";"623";"-103";"8";"23495";"1772849497825"
"1387";"2026-03-06 23:12:37";"23.81";"70.5";"944.1";"3700";"16";"-22.82223892211914";"-47.06565475463867";"614.2";"-109";"3.299999952316284";"23496";"1772849557812"
"1388";"2026-03-06 23:13:37";"23.81";"70.5";"944.0600000000001";"3720";"16";"-22.82227325439453";"-47.06564712524414";"618.7";"-105";"7";"23497";"1772849617819"
"1389";"2026-03-06 23:14:37";"23.8";"70.5";"944.0600000000001";"3700";"16";"-22.8222599029541";"-47.06565856933594";"615.7";"-105";"7";"23498";"1772849677796"
"1390";"2026-03-06 23:15:37";"23.8";"70.5";"944.04";"3680";"16";"-22.822250366210938";"-47.0656852722168";"611.2";"-107";"6";"23499";"1772849737818"
"1391";"2026-03-06 23:16:37";"23.8";"70.5";"944.04";"3740";"16";"-22.82227897644043";"-47.065673828125";"616";"-110";"1";"23500";"1772849797783"
"1392";"2026-03-06 23:17:37";"23.81";"70.5";"944";"3700";"16";"-22.822298049926758";"-47.06568145751953";"617";"-107";"4.5";"23501";"1772849857818"
"1393";"2026-03-06 23:18:37";"23.81";"70.5";"944.04";"3700";"16";"-22.822263717651367";"-47.06568145751953";"613.5";"-104";"7.800000190734863";"23502";"1772849917821"
"1394";"2026-03-06 23:19:37";"23.8";"70.5";"944.02";"3740";"16";"-22.822242736816406";"-47.0656623840332";"616.7";"-106";"6";"23503";"1772849977826"
"1395";"2026-03-06 23:20:37";"23.79";"70.5";"944";"3700";"16";"-22.822250366210938";"-47.065670013427734";"616.7";"-109";"3.5";"23504";"1772850037821"
"1396";"2026-03-06 23:21:37";"23.79";"71";"943.98";"3740";"16";"-22.82229995727539";"-47.06569290161133";"617.4000000000001";"-111";"-0.30000001192092896";"23505";"1772850097810"
"1397";"2026-03-06 23:22:37";"23.78";"71";"943.98";"3680";"16";"-22.8222713470459";"-47.065650939941406";"621.7";"-112";"-2.299999952316284";"23506";"1772850157780"
"1398";"2026-03-06 23:23:37";"23.77";"71";"944";"3700";"16";"-22.822267532348633";"-47.0656623840332";"622.5";"-108";"4.800000190734863";"23507";"1772850217863"
"1399";"2026-03-06 23:24:37";"23.76";"71";"943.94";"3720";"16";"-22.822275161743164";"-47.06566619873047";"624.5";"-103";"8.300000190734863";"23508";"1772850277785"
"1400";"2026-03-06 23:25:37";"23.75";"71";"943.98";"3760";"16";"-22.822290420532227";"-47.065677642822266";"618.7";"-104";"7.800000190734863";"23509";"1772850337774"
"1401";"2026-03-06 23:26:37";"23.74";"71";"944.02";"3680";"16";"-22.822248458862305";"-47.06568908691406";"617";"-104";"8.5";"23510";"1772850397813"
"1402";"2026-03-06 23:27:37";"23.73";"71.5";"943.98";"3760";"16";"-22.8222713470459";"-47.065704345703125";"620";"-107";"5";"23511";"1772850457783"
"1403";"2026-03-06 23:28:37";"23.72";"71.5";"943.96";"3740";"16";"-22.822261810302734";"-47.06563949584961";"621.5";"-107";"5.5";"23512";"1772850517804"
"1404";"2026-03-06 23:29:37";"23.71";"71.5";"943.9200000000001";"3720";"12";"-22.8222713470459";"-47.06568908691406";"616.5";"-103";"7.800000190734863";"23513";"1772850577787"
"1405";"2026-03-06 23:30:37";"23.7";"71.5";"943.94";"3700";"16";"-22.82225227355957";"-47.0656623840332";"618.5";"-108";"3.799999952316284";"23514";"1772850637818"
"1406";"2026-03-06 23:31:37";"23.69";"71.5";"943.94";"3760";"16";"-22.822235107421875";"-47.065673828125";"622";"-106";"6.300000190734863";"23515";"1772850697808"
"1407";"2026-03-06 23:32:37";"23.68";"71.5";"943.96";"3700";"16";"-22.822280883789062";"-47.065650939941406";"622.7";"-112";"-1.2999999523162842";"23516";"1772850757812"
"1408";"2026-03-06 23:33:37";"23.68";"71.5";"943.98";"3700";"16";"-22.8222599029541";"-47.065677642822266";"613.4";"-103";"8.800000190734863";"23517";"1772850817791"
"1409";"2026-03-06 23:34:37";"23.67";"71.5";"944";"3700";"16";"-22.822265625";"-47.06568145751953";"617";"-104";"7.300000190734863";"23518";"1772850877814"
"1410";"2026-03-06 23:35:37";"23.67";"71.5";"943.98";"3740";"16";"-22.82228660583496";"-47.06571578979492";"616";"-106";"6";"23519";"1772850937815"
"1411";"2026-03-06 23:36:37";"23.66";"71.5";"943.98";"3680";"16";"-22.822301864624023";"-47.06569290161133";"615.7";"-105";"6.5";"23520";"1772850997810"
"1412";"2026-03-06 23:37:37";"23.66";"71.5";"943.96";"3680";"16";"-22.822267532348633";"-47.0656852722168";"612.7";"-107";"5.300000190734863";"23521";"1772851057782"
"1413";"2026-03-06 23:38:37";"23.66";"71";"943.98";"3680";"16";"-22.82229232788086";"-47.06568145751953";"616.9000000000001";"-107";"5";"23522";"1772851117814"
"1414";"2026-03-06 23:39:37";"23.65";"71.5";"943.98";"3680";"16";"-22.822261810302734";"-47.06563949584961";"618";"-101";"10";"23523";"1772851177819"
"1415";"2026-03-06 23:40:37";"23.64";"71.5";"944.08";"3720";"16";"-22.822267532348633";"-47.065635681152344";"619.2";"-109";"2.5";"23524";"1772851237790"
"1416";"2026-03-06 23:41:37";"23.64";"71.5";"944";"3700";"16";"-22.822267532348633";"-47.06568145751953";"621.7";"-109";"2.799999952316284";"23525";"1772851297803"
"1417";"2026-03-06 23:42:37";"23.64";"71.5";"943.96";"3720";"16";"-22.822242736816406";"-47.065673828125";"614.7";"-110";"1.2999999523162842";"23526";"1772851357814"
"1418";"2026-03-06 23:43:37";"23.64";"71.5";"944";"3720";"16";"-22.82225227355957";"-47.06565856933594";"611.7";"-108";"5";"23527";"1772851417770"
"1419";"2026-03-06 23:44:37";"23.63";"71.5";"944";"3700";"16";"-22.82227325439453";"-47.06569290161133";"613.7";"-109";"3";"23528";"1772851477807"
"1420";"2026-03-06 23:45:37";"23.62";"71.5";"943.98";"3680";"16";"-22.82225227355957";"-47.06566619873047";"617.2";"-107";"5";"23529";"1772851537781"
"1421";"2026-03-06 23:46:37";"23.63";"71.5";"943.96";"3700";"16";"-22.82225227355957";"-47.06562805175781";"620.2";"-112";"-2.5";"23530";"1772851597812"
"1422";"2026-03-06 23:47:37";"23.62";"71.5";"943.98";"3740";"16";"-22.822284698486328";"-47.06568908691406";"612";"-107";"5.5";"23531";"1772851657815"
"1423";"2026-03-06 23:48:37";"23.62";"71.5";"943.98";"3700";"16";"-22.822294235229492";"-47.06568908691406";"606.2";"-106";"6.5";"23532";"1772851717797"
"1424";"2026-03-06 23:49:37";"23.61";"71.5";"944.04";"3680";"16";"-22.82229995727539";"-47.065704345703125";"607.2";"-104";"7.5";"23533";"1772851777773"
"1425";"2026-03-06 23:50:37";"23.6";"71.5";"943.98";"3760";"16";"-22.822267532348633";"-47.065673828125";"615";"-105";"7";"23534";"1772851837807"
"1426";"2026-03-06 23:51:37";"23.6";"71.5";"944.08";"3720";"16";"-22.82227897644043";"-47.06570053100586";"618.4000000000001";"-107";"5.300000190734863";"23535";"1772851897805"
"1427";"2026-03-06 23:52:37";"23.59";"71.5";"944.02";"3700";"16";"-22.822242736816406";"-47.065673828125";"615.9000000000001";"-109";"3.799999952316284";"23536";"1772851957800"
"1428";"2026-03-06 23:53:37";"23.58";"71.5";"944.0600000000001";"3680";"16";"-22.82223892211914";"-47.06565475463867";"615.9000000000001";"-100";"10";"23537";"1772852017817"
"1429";"2026-03-06 23:54:37";"23.57";"72";"944.1";"3740";"16";"-22.8222713470459";"-47.06565856933594";"622";"-112";"-1.2999999523162842";"23538";"1772852077786"
"1430";"2026-03-06 23:55:37";"23.56";"72";"944.12";"3680";"16";"-22.82224464416504";"-47.06563186645508";"632.5";"-105";"7.5";"23539";"1772852137815"
"1431";"2026-03-06 23:56:37";"23.56";"72";"944.14";"3700";"16";"-22.822235107421875";"-47.06565856933594";"630";"-103";"8.800000190734863";"23540";"1772852197804"
"1432";"2026-03-06 23:57:37";"23.54";"72";"944.1";"3700";"16";"-22.822267532348633";"-47.06563949584961";"629";"-103";"8.5";"23541";"1772852257813"
"1433";"2026-03-06 23:58:37";"23.53";"72";"944.0600000000001";"3680";"16";"-22.822294235229492";"-47.06557846069336";"626";"-107";"5.5";"23542";"1772852317774"
"1434";"2026-03-06 23:59:37";"23.51";"72";"944.1";"3660";"16";"-22.82233428955078";"-47.0656623840332";"628.7";"-106";"6.300000190734863";"23543";"1772852377822"
