"Nº";"Data e Hora (America/Sao_Paulo)";"Temperatura (°C)";"Umidade Relativa (%)";"Pressão Atmosférica (hPa)";"Tensão do Sistema (mV)";"Luminosidade (lux)";"Latitude (°)";"Longitude (°)";"Altitude (m)";"RSSI (dBm)";"SNR (dB)";"Frame Counter";"Timestamp Aquisição (ms)"
"1";"2026-05-14 00:00:56";"16.08";"58";"947.82";"3680";"";"-22.822132110595703";"-47.0656852722168";"608.9";"-95";"11.800000190734863";"14052";"1778727656811"
"2";"2026-05-14 00:01:56";"16.06";"58";"947.8000000000001";"3660";"";"-22.8221492767334";"-47.06568908691406";"607.5";"-95";"12";"14053";"1778727716827"
"3";"2026-05-14 00:02:56";"16.05";"58";"947.72";"3700";"";"-22.822154998779297";"-47.065673828125";"605.2";"-96";"12";"14054";"1778727776810"
"4";"2026-05-14 00:03:56";"16.04";"58";"947.7";"3660";"";"-22.82216453552246";"-47.065677642822266";"604";"-94";"12";"14055";"1778727836815"
"5";"2026-05-14 00:04:56";"16.05";"58";"947.7";"3680";"";"-22.822189331054688";"-47.0656852722168";"605";"-96";"12.300000190734863";"14056";"1778727896829"
"6";"2026-05-14 00:05:56";"16";"58";"947.6800000000001";"3660";"";"-22.82220458984375";"-47.06569290161133";"615.5";"-95";"12";"14057";"1778727956828"
"7";"2026-05-14 00:06:56";"15.98";"58";"947.7";"3660";"";"-22.82222557067871";"-47.06569290161133";"611.9";"-96";"11.5";"14058";"1778728016818"
"8";"2026-05-14 00:07:56";"15.94";"58";"947.72";"3660";"";"-22.82215118408203";"-47.065696716308594";"612";"-95";"12";"14059";"1778728076825"
"9";"2026-05-14 00:08:56";"15.92";"58";"947.72";"3660";"";"-22.82217788696289";"-47.06570053100586";"614.7";"-95";"12.300000190734863";"14060";"1778728136830"
"10";"2026-05-14 00:09:56";"15.92";"58";"947.72";"3660";"";"-22.822132110595703";"-47.06565475463867";"615.5";"-95";"12";"14061";"1778728196787"
"11";"2026-05-14 00:10:56";"15.91";"58";"947.6800000000001";"3660";"";"-22.82212257385254";"-47.065677642822266";"603.5";"-96";"11.300000190734863";"14062";"1778728256818"
"12";"2026-05-14 00:11:56";"15.89";"58.5";"947.6800000000001";"3660";"";"-22.822154998779297";"-47.0656852722168";"605.4";"-95";"11.800000190734863";"14063";"1778728316813"
"13";"2026-05-14 00:12:56";"15.86";"58";"947.6800000000001";"3680";"";"-22.82219696044922";"-47.06571960449219";"605.5";"-95";"12.300000190734863";"14064";"1778728376826"
"14";"2026-05-14 00:13:56";"15.85";"58.5";"947.6800000000001";"3660";"";"-22.822181701660156";"-47.06568908691406";"609.7";"-95";"12";"14065";"1778728436818"
"15";"2026-05-14 00:14:56";"15.84";"58.5";"947.6800000000001";"3660";"";"-22.822181701660156";"-47.06569290161133";"608.4";"-95";"12";"14066";"1778728496820"
"16";"2026-05-14 00:15:56";"15.85";"58.5";"947.6800000000001";"3700";"";"-22.822158813476562";"-47.06565475463867";"615.2";"-94";"12";"14067";"1778728556823"
"17";"2026-05-14 00:16:56";"15.84";"58";"947.66";"3660";"";"-22.822145462036133";"-47.06565856933594";"615.5";"-94";"12.5";"14068";"1778728616822"
"18";"2026-05-14 00:17:56";"15.85";"58.5";"947.6800000000001";"3700";"";"-22.822141647338867";"-47.0656623840332";"608.5";"-95";"12.300000190734863";"14069";"1778728676816"
"19";"2026-05-14 00:18:56";"15.88";"58.5";"947.66";"3660";"";"-22.822242736816406";"-47.065704345703125";"603";"-95";"11.5";"14070";"1778728736822"
"20";"2026-05-14 00:19:56";"15.87";"58.5";"947.64";"3660";"";"-22.82217025756836";"-47.065677642822266";"617.2";"-95";"11.800000190734863";"14071";"1778728796810"
"21";"2026-05-14 00:20:56";"15.86";"58.5";"947.58";"3640";"";"-22.8221435546875";"-47.06568145751953";"619.4000000000001";"-95";"11.5";"14072";"1778728856823"
"22";"2026-05-14 00:21:56";"15.86";"58.5";"947.5600000000001";"3680";"";"-22.82216453552246";"-47.06565475463867";"618.2";"-95";"12.300000190734863";"14073";"1778728916802"
"23";"2026-05-14 00:22:56";"15.86";"58";"947.52";"3660";"";"-22.822113037109375";"-47.06566619873047";"615.9000000000001";"-95";"12";"14074";"1778728976818"
"24";"2026-05-14 00:23:56";"15.84";"58.5";"947.54";"3640";"";"-22.822120666503906";"-47.06570053100586";"609";"-95";"12";"14075";"1778729036807"
"25";"2026-05-14 00:24:56";"15.84";"58";"947.52";"3700";"";"-22.82215118408203";"-47.06565475463867";"614.7";"-95";"12.300000190734863";"14076";"1778729096812"
"26";"2026-05-14 00:25:56";"15.84";"58.5";"947.52";"3660";"";"-22.822162628173828";"-47.0656852722168";"616";"-95";"11";"14077";"1778729156813"
"27";"2026-05-14 00:26:56";"15.82";"58.5";"947.46";"3660";"";"-22.82219696044922";"-47.06571578979492";"609";"-95";"12.300000190734863";"14078";"1778729216813"
"28";"2026-05-14 00:27:56";"15.83";"58.5";"947.5";"3660";"";"-22.82221031188965";"-47.06566619873047";"615.9000000000001";"-95";"12";"14079";"1778729276813"
"29";"2026-05-14 00:28:56";"15.83";"58";"947.44";"3660";"";"-22.822195053100586";"-47.06570816040039";"610.5";"-95";"12";"14080";"1778729336816"
"30";"2026-05-14 00:29:56";"15.83";"58.5";"947.46";"3660";"";"-22.822202682495117";"-47.06572723388672";"607.2";"-95";"12";"14081";"1778729396813"
"31";"2026-05-14 00:30:56";"15.84";"58";"947.48";"3660";"";"-22.82217025756836";"-47.06565475463867";"620.2";"-96";"11.800000190734863";"14082";"1778729456811"
"32";"2026-05-14 00:31:56";"15.84";"58";"947.44";"3660";"";"-22.822078704833984";"-47.065643310546875";"614";"-94";"11.800000190734863";"14083";"1778729516817"
"33";"2026-05-14 00:32:56";"15.85";"58";"947.44";"3660";"";"-22.8221492767334";"-47.0656852722168";"610.2";"-95";"12.300000190734863";"14084";"1778729576814"
"34";"2026-05-14 00:33:56";"15.84";"58";"947.48";"3680";"";"-22.82218360900879";"-47.06568908691406";"615";"-95";"12";"14085";"1778729636808"
"35";"2026-05-14 00:34:56";"15.84";"58";"947.4200000000001";"3660";"";"-22.822216033935547";"-47.06568908691406";"616.7";"-94";"12.300000190734863";"14086";"1778729696830"
"36";"2026-05-14 00:35:56";"15.85";"58";"947.44";"3680";"";"-22.822229385375977";"-47.06569290161133";"610.7";"-94";"12";"14087";"1778729756814"
"37";"2026-05-14 00:36:56";"15.86";"58";"947.46";"3680";"";"-22.82217788696289";"-47.065670013427734";"593.2";"-94";"12.5";"14088";"1778729816812"
"38";"2026-05-14 00:37:56";"15.84";"58";"947.48";"3660";"";"-22.822200775146484";"-47.065711975097656";"603";"-94";"12.300000190734863";"14089";"1778729876801"
"39";"2026-05-14 00:38:56";"15.82";"58.5";"947.4200000000001";"3660";"";"-22.822202682495117";"-47.06570053100586";"607";"-94";"12.300000190734863";"14090";"1778729936814"
"40";"2026-05-14 00:39:56";"15.82";"58.5";"947.48";"3660";"";"-22.82216453552246";"-47.065704345703125";"616.5";"-94";"9";"14091";"1778729996794"
"41";"2026-05-14 00:40:56";"15.81";"58";"947.46";"3680";"";"-22.822158813476562";"-47.065673828125";"610.5";"-94";"12.300000190734863";"14092";"1778730056801"
"42";"2026-05-14 00:41:56";"15.79";"58";"947.54";"3680";"";"-22.82215690612793";"-47.065677642822266";"611.5";"-94";"11.5";"14093";"1778730116807"
"43";"2026-05-14 00:42:56";"15.78";"58.5";"947.58";"3660";"";"-22.822162628173828";"-47.06564712524414";"611.4";"-95";"11.800000190734863";"14094";"1778730176809"
"44";"2026-05-14 00:43:56";"15.79";"58";"947.5600000000001";"3660";"";"-22.822168350219727";"-47.06568145751953";"605";"-94";"11.5";"14095";"1778730236813"
"45";"2026-05-14 00:44:56";"15.78";"58.5";"947.58";"3680";"";"-22.82213592529297";"-47.065704345703125";"622";"-94";"11.300000190734863";"14096";"1778730296797"
"46";"2026-05-14 00:45:56";"15.78";"58.5";"947.6";"3660";"";"-22.82210922241211";"-47.065711975097656";"620.5";"-95";"11.800000190734863";"14097";"1778730356804"
"47";"2026-05-14 00:46:56";"15.75";"58.5";"947.6";"3660";"";"-22.82215690612793";"-47.06571578979492";"622.2";"-95";"12";"14098";"1778730416813"
"48";"2026-05-14 00:47:56";"15.71";"58.5";"947.62";"3660";"";"-22.82219886779785";"-47.06571578979492";"609.7";"-95";"12.300000190734863";"14099";"1778730476805"
"49";"2026-05-14 00:48:56";"15.7";"58.5";"947.62";"3660";"";"-22.82216453552246";"-47.06569290161133";"609.4";"-95";"12.300000190734863";"14100";"1778730536807"
"50";"2026-05-14 00:49:56";"15.7";"58.5";"947.6";"3660";"";"-22.82217788696289";"-47.065677642822266";"612.2";"-94";"12";"14101";"1778730596806"
"51";"2026-05-14 00:50:56";"15.7";"58.5";"947.64";"3660";"";"-22.822206497192383";"-47.0656852722168";"610.7";"-95";"11.5";"14102";"1778730656802"
"52";"2026-05-14 00:51:56";"15.69";"58.5";"947.64";"3680";"";"-22.8221435546875";"-47.0656623840332";"611.4";"-95";"12";"14103";"1778730716806"
"53";"2026-05-14 00:52:56";"15.68";"58.5";"947.62";"3680";"";"-22.8221435546875";"-47.065670013427734";"607.5";"-94";"11.800000190734863";"14104";"1778730776805"
"54";"2026-05-14 00:53:56";"15.68";"58.5";"947.5600000000001";"3640";"";"-22.82215690612793";"-47.06566619873047";"603.5";"-95";"12";"14105";"1778730836816"
"55";"2026-05-14 00:54:56";"15.67";"58.5";"947.62";"3660";"";"-22.8221492767334";"-47.06565856933594";"609";"-95";"12";"14106";"1778730896805"
"56";"2026-05-14 00:55:56";"15.67";"58.5";"947.58";"3700";"";"-22.82217025756836";"-47.06568908691406";"601";"-95";"11.800000190734863";"14107";"1778730956802"
"57";"2026-05-14 00:56:56";"15.63";"58.5";"947.52";"3680";"";"-22.82213020324707";"-47.06563186645508";"618.9000000000001";"-95";"12";"14108";"1778731016805"
"58";"2026-05-14 00:57:56";"15.6";"58.5";"947.54";"3660";"";"-22.822141647338867";"-47.06559371948242";"624.7";"-95";"12";"14109";"1778731076804"
"59";"2026-05-14 00:58:56";"15.58";"58.5";"947.52";"3680";"";"-22.822145462036133";"-47.06562805175781";"624";"-95";"12.300000190734863";"14110";"1778731136804"
"60";"2026-05-14 00:59:56";"15.58";"58.5";"947.54";"3680";"";"-22.822147369384766";"-47.065643310546875";"613.5";"-95";"12";"14111";"1778731196813"
"61";"2026-05-14 01:00:56";"15.58";"58.5";"947.5600000000001";"3680";"";"-22.822172164916992";"-47.06564712524414";"600.9";"-95";"12";"14112";"1778731256814"
"62";"2026-05-14 01:01:56";"15.58";"58.5";"947.52";"3640";"";"-22.822185516357422";"-47.06568908691406";"608.2";"-94";"12";"14113";"1778731316808"
"63";"2026-05-14 01:02:56";"15.59";"58.5";"947.54";"3660";"";"-22.82213592529297";"-47.065673828125";"605.7";"-95";"11.800000190734863";"14114";"1778731376816"
"64";"2026-05-14 01:03:56";"15.58";"58.5";"947.52";"3640";"";"-22.822114944458008";"-47.06565856933594";"605.9";"-94";"12";"14115";"1778731436803"
"65";"2026-05-14 01:04:56";"15.59";"58.5";"947.5600000000001";"3660";"";"-22.822126388549805";"-47.06563186645508";"608.7";"-94";"12";"14116";"1778731496795"
"66";"2026-05-14 01:05:56";"15.6";"58.5";"947.54";"3680";"";"-22.822141647338867";"-47.06562423706055";"615.5";"-94";"12";"14117";"1778731556800"
"67";"2026-05-14 01:06:56";"15.59";"58.5";"947.52";"3680";"";"-22.822132110595703";"-47.065635681152344";"612.2";"-94";"12";"14118";"1778731616803"
"68";"2026-05-14 01:07:56";"15.57";"58.5";"947.52";"3640";"";"-22.82215118408203";"-47.06562042236328";"620.7";"-94";"12";"14119";"1778731676804"
"69";"2026-05-14 01:08:56";"15.57";"58.5";"947.54";"3640";"";"-22.82211685180664";"-47.065616607666016";"617.5";"-95";"12";"14120";"1778731736810"
"70";"2026-05-14 01:09:56";"15.55";"58.5";"947.58";"3640";"";"-22.822093963623047";"-47.065589904785156";"625.9000000000001";"-94";"11.800000190734863";"14121";"1778731796809"
"71";"2026-05-14 01:10:56";"15.53";"58.5";"947.5600000000001";"3660";"";"-22.822097778320312";"-47.065547943115234";"638";"-95";"12.300000190734863";"14122";"1778731856799"
"72";"2026-05-14 01:11:56";"15.51";"59";"947.6";"3660";"";"-22.82212257385254";"-47.06562805175781";"619.2";"-95";"10.800000190734863";"14123";"1778731916799"
"73";"2026-05-14 01:12:56";"15.51";"59";"947.5600000000001";"3640";"";"-22.822063446044922";"-47.06562805175781";"621.5";"-94";"12";"14124";"1778731976805"
"74";"2026-05-14 01:13:56";"15.49";"58.5";"947.54";"3660";"";"-22.82210922241211";"-47.065608978271484";"618.2";"-94";"11.800000190734863";"14125";"1778732036808"
"75";"2026-05-14 01:14:56";"15.47";"58.5";"947.6";"3640";"";"-22.822128295898438";"-47.06562423706055";"615.4000000000001";"-94";"11.5";"14126";"1778732096808"
"76";"2026-05-14 01:15:56";"15.46";"58.5";"947.58";"3640";"";"-22.822099685668945";"-47.06562805175781";"615";"-93";"12.300000190734863";"14127";"1778732156814"
"77";"2026-05-14 01:16:56";"15.48";"58.5";"947.6";"3660";"";"-22.822132110595703";"-47.06570053100586";"606.7";"-94";"12";"14128";"1778732216807"
"78";"2026-05-14 01:17:56";"15.46";"58.5";"947.6";"3660";"";"-22.8221435546875";"-47.06568145751953";"615.5";"-94";"12";"14129";"1778732276811"
"79";"2026-05-14 01:18:56";"15.44";"59";"947.62";"3680";"";"-22.822153091430664";"-47.06565475463867";"633.9000000000001";"-93";"12";"14130";"1778732336782"
"80";"2026-05-14 01:19:56";"15.43";"58.5";"947.5600000000001";"3660";"";"-22.822139739990234";"-47.06562805175781";"628.4000000000001";"-94";"12.300000190734863";"14131";"1778732396817"
"81";"2026-05-14 01:20:56";"15.41";"59";"947.6";"3680";"";"-22.822101593017578";"-47.06562042236328";"620";"-94";"12";"14132";"1778732456804"
"82";"2026-05-14 01:21:56";"15.4";"59";"947.58";"3640";"";"-22.82209587097168";"-47.06560516357422";"602.9";"-94";"11.800000190734863";"14133";"1778732516815"
"83";"2026-05-14 01:22:56";"15.38";"59";"947.6";"3640";"";"-22.822113037109375";"-47.06563949584961";"616";"-94";"11.800000190734863";"14134";"1778732576826"
"84";"2026-05-14 01:23:56";"15.38";"59";"947.5600000000001";"3660";"";"-22.82209587097168";"-47.0656623840332";"617.7";"-94";"11.800000190734863";"14135";"1778732636782"
"85";"2026-05-14 01:24:56";"15.38";"59";"947.54";"3640";"";"-22.82208824157715";"-47.06563949584961";"622.5";"-94";"12.300000190734863";"14136";"1778732696801"
"86";"2026-05-14 01:25:56";"15.36";"59";"947.54";"3640";"";"-22.82210922241211";"-47.065643310546875";"630.5";"-94";"12";"14137";"1778732756811"
"87";"2026-05-14 01:26:56";"15.32";"59";"947.5600000000001";"3660";"";"-22.822097778320312";"-47.06565856933594";"618.4000000000001";"-94";"12";"14138";"1778732816803"
"88";"2026-05-14 01:27:56";"15.29";"59";"947.5600000000001";"3660";"";"-22.822107315063477";"-47.06565475463867";"609.4";"-94";"12";"14139";"1778732876800"
"89";"2026-05-14 01:28:56";"15.28";"59";"947.5600000000001";"3640";"";"-22.82209014892578";"-47.0656852722168";"616.2";"-94";"12.300000190734863";"14140";"1778732936803"
"90";"2026-05-14 01:29:56";"15.28";"59";"947.52";"3660";"";"-22.822105407714844";"-47.06568145751953";"620.5";"-94";"11.5";"14141";"1778732996804"
"91";"2026-05-14 01:30:56";"15.3";"59";"947.52";"3660";"";"-22.82207489013672";"-47.06568145751953";"618.7";"-94";"12";"14142";"1778733056802"
"92";"2026-05-14 01:31:56";"15.3";"59";"947.54";"3680";"";"-22.822107315063477";"-47.06563949584961";"615.9000000000001";"-94";"11.800000190734863";"14143";"1778733116831"
"93";"2026-05-14 01:32:56";"15.28";"59";"947.54";"3660";"";"-22.82212257385254";"-47.065635681152344";"610.2";"-94";"11.800000190734863";"14144";"1778733176767"
"94";"2026-05-14 01:33:56";"15.28";"59";"947.48";"3660";"";"-22.822141647338867";"-47.06563186645508";"607.4";"-94";"11.800000190734863";"14145";"1778733236780"
"95";"2026-05-14 01:34:56";"15.28";"59";"947.48";"3660";"";"-22.822111129760742";"-47.065616607666016";"612.2";"-94";"12.300000190734863";"14146";"1778733296802"
"96";"2026-05-14 01:35:56";"15.27";"59";"947.5";"3660";"";"-22.82211685180664";"-47.06562805175781";"615.7";"-94";"11.800000190734863";"14147";"1778733356809"
"97";"2026-05-14 01:36:56";"15.26";"59";"947.54";"3640";"";"-22.82210350036621";"-47.065616607666016";"608.7";"-94";"12.300000190734863";"14148";"1778733416807"
"98";"2026-05-14 01:37:56";"15.26";"59";"947.5600000000001";"3640";"";"-22.822092056274414";"-47.065643310546875";"607.5";"-94";"11.800000190734863";"14149";"1778733476811"
"99";"2026-05-14 01:38:56";"15.23";"59";"947.5600000000001";"3640";"";"-22.822097778320312";"-47.06563949584961";"615.7";"-94";"11.800000190734863";"14150";"1778733536804"
"100";"2026-05-14 01:39:56";"15.23";"59";"947.5600000000001";"3680";"";"-22.822092056274414";"-47.065650939941406";"620.9000000000001";"-94";"11.5";"14151";"1778733596805"
"101";"2026-05-14 01:40:56";"15.23";"59";"947.5600000000001";"3640";"";"-22.82210922241211";"-47.06565475463867";"621.5";"-94";"12.300000190734863";"14152";"1778733656812"
"102";"2026-05-14 01:41:56";"15.22";"59";"947.58";"3660";"";"-22.822132110595703";"-47.06565475463867";"619.7";"-94";"12";"14153";"1778733716809"
"103";"2026-05-14 01:42:56";"15.21";"59";"947.5600000000001";"3660";"";"-22.822120666503906";"-47.06565856933594";"625.5";"-94";"11.800000190734863";"14154";"1778733776807"
"104";"2026-05-14 01:43:56";"15.2";"59";"947.58";"3640";"";"-22.822126388549805";"-47.06566619873047";"618.2";"-94";"12";"14155";"1778733836806"
"105";"2026-05-14 01:44:56";"15.2";"59";"947.6";"3640";"";"-22.82210350036621";"-47.065635681152344";"616.2";"-94";"12";"14156";"1778733896832"
"106";"2026-05-14 01:45:56";"15.19";"59";"947.6";"3620";"";"-22.822114944458008";"-47.065616607666016";"612.2";"-94";"12";"14157";"1778733956806"
"107";"2026-05-14 01:46:56";"15.18";"59";"947.62";"3640";"";"-22.822105407714844";"-47.06562423706055";"623";"-94";"12";"14158";"1778734016808"
"108";"2026-05-14 01:47:56";"15.17";"59";"947.6";"3640";"";"-22.822101593017578";"-47.06562805175781";"621.7";"-94";"11.5";"14159";"1778734076807"
"109";"2026-05-14 01:48:56";"15.16";"59";"947.6";"3640";"";"-22.822141647338867";"-47.06565475463867";"610.5";"-94";"12";"14160";"1778734136813"
"110";"2026-05-14 01:49:56";"15.15";"59";"947.5600000000001";"3640";"";"-22.822120666503906";"-47.06563949584961";"618.5";"-94";"12";"14161";"1778734196801"
"111";"2026-05-14 01:50:56";"15.14";"59";"947.54";"3640";"";"-22.822093963623047";"-47.06565475463867";"615.7";"-94";"12";"14162";"1778734256813"
"112";"2026-05-14 01:51:56";"15.16";"59";"947.54";"3660";"";"-22.822093963623047";"-47.06562805175781";"621.9000000000001";"-94";"11.800000190734863";"14163";"1778734316817"
"113";"2026-05-14 01:52:56";"15.15";"59";"947.52";"3660";"";"-22.822113037109375";"-47.06562042236328";"622.5";"-94";"11.800000190734863";"14164";"1778734376813"
"114";"2026-05-14 01:53:56";"15.14";"59";"947.52";"3640";"";"-22.82215118408203";"-47.06563949584961";"611.7";"-94";"11.800000190734863";"14165";"1778734436814"
"115";"2026-05-14 01:54:56";"15.14";"59";"947.5";"3640";"";"-22.822141647338867";"-47.0656623840332";"615.5";"-94";"12.300000190734863";"14166";"1778734496804"
"116";"2026-05-14 01:55:56";"15.13";"59";"947.48";"3660";"";"-22.8221492767334";"-47.06564712524414";"605.4";"-94";"12";"14167";"1778734556817"
"117";"2026-05-14 01:56:56";"15.1";"59";"947.4200000000001";"3660";"";"-22.822141647338867";"-47.06566619873047";"611.5";"-94";"11.800000190734863";"14168";"1778734616814"
"118";"2026-05-14 01:57:56";"15.1";"59";"947.4";"3620";"";"-22.822147369384766";"-47.06564712524414";"604.5";"-94";"11.800000190734863";"14169";"1778734676807"
"119";"2026-05-14 01:58:56";"15.09";"59";"947.4";"3660";"";"-22.822132110595703";"-47.06560516357422";"611";"-94";"11";"14170";"1778734736812"
"120";"2026-05-14 01:59:56";"15.06";"59";"947.4200000000001";"3620";"";"-22.822120666503906";"-47.065635681152344";"615.7";"-94";"11.5";"14171";"1778734796833"
"121";"2026-05-14 02:00:56";"15.05";"59";"947.4200000000001";"3620";"";"-22.822134017944336";"-47.06563186645508";"614.9000000000001";"-94";"12";"14172";"1778734856807"
"122";"2026-05-14 02:01:56";"15.06";"59";"947.34";"3620";"";"-22.822107315063477";"-47.06563949584961";"605.2";"-94";"11.800000190734863";"14173";"1778734916801"
"123";"2026-05-14 02:02:56";"15.06";"59";"947.34";"3660";"";"-22.82219696044922";"-47.065555572509766";"629";"-94";"11.800000190734863";"14174";"1778734976806"
"124";"2026-05-14 02:03:56";"15.07";"59";"947.32";"3620";"";"-22.822105407714844";"-47.065589904785156";"609.9";"-93";"12.300000190734863";"14175";"1778735036815"
"125";"2026-05-14 02:04:56";"15.07";"59";"947.28";"3640";"";"-22.822107315063477";"-47.06560134887695";"614.7";"-94";"12.300000190734863";"14176";"1778735096805"
"126";"2026-05-14 02:05:56";"15.07";"59";"947.28";"3620";"";"-22.82208251953125";"-47.06559753417969";"623.7";"-94";"11.800000190734863";"14177";"1778735156805"
"127";"2026-05-14 02:06:56";"15.08";"59";"947.28";"3660";"";"-22.82206153869629";"-47.06559753417969";"624.7";"-94";"11.800000190734863";"14178";"1778735216811"
"128";"2026-05-14 02:07:56";"15.07";"59";"947.28";"3620";"";"-22.82217025756836";"-47.06550979614258";"640";"-94";"11";"14179";"1778735276811"
"129";"2026-05-14 02:08:56";"15.06";"59";"947.24";"3620";"";"-22.822118759155273";"-47.06553649902344";"624.5";"-94";"12.300000190734863";"14180";"1778735336797"
"130";"2026-05-14 02:09:56";"15.06";"59";"947.3000000000001";"3620";"";"-22.82216453552246";"-47.06564712524414";"609.7";"-94";"12";"14181";"1778735396807"
"131";"2026-05-14 02:10:56";"15.07";"59";"947.3000000000001";"3660";"";"-22.82213020324707";"-47.065582275390625";"622.9000000000001";"-94";"12.300000190734863";"14182";"1778735456794"
"132";"2026-05-14 02:11:56";"15.08";"59";"947.26";"3640";"";"-22.822174072265625";"-47.06550216674805";"651.5";"-93";"12.300000190734863";"14183";"1778735516805"
"133";"2026-05-14 02:12:56";"15.09";"59";"947.3000000000001";"3640";"";"-22.822147369384766";"-47.06559753417969";"610.2";"-94";"12.300000190734863";"14184";"1778735576801"
"134";"2026-05-14 02:13:56";"15.09";"59";"947.26";"3660";"";"-22.82215118408203";"-47.065582275390625";"617.7";"-94";"11.800000190734863";"14185";"1778735636809"
"135";"2026-05-14 02:14:56";"15.07";"59";"947.24";"3660";"";"-22.822154998779297";"-47.06563186645508";"618";"-93";"12.300000190734863";"14186";"1778735696802"
"136";"2026-05-14 02:15:56";"15.05";"59";"947.24";"3620";"";"-22.822166442871094";"-47.065635681152344";"613";"-94";"12";"14187";"1778735756812"
"137";"2026-05-14 02:16:56";"15.05";"59";"947.2";"3620";"";"-22.822132110595703";"-47.06566619873047";"615.2";"-93";"12.300000190734863";"14188";"1778735816804"
"138";"2026-05-14 02:17:56";"15.07";"59";"947.1800000000001";"3640";"";"-22.822092056274414";"-47.065650939941406";"604.7";"-94";"12";"14189";"1778735876800"
"139";"2026-05-14 02:18:56";"15.08";"59";"947.2";"3660";"";"-22.822134017944336";"-47.06563949584961";"613.4";"-93";"11.800000190734863";"14190";"1778735936799"
"140";"2026-05-14 02:19:56";"15.07";"59";"947.16";"3620";"";"-22.822124481201172";"-47.065704345703125";"603.7";"-93";"12";"14191";"1778735996803"
"141";"2026-05-14 02:20:56";"15.06";"59";"947.22";"3620";"";"-22.82216453552246";"-47.0656852722168";"602.7";"-94";"12";"14192";"1778736056812"
"142";"2026-05-14 02:21:56";"15.05";"59";"947.12";"3620";"";"-22.822174072265625";"-47.065643310546875";"593.7";"-94";"12.300000190734863";"14193";"1778736116811"
"143";"2026-05-14 02:22:56";"15.06";"59";"947.16";"3620";"";"-22.822145462036133";"-47.065643310546875";"602.2";"-94";"12.300000190734863";"14194";"1778736176814"
"144";"2026-05-14 02:23:56";"15.08";"59";"947.12";"3620";"";"-22.822105407714844";"-47.065616607666016";"619.4000000000001";"-94";"11.800000190734863";"14195";"1778736236802"
"145";"2026-05-14 02:24:56";"15.09";"59";"947.1";"3620";"";"-22.82210350036621";"-47.06562423706055";"606.4";"-95";"12";"14196";"1778736296811"
"146";"2026-05-14 02:25:56";"15.11";"59";"947.1";"3640";"";"-22.822139739990234";"-47.06562042236328";"608.9";"-94";"11.300000190734863";"14197";"1778736356820"
"147";"2026-05-14 02:26:56";"15.11";"59";"947.08";"3620";"";"-22.822113037109375";"-47.065643310546875";"595.9";"-93";"12.800000190734863";"14198";"1778736416813"
"148";"2026-05-14 02:27:56";"15.11";"59";"947.08";"3620";"";"-22.82212257385254";"-47.06564712524414";"596.4";"-94";"12";"14199";"1778736476807"
"149";"2026-05-14 02:28:56";"15.12";"59";"947.08";"3620";"";"-22.822101593017578";"-47.06562423706055";"608.2";"-95";"12.300000190734863";"14200";"1778736536807"
"150";"2026-05-14 02:29:56";"15.12";"59";"947.1";"3640";"";"-22.822118759155273";"-47.06563186645508";"602.4";"-95";"12";"14201";"1778736596816"
"151";"2026-05-14 02:30:56";"15.13";"59";"947.12";"3640";"";"-22.822120666503906";"-47.06563186645508";"601.5";"-95";"12.5";"14202";"1778736656780"
"152";"2026-05-14 02:31:56";"15.13";"59";"947.1";"3640";"";"-22.822147369384766";"-47.065650939941406";"604";"-95";"12.300000190734863";"14203";"1778736716782"
"153";"2026-05-14 02:32:56";"15.13";"59";"947.12";"3620";"";"-22.822154998779297";"-47.06563949584961";"612.2";"-95";"11.800000190734863";"14204";"1778736776800"
"154";"2026-05-14 02:33:56";"15.12";"58.5";"947.12";"3640";"";"-22.822092056274414";"-47.065582275390625";"614.2";"-95";"12.300000190734863";"14205";"1778736836811"
"155";"2026-05-14 02:34:56";"15.11";"59";"947.1";"3600";"";"-22.822147369384766";"-47.06562042236328";"616";"-95";"12.300000190734863";"14206";"1778736896800"
"156";"2026-05-14 02:35:56";"15.11";"59";"947.1";"3620";"";"-22.82210350036621";"-47.065643310546875";"631";"-96";"11.800000190734863";"14207";"1778736956812"
"157";"2026-05-14 02:36:56";"15.12";"58.5";"947.08";"3620";"";"-22.822113037109375";"-47.065650939941406";"611";"-96";"11.5";"14208";"1778737016801"
"158";"2026-05-14 02:37:56";"15.12";"59";"947.08";"3620";"";"-22.822120666503906";"-47.0656623840332";"611.2";"-95";"12";"14209";"1778737076781"
"159";"2026-05-14 02:38:56";"15.12";"59";"947.08";"3600";"";"-22.82209014892578";"-47.065643310546875";"625.9000000000001";"-95";"12.300000190734863";"14210";"1778737136802"
"160";"2026-05-14 02:39:56";"15.11";"59";"947.02";"3620";"";"-22.822080612182617";"-47.06562423706055";"621.7";"-96";"11.800000190734863";"14211";"1778737196778"
"161";"2026-05-14 02:40:56";"15.12";"58.5";"947.04";"3640";"";"-22.822059631347656";"-47.065616607666016";"633";"-96";"12";"14212";"1778737256769"
"162";"2026-05-14 02:41:56";"15.11";"58.5";"947";"3620";"";"-22.82209587097168";"-47.06563949584961";"620.4000000000001";"-97";"11.300000190734863";"14213";"1778737316793"
"163";"2026-05-14 02:42:56";"15.1";"59";"947.02";"3600";"";"-22.82208251953125";"-47.06564712524414";"619.9000000000001";"-96";"12";"14214";"1778737376807"
"164";"2026-05-14 02:43:56";"15.08";"59";"947";"3620";"";"-22.822059631347656";"-47.06559371948242";"624.9000000000001";"-96";"12";"14215";"1778737436834"
"165";"2026-05-14 02:44:56";"15.06";"59";"947.04";"3620";"";"-22.822099685668945";"-47.06562805175781";"611.7";"-96";"12";"14216";"1778737496815"
"166";"2026-05-14 02:45:56";"15.07";"58.5";"947";"3640";"";"-22.822134017944336";"-47.06560516357422";"611.7";"-96";"11.800000190734863";"14217";"1778737556819"
"167";"2026-05-14 02:46:56";"15.05";"59";"946.98";"3640";"";"-22.82213592529297";"-47.06561279296875";"618.2";"-96";"11.800000190734863";"14218";"1778737616817"
"168";"2026-05-14 02:47:56";"15.03";"59";"947";"3600";"";"-22.822118759155273";"-47.06565475463867";"608.5";"-96";"11.5";"14219";"1778737676808"
"169";"2026-05-14 02:48:56";"15.02";"59";"947";"3600";"";"-22.822093963623047";"-47.06562805175781";"612.7";"-96";"11.800000190734863";"14220";"1778737736819"
"170";"2026-05-14 02:49:56";"15.02";"59";"946.98";"3600";"";"-22.82207679748535";"-47.06566619873047";"612.4";"-96";"11.800000190734863";"14221";"1778737796815"
"171";"2026-05-14 02:50:56";"15.01";"59";"946.96";"3620";"";"-22.822099685668945";"-47.0656623840332";"621";"-96";"12";"14222";"1778737856821"
"172";"2026-05-14 02:51:56";"15.01";"59";"946.94";"3600";"";"-22.822113037109375";"-47.065696716308594";"609.5";"-96";"11.800000190734863";"14223";"1778737916813"
"173";"2026-05-14 02:52:56";"15.01";"59";"946.98";"3600";"";"-22.822120666503906";"-47.065670013427734";"609.7";"-96";"11.5";"14224";"1778737976781"
"174";"2026-05-14 02:53:56";"15";"59";"946.96";"3640";"";"-22.822050094604492";"-47.065670013427734";"615.2";"-96";"12.300000190734863";"14225";"1778738036809"
"175";"2026-05-14 02:54:56";"15";"59";"946.96";"3600";"";"-22.82206916809082";"-47.06563949584961";"613";"-96";"11.800000190734863";"14226";"1778738096808"
"176";"2026-05-14 02:55:56";"14.98";"59";"946.9200000000001";"3600";"";"-22.822126388549805";"-47.06559753417969";"617.5";"-96";"12.300000190734863";"14227";"1778738156813"
"177";"2026-05-14 02:56:56";"14.97";"59";"946.96";"3600";"";"-22.822168350219727";"-47.065616607666016";"615";"-96";"12";"14228";"1778738216813"
"178";"2026-05-14 02:57:56";"14.96";"59";"946.98";"3620";"";"-22.822158813476562";"-47.06562805175781";"608.7";"-95";"12.300000190734863";"14229";"1778738276810"
"179";"2026-05-14 02:58:56";"14.94";"59";"946.96";"3640";"";"-22.822132110595703";"-47.06570053100586";"609";"-96";"12";"14230";"1778738336809"
"180";"2026-05-14 02:59:56";"14.94";"59";"946.94";"3600";"";"-22.822141647338867";"-47.065677642822266";"615.5";"-96";"12.300000190734863";"14231";"1778738396822"
"181";"2026-05-14 03:00:56";"14.94";"59";"946.96";"3640";"";"-22.82215118408203";"-47.06563186645508";"613.7";"-95";"12";"14232";"1778738456826"
"182";"2026-05-14 03:01:56";"14.94";"59";"946.96";"3620";"";"-22.822126388549805";"-47.06564712524414";"615.9000000000001";"-95";"12.300000190734863";"14233";"1778738516808"
"183";"2026-05-14 03:02:56";"14.94";"59";"946.9200000000001";"3620";"";"-22.822128295898438";"-47.065643310546875";"616";"-95";"12";"14234";"1778738576814"
"184";"2026-05-14 03:03:56";"14.92";"59";"946.96";"3600";"";"-22.82211685180664";"-47.06566619873047";"612.2";"-95";"12";"14235";"1778738636807"
"185";"2026-05-14 03:04:56";"14.89";"59";"946.98";"3600";"";"-22.82207489013672";"-47.065677642822266";"616.5";"-95";"12.300000190734863";"14236";"1778738696815"
"186";"2026-05-14 03:05:56";"14.87";"59";"946.98";"3620";"";"-22.822057723999023";"-47.06566619873047";"622.4000000000001";"-95";"12";"14237";"1778738756812"
"187";"2026-05-14 03:06:56";"14.84";"59";"946.94";"3600";"";"-22.822105407714844";"-47.06562423706055";"617.4000000000001";"-95";"12";"14238";"1778738816817"
"188";"2026-05-14 03:07:56";"14.81";"59.5";"946.9200000000001";"3600";"";"-22.822118759155273";"-47.065673828125";"609.7";"-95";"11.800000190734863";"14239";"1778738876785"
"189";"2026-05-14 03:08:56";"14.81";"59.5";"946.94";"3600";"";"-22.822153091430664";"-47.06562042236328";"613.5";"-95";"12.300000190734863";"14240";"1778738936819"
"190";"2026-05-14 03:09:56";"14.79";"59.5";"946.94";"3600";"";"-22.82213592529297";"-47.065643310546875";"612.7";"-95";"11.5";"14241";"1778738996828"
"191";"2026-05-14 03:10:56";"14.78";"59.5";"946.94";"3600";"";"-22.82213592529297";"-47.065643310546875";"609.7";"-95";"12";"14242";"1778739056820"
"192";"2026-05-14 03:11:56";"14.79";"59.5";"946.9";"3620";"";"-22.822147369384766";"-47.06563186645508";"620.2";"-95";"11.800000190734863";"14243";"1778739116829"
"193";"2026-05-14 03:12:56";"14.78";"59.5";"946.9";"3600";"";"-22.822160720825195";"-47.065643310546875";"619.9000000000001";"-94";"11.800000190734863";"14244";"1778739176819"
"194";"2026-05-14 03:13:56";"14.77";"59.5";"946.88";"3580";"";"-22.822158813476562";"-47.065650939941406";"618.5";"-95";"12.300000190734863";"14245";"1778739236809"
"195";"2026-05-14 03:14:56";"14.73";"59.5";"946.88";"3600";"";"-22.822099685668945";"-47.06564712524414";"612.4";"-95";"12";"14246";"1778739296821"
"196";"2026-05-14 03:15:56";"14.68";"59.5";"946.84";"3600";"";"-22.82205581665039";"-47.065670013427734";"617.5";"-94";"11.800000190734863";"14247";"1778739356817"
"197";"2026-05-14 03:16:56";"14.65";"59.5";"946.9";"3600";"";"-22.822040557861328";"-47.06568145751953";"611";"-94";"12";"14248";"1778739416813"
"198";"2026-05-14 03:17:56";"14.65";"59.5";"946.88";"3620";"";"-22.822099685668945";"-47.065670013427734";"608.2";"-95";"12.300000190734863";"14249";"1778739476819"
"199";"2026-05-14 03:18:56";"14.63";"59.5";"946.88";"3620";"";"-22.82213592529297";"-47.065643310546875";"608.2";"-94";"12";"14250";"1778739536815"
"200";"2026-05-14 03:19:56";"14.62";"59.5";"946.84";"3600";"";"-22.822147369384766";"-47.065643310546875";"612.5";"-94";"12";"14251";"1778739596822"
"201";"2026-05-14 03:20:56";"14.6";"59.5";"946.78";"3600";"";"-22.8221435546875";"-47.065670013427734";"614.4000000000001";"-94";"12";"14252";"1778739656819"
"202";"2026-05-14 03:21:56";"14.6";"59.5";"946.8000000000001";"3600";"";"-22.822162628173828";"-47.065704345703125";"624.2";"-94";"11.800000190734863";"14253";"1778739716827"
"203";"2026-05-14 03:22:56";"14.59";"59.5";"946.82";"3580";"";"-22.822145462036133";"-47.06565475463867";"615";"-94";"12";"14254";"1778739776789"
"204";"2026-05-14 03:23:56";"14.6";"59.5";"946.8000000000001";"3580";"";"-22.822147369384766";"-47.06565475463867";"618.9000000000001";"-94";"11.800000190734863";"14255";"1778739836816"
"205";"2026-05-14 03:24:56";"14.61";"59.5";"946.8000000000001";"3580";"";"-22.82213020324707";"-47.065670013427734";"612.9";"-94";"12";"14256";"1778739896826"
"206";"2026-05-14 03:25:56";"14.59";"59.5";"946.82";"3620";"";"-22.82211685180664";"-47.065635681152344";"612";"-94";"11.800000190734863";"14257";"1778739956814"
"207";"2026-05-14 03:26:56";"14.58";"59.5";"946.8000000000001";"3600";"";"-22.822120666503906";"-47.065616607666016";"620.2";"-95";"11.800000190734863";"14258";"1778740016823"
"208";"2026-05-14 03:27:56";"14.58";"59.5";"946.82";"3580";"";"-22.82210922241211";"-47.065650939941406";"614.5";"-94";"12";"14259";"1778740076833"
"209";"2026-05-14 03:28:56";"14.57";"59.5";"946.84";"3580";"";"-22.8221378326416";"-47.06569290161133";"607.7";"-95";"11.800000190734863";"14260";"1778740136814"
"210";"2026-05-14 03:29:56";"14.55";"59.5";"946.82";"3580";"";"-22.822132110595703";"-47.065670013427734";"607.2";"-95";"11.800000190734863";"14261";"1778740196816"
"211";"2026-05-14 03:30:56";"14.55";"59.5";"946.82";"3580";"";"-22.822120666503906";"-47.06565475463867";"611";"-96";"11.300000190734863";"14262";"1778740256803"
"212";"2026-05-14 03:31:56";"14.55";"59.5";"946.8000000000001";"3580";"";"-22.822101593017578";"-47.06568145751953";"616.4000000000001";"-95";"12";"14263";"1778740316807"
"213";"2026-05-14 03:32:56";"14.54";"59.5";"946.84";"3600";"";"-22.822040557861328";"-47.06568908691406";"626.7";"-95";"12";"14264";"1778740376819"
"214";"2026-05-14 03:33:56";"14.53";"59.5";"946.84";"3580";"";"-22.821971893310547";"-47.06568908691406";"634.2";"-95";"11.800000190734863";"14265";"1778740436818"
"215";"2026-05-14 03:34:56";"14.53";"59.5";"946.9";"3580";"";"-22.822097778320312";"-47.0656623840332";"609.2";"-95";"11.5";"14266";"1778740496821"
"216";"2026-05-14 03:35:56";"14.53";"59.5";"946.94";"3580";"";"-22.822111129760742";"-47.06565475463867";"614.5";"-95";"11.800000190734863";"14267";"1778740556821"
"217";"2026-05-14 03:36:56";"14.53";"59.5";"946.9";"3620";"";"-22.822111129760742";"-47.065673828125";"613.4";"-96";"11.5";"14268";"1778740616805"
"218";"2026-05-14 03:37:56";"14.52";"59.5";"946.94";"3580";"";"-22.822071075439453";"-47.0656852722168";"621.5";"-98";"10.800000190734863";"14269";"1778740676811"
"219";"2026-05-14 03:38:56";"14.52";"59.5";"946.94";"3620";"";"-22.822038650512695";"-47.06568145751953";"626";"-96";"11.300000190734863";"14270";"1778740736805"
"220";"2026-05-14 03:39:56";"14.53";"59.5";"946.96";"3580";"";"-22.82202911376953";"-47.0656623840332";"630.2";"-95";"11.800000190734863";"14271";"1778740796805"
"221";"2026-05-14 03:40:56";"14.54";"59.5";"946.96";"3600";"";"-22.82205581665039";"-47.06564712524414";"622.2";"-95";"12.5";"14272";"1778740856811"
"222";"2026-05-14 03:41:56";"14.56";"59.5";"947";"3580";"";"-22.82209014892578";"-47.06563949584961";"614.2";"-96";"12.300000190734863";"14273";"1778740916807"
"223";"2026-05-14 03:42:56";"14.57";"59.5";"946.98";"3560";"";"-22.822093963623047";"-47.06563186645508";"615.2";"-96";"11.5";"14274";"1778740976813"
"224";"2026-05-14 03:43:56";"14.57";"59.5";"946.98";"3620";"";"-22.822097778320312";"-47.06564712524414";"610.7";"-96";"11.800000190734863";"14275";"1778741036803"
"225";"2026-05-14 03:44:56";"14.57";"59.5";"946.94";"3600";"";"-22.82206916809082";"-47.065616607666016";"626.5";"-96";"11.800000190734863";"14276";"1778741096801"
"226";"2026-05-14 03:45:56";"14.55";"59.5";"946.94";"3580";"";"-22.82208824157715";"-47.065635681152344";"618.7";"-96";"11.5";"14277";"1778741156803"
"227";"2026-05-14 03:46:56";"14.53";"59.5";"946.9200000000001";"3580";"";"-22.82207679748535";"-47.06561279296875";"620.5";"-95";"12.300000190734863";"14278";"1778741216808"
"228";"2026-05-14 03:47:56";"14.52";"59.5";"946.9";"3580";"";"-22.822132110595703";"-47.065670013427734";"595";"-96";"11.5";"14279";"1778741276803"
"229";"2026-05-14 03:48:56";"14.51";"59.5";"946.9";"3600";"";"-22.82213020324707";"-47.06565475463867";"602";"-96";"11.300000190734863";"14280";"1778741336777"
"230";"2026-05-14 03:49:56";"";"";"";"";"";"";"";"";"-96";"11.5";"14281";"1778741396452"
"231";"2026-05-14 03:49:56";"14.51";"59.5";"946.94";"3580";"";"-22.822092056274414";"-47.065616607666016";"620";"-96";"11.800000190734863";"14281";"1778741396770"
"232";"2026-05-14 03:50:56";"14.51";"59.5";"946.98";"3600";"";"-22.822086334228516";"-47.065616607666016";"619.2";"-95";"12";"14282";"1778741456800"
"233";"2026-05-14 03:51:56";"14.49";"59.5";"946.96";"3600";"";"-22.822086334228516";"-47.065608978271484";"623.7";"-95";"12.300000190734863";"14283";"1778741516810"
"234";"2026-05-14 03:52:56";"14.49";"59.5";"946.94";"3600";"";"-22.82209014892578";"-47.06562423706055";"620";"-95";"11.800000190734863";"14284";"1778741576782"
"235";"2026-05-14 03:53:56";"14.49";"59.5";"946.96";"3600";"";"-22.822113037109375";"-47.0656623840332";"609.7";"-95";"12";"14285";"1778741636800"
"236";"2026-05-14 03:54:56";"14.5";"59.5";"946.96";"3600";"";"-22.822093963623047";"-47.06562423706055";"620";"-95";"12";"14286";"1778741696808"
"237";"2026-05-14 03:55:56";"14.51";"59.5";"947";"3580";"";"-22.82208824157715";"-47.06565475463867";"614.7";"-96";"11.800000190734863";"14287";"1778741756807"
"238";"2026-05-14 03:56:56";"14.51";"59.5";"946.96";"3600";"";"-22.822093963623047";"-47.065670013427734";"613.4";"-97";"11.300000190734863";"14288";"1778741816797"
"239";"2026-05-14 03:57:56";"14.49";"59.5";"946.96";"3580";"";"-22.822084426879883";"-47.06559371948242";"626.9000000000001";"-96";"11.5";"14289";"1778741876802"
"240";"2026-05-14 03:58:56";"14.48";"59.5";"946.96";"3580";"";"-22.82208824157715";"-47.06562423706055";"612.7";"-96";"11.300000190734863";"14290";"1778741936777"
"241";"2026-05-14 03:59:56";"14.46";"59.5";"946.94";"3600";"";"-22.8221378326416";"-47.065635681152344";"614.4000000000001";"-96";"12";"14291";"1778741996812"
"242";"2026-05-14 04:00:56";"14.44";"59.5";"946.88";"3600";"";"-22.822120666503906";"-47.06565475463867";"616.2";"-95";"12.300000190734863";"14292";"1778742056804"
"243";"2026-05-14 04:01:56";"14.42";"59.5";"946.86";"3580";"";"-22.822113037109375";"-47.065635681152344";"621.2";"-96";"12";"14293";"1778742116798"
"244";"2026-05-14 04:02:56";"14.38";"60";"946.88";"3580";"";"-22.822114944458008";"-47.06563949584961";"613.5";"-95";"12.300000190734863";"14294";"1778742176806"
"245";"2026-05-14 04:03:56";"14.37";"59.5";"946.88";"3580";"";"-22.822101593017578";"-47.065673828125";"619.4000000000001";"-95";"12";"14295";"1778742236801"
"246";"2026-05-14 04:04:56";"14.37";"60";"946.88";"3580";"";"-22.822111129760742";"-47.06563949584961";"628.5";"-95";"11.800000190734863";"14296";"1778742296804"
"247";"2026-05-14 04:05:56";"14.36";"60";"946.84";"3560";"";"-22.822166442871094";"-47.065677642822266";"604";"-95";"12";"14297";"1778742356813"
"248";"2026-05-14 04:06:56";"14.36";"60";"946.86";"3560";"";"-22.822189331054688";"-47.065696716308594";"612.7";"-96";"12";"14298";"1778742416808"
"249";"2026-05-14 04:07:56";"14.35";"60";"946.86";"3560";"";"-22.82220458984375";"-47.0656623840332";"613.2";"-96";"12";"14299";"1778742476811"
"250";"2026-05-14 04:08:56";"14.34";"60";"946.86";"3560";"";"-22.82215690612793";"-47.06565856933594";"608";"-95";"12.300000190734863";"14300";"1778742536813"
"251";"2026-05-14 04:09:56";"14.34";"59.5";"946.84";"3580";"";"-22.822153091430664";"-47.06565856933594";"616.5";"-95";"12.300000190734863";"14301";"1778742596812"
"252";"2026-05-14 04:10:56";"14.36";"59.5";"946.88";"3580";"";"-22.8221492767334";"-47.065670013427734";"606.9";"-95";"12";"14302";"1778742656807"
"253";"2026-05-14 04:11:56";"14.36";"59.5";"946.86";"3560";"";"-22.822105407714844";"-47.06565856933594";"620.5";"-96";"11.800000190734863";"14303";"1778742716807"
"254";"2026-05-14 04:12:56";"14.37";"59.5";"946.84";"3580";"";"-22.82209014892578";"-47.06563186645508";"631";"-96";"12";"14304";"1778742776803"
"255";"2026-05-14 04:13:56";"14.39";"59.5";"946.88";"3560";"";"-22.82211685180664";"-47.065635681152344";"629.7";"-96";"12";"14305";"1778742836811"
"256";"2026-05-14 04:14:56";"14.41";"59.5";"946.88";"3580";"";"-22.82208251953125";"-47.065673828125";"608.2";"-96";"11.800000190734863";"14306";"1778742896814"
"257";"2026-05-14 04:15:56";"14.43";"59.5";"946.9200000000001";"3600";"";"-22.82208251953125";"-47.065673828125";"616.2";"-96";"11.800000190734863";"14307";"1778742956801"
"258";"2026-05-14 04:16:56";"14.44";"59.5";"946.88";"3600";"";"-22.822078704833984";"-47.06570053100586";"607.5";"-96";"11.800000190734863";"14308";"1778743016794"
"259";"2026-05-14 04:17:56";"14.43";"59.5";"946.86";"3580";"";"-22.82211685180664";"-47.0656623840332";"619.7";"-96";"11.800000190734863";"14309";"1778743076809"
"260";"2026-05-14 04:18:56";"14.47";"59.5";"946.9";"3560";"";"-22.822118759155273";"-47.06569290161133";"607.7";"-96";"11.5";"14310";"1778743136813"
"261";"2026-05-14 04:19:56";"14.44";"59.5";"946.9";"3600";"";"-22.822120666503906";"-47.06569290161133";"606.5";"-97";"11";"14311";"1778743196808"
"262";"2026-05-14 04:20:56";"14.41";"59.5";"946.84";"3560";"";"-22.822120666503906";"-47.06565475463867";"620";"-96";"11.5";"14312";"1778743256807"
"263";"2026-05-14 04:21:56";"14.39";"59.5";"946.86";"3600";"";"-22.82210350036621";"-47.065670013427734";"612.4";"-96";"11.300000190734863";"14313";"1778743316810"
"264";"2026-05-14 04:22:56";"14.37";"59.5";"946.88";"3560";"";"-22.82216453552246";"-47.06562423706055";"620.7";"-96";"11.300000190734863";"14314";"1778743376806"
"265";"2026-05-14 04:23:56";"14.35";"59.5";"946.86";"3560";"";"-22.82210350036621";"-47.06563949584961";"632.5";"-96";"11.5";"14315";"1778743436809"
"266";"2026-05-14 04:24:56";"14.33";"59.5";"946.88";"3560";"";"-22.82210350036621";"-47.065643310546875";"630";"-96";"11.800000190734863";"14316";"1778743496813"
"267";"2026-05-14 04:25:56";"14.3";"59.5";"946.9";"3560";"";"-22.822113037109375";"-47.06562423706055";"614.5";"-97";"11.5";"14317";"1778743556816"
"268";"2026-05-14 04:26:56";"14.29";"60";"946.86";"3580";"";"-22.822132110595703";"-47.065673828125";"623.5";"-96";"11.800000190734863";"14318";"1778743616808"
"269";"2026-05-14 04:27:56";"14.28";"60";"946.88";"3600";"";"-22.82211685180664";"-47.06568145751953";"624";"-97";"10.800000190734863";"14319";"1778743676809"
"270";"2026-05-14 04:28:56";"14.28";"60";"946.86";"3580";"";"-22.822114944458008";"-47.065704345703125";"630.2";"-97";"11.5";"14320";"1778743736804"
"271";"2026-05-14 04:29:56";"14.26";"60";"946.86";"3560";"";"-22.82213020324707";"-47.065670013427734";"618.5";"-96";"11.5";"14321";"1778743796807"
"272";"2026-05-14 04:30:56";"14.24";"60";"946.84";"3580";"";"-22.82213020324707";"-47.065670013427734";"614.2";"-96";"11.5";"14322";"1778743856805"
"273";"2026-05-14 04:31:56";"14.23";"60";"946.88";"3580";"";"-22.82210922241211";"-47.0656623840332";"622.7";"-96";"12";"14323";"1778743916808"
"274";"2026-05-14 04:32:56";"14.21";"60";"946.84";"3560";"";"-22.822145462036133";"-47.06570053100586";"611.4";"-96";"11.800000190734863";"14324";"1778743976807"
"275";"2026-05-14 04:33:56";"14.18";"60";"946.82";"3560";"";"-22.8221435546875";"-47.06571960449219";"620";"-95";"12";"14325";"1778744036804"
"276";"2026-05-14 04:34:56";"14.17";"60";"946.86";"3580";"";"-22.82213020324707";"-47.06568908691406";"629.5";"-95";"12";"14326";"1778744096811"
"277";"2026-05-14 04:35:56";"14.16";"60";"946.86";"3580";"";"-22.82209014892578";"-47.065643310546875";"639";"-95";"12.300000190734863";"14327";"1778744156818"
"278";"2026-05-14 04:36:56";"14.17";"60";"946.88";"3560";"";"-22.822132110595703";"-47.065673828125";"620.2";"-96";"11.5";"14328";"1778744216805"
"279";"2026-05-14 04:37:56";"14.16";"60";"946.84";"3600";"";"-22.822111129760742";"-47.0656852722168";"629.5";"-94";"12";"14329";"1778744276820"
"280";"2026-05-14 04:38:56";"14.15";"60";"946.8000000000001";"3560";"";"-22.822093963623047";"-47.06570816040039";"617.5";"-95";"11.5";"14330";"1778744336808"
"281";"2026-05-14 04:39:56";"14.15";"60";"946.8000000000001";"3580";"";"-22.82213020324707";"-47.065673828125";"618";"-95";"11.800000190734863";"14331";"1778744396834"
"282";"2026-05-14 04:40:56";"14.13";"60";"946.82";"3560";"";"-22.822145462036133";"-47.065650939941406";"625";"-95";"12";"14332";"1778744456809"
"283";"2026-05-14 04:41:56";"14.14";"60";"946.78";"3560";"";"-22.822168350219727";"-47.065677642822266";"627";"-96";"12";"14333";"1778744516807"
"284";"2026-05-14 04:42:56";"14.13";"60";"946.82";"3560";"";"-22.8221378326416";"-47.06568908691406";"622.7";"-95";"11.5";"14334";"1778744576807"
"285";"2026-05-14 04:43:56";"14.11";"60";"946.84";"3580";"";"-22.822139739990234";"-47.06558609008789";"620.7";"-95";"11.800000190734863";"14335";"1778744636805"
"286";"2026-05-14 04:44:56";"14.11";"60";"946.84";"3560";"";"-22.822078704833984";"-47.06563949584961";"611.7";"-95";"12";"14336";"1778744696808"
"287";"2026-05-14 04:45:56";"14.12";"60";"946.82";"3580";"";"-22.82210922241211";"-47.06565856933594";"609";"-95";"12.300000190734863";"14337";"1778744756818"
"288";"2026-05-14 04:46:56";"14.14";"60";"946.84";"3560";"";"-22.822097778320312";"-47.06566619873047";"618.7";"-95";"12";"14338";"1778744816803"
"289";"2026-05-14 04:47:56";"14.14";"60";"946.82";"3600";"";"-22.822141647338867";"-47.065670013427734";"607";"-95";"12.300000190734863";"14339";"1778744876803"
"290";"2026-05-14 04:48:56";"14.11";"60";"946.84";"3560";"";"-22.822092056274414";"-47.06560516357422";"630";"-95";"12";"14340";"1778744936806"
"291";"2026-05-14 04:49:56";"14.1";"60";"946.82";"3560";"";"-22.82213020324707";"-47.06565856933594";"612";"-95";"11.800000190734863";"14341";"1778744996808"
"292";"2026-05-14 04:50:56";"14.07";"60";"946.8000000000001";"3560";"";"-22.822118759155273";"-47.065650939941406";"605";"-95";"12";"14342";"1778745056815"
"293";"2026-05-14 04:51:56";"14.05";"60";"946.8000000000001";"3580";"";"-22.822099685668945";"-47.065616607666016";"612.9";"-95";"12.300000190734863";"14343";"1778745116820"
"294";"2026-05-14 04:52:56";"14.05";"60";"946.82";"3560";"";"-22.822101593017578";"-47.06564712524414";"605.5";"-95";"11.5";"14344";"1778745176818"
"295";"2026-05-14 04:53:56";"14.04";"60";"946.82";"3560";"";"-22.822113037109375";"-47.065673828125";"611.4";"-95";"11.800000190734863";"14345";"1778745236811"
"296";"2026-05-14 04:54:56";"14.03";"60";"946.84";"3560";"";"-22.822128295898438";"-47.065670013427734";"617.5";"-95";"12";"14346";"1778745296817"
"297";"2026-05-14 04:55:56";"14.02";"60";"946.88";"3560";"";"-22.822145462036133";"-47.06565475463867";"613.4";"-95";"12";"14347";"1778745356807"
"298";"2026-05-14 04:56:56";"14.02";"60";"946.86";"3580";"";"-22.822126388549805";"-47.06563186645508";"616";"-95";"11.5";"14348";"1778745416810"
"299";"2026-05-14 04:57:56";"14";"60";"946.86";"3560";"";"-22.822134017944336";"-47.0656623840332";"605.5";"-95";"11.300000190734863";"14349";"1778745476808"
"300";"2026-05-14 04:58:56";"13.98";"60";"946.86";"3540";"";"-22.822141647338867";"-47.065635681152344";"610";"-95";"11.300000190734863";"14350";"1778745536815"
"301";"2026-05-14 04:59:56";"13.97";"60.5";"946.86";"3560";"";"-22.822132110595703";"-47.06561279296875";"614";"-95";"12";"14351";"1778745596810"
"302";"2026-05-14 05:00:56";"13.94";"60";"946.9";"3560";"";"-22.822113037109375";"-47.06562042236328";"615.2";"-95";"12";"14352";"1778745656804"
"303";"2026-05-14 05:01:56";"13.92";"60.5";"946.9";"3560";"";"-22.822107315063477";"-47.06562423706055";"604.2";"-95";"12";"14353";"1778745716810"
"304";"2026-05-14 05:02:56";"13.89";"60.5";"946.9";"3560";"";"-22.822078704833984";"-47.06564712524414";"611.5";"-95";"12";"14354";"1778745776811"
"305";"2026-05-14 05:03:56";"13.88";"60.5";"946.88";"3580";"";"-22.822065353393555";"-47.06563186645508";"618.7";"-95";"11";"14355";"1778745836814"
"306";"2026-05-14 05:04:56";"13.86";"60.5";"946.88";"3560";"";"-22.82209587097168";"-47.065635681152344";"615";"-95";"12";"14356";"1778745896819"
"307";"2026-05-14 05:05:56";"13.86";"60.5";"946.86";"3580";"";"-22.822114944458008";"-47.065673828125";"608.7";"-95";"12.300000190734863";"14357";"1778745956806"
"308";"2026-05-14 05:06:56";"13.85";"60.5";"946.86";"3540";"";"-22.822099685668945";"-47.065670013427734";"605.7";"-95";"12";"14358";"1778746016811"
"309";"2026-05-14 05:07:56";"13.84";"60.5";"946.86";"3560";"";"-22.822092056274414";"-47.06565856933594";"611.9";"-95";"12";"14359";"1778746076813"
"310";"2026-05-14 05:08:56";"13.83";"60.5";"946.86";"3580";"";"-22.822105407714844";"-47.06563949584961";"600.9";"-95";"11.800000190734863";"14360";"1778746136819"
"311";"2026-05-14 05:09:56";"13.83";"60.5";"946.86";"3580";"";"-22.822134017944336";"-47.06569290161133";"604.2";"-95";"11.800000190734863";"14361";"1778746196803"
"312";"2026-05-14 05:10:56";"13.8";"60.5";"946.9";"3540";"";"-22.82208251953125";"-47.06565475463867";"612.7";"-94";"12";"14362";"1778746256809"
"313";"2026-05-14 05:11:56";"13.79";"60.5";"946.9";"3540";"";"-22.82210350036621";"-47.065670013427734";"625.7";"-94";"11.800000190734863";"14363";"1778746316812"
"314";"2026-05-14 05:12:56";"13.79";"60.5";"946.86";"3560";"";"-22.822114944458008";"-47.065696716308594";"627.9000000000001";"-94";"12";"14364";"1778746376811"
"315";"2026-05-14 05:13:56";"13.77";"60.5";"946.9";"3560";"";"-22.822099685668945";"-47.06570053100586";"624.2";"-94";"12";"14365";"1778746436812"
"316";"2026-05-14 05:14:56";"13.73";"60.5";"946.86";"3560";"";"-22.822107315063477";"-47.06570053100586";"621.7";"-94";"12";"14366";"1778746496812"
"317";"2026-05-14 05:15:56";"13.71";"60.5";"946.86";"3540";"";"-22.822120666503906";"-47.06570053100586";"612.7";"-94";"11.800000190734863";"14367";"1778746556779"
"318";"2026-05-14 05:16:56";"13.7";"60.5";"946.9200000000001";"3560";"";"-22.82213592529297";"-47.06565475463867";"616.7";"-94";"12";"14368";"1778746616811"
"319";"2026-05-14 05:17:56";"13.7";"60.5";"946.9200000000001";"3560";"";"-22.822105407714844";"-47.0656623840332";"612.7";"-94";"11.800000190734863";"14369";"1778746676814"
"320";"2026-05-14 05:18:56";"13.68";"60.5";"946.9200000000001";"3560";"";"-22.822105407714844";"-47.06566619873047";"611.5";"-94";"12";"14370";"1778746736815"
"321";"2026-05-14 05:19:56";"13.66";"60.5";"946.98";"3580";"";"-22.82208824157715";"-47.065616607666016";"610.7";"-94";"12.300000190734863";"14371";"1778746796815"
"322";"2026-05-14 05:20:56";"13.64";"60.5";"946.94";"3560";"";"-22.82212257385254";"-47.065635681152344";"611";"-94";"11.800000190734863";"14372";"1778746856811"
"323";"2026-05-14 05:21:56";"13.61";"60.5";"946.96";"3560";"";"-22.82212257385254";"-47.06564712524414";"609.9";"-94";"12.300000190734863";"14373";"1778746916806"
"324";"2026-05-14 05:22:56";"13.59";"61";"946.98";"3540";"";"-22.822120666503906";"-47.06569290161133";"612.7";"-94";"11.800000190734863";"14374";"1778746976817"
"325";"2026-05-14 05:23:56";"13.57";"61";"946.96";"3540";"";"-22.822181701660156";"-47.065696716308594";"615.4000000000001";"-94";"12.300000190734863";"14375";"1778747036816"
"326";"2026-05-14 05:24:56";"13.56";"61";"946.98";"3560";"";"-22.822162628173828";"-47.06565475463867";"611";"-94";"12.300000190734863";"14376";"1778747096825"
"327";"2026-05-14 05:25:56";"13.55";"61";"946.98";"3540";"";"-22.822162628173828";"-47.06562423706055";"607.5";"-94";"12";"14377";"1778747156823"
"328";"2026-05-14 05:26:56";"13.55";"60.5";"946.98";"3540";"";"-22.822237014770508";"-47.06560516357422";"611.2";"-94";"11.800000190734863";"14378";"1778747216816"
"329";"2026-05-14 05:27:56";"13.55";"61";"947.02";"3540";"";"-22.822223663330078";"-47.065608978271484";"612.9";"-94";"11.800000190734863";"14379";"1778747276811"
"330";"2026-05-14 05:28:56";"13.54";"61";"947.04";"3580";"";"-22.822200775146484";"-47.06562805175781";"617.7";"-94";"12.5";"14380";"1778747336820"
"331";"2026-05-14 05:29:56";"13.53";"61";"947.0600000000001";"3560";"";"-22.822128295898438";"-47.0656623840332";"612.4";"-94";"11.5";"14381";"1778747396809"
"332";"2026-05-14 05:30:56";"13.52";"61";"947.08";"3540";"";"-22.822141647338867";"-47.06564712524414";"614";"-94";"12";"14382";"1778747456810"
"333";"2026-05-14 05:31:56";"13.5";"61";"947.08";"3560";"";"-22.822132110595703";"-47.06562805175781";"608.7";"-95";"12.300000190734863";"14383";"1778747516809"
"334";"2026-05-14 05:32:56";"13.5";"61";"947.08";"3560";"";"-22.822132110595703";"-47.06566619873047";"608";"-95";"12.300000190734863";"14384";"1778747576821"
"335";"2026-05-14 05:33:56";"13.49";"61";"947.08";"3560";"";"-22.822126388549805";"-47.06564712524414";"604.5";"-95";"12.300000190734863";"14385";"1778747636815"
"336";"2026-05-14 05:34:56";"13.49";"60.5";"947.0600000000001";"3540";"";"-22.822141647338867";"-47.06564712524414";"608.2";"-94";"12";"14386";"1778747696828"
"337";"2026-05-14 05:35:56";"13.47";"61";"947.0600000000001";"3560";"";"-22.822141647338867";"-47.06565475463867";"601";"-96";"11.300000190734863";"14387";"1778747756823"
"338";"2026-05-14 05:36:56";"13.47";"61";"947.0600000000001";"3560";"";"-22.822093963623047";"-47.0656623840332";"602.4";"-96";"11.800000190734863";"14388";"1778747816820"
"339";"2026-05-14 05:37:56";"13.44";"61";"947.04";"3560";"";"-22.822111129760742";"-47.06565856933594";"605";"-96";"11.800000190734863";"14389";"1778747876816"
"340";"2026-05-14 05:38:56";"13.43";"61";"947.08";"3540";"";"-22.822132110595703";"-47.06565475463867";"605.9";"-95";"12";"14390";"1778747936818"
"341";"2026-05-14 05:39:56";"13.41";"61";"947.08";"3580";"";"-22.82211685180664";"-47.06565475463867";"611.7";"-94";"11.300000190734863";"14391";"1778747996824"
"342";"2026-05-14 05:40:56";"13.4";"61";"947.1";"3540";"";"-22.82213020324707";"-47.06565856933594";"618";"-95";"11";"14392";"1778748056792"
"343";"2026-05-14 05:41:56";"13.4";"61";"947.14";"3540";"";"-22.822128295898438";"-47.06566619873047";"610.7";"-95";"11.800000190734863";"14393";"1778748116794"
"344";"2026-05-14 05:42:56";"13.39";"61";"947.14";"3540";"";"-22.822132110595703";"-47.06565856933594";"610";"-95";"12.300000190734863";"14394";"1778748176811"
"345";"2026-05-14 05:43:56";"13.39";"61";"947.1";"3580";"";"-22.822153091430664";"-47.065704345703125";"601.7";"-95";"12";"14395";"1778748236829"
"346";"2026-05-14 05:44:56";"13.42";"61";"947.14";"3540";"";"-22.82211685180664";"-47.065673828125";"613.4";"-95";"12";"14396";"1778748296815"
"347";"2026-05-14 05:45:56";"13.41";"61";"947.14";"3540";"";"-22.822139739990234";"-47.065650939941406";"615.5";"-95";"12.300000190734863";"14397";"1778748356806"
"348";"2026-05-14 05:46:56";"13.38";"61";"947.1800000000001";"3540";"";"-22.8221378326416";"-47.065643310546875";"619";"-95";"11.5";"14398";"1778748416815"
"349";"2026-05-14 05:47:56";"13.36";"61";"947.1800000000001";"3560";"";"-22.822174072265625";"-47.065677642822266";"613.7";"-95";"11.800000190734863";"14399";"1778748476814"
"350";"2026-05-14 05:48:56";"13.36";"61";"947.14";"3540";"";"-22.822175979614258";"-47.06569290161133";"610";"-95";"11.800000190734863";"14400";"1778748536811"
"351";"2026-05-14 05:49:56";"13.36";"61";"947.2";"3540";"";"-22.822134017944336";"-47.06562423706055";"608.9";"-95";"11.800000190734863";"14401";"1778748596816"
"352";"2026-05-14 05:50:56";"13.36";"61";"947.1800000000001";"3580";"";"-22.8221378326416";"-47.06562805175781";"608.5";"-95";"12.300000190734863";"14402";"1778748656856"
"353";"2026-05-14 05:51:56";"13.35";"61";"947.2";"3540";"";"-22.82215118408203";"-47.06563186645508";"608";"-95";"11.800000190734863";"14403";"1778748716784"
"354";"2026-05-14 05:52:56";"13.34";"61";"947.1800000000001";"3540";"";"-22.82210350036621";"-47.065650939941406";"611";"-95";"12";"14404";"1778748776792"
"355";"2026-05-14 05:53:56";"13.33";"61";"947.2";"3540";"";"-22.82208251953125";"-47.065643310546875";"620.9000000000001";"-95";"12";"14405";"1778748836822"
"356";"2026-05-14 05:54:56";"13.33";"61";"947.24";"3580";"";"-22.822134017944336";"-47.065670013427734";"612.5";"-95";"12";"14406";"1778748896818"
"357";"2026-05-14 05:55:56";"13.31";"61";"947.22";"3540";"";"-22.822120666503906";"-47.065677642822266";"608.4";"-95";"12";"14407";"1778748956815"
"358";"2026-05-14 05:56:56";"13.31";"61";"947.28";"3540";"";"-22.822105407714844";"-47.06566619873047";"614.4000000000001";"-95";"12.300000190734863";"14408";"1778749016819"
"359";"2026-05-14 05:57:56";"13.32";"61";"947.32";"3540";"";"-22.822084426879883";"-47.06565475463867";"615";"-95";"12";"14409";"1778749076808"
"360";"2026-05-14 05:58:56";"13.33";"61";"947.32";"3560";"";"-22.8221435546875";"-47.065643310546875";"608.5";"-95";"12";"14410";"1778749136813"
"361";"2026-05-14 05:59:56";"13.32";"61";"947.34";"3560";"";"-22.822111129760742";"-47.06565856933594";"609.5";"-95";"12";"14411";"1778749196814"
"362";"2026-05-14 06:00:56";"13.32";"60.5";"947.36";"3540";"";"-22.822134017944336";"-47.06565475463867";"607.2";"-94";"12";"14412";"1778749256817"
"363";"2026-05-14 06:01:56";"13.34";"61";"947.34";"3540";"";"-22.822174072265625";"-47.06565856933594";"604.2";"-94";"11.800000190734863";"14413";"1778749316816"
"364";"2026-05-14 06:02:56";"13.35";"61";"947.36";"3540";"";"-22.822179794311523";"-47.065677642822266";"604.5";"-94";"12";"14414";"1778749376814"
"365";"2026-05-14 06:03:56";"13.33";"60.5";"947.4";"3540";"";"-22.822179794311523";"-47.065643310546875";"610.5";"-94";"12";"14415";"1778749436775"
"366";"2026-05-14 06:04:56";"13.3";"61";"947.3000000000001";"3580";"";"-22.822160720825195";"-47.06562042236328";"609";"-94";"12.300000190734863";"14416";"1778749496822"
"367";"2026-05-14 06:05:56";"13.27";"61";"947.36";"3540";"";"-22.8221435546875";"-47.06565856933594";"611.5";"-94";"12.5";"14417";"1778749556817"
"368";"2026-05-14 06:06:56";"13.25";"61";"947.38";"3540";"";"-22.822145462036133";"-47.06565475463867";"610.2";"-95";"12.300000190734863";"14418";"1778749616812"
"369";"2026-05-14 06:07:56";"13.24";"61";"947.34";"3560";"";"-22.82211685180664";"-47.06568908691406";"603";"-95";"12";"14419";"1778749676819"
"370";"2026-05-14 06:08:56";"13.26";"61";"947.4200000000001";"3540";"";"-22.82207679748535";"-47.065677642822266";"602.7";"-94";"12";"14420";"1778749736811"
"371";"2026-05-14 06:09:56";"13.24";"61";"947.46";"3560";"";"-22.82208824157715";"-47.06560516357422";"607";"-94";"12";"14421";"1778749796835"
"372";"2026-05-14 06:10:56";"13.24";"61";"947.5";"3560";"";"-22.82207489013672";"-47.06559371948242";"608.4";"-94";"12";"14422";"1778749856822"
"373";"2026-05-14 06:11:56";"13.23";"61";"947.54";"3540";"";"-22.822107315063477";"-47.06560516357422";"607.7";"-94";"11.300000190734863";"14423";"1778749916819"
"374";"2026-05-14 06:12:56";"13.22";"61";"947.5600000000001";"3560";"";"-22.822084426879883";"-47.06560134887695";"618.7";"-94";"12";"14424";"1778749976823"
"375";"2026-05-14 06:13:56";"13.24";"61";"947.52";"3520";"";"-22.82215690612793";"-47.06566619873047";"613.7";"-95";"11.800000190734863";"14425";"1778750036806"
"376";"2026-05-14 06:14:56";"13.25";"61";"947.58";"3520";"";"-22.822172164916992";"-47.06565856933594";"609";"-95";"12";"14426";"1778750096814"
"377";"2026-05-14 06:15:56";"13.27";"61";"947.54";"3520";"";"-22.822114944458008";"-47.06568908691406";"607.9";"-94";"11.800000190734863";"14427";"1778750156820"
"378";"2026-05-14 06:16:56";"13.28";"61";"947.52";"3540";"";"-22.822162628173828";"-47.06565475463867";"609.5";"-94";"11.300000190734863";"14428";"1778750216804"
"379";"2026-05-14 06:17:56";"13.27";"61";"947.5600000000001";"3540";"";"-22.82211685180664";"-47.06560516357422";"623";"-94";"11.800000190734863";"14429";"1778750276812"
"380";"2026-05-14 06:18:56";"13.28";"60.5";"947.5600000000001";"3540";"";"-22.82209587097168";"-47.065574645996094";"620.2";"-94";"11.800000190734863";"14430";"1778750336813"
"381";"2026-05-14 06:19:56";"13.29";"60.5";"947.58";"3560";"";"-22.822120666503906";"-47.0655517578125";"622.7";"-94";"12";"14431";"1778750396814"
"382";"2026-05-14 06:20:56";"13.29";"60.5";"947.64";"3540";"";"-22.8221492767334";"-47.06562805175781";"616.5";"-94";"12.300000190734863";"14432";"1778750456814"
"383";"2026-05-14 06:21:56";"13.3";"60.5";"947.64";"3520";"";"-22.822118759155273";"-47.06568145751953";"612.2";"-94";"11.5";"14433";"1778750516777"
"384";"2026-05-14 06:22:56";"13.29";"60.5";"947.64";"3520";"";"-22.822099685668945";"-47.065673828125";"610.7";"-94";"12";"14434";"1778750576822"
"385";"2026-05-14 06:23:56";"13.28";"60.5";"947.62";"3540";"";"-22.82213020324707";"-47.06569290161133";"613.2";"-94";"12";"14435";"1778750636816"
"386";"2026-05-14 06:24:56";"13.27";"60.5";"947.66";"3540";"";"-22.822154998779297";"-47.06570053100586";"609.7";"-94";"12";"14436";"1778750696810"
"387";"2026-05-14 06:25:56";"13.26";"61";"947.64";"3560";"";"-22.82218360900879";"-47.06570053100586";"615";"-94";"11.5";"14437";"1778750756817"
"388";"2026-05-14 06:26:56";"13.27";"60.5";"947.64";"3540";"";"-22.822166442871094";"-47.065677642822266";"613.2";"-94";"12";"14438";"1778750816820"
"389";"2026-05-14 06:27:56";"13.27";"60.5";"947.6800000000001";"3560";"";"-22.822141647338867";"-47.06568145751953";"598.2";"-95";"11.800000190734863";"14439";"1778750876818"
"390";"2026-05-14 06:28:56";"13.26";"61";"947.7";"3540";"";"-22.822128295898438";"-47.065650939941406";"603.5";"-95";"11.5";"14440";"1778750936822"
"391";"2026-05-14 06:29:56";"13.27";"61";"947.6800000000001";"3560";"";"-22.822158813476562";"-47.065643310546875";"617.7";"-94";"11.800000190734863";"14441";"1778750996821"
"392";"2026-05-14 06:30:56";"13.3";"60.5";"947.7";"3560";"";"-22.822193145751953";"-47.06568145751953";"622.2";"-94";"11.800000190734863";"14442";"1778751056813"
"393";"2026-05-14 06:31:56";"13.3";"60.5";"947.7";"3540";"";"-22.822185516357422";"-47.06565856933594";"628.4000000000001";"-94";"11.5";"14443";"1778751116819"
"394";"2026-05-14 06:32:56";"13.29";"60.5";"947.72";"3540";"";"-22.822187423706055";"-47.06568908691406";"621.5";"-94";"11.5";"14444";"1778751176816"
"395";"2026-05-14 06:33:56";"13.27";"60.5";"947.72";"3540";"";"-22.82213592529297";"-47.065670013427734";"611.5";"-94";"12.300000190734863";"14445";"1778751236806"
"396";"2026-05-14 06:34:56";"13.27";"60.5";"947.76";"3520";"";"-22.82215118408203";"-47.065677642822266";"618.2";"-94";"12";"14446";"1778751296816"
"397";"2026-05-14 06:35:56";"13.27";"60.5";"947.74";"3540";"";"-22.822147369384766";"-47.06565475463867";"621";"-94";"12";"14447";"1778751356825"
"398";"2026-05-14 06:36:56";"13.25";"60.5";"947.76";"3520";"";"-22.822147369384766";"-47.06570053100586";"625.5";"-94";"12.300000190734863";"14448";"1778751416828"
"399";"2026-05-14 06:37:56";"13.26";"60.5";"947.78";"3560";"";"-22.822141647338867";"-47.065738677978516";"636.4000000000001";"-94";"11.800000190734863";"14449";"1778751476807"
"400";"2026-05-14 06:38:56";"13.26";"60.5";"947.78";"3560";"";"-22.822132110595703";"-47.06574249267578";"617.2";"-94";"12";"14450";"1778751536823"
"401";"2026-05-14 06:39:56";"13.26";"60.5";"947.82";"3540";"";"-22.822132110595703";"-47.06571578979492";"612";"-94";"12";"14451";"1778751596811"
"402";"2026-05-14 06:40:56";"13.26";"60.5";"947.86";"3560";"";"-22.822141647338867";"-47.06568908691406";"611.7";"-94";"12.300000190734863";"14452";"1778751656811"
"403";"2026-05-14 06:41:56";"13.25";"60.5";"947.84";"3540";"";"-22.82216453552246";"-47.0656852722168";"611.5";"-94";"12";"14453";"1778751716820"
"404";"2026-05-14 06:42:56";"13.27";"60.5";"947.84";"3520";"";"-22.8221378326416";"-47.065677642822266";"609.2";"-94";"12.300000190734863";"14454";"1778751776820"
"405";"2026-05-14 06:43:56";"13.26";"60.5";"947.84";"3540";"";"-22.822126388549805";"-47.06569290161133";"600.4";"-94";"12";"14455";"1778751836831"
"406";"2026-05-14 06:44:56";"13.27";"60.5";"947.86";"3520";"";"-22.822147369384766";"-47.06566619873047";"606.5";"-94";"12.300000190734863";"14456";"1778751896808"
"407";"2026-05-14 06:45:56";"13.29";"60.5";"947.9";"3560";"";"-22.822132110595703";"-47.065673828125";"610.4";"-94";"12.5";"14457";"1778751956810"
"408";"2026-05-14 06:46:56";"13.33";"60.5";"947.9";"3560";"";"-22.822147369384766";"-47.06563949584961";"615.5";"-94";"12.300000190734863";"14458";"1778752016822"
"409";"2026-05-14 06:47:56";"13.35";"60.5";"947.9200000000001";"3540";"";"-22.822141647338867";"-47.06565475463867";"610.4";"-94";"12.300000190734863";"14459";"1778752076841"
"410";"2026-05-14 06:48:56";"13.35";"60.5";"947.96";"3520";"";"-22.8221435546875";"-47.06564712524414";"615.9000000000001";"-94";"12.300000190734863";"14460";"1778752136822"
"411";"2026-05-14 06:49:56";"13.35";"60.5";"947.94";"3520";"";"-22.822141647338867";"-47.065650939941406";"611.2";"-93";"12.300000190734863";"14461";"1778752196823"
"412";"2026-05-14 06:50:56";"13.36";"60.5";"947.94";"3540";"";"-22.8221378326416";"-47.065643310546875";"617.2";"-94";"12";"14462";"1778752256796"
"413";"2026-05-14 06:51:56";"13.38";"60.5";"947.96";"3560";"";"-22.822141647338867";"-47.06566619873047";"612.7";"-94";"12";"14463";"1778752316816"
"414";"2026-05-14 06:52:56";"13.41";"60.5";"947.94";"3540";"";"-22.822139739990234";"-47.06562042236328";"619.2";"-94";"12.300000190734863";"14464";"1778752376814"
"415";"2026-05-14 06:53:56";"13.44";"60";"948";"3540";"";"-22.822120666503906";"-47.0656623840332";"613.2";"-94";"11.300000190734863";"14465";"1778752436817"
"416";"2026-05-14 06:54:56";"13.5";"60";"948";"3520";"";"-22.822153091430664";"-47.06564712524414";"613";"-94";"12.300000190734863";"14466";"1778752496828"
"417";"2026-05-14 06:55:56";"13.54";"60";"948.0600000000001";"3560";"";"-22.82217025756836";"-47.06562423706055";"621.7";"-94";"12";"14467";"1778752556808"
"418";"2026-05-14 06:56:56";"13.59";"60";"948.0600000000001";"3560";"";"-22.822153091430664";"-47.06562805175781";"623.5";"-94";"12";"14468";"1778752616818"
"419";"2026-05-14 06:57:56";"13.59";"59.5";"948.12";"3520";"";"-22.822141647338867";"-47.065673828125";"610.2";"-94";"12.300000190734863";"14469";"1778752676827"
"420";"2026-05-14 06:58:56";"13.61";"60";"948.14";"3520";"";"-22.822114944458008";"-47.06564712524414";"616.2";"-94";"12";"14470";"1778752736821"
"421";"2026-05-14 06:59:56";"13.64";"60";"948.12";"3520";"";"-22.822141647338867";"-47.06568145751953";"608.5";"-94";"12.300000190734863";"14471";"1778752796809"
"422";"2026-05-14 07:00:56";"13.67";"60";"948.1800000000001";"3540";"";"-22.8221435546875";"-47.065673828125";"611.5";"-94";"12";"14472";"1778752856821"
"423";"2026-05-14 07:01:56";"13.69";"59.5";"948.16";"3560";"";"-22.822132110595703";"-47.065673828125";"611.2";"-94";"12.300000190734863";"14473";"1778752916823"
"424";"2026-05-14 07:02:56";"13.71";"59.5";"948.16";"3520";"";"-22.822118759155273";"-47.06565856933594";"614.2";"-94";"11";"14474";"1778752976790"
"425";"2026-05-14 07:03:56";"13.73";"59.5";"948.2";"3520";"";"-22.82212257385254";"-47.065673828125";"612.5";"-95";"12.300000190734863";"14475";"1778753036818"
"426";"2026-05-14 07:04:56";"13.74";"59.5";"948.22";"3520";"";"-22.822111129760742";"-47.065677642822266";"608.2";"-94";"11.800000190734863";"14476";"1778753096817"
"427";"2026-05-14 07:05:56";"13.77";"59.5";"948.22";"3520";"";"-22.822124481201172";"-47.06562805175781";"625";"-95";"11.800000190734863";"14477";"1778753156812"
"428";"2026-05-14 07:06:56";"13.78";"59.5";"948.26";"3520";"";"-22.82210922241211";"-47.06563186645508";"623.5";"-95";"12";"14478";"1778753216814"
"429";"2026-05-14 07:07:56";"13.8";"59.5";"948.32";"3540";"";"-22.822114944458008";"-47.065635681152344";"618.7";"-95";"11.800000190734863";"14479";"1778753276821"
"430";"2026-05-14 07:08:56";"13.85";"59.5";"948.28";"3520";"";"-22.82210922241211";"-47.06568145751953";"612.5";"-95";"12.300000190734863";"14480";"1778753336825"
"431";"2026-05-14 07:09:56";"13.92";"59.5";"948.28";"3520";"";"-22.822124481201172";"-47.06565856933594";"610";"-94";"12.5";"14481";"1778753396818"
"432";"2026-05-14 07:10:56";"14.03";"59";"948.3000000000001";"3520";"";"-22.822118759155273";"-47.06565475463867";"608";"-95";"12";"14482";"1778753456824"
"433";"2026-05-14 07:11:56";"14.14";"59";"948.26";"3540";"";"-22.822147369384766";"-47.06561279296875";"611.4";"-95";"12";"14483";"1778753516814"
"434";"2026-05-14 07:12:56";"14.22";"58.5";"948.28";"3520";"";"-22.822141647338867";"-47.06563949584961";"622";"-95";"12.300000190734863";"14484";"1778753576829"
"435";"2026-05-14 07:13:56";"14.29";"58.5";"948.3000000000001";"3540";"";"-22.822139739990234";"-47.06561279296875";"621.5";"-94";"12";"14485";"1778753636830"
"436";"2026-05-14 07:14:56";"14.31";"58.5";"948.26";"3520";"";"-22.8221435546875";"-47.06560134887695";"623.2";"-95";"12.300000190734863";"14486";"1778753696825"
"437";"2026-05-14 07:15:56";"14.34";"58.5";"948.28";"3520";"";"-22.82213592529297";"-47.06566619873047";"611.9";"-95";"11.800000190734863";"14487";"1778753756815"
"438";"2026-05-14 07:16:56";"14.36";"58.5";"948.3000000000001";"3520";"";"-22.822120666503906";"-47.065582275390625";"623.5";"-95";"11.800000190734863";"14488";"1778753816827"
"439";"2026-05-14 07:17:56";"14.37";"58.5";"948.32";"3540";"";"-22.822118759155273";"-47.06556701660156";"627.5";"-95";"12";"14489";"1778753876822"
"440";"2026-05-14 07:18:56";"14.43";"58";"948.34";"3520";"";"-22.82211685180664";"-47.06562042236328";"622.5";"-95";"11.300000190734863";"14490";"1778753936816"
"441";"2026-05-14 07:19:56";"14.5";"58";"948.32";"3520";"";"-22.82211685180664";"-47.06562805175781";"620";"-95";"12.300000190734863";"14491";"1778753996827"
"442";"2026-05-14 07:20:56";"14.63";"58";"948.32";"3520";"";"-22.822134017944336";"-47.06564712524414";"615.7";"-95";"11.800000190734863";"14492";"1778754056826"
"443";"2026-05-14 07:21:56";"15.05";"57";"948.3000000000001";"3520";"";"-22.822126388549805";"-47.06562042236328";"618.5";"-96";"11.5";"14493";"1778754116818"
"444";"2026-05-14 07:22:56";"15.82";"55";"948.32";"3520";"";"-22.822126388549805";"-47.0656852722168";"606.7";"-97";"11.300000190734863";"14494";"1778754176827"
"445";"2026-05-14 07:23:56";"16.72";"53";"948.28";"3520";"";"-22.822126388549805";"-47.065711975097656";"599";"-98";"10.800000190734863";"14495";"1778754236812"
"446";"2026-05-14 07:24:56";"17.47";"51";"948.3000000000001";"3520";"";"-22.822111129760742";"-47.065696716308594";"598.5";"-98";"10.300000190734863";"14496";"1778754296819"
"447";"2026-05-14 07:25:56";"18.28";"49.5";"948.28";"3520";"";"-22.822128295898438";"-47.06565475463867";"605.2";"-98";"10.800000190734863";"14497";"1778754356829"
"448";"2026-05-14 07:26:56";"19.2";"47.5";"948.22";"3540";"";"-22.822113037109375";"-47.065677642822266";"607.5";"-99";"10.800000190734863";"14498";"1778754416828"
"449";"2026-05-14 07:27:56";"20.01";"46";"948.28";"3520";"";"-22.822097778320312";"-47.065670013427734";"614.7";"-99";"10.800000190734863";"14499";"1778754476826"
"450";"2026-05-14 07:28:56";"20.85";"44.5";"948.28";"3520";"";"-22.822114944458008";"-47.06565856933594";"617.5";"-99";"10.800000190734863";"14500";"1778754536814"
"451";"2026-05-14 07:29:56";"21.62";"43";"948.32";"3520";"";"-22.82210350036621";"-47.0656623840332";"616.2";"-100";"10";"14501";"1778754596829"
"452";"2026-05-14 07:30:56";"22.36";"41.5";"948.32";"3520";"";"-22.822120666503906";"-47.06564712524414";"613.5";"-100";"10";"14502";"1778754656815"
"453";"2026-05-14 07:31:56";"23.11";"40.5";"948.32";"3520";"";"-22.822126388549805";"-47.06566619873047";"608";"-100";"9.5";"14503";"1778754716823"
"454";"2026-05-14 07:32:56";"23.51";"39.5";"948.32";"3520";"";"-22.822132110595703";"-47.06565475463867";"611.7";"-99";"10.300000190734863";"14504";"1778754776811"
"455";"2026-05-14 07:33:56";"23.83";"39.5";"948.24";"3560";"";"-22.822172164916992";"-47.06564712524414";"613.7";"-99";"9.800000190734863";"14505";"1778754836817"
"456";"2026-05-14 07:34:56";"24.36";"38.5";"948.28";"3520";"";"-22.822181701660156";"-47.06562042236328";"618.5";"-100";"9.800000190734863";"14506";"1778754896826"
"457";"2026-05-14 07:35:56";"24.72";"38";"948.24";"3520";"";"-22.822147369384766";"-47.06559753417969";"615.2";"-99";"10.300000190734863";"14507";"1778754956810"
"458";"2026-05-14 07:36:56";"24.96";"38";"948.28";"3540";"";"-22.822187423706055";"-47.06559753417969";"626.5";"-99";"10.300000190734863";"14508";"1778755016826"
"459";"2026-05-14 07:37:56";"25.26";"37.5";"948.26";"3540";"";"-22.822162628173828";"-47.06560134887695";"633";"-99";"10";"14509";"1778755076819"
"460";"2026-05-14 07:38:56";"25.55";"37.5";"948.3000000000001";"3520";"";"-22.8221492767334";"-47.06563949584961";"629.7";"-99";"8.800000190734863";"14510";"1778755136818"
"461";"2026-05-14 07:39:56";"25.86";"37";"948.32";"3540";"";"-22.82216453552246";"-47.06563186645508";"623.5";"-99";"9";"14511";"1778755196828"
"462";"2026-05-14 07:40:56";"26.26";"36.5";"948.32";"3560";"";"-22.822181701660156";"-47.0656623840332";"620.2";"-100";"9.5";"14512";"1778755256810"
"463";"2026-05-14 07:41:56";"26.78";"36.5";"948.34";"3560";"";"-22.8221435546875";"-47.065643310546875";"617.7";"-100";"9.800000190734863";"14513";"1778755316810"
"464";"2026-05-14 07:42:56";"27.32";"35.5";"948.34";"3520";"";"-22.822132110595703";"-47.06561279296875";"625.9000000000001";"-100";"9.800000190734863";"14514";"1778755376818"
"465";"2026-05-14 07:43:56";"27.85";"35";"948.28";"3540";"";"-22.82211685180664";"-47.06562805175781";"621.5";"-100";"10";"14515";"1778755436817"
"466";"2026-05-14 07:44:56";"28.37";"34";"948.3000000000001";"3520";"";"-22.822111129760742";"-47.065677642822266";"613.7";"-100";"9.5";"14516";"1778755496818"
"467";"2026-05-14 07:45:56";"28.77";"33.5";"948.3000000000001";"3540";"";"-22.82210922241211";"-47.065650939941406";"613.7";"-100";"9.800000190734863";"14517";"1778755556833"
"468";"2026-05-14 07:46:56";"29.11";"33";"948.36";"3560";"";"-22.822111129760742";"-47.065650939941406";"608.4";"-100";"9.800000190734863";"14518";"1778755616812"
"469";"2026-05-14 07:47:56";"29.48";"32.5";"948.38";"3560";"";"-22.822120666503906";"-47.06564712524414";"612.2";"-100";"9.5";"14519";"1778755676820"
"470";"2026-05-14 07:48:56";"30";"32";"948.4";"3540";"";"-22.822114944458008";"-47.065673828125";"611.2";"-100";"9.800000190734863";"14520";"1778755736820"
"471";"2026-05-14 07:49:56";"30.33";"31.5";"948.4200000000001";"3560";"";"-22.822114944458008";"-47.065673828125";"602.5";"-100";"9.5";"14521";"1778755796819"
"472";"2026-05-14 07:50:56";"30.48";"31.5";"948.4200000000001";"3560";"";"-22.822107315063477";"-47.06563949584961";"611.4";"-100";"7.800000190734863";"14522";"1778755856823"
"473";"2026-05-14 07:51:56";"30.56";"32";"948.4";"3520";"";"-22.82213020324707";"-47.06563949584961";"618";"-100";"9.800000190734863";"14523";"1778755916809"
"474";"2026-05-14 07:52:56";"30.64";"31.5";"948.4200000000001";"3540";"";"-22.82211685180664";"-47.065643310546875";"617.7";"-100";"9.300000190734863";"14524";"1778755976817"
"475";"2026-05-14 07:53:56";"30.72";"32";"948.4200000000001";"3540";"";"-22.822139739990234";"-47.065677642822266";"611.2";"-100";"9.300000190734863";"14525";"1778756036793"
"476";"2026-05-14 07:54:56";"30.8";"32";"948.46";"3560";"";"-22.82215118408203";"-47.065677642822266";"611";"-100";"9";"14526";"1778756096810"
"477";"2026-05-14 07:55:56";"30.83";"32";"948.4200000000001";"3540";"";"-22.822118759155273";"-47.06568145751953";"620";"-100";"9.300000190734863";"14527";"1778756156814"
"478";"2026-05-14 07:56:56";"31.01";"32";"948.48";"3560";"";"-22.82213592529297";"-47.065670013427734";"623.5";"-99";"10";"14528";"1778756216801"
"479";"2026-05-14 07:57:56";"31.22";"31.5";"948.48";"3540";"";"-22.822139739990234";"-47.065673828125";"623.7";"-100";"9.5";"14529";"1778756276805"
"480";"2026-05-14 07:58:56";"31.5";"31.5";"948.5";"3560";"";"-22.822134017944336";"-47.065670013427734";"618.7";"-100";"9.800000190734863";"14530";"1778756336811"
"481";"2026-05-14 07:59:56";"31.77";"31";"948.52";"3560";"";"-22.822124481201172";"-47.065670013427734";"612.5";"-103";"8";"14531";"1778756396817"
"482";"2026-05-14 08:00:56";"32.04";"31";"948.48";"3540";"";"-22.822128295898438";"-47.06568908691406";"610.7";"-101";"9.300000190734863";"14532";"1778756456816"
"483";"2026-05-14 08:01:56";"32.01";"31";"948.5";"3560";"";"-22.82210922241211";"-47.06565475463867";"614.5";"-101";"8.5";"14533";"1778756516806"
"484";"2026-05-14 08:02:56";"32.04";"31";"948.46";"3540";"";"-22.822114944458008";"-47.06564712524414";"614";"-101";"9";"14534";"1778756576818"
"485";"2026-05-14 08:03:56";"32.28";"31";"948.44";"3540";"";"-22.822120666503906";"-47.065643310546875";"614";"-101";"8.800000190734863";"14535";"1778756636823"
"486";"2026-05-14 08:04:56";"32.49";"31";"948.5";"3540";"";"-22.822132110595703";"-47.06568145751953";"611.9";"-101";"9";"14536";"1778756696812"
"487";"2026-05-14 08:05:56";"32.76";"30.5";"948.5";"3540";"";"-22.822132110595703";"-47.06565856933594";"613";"-100";"9.300000190734863";"14537";"1778756756819"
"488";"2026-05-14 08:06:56";"33.08";"30";"948.5";"3540";"";"-22.82212257385254";"-47.065650939941406";"622.7";"-100";"9.800000190734863";"14538";"1778756816816"
"489";"2026-05-14 08:07:56";"33.47";"29.5";"948.5600000000001";"3540";"";"-22.82212257385254";"-47.065650939941406";"615.2";"-99";"9.5";"14539";"1778756876813"
"490";"2026-05-14 08:08:56";"33.41";"30";"948.58";"3540";"";"-22.82210350036621";"-47.06565475463867";"618.2";"-100";"9.5";"14540";"1778756936807"
"491";"2026-05-14 08:09:56";"32.32";"31.5";"948.62";"3580";"";"-22.82210922241211";"-47.065650939941406";"613.9";"-101";"9.300000190734863";"14541";"1778756996818"
"492";"2026-05-14 08:10:56";"30.71";"34";"948.66";"3520";"";"-22.82212257385254";"-47.06563186645508";"613";"-101";"9.300000190734863";"14542";"1778757056813"
"493";"2026-05-14 08:11:56";"29.26";"36.5";"948.66";"3560";"";"-22.82211685180664";"-47.065635681152344";"625.2";"-100";"9.300000190734863";"14543";"1778757116820"
"494";"2026-05-14 08:12:56";"28.07";"38.5";"948.64";"3520";"";"-22.822111129760742";"-47.065643310546875";"621.2";"-102";"8.5";"14544";"1778757176815"
"495";"2026-05-14 08:13:56";"27.09";"41";"948.72";"3540";"";"-22.82211685180664";"-47.065650939941406";"614.9000000000001";"-102";"8.300000190734863";"14545";"1778757236823"
"496";"2026-05-14 08:14:56";"26.25";"42.5";"948.6800000000001";"3560";"";"-22.822126388549805";"-47.06566619873047";"610.9";"-102";"8";"14546";"1778757296821"
"497";"2026-05-14 08:15:56";"25.53";"44";"948.6800000000001";"3560";"";"-22.822113037109375";"-47.06566619873047";"615.7";"-103";"7.800000190734863";"14547";"1778757356824"
"498";"2026-05-14 08:16:56";"24.93";"45";"948.72";"3520";"";"-22.822132110595703";"-47.06566619873047";"621.4000000000001";"-103";"7.5";"14548";"1778757416808"
"499";"2026-05-14 08:17:56";"24.44";"46";"948.72";"3580";"";"-22.822132110595703";"-47.0656623840332";"618";"-103";"8";"14549";"1778757476805"
"500";"2026-05-14 08:19:56";"23.72";"48";"948.78";"3520";"";"-22.822114944458008";"-47.0656623840332";"614";"-102";"8.300000190734863";"14551";"1778757596811"
"501";"2026-05-14 08:20:56";"23.41";"48.5";"948.78";"3520";"";"-22.822114944458008";"-47.065704345703125";"620.2";"-102";"8.5";"14552";"1778757656818"
"502";"2026-05-14 08:21:56";"23.16";"49";"948.86";"3540";"";"-22.822128295898438";"-47.06568908691406";"626.5";"-102";"7.5";"14553";"1778757716814"
"503";"2026-05-14 08:22:56";"22.99";"49.5";"948.9200000000001";"3560";"";"-22.82210922241211";"-47.06565856933594";"617";"-103";"7.5";"14554";"1778757776820"
"504";"2026-05-14 08:23:56";"22.85";"50";"948.9";"3540";"";"-22.822111129760742";"-47.065670013427734";"611.5";"-102";"6.800000190734863";"14555";"1778757836817"
"505";"2026-05-14 08:24:56";"22.67";"50";"948.86";"3540";"";"-22.822111129760742";"-47.065650939941406";"618.5";"-103";"7.5";"14556";"1778757896824"
"506";"2026-05-14 08:25:56";"22.52";"50.5";"948.9";"3540";"";"-22.822141647338867";"-47.0656623840332";"624.7";"-103";"7.800000190734863";"14557";"1778757956823"
"507";"2026-05-14 08:26:56";"22.41";"51";"948.9";"3520";"";"-22.822114944458008";"-47.065650939941406";"622.2";"-102";"8.5";"14558";"1778758016813"
"508";"2026-05-14 08:27:56";"22.35";"51";"948.98";"3540";"";"-22.822118759155273";"-47.065643310546875";"615.2";"-102";"8.300000190734863";"14559";"1778758076817"
"509";"2026-05-14 08:28:56";"22.25";"51";"948.94";"3580";"";"-22.822120666503906";"-47.06562805175781";"614";"-102";"7.800000190734863";"14560";"1778758136811"
"510";"2026-05-14 08:29:56";"22.25";"51";"948.96";"3540";"";"-22.82210922241211";"-47.06562805175781";"614.2";"-103";"6.800000190734863";"14561";"1778758196821"
"511";"2026-05-14 08:30:56";"22.37";"51";"948.94";"3540";"";"-22.822141647338867";"-47.06565475463867";"612.7";"-102";"8.300000190734863";"14562";"1778758256823"
"512";"2026-05-14 08:31:56";"22.51";"50.5";"948.9200000000001";"3580";"";"-22.822114944458008";"-47.06563949584961";"614.9000000000001";"-102";"8";"14563";"1778758316813"
"513";"2026-05-14 08:32:56";"22.64";"50";"948.9200000000001";"3540";"";"-22.822105407714844";"-47.065650939941406";"613.5";"-103";"7.800000190734863";"14564";"1778758376821"
"514";"2026-05-14 08:33:56";"22.68";"50";"948.9200000000001";"3540";"";"-22.822124481201172";"-47.065670013427734";"614.7";"-101";"9.5";"14565";"1778758436823"
"515";"2026-05-14 08:34:56";"22.63";"50";"948.94";"3560";"";"-22.822128295898438";"-47.06565475463867";"615";"-100";"9.5";"14566";"1778758496821"
"516";"2026-05-14 08:35:56";"22.53";"50.5";"948.9";"3560";"";"-22.822101593017578";"-47.06565475463867";"614.7";"-101";"8.5";"14567";"1778758556816"
"517";"2026-05-14 08:36:56";"22.4";"50.5";"948.9200000000001";"3540";"";"-22.82210350036621";"-47.065643310546875";"615.5";"-101";"8.800000190734863";"14568";"1778758616810"
"518";"2026-05-14 08:37:56";"22.29";"51";"948.9200000000001";"3560";"";"-22.822128295898438";"-47.06562042236328";"620";"-101";"9";"14569";"1778758676817"
"519";"2026-05-14 08:38:56";"22.24";"51";"948.9";"3540";"";"-22.822118759155273";"-47.065635681152344";"618.5";"-101";"8.800000190734863";"14570";"1778758736817"
"520";"2026-05-14 08:39:56";"22.22";"51";"948.9200000000001";"3540";"";"-22.822134017944336";"-47.06563949584961";"615";"-102";"8.300000190734863";"14571";"1778758796820"
"521";"2026-05-14 08:40:56";"22.15";"51.5";"948.94";"3560";"";"-22.822118759155273";"-47.065635681152344";"616.7";"-102";"8.300000190734863";"14572";"1778758856820"
"522";"2026-05-14 08:41:56";"22.1";"51.5";"948.96";"3560";"";"-22.82209587097168";"-47.065643310546875";"623.5";"-102";"9";"14573";"1778758916827"
"523";"2026-05-14 08:42:56";"22.06";"51.5";"948.94";"3560";"";"-22.822107315063477";"-47.06565856933594";"626";"-103";"7.300000190734863";"14574";"1778758976817"
"524";"2026-05-14 08:43:56";"22";"51.5";"948.98";"3540";"";"-22.822099685668945";"-47.06565856933594";"623.2";"-102";"8.5";"14575";"1778759036821"
"525";"2026-05-14 08:44:56";"21.92";"52";"948.98";"3540";"";"-22.822126388549805";"-47.0656852722168";"630";"-100";"9.300000190734863";"14576";"1778759096815"
"526";"2026-05-14 08:45:56";"21.86";"52";"949.02";"3540";"";"-22.822107315063477";"-47.065696716308594";"631.7";"-102";"8.800000190734863";"14577";"1778759156820"
"527";"2026-05-14 08:46:56";"21.81";"52";"949.04";"3520";"";"-22.822128295898438";"-47.06565856933594";"619";"-102";"8.800000190734863";"14578";"1778759216821"
"528";"2026-05-14 08:47:56";"21.76";"52";"949.04";"3560";"";"-22.822147369384766";"-47.06568145751953";"617.7";"-101";"9.5";"14579";"1778759276808"
"529";"2026-05-14 08:48:56";"21.72";"52";"949.02";"3560";"";"-22.822124481201172";"-47.065670013427734";"610.5";"-102";"8.5";"14580";"1778759336815"
"530";"2026-05-14 08:49:56";"21.69";"52.5";"949.04";"3540";"";"-22.82210350036621";"-47.0656623840332";"616.5";"-102";"8.5";"14581";"1778759396810"
"531";"2026-05-14 08:50:56";"21.64";"52.5";"949.0600000000001";"3540";"";"-22.82213020324707";"-47.06568908691406";"616";"-101";"9.300000190734863";"14582";"1778759456812"
"532";"2026-05-14 08:51:56";"21.62";"52.5";"949.0600000000001";"3540";"";"-22.82215118408203";"-47.065650939941406";"612.5";"-101";"9.300000190734863";"14583";"1778759516812"
"533";"2026-05-14 08:52:56";"21.53";"52.5";"949.02";"3540";"";"-22.822160720825195";"-47.065608978271484";"608.4";"-99";"10.300000190734863";"14584";"1778759576808"
"534";"2026-05-14 08:53:56";"21.55";"52.5";"949.0600000000001";"3540";"";"-22.822128295898438";"-47.06561279296875";"611.7";"-100";"9.800000190734863";"14585";"1778759636808"
"535";"2026-05-14 08:54:56";"21.63";"52.5";"949.0600000000001";"3540";"";"-22.822093963623047";"-47.06563949584961";"620";"-100";"9.300000190734863";"14586";"1778759696822"
"536";"2026-05-14 08:55:56";"21.69";"52.5";"949.1";"3560";"";"-22.822105407714844";"-47.06562423706055";"620.7";"-101";"9.300000190734863";"14587";"1778759756813"
"537";"2026-05-14 08:56:56";"21.73";"52";"949.0600000000001";"3540";"";"-22.82213592529297";"-47.06568145751953";"613.5";"-100";"9.800000190734863";"14588";"1778759816821"
"538";"2026-05-14 08:57:56";"21.79";"52";"949.0600000000001";"3560";"";"-22.82213020324707";"-47.06566619873047";"612.7";"-101";"9.300000190734863";"14589";"1778759876818"
"539";"2026-05-14 08:58:56";"21.84";"52";"949.1";"3540";"";"-22.822118759155273";"-47.06566619873047";"608";"-101";"9.300000190734863";"14590";"1778759936813"
"540";"2026-05-14 08:59:56";"21.89";"52";"949.12";"3520";"";"-22.822101593017578";"-47.06565856933594";"615.7";"-101";"8.800000190734863";"14591";"1778759996811"
"541";"2026-05-14 09:00:56";"21.93";"51.5";"949.16";"3520";"";"-22.82212257385254";"-47.065677642822266";"605";"-101";"9.5";"14592";"1778760056818"
"542";"2026-05-14 09:01:56";"21.93";"51.5";"949.16";"3540";"";"-22.82211685180664";"-47.06566619873047";"612";"-101";"9.5";"14593";"1778760116817"
"543";"2026-05-14 09:02:56";"21.92";"51.5";"949.1800000000001";"3560";"";"-22.822153091430664";"-47.065677642822266";"614.7";"-101";"8.800000190734863";"14594";"1778760176806"
"544";"2026-05-14 09:03:56";"21.92";"52";"949.2";"3560";"";"-22.822147369384766";"-47.065670013427734";"611.5";"-101";"9.300000190734863";"14595";"1778760236821"
"545";"2026-05-14 09:04:56";"21.93";"52";"949.22";"3540";"";"-22.8221378326416";"-47.06564712524414";"620.5";"-102";"8.800000190734863";"14596";"1778760296788"
"546";"2026-05-14 09:05:56";"21.96";"51.5";"949.24";"3540";"";"-22.822099685668945";"-47.06561279296875";"616.7";"-101";"9.5";"14597";"1778760356806"
"547";"2026-05-14 09:06:56";"22.01";"51.5";"949.26";"3540";"";"-22.822147369384766";"-47.06562423706055";"613.5";"-100";"9.5";"14598";"1778760416822"
"548";"2026-05-14 09:07:56";"22.04";"51.5";"949.3000000000001";"3540";"";"-22.822141647338867";"-47.0656623840332";"618.5";"-103";"8.300000190734863";"14599";"1778760476815"
"549";"2026-05-14 09:08:56";"22.04";"51.5";"949.32";"3520";"";"-22.822118759155273";"-47.06566619873047";"623.2";"-102";"8";"14600";"1778760536823"
"550";"2026-05-14 09:09:56";"22.05";"51.5";"949.32";"3540";"";"-22.822124481201172";"-47.06566619873047";"611";"-99";"10.5";"14601";"1778760596815"
"551";"2026-05-14 09:10:56";"22.09";"51.5";"949.36";"3520";"";"-22.822139739990234";"-47.06568145751953";"616.2";"-101";"8.800000190734863";"14602";"1778760656821"
"552";"2026-05-14 09:11:56";"22.13";"51.5";"949.32";"3540";"";"-22.822101593017578";"-47.06569290161133";"621.7";"-102";"8";"14603";"1778760716820"
"553";"2026-05-14 09:12:56";"22.13";"51.5";"949.36";"3540";"";"-22.822101593017578";"-47.06569290161133";"618.4000000000001";"-102";"8";"14604";"1778760776823"
"554";"2026-05-14 09:13:56";"22.18";"51.5";"949.32";"3580";"";"-22.82209014892578";"-47.065608978271484";"625.7";"-93";"12";"14605";"1778760836809"
"555";"2026-05-14 09:14:56";"22.2";"51.5";"949.36";"3540";"";"-22.822072982788086";"-47.06565856933594";"625.2";"-99";"10.800000190734863";"14606";"1778760896812"
"556";"2026-05-14 09:15:56";"22.25";"51.5";"949.34";"3540";"";"-22.822158813476562";"-47.0656852722168";"615.2";"-104";"7";"14607";"1778760956790"
"557";"2026-05-14 09:16:56";"22.27";"51";"949.36";"3540";"";"-22.822200775146484";"-47.0656852722168";"615.7";"-101";"9.5";"14608";"1778761016818"
"558";"2026-05-14 09:17:56";"22.27";"51";"949.36";"3520";"";"-22.822132110595703";"-47.06562042236328";"613.5";"-102";"9";"14609";"1778761076823"
"559";"2026-05-14 09:18:56";"22.33";"51";"949.34";"3540";"";"-22.8221492767334";"-47.06562805175781";"621.7";"-103";"7.800000190734863";"14610";"1778761136812"
"560";"2026-05-14 09:19:56";"22.35";"51";"949.36";"3540";"";"-22.82213592529297";"-47.065616607666016";"626.7";"-104";"7";"14611";"1778761196819"
"561";"2026-05-14 09:20:56";"22.31";"51.5";"949.34";"3540";"";"-22.82210350036621";"-47.06565856933594";"607.9";"-102";"8.5";"14612";"1778761256811"
"562";"2026-05-14 09:21:56";"22.31";"51.5";"949.38";"3540";"";"-22.822202682495117";"-47.06568145751953";"622.5";"-102";"8.5";"14613";"1778761316811"
"563";"2026-05-14 09:22:56";"22.47";"51";"949.38";"3520";"";"-22.822221755981445";"-47.06568145751953";"623.2";"-101";"9.5";"14614";"1778761376813"
"564";"2026-05-14 09:23:56";"22.67";"50.5";"949.38";"3560";"";"-22.8221492767334";"-47.06566619873047";"616";"-101";"9.300000190734863";"14615";"1778761436821"
"565";"2026-05-14 09:24:56";"22.76";"50.5";"949.36";"3540";"";"-22.82215690612793";"-47.06563949584961";"613";"-104";"7.300000190734863";"14616";"1778761496815"
"566";"2026-05-14 09:25:56";"22.78";"50.5";"949.36";"3520";"";"-22.8221492767334";"-47.06565856933594";"612.2";"-101";"9.300000190734863";"14617";"1778761556818"
"567";"2026-05-14 09:26:56";"22.77";"50.5";"949.34";"3540";"";"-22.822145462036133";"-47.06565856933594";"614.7";"-104";"6.300000190734863";"14618";"1778761616808"
"568";"2026-05-14 09:27:56";"22.78";"50.5";"949.34";"3540";"";"-22.82216453552246";"-47.0656623840332";"612.7";"-102";"8.300000190734863";"14619";"1778761676819"
"569";"2026-05-14 09:28:56";"22.82";"50.5";"949.34";"3540";"";"-22.822162628173828";"-47.06565856933594";"613.7";"-103";"8";"14620";"1778761736809"
"570";"2026-05-14 09:29:56";"22.86";"50.5";"949.38";"3520";"";"-22.8221378326416";"-47.0656623840332";"608.9";"-100";"9.5";"14621";"1778761796811"
"571";"2026-05-14 09:30:56";"22.89";"50.5";"949.4";"3540";"";"-22.822162628173828";"-47.065635681152344";"607";"-101";"8";"14622";"1778761856809"
"572";"2026-05-14 09:31:56";"22.94";"50";"949.38";"3540";"";"-22.822160720825195";"-47.06568145751953";"617";"-101";"9.300000190734863";"14623";"1778761916809"
"573";"2026-05-14 09:32:56";"23";"50";"949.4";"3540";"";"-22.822187423706055";"-47.065711975097656";"612.7";"-100";"9.5";"14624";"1778761976819"
"574";"2026-05-14 09:33:56";"23.03";"50";"949.4200000000001";"3540";"";"-22.8221492767334";"-47.06566619873047";"618.2";"-103";"5.800000190734863";"14625";"1778762036812"
"575";"2026-05-14 09:34:56";"23.14";"50";"949.4";"3520";"";"-22.822189331054688";"-47.065677642822266";"611.7";"-103";"7.5";"14626";"1778762096810"
"576";"2026-05-14 09:35:56";"23.27";"49.5";"949.4";"3540";"";"-22.822141647338867";"-47.065635681152344";"622.2";"-103";"7.5";"14627";"1778762156819"
"577";"2026-05-14 09:36:56";"23.4";"49.5";"949.4200000000001";"3560";"";"-22.8221378326416";"-47.065643310546875";"613";"-104";"7";"14628";"1778762216810"
"578";"2026-05-14 09:37:56";"23.49";"49";"949.38";"3540";"";"-22.822107315063477";"-47.06562042236328";"618.2";"-105";"6.5";"14629";"1778762276785"
"579";"2026-05-14 09:38:56";"23.49";"49.5";"949.34";"3540";"";"-22.82209587097168";"-47.065643310546875";"621.7";"-102";"8.5";"14630";"1778762336816"
"580";"2026-05-14 09:39:56";"23.54";"49";"949.38";"3520";"";"-22.8221492767334";"-47.065673828125";"614.7";"-104";"7.300000190734863";"14631";"1778762396814"
"581";"2026-05-14 09:40:56";"23.59";"49";"949.38";"3520";"";"-22.8221492767334";"-47.06563949584961";"612.5";"-102";"8.5";"14632";"1778762456823"
"582";"2026-05-14 09:41:56";"23.76";"49";"949.34";"3520";"";"-22.8221435546875";"-47.065673828125";"611.2";"-101";"9.300000190734863";"14633";"1778762516816"
"583";"2026-05-14 09:42:56";"23.98";"48.5";"949.4";"3560";"";"-22.822145462036133";"-47.0656852722168";"608.2";"-100";"10";"14634";"1778762576809"
"584";"2026-05-14 09:43:56";"24.11";"48";"949.34";"3520";"";"-22.822093963623047";"-47.06561279296875";"608.5";"-99";"10.300000190734863";"14635";"1778762636808"
"585";"2026-05-14 09:44:56";"24.1";"48";"949.36";"3520";"";"-22.822126388549805";"-47.06565856933594";"615.5";"-99";"10";"14636";"1778762696811"
"586";"2026-05-14 09:45:56";"24.06";"48";"949.32";"3520";"";"-22.822124481201172";"-47.065704345703125";"608.2";"-104";"7";"14637";"1778762756813"
"587";"2026-05-14 09:46:56";"24.06";"48.5";"949.32";"3540";"";"-22.82213020324707";"-47.065677642822266";"603.7";"-98";"11.300000190734863";"14638";"1778762816817"
"588";"2026-05-14 09:47:56";"24.07";"48.5";"949.34";"3520";"";"-22.82211685180664";"-47.06563949584961";"614";"-100";"9.5";"14639";"1778762876809"
"589";"2026-05-14 09:48:56";"24.14";"48.5";"949.36";"3560";"";"-22.822139739990234";"-47.06563186645508";"615.4000000000001";"-101";"9.300000190734863";"14640";"1778762936813"
"590";"2026-05-14 09:49:56";"24.25";"48.5";"949.38";"3540";"";"-22.822105407714844";"-47.06562423706055";"619";"-101";"7.800000190734863";"14641";"1778762996815"
"591";"2026-05-14 09:50:56";"24.33";"48";"949.3000000000001";"3540";"";"-22.82208251953125";"-47.06565856933594";"624";"-101";"9";"14642";"1778763056821"
"592";"2026-05-14 09:51:56";"24.36";"48";"949.28";"3520";"";"-22.822124481201172";"-47.065673828125";"615";"-100";"9.5";"14643";"1778763116819"
"593";"2026-05-14 09:52:56";"24.35";"48";"949.28";"3520";"";"-22.82215690612793";"-47.06568145751953";"609.9";"-101";"9";"14644";"1778763176809"
"594";"2026-05-14 09:53:56";"24.3";"48";"949.26";"3560";"";"-22.822168350219727";"-47.0656852722168";"612.5";"-101";"8.800000190734863";"14645";"1778763236804"
"595";"2026-05-14 09:54:56";"24.26";"48.5";"949.26";"3540";"";"-22.822227478027344";"-47.065765380859375";"601.2";"-105";"5.5";"14646";"1778763296819"
"596";"2026-05-14 09:55:56";"24.24";"48.5";"949.24";"3520";"";"-22.822132110595703";"-47.06570816040039";"608.7";"-100";"9.800000190734863";"14647";"1778763356815"
"597";"2026-05-14 09:56:56";"24.28";"48.5";"949.1800000000001";"3560";"";"-22.82213020324707";"-47.06566619873047";"615";"-102";"9";"14648";"1778763416817"
"598";"2026-05-14 09:57:56";"24.34";"48.5";"949.28";"3520";"";"-22.82213020324707";"-47.06565475463867";"615.5";"-105";"6";"14649";"1778763476814"
"599";"2026-05-14 09:58:56";"24.39";"48.5";"949.28";"3560";"";"-22.822093963623047";"-47.065650939941406";"619";"-103";"7.5";"14650";"1778763536820"
"600";"2026-05-14 09:59:56";"24.42";"48.5";"949.28";"3520";"";"-22.822067260742188";"-47.06564712524414";"625.7";"-104";"7";"14651";"1778763596820"
"601";"2026-05-14 10:00:56";"24.46";"48.5";"949.28";"3540";"";"-22.822078704833984";"-47.0656623840332";"631.5";"-105";"6.300000190734863";"14652";"1778763656819"
"602";"2026-05-14 10:01:56";"24.53";"48.5";"949.26";"3520";"";"-22.822084426879883";"-47.06566619873047";"621";"-104";"7.300000190734863";"14653";"1778763716817"
"603";"2026-05-14 10:02:56";"24.55";"48.5";"949.24";"3540";"";"-22.82210922241211";"-47.065650939941406";"618.2";"-106";"5.300000190734863";"14654";"1778763776813"
"604";"2026-05-14 10:03:56";"24.59";"48.5";"949.26";"3560";"";"-22.822099685668945";"-47.065643310546875";"616.9000000000001";"-107";"4.300000190734863";"14655";"1778763836813"
"605";"2026-05-14 10:04:56";"24.6";"48.5";"949.26";"3540";"";"-22.822107315063477";"-47.065670013427734";"616.7";"-101";"9";"14656";"1778763896811"
"606";"2026-05-14 10:05:56";"24.66";"48.5";"949.26";"3540";"";"-22.82211685180664";"-47.065670013427734";"614.2";"-99";"10.800000190734863";"14657";"1778763956814"
"607";"2026-05-14 10:06:56";"24.72";"48";"949.3000000000001";"3520";"";"-22.82213592529297";"-47.06565856933594";"614.7";"-98";"11";"14658";"1778764016820"
"608";"2026-05-14 10:07:56";"24.8";"48";"949.3000000000001";"3540";"";"-22.822145462036133";"-47.0656623840332";"610.7";"-103";"8";"14659";"1778764076816"
"609";"2026-05-14 10:08:56";"24.91";"48";"949.36";"3560";"";"-22.822124481201172";"-47.06565856933594";"617.2";"-96";"12.300000190734863";"14660";"1778764136818"
"610";"2026-05-14 10:09:56";"24.97";"48";"949.34";"3540";"";"-22.822132110595703";"-47.06565856933594";"614.5";"-98";"11";"14661";"1778764196813"
"611";"2026-05-14 10:10:56";"25.03";"48";"949.36";"3540";"";"-22.822147369384766";"-47.06564712524414";"611.5";"-93";"13";"14662";"1778764256815"
"612";"2026-05-14 10:11:56";"25.1";"48";"949.36";"3560";"";"-22.82210922241211";"-47.06564712524414";"615.5";"-97";"10.800000190734863";"14663";"1778764316830"
"613";"2026-05-14 10:12:56";"25.15";"48";"949.36";"3580";"";"-22.822145462036133";"-47.065635681152344";"619.5";"-96";"12.300000190734863";"14664";"1778764376824"
"614";"2026-05-14 10:13:56";"25.25";"47.5";"949.36";"3540";"";"-22.82219123840332";"-47.06566619873047";"612.2";"-94";"12.300000190734863";"14665";"1778764436811"
"615";"2026-05-14 10:14:56";"25.31";"47.5";"949.34";"3540";"";"-22.822160720825195";"-47.065677642822266";"614.9000000000001";"-95";"12";"14666";"1778764496819"
"616";"2026-05-14 10:15:56";"25.28";"47.5";"949.38";"3580";"";"-22.822132110595703";"-47.06568145751953";"619";"-97";"11";"14667";"1778764556820"
"617";"2026-05-14 10:16:56";"25.31";"48";"949.34";"3520";"";"-22.82202911376953";"-47.0656623840332";"632.5";"-92";"13";"14668";"1778764616819"
"618";"2026-05-14 10:17:56";"25.41";"47.5";"949.38";"3540";"";"-22.822107315063477";"-47.06566619873047";"627.5";"-101";"8.5";"14669";"1778764676813"
"619";"2026-05-14 10:18:56";"25.47";"47.5";"949.36";"3580";"";"-22.822132110595703";"-47.06568145751953";"613.2";"-101";"8.800000190734863";"14670";"1778764736825"
"620";"2026-05-14 10:19:56";"25.5";"47.5";"949.36";"3520";"";"-22.822114944458008";"-47.06565856933594";"614.9000000000001";"-99";"9";"14671";"1778764796827"
"621";"2026-05-14 10:20:56";"25.52";"47.5";"949.4";"3580";"";"-22.82209587097168";"-47.065635681152344";"618.9000000000001";"-97";"11.300000190734863";"14672";"1778764856818"
"622";"2026-05-14 10:21:56";"25.59";"47.5";"949.36";"3540";"";"-22.822154998779297";"-47.06565475463867";"612.7";"-99";"10";"14673";"1778764916824"
"623";"2026-05-14 10:22:56";"25.61";"47.5";"949.36";"3520";"";"-22.822185516357422";"-47.06563949584961";"610.5";"-99";"8.300000190734863";"14674";"1778764976818"
"624";"2026-05-14 10:23:56";"25.68";"47.5";"949.36";"3560";"";"-22.82216453552246";"-47.06562423706055";"608.7";"-102";"9";"14675";"1778765036817"
"625";"2026-05-14 10:24:56";"25.76";"47";"949.34";"3540";"";"-22.822139739990234";"-47.065608978271484";"619";"-101";"9.300000190734863";"14676";"1778765096824"
"626";"2026-05-14 10:25:56";"25.82";"47";"949.3000000000001";"3520";"";"-22.822147369384766";"-47.06562042236328";"613";"-99";"10";"14677";"1778765156819"
"627";"2026-05-14 10:26:56";"25.88";"47";"949.3000000000001";"3560";"";"-22.82213020324707";"-47.065616607666016";"615.2";"-103";"7.800000190734863";"14678";"1778765216821"
"628";"2026-05-14 10:27:56";"25.9";"47";"949.3000000000001";"3520";"";"-22.82207489013672";"-47.065574645996094";"638";"-101";"9.300000190734863";"14679";"1778765276791"
"629";"2026-05-14 10:28:56";"25.91";"47";"949.28";"3540";"";"-22.822099685668945";"-47.065574645996094";"632.4000000000001";"-96";"11.5";"14680";"1778765336818"
"630";"2026-05-14 10:29:56";"25.92";"47";"949.28";"3520";"";"-22.822128295898438";"-47.06560516357422";"624.9000000000001";"-99";"10.300000190734863";"14681";"1778765396822"
"631";"2026-05-14 10:30:56";"25.92";"47.5";"949.26";"3540";"";"-22.822134017944336";"-47.06560516357422";"624.5";"-98";"11";"14682";"1778765456821"
"632";"2026-05-14 10:31:56";"25.93";"47.5";"949.26";"3560";"";"-22.82207489013672";"-47.0655632019043";"636.4000000000001";"-100";"9.5";"14683";"1778765516830"
"633";"2026-05-14 10:32:56";"25.92";"47";"949.24";"3540";"";"-22.822071075439453";"-47.06556701660156";"636.2";"-94";"12";"14684";"1778765576819"
"634";"2026-05-14 10:33:56";"25.96";"47.5";"949.24";"3540";"";"-22.822107315063477";"-47.06562042236328";"625.9000000000001";"-101";"9.5";"14685";"1778765636815"
"635";"2026-05-14 10:34:56";"26.04";"47";"949.22";"3520";"";"-22.822132110595703";"-47.06564712524414";"612.7";"-102";"8";"14686";"1778765696827"
"636";"2026-05-14 10:35:56";"26.36";"46.5";"949.22";"3540";"";"-22.822126388549805";"-47.06565856933594";"612";"-104";"7";"14687";"1778765756829"
"637";"2026-05-14 10:36:56";"27.12";"46";"949.26";"3560";"";"-22.822124481201172";"-47.065673828125";"611.5";"-99";"11";"14688";"1778765816825"
"638";"2026-05-14 10:37:56";"27.83";"44";"949.22";"3580";"";"-22.82211685180664";"-47.065670013427734";"618.5";"-102";"8";"14689";"1778765876819"
"639";"2026-05-14 10:38:56";"28.1";"43";"949.16";"3580";"";"-22.822128295898438";"-47.065677642822266";"604.2";"-102";"8.5";"14690";"1778765936821"
"640";"2026-05-14 10:39:56";"28.26";"43";"949.1800000000001";"3540";"";"-22.822120666503906";"-47.06565475463867";"612.2";"-103";"7.800000190734863";"14691";"1778765996822"
"641";"2026-05-14 10:40:56";"28.54";"42";"949.1800000000001";"3520";"";"-22.822145462036133";"-47.06565475463867";"612.9";"-104";"7";"14692";"1778766056828"
"642";"2026-05-14 10:41:56";"28.62";"42.5";"949.14";"3600";"";"-22.822168350219727";"-47.06564712524414";"611.2";"-111";"-2.799999952316284";"14693";"1778766116797"
"643";"2026-05-14 10:42:56";"28.76";"42";"949.12";"3540";"";"-22.822181701660156";"-47.065650939941406";"604.7";"-101";"8.5";"14694";"1778766176789"
"644";"2026-05-14 10:43:56";"28.84";"42";"949.12";"3540";"";"-22.82210922241211";"-47.06563949584961";"621";"-104";"6";"14695";"1778766236817"
"645";"2026-05-14 10:44:56";"29.01";"42";"949.12";"3540";"";"-22.822072982788086";"-47.06564712524414";"626.4000000000001";"-100";"9.5";"14696";"1778766296813"
"646";"2026-05-14 10:45:56";"29.72";"40.5";"949.08";"3540";"";"-22.822093963623047";"-47.06563186645508";"617.7";"-105";"6";"14697";"1778766356819"
"647";"2026-05-14 10:46:56";"30.26";"39.5";"949.08";"3540";"";"-22.82210350036621";"-47.06564712524414";"615";"-97";"11";"14698";"1778766416808"
"648";"2026-05-14 10:47:56";"30.44";"39";"949.08";"3580";"";"-22.822118759155273";"-47.065635681152344";"618.4000000000001";"-100";"9.5";"14699";"1778766476826"
"649";"2026-05-14 10:48:56";"30.47";"39.5";"949.04";"3540";"";"-22.822099685668945";"-47.06562423706055";"622.4000000000001";"-92";"12.5";"14700";"1778766536818"
"650";"2026-05-14 10:49:56";"30.35";"39.5";"949.04";"3520";"";"-22.822175979614258";"-47.06563949584961";"607.4";"-93";"11.800000190734863";"14701";"1778766596784"
"651";"2026-05-14 10:50:56";"30.43";"39.5";"949.02";"3560";"";"-22.82216453552246";"-47.06565475463867";"606.9";"-95";"12";"14702";"1778766656816"
"652";"2026-05-14 10:51:56";"30.56";"39.5";"949.04";"3540";"";"-22.822097778320312";"-47.06564712524414";"614";"-90";"13.300000190734863";"14703";"1778766716828"
"653";"2026-05-14 10:52:56";"30.68";"39";"949.08";"3520";"";"-22.82207679748535";"-47.06562042236328";"619";"-95";"12";"14704";"1778766776828"
"654";"2026-05-14 10:53:56";"30.68";"39.5";"949.08";"3540";"";"-22.822105407714844";"-47.06563186645508";"614.2";"-98";"10.800000190734863";"14705";"1778766836820"
"655";"2026-05-14 10:54:56";"30.85";"39";"949.12";"3540";"";"-22.822120666503906";"-47.065635681152344";"617.7";"-90";"13";"14706";"1778766896815"
"656";"2026-05-14 10:55:56";"31.15";"38.5";"949.1";"3580";"";"-22.822101593017578";"-47.065635681152344";"612.4";"-94";"12.300000190734863";"14707";"1778766956823"
"657";"2026-05-14 10:56:56";"30.99";"39";"949.1";"3560";"";"-22.822132110595703";"-47.0656623840332";"601.7";"-91";"13";"14708";"1778767016832"
"658";"2026-05-14 10:57:56";"30.67";"39.5";"949.12";"3520";"";"-22.82212257385254";"-47.06565856933594";"614.2";"-96";"10.5";"14709";"1778767076821"
"659";"2026-05-14 10:58:56";"30.36";"40.5";"949.08";"3580";"";"-22.8221492767334";"-47.065670013427734";"608.2";"-98";"11";"14710";"1778767136824"
"660";"2026-05-14 10:59:56";"30.08";"41";"949.1";"3580";"";"-22.82210350036621";"-47.065677642822266";"613.9";"-96";"11.800000190734863";"14711";"1778767196798"
"661";"2026-05-14 11:00:56";"29.84";"41.5";"949.0600000000001";"3540";"";"-22.822086334228516";"-47.0656623840332";"619.4000000000001";"-100";"9.800000190734863";"14712";"1778767256828"
"662";"2026-05-14 11:01:56";"29.58";"42.5";"949.0600000000001";"3540";"";"-22.822097778320312";"-47.06565475463867";"620";"-100";"10";"14713";"1778767316825"
"663";"2026-05-14 11:02:56";"29.38";"43";"949.02";"3540";"";"-22.822128295898438";"-47.06566619873047";"619.2";"-99";"8.800000190734863";"14714";"1778767376826"
"664";"2026-05-14 11:03:56";"29.14";"43.5";"949";"3540";"";"-22.822134017944336";"-47.0656623840332";"612";"-100";"9.800000190734863";"14715";"1778767436816"
"665";"2026-05-14 11:04:56";"29.04";"43.5";"948.96";"3540";"";"-22.822111129760742";"-47.06566619873047";"613";"-95";"12";"14716";"1778767496818"
"666";"2026-05-14 11:05:56";"29.03";"44";"948.96";"3540";"";"-22.822114944458008";"-47.06566619873047";"619.4000000000001";"-98";"10.300000190734863";"14717";"1778767556819"
"667";"2026-05-14 11:06:56";"29.14";"44";"948.96";"3580";"";"-22.82209587097168";"-47.065650939941406";"624.7";"-99";"10.5";"14718";"1778767616820"
"668";"2026-05-14 11:07:56";"29.24";"43.5";"948.9";"3600";"";"-22.82209587097168";"-47.06565856933594";"621.9000000000001";"-98";"11";"14719";"1778767676824"
"669";"2026-05-14 11:08:56";"29.29";"44";"948.9200000000001";"3700";"";"-22.82210922241211";"-47.065677642822266";"618.9000000000001";"-98";"11";"14720";"1778767736818"
"670";"2026-05-14 11:09:56";"29.91";"43";"948.9";"3680";"";"-22.82211685180664";"-47.06566619873047";"610.2";"-96";"11.800000190734863";"14721";"1778767796828"
"671";"2026-05-14 11:10:56";"31.41";"40";"948.9";"3680";"";"-22.822111129760742";"-47.065670013427734";"616.5";"-100";"9.800000190734863";"14722";"1778767856825"
"672";"2026-05-14 11:11:56";"33.05";"37.5";"948.84";"3700";"";"-22.822099685668945";"-47.0656623840332";"622.4000000000001";"-92";"12.5";"14723";"1778767916830"
"673";"2026-05-14 11:12:56";"34.45";"35";"948.86";"3740";"";"-22.82209014892578";"-47.06565856933594";"624";"-92";"13";"14724";"1778767976831"
"674";"2026-05-14 11:13:56";"35.64";"33";"948.86";"3700";"";"-22.822124481201172";"-47.0656623840332";"613.2";"-97";"11.300000190734863";"14725";"1778768036822"
"675";"2026-05-14 11:14:56";"36.62";"32";"948.84";"3700";"";"-22.822111129760742";"-47.06565856933594";"611.2";"-97";"11.300000190734863";"14726";"1778768096830"
"676";"2026-05-14 11:15:56";"37.42";"31";"948.76";"3720";"";"-22.822120666503906";"-47.065670013427734";"613";"-96";"11.5";"14727";"1778768156831"
"677";"2026-05-14 11:16:56";"37.86";"30";"948.72";"3740";"";"-22.822101593017578";"-47.06565856933594";"608.2";"-92";"12.5";"14728";"1778768216818"
"678";"2026-05-14 11:17:56";"38.49";"29.5";"948.74";"3740";"";"-22.822114944458008";"-47.0656623840332";"606.7";"-97";"10.800000190734863";"14729";"1778768276817"
"679";"2026-05-14 11:18:56";"39";"29";"948.74";"3740";"";"-22.82209014892578";"-47.065673828125";"610.5";"-97";"10.5";"14730";"1778768336822"
"680";"2026-05-14 11:19:56";"39.42";"28.5";"948.7";"3780";"";"-22.822124481201172";"-47.065670013427734";"613.9";"-95";"12.300000190734863";"14731";"1778768396828"
"681";"2026-05-14 11:20:56";"39.85";"28";"948.74";"3720";"";"-22.8221378326416";"-47.065731048583984";"599.5";"-96";"11.5";"14732";"1778768456814"
"682";"2026-05-14 11:21:56";"40.23";"28";"948.7";"3760";"";"-22.822128295898438";"-47.065704345703125";"609.5";"-97";"11.300000190734863";"14733";"1778768516826"
"683";"2026-05-14 11:22:56";"40.48";"28";"948.6800000000001";"3740";"";"-22.822111129760742";"-47.06565475463867";"607.5";"-94";"12.300000190734863";"14734";"1778768576821"
"684";"2026-05-14 11:23:56";"40.41";"28";"948.66";"3760";"";"-22.822086334228516";"-47.065711975097656";"603.2";"-99";"10.300000190734863";"14735";"1778768636810"
"685";"2026-05-14 11:24:56";"40.26";"28.5";"948.62";"3780";"";"-22.822099685668945";"-47.06569290161133";"599.2";"-94";"12.300000190734863";"14736";"1778768696792"
"686";"2026-05-14 11:25:56";"40.13";"28.5";"948.6";"3740";"";"-22.82210922241211";"-47.065673828125";"606.9";"-96";"11.800000190734863";"14737";"1778768756818"
"687";"2026-05-14 11:26:56";"40.15";"29";"948.6";"3760";"";"-22.822107315063477";"-47.06565856933594";"614.2";"-94";"12.800000190734863";"14738";"1778768816829"
"688";"2026-05-14 11:27:56";"40.21";"29";"948.5600000000001";"3800";"";"-22.822092056274414";"-47.065673828125";"603";"-93";"12.300000190734863";"14739";"1778768876817"
"689";"2026-05-14 11:28:56";"40.44";"29";"948.52";"3760";"";"-22.82213020324707";"-47.0656852722168";"607.4";"-97";"11.300000190734863";"14740";"1778768936824"
"690";"2026-05-14 11:29:56";"40.77";"28.5";"948.5";"3800";"";"-22.82212257385254";"-47.0656623840332";"611.7";"-96";"12.5";"14741";"1778768996828"
"691";"2026-05-14 11:30:56";"40.95";"28.5";"948.52";"3800";"";"-22.822118759155273";"-47.06566619873047";"607.5";"-98";"10";"14742";"1778769056818"
"692";"2026-05-14 11:31:56";"40.71";"29";"948.5";"3780";"";"-22.822105407714844";"-47.06566619873047";"607.5";"-99";"10.300000190734863";"14743";"1778769116820"
"693";"2026-05-14 11:32:56";"40.58";"29.5";"948.48";"3760";"";"-22.822128295898438";"-47.06563949584961";"616.7";"-101";"9.800000190734863";"14744";"1778769176830"
"694";"2026-05-14 11:33:56";"40.43";"29.5";"948.46";"3820";"";"-22.82211685180664";"-47.06563186645508";"619.2";"-102";"8.5";"14745";"1778769236829"
"695";"2026-05-14 11:34:56";"40.75";"29.5";"948.46";"3800";"";"-22.822113037109375";"-47.065670013427734";"615.9000000000001";"-97";"11.300000190734863";"14746";"1778769296827"
"696";"2026-05-14 11:35:56";"40.78";"29.5";"948.44";"3780";"";"-22.822111129760742";"-47.0656623840332";"610";"-98";"11.300000190734863";"14747";"1778769356824"
"697";"2026-05-14 11:36:56";"40.75";"29.5";"948.46";"3800";"";"-22.822113037109375";"-47.065650939941406";"616.2";"-95";"12.300000190734863";"14748";"1778769416827"
"698";"2026-05-14 11:37:56";"41.03";"29.5";"948.48";"3780";"";"-22.822134017944336";"-47.0656623840332";"615";"-92";"12.800000190734863";"14749";"1778769476822"
"699";"2026-05-14 11:38:56";"41.23";"29";"948.4200000000001";"3800";"";"-22.822139739990234";"-47.06564712524414";"609";"-90";"13";"14750";"1778769536824"
"700";"2026-05-14 11:39:56";"41.53";"29";"948.38";"3820";"";"-22.822097778320312";"-47.06564712524414";"612.9";"-95";"12.300000190734863";"14751";"1778769596828"
"701";"2026-05-14 11:40:56";"41.63";"29";"948.36";"3800";"";"-22.822120666503906";"-47.065643310546875";"613.9";"-96";"12.300000190734863";"14752";"1778769656820"
"702";"2026-05-14 11:41:56";"41.73";"29";"948.36";"3840";"";"-22.822124481201172";"-47.06565856933594";"613";"-97";"11.5";"14753";"1778769716810"
"703";"2026-05-14 11:42:56";"41.92";"29";"948.36";"3840";"";"-22.822126388549805";"-47.06566619873047";"612.9";"-97";"11.300000190734863";"14754";"1778769776821"
"704";"2026-05-14 11:43:56";"42.01";"29";"948.36";"3820";"";"-22.822114944458008";"-47.065650939941406";"617.2";"-95";"12";"14755";"1778769836834"
"705";"2026-05-14 11:44:56";"42.14";"28.5";"948.3000000000001";"3860";"";"-22.82211685180664";"-47.065696716308594";"601.7";"-97";"11";"14756";"1778769896812"
"706";"2026-05-14 11:45:56";"42.42";"28.5";"948.34";"3860";"";"-22.822120666503906";"-47.06565856933594";"611.2";"-97";"11";"14757";"1778769956813"
"707";"2026-05-14 11:46:56";"42.55";"28.5";"948.32";"3840";"";"-22.822120666503906";"-47.06565475463867";"613.7";"-98";"11.300000190734863";"14758";"1778770016820"
"708";"2026-05-14 11:47:56";"42.77";"28.5";"948.32";"3880";"";"-22.82215118408203";"-47.06568908691406";"609";"-93";"13";"14759";"1778770076823"
"709";"2026-05-14 11:48:56";"42.76";"28.5";"948.32";"3840";"";"-22.822114944458008";"-47.065673828125";"611.7";"-91";"12.800000190734863";"14760";"1778770136818"
"710";"2026-05-14 11:49:56";"42.64";"28.5";"948.24";"3820";"";"-22.82212257385254";"-47.06568145751953";"608.2";"-88";"13.300000190734863";"14761";"1778770196809"
"711";"2026-05-14 11:50:56";"42.47";"29";"948.22";"3840";"";"-22.82213020324707";"-47.0656623840332";"615.7";"-88";"13";"14762";"1778770256780"
"712";"2026-05-14 11:51:56";"42.32";"29.5";"948.22";"3860";"";"-22.82213592529297";"-47.06565475463867";"610.5";"-92";"12.800000190734863";"14763";"1778770316823"
"713";"2026-05-14 11:52:56";"41.96";"30";"948.2";"3880";"";"-22.822107315063477";"-47.06563186645508";"612.2";"-88";"13.300000190734863";"14764";"1778770376827"
"714";"2026-05-14 11:53:56";"41.79";"30.5";"948.1800000000001";"3880";"";"-22.82210922241211";"-47.06568908691406";"605.2";"-99";"11";"14765";"1778770436823"
"715";"2026-05-14 11:54:56";"41.81";"30.5";"948.1800000000001";"3880";"";"-22.82211685180664";"-47.065704345703125";"601.4";"-87";"13.5";"14766";"1778770496818"
"716";"2026-05-14 11:55:56";"41.79";"30.5";"948.2";"3860";"";"-22.822128295898438";"-47.06569290161133";"601";"-89";"13.5";"14767";"1778770556819"
"717";"2026-05-14 11:56:56";"41.97";"30.5";"948.1800000000001";"3860";"";"-22.82211685180664";"-47.06568908691406";"611";"-94";"12.300000190734863";"14768";"1778770616824"
"718";"2026-05-14 11:57:56";"42.05";"30.5";"948.14";"3880";"";"-22.822114944458008";"-47.065650939941406";"616.5";"-97";"11.800000190734863";"14769";"1778770676822"
"719";"2026-05-14 11:58:56";"42.18";"30";"948.14";"3900";"";"-22.822107315063477";"-47.06565856933594";"610.9";"-93";"12.300000190734863";"14770";"1778770736829"
"720";"2026-05-14 11:59:56";"42.02";"30.5";"948.1";"3880";"";"-22.82210922241211";"-47.065704345703125";"610.4";"-97";"11.300000190734863";"14771";"1778770796821"
"721";"2026-05-14 12:00:56";"42.13";"30.5";"948.08";"3880";"";"-22.82210922241211";"-47.065711975097656";"607.9";"-98";"11.300000190734863";"14772";"1778770856776"
"722";"2026-05-14 12:01:56";"42.36";"30";"948.08";"3900";"";"-22.82210922241211";"-47.0656852722168";"598.2";"-93";"13";"14773";"1778770916820"
"723";"2026-05-14 12:02:56";"42.43";"30";"948.08";"3900";"";"-22.822111129760742";"-47.065711975097656";"601.2";"-90";"13";"14774";"1778770976817"
"724";"2026-05-14 12:03:56";"42.46";"30";"948.08";"3900";"";"-22.822139739990234";"-47.065704345703125";"600";"-89";"13.300000190734863";"14775";"1778771036817"
"725";"2026-05-14 12:04:56";"42.54";"30";"948.08";"3900";"";"-22.82212257385254";"-47.06568908691406";"613.7";"-96";"12.300000190734863";"14776";"1778771096823"
"726";"2026-05-14 12:05:56";"42.63";"30";"948.1";"3940";"";"-22.822134017944336";"-47.0656852722168";"607.4";"-89";"13.300000190734863";"14777";"1778771156817"
"727";"2026-05-14 12:06:56";"42.61";"30.5";"948.1";"3900";"";"-22.8221435546875";"-47.06568145751953";"619";"-92";"13";"14778";"1778771216817"
"728";"2026-05-14 12:07:56";"42.19";"31";"948.0600000000001";"3920";"";"-22.8221492767334";"-47.06566619873047";"617.2";"-96";"12.300000190734863";"14779";"1778771276817"
"729";"2026-05-14 12:08:56";"42.17";"31";"948.08";"3900";"";"-22.82216453552246";"-47.0656623840332";"605.5";"-91";"13";"14780";"1778771336827"
"730";"2026-05-14 12:09:56";"41.85";"31.5";"948.02";"3880";"";"-22.822126388549805";"-47.06566619873047";"612.9";"-91";"12.800000190734863";"14781";"1778771396819"
"731";"2026-05-14 12:10:56";"41.5";"32";"948.04";"3900";"";"-22.822139739990234";"-47.06568908691406";"605.9";"-91";"12.800000190734863";"14782";"1778771456819"
"732";"2026-05-14 12:11:56";"41.19";"32.5";"948.08";"3900";"";"-22.822158813476562";"-47.0656623840332";"609.2";"-91";"12.800000190734863";"14783";"1778771516815"
"733";"2026-05-14 12:12:56";"40.7";"33.5";"948.1";"3860";"";"-22.822128295898438";"-47.06570816040039";"605.2";"-97";"11.800000190734863";"14784";"1778771576815"
"734";"2026-05-14 12:13:56";"39.91";"34.5";"948.0600000000001";"3860";"";"-22.82215118408203";"-47.065650939941406";"619.2";"-93";"12.300000190734863";"14785";"1778771636821"
"735";"2026-05-14 12:14:56";"39.51";"35";"948.04";"3840";"";"-22.822153091430664";"-47.065643310546875";"616";"-93";"12.800000190734863";"14786";"1778771696811"
"736";"2026-05-14 12:15:56";"39.38";"35.5";"948.04";"3900";"";"-22.822172164916992";"-47.06562423706055";"614.2";"-93";"12.300000190734863";"14787";"1778771756820"
"737";"2026-05-14 12:16:56";"39.49";"35.5";"947.98";"3900";"";"-22.82215118408203";"-47.06565856933594";"615";"-98";"11";"14788";"1778771816824"
"738";"2026-05-14 12:17:56";"39.68";"35";"948.02";"3920";"";"-22.822132110595703";"-47.065670013427734";"610.2";"-99";"9.5";"14789";"1778771876812"
"739";"2026-05-14 12:18:56";"39.79";"35";"948.02";"3880";"";"-22.82211685180664";"-47.065677642822266";"609.5";"-93";"12.800000190734863";"14790";"1778771936794"
"740";"2026-05-14 12:19:56";"39.82";"35";"948";"3900";"";"-22.822113037109375";"-47.0656852722168";"608";"-95";"12";"14791";"1778771996817"
"741";"2026-05-14 12:20:56";"39.82";"35";"948";"3940";"";"-22.822147369384766";"-47.065673828125";"609.4";"-93";"12.300000190734863";"14792";"1778772056810"
"742";"2026-05-14 12:21:56";"40.04";"34.5";"947.98";"3940";"";"-22.82215118408203";"-47.0656852722168";"614.2";"-96";"10";"14793";"1778772116833"
"743";"2026-05-14 12:22:56";"40.36";"34";"947.98";"3920";"";"-22.822141647338867";"-47.0656852722168";"609.2";"-93";"12.800000190734863";"14794";"1778772176822"
"744";"2026-05-14 12:23:56";"40.52";"34";"947.98";"3900";"";"-22.822153091430664";"-47.065673828125";"614.9000000000001";"-92";"13";"14795";"1778772236823"
"745";"2026-05-14 12:24:56";"40.48";"34";"947.9200000000001";"3940";"";"-22.822154998779297";"-47.06569290161133";"609.2";"-96";"12";"14796";"1778772296826"
"746";"2026-05-14 12:25:56";"40.43";"34";"947.9200000000001";"3920";"";"-22.822166442871094";"-47.06568145751953";"606.2";"-96";"11";"14797";"1778772356826"
"747";"2026-05-14 12:26:56";"40.3";"34";"947.88";"3920";"";"-22.822162628173828";"-47.0656623840332";"611.2";"-93";"12.300000190734863";"14798";"1778772416815"
"748";"2026-05-14 12:27:57";"40.29";"34.5";"947.88";"3920";"";"-22.822139739990234";"-47.06566619873047";"609";"-93";"12.800000190734863";"14799";"1778772476973"
"749";"2026-05-14 12:28:56";"40.2";"35";"947.88";"3920";"";"-22.8221492767334";"-47.06564712524414";"609.2";"-89";"13.800000190734863";"14800";"1778772536813"
"750";"2026-05-14 12:29:56";"40.13";"34.5";"947.88";"3920";"";"-22.8221435546875";"-47.06565856933594";"609.7";"-96";"11.800000190734863";"14801";"1778772596813"
"751";"2026-05-14 12:30:56";"40.22";"34.5";"947.88";"3920";"";"-22.82212257385254";"-47.065670013427734";"607.5";"-87";"13.5";"14802";"1778772656823"
"752";"2026-05-14 12:31:56";"40.05";"35";"947.84";"3940";"";"-22.82209587097168";"-47.06565475463867";"609.7";"-89";"13.300000190734863";"14803";"1778772716824"
"753";"2026-05-14 12:32:56";"39.93";"35";"947.84";"3960";"";"-22.82208251953125";"-47.06566619873047";"605.4";"-96";"12";"14804";"1778772776815"
"754";"2026-05-14 12:33:56";"39.8";"35.5";"947.82";"3940";"";"-22.82209587097168";"-47.065650939941406";"605.5";"-98";"10.5";"14805";"1778772836799"
"755";"2026-05-14 12:34:56";"39.74";"35.5";"947.78";"3900";"";"-22.822141647338867";"-47.0656623840332";"604.9";"-99";"11";"14806";"1778772896827"
"756";"2026-05-14 12:35:56";"39.37";"36";"947.74";"3860";"";"-22.822158813476562";"-47.065670013427734";"605.9";"-97";"11.300000190734863";"14807";"1778772956825"
"757";"2026-05-14 12:36:56";"38.97";"37";"947.72";"3880";"";"-22.822154998779297";"-47.06565856933594";"614.7";"-99";"11";"14808";"1778773016820"
"758";"2026-05-14 12:37:56";"38.59";"37.5";"947.64";"3860";"";"-22.8221492767334";"-47.065670013427734";"613";"-90";"13";"14809";"1778773076823"
"759";"2026-05-14 12:38:56";"38.24";"38";"947.66";"3840";"";"-22.82213592529297";"-47.06566619873047";"619.4000000000001";"-97";"11.300000190734863";"14810";"1778773136821"
"760";"2026-05-14 12:39:56";"37.88";"38.5";"947.6800000000001";"3800";"";"-22.82215118408203";"-47.065650939941406";"618.9000000000001";"-96";"11.800000190734863";"14811";"1778773196837"
"761";"2026-05-14 12:40:56";"37.45";"39";"947.6";"3860";"";"-22.82215118408203";"-47.0656623840332";"615.7";"-98";"11";"14812";"1778773256823"
"762";"2026-05-14 12:41:56";"37.11";"40";"947.6";"3840";"";"-22.8221378326416";"-47.065673828125";"612.5";"-97";"11";"14813";"1778773316820"
"763";"2026-05-14 12:42:56";"36.69";"40.5";"947.6";"3840";"";"-22.822120666503906";"-47.06563186645508";"622";"-101";"9.300000190734863";"14814";"1778773376814"
"764";"2026-05-14 12:43:56";"36.36";"41";"947.54";"3860";"";"-22.822132110595703";"-47.06563949584961";"620.7";"-98";"11.5";"14815";"1778773436822"
"765";"2026-05-14 12:44:56";"36.03";"41.5";"947.5600000000001";"3840";"";"-22.82213592529297";"-47.06565475463867";"617.4000000000001";"-96";"11.5";"14816";"1778773496819"
"766";"2026-05-14 12:45:56";"35.62";"42";"947.58";"3860";"";"-22.822132110595703";"-47.06565475463867";"617.2";"-96";"12";"14817";"1778773556817"
"767";"2026-05-14 12:46:56";"35.26";"43";"947.5600000000001";"3820";"";"-22.822145462036133";"-47.065643310546875";"614";"-97";"10.800000190734863";"14818";"1778773616825"
"768";"2026-05-14 12:47:56";"34.85";"43.5";"947.5600000000001";"3820";"";"-22.8221378326416";"-47.06563949584961";"616.7";"-97";"10.800000190734863";"14819";"1778773676820"
"769";"2026-05-14 12:48:56";"34.4";"44";"947.52";"3820";"";"-22.82213592529297";"-47.06563186645508";"621.7";"-96";"11.800000190734863";"14820";"1778773736817"
"770";"2026-05-14 12:49:56";"34.25";"44.5";"947.48";"3820";"";"-22.822120666503906";"-47.06562423706055";"617.7";"-96";"12.300000190734863";"14821";"1778773796798"
"771";"2026-05-14 12:50:56";"34.13";"44.5";"947.48";"3800";"";"-22.822134017944336";"-47.065650939941406";"615";"-98";"11";"14822";"1778773856820"
"772";"2026-05-14 12:51:56";"33.9";"45";"947.44";"3820";"";"-22.82213020324707";"-47.06564712524414";"613.2";"-95";"12.300000190734863";"14823";"1778773916813"
"773";"2026-05-14 12:52:56";"33.68";"45";"947.44";"3820";"";"-22.82211685180664";"-47.065635681152344";"609.7";"-94";"12.300000190734863";"14824";"1778773976824"
"774";"2026-05-14 12:53:56";"33.48";"45.5";"947.44";"3840";"";"-22.822120666503906";"-47.065650939941406";"614.4000000000001";"-97";"11.300000190734863";"14825";"1778774036823"
"775";"2026-05-14 12:54:56";"33.3";"45.5";"947.44";"3840";"";"-22.822132110595703";"-47.06564712524414";"611.5";"-97";"11.300000190734863";"14826";"1778774096823"
"776";"2026-05-14 12:55:56";"33.22";"45.5";"947.38";"3880";"";"-22.822162628173828";"-47.06562805175781";"611.7";"-95";"12.300000190734863";"14827";"1778774156821"
"777";"2026-05-14 12:56:56";"33.37";"45";"947.36";"3920";"";"-22.82213592529297";"-47.065608978271484";"614.7";"-98";"11";"14828";"1778774216787"
"778";"2026-05-14 12:57:56";"33.74";"44.5";"947.34";"3900";"";"-22.822120666503906";"-47.06561279296875";"611";"-98";"11";"14829";"1778774276822"
"779";"2026-05-14 12:58:56";"34.16";"43.5";"947.32";"3900";"";"-22.822113037109375";"-47.065635681152344";"604";"-96";"11.800000190734863";"14830";"1778774336819"
"780";"2026-05-14 12:59:56";"34.41";"43";"947.3000000000001";"3920";"";"-22.822114944458008";"-47.06562805175781";"612.4";"-105";"6";"14831";"1778774396822"
"781";"2026-05-14 13:00:56";"34.43";"43";"947.3000000000001";"3920";"";"-22.82210350036621";"-47.065616607666016";"618.5";"-98";"11";"14832";"1778774456829"
"782";"2026-05-14 13:01:56";"34.39";"43";"947.3000000000001";"3860";"";"-22.822093963623047";"-47.06563186645508";"616.4000000000001";"-97";"11.300000190734863";"14833";"1778774516819"
"783";"2026-05-14 13:02:56";"34.43";"43";"947.32";"3880";"";"-22.82210922241211";"-47.065677642822266";"610.2";"-98";"11";"14834";"1778774576829"
"784";"2026-05-14 13:03:56";"34.44";"42.5";"947.3000000000001";"3880";"";"-22.82210350036621";"-47.06563949584961";"608.2";"-99";"10.5";"14835";"1778774636821"
"785";"2026-05-14 13:04:56";"34.49";"42.5";"947.3000000000001";"3920";"";"-22.822101593017578";"-47.06564712524414";"608.2";"-98";"11";"14836";"1778774696826"
"786";"2026-05-14 13:05:56";"34.57";"42.5";"947.3000000000001";"3920";"";"-22.822105407714844";"-47.065673828125";"607.5";"-97";"11";"14837";"1778774756816"
"787";"2026-05-14 13:06:56";"34.81";"42";"947.26";"3900";"";"-22.822118759155273";"-47.065696716308594";"605";"-97";"11.300000190734863";"14838";"1778774816822"
"788";"2026-05-14 13:07:56";"35.05";"41.5";"947.2";"3920";"";"-22.822107315063477";"-47.065673828125";"608.9";"-97";"11.5";"14839";"1778774876811"
"789";"2026-05-14 13:08:56";"35.31";"41";"947.1800000000001";"3920";"";"-22.82213020324707";"-47.0656623840332";"610.7";"-100";"9.800000190734863";"14840";"1778774936817"
"790";"2026-05-14 13:09:56";"35.63";"40.5";"947.16";"3960";"";"-22.822101593017578";"-47.065696716308594";"610.5";"-97";"9.800000190734863";"14841";"1778774996824"
"791";"2026-05-14 13:10:56";"35.98";"40";"947.1";"3920";"";"-22.822111129760742";"-47.06570053100586";"617.2";"-92";"12.300000190734863";"14842";"1778775056823"
"792";"2026-05-14 13:11:56";"36.13";"40";"947.08";"3940";"";"-22.822120666503906";"-47.06570053100586";"612";"-97";"11.5";"14843";"1778775116819"
"793";"2026-05-14 13:12:56";"36.3";"39.5";"947.08";"3940";"";"-22.822128295898438";"-47.06569290161133";"607.9";"-95";"12.300000190734863";"14844";"1778775176814"
"794";"2026-05-14 13:13:56";"36.4";"39.5";"947.0600000000001";"3960";"";"-22.822114944458008";"-47.06571578979492";"610.2";"-96";"12.5";"14845";"1778775236825"
"795";"2026-05-14 13:14:56";"36.59";"39.5";"947.02";"3960";"";"-22.82213020324707";"-47.06569290161133";"619.4000000000001";"-98";"10.5";"14846";"1778775296830"
"796";"2026-05-14 13:15:56";"36.79";"39";"947";"3960";"";"-22.822124481201172";"-47.065673828125";"615.9000000000001";"-95";"11";"14847";"1778775356822"
"797";"2026-05-14 13:16:56";"36.92";"39";"947.02";"3940";"";"-22.822132110595703";"-47.06568145751953";"610.4";"-93";"12.800000190734863";"14848";"1778775416819"
"798";"2026-05-14 13:17:56";"36.93";"39";"946.98";"3980";"";"-22.822158813476562";"-47.065673828125";"605.7";"-96";"12.300000190734863";"14849";"1778775476791"
"799";"2026-05-14 13:18:56";"36.83";"39";"946.98";"3960";"";"-22.822154998779297";"-47.065670013427734";"602";"-96";"12.5";"14850";"1778775536792"
"800";"2026-05-14 13:19:56";"36.69";"39.5";"946.94";"3940";"";"-22.822139739990234";"-47.06565856933594";"604.9";"-96";"11.5";"14851";"1778775596831"
"801";"2026-05-14 13:20:56";"36.66";"40";"946.94";"3960";"";"-22.822147369384766";"-47.06564712524414";"610.5";"-96";"11";"14852";"1778775656823"
"802";"2026-05-14 13:21:56";"36.72";"40";"946.94";"3920";"";"-22.8221435546875";"-47.06564712524414";"615.2";"-97";"10.300000190734863";"14853";"1778775716794"
"803";"2026-05-14 13:22:56";"36.85";"39.5";"946.96";"3960";"";"-22.822162628173828";"-47.065635681152344";"618.5";"-88";"12.5";"14854";"1778775776816"
"804";"2026-05-14 13:23:56";"36.81";"40";"946.9200000000001";"3960";"";"-22.822160720825195";"-47.06563186645508";"619";"-88";"12.800000190734863";"14855";"1778775836787"
"805";"2026-05-14 13:24:56";"36.72";"40";"946.9";"3960";"";"-22.8221378326416";"-47.065635681152344";"618.2";"-90";"13.300000190734863";"14856";"1778775896811"
"806";"2026-05-14 13:25:56";"36.49";"40.5";"946.88";"3940";"";"-22.82213020324707";"-47.06565475463867";"611.2";"-92";"13";"14857";"1778775956815"
"807";"2026-05-14 13:26:56";"36.32";"41";"946.9";"3940";"";"-22.82215118408203";"-47.06562805175781";"610";"-99";"10.5";"14858";"1778776016819"
"808";"2026-05-14 13:27:56";"36.39";"41";"946.88";"3960";"";"-22.8221435546875";"-47.065673828125";"611.9";"-98";"11";"14859";"1778776076812"
"809";"2026-05-14 13:28:56";"36.55";"40.5";"946.84";"3980";"";"-22.822147369384766";"-47.065650939941406";"610.2";"-99";"11";"14860";"1778776136816"
"810";"2026-05-14 13:29:56";"36.51";"40.5";"946.88";"3980";"";"-22.822160720825195";"-47.0656623840332";"610.2";"-86";"13.5";"14861";"1778776196817"
"811";"2026-05-14 13:30:56";"36.26";"41";"946.86";"3960";"";"-22.822206497192383";"-47.065677642822266";"612.2";"-87";"13.300000190734863";"14862";"1778776256817"
"812";"2026-05-14 13:31:56";"36.06";"41.5";"946.9";"3940";"";"-22.822168350219727";"-47.06568908691406";"609.7";"-90";"13.300000190734863";"14863";"1778776316816"
"813";"2026-05-14 13:32:56";"36.03";"41.5";"946.9";"3940";"";"-22.822168350219727";"-47.06566619873047";"605";"-88";"12.5";"14864";"1778776376822"
"814";"2026-05-14 13:33:56";"36.02";"41.5";"946.86";"3960";"";"-22.822120666503906";"-47.0656623840332";"609.2";"-88";"12.800000190734863";"14865";"1778776436811"
"815";"2026-05-14 13:34:56";"35.9";"42";"946.88";"3940";"";"-22.822124481201172";"-47.06565856933594";"616";"-86";"13.800000190734863";"14866";"1778776496828"
"816";"2026-05-14 13:35:56";"35.9";"42";"946.86";"3980";"";"-22.8221492767334";"-47.06563949584961";"616.9000000000001";"-88";"13.300000190734863";"14867";"1778776556828"
"817";"2026-05-14 13:36:56";"35.83";"42";"946.88";"3920";"";"-22.82218360900879";"-47.065643310546875";"617";"-89";"13.300000190734863";"14868";"1778776616818"
"818";"2026-05-14 13:37:56";"35.9";"42";"946.88";"3940";"";"-22.822132110595703";"-47.06562805175781";"621.2";"-89";"13.5";"14869";"1778776676815"
"819";"2026-05-14 13:38:56";"35.89";"42";"946.8000000000001";"3980";"";"-22.822147369384766";"-47.06563949584961";"616.2";"-97";"11.300000190734863";"14870";"1778776736824"
"820";"2026-05-14 13:39:56";"35.87";"42";"946.86";"3960";"";"-22.82217025756836";"-47.06564712524414";"615.5";"-90";"13";"14871";"1778776796816"
"821";"2026-05-14 13:40:56";"35.95";"42";"946.82";"3960";"";"-22.82215690612793";"-47.06565856933594";"612.9";"-87";"12.800000190734863";"14872";"1778776856814"
"822";"2026-05-14 13:41:56";"35.88";"42";"946.78";"3960";"";"-22.822141647338867";"-47.06566619873047";"613.2";"-95";"12";"14873";"1778776916820"
"823";"2026-05-14 13:42:56";"35.79";"42";"946.76";"3960";"";"-22.822166442871094";"-47.06563949584961";"615.7";"-93";"12.5";"14874";"1778776976816"
"824";"2026-05-14 13:43:56";"35.87";"42";"946.74";"3960";"";"-22.822162628173828";"-47.06562805175781";"617.9000000000001";"-88";"13.300000190734863";"14875";"1778777036816"
"825";"2026-05-14 13:44:56";"35.97";"42";"946.7";"3940";"";"-22.822147369384766";"-47.06565856933594";"604.7";"-92";"12.800000190734863";"14876";"1778777096820"
"826";"2026-05-14 13:45:56";"35.88";"42";"946.72";"3960";"";"-22.822153091430664";"-47.06563186645508";"609";"-89";"13.300000190734863";"14877";"1778777156822"
"827";"2026-05-14 13:46:56";"35.77";"42";"946.72";"3980";"";"-22.822141647338867";"-47.06561279296875";"605.7";"-92";"12.5";"14878";"1778777216821"
"828";"2026-05-14 13:47:56";"35.82";"42";"946.72";"3940";"";"-22.822126388549805";"-47.06563186645508";"607.5";"-101";"9.5";"14879";"1778777276819"
"829";"2026-05-14 13:48:56";"35.81";"42";"946.72";"3940";"";"-22.8221435546875";"-47.06562805175781";"601.4";"-94";"12.5";"14880";"1778777336818"
"830";"2026-05-14 13:49:56";"35.77";"42.5";"946.6800000000001";"3980";"";"-22.822145462036133";"-47.06562042236328";"606.7";"-107";"5";"14881";"1778777396817"
"831";"2026-05-14 13:50:56";"35.69";"42.5";"946.62";"3940";"";"-22.822132110595703";"-47.06561279296875";"613.5";"-92";"12.800000190734863";"14882";"1778777456810"
"832";"2026-05-14 13:51:56";"35.7";"42.5";"946.64";"3920";"";"-22.822111129760742";"-47.06563186645508";"616.4000000000001";"-94";"12.5";"14883";"1778777516813"
"833";"2026-05-14 13:52:56";"35.72";"42.5";"946.66";"3980";"";"-22.822114944458008";"-47.06562042236328";"617";"-97";"11.5";"14884";"1778777576817"
"834";"2026-05-14 13:53:56";"35.79";"42";"946.62";"3980";"";"-22.822124481201172";"-47.06562423706055";"613.5";"-88";"12.800000190734863";"14885";"1778777636802"
"835";"2026-05-14 13:54:56";"35.58";"42.5";"946.64";"3940";"";"-22.82213592529297";"-47.06563949584961";"620.2";"-89";"13.5";"14886";"1778777696821"
"836";"2026-05-14 13:55:56";"35.36";"43";"946.6800000000001";"3860";"";"-22.822141647338867";"-47.06562805175781";"610.7";"-90";"12.800000190734863";"14887";"1778777756836"
"837";"2026-05-14 13:56:56";"35.18";"43.5";"946.66";"3880";"";"-22.822124481201172";"-47.065635681152344";"609";"-112";"-1.5";"14888";"1778777816823"
"838";"2026-05-14 13:57:56";"34.93";"43.5";"946.6800000000001";"3880";"";"-22.822126388549805";"-47.065670013427734";"604.4";"-90";"13.300000190734863";"14889";"1778777876818"
"839";"2026-05-14 13:58:56";"34.78";"44";"946.66";"3860";"";"-22.822132110595703";"-47.065650939941406";"608.5";"-92";"13";"14890";"1778777936825"
"840";"2026-05-14 13:59:56";"34.76";"44";"946.66";"3920";"";"-22.822114944458008";"-47.065650939941406";"610.4";"-94";"12";"14891";"1778777996825"
"841";"2026-05-14 14:00:56";"34.65";"44";"946.62";"3920";"";"-22.822147369384766";"-47.06565475463867";"598";"-93";"12.800000190734863";"14892";"1778778056819"
"842";"2026-05-14 14:01:56";"34.49";"44";"946.62";"3900";"";"-22.8221378326416";"-47.06562805175781";"602.2";"-89";"13.5";"14893";"1778778116828"
"843";"2026-05-14 14:02:56";"34.45";"44";"946.64";"3920";"";"-22.82213592529297";"-47.06562805175781";"612.2";"-91";"13.300000190734863";"14894";"1778778176822"
"844";"2026-05-14 14:03:56";"34.29";"44.5";"946.6";"3840";"";"-22.822118759155273";"-47.065650939941406";"619.7";"-91";"13";"14895";"1778778236820"
"845";"2026-05-14 14:04:56";"34.05";"44.5";"946.6";"3860";"";"-22.822114944458008";"-47.06564712524414";"619";"-93";"12.5";"14896";"1778778296825"
"846";"2026-05-14 14:05:56";"33.87";"45";"946.6";"3860";"";"-22.822111129760742";"-47.06565856933594";"620.4000000000001";"-92";"13";"14897";"1778778356819"
"847";"2026-05-14 14:06:56";"33.78";"45";"946.64";"3900";"";"-22.822105407714844";"-47.06565856933594";"618.7";"-90";"12.800000190734863";"14898";"1778778416834"
"848";"2026-05-14 14:07:56";"33.69";"45";"946.66";"3900";"";"-22.822118759155273";"-47.06563949584961";"616.5";"-90";"13.300000190734863";"14899";"1778778476823"
"849";"2026-05-14 14:08:56";"33.66";"45";"946.62";"3920";"";"-22.822124481201172";"-47.06564712524414";"613.5";"-91";"12.5";"14900";"1778778536829"
"850";"2026-05-14 14:09:56";"33.7";"45";"946.6";"3900";"";"-22.822126388549805";"-47.06563186645508";"614.2";"-96";"12.5";"14901";"1778778596826"
"851";"2026-05-14 14:10:56";"33.69";"45";"946.58";"3900";"";"-22.82212257385254";"-47.065635681152344";"615";"-92";"13";"14902";"1778778656818"
"852";"2026-05-14 14:11:56";"33.73";"45";"946.58";"3880";"";"-22.822141647338867";"-47.06565856933594";"611";"-96";"11.5";"14903";"1778778716824"
"853";"2026-05-14 14:12:56";"33.68";"45";"946.5600000000001";"3840";"";"-22.822113037109375";"-47.0656852722168";"610.5";"-103";"7.5";"14904";"1778778776821"
"854";"2026-05-14 14:13:56";"33.6";"45";"946.52";"3860";"";"-22.82211685180664";"-47.06568145751953";"608.2";"-99";"10.300000190734863";"14905";"1778778836814"
"855";"2026-05-14 14:14:56";"33.6";"45";"946.54";"3900";"";"-22.82211685180664";"-47.06564712524414";"611.7";"-95";"11.800000190734863";"14906";"1778778896818"
"856";"2026-05-14 14:15:56";"33.63";"44.5";"946.54";"3880";"";"-22.822093963623047";"-47.065635681152344";"614.7";"-92";"12.800000190734863";"14907";"1778778956819"
"857";"2026-05-14 14:16:56";"33.6";"44.5";"946.54";"3920";"";"-22.82211685180664";"-47.065635681152344";"610.5";"-88";"13.800000190734863";"14908";"1778779016816"
"858";"2026-05-14 14:17:56";"33.61";"44.5";"946.52";"3980";"";"-22.822128295898438";"-47.06562805175781";"613.2";"-87";"13";"14909";"1778779076819"
"859";"2026-05-14 14:18:56";"33.61";"44.5";"946.44";"3960";"";"-22.822153091430664";"-47.06563186645508";"613.7";"-100";"9";"14910";"1778779136815"
"860";"2026-05-14 14:19:56";"33.4";"45";"946.48";"3880";"";"-22.82212257385254";"-47.06565856933594";"616.9000000000001";"-89";"13.5";"14911";"1778779196818"
"861";"2026-05-14 14:20:56";"33.35";"45";"946.44";"3920";"";"-22.822093963623047";"-47.06566619873047";"617.7";"-87";"13.5";"14912";"1778779256829"
"862";"2026-05-14 14:21:56";"33.36";"45";"946.48";"3920";"";"-22.822128295898438";"-47.065650939941406";"610";"-88";"13.5";"14913";"1778779316811"
"863";"2026-05-14 14:22:56";"33.45";"44.5";"946.48";"3960";"";"-22.822139739990234";"-47.06563949584961";"614.5";"-93";"12.5";"14914";"1778779376813"
"864";"2026-05-14 14:23:56";"33.62";"44.5";"946.5";"3940";"";"-22.822134017944336";"-47.065643310546875";"612";"-88";"13.800000190734863";"14915";"1778779436820"
"865";"2026-05-14 14:24:56";"33.77";"44";"946.44";"3960";"";"-22.822113037109375";"-47.06566619873047";"608";"-91";"12";"14916";"1778779496820"
"866";"2026-05-14 14:25:56";"33.79";"44";"946.44";"3940";"";"-22.822118759155273";"-47.065650939941406";"616";"-87";"13";"14917";"1778779556782"
"867";"2026-05-14 14:26:56";"33.81";"44";"946.48";"3940";"";"-22.822124481201172";"-47.06563949584961";"611.5";"-89";"13";"14918";"1778779616813"
"868";"2026-05-14 14:27:56";"33.94";"44";"946.46";"3940";"";"-22.822145462036133";"-47.06563949584961";"610.5";"-96";"11.5";"14919";"1778779676826"
"869";"2026-05-14 14:28:56";"34.09";"43.5";"946.38";"3940";"";"-22.82213592529297";"-47.06565856933594";"612.4";"-98";"11.300000190734863";"14920";"1778779736809"
"870";"2026-05-14 14:29:56";"34.32";"43";"946.4200000000001";"3940";"";"-22.822141647338867";"-47.06565856933594";"611.7";"-99";"10";"14921";"1778779796826"
"871";"2026-05-14 14:30:56";"34.49";"43";"946.4200000000001";"3940";"";"-22.822162628173828";"-47.06565475463867";"612.7";"-100";"9.800000190734863";"14922";"1778779856822"
"872";"2026-05-14 14:31:56";"34.49";"43";"946.4200000000001";"3980";"";"-22.822162628173828";"-47.06563949584961";"617.5";"-91";"13";"14923";"1778779916815"
"873";"2026-05-14 14:32:56";"34.56";"43";"946.46";"3960";"";"-22.822153091430664";"-47.065643310546875";"610.7";"-96";"11.5";"14924";"1778779976813"
"874";"2026-05-14 14:33:56";"34.6";"43";"946.48";"3960";"";"-22.82215118408203";"-47.06562423706055";"604.2";"-99";"9.5";"14925";"1778780036822"
"875";"2026-05-14 14:34:56";"34.44";"43";"946.48";"3980";"";"-22.8221492767334";"-47.065635681152344";"616.2";"-94";"12.300000190734863";"14926";"1778780096828"
"876";"2026-05-14 14:35:56";"34.25";"43.5";"946.46";"3940";"";"-22.82215690612793";"-47.06565475463867";"612.5";"-93";"12";"14927";"1778780156823"
"877";"2026-05-14 14:36:56";"34.05";"44";"946.48";"3940";"";"-22.82216453552246";"-47.06563949584961";"617.5";"-89";"13";"14928";"1778780216829"
"878";"2026-05-14 14:37:56";"33.79";"44.5";"946.54";"3920";"";"-22.822160720825195";"-47.065635681152344";"624";"-85";"13.5";"14929";"1778780276821"
"879";"2026-05-14 14:38:56";"33.56";"45";"946.54";"3960";"";"-22.82210922241211";"-47.0656623840332";"618.2";"-84";"13.800000190734863";"14930";"1778780336827"
"880";"2026-05-14 14:39:56";"33.42";"45";"946.5";"3940";"";"-22.822162628173828";"-47.065650939941406";"619.4000000000001";"-89";"13.5";"14931";"1778780396822"
"881";"2026-05-14 14:40:56";"33.36";"45";"946.52";"3940";"";"-22.822168350219727";"-47.065650939941406";"620";"-87";"12.800000190734863";"14932";"1778780456832"
"882";"2026-05-14 14:41:56";"33.31";"45";"946.46";"3980";"";"-22.822126388549805";"-47.065670013427734";"616.5";"-93";"12.300000190734863";"14933";"1778780516823"
"883";"2026-05-14 14:42:56";"33.26";"45.5";"946.4200000000001";"3960";"";"-22.822059631347656";"-47.065677642822266";"613.5";"-93";"12.800000190734863";"14934";"1778780576816"
"884";"2026-05-14 14:43:56";"33.15";"45.5";"946.4200000000001";"4000";"";"-22.822114944458008";"-47.06562805175781";"617.2";"-86";"13.5";"14935";"1778780636822"
"885";"2026-05-14 14:44:56";"33.18";"45.5";"946.4200000000001";"3960";"";"-22.822134017944336";"-47.065635681152344";"623.7";"-91";"12.800000190734863";"14936";"1778780696834"
"886";"2026-05-14 14:45:56";"33.22";"45";"946.4";"3980";"";"-22.822118759155273";"-47.06563949584961";"630.2";"-101";"9";"14937";"1778780756828"
"887";"2026-05-14 14:46:56";"33.18";"45";"946.38";"3900";"";"-22.82210350036621";"-47.06565475463867";"635.2";"-88";"12.800000190734863";"14938";"1778780816792"
"888";"2026-05-14 14:47:56";"32.99";"45.5";"946.38";"3880";"";"-22.822154998779297";"-47.06565856933594";"618.7";"-91";"13.300000190734863";"14939";"1778780876828"
"889";"2026-05-14 14:48:56";"32.89";"45.5";"946.4200000000001";"3940";"";"-22.822147369384766";"-47.06564712524414";"614.2";"-91";"13.300000190734863";"14940";"1778780936803"
"890";"2026-05-14 14:49:56";"32.78";"45.5";"946.4";"3920";"";"-22.82213020324707";"-47.065677642822266";"616.5";"-93";"12.5";"14941";"1778780996822"
"891";"2026-05-14 14:50:56";"32.63";"46";"946.4";"3920";"";"-22.822120666503906";"-47.06568145751953";"622";"-93";"12";"14942";"1778781056837"
"892";"2026-05-14 14:51:56";"32.54";"46";"946.4";"3940";"";"-22.8221492767334";"-47.06568908691406";"616.7";"-91";"13";"14943";"1778781116837"
"893";"2026-05-14 14:52:56";"32.53";"46";"946.4";"3940";"";"-22.82215118408203";"-47.06570053100586";"618.2";"-95";"11.800000190734863";"14944";"1778781176823"
"894";"2026-05-14 14:53:56";"32.59";"45.5";"946.4";"3960";"";"-22.822147369384766";"-47.06565475463867";"612";"-93";"12.300000190734863";"14945";"1778781236832"
"895";"2026-05-14 14:54:56";"32.59";"45.5";"946.38";"3960";"";"-22.822105407714844";"-47.065643310546875";"617.9000000000001";"-98";"10.800000190734863";"14946";"1778781296830"
"896";"2026-05-14 14:55:56";"32.57";"45.5";"946.38";"3960";"";"-22.822101593017578";"-47.0656623840332";"616.4000000000001";"-92";"12.800000190734863";"14947";"1778781356830"
"897";"2026-05-14 14:56:56";"32.61";"45.5";"946.36";"3980";"";"-22.822092056274414";"-47.065670013427734";"618.7";"-96";"11.300000190734863";"14948";"1778781416834"
"898";"2026-05-14 14:57:56";"32.63";"45.5";"946.34";"3960";"";"-22.82211685180664";"-47.0656623840332";"615.7";"-102";"8.300000190734863";"14949";"1778781476836"
"899";"2026-05-14 14:58:56";"32.71";"45.5";"946.38";"3960";"";"-22.8221435546875";"-47.0656623840332";"615.5";"-100";"9.800000190734863";"14950";"1778781536828"
"900";"2026-05-14 14:59:56";"32.8";"45";"946.36";"3960";"";"-22.822078704833984";"-47.06564712524414";"623.2";"-93";"12.5";"14951";"1778781596827"
"901";"2026-05-14 15:00:56";"32.87";"45";"946.3000000000001";"3980";"";"-22.82209014892578";"-47.06563186645508";"618.7";"-93";"12.5";"14952";"1778781656823"
"902";"2026-05-14 15:01:56";"32.83";"45";"946.32";"3980";"";"-22.822093963623047";"-47.065643310546875";"621.5";"-96";"11.300000190734863";"14953";"1778781716831"
"903";"2026-05-14 15:02:56";"32.85";"45";"946.34";"4000";"";"-22.82205581665039";"-47.06565475463867";"629.4000000000001";"-91";"13.300000190734863";"14954";"1778781776791"
"904";"2026-05-14 15:03:56";"32.78";"45";"946.32";"3940";"";"-22.822105407714844";"-47.06564712524414";"621";"-96";"11.5";"14955";"1778781836828"
"905";"2026-05-14 15:04:56";"32.68";"45";"946.36";"3980";"";"-22.822114944458008";"-47.065643310546875";"615.5";"-91";"12.5";"14956";"1778781896829"
"906";"2026-05-14 15:05:56";"32.55";"45.5";"946.36";"3960";"";"-22.82210350036621";"-47.06563186645508";"614.4000000000001";"-94";"11.800000190734863";"14957";"1778781956828"
"907";"2026-05-14 15:06:56";"32.47";"45.5";"946.38";"3960";"";"-22.822139739990234";"-47.06562805175781";"611.9";"-96";"10.300000190734863";"14958";"1778782016823"
"908";"2026-05-14 15:07:56";"32.43";"45.5";"946.38";"3960";"";"-22.82213592529297";"-47.065643310546875";"615";"-88";"13.5";"14959";"1778782076788"
"909";"2026-05-14 15:08:56";"32.37";"45.5";"946.32";"3960";"";"-22.822147369384766";"-47.06562805175781";"613.7";"-91";"13";"14960";"1778782136817"
"910";"2026-05-14 15:09:56";"32.37";"45.5";"946.34";"3980";"";"-22.822132110595703";"-47.065643310546875";"622.7";"-96";"10.800000190734863";"14961";"1778782196820"
"911";"2026-05-14 15:10:56";"32.4";"45.5";"946.3000000000001";"3980";"";"-22.82215118408203";"-47.06564712524414";"618.2";"-100";"9.300000190734863";"14962";"1778782256818"
"912";"2026-05-14 15:11:56";"32.43";"45.5";"946.3000000000001";"3940";"";"-22.82212257385254";"-47.06564712524414";"606.7";"-89";"13.800000190734863";"14963";"1778782316825"
"913";"2026-05-14 15:12:56";"32.39";"45.5";"946.32";"4000";"";"-22.8221435546875";"-47.06565475463867";"615.4000000000001";"-89";"13.300000190734863";"14964";"1778782376822"
"914";"2026-05-14 15:13:56";"32.35";"45.5";"946.32";"3960";"";"-22.82216453552246";"-47.06565856933594";"616.7";"-94";"12.300000190734863";"14965";"1778782436827"
"915";"2026-05-14 15:14:56";"32.27";"45.5";"946.36";"3980";"";"-22.82218360900879";"-47.06566619873047";"611.4";"-88";"13.300000190734863";"14966";"1778782496819"
"916";"2026-05-14 15:15:56";"32.23";"45.5";"946.36";"4000";"";"-22.822147369384766";"-47.0656623840332";"612";"-89";"13.5";"14967";"1778782556820"
"917";"2026-05-14 15:16:56";"32.15";"46";"946.34";"3960";"";"-22.822168350219727";"-47.06564712524414";"614.5";"-88";"13.5";"14968";"1778782616832"
"918";"2026-05-14 15:17:56";"32.13";"45.5";"946.38";"3980";"";"-22.822126388549805";"-47.065650939941406";"617.7";"-94";"12.300000190734863";"14969";"1778782676824"
"919";"2026-05-14 15:18:56";"32.15";"45.5";"946.36";"3980";"";"-22.822168350219727";"-47.0656623840332";"607.7";"-93";"12.5";"14970";"1778782736830"
"920";"2026-05-14 15:19:56";"32.14";"45.5";"946.36";"3960";"";"-22.82215690612793";"-47.065673828125";"607.9";"-94";"12.300000190734863";"14971";"1778782796828"
"921";"2026-05-14 15:20:56";"32.13";"45.5";"946.36";"4000";"";"-22.82218360900879";"-47.06568145751953";"607.5";"-93";"12.300000190734863";"14972";"1778782856831"
"922";"2026-05-14 15:21:56";"31.98";"46";"946.34";"3980";"";"-22.822128295898438";"-47.065643310546875";"615.2";"-91";"13";"14973";"1778782916828"
"923";"2026-05-14 15:22:56";"31.91";"46";"946.36";"3920";"";"-22.82215690612793";"-47.06563949584961";"617.7";"-89";"13";"14974";"1778782976817"
"924";"2026-05-14 15:23:56";"31.78";"46";"946.34";"3940";"";"-22.822174072265625";"-47.06564712524414";"620.9000000000001";"-88";"13.300000190734863";"14975";"1778783036823"
"925";"2026-05-14 15:24:56";"31.61";"46.5";"946.36";"3940";"";"-22.822160720825195";"-47.06563949584961";"615.5";"-88";"13";"14976";"1778783096823"
"926";"2026-05-14 15:25:56";"31.55";"46.5";"946.4200000000001";"3960";"";"-22.82220458984375";"-47.06565856933594";"612.5";"-88";"13";"14977";"1778783156826"
"927";"2026-05-14 15:26:56";"31.51";"46.5";"946.44";"3960";"";"-22.822158813476562";"-47.065643310546875";"612";"-94";"12.300000190734863";"14978";"1778783216792"
"928";"2026-05-14 15:27:56";"31.48";"46.5";"946.5";"3940";"";"-22.822154998779297";"-47.065635681152344";"614.2";"-96";"11.300000190734863";"14979";"1778783276819"
"929";"2026-05-14 15:28:56";"31.44";"46.5";"946.48";"3980";"";"-22.822134017944336";"-47.065635681152344";"615.5";"-88";"13.800000190734863";"14980";"1778783336823"
"930";"2026-05-14 15:29:56";"31.4";"46.5";"946.5";"3960";"";"-22.82219696044922";"-47.065673828125";"615.5";"-95";"11.800000190734863";"14981";"1778783396829"
"931";"2026-05-14 15:30:56";"31.35";"46.5";"946.46";"3980";"";"-22.822179794311523";"-47.0656852722168";"613.7";"-100";"9.5";"14982";"1778783456826"
"932";"2026-05-14 15:31:56";"31.24";"46.5";"946.44";"3960";"";"-22.822175979614258";"-47.065677642822266";"607.9";"-100";"9.5";"14983";"1778783516818"
"933";"2026-05-14 15:32:56";"31.2";"46.5";"946.46";"3920";"";"-22.822153091430664";"-47.065670013427734";"608.2";"-93";"12.300000190734863";"14984";"1778783576833"
"934";"2026-05-14 15:33:56";"31.17";"46.5";"946.46";"3960";"";"-22.822128295898438";"-47.0656623840332";"607.9";"-100";"9.5";"14985";"1778783636826"
"935";"2026-05-14 15:34:56";"31.17";"46.5";"946.46";"3960";"";"-22.8221492767334";"-47.065650939941406";"612.4";"-92";"12.300000190734863";"14986";"1778783696818"
"936";"2026-05-14 15:35:56";"31.14";"46.5";"946.44";"3960";"";"-22.822172164916992";"-47.06565856933594";"613.4";"-88";"13.5";"14987";"1778783756851"
"937";"2026-05-14 15:36:56";"31.09";"46.5";"946.48";"3960";"";"-22.8221378326416";"-47.06565475463867";"607.5";"-89";"13.300000190734863";"14988";"1778783816821"
"938";"2026-05-14 15:37:56";"31.04";"46.5";"946.48";"3960";"";"-22.822154998779297";"-47.06566619873047";"609.5";"-89";"13.5";"14989";"1778783876826"
"939";"2026-05-14 15:38:56";"31";"46.5";"946.44";"3960";"";"-22.82217788696289";"-47.06565856933594";"609.7";"-92";"13.300000190734863";"14990";"1778783936819"
"940";"2026-05-14 15:39:56";"30.95";"46.5";"946.44";"3940";"";"-22.822145462036133";"-47.06565475463867";"614.7";"-99";"10";"14991";"1778783996825"
"941";"2026-05-14 15:40:56";"30.88";"46.5";"946.44";"3940";"";"-22.822097778320312";"-47.06565475463867";"605.5";"-90";"12.800000190734863";"14992";"1778784056820"
"942";"2026-05-14 15:41:56";"30.79";"47";"946.4";"3940";"";"-22.822099685668945";"-47.06565475463867";"608.2";"-99";"10";"14993";"1778784116818"
"943";"2026-05-14 15:42:56";"30.68";"47";"946.4";"3940";"";"-22.82216453552246";"-47.065677642822266";"602.4";"-105";"5.5";"14994";"1778784176846"
"944";"2026-05-14 15:43:56";"30.55";"47";"946.4200000000001";"3900";"";"-22.82213592529297";"-47.06565856933594";"607.7";"-95";"11.300000190734863";"14995";"1778784236826"
"945";"2026-05-14 15:44:56";"30.44";"47.5";"946.44";"3940";"";"-22.822139739990234";"-47.06563186645508";"606.4";"-88";"12.300000190734863";"14996";"1778784296827"
"946";"2026-05-14 15:45:56";"30.37";"47.5";"946.46";"3940";"";"-22.822174072265625";"-47.065635681152344";"610.5";"-91";"12.5";"14997";"1778784356822"
"947";"2026-05-14 15:46:56";"30.33";"47.5";"946.46";"3900";"";"-22.822099685668945";"-47.06563949584961";"608.2";"-89";"12.800000190734863";"14998";"1778784416831"
"948";"2026-05-14 15:47:56";"30.26";"47.5";"946.44";"3920";"";"-22.822132110595703";"-47.065643310546875";"608.7";"-91";"13";"14999";"1778784476813"
"949";"2026-05-14 15:48:56";"30.24";"47.5";"946.44";"3900";"";"-22.822141647338867";"-47.06563949584961";"606";"-96";"11.800000190734863";"15000";"1778784536820"
"950";"2026-05-14 15:49:56";"30.25";"47.5";"946.44";"3940";"";"-22.822126388549805";"-47.06566619873047";"609.2";"-97";"10.800000190734863";"15001";"1778784596818"
"951";"2026-05-14 15:50:56";"30.23";"47.5";"946.44";"3940";"";"-22.822162628173828";"-47.06565856933594";"610.5";"-99";"10";"15002";"1778784656826"
"952";"2026-05-14 15:51:56";"30.21";"47.5";"946.44";"3860";"";"-22.822111129760742";"-47.0656623840332";"613.2";"-90";"13";"15003";"1778784716812"
"953";"2026-05-14 15:52:56";"30.17";"47.5";"946.44";"3920";"";"-22.822093963623047";"-47.06565856933594";"611";"-98";"11";"15004";"1778784776827"
"954";"2026-05-14 15:53:56";"30.13";"47.5";"946.44";"3900";"";"-22.82210922241211";"-47.06565856933594";"614.2";"-95";"12";"15005";"1778784836790"
"955";"2026-05-14 15:54:56";"30.02";"47.5";"946.44";"3900";"";"-22.822132110595703";"-47.06565475463867";"616.4000000000001";"-100";"9.5";"15006";"1778784896820"
"956";"2026-05-14 15:55:56";"29.95";"47.5";"946.44";"3920";"";"-22.82211685180664";"-47.065650939941406";"612.2";"-101";"8.5";"15007";"1778784956832"
"957";"2026-05-14 15:56:56";"29.92";"47.5";"946.46";"3900";"";"-22.822124481201172";"-47.06565856933594";"614.2";"-95";"11.800000190734863";"15008";"1778785016817"
"958";"2026-05-14 15:57:56";"29.89";"47.5";"946.4200000000001";"3900";"";"-22.822097778320312";"-47.06564712524414";"605.9";"-101";"9";"15009";"1778785076829"
"959";"2026-05-14 15:58:56";"29.83";"47.5";"946.44";"3900";"";"-22.82211685180664";"-47.0656623840332";"611.7";"-96";"11.5";"15010";"1778785136817"
"960";"2026-05-14 15:59:56";"29.75";"47.5";"946.44";"3880";"";"-22.822101593017578";"-47.06565856933594";"621.2";"-97";"11";"15011";"1778785196825"
"961";"2026-05-14 16:00:56";"29.69";"47.5";"946.4";"3900";"";"-22.822113037109375";"-47.06562805175781";"615.4000000000001";"-94";"12.5";"15012";"1778785256822"
"962";"2026-05-14 16:01:56";"29.6";"47.5";"946.4";"3880";"";"-22.822124481201172";"-47.0656623840332";"612.5";"-98";"11.300000190734863";"15013";"1778785316823"
"963";"2026-05-14 16:02:56";"29.55";"48";"946.4";"3900";"";"-22.822078704833984";"-47.06564712524414";"617";"-95";"11.800000190734863";"15014";"1778785376823"
"964";"2026-05-14 16:03:56";"29.44";"48";"946.4200000000001";"3880";"";"-22.822093963623047";"-47.06562805175781";"613";"-94";"12.5";"15015";"1778785436819"
"965";"2026-05-14 16:04:56";"29.36";"48";"946.4200000000001";"3880";"";"-22.82210922241211";"-47.06565475463867";"618.4000000000001";"-92";"12.5";"15016";"1778785496852"
"966";"2026-05-14 16:05:56";"29.31";"48";"946.4";"3900";"";"-22.8221492767334";"-47.065635681152344";"609.4";"-93";"12";"15017";"1778785556818"
"967";"2026-05-14 16:06:56";"29.25";"48";"946.46";"3900";"";"-22.822120666503906";"-47.06563186645508";"605.5";"-93";"12.5";"15018";"1778785616819"
"968";"2026-05-14 16:07:56";"29.15";"48.5";"946.48";"3840";"";"-22.82212257385254";"-47.06563186645508";"608.9";"-97";"11.300000190734863";"15019";"1778785676813"
"969";"2026-05-14 16:08:56";"29.1";"48";"946.5";"3880";"";"-22.822134017944336";"-47.065635681152344";"603.2";"-97";"11.5";"15020";"1778785736812"
"970";"2026-05-14 16:09:56";"29.04";"48.5";"946.48";"3880";"";"-22.822141647338867";"-47.0656623840332";"608";"-94";"12.300000190734863";"15021";"1778785796798"
"971";"2026-05-14 16:10:56";"29.04";"48";"946.46";"3880";"";"-22.822101593017578";"-47.0656623840332";"604.4";"-98";"10.300000190734863";"15022";"1778785856818"
"972";"2026-05-14 16:11:56";"29.06";"48.5";"946.46";"3860";"";"-22.822113037109375";"-47.06565856933594";"608.4";"-99";"10";"15023";"1778785916818"
"973";"2026-05-14 16:12:56";"29.06";"48";"946.48";"3880";"";"-22.82213020324707";"-47.06564712524414";"611.2";"-92";"13.300000190734863";"15024";"1778785976821"
"974";"2026-05-14 16:13:56";"29.04";"48";"946.48";"3900";"";"-22.822120666503906";"-47.06565856933594";"614.5";"-94";"11.800000190734863";"15025";"1778786036811"
"975";"2026-05-14 16:14:56";"29.04";"48";"946.48";"3900";"";"-22.822118759155273";"-47.06565475463867";"606.5";"-94";"12.300000190734863";"15026";"1778786096811"
"976";"2026-05-14 16:15:56";"29.04";"48";"946.48";"3880";"";"-22.82210350036621";"-47.06568145751953";"609.9";"-99";"10";"15027";"1778786156814"
"977";"2026-05-14 16:16:56";"29.01";"48";"946.5";"3880";"";"-22.822105407714844";"-47.06565475463867";"612.4";"-98";"11.5";"15028";"1778786216816"
"978";"2026-05-14 16:17:56";"28.98";"48.5";"946.5600000000001";"3860";"";"-22.82211685180664";"-47.065650939941406";"608.7";"-102";"7.800000190734863";"15029";"1778786276821"
"979";"2026-05-14 16:18:56";"28.96";"48";"946.54";"3840";"";"-22.822107315063477";"-47.06563186645508";"612.9";"-96";"11.300000190734863";"15030";"1778786336816"
"980";"2026-05-14 16:19:56";"28.9";"48";"946.52";"3860";"";"-22.822107315063477";"-47.065635681152344";"605.9";"-98";"10.300000190734863";"15031";"1778786396831"
"981";"2026-05-14 16:20:56";"28.82";"48";"946.52";"3860";"";"-22.822114944458008";"-47.065635681152344";"610.2";"-98";"10.800000190734863";"15032";"1778786456782"
"982";"2026-05-14 16:21:56";"28.74";"48";"946.5";"3880";"";"-22.822128295898438";"-47.065650939941406";"604.9";"-101";"8.800000190734863";"15033";"1778786516780"
"983";"2026-05-14 16:22:56";"28.64";"48.5";"946.52";"3880";"";"-22.822134017944336";"-47.065673828125";"607.7";"-99";"9.5";"15034";"1778786576798"
"984";"2026-05-14 16:23:56";"28.56";"48.5";"946.52";"3860";"";"-22.822145462036133";"-47.06565856933594";"606.4";"-94";"12.300000190734863";"15035";"1778786636811"
"985";"2026-05-14 16:24:56";"28.5";"48.5";"946.48";"3880";"";"-22.82213592529297";"-47.06565475463867";"607.7";"-100";"8.800000190734863";"15036";"1778786696827"
"986";"2026-05-14 16:25:56";"28.47";"49";"946.5";"3860";"";"-22.82210922241211";"-47.065643310546875";"620.7";"-98";"11";"15037";"1778786756818"
"987";"2026-05-14 16:26:56";"28.4";"48.5";"946.46";"3860";"";"-22.822120666503906";"-47.065650939941406";"620.7";"-96";"11";"15038";"1778786816825"
"988";"2026-05-14 16:27:56";"28.32";"46.5";"946.52";"3840";"";"-22.822114944458008";"-47.065635681152344";"618.5";"-98";"10";"15039";"1778786876818"
"989";"2026-05-14 16:28:56";"28.28";"49";"946.52";"3860";"";"-22.822092056274414";"-47.06562423706055";"613";"-94";"12.300000190734863";"15040";"1778786936819"
"990";"2026-05-14 16:29:56";"28.25";"50";"946.52";"3840";"";"-22.822113037109375";"-47.065650939941406";"609.9";"-95";"11.800000190734863";"15041";"1778786996819"
"991";"2026-05-14 16:30:56";"28.2";"51";"946.48";"3860";"";"-22.82209587097168";"-47.065635681152344";"613";"-100";"9.800000190734863";"15042";"1778787056822"
"992";"2026-05-14 16:31:56";"28.12";"49";"946.48";"3840";"";"-22.822099685668945";"-47.06563949584961";"617.4000000000001";"-101";"8.5";"15043";"1778787116820"
"993";"2026-05-14 16:32:56";"28.07";"49";"946.5";"3840";"";"-22.822097778320312";"-47.065643310546875";"615";"-99";"10";"15044";"1778787176827"
"994";"2026-05-14 16:33:56";"28.03";"48";"946.44";"3860";"";"-22.822120666503906";"-47.065673828125";"611.5";"-100";"9";"15045";"1778787236820"
"995";"2026-05-14 16:34:56";"28";"50";"946.48";"3820";"";"-22.822101593017578";"-47.06563949584961";"619.4000000000001";"-104";"7.300000190734863";"15046";"1778787296817"
"996";"2026-05-14 16:35:56";"27.95";"50.5";"946.48";"3860";"";"-22.822105407714844";"-47.065635681152344";"606.2";"-100";"8";"15047";"1778787356827"
"997";"2026-05-14 16:36:56";"27.89";"48.5";"946.46";"3860";"";"-22.822107315063477";"-47.06560516357422";"609.5";"-101";"9";"15048";"1778787416822"
"998";"2026-05-14 16:37:56";"27.86";"47";"946.46";"3860";"";"-22.82212257385254";"-47.06562805175781";"617.9000000000001";"-98";"8.5";"15049";"1778787476831"
"999";"2026-05-14 16:38:56";"27.83";"48";"946.5";"3860";"";"-22.822134017944336";"-47.06562423706055";"621.2";"-100";"9.5";"15050";"1778787536811"
"1000";"2026-05-14 16:39:56";"27.79";"46.5";"946.52";"3840";"";"-22.822118759155273";"-47.06565475463867";"619.2";"-101";"8.300000190734863";"15051";"1778787596821"
"1001";"2026-05-14 16:40:56";"27.72";"49";"946.54";"3820";"";"-22.822114944458008";"-47.06564712524414";"617.5";"-95";"11.5";"15052";"1778787656810"
"1002";"2026-05-14 16:41:56";"27.65";"48.5";"946.5600000000001";"3820";"";"-22.82213020324707";"-47.065643310546875";"624.5";"-98";"10.5";"15053";"1778787716828"
"1003";"2026-05-14 16:42:56";"27.61";"48.5";"946.6";"3840";"";"-22.822147369384766";"-47.065650939941406";"624.5";"-101";"8.5";"15054";"1778787776821"
"1004";"2026-05-14 16:43:56";"27.56";"48.5";"946.5600000000001";"3800";"";"-22.822134017944336";"-47.06563186645508";"619.5";"-101";"8.5";"15055";"1778787836783"
"1005";"2026-05-14 16:44:56";"27.5";"49";"946.6";"3840";"";"-22.822139739990234";"-47.06565856933594";"609.2";"-98";"10.300000190734863";"15056";"1778787896811"
"1006";"2026-05-14 16:45:56";"27.43";"47.5";"946.58";"3800";"";"-22.822120666503906";"-47.065677642822266";"610.4";"-98";"8.800000190734863";"15057";"1778787956823"
"1007";"2026-05-14 16:46:56";"27.34";"48.5";"946.54";"3800";"";"-22.82213020324707";"-47.06566619873047";"634.2";"-100";"9.800000190734863";"15058";"1778788016829"
"1008";"2026-05-14 16:47:56";"27.28";"49.5";"946.5600000000001";"3800";"";"-22.822124481201172";"-47.065670013427734";"621.4000000000001";"-99";"10";"15059";"1778788076830"
"1009";"2026-05-14 16:48:56";"27.24";"49.5";"946.54";"3840";"";"-22.822118759155273";"-47.065670013427734";"612.9";"-100";"9.300000190734863";"15060";"1778788136830"
"1010";"2026-05-14 16:49:56";"27.19";"49";"946.5600000000001";"3820";"";"-22.82210350036621";"-47.065635681152344";"619.7";"-100";"9.300000190734863";"15061";"1778788196823"
"1011";"2026-05-14 16:50:56";"27.11";"49.5";"946.5600000000001";"3800";"";"-22.82210350036621";"-47.065635681152344";"619.2";"-98";"10.300000190734863";"15062";"1778788256821"
"1012";"2026-05-14 16:51:56";"27.04";"49.5";"946.58";"3800";"";"-22.82213592529297";"-47.065650939941406";"611.5";"-98";"11";"15063";"1778788316819"
"1013";"2026-05-14 16:52:56";"26.98";"49.5";"946.66";"3800";"";"-22.822124481201172";"-47.06566619873047";"619.7";"-100";"9.800000190734863";"15064";"1778788376824"
"1014";"2026-05-14 16:53:55";"26.89";"50";"946.62";"3780";"";"-22.822154998779297";"-47.06568145751953";"612.5";"-100";"9.5";"15065";"1778788435839"
"1015";"2026-05-14 16:54:56";"26.82";"50";"946.62";"3800";"";"-22.822206497192383";"-47.065704345703125";"604.2";"-97";"11.300000190734863";"15066";"1778788496820"
"1016";"2026-05-14 16:55:56";"26.76";"50";"946.62";"3820";"";"-22.822172164916992";"-47.06566619873047";"608.5";"-100";"9.800000190734863";"15067";"1778788556825"
"1017";"2026-05-14 16:56:56";"26.74";"50";"946.62";"3780";"";"-22.8221492767334";"-47.065650939941406";"601.2";"-99";"6.800000190734863";"15068";"1778788616798"
"1018";"2026-05-14 16:57:56";"26.7";"50";"946.64";"3800";"";"-22.822139739990234";"-47.06565856933594";"607.2";"-99";"9.800000190734863";"15069";"1778788676831"
"1019";"2026-05-14 16:58:56";"26.67";"50";"946.66";"3820";"";"-22.822166442871094";"-47.065650939941406";"612.7";"-92";"12.300000190734863";"15070";"1778788736820"
"1020";"2026-05-14 16:59:56";"26.6";"50";"946.7";"3820";"";"-22.822147369384766";"-47.06565856933594";"610";"-97";"10.800000190734863";"15071";"1778788796825"
"1021";"2026-05-14 17:00:56";"26.52";"50";"946.72";"3780";"";"-22.822153091430664";"-47.0656852722168";"604.5";"-95";"12.5";"15072";"1778788856823"
"1022";"2026-05-14 17:01:56";"26.48";"50";"946.74";"3780";"";"-22.822181701660156";"-47.06565475463867";"608";"-94";"12.300000190734863";"15073";"1778788916818"
"1023";"2026-05-14 17:02:56";"26.41";"50.5";"946.72";"3780";"";"-22.822195053100586";"-47.065650939941406";"610.7";"-93";"12";"15074";"1778788976827"
"1024";"2026-05-14 17:03:56";"26.35";"50";"946.78";"3780";"";"-22.822134017944336";"-47.0656623840332";"615.5";"-97";"11";"15075";"1778789036817"
"1025";"2026-05-14 17:04:56";"26.3";"50";"946.8000000000001";"3820";"";"-22.822128295898438";"-47.065673828125";"617.9000000000001";"-95";"11.5";"15076";"1778789096788"
"1026";"2026-05-14 17:05:56";"26.23";"50.5";"946.82";"3820";"";"-22.82216453552246";"-47.065711975097656";"615.2";"-97";"9.800000190734863";"15077";"1778789156857"
"1027";"2026-05-14 17:06:56";"26.15";"50.5";"946.86";"3760";"";"-22.82211685180664";"-47.06568145751953";"629.7";"-97";"11";"15078";"1778789216824"
"1028";"2026-05-14 17:07:56";"26.07";"50.5";"946.86";"3780";"";"-22.822153091430664";"-47.0656623840332";"615.2";"-96";"11";"15079";"1778789276819"
"1029";"2026-05-14 17:08:56";"26";"50.5";"946.86";"3800";"";"-22.822145462036133";"-47.065670013427734";"608.5";"-94";"12.300000190734863";"15080";"1778789336819"
"1030";"2026-05-14 17:09:56";"25.95";"50.5";"946.86";"3820";"";"-22.822153091430664";"-47.065650939941406";"603.7";"-93";"11.800000190734863";"15081";"1778789396819"
"1031";"2026-05-14 17:10:56";"25.89";"50.5";"946.88";"3820";"";"-22.822139739990234";"-47.065670013427734";"619.2";"-96";"11.300000190734863";"15082";"1778789456818"
"1032";"2026-05-14 17:11:56";"25.84";"50.5";"946.88";"3800";"";"-22.822105407714844";"-47.06565856933594";"614";"-100";"9.800000190734863";"15083";"1778789516824"
"1033";"2026-05-14 17:12:56";"25.77";"51";"946.88";"3780";"";"-22.822113037109375";"-47.06565856933594";"615.2";"-95";"12.300000190734863";"15084";"1778789576815"
"1034";"2026-05-14 17:13:56";"25.72";"50.5";"946.9";"3780";"";"-22.822128295898438";"-47.06563186645508";"615.2";"-102";"7.800000190734863";"15085";"1778789636822"
"1035";"2026-05-14 17:14:56";"25.64";"51";"946.9";"3800";"";"-22.822139739990234";"-47.0656623840332";"613.7";"-92";"12.5";"15086";"1778789696810"
"1036";"2026-05-14 17:15:56";"25.55";"51";"946.9200000000001";"3760";"";"-22.82215118408203";"-47.06565856933594";"612";"-95";"11.800000190734863";"15087";"1778789756822"
"1037";"2026-05-14 17:16:56";"25.5";"51";"946.9200000000001";"3800";"";"-22.8221435546875";"-47.06565856933594";"611.2";"-94";"12.300000190734863";"15088";"1778789816820"
"1038";"2026-05-14 17:17:56";"25.46";"51";"946.94";"3760";"";"-22.822141647338867";"-47.06565475463867";"616.7";"-92";"13";"15089";"1778789876813"
"1039";"2026-05-14 17:18:56";"25.37";"51";"946.98";"3800";"";"-22.8221435546875";"-47.06563949584961";"613.2";"-95";"11.800000190734863";"15090";"1778789936813"
"1040";"2026-05-14 17:19:56";"25.31";"51";"946.98";"3780";"";"-22.822132110595703";"-47.06563949584961";"617.2";"-101";"8.800000190734863";"15091";"1778789996824"
"1041";"2026-05-14 17:20:56";"25.26";"51.5";"947";"3800";"";"-22.82217025756836";"-47.06562042236328";"613.5";"-99";"9.800000190734863";"15092";"1778790056822"
"1042";"2026-05-14 17:21:56";"25.22";"51.5";"947";"3760";"";"-22.822160720825195";"-47.06562423706055";"615.2";"-99";"9.800000190734863";"15093";"1778790116822"
"1043";"2026-05-14 17:22:56";"25.17";"51";"947.02";"3780";"";"-22.8221435546875";"-47.065650939941406";"615.5";"-100";"9";"15094";"1778790176825"
"1044";"2026-05-14 17:23:56";"25.1";"51.5";"947";"3760";"";"-22.822114944458008";"-47.065616607666016";"616.5";"-102";"8.300000190734863";"15095";"1778790236823"
"1045";"2026-05-14 17:24:56";"25.02";"51";"947";"3760";"";"-22.822139739990234";"-47.065635681152344";"619.7";"-100";"9";"15096";"1778790296819"
"1046";"2026-05-14 17:25:56";"24.92";"51.5";"947.04";"3780";"";"-22.82215690612793";"-47.06565475463867";"617.2";"-98";"10.5";"15097";"1778790356829"
"1047";"2026-05-14 17:26:55";"24.8";"51.5";"947.04";"3800";"";"-22.8221378326416";"-47.06564712524414";"619";"-99";"9.800000190734863";"15098";"1778790415823"
"1048";"2026-05-14 17:27:56";"24.69";"52";"947.0600000000001";"3760";"";"-22.822114944458008";"-47.06562423706055";"622";"-98";"10.5";"15099";"1778790476814"
"1049";"2026-05-14 17:28:56";"24.57";"52";"947.04";"3800";"";"-22.822099685668945";"-47.065650939941406";"626.2";"-98";"10.300000190734863";"15100";"1778790536824"
"1050";"2026-05-14 17:29:55";"24.48";"52";"947";"3780";"";"-22.822134017944336";"-47.06564712524414";"623";"-102";"7.300000190734863";"15101";"1778790595816"
"1051";"2026-05-14 17:30:55";"24.41";"52";"947.02";"3780";"";"-22.822093963623047";"-47.06562423706055";"627.7";"-99";"10.300000190734863";"15102";"1778790655809"
"1052";"2026-05-14 17:31:56";"24.32";"52.5";"947.02";"3780";"";"-22.822092056274414";"-47.06561279296875";"628.5";"-100";"8.800000190734863";"15103";"1778790716820"
"1053";"2026-05-14 17:32:56";"24.23";"52.5";"947.02";"3780";"";"-22.822105407714844";"-47.06562423706055";"621.4000000000001";"-101";"8.5";"15104";"1778790776824"
"1054";"2026-05-14 17:33:56";"24.15";"52.5";"947.08";"3760";"";"-22.822099685668945";"-47.065643310546875";"620.5";"-104";"7";"15105";"1778790836809"
"1055";"2026-05-14 17:34:56";"24.08";"52.5";"947.04";"3760";"";"-22.82217788696289";"-47.06563186645508";"618.5";"-100";"9.5";"15106";"1778790896822"
"1056";"2026-05-14 17:35:56";"24.01";"52.5";"947.04";"3760";"";"-22.82217788696289";"-47.065635681152344";"621.7";"-101";"8.800000190734863";"15107";"1778790956817"
"1057";"2026-05-14 17:36:56";"23.96";"52.5";"947.08";"3780";"";"-22.82213592529297";"-47.06560516357422";"621.5";"-103";"7.300000190734863";"15108";"1778791016808"
"1058";"2026-05-14 17:37:56";"23.9";"52.5";"947.08";"3760";"";"-22.822134017944336";"-47.065589904785156";"630.4000000000001";"-103";"7.5";"15109";"1778791076810"
"1059";"2026-05-14 17:38:56";"23.8";"52.5";"947.08";"3760";"";"-22.822126388549805";"-47.06562042236328";"621";"-101";"9";"15110";"1778791136808"
"1060";"2026-05-14 17:39:56";"23.7";"53";"947.0600000000001";"3760";"";"-22.822111129760742";"-47.065635681152344";"624.5";"-103";"7.5";"15111";"1778791196811"
"1061";"2026-05-14 17:40:56";"23.64";"53";"947.0600000000001";"3780";"";"-22.822154998779297";"-47.06564712524414";"613.5";"-104";"6.5";"15112";"1778791256815"
"1062";"2026-05-14 17:41:56";"23.53";"53";"947.08";"3780";"";"-22.822128295898438";"-47.06562042236328";"616";"-101";"9";"15113";"1778791316830"
"1063";"2026-05-14 17:42:56";"23.46";"53.5";"947.1";"3760";"";"-22.822092056274414";"-47.06561279296875";"620.7";"-103";"7.300000190734863";"15114";"1778791376822"
"1064";"2026-05-14 17:43:56";"23.4";"53.5";"947.1";"3780";"";"-22.822114944458008";"-47.06560516357422";"616.5";"-100";"9.300000190734863";"15115";"1778791436808"
"1065";"2026-05-14 17:44:56";"23.32";"53.5";"947.12";"3760";"";"-22.82213592529297";"-47.06559371948242";"616.5";"-99";"9.800000190734863";"15116";"1778791496809"
"1066";"2026-05-14 17:45:56";"23.27";"53.5";"947.1";"3800";"";"-22.822175979614258";"-47.06555938720703";"631.5";"-99";"9.5";"15117";"1778791556776"
"1067";"2026-05-14 17:46:55";"23.2";"53.5";"947.1";"3760";"";"-22.822172164916992";"-47.06559371948242";"625.2";"-102";"8";"15118";"1778791615819"
"1068";"2026-05-14 17:47:56";"23.14";"53.5";"947.12";"3780";"";"-22.822154998779297";"-47.06562423706055";"620.7";"-104";"6.300000190734863";"15119";"1778791676817"
"1069";"2026-05-14 17:48:56";"23.06";"53.5";"947.14";"3760";"";"-22.822124481201172";"-47.06562805175781";"616.9000000000001";"-100";"9.5";"15120";"1778791736816"
"1070";"2026-05-14 17:49:56";"23.02";"53.5";"947.14";"3780";"";"-22.822141647338867";"-47.065635681152344";"615.5";"-102";"8.5";"15121";"1778791796837"
"1071";"2026-05-14 17:50:56";"22.94";"53.5";"947.14";"3740";"";"-22.82215118408203";"-47.06564712524414";"616.5";"-101";"8.5";"15122";"1778791856817"
"1072";"2026-05-14 17:51:56";"22.89";"53.5";"947.1800000000001";"3760";"";"-22.822193145751953";"-47.065677642822266";"616.7";"-101";"9.300000190734863";"15123";"1778791916818"
"1073";"2026-05-14 17:52:56";"22.85";"54";"947.1800000000001";"3760";"";"-22.822132110595703";"-47.06566619873047";"617.5";"-102";"6";"15124";"1778791976828"
"1074";"2026-05-14 17:53:55";"22.81";"53.5";"947.2";"3780";"";"-22.822134017944336";"-47.06566619873047";"616.5";"-99";"8.800000190734863";"15125";"1778792035812"
"1075";"2026-05-14 17:54:55";"22.74";"53.5";"947.1800000000001";"3760";"";"-22.822105407714844";"-47.06565856933594";"622";"-100";"9.5";"15126";"1778792095819"
"1076";"2026-05-14 17:55:56";"22.68";"54";"947.1800000000001";"3780";"";"-22.822139739990234";"-47.06561279296875";"627.7";"-102";"8.300000190734863";"15127";"1778792156811"
"1077";"2026-05-14 17:56:56";"22.66";"54";"947.1800000000001";"3760";"";"-22.822175979614258";"-47.06562423706055";"624.5";"-102";"8";"15128";"1778792216807"
"1078";"2026-05-14 17:57:56";"22.64";"53.5";"947.2";"3740";"";"-22.822154998779297";"-47.06563186645508";"628";"-102";"8";"15129";"1778792276817"
"1079";"2026-05-14 17:58:56";"22.6";"54";"947.1800000000001";"3760";"";"-22.82217025756836";"-47.0656623840332";"627.5";"-100";"9.5";"15130";"1778792336813"
"1080";"2026-05-14 17:59:55";"22.54";"54";"947.2";"3760";"";"-22.8221492767334";"-47.065635681152344";"624.9000000000001";"-99";"9.800000190734863";"15131";"1778792395833"
"1081";"2026-05-14 18:00:56";"22.47";"54";"947.24";"3760";"";"-22.8221492767334";"-47.06561279296875";"623.2";"-104";"7";"15132";"1778792456825"
"1082";"2026-05-14 18:01:56";"22.41";"54";"947.22";"3760";"";"-22.822145462036133";"-47.065635681152344";"616.7";"-102";"7.800000190734863";"15133";"1778792516799"
"1083";"2026-05-14 18:02:55";"22.37";"54";"947.28";"3760";"";"-22.822113037109375";"-47.06563186645508";"612";"-102";"8";"15134";"1778792575814"
"1084";"2026-05-14 18:03:56";"22.35";"54";"947.3000000000001";"3780";"";"-22.8221492767334";"-47.06562423706055";"624.2";"-101";"8.5";"15135";"1778792636817"
"1085";"2026-05-14 18:04:56";"22.32";"54";"947.3000000000001";"3740";"";"-22.822179794311523";"-47.065608978271484";"637.5";"-103";"6.800000190734863";"15136";"1778792696825"
"1086";"2026-05-14 18:05:56";"22.29";"54";"947.3000000000001";"3760";"";"-22.82217025756836";"-47.065582275390625";"627.2";"-103";"7.5";"15137";"1778792756785"
"1087";"2026-05-14 18:06:56";"22.25";"54";"947.36";"3740";"";"-22.822162628173828";"-47.065643310546875";"615.4000000000001";"-102";"8.300000190734863";"15138";"1778792816852"
"1088";"2026-05-14 18:07:56";"22.18";"54";"947.4";"3740";"";"-22.822120666503906";"-47.06565475463867";"606";"-102";"8.300000190734863";"15139";"1778792876820"
"1089";"2026-05-14 18:08:56";"22.14";"54";"947.46";"3760";"";"-22.822185516357422";"-47.06561279296875";"621.5";"-102";"8.300000190734863";"15140";"1778792936795"
"1090";"2026-05-14 18:09:56";"22.09";"54";"947.46";"3740";"";"-22.82221221923828";"-47.06560134887695";"633.7";"-101";"8.800000190734863";"15141";"1778792996782"
"1091";"2026-05-14 18:10:56";"22.04";"54";"947.48";"3760";"";"-22.82217025756836";"-47.065616607666016";"629.7";"-102";"7.800000190734863";"15142";"1778793056819"
"1092";"2026-05-14 18:11:56";"21.98";"54";"947.52";"3740";"";"-22.8221492767334";"-47.06564712524414";"623.2";"-99";"10.5";"15143";"1778793116821"
"1093";"2026-05-14 18:12:56";"21.94";"54";"947.5";"3740";"";"-22.82216453552246";"-47.06562805175781";"624";"-97";"11.300000190734863";"15144";"1778793176806"
"1094";"2026-05-14 18:13:56";"21.91";"54";"947.58";"3760";"";"-22.82221794128418";"-47.065589904785156";"633.4000000000001";"-99";"9.300000190734863";"15145";"1778793236812"
"1095";"2026-05-14 18:14:56";"21.89";"54";"947.58";"3740";"";"-22.82222557067871";"-47.065616607666016";"631.2";"-101";"9.300000190734863";"15146";"1778793296817"
"1096";"2026-05-14 18:15:56";"21.85";"54";"947.62";"3740";"";"-22.822235107421875";"-47.065643310546875";"634.4000000000001";"-99";"10";"15147";"1778793356809"
"1097";"2026-05-14 18:16:56";"21.81";"54";"947.6";"3740";"";"-22.822248458862305";"-47.06563186645508";"631.5";"-101";"8.300000190734863";"15148";"1778793416812"
"1098";"2026-05-14 18:17:56";"21.76";"54.5";"947.64";"3740";"";"-22.822256088256836";"-47.065635681152344";"621";"-100";"9";"15149";"1778793476819"
"1099";"2026-05-14 18:18:55";"21.72";"54";"947.62";"3740";"";"-22.822153091430664";"-47.065616607666016";"619";"-102";"8";"15150";"1778793535814"
"1100";"2026-05-14 18:19:56";"21.72";"54.5";"947.66";"3740";"";"-22.82217025756836";"-47.06562805175781";"611.5";"-104";"7";"15151";"1778793596809"
"1101";"2026-05-14 18:20:56";"21.7";"54";"947.7";"3760";"";"-22.822166442871094";"-47.06563186645508";"618.5";"-103";"7.5";"15152";"1778793656817"
"1102";"2026-05-14 18:21:55";"21.68";"54";"947.64";"3760";"";"-22.822223663330078";"-47.065635681152344";"628";"-104";"6.800000190734863";"15153";"1778793715819"
"1103";"2026-05-14 18:22:56";"21.64";"54";"947.66";"3740";"";"-22.822206497192383";"-47.06563949584961";"622";"-103";"7.300000190734863";"15154";"1778793776821"
"1104";"2026-05-14 18:23:56";"21.59";"54.5";"947.62";"3740";"";"-22.822185516357422";"-47.065589904785156";"625";"-104";"6.300000190734863";"15155";"1778793836810"
"1105";"2026-05-14 18:24:56";"21.52";"54.5";"947.64";"3740";"";"-22.82217788696289";"-47.06558609008789";"622.2";"-103";"7.5";"15156";"1778793896818"
"1106";"2026-05-14 18:25:56";"21.5";"54.5";"947.62";"3760";"";"-22.82219696044922";"-47.0655632019043";"633.9000000000001";"-103";"7.5";"15157";"1778793956821"
"1107";"2026-05-14 18:26:56";"21.46";"54.5";"947.58";"3740";"";"-22.822168350219727";"-47.06560516357422";"625";"-102";"7.300000190734863";"15158";"1778794016819"
"1108";"2026-05-14 18:27:56";"21.4";"54.5";"947.62";"3740";"";"-22.822195053100586";"-47.065635681152344";"624";"-101";"7.300000190734863";"15159";"1778794076817"
"1109";"2026-05-14 18:28:56";"21.37";"54.5";"947.6";"3740";"";"-22.822181701660156";"-47.065677642822266";"623.2";"-102";"6.5";"15160";"1778794136818"
"1110";"2026-05-14 18:29:56";"21.32";"54.5";"947.66";"3760";"";"-22.822139739990234";"-47.06565475463867";"618.2";"-101";"9.300000190734863";"15161";"1778794196821"
"1111";"2026-05-14 18:30:55";"21.31";"54.5";"947.6800000000001";"3740";"";"-22.822139739990234";"-47.06564712524414";"612";"-102";"7.5";"15162";"1778794255820"
"1112";"2026-05-14 18:31:56";"21.3";"54.5";"947.7";"3740";"";"-22.822126388549805";"-47.065643310546875";"610.5";"-102";"8";"15163";"1778794316827"
"1113";"2026-05-14 18:32:56";"21.3";"54.5";"947.72";"3760";"";"-22.82215690612793";"-47.065635681152344";"610.2";"-101";"8.300000190734863";"15164";"1778794376818"
"1114";"2026-05-14 18:33:56";"21.29";"54.5";"947.7";"3740";"";"-22.8221492767334";"-47.06562042236328";"613";"-102";"7.5";"15165";"1778794436789"
"1115";"2026-05-14 18:34:55";"21.27";"54.5";"947.72";"3740";"";"-22.82212257385254";"-47.065616607666016";"617";"-102";"8";"15166";"1778794495825"
"1116";"2026-05-14 18:35:55";"21.25";"54.5";"947.7";"3760";"";"-22.822080612182617";"-47.065650939941406";"606.5";"-102";"6.5";"15167";"1778794555832"
"1117";"2026-05-14 18:36:56";"21.22";"54.5";"947.7";"3760";"";"-22.822092056274414";"-47.06563949584961";"609.9";"-100";"9.300000190734863";"15168";"1778794616808"
"1118";"2026-05-14 18:37:55";"21.18";"54.5";"947.74";"3740";"";"-22.822124481201172";"-47.06560134887695";"614.4000000000001";"-103";"7.5";"15169";"1778794675795"
"1119";"2026-05-14 18:38:56";"21.15";"54";"947.74";"3720";"";"-22.822111129760742";"-47.06559753417969";"613.9";"-103";"7.300000190734863";"15170";"1778794736818"
"1120";"2026-05-14 18:39:55";"21.11";"54.5";"947.76";"3720";"";"-22.822113037109375";"-47.065635681152344";"607";"-103";"7.5";"15171";"1778794795820"
"1121";"2026-05-14 18:40:55";"21.09";"54.5";"947.82";"3720";"";"-22.822093963623047";"-47.065643310546875";"605.5";"-102";"7.800000190734863";"15172";"1778794855815"
"1122";"2026-05-14 18:41:55";"21.07";"54.5";"947.84";"3740";"";"-22.82210350036621";"-47.06560134887695";"611.7";"-102";"7.800000190734863";"15173";"1778794915818"
"1123";"2026-05-14 18:42:56";"21.04";"54.5";"947.88";"3720";"";"-22.82215690612793";"-47.06559753417969";"608";"-102";"7.800000190734863";"15174";"1778794976815"
"1124";"2026-05-14 18:43:56";"21.02";"54.5";"947.88";"3740";"";"-22.8221435546875";"-47.06564712524414";"607.7";"-103";"7.800000190734863";"15175";"1778795036815"
"1125";"2026-05-14 18:44:55";"21";"54.5";"947.86";"3760";"";"-22.822139739990234";"-47.065635681152344";"605.2";"-103";"7.300000190734863";"15176";"1778795095808"
"1126";"2026-05-14 18:45:56";"20.98";"54";"947.88";"3740";"";"-22.822118759155273";"-47.06565856933594";"600.7";"-103";"7.300000190734863";"15177";"1778795156813"
"1127";"2026-05-14 18:46:56";"20.96";"54.5";"947.88";"3760";"";"-22.82209587097168";"-47.06562423706055";"611.2";"-103";"7.5";"15178";"1778795216809"
"1128";"2026-05-14 18:47:55";"20.93";"54.5";"947.88";"3720";"";"-22.822101593017578";"-47.065589904785156";"615";"-104";"6.800000190734863";"15179";"1778795275808"
"1129";"2026-05-14 18:48:56";"20.91";"54.5";"947.9";"3740";"";"-22.82211685180664";"-47.06565475463867";"612.5";"-105";"5.5";"15180";"1778795336810"
"1130";"2026-05-14 18:49:55";"20.88";"54.5";"947.86";"3720";"";"-22.822124481201172";"-47.06562042236328";"612.2";"-102";"6.800000190734863";"15181";"1778795395808"
"1131";"2026-05-14 18:50:56";"20.86";"54.5";"947.9";"3740";"";"-22.822114944458008";"-47.06563949584961";"606.7";"-103";"7.5";"15182";"1778795456803"
"1132";"2026-05-14 18:51:56";"20.82";"54.5";"947.9";"3740";"";"-22.822118759155273";"-47.06562042236328";"616";"-103";"7.300000190734863";"15183";"1778795516817"
"1133";"2026-05-14 18:52:56";"20.8";"54.5";"947.86";"3740";"";"-22.822099685668945";"-47.06551742553711";"629.5";"-103";"6.800000190734863";"15184";"1778795576814"
"1134";"2026-05-14 18:53:56";"20.79";"54.5";"947.9";"3740";"";"-22.822132110595703";"-47.06553268432617";"625.9000000000001";"-104";"6.300000190734863";"15185";"1778795636842"
"1135";"2026-05-14 18:54:56";"20.76";"54.5";"947.88";"3740";"";"-22.8221435546875";"-47.06562805175781";"609.9";"-103";"7";"15186";"1778795696808"
"1136";"2026-05-14 18:55:56";"20.73";"54.5";"947.88";"3720";"";"-22.82215690612793";"-47.06562423706055";"599.4";"-104";"6.5";"15187";"1778795756798"
"1137";"2026-05-14 18:56:56";"20.69";"54.5";"947.9";"3720";"";"-22.822111129760742";"-47.065650939941406";"596.9";"-103";"7";"15188";"1778795816803"
"1138";"2026-05-14 18:57:56";"20.68";"54.5";"947.9";"3760";"";"-22.822113037109375";"-47.065696716308594";"601.2";"-103";"7";"15189";"1778795876802"
"1139";"2026-05-14 18:58:55";"20.66";"54.5";"947.9200000000001";"3720";"";"-22.822120666503906";"-47.0656623840332";"608.7";"-103";"7";"15190";"1778795935814"
"1140";"2026-05-14 18:59:56";"20.65";"54.5";"947.9200000000001";"3760";"";"-22.822124481201172";"-47.06566619873047";"612.5";"-100";"9.300000190734863";"15191";"1778795996806"
"1141";"2026-05-14 19:00:56";"20.62";"54.5";"947.88";"3760";"";"-22.822107315063477";"-47.06565856933594";"615.2";"-104";"6.800000190734863";"15192";"1778796056796"
"1142";"2026-05-14 19:01:56";"20.59";"54.5";"947.88";"3720";"";"-22.822132110595703";"-47.065643310546875";"616.9000000000001";"-103";"7.800000190734863";"15193";"1778796116809"
"1143";"2026-05-14 19:02:56";"20.57";"54.5";"947.9200000000001";"3720";"";"-22.82212257385254";"-47.06563186645508";"614.7";"-103";"7.5";"15194";"1778796176775"
"1144";"2026-05-14 19:03:56";"20.55";"54.5";"947.9200000000001";"3740";"";"-22.82213020324707";"-47.06563949584961";"603.7";"-102";"8.300000190734863";"15195";"1778796236777"
"1145";"2026-05-14 19:04:56";"20.54";"54.5";"947.96";"3720";"";"-22.822092056274414";"-47.06565475463867";"608.4";"-103";"7";"15196";"1778796296779"
"1146";"2026-05-14 19:05:56";"20.52";"54.5";"947.98";"3740";"";"-22.822086334228516";"-47.06564712524414";"610.4";"-104";"6.5";"15197";"1778796356808"
"1147";"2026-05-14 19:06:56";"20.51";"54.5";"948";"3740";"";"-22.822072982788086";"-47.065650939941406";"612";"-103";"7.300000190734863";"15198";"1778796416776"
"1148";"2026-05-14 19:07:55";"20.5";"54.5";"948.04";"3720";"";"-22.822080612182617";"-47.06565475463867";"601.4";"-103";"7.300000190734863";"15199";"1778796475811"
"1149";"2026-05-14 19:08:56";"20.48";"54.5";"948.08";"3760";"";"-22.822113037109375";"-47.065673828125";"614";"-104";"6.800000190734863";"15200";"1778796536801"
"1150";"2026-05-14 19:09:55";"20.48";"54.5";"948.0600000000001";"3760";"";"-22.82210922241211";"-47.06564712524414";"609.2";"-103";"7.300000190734863";"15201";"1778796595807"
"1151";"2026-05-14 19:10:56";"20.47";"54.5";"948.0600000000001";"3720";"";"-22.822078704833984";"-47.065673828125";"607.7";"-103";"7";"15202";"1778796656810"
"1152";"2026-05-14 19:11:56";"20.47";"54.5";"948.08";"3720";"";"-22.822086334228516";"-47.065670013427734";"607";"-104";"5.800000190734863";"15203";"1778796716811"
"1153";"2026-05-14 19:12:56";"20.46";"54.5";"948.08";"3740";"";"-22.822229385375977";"-47.06562423706055";"635.4000000000001";"-104";"6.300000190734863";"15204";"1778796776805"
"1154";"2026-05-14 19:13:56";"20.45";"54.5";"948.08";"3720";"";"-22.82216453552246";"-47.065616607666016";"626.7";"-103";"7.300000190734863";"15205";"1778796836813"
"1155";"2026-05-14 19:14:56";"20.44";"54.5";"948.08";"3720";"";"-22.82215690612793";"-47.0656623840332";"616.7";"-103";"7.300000190734863";"15206";"1778796896807"
"1156";"2026-05-14 19:15:56";"20.44";"54.5";"948.02";"3720";"";"-22.82213020324707";"-47.06566619873047";"609.2";"-103";"7.300000190734863";"15207";"1778796956810"
"1157";"2026-05-14 19:16:56";"20.42";"54.5";"948.02";"3700";"";"-22.822132110595703";"-47.06561279296875";"610.2";"-103";"6.5";"15208";"1778797016815"
"1158";"2026-05-14 19:17:55";"20.39";"54.5";"947.98";"3760";"";"-22.822120666503906";"-47.065608978271484";"613.7";"-102";"7.800000190734863";"15209";"1778797075809"
"1159";"2026-05-14 19:18:56";"20.36";"54.5";"947.96";"3740";"";"-22.82211685180664";"-47.06563186645508";"621.7";"-104";"7.300000190734863";"15210";"1778797136784"
"1160";"2026-05-14 19:19:56";"20.33";"54.5";"947.94";"3740";"";"-22.82211685180664";"-47.065677642822266";"607.7";"-104";"7.5";"15211";"1778797196808"
"1161";"2026-05-14 19:20:56";"20.32";"54.5";"947.94";"3760";"";"-22.82211685180664";"-47.06566619873047";"606.2";"-104";"7.800000190734863";"15212";"1778797256803"
"1162";"2026-05-14 19:21:56";"20.31";"54.5";"948.02";"3720";"";"-22.82212257385254";"-47.06565856933594";"607.5";"-103";"7.800000190734863";"15213";"1778797316808"
"1163";"2026-05-14 19:22:56";"20.3";"54.5";"948.04";"3740";"";"-22.822113037109375";"-47.065616607666016";"609.5";"-104";"7.800000190734863";"15214";"1778797376779"
"1164";"2026-05-14 19:23:56";"20.28";"54.5";"948.02";"3720";"";"-22.82211685180664";"-47.06562042236328";"612.7";"-103";"8";"15215";"1778797436821"
"1165";"2026-05-14 19:24:56";"20.26";"54.5";"948.08";"3760";"";"-22.822111129760742";"-47.06565856933594";"613.7";"-103";"7.300000190734863";"15216";"1778797496812"
"1166";"2026-05-14 19:25:55";"20.25";"54.5";"948.0600000000001";"3740";"";"-22.822175979614258";"-47.065616607666016";"637.9000000000001";"-104";"6";"15217";"1778797555810"
"1167";"2026-05-14 19:26:56";"20.24";"54.5";"948.1";"3720";"";"-22.822120666503906";"-47.065673828125";"612.5";"-104";"7.300000190734863";"15218";"1778797616811"
"1168";"2026-05-14 19:27:55";"20.24";"54.5";"948.12";"3720";"";"-22.822099685668945";"-47.0656852722168";"602.4";"-104";"7.800000190734863";"15219";"1778797675805"
"1169";"2026-05-14 19:28:56";"20.23";"54.5";"948.14";"3720";"";"-22.822105407714844";"-47.0656623840332";"599.2";"-104";"7.5";"15220";"1778797736808"
"1170";"2026-05-14 19:29:56";"20.22";"54.5";"948.14";"3760";"";"-22.82209587097168";"-47.06566619873047";"609.5";"-105";"6.5";"15221";"1778797796817"
"1171";"2026-05-14 19:30:56";"20.22";"54.5";"948.16";"3760";"";"-22.82209587097168";"-47.06565856933594";"615.5";"-105";"7";"15222";"1778797856822"
"1172";"2026-05-14 19:31:56";"20.22";"54.5";"948.2";"3720";"";"-22.82209587097168";"-47.06566619873047";"608.7";"-104";"7.5";"15223";"1778797916816"
"1173";"2026-05-14 19:32:56";"20.21";"54.5";"948.22";"3720";"";"-22.822139739990234";"-47.065670013427734";"615.5";"-105";"7";"15224";"1778797976801"
"1174";"2026-05-14 19:33:56";"20.21";"54.5";"948.22";"3760";"";"-22.822113037109375";"-47.06573486328125";"630.5";"-104";"7";"15225";"1778798036814"
"1175";"2026-05-14 19:34:55";"20.22";"54.5";"948.24";"3720";"";"-22.82210922241211";"-47.06572341918945";"641";"-104";"6.5";"15226";"1778798095802"
"1176";"2026-05-14 19:35:56";"20.23";"54";"948.2";"3720";"";"-22.822139739990234";"-47.06570053100586";"630";"-103";"7";"15227";"1778798156813"
"1177";"2026-05-14 19:36:56";"20.24";"54";"948.22";"3720";"";"-22.822113037109375";"-47.065773010253906";"639.2";"-104";"7.300000190734863";"15228";"1778798216812"
"1178";"2026-05-14 19:37:56";"20.24";"54";"948.26";"3760";"";"-22.8221492767334";"-47.06570816040039";"616.9000000000001";"-104";"7.300000190734863";"15229";"1778798276804"
"1179";"2026-05-14 19:38:56";"20.23";"54";"948.28";"3760";"";"-22.822126388549805";"-47.065673828125";"620";"-105";"6";"15230";"1778798336805"
"1180";"2026-05-14 19:39:55";"20.23";"54";"948.28";"3720";"";"-22.822147369384766";"-47.065673828125";"604.5";"-104";"7";"15231";"1778798395804"
"1181";"2026-05-14 19:40:56";"20.23";"54";"948.3000000000001";"3740";"";"-22.822132110595703";"-47.06568908691406";"611.4";"-104";"7";"15232";"1778798456812"
"1182";"2026-05-14 19:41:56";"20.24";"54";"948.28";"3760";"";"-22.822132110595703";"-47.06568145751953";"608.9";"-105";"7.5";"15233";"1778798516806"
"1183";"2026-05-14 19:42:55";"20.23";"54";"948.32";"3720";"";"-22.822107315063477";"-47.0656852722168";"614.4000000000001";"-104";"7";"15234";"1778798575803"
"1184";"2026-05-14 19:43:56";"20.23";"54";"948.3000000000001";"3760";"";"-22.822128295898438";"-47.065677642822266";"607";"-102";"8";"15235";"1778798636809"
"1185";"2026-05-14 19:44:56";"20.23";"54";"948.3000000000001";"3720";"";"-22.82213592529297";"-47.065670013427734";"605.7";"-103";"7.5";"15236";"1778798696805"
"1186";"2026-05-14 19:45:56";"20.22";"54";"948.36";"3740";"";"-22.82213592529297";"-47.065670013427734";"610.4";"-103";"8.300000190734863";"15237";"1778798756804"
"1187";"2026-05-14 19:46:56";"20.21";"54";"948.36";"3720";"";"-22.822132110595703";"-47.0656623840332";"600.5";"-103";"8";"15238";"1778798816812"
"1188";"2026-05-14 19:47:55";"20.2";"54";"948.36";"3720";"";"-22.822124481201172";"-47.06566619873047";"609.7";"-102";"8.800000190734863";"15239";"1778798875807"
"1189";"2026-05-14 19:48:56";"20.2";"54";"948.34";"3720";"";"-22.82215690612793";"-47.06565856933594";"597.5";"-103";"8.300000190734863";"15240";"1778798936809"
"1190";"2026-05-14 19:49:56";"20.18";"54";"948.4";"3720";"";"-22.822187423706055";"-47.06566619873047";"595.5";"-102";"8.800000190734863";"15241";"1778798996813"
"1191";"2026-05-14 19:50:55";"20.18";"54";"948.4";"3740";"";"-22.822168350219727";"-47.065650939941406";"604.2";"-102";"7.5";"15242";"1778799055813"
"1192";"2026-05-14 19:51:55";"20.18";"54";"948.38";"3720";"";"-22.82222557067871";"-47.06564712524414";"596.5";"-102";"8.800000190734863";"15243";"1778799115775"
"1193";"2026-05-14 19:52:56";"20.16";"54";"948.46";"3760";"";"-22.822154998779297";"-47.065643310546875";"610.2";"-102";"8.5";"15244";"1778799176798"
"1194";"2026-05-14 19:53:56";"20.13";"54";"948.48";"3720";"";"-22.822166442871094";"-47.06564712524414";"596.7";"-102";"8.5";"15245";"1778799236815"
"1195";"2026-05-14 19:54:55";"20.1";"54";"948.5";"3720";"";"-22.822162628173828";"-47.065650939941406";"598.5";"-103";"7.5";"15246";"1778799295798"
"1196";"2026-05-14 19:55:56";"20.08";"54";"948.54";"3720";"";"-22.82215690612793";"-47.06562042236328";"610.5";"-103";"8";"15247";"1778799356801"
"1197";"2026-05-14 19:56:56";"20.07";"54";"948.5";"3740";"";"-22.822154998779297";"-47.0656623840332";"609.7";"-103";"7.800000190734863";"15248";"1778799416803"
"1198";"2026-05-14 19:57:56";"20.05";"54";"948.5600000000001";"3720";"";"-22.822141647338867";"-47.065677642822266";"610.9";"-103";"7.800000190734863";"15249";"1778799476814"
"1199";"2026-05-14 19:58:55";"20.03";"54";"948.6";"3720";"";"-22.822099685668945";"-47.065677642822266";"606.5";"-103";"7.300000190734863";"15250";"1778799535802"
"1200";"2026-05-14 19:59:56";"20.01";"54.5";"948.58";"3740";"";"-22.822118759155273";"-47.0656852722168";"612.5";"-103";"7.5";"15251";"1778799596815"
"1201";"2026-05-14 20:00:56";"19.99";"54.5";"948.6";"3720";"";"-22.82213020324707";"-47.065677642822266";"610.2";"-104";"7.5";"15252";"1778799656811"
"1202";"2026-05-14 20:01:55";"19.98";"54.5";"948.64";"3760";"";"-22.822134017944336";"-47.0656623840332";"613.7";"-104";"7.5";"15253";"1778799715768"
"1203";"2026-05-14 20:02:55";"19.97";"54.5";"948.62";"3720";"";"-22.822153091430664";"-47.065650939941406";"611.4";"-103";"8";"15254";"1778799775789"
"1204";"2026-05-14 20:03:56";"19.94";"54.5";"948.66";"3740";"";"-22.82215690612793";"-47.065635681152344";"612.4";"-103";"7.800000190734863";"15255";"1778799836817"
"1205";"2026-05-14 20:04:55";"19.91";"54.5";"948.66";"3760";"";"-22.822126388549805";"-47.065635681152344";"619.5";"-103";"7.300000190734863";"15256";"1778799895777"
"1206";"2026-05-14 20:05:55";"19.89";"54.5";"948.66";"3740";"";"-22.82213020324707";"-47.06563949584961";"620";"-103";"7.800000190734863";"15257";"1778799955806"
"1207";"2026-05-14 20:06:56";"19.88";"54.5";"948.7";"3760";"";"-22.822114944458008";"-47.065650939941406";"611.2";"-102";"8.300000190734863";"15258";"1778800016804"
"1208";"2026-05-14 20:07:56";"19.87";"54.5";"948.6800000000001";"3720";"";"-22.822134017944336";"-47.06565475463867";"609.4";"-103";"8";"15259";"1778800076800"
"1209";"2026-05-14 20:08:56";"19.86";"54.5";"948.64";"3740";"";"-22.82212257385254";"-47.065643310546875";"612.2";"-103";"8";"15260";"1778800136810"
"1210";"2026-05-14 20:09:56";"19.85";"54.5";"948.7";"3720";"";"-22.822114944458008";"-47.06562042236328";"611";"-102";"8.800000190734863";"15261";"1778800196778"
"1211";"2026-05-14 20:10:56";"19.8";"54.5";"948.6800000000001";"3740";"";"-22.822147369384766";"-47.065643310546875";"611.7";"-103";"8.300000190734863";"15262";"1778800256788"
"1212";"2026-05-14 20:11:56";"19.78";"54.5";"948.6800000000001";"3740";"";"-22.822141647338867";"-47.06565475463867";"613.7";"-103";"7.800000190734863";"15263";"1778800316804"
"1213";"2026-05-14 20:12:55";"19.77";"54.5";"948.66";"3720";"";"-22.82213020324707";"-47.065650939941406";"612.5";"-102";"8.300000190734863";"15264";"1778800375816"
"1214";"2026-05-14 20:13:56";"19.76";"54.5";"948.7";"3760";"";"-22.822134017944336";"-47.065677642822266";"605.4";"-102";"8.800000190734863";"15265";"1778800436809"
"1215";"2026-05-14 20:14:56";"19.74";"54.5";"948.6800000000001";"3720";"";"-22.822120666503906";"-47.065635681152344";"614.2";"-102";"8.5";"15266";"1778800496791"
"1216";"2026-05-14 20:15:55";"19.73";"54.5";"948.72";"3720";"";"-22.822105407714844";"-47.06562805175781";"615.7";"-102";"8.300000190734863";"15267";"1778800555808"
"1217";"2026-05-14 20:16:55";"19.71";"54.5";"948.72";"3760";"";"-22.822105407714844";"-47.06564712524414";"614.7";"-102";"8";"15268";"1778800615815"
"1218";"2026-05-14 20:17:56";"19.69";"54.5";"948.74";"3720";"";"-22.822145462036133";"-47.0656623840332";"614.2";"-103";"7.5";"15269";"1778800676831"
"1219";"2026-05-14 20:18:56";"19.68";"54.5";"948.74";"3760";"";"-22.822118759155273";"-47.06570053100586";"628.7";"-103";"7.800000190734863";"15270";"1778800736766"
"1220";"2026-05-14 20:19:56";"19.65";"54.5";"948.76";"3700";"";"-22.822124481201172";"-47.06565856933594";"611.2";"-103";"7.800000190734863";"15271";"1778800796773"
"1221";"2026-05-14 20:20:56";"19.63";"54.5";"948.74";"3720";"";"-22.8221378326416";"-47.06568145751953";"617.7";"-102";"8.300000190734863";"15272";"1778800856801"
"1222";"2026-05-14 20:21:56";"19.63";"54.5";"948.74";"3740";"";"-22.8221378326416";"-47.06566619873047";"613.5";"-103";"8.300000190734863";"15273";"1778800916815"
"1223";"2026-05-14 20:22:55";"19.62";"54.5";"948.72";"3760";"";"-22.82215118408203";"-47.065670013427734";"621.7";"-102";"8.800000190734863";"15274";"1778800975819"
"1224";"2026-05-14 20:23:56";"19.62";"54.5";"948.72";"3720";"";"-22.82213592529297";"-47.06566619873047";"625";"-102";"8.300000190734863";"15275";"1778801036812"
"1225";"2026-05-14 20:24:56";"19.59";"54.5";"948.7";"3700";"";"-22.82210922241211";"-47.06565475463867";"622.7";"-102";"8.300000190734863";"15276";"1778801096806"
"1226";"2026-05-14 20:25:55";"19.58";"54.5";"948.72";"3720";"";"-22.822126388549805";"-47.065673828125";"633";"-103";"8";"15277";"1778801155818"
"1227";"2026-05-14 20:26:56";"19.56";"54.5";"948.7";"3700";"";"-22.8221435546875";"-47.06568908691406";"625.9000000000001";"-104";"7.300000190734863";"15278";"1778801216809"
"1228";"2026-05-14 20:27:56";"19.55";"54.5";"948.76";"3720";"";"-22.8221435546875";"-47.065677642822266";"618.7";"-103";"7.800000190734863";"15279";"1778801276815"
"1229";"2026-05-14 20:28:56";"19.53";"54.5";"948.72";"3720";"";"-22.822139739990234";"-47.06570816040039";"625.5";"-103";"7.300000190734863";"15280";"1778801336819"
"1230";"2026-05-14 20:29:56";"19.53";"54.5";"948.76";"3700";"";"-22.822128295898438";"-47.06568908691406";"619";"-103";"7.800000190734863";"15281";"1778801396810"
"1231";"2026-05-14 20:30:56";"19.52";"54.5";"948.72";"3740";"";"-22.822128295898438";"-47.06565856933594";"614.4000000000001";"-102";"8.300000190734863";"15282";"1778801456813"
"1232";"2026-05-14 20:31:56";"19.52";"54.5";"948.74";"3700";"";"-22.82209587097168";"-47.06564712524414";"615.5";"-103";"8";"15283";"1778801516801"
"1233";"2026-05-14 20:32:56";"19.51";"54.5";"948.72";"3720";"";"-22.822124481201172";"-47.065643310546875";"610.7";"-103";"7.800000190734863";"15284";"1778801576816"
"1234";"2026-05-14 20:33:56";"19.51";"54.5";"948.72";"3700";"";"-22.8221378326416";"-47.065643310546875";"622.7";"-104";"6.800000190734863";"15285";"1778801636822"
"1235";"2026-05-14 20:34:56";"19.5";"54.5";"948.6800000000001";"3740";"";"-22.822145462036133";"-47.065670013427734";"622.9000000000001";"-104";"7";"15286";"1778801696811"
"1236";"2026-05-14 20:35:56";"19.48";"54.5";"948.62";"3740";"";"-22.82213592529297";"-47.065650939941406";"618.7";"-104";"7.300000190734863";"15287";"1778801756819"
"1237";"2026-05-14 20:36:55";"19.47";"55";"948.62";"3740";"";"-22.822147369384766";"-47.06565475463867";"624.9000000000001";"-105";"6.300000190734863";"15288";"1778801815820"
"1238";"2026-05-14 20:37:56";"19.45";"54.5";"948.64";"3740";"";"-22.82215118408203";"-47.06562042236328";"614.2";"-104";"7.300000190734863";"15289";"1778801876820"
"1239";"2026-05-14 20:38:56";"19.43";"54.5";"948.7";"3700";"";"-22.82218360900879";"-47.06559753417969";"620.9000000000001";"-104";"7.300000190734863";"15290";"1778801936806"
"1240";"2026-05-14 20:39:55";"19.42";"54.5";"948.74";"3700";"";"-22.822111129760742";"-47.06563949584961";"608.7";"-102";"7.5";"15291";"1778801995811"
"1241";"2026-05-14 20:40:56";"19.41";"54.5";"948.78";"3700";"";"-22.8221435546875";"-47.06564712524414";"615.9000000000001";"-103";"8";"15292";"1778802056828"
"1242";"2026-05-14 20:41:56";"19.41";"54.5";"948.74";"3720";"";"-22.82210922241211";"-47.065635681152344";"615";"-103";"8";"15293";"1778802116819"
"1243";"2026-05-14 20:42:55";"19.39";"54.5";"948.76";"3740";"";"-22.822017669677734";"-47.065616607666016";"592.7";"-103";"7.800000190734863";"15294";"1778802175819"
"1244";"2026-05-14 20:43:56";"19.39";"54.5";"948.74";"3720";"";"-22.822071075439453";"-47.06573486328125";"626.5";"-104";"6.800000190734863";"15295";"1778802236815"
"1245";"2026-05-14 20:44:56";"19.39";"54.5";"948.8000000000001";"3700";"";"-22.822134017944336";"-47.06571960449219";"628.5";"-103";"7.5";"15296";"1778802296806"
"1246";"2026-05-14 20:45:56";"19.4";"54.5";"948.8000000000001";"3720";"";"-22.82217788696289";"-47.06570816040039";"630";"-103";"7.800000190734863";"15297";"1778802356814"
"1247";"2026-05-14 20:46:56";"19.4";"54.5";"948.78";"3720";"";"-22.822206497192383";"-47.06569290161133";"633.2";"-104";"7";"15298";"1778802416821"
"1248";"2026-05-14 20:47:56";"19.4";"54.5";"948.8000000000001";"3720";"";"-22.82222557067871";"-47.065616607666016";"642.4000000000001";"-103";"7.300000190734863";"15299";"1778802476784"
"1249";"2026-05-14 20:48:56";"19.4";"54.5";"948.78";"3720";"";"-22.82220458984375";"-47.065650939941406";"633.5";"-103";"7.300000190734863";"15300";"1778802536812"
"1250";"2026-05-14 20:49:56";"19.39";"54.5";"948.84";"3720";"";"-22.822175979614258";"-47.065650939941406";"620.2";"-103";"7.300000190734863";"15301";"1778802596820"
"1251";"2026-05-14 20:50:56";"19.37";"54.5";"948.84";"3720";"";"-22.822145462036133";"-47.065643310546875";"619.2";"-103";"7.800000190734863";"15302";"1778802656824"
"1252";"2026-05-14 20:51:56";"19.35";"54.5";"948.86";"3700";"";"-22.822128295898438";"-47.065673828125";"617";"-103";"7.300000190734863";"15303";"1778802716818"
"1253";"2026-05-14 20:52:56";"19.32";"54.5";"948.82";"3740";"";"-22.82217025756836";"-47.06564712524414";"617.7";"-104";"7";"15304";"1778802776815"
"1254";"2026-05-14 20:53:55";"19.31";"55";"948.88";"3740";"";"-22.82218360900879";"-47.065696716308594";"606.5";"-104";"6.5";"15305";"1778802835777"
"1255";"2026-05-14 20:54:56";"19.31";"54.5";"948.88";"3740";"";"-22.82218360900879";"-47.065677642822266";"613";"-104";"7";"15306";"1778802896820"
"1256";"2026-05-14 20:55:56";"19.31";"55";"948.88";"3720";"";"-22.822174072265625";"-47.06565856933594";"618";"-102";"8.300000190734863";"15307";"1778802956824"
"1257";"2026-05-14 20:56:56";"19.33";"54.5";"948.88";"3700";"";"-22.82219886779785";"-47.06565475463867";"626.2";"-102";"8.5";"15308";"1778803016819"
"1258";"2026-05-14 20:57:55";"19.33";"54.5";"948.88";"3720";"";"-22.822154998779297";"-47.06565856933594";"613.2";"-101";"9";"15309";"1778803075816"
"1259";"2026-05-14 20:58:55";"19.33";"54.5";"948.9";"3740";"";"-22.822175979614258";"-47.06568908691406";"610.2";"-102";"8.800000190734863";"15310";"1778803135826"
"1260";"2026-05-14 20:59:56";"19.3";"54.5";"948.88";"3700";"";"-22.822181701660156";"-47.065677642822266";"620.7";"-102";"9";"15311";"1778803196811"
"1261";"2026-05-14 21:00:55";"19.28";"54.5";"948.9";"3720";"";"-22.82222557067871";"-47.06565856933594";"634";"-102";"9";"15312";"1778803255823"
"1262";"2026-05-14 21:01:55";"19.28";"54.5";"948.9200000000001";"3740";"";"-22.82220458984375";"-47.06564712524414";"618.2";"-102";"8.800000190734863";"15313";"1778803315816"
"1263";"2026-05-14 21:02:55";"19.26";"54.5";"948.9";"3720";"";"-22.822160720825195";"-47.065643310546875";"610.7";"-101";"9";"15314";"1778803375817"
"1264";"2026-05-14 21:03:55";"19.23";"54.5";"948.9200000000001";"3720";"";"-22.822223663330078";"-47.065673828125";"609.2";"-101";"8.800000190734863";"15315";"1778803435815"
"1265";"2026-05-14 21:04:55";"19.22";"54.5";"948.98";"3700";"";"-22.822175979614258";"-47.06562805175781";"617.2";"-101";"9";"15316";"1778803495822"
"1266";"2026-05-14 21:05:56";"19.19";"55";"948.98";"3680";"";"-22.82210922241211";"-47.06563186645508";"614.2";"-106";"4.800000190734863";"15317";"1778803556825"
"1267";"2026-05-14 21:06:55";"19.16";"55";"948.98";"3740";"";"-22.822080612182617";"-47.06563186645508";"610.5";"-105";"6.300000190734863";"15318";"1778803615815"
"1268";"2026-05-14 21:07:55";"19.15";"54.5";"949";"3700";"";"-22.82213020324707";"-47.06565475463867";"606.5";"-105";"6.800000190734863";"15319";"1778803675813"
"1269";"2026-05-14 21:08:55";"19.16";"55";"949.02";"3740";"";"-22.822139739990234";"-47.065650939941406";"616.5";"-104";"6.5";"15320";"1778803735829"
"1270";"2026-05-14 21:09:55";"19.14";"55";"949";"3740";"";"-22.8221378326416";"-47.06565856933594";"616.7";"-104";"6.300000190734863";"15321";"1778803795814"
"1271";"2026-05-14 21:10:56";"19.11";"55";"949.02";"3700";"";"-22.822126388549805";"-47.065650939941406";"612.7";"-105";"5.800000190734863";"15322";"1778803856816"
"1272";"2026-05-14 21:11:55";"19.09";"55";"949";"3720";"";"-22.822145462036133";"-47.065677642822266";"622.9000000000001";"-104";"5.800000190734863";"15323";"1778803915810"
"1273";"2026-05-14 21:14:55";"19";"55";"948.96";"3720";"";"-22.822154998779297";"-47.0656623840332";"612.7";"-104";"6.5";"15326";"1778804095818"
"1274";"2026-05-14 21:15:55";"18.98";"55";"948.98";"3700";"";"-22.82212257385254";"-47.065650939941406";"611.5";"-103";"7.5";"15327";"1778804155813"
"1275";"2026-05-14 21:16:55";"18.98";"55";"949.04";"3720";"";"-22.822118759155273";"-47.06565475463867";"606.7";"-104";"7";"15328";"1778804215811"
"1276";"2026-05-14 21:17:55";"18.97";"55";"949.02";"3720";"";"-22.822139739990234";"-47.065670013427734";"607.7";"-103";"7.800000190734863";"15329";"1778804275817"
"1277";"2026-05-14 21:18:55";"18.96";"55";"948.98";"3740";"";"-22.822172164916992";"-47.0656623840332";"615.7";"-103";"7.5";"15330";"1778804335818"
"1278";"2026-05-14 21:19:55";"18.93";"55";"949";"3700";"";"-22.822153091430664";"-47.065635681152344";"620.5";"-103";"7.5";"15331";"1778804395816"
"1279";"2026-05-14 21:20:55";"18.92";"55";"949.02";"3720";"";"-22.822175979614258";"-47.06562805175781";"608.4";"-102";"6.800000190734863";"15332";"1778804455820"
"1280";"2026-05-14 21:21:55";"18.9";"55";"949.02";"3700";"";"-22.822139739990234";"-47.06564712524414";"616.9000000000001";"-102";"8";"15333";"1778804515823"
"1281";"2026-05-14 21:22:55";"18.9";"55";"949.04";"3700";"";"-22.822105407714844";"-47.065635681152344";"617.7";"-101";"9.300000190734863";"15334";"1778804575822"
"1282";"2026-05-14 21:23:55";"18.89";"55";"949.04";"3700";"";"-22.822134017944336";"-47.065650939941406";"621.9000000000001";"-102";"8.300000190734863";"15335";"1778804635822"
"1283";"2026-05-14 21:24:55";"18.87";"55";"949";"3700";"";"-22.822141647338867";"-47.065643310546875";"616.7";"-101";"9.300000190734863";"15336";"1778804695816"
"1284";"2026-05-14 21:25:55";"18.86";"55";"949.02";"3740";"";"-22.822134017944336";"-47.06562805175781";"632";"-101";"9";"15337";"1778804755825"
"1285";"2026-05-14 21:26:55";"18.85";"55";"949";"3720";"";"-22.82213592529297";"-47.06563186645508";"624.5";"-102";"8.5";"15338";"1778804815820"
"1286";"2026-05-14 21:27:55";"18.84";"55";"948.96";"3700";"";"-22.8221378326416";"-47.06564712524414";"620.2";"-101";"9";"15339";"1778804875822"
"1287";"2026-05-14 21:28:55";"18.83";"55";"948.96";"3720";"";"-22.8221435546875";"-47.065650939941406";"610.2";"-102";"9";"15340";"1778804935822"
"1288";"2026-05-14 21:29:55";"18.81";"55";"948.96";"3740";"";"-22.822134017944336";"-47.06566619873047";"606.2";"-102";"9";"15341";"1778804995812"
"1289";"2026-05-14 21:30:55";"18.79";"55.5";"948.94";"3700";"";"-22.822128295898438";"-47.06565856933594";"616";"-102";"8.300000190734863";"15342";"1778805055819"
"1290";"2026-05-14 21:31:55";"18.75";"55.5";"948.94";"3740";"";"-22.8221378326416";"-47.065670013427734";"618";"-102";"8.5";"15343";"1778805115815"
"1291";"2026-05-14 21:32:55";"18.75";"55";"948.96";"3700";"";"-22.822168350219727";"-47.065670013427734";"622.9000000000001";"-102";"8.5";"15344";"1778805175822"
"1292";"2026-05-14 21:33:55";"18.74";"55.5";"948.98";"3720";"";"-22.82212257385254";"-47.06565475463867";"618";"-103";"8.300000190734863";"15345";"1778805235813"
"1293";"2026-05-14 21:34:55";"18.76";"55.5";"949.02";"3700";"";"-22.822086334228516";"-47.06566619873047";"618.4000000000001";"-103";"8";"15346";"1778805295819"
"1294";"2026-05-14 21:35:55";"18.75";"55";"949";"3700";"";"-22.8221492767334";"-47.065643310546875";"614.4000000000001";"-103";"7.5";"15347";"1778805355826"
"1295";"2026-05-14 21:36:55";"18.73";"55";"949.02";"3720";"";"-22.822111129760742";"-47.06564712524414";"625";"-104";"7.5";"15348";"1778805415815"
"1296";"2026-05-14 21:37:55";"18.72";"55.5";"949";"3700";"";"-22.822141647338867";"-47.065635681152344";"627.2";"-104";"7.300000190734863";"15349";"1778805475813"
"1297";"2026-05-14 21:38:55";"18.71";"55.5";"949";"3720";"";"-22.822086334228516";"-47.0656623840332";"621.5";"-104";"7.5";"15350";"1778805535829"
"1298";"2026-05-14 21:39:55";"18.7";"55";"948.96";"3700";"";"-22.822114944458008";"-47.06563949584961";"618";"-104";"7.300000190734863";"15351";"1778805595816"
"1299";"2026-05-14 21:40:55";"18.7";"55.5";"949";"3700";"";"-22.822072982788086";"-47.06564712524414";"619.2";"-105";"6.5";"15352";"1778805655849"
"1300";"2026-05-14 21:41:55";"18.69";"55";"949";"3700";"";"-22.822086334228516";"-47.06563186645508";"620.7";"-104";"7";"15353";"1778805715818"
"1301";"2026-05-14 21:42:55";"18.69";"55";"948.94";"3700";"";"-22.822107315063477";"-47.065616607666016";"620.7";"-103";"7.5";"15354";"1778805775816"
"1302";"2026-05-14 21:43:55";"18.69";"55";"948.9200000000001";"3700";"";"-22.822084426879883";"-47.065650939941406";"616.5";"-104";"6";"15355";"1778805835821"
"1303";"2026-05-14 21:44:55";"18.69";"55";"948.88";"3720";"";"-22.822063446044922";"-47.06565475463867";"623.2";"-103";"8";"15356";"1778805895790"
"1304";"2026-05-14 21:45:55";"18.69";"55";"948.88";"3720";"";"-22.822080612182617";"-47.06568145751953";"622";"-104";"7.5";"15357";"1778805955822"
"1305";"2026-05-14 21:46:55";"18.67";"55";"948.88";"3700";"";"-22.822134017944336";"-47.065673828125";"615";"-103";"7.5";"15358";"1778806015817"
"1306";"2026-05-14 21:47:55";"18.66";"55";"948.9200000000001";"3700";"";"-22.822105407714844";"-47.06565475463867";"616";"-103";"7.800000190734863";"15359";"1778806075818"
"1307";"2026-05-14 21:48:55";"18.68";"55";"948.9200000000001";"3720";"";"-22.822162628173828";"-47.06562423706055";"622.7";"-103";"7.800000190734863";"15360";"1778806135785"
"1308";"2026-05-14 21:49:55";"18.68";"55";"948.94";"3660";"";"-22.822113037109375";"-47.06562042236328";"630.2";"-103";"7";"15361";"1778806195822"
"1309";"2026-05-14 21:50:55";"18.7";"55";"948.98";"3700";"";"-22.822120666503906";"-47.06563186645508";"632.5";"-104";"7.5";"15362";"1778806255812"
"1310";"2026-05-14 21:51:55";"18.71";"55";"948.9200000000001";"3680";"";"-22.822120666503906";"-47.06563186645508";"617.7";"-104";"7.300000190734863";"15363";"1778806315826"
"1311";"2026-05-14 21:52:55";"18.72";"55";"948.94";"3700";"";"-22.822107315063477";"-47.06569290161133";"608.5";"-104";"7.800000190734863";"15364";"1778806375823"
"1312";"2026-05-14 21:53:55";"18.72";"55";"948.9200000000001";"3700";"";"-22.82209587097168";"-47.06570053100586";"598.7";"-103";"7.800000190734863";"15365";"1778806435813"
"1313";"2026-05-14 21:54:55";"18.72";"55";"948.9200000000001";"3720";"";"-22.82210922241211";"-47.0656852722168";"598.9";"-104";"7.800000190734863";"15366";"1778806495811"
"1314";"2026-05-14 21:55:55";"18.75";"55";"948.96";"3700";"";"-22.822126388549805";"-47.065650939941406";"605";"-103";"7.800000190734863";"15367";"1778806555814"
"1315";"2026-05-14 21:56:55";"18.79";"55";"948.96";"3680";"";"-22.8221435546875";"-47.065650939941406";"609";"-103";"7.800000190734863";"15368";"1778806615828"
"1316";"2026-05-14 21:57:55";"18.82";"54.5";"948.96";"3700";"";"-22.822124481201172";"-47.06566619873047";"606.4";"-103";"7.800000190734863";"15369";"1778806675818"
"1317";"2026-05-14 21:58:55";"18.85";"54.5";"949";"3700";"";"-22.822113037109375";"-47.06565856933594";"605.7";"-103";"7.800000190734863";"15370";"1778806735826"
"1318";"2026-05-14 21:59:55";"18.87";"54.5";"948.98";"3720";"";"-22.822124481201172";"-47.065635681152344";"602.2";"-104";"7.5";"15371";"1778806795811"
"1319";"2026-05-14 22:00:56";"18.86";"54.5";"949.02";"3700";"";"-22.82215118408203";"-47.06570816040039";"588.4";"-102";"8.5";"15372";"1778806856090"
"1320";"2026-05-14 22:01:55";"18.86";"54.5";"949";"3700";"";"-22.8221378326416";"-47.06564712524414";"603.5";"-103";"8.300000190734863";"15373";"1778806915813"
"1321";"2026-05-14 22:02:55";"18.88";"54.5";"949";"3720";"";"-22.822132110595703";"-47.065650939941406";"605";"-102";"8.300000190734863";"15374";"1778806975825"
"1322";"2026-05-14 22:03:55";"18.86";"54.5";"949";"3700";"";"-22.82212257385254";"-47.06566619873047";"602";"-102";"8.5";"15375";"1778807035792"
"1323";"2026-05-14 22:04:55";"18.84";"54.5";"949";"3680";"";"-22.822113037109375";"-47.06562042236328";"604.7";"-102";"8.300000190734863";"15376";"1778807095821"
"1324";"2026-05-14 22:05:55";"18.81";"54.5";"948.98";"3700";"";"-22.822059631347656";"-47.065582275390625";"614";"-99";"9.800000190734863";"15377";"1778807155825"
"1325";"2026-05-14 22:06:55";"18.79";"54.5";"948.96";"3700";"";"-22.82208824157715";"-47.06560134887695";"618.5";"-99";"10.300000190734863";"15378";"1778807215831"
"1326";"2026-05-14 22:07:55";"18.76";"55";"948.94";"3700";"";"-22.822118759155273";"-47.06558609008789";"619.2";"-102";"8.5";"15379";"1778807275818"
"1327";"2026-05-14 22:08:55";"18.72";"55";"948.9200000000001";"3700";"";"-22.82210350036621";"-47.06563186645508";"610.9";"-102";"8.5";"15380";"1778807335788"
"1328";"2026-05-14 22:09:55";"18.68";"55";"948.96";"3680";"";"-22.822126388549805";"-47.065696716308594";"599.2";"-103";"7.800000190734863";"15381";"1778807395836"
"1329";"2026-05-14 22:10:55";"18.66";"55";"948.98";"3700";"";"-22.822120666503906";"-47.06568908691406";"612.5";"-102";"8";"15382";"1778807455821"
"1330";"2026-05-14 22:11:55";"18.65";"55";"948.98";"3680";"";"-22.822141647338867";"-47.065677642822266";"613";"-102";"9";"15383";"1778807515828"
"1331";"2026-05-14 22:12:55";"18.63";"55";"948.98";"3700";"";"-22.82210922241211";"-47.065650939941406";"617";"-102";"7.300000190734863";"15384";"1778807575827"
"1332";"2026-05-14 22:13:55";"18.65";"55";"948.98";"3720";"";"-22.822084426879883";"-47.06558609008789";"637.2";"-102";"9.300000190734863";"15385";"1778807635829"
"1333";"2026-05-14 22:14:55";"18.66";"55";"949.02";"3700";"";"-22.822092056274414";"-47.06565475463867";"637.7";"-102";"9";"15386";"1778807695816"
"1334";"2026-05-14 22:15:55";"18.66";"55";"949";"3720";"";"-22.822080612182617";"-47.06578063964844";"632.4000000000001";"-102";"8.5";"15387";"1778807755830"
"1335";"2026-05-14 22:16:55";"18.64";"55";"949";"3680";"";"-22.822114944458008";"-47.06569290161133";"613.7";"-102";"8.800000190734863";"15388";"1778807815828"
"1336";"2026-05-14 22:17:55";"18.63";"55";"949.02";"3720";"";"-22.822092056274414";"-47.065670013427734";"611";"-102";"8.300000190734863";"15389";"1778807875825"
"1337";"2026-05-14 22:18:55";"18.64";"55";"949.02";"3680";"";"-22.822134017944336";"-47.065635681152344";"621.5";"-103";"8";"15390";"1778807935788"
"1338";"2026-05-14 22:19:55";"18.66";"55";"949.04";"3700";"";"-22.822139739990234";"-47.065670013427734";"620.5";"-105";"6.800000190734863";"15391";"1778807995826"
"1339";"2026-05-14 22:20:55";"18.67";"55";"949.02";"3700";"";"-22.822124481201172";"-47.065677642822266";"615.5";"-102";"8.300000190734863";"15392";"1778808055827"
"1340";"2026-05-14 22:21:55";"18.67";"55";"949.0600000000001";"3680";"";"-22.822145462036133";"-47.06566619873047";"625.4000000000001";"-103";"8.300000190734863";"15393";"1778808115818"
"1341";"2026-05-14 22:22:55";"18.66";"55";"949.04";"3700";"";"-22.822120666503906";"-47.06564712524414";"621.2";"-102";"8.800000190734863";"15394";"1778808175819"
"1342";"2026-05-14 22:23:55";"18.67";"55";"949.0600000000001";"3720";"";"-22.822111129760742";"-47.06565856933594";"608";"-102";"8.300000190734863";"15395";"1778808235819"
"1343";"2026-05-14 22:24:55";"18.66";"55";"949.02";"3700";"";"-22.822099685668945";"-47.065643310546875";"608.5";"-102";"8.800000190734863";"15396";"1778808295830"
"1344";"2026-05-14 22:25:55";"18.64";"55";"949.04";"3680";"";"-22.822124481201172";"-47.065616607666016";"623.5";"-102";"9";"15397";"1778808355831"
"1345";"2026-05-14 22:26:55";"18.64";"55";"949.02";"3700";"";"-22.822126388549805";"-47.06562423706055";"625.7";"-102";"8.5";"15398";"1778808415825"
"1346";"2026-05-14 22:27:55";"18.65";"55";"949.04";"3680";"";"-22.82210350036621";"-47.06560516357422";"626.4000000000001";"-102";"8.5";"15399";"1778808475820"
"1347";"2026-05-14 22:28:55";"18.64";"55";"949";"3700";"";"-22.822124481201172";"-47.065589904785156";"621.4000000000001";"-101";"9.300000190734863";"15400";"1778808535809"
"1348";"2026-05-14 22:29:55";"18.63";"55";"949";"3680";"";"-22.82212257385254";"-47.065616607666016";"610";"-102";"8.800000190734863";"15401";"1778808595837"
"1349";"2026-05-14 22:30:55";"18.63";"55";"949";"3720";"";"-22.822120666503906";"-47.06569290161133";"602.4";"-102";"8.5";"15402";"1778808655822"
"1350";"2026-05-14 22:31:55";"18.63";"55";"949";"3700";"";"-22.82210922241211";"-47.06566619873047";"605.9";"-101";"9.300000190734863";"15403";"1778808715829"
"1351";"2026-05-14 22:32:55";"18.64";"55";"949";"3700";"";"-22.82213592529297";"-47.06562805175781";"611.2";"-102";"8.5";"15404";"1778808775822"
"1352";"2026-05-14 22:33:55";"18.64";"55";"948.98";"3700";"";"-22.82213020324707";"-47.06563186645508";"616.7";"-104";"7.5";"15405";"1778808835790"
"1353";"2026-05-14 22:34:55";"18.66";"55";"948.98";"3720";"";"-22.82213020324707";"-47.06563186645508";"621";"-102";"9";"15406";"1778808895829"
"1354";"2026-05-14 22:35:55";"18.67";"55";"948.98";"3700";"";"-22.822153091430664";"-47.06564712524414";"610.9";"-103";"8";"15407";"1778808955827"
"1355";"2026-05-14 22:36:55";"18.68";"55";"948.98";"3680";"";"-22.82212257385254";"-47.065677642822266";"619.7";"-102";"8";"15408";"1778809015828"
"1356";"2026-05-14 22:37:55";"18.66";"54.5";"948.96";"3700";"";"-22.822086334228516";"-47.06571578979492";"612";"-102";"9";"15409";"1778809075818"
"1357";"2026-05-14 22:38:55";"18.64";"54.5";"948.96";"3700";"";"-22.822092056274414";"-47.06569290161133";"603.5";"-103";"8";"15410";"1778809135813"
"1358";"2026-05-14 22:39:55";"18.63";"55";"948.96";"3680";"";"-22.822114944458008";"-47.065677642822266";"608.2";"-104";"7.5";"15411";"1778809195818"
"1359";"2026-05-14 22:40:55";"18.58";"55";"948.9200000000001";"3680";"";"-22.822114944458008";"-47.06562805175781";"619.2";"-104";"7";"15412";"1778809255829"
"1360";"2026-05-14 22:41:55";"18.56";"55";"948.96";"3680";"";"-22.822118759155273";"-47.06565475463867";"617.7";"-103";"8.300000190734863";"15413";"1778809315820"
"1361";"2026-05-14 22:42:55";"18.55";"55";"948.98";"3680";"";"-22.82210922241211";"-47.065673828125";"616.5";"-104";"7.5";"15414";"1778809375795"
"1362";"2026-05-14 22:43:55";"18.51";"55";"948.96";"3680";"";"-22.82211685180664";"-47.06564712524414";"614.7";"-104";"7.5";"15415";"1778809435829"
"1363";"2026-05-14 22:44:55";"18.52";"55";"948.94";"3680";"";"-22.822111129760742";"-47.065673828125";"610.7";"-103";"7.800000190734863";"15416";"1778809495820"
"1364";"2026-05-14 22:45:55";"18.52";"55";"948.98";"3660";"";"-22.822105407714844";"-47.065643310546875";"611.9";"-104";"7";"15417";"1778809555827"
"1365";"2026-05-14 22:46:55";"18.52";"55";"948.9200000000001";"3680";"";"-22.822099685668945";"-47.06565856933594";"611.7";"-102";"8.300000190734863";"15418";"1778809615839"
"1366";"2026-05-14 22:47:55";"18.51";"55";"948.9200000000001";"3680";"";"-22.822114944458008";"-47.065616607666016";"617.2";"-103";"8";"15419";"1778809675821"
"1367";"2026-05-14 22:48:55";"18.52";"55";"948.94";"3700";"";"-22.822092056274414";"-47.06561279296875";"622.5";"-103";"8.300000190734863";"15420";"1778809735794"
"1368";"2026-05-14 22:49:55";"18.52";"55";"949";"3660";"";"-22.822107315063477";"-47.065635681152344";"616.9000000000001";"-102";"8.800000190734863";"15421";"1778809795828"
"1369";"2026-05-14 22:50:55";"18.51";"55";"949.02";"3680";"";"-22.82213020324707";"-47.06562423706055";"616.2";"-104";"7.800000190734863";"15422";"1778809855830"
"1370";"2026-05-14 22:51:55";"18.5";"55";"949";"3700";"";"-22.822105407714844";"-47.065616607666016";"617.7";"-103";"7.5";"15423";"1778809915831"
"1371";"2026-05-14 22:52:55";"18.5";"55";"949.02";"3720";"";"-22.82213592529297";"-47.065635681152344";"619";"-102";"8";"15424";"1778809975843"
"1372";"2026-05-14 22:53:55";"18.5";"55";"949.0600000000001";"3700";"";"-22.822118759155273";"-47.065643310546875";"622";"-101";"9";"15425";"1778810035857"
"1373";"2026-05-14 22:54:55";"18.51";"55";"949.04";"3700";"";"-22.822120666503906";"-47.06563949584961";"617.5";"-101";"9";"15426";"1778810095815"
"1374";"2026-05-14 22:55:55";"18.52";"55";"949.04";"3700";"";"-22.82210922241211";"-47.06563186645508";"609.9";"-102";"8.800000190734863";"15427";"1778810155828"
"1375";"2026-05-14 22:56:55";"18.53";"55";"949.1";"3700";"";"-22.822139739990234";"-47.065673828125";"604.5";"-102";"9.300000190734863";"15428";"1778810215820"
"1376";"2026-05-14 22:57:55";"18.54";"55";"949.04";"3680";"";"-22.82211685180664";"-47.065650939941406";"615.9000000000001";"-101";"9.5";"15429";"1778810275825"
"1377";"2026-05-14 22:58:55";"18.53";"54.5";"949.08";"3700";"";"-22.822134017944336";"-47.06565475463867";"616.7";"-100";"9.5";"15430";"1778810335818"
"1378";"2026-05-14 22:59:55";"18.52";"55";"949.08";"3700";"";"-22.822101593017578";"-47.06562042236328";"619";"-100";"9.800000190734863";"15431";"1778810395812"
"1379";"2026-05-14 23:00:55";"18.5";"55";"949.1";"3700";"";"-22.822124481201172";"-47.06561279296875";"617";"-100";"9.800000190734863";"15432";"1778810455814"
"1380";"2026-05-14 23:01:55";"18.5";"55";"949.12";"3680";"";"-22.822101593017578";"-47.06564712524414";"611.5";"-100";"9.800000190734863";"15433";"1778810515829"
"1381";"2026-05-14 23:02:55";"18.51";"55";"949.1";"3680";"";"-22.822120666503906";"-47.06562423706055";"614.5";"-100";"9.800000190734863";"15434";"1778810575820"
"1382";"2026-05-14 23:03:55";"18.5";"55";"949.12";"3700";"";"-22.82212257385254";"-47.06563186645508";"610.7";"-99";"10.5";"15435";"1778810635821"
"1383";"2026-05-14 23:04:55";"18.49";"55";"949.12";"3700";"";"-22.822134017944336";"-47.065643310546875";"609";"-99";"10.300000190734863";"15436";"1778810695823"
"1384";"2026-05-14 23:05:55";"18.49";"55";"949.14";"3680";"";"-22.822113037109375";"-47.0656623840332";"607";"-100";"9.800000190734863";"15437";"1778810755791"
"1385";"2026-05-14 23:06:55";"18.48";"55";"949.12";"3680";"";"-22.822120666503906";"-47.065711975097656";"606.5";"-100";"10";"15438";"1778810815821"
"1386";"2026-05-14 23:07:55";"18.47";"55";"949.12";"3720";"";"-22.822120666503906";"-47.06568145751953";"611.5";"-100";"9.800000190734863";"15439";"1778810875812"
"1387";"2026-05-14 23:08:55";"18.46";"55";"949.0600000000001";"3660";"";"-22.822128295898438";"-47.065670013427734";"615";"-101";"9.800000190734863";"15440";"1778810935854"
"1388";"2026-05-14 23:09:55";"18.46";"55";"949.08";"3680";"";"-22.82211685180664";"-47.0656623840332";"613.7";"-100";"10";"15441";"1778810995820"
"1389";"2026-05-14 23:10:55";"18.44";"55";"949.08";"3660";"";"-22.822105407714844";"-47.06566619873047";"610";"-99";"10.300000190734863";"15442";"1778811055831"
"1390";"2026-05-14 23:11:55";"18.45";"55";"949.1";"3660";"";"-22.822113037109375";"-47.065650939941406";"615.7";"-99";"10.5";"15443";"1778811115830"
"1391";"2026-05-14 23:12:55";"18.45";"55";"949.08";"3680";"";"-22.822128295898438";"-47.06565856933594";"610.9";"-99";"10.800000190734863";"15444";"1778811175830"
"1392";"2026-05-14 23:13:55";"18.44";"55";"949.0600000000001";"3660";"";"-22.82212257385254";"-47.065670013427734";"614";"-99";"11";"15445";"1778811235820"
"1393";"2026-05-14 23:14:55";"18.43";"55";"949.04";"3680";"";"-22.822120666503906";"-47.065650939941406";"607";"-99";"10.5";"15446";"1778811295828"
"1394";"2026-05-14 23:15:55";"18.42";"55";"949.04";"3660";"";"-22.822145462036133";"-47.06565856933594";"610";"-99";"9.800000190734863";"15447";"1778811355820"
"1395";"2026-05-14 23:16:55";"18.4";"55";"949";"3660";"";"-22.82215690612793";"-47.0656623840332";"608.9";"-100";"10";"15448";"1778811415825"
"1396";"2026-05-14 23:17:55";"18.38";"55";"948.96";"3680";"";"-22.82215118408203";"-47.065673828125";"602";"-100";"9.800000190734863";"15449";"1778811475822"
"1397";"2026-05-14 23:18:55";"18.35";"55.5";"949";"3700";"";"-22.822147369384766";"-47.06566619873047";"606.9";"-99";"10.300000190734863";"15450";"1778811535826"
"1398";"2026-05-14 23:19:55";"18.34";"55";"949.04";"3680";"";"-22.822128295898438";"-47.0656623840332";"605.2";"-99";"10.300000190734863";"15451";"1778811595832"
"1399";"2026-05-14 23:20:55";"18.34";"55";"949.02";"3680";"";"-22.82212257385254";"-47.06562423706055";"603.4";"-99";"10.800000190734863";"15452";"1778811655824"
"1400";"2026-05-14 23:21:55";"18.32";"55.5";"949.04";"3700";"";"-22.822132110595703";"-47.06565475463867";"602";"-99";"10.300000190734863";"15453";"1778811715822"
"1401";"2026-05-14 23:22:55";"18.3";"55.5";"949.0600000000001";"3680";"";"-22.822113037109375";"-47.065635681152344";"622";"-99";"10.5";"15454";"1778811775822"
"1402";"2026-05-14 23:23:55";"18.29";"55.5";"949.0600000000001";"3660";"";"-22.822134017944336";"-47.065650939941406";"611";"-99";"11";"15455";"1778811835788"
"1403";"2026-05-14 23:24:55";"18.28";"55.5";"949.04";"3680";"";"-22.8221435546875";"-47.0656623840332";"611.4";"-99";"10.800000190734863";"15456";"1778811895821"
"1404";"2026-05-14 23:25:55";"18.27";"55.5";"949";"3700";"";"-22.82218360900879";"-47.0656623840332";"609.9";"-99";"10.800000190734863";"15457";"1778811955811"
"1405";"2026-05-14 23:26:55";"18.28";"55.5";"949.0600000000001";"3700";"";"-22.822147369384766";"-47.065670013427734";"605.5";"-99";"10.5";"15458";"1778812015826"
"1406";"2026-05-14 23:27:55";"18.25";"55.5";"949.0600000000001";"3680";"";"-22.822141647338867";"-47.065670013427734";"599.5";"-99";"11";"15459";"1778812075826"
"1407";"2026-05-14 23:28:55";"18.24";"55.5";"949.08";"3660";"";"-22.8221435546875";"-47.06566619873047";"599.9";"-98";"10.800000190734863";"15460";"1778812135794"
"1408";"2026-05-14 23:29:55";"18.24";"55.5";"949.08";"3680";"";"-22.82213020324707";"-47.0656623840332";"616.5";"-98";"10";"15461";"1778812195827"
"1409";"2026-05-14 23:30:55";"18.26";"55.5";"949.0600000000001";"3700";"";"-22.822111129760742";"-47.065673828125";"610.9";"-99";"10.5";"15462";"1778812255822"
"1410";"2026-05-14 23:31:55";"18.26";"55.5";"949.04";"3680";"";"-22.822126388549805";"-47.06566619873047";"611.4";"-99";"10.800000190734863";"15463";"1778812315818"
"1411";"2026-05-14 23:32:55";"18.25";"55.5";"949.02";"3680";"";"-22.82213020324707";"-47.06569290161133";"601";"-99";"11.300000190734863";"15464";"1778812375814"
"1412";"2026-05-14 23:33:55";"18.24";"55.5";"949.04";"3700";"";"-22.82211685180664";"-47.065670013427734";"608.2";"-98";"11";"15465";"1778812435833"
"1413";"2026-05-14 23:34:55";"18.23";"55.5";"949.04";"3680";"";"-22.822120666503906";"-47.065670013427734";"620.5";"-98";"11.300000190734863";"15466";"1778812495812"
"1414";"2026-05-14 23:35:55";"18.2";"55.5";"949.04";"3660";"";"-22.822114944458008";"-47.06566619873047";"612.7";"-98";"11.300000190734863";"15467";"1778812555819"
"1415";"2026-05-14 23:36:55";"18.19";"55.5";"949.04";"3660";"";"-22.822118759155273";"-47.06565475463867";"615.5";"-98";"11";"15468";"1778812615812"
"1416";"2026-05-14 23:37:55";"18.18";"55.5";"949.04";"3700";"";"-22.822105407714844";"-47.065673828125";"615.7";"-98";"11";"15469";"1778812675814"
"1417";"2026-05-14 23:38:55";"18.15";"55.5";"949.08";"3680";"";"-22.822111129760742";"-47.065677642822266";"611.5";"-98";"11.300000190734863";"15470";"1778812735811"
"1418";"2026-05-14 23:39:55";"18.14";"55.5";"949.0600000000001";"3700";"";"-22.822139739990234";"-47.065711975097656";"614.5";"-97";"10.800000190734863";"15471";"1778812795815"
"1419";"2026-05-14 23:40:55";"18.13";"55.5";"949.04";"3660";"";"-22.822124481201172";"-47.065704345703125";"608";"-98";"10.800000190734863";"15472";"1778812855817"
"1420";"2026-05-14 23:41:55";"18.12";"55.5";"949.04";"3680";"";"-22.822139739990234";"-47.06569290161133";"614.9000000000001";"-98";"11";"15473";"1778812915810"
"1421";"2026-05-14 23:42:55";"18.08";"55.5";"949.04";"3700";"";"-22.8221378326416";"-47.065696716308594";"621.7";"-98";"11";"15474";"1778812975822"
"1422";"2026-05-14 23:43:55";"18.05";"55.5";"949.02";"3680";"";"-22.82210350036621";"-47.065673828125";"617";"-98";"9.5";"15475";"1778813035793"
"1423";"2026-05-14 23:44:55";"18.04";"55.5";"949.04";"3680";"";"-22.822111129760742";"-47.06565856933594";"616.7";"-98";"10";"15476";"1778813095824"
"1424";"2026-05-14 23:45:55";"18.03";"56";"949.02";"3700";"";"-22.8221435546875";"-47.06568908691406";"604.5";"-97";"11";"15477";"1778813155819"
"1425";"2026-05-14 23:46:55";"18.01";"56";"949.02";"3700";"";"-22.82212257385254";"-47.06568908691406";"605.2";"-97";"10.800000190734863";"15478";"1778813215824"
"1426";"2026-05-14 23:47:55";"17.98";"56";"948.96";"3660";"";"-22.822154998779297";"-47.06569290161133";"610.4";"-98";"11";"15479";"1778813275816"
"1427";"2026-05-14 23:48:55";"17.97";"56";"948.96";"3700";"";"-22.82212257385254";"-47.0656623840332";"612";"-97";"11.300000190734863";"15480";"1778813335829"
"1428";"2026-05-14 23:49:55";"17.98";"56";"948.98";"3700";"";"-22.82210350036621";"-47.065670013427734";"615.5";"-97";"11";"15481";"1778813395815"
"1429";"2026-05-14 23:50:55";"17.97";"56";"948.94";"3680";"";"-22.82210922241211";"-47.065670013427734";"611.2";"-97";"11";"15482";"1778813455806"
"1430";"2026-05-14 23:51:55";"17.95";"56";"948.98";"3660";"";"-22.82212257385254";"-47.06569290161133";"611.7";"-97";"11.300000190734863";"15483";"1778813515810"
"1431";"2026-05-14 23:52:55";"17.92";"56";"948.96";"3660";"";"-22.822139739990234";"-47.06568145751953";"608";"-97";"11.300000190734863";"15484";"1778813575827"
"1432";"2026-05-14 23:53:55";"17.93";"56";"948.96";"3680";"";"-22.822126388549805";"-47.065711975097656";"609";"-97";"11.300000190734863";"15485";"1778813635818"
"1433";"2026-05-14 23:54:55";"17.93";"56";"948.96";"3680";"";"-22.82213020324707";"-47.06568145751953";"606.4";"-97";"11.300000190734863";"15486";"1778813695823"
"1434";"2026-05-14 23:55:55";"17.94";"56";"948.94";"3680";"";"-22.822147369384766";"-47.0656623840332";"610.5";"-97";"10.800000190734863";"15487";"1778813755808"
"1435";"2026-05-14 23:56:55";"17.92";"56";"948.94";"3660";"";"-22.822128295898438";"-47.0656852722168";"608.7";"-97";"11.300000190734863";"15488";"1778813815824"
"1436";"2026-05-14 23:57:55";"17.91";"56";"948.9200000000001";"3660";"";"-22.8221378326416";"-47.06568908691406";"608.5";"-98";"10.800000190734863";"15489";"1778813875810"
"1437";"2026-05-14 23:58:55";"17.88";"56";"948.96";"3660";"";"-22.8221492767334";"-47.065677642822266";"605.5";"-97";"10.300000190734863";"15490";"1778813935815"
"1438";"2026-05-14 23:59:55";"17.85";"56";"949";"3680";"";"-22.822168350219727";"-47.06568145751953";"604.2";"-97";"11";"15491";"1778813995818"
