"Nº","Data e Hora (America/Sao_Paulo)","Temperatura (°C)","Umidade Relativa (%)","Pressão Atmosférica (hPa)","Tensão do Sistema (mV)","Luminosidade (lux)","Latitude (°)","Longitude (°)","Altitude (m)","RSSI (dBm)","SNR (dB)","Frame Counter","Timestamp Aquisição (ms)"
"1","2026-04-04 00:00:13","24.63","66.5","947.82","3660","0","","","","-93","12.300000190734863","27522","1775271613000"
"2","2026-04-04 00:01:13","24.63","66.5","947.82","3700","0","","","","-93","12","27523","1775271672946"
"3","2026-04-04 00:02:13","24.63","66.5","947.82","3680","0","","","","-93","12.300000190734863","27524","1775271732985"
"4","2026-04-04 00:03:13","24.63","66.5","947.8000000000001","3660","0","","","","-93","11.800000190734863","27525","1775271792983"
"5","2026-04-04 00:04:13","24.63","66.5","947.8000000000001","3640","0","","","","-93","12","27526","1775271852962"
"6","2026-04-04 00:05:13","24.63","66.5","947.82","3660","0","","","","-93","11.800000190734863","27527","1775271912988"
"7","2026-04-04 00:06:13","24.63","66.5","947.8000000000001","3700","0","","","","-93","12.300000190734863","27528","1775271972991"
"8","2026-04-04 00:07:13","24.63","66.5","947.84","3660","0","","","","-93","12.300000190734863","27529","1775272032978"
"9","2026-04-04 00:08:13","24.62","66.5","947.8000000000001","3640","0","","","","-93","12.300000190734863","27530","1775272092990"
"10","2026-04-04 00:09:13","24.62","66.5","947.8000000000001","3680","0","","","","-93","12","27531","1775272152961"
"11","2026-04-04 00:10:13","24.62","66.5","947.86","3660","0","","","","-93","12","27532","1775272212978"
"12","2026-04-04 00:11:13","24.62","66.5","947.88","3640","0","","","","-93","12.300000190734863","27533","1775272272985"
"13","2026-04-04 00:12:13","24.62","66.5","947.86","3700","0","","","","-93","12","27534","1775272332994"
"14","2026-04-04 00:13:13","24.62","66.5","947.88","3660","0","","","","-93","12.300000190734863","27535","1775272392985"
"15","2026-04-04 00:14:13","24.62","66.5","947.88","3680","0","","","","-94","12","27536","1775272452990"
"16","2026-04-04 00:15:13","24.62","66.5","947.86","3640","0","","","","-93","12.300000190734863","27537","1775272512984"
"17","2026-04-04 00:16:13","24.62","66.5","947.8000000000001","3640","0","","","","-93","11.800000190734863","27538","1775272572983"
"18","2026-04-04 00:17:13","24.61","66.5","947.86","3660","0","","","","-93","12","27539","1775272632992"
"19","2026-04-04 00:18:13","24.61","66.5","947.84","3640","0","","","","-94","12.5","27540","1775272692990"
"20","2026-04-04 00:19:13","24.61","66.5","947.84","3700","0","","","","-94","12","27541","1775272752990"
"21","2026-04-04 00:20:13","24.61","66.5","947.86","3680","0","","","","-93","12","27542","1775272812992"
"22","2026-04-04 00:21:13","24.61","66.5","947.86","3660","0","","","","-93","11.800000190734863","27543","1775272872988"
"23","2026-04-04 00:22:13","24.61","66.5","947.84","3640","0","","","","-93","11.800000190734863","27544","1775272932987"
"24","2026-04-04 00:23:13","24.61","66.5","947.8000000000001","3660","0","","","","-93","11","27545","1775272992989"
"25","2026-04-04 00:24:13","24.61","66.5","947.82","3700","0","","","","-93","12","27546","1775273052981"
"26","2026-04-04 00:25:13","24.6","66.5","947.82","3660","0","","","","-93","12.5","27547","1775273112989"
"27","2026-04-04 00:26:13","24.6","66.5","947.82","3640","0","","","","-93","12.300000190734863","27548","1775273172989"
"28","2026-04-04 00:27:13","24.6","66.5","947.82","3640","0","","","","-93","12","27549","1775273232983"
"29","2026-04-04 00:28:13","24.6","66.5","947.82","3660","0","","","","-93","12.300000190734863","27550","1775273292986"
"30","2026-04-04 00:29:13","24.6","66.5","947.82","3660","0","","","","-93","12.300000190734863","27551","1775273352982"
"31","2026-04-04 00:30:13","24.6","66.5","947.76","3680","0","","","","-93","12","27552","1775273412983"
"32","2026-04-04 00:31:13","24.6","66.5","947.82","3680","0","","","","-93","12.300000190734863","27553","1775273472959"
"33","2026-04-04 00:32:13","24.6","66.5","947.78","3640","0","","","","-94","12","27554","1775273532989"
"34","2026-04-04 00:33:13","24.59","66.5","947.76","3640","0","","","","-94","12.300000190734863","27555","1775273592991"
"35","2026-04-04 00:34:13","24.59","66.5","947.76","3660","0","","","","-94","12.300000190734863","27556","1775273652983"
"36","2026-04-04 00:35:13","24.59","66.5","947.72","3680","0","","","","-94","12.300000190734863","27557","1775273712985"
"37","2026-04-04 00:36:13","24.59","66.5","947.7","3660","0","","","","-94","12.300000190734863","27558","1775273772987"
"38","2026-04-04 00:37:13","24.59","66.5","947.76","3660","0","","","","-93","12","27559","1775273832993"
"39","2026-04-04 00:38:13","24.59","66.5","947.74","3640","0","","","","-93","12","27560","1775273892987"
"40","2026-04-04 00:39:13","24.58","66.5","947.72","3640","0","","","","-93","12.300000190734863","27561","1775273952983"
"41","2026-04-04 00:40:13","24.58","66.5","947.6800000000001","3660","0","","","","-93","12.300000190734863","27562","1775274012990"
"42","2026-04-04 00:41:13","24.58","66.5","947.7","3640","0","","","","-93","12.300000190734863","27563","1775274072984"
"43","2026-04-04 00:42:13","24.58","66.5","947.7","3700","0","","","","-94","12","27564","1775274132988"
"44","2026-04-04 00:43:13","24.58","66.5","947.7","3680","0","","","","-93","12","27565","1775274192983"
"45","2026-04-04 00:44:13","24.58","66.5","947.72","3700","0","","","","-93","12","27566","1775274252984"
"46","2026-04-04 00:45:13","24.58","66.5","947.7","3680","0","","","","-93","12","27567","1775274312982"
"47","2026-04-04 00:46:13","24.58","66.5","947.6800000000001","3640","0","","","","-93","12","27568","1775274372979"
"48","2026-04-04 00:47:13","24.57","66.5","947.64","3660","0","","","","-93","11.800000190734863","27569","1775274432989"
"49","2026-04-04 00:48:13","24.57","66.5","947.66","3700","0","","","","-93","12","27570","1775274492986"
"50","2026-04-04 00:49:13","24.57","66.5","947.6","3700","0","","","","-93","11.800000190734863","27571","1775274552957"
"51","2026-04-04 00:50:13","24.57","66.5","947.62","3640","0","","","","-93","12","27572","1775274612982"
"52","2026-04-04 00:51:13","24.57","66.5","947.62","3680","0","","","","-94","12","27573","1775274672987"
"53","2026-04-04 00:52:13","24.57","66.5","947.62","3680","0","","","","-94","12","27574","1775274732986"
"54","2026-04-04 00:53:13","24.57","67","947.6","3660","0","","","","-93","12","27575","1775274792987"
"55","2026-04-04 00:54:13","24.57","66.5","947.6","3700","0","","","","-93","11","27576","1775274852984"
"56","2026-04-04 00:55:13","24.56","66.5","947.54","3680","0","","","","-93","12","27577","1775274912985"
"57","2026-04-04 00:56:13","24.57","66.5","947.54","3660","0","","","","-93","11.800000190734863","27578","1775274972981"
"58","2026-04-04 00:57:13","24.57","67","947.52","3680","0","","","","-93","12.300000190734863","27579","1775275032992"
"59","2026-04-04 00:58:13","24.56","67","947.5","3660","0","","","","-93","12.300000190734863","27580","1775275092987"
"60","2026-04-04 00:59:13","24.56","66.5","947.5","3660","0","","","","-94","12","27581","1775275152980"
"61","2026-04-04 01:00:13","24.56","66.5","947.46","3640","0","","","","-93","12.300000190734863","27582","1775275212990"
"62","2026-04-04 01:01:13","24.56","66.5","947.46","3680","0","","","","-93","12.300000190734863","27583","1775275272980"
"63","2026-04-04 01:02:13","24.56","67","947.44","3680","0","","","","-93","12","27584","1775275332987"
"64","2026-04-04 01:03:13","24.55","67","947.4200000000001","3680","0","","","","-93","12.300000190734863","27585","1775275392982"
"65","2026-04-04 01:04:13","24.56","67","947.4200000000001","3700","0","","","","-93","12","27586","1775275452983"
"66","2026-04-04 01:05:13","24.55","67","947.4200000000001","3640","0","","","","-93","12","27587","1775275512990"
"67","2026-04-04 01:06:13","24.55","66.5","947.44","3700","0","","","","-93","12","27588","1775275573002"
"68","2026-04-04 01:07:13","24.55","67","947.4200000000001","3660","0","","","","-93","12","27589","1775275632978"
"69","2026-04-04 01:08:13","24.55","67","947.4","3700","0","","","","-94","12.300000190734863","27590","1775275692951"
"70","2026-04-04 01:09:13","24.55","67","947.4","3660","0","","","","-94","12.300000190734863","27591","1775275752973"
"71","2026-04-04 01:10:13","24.55","67","947.38","3640","0","","","","-94","12.300000190734863","27592","1775275812981"
"72","2026-04-04 01:11:13","24.54","67","947.38","3680","0","","","","-94","12.300000190734863","27593","1775275872989"
"73","2026-04-04 01:12:13","24.55","67","947.4200000000001","3640","0","","","","-93","12","27594","1775275932969"
"74","2026-04-04 01:14:13","24.54","67","947.4200000000001","3700","0","","","","-93","12.300000190734863","27596","1775276052977"
"75","2026-04-04 01:15:13","24.53","67","947.4","3700","0","","","","-94","12","27597","1775276112982"
"76","2026-04-04 01:16:13","24.53","67","947.44","3640","0","","","","-93","12","27598","1775276172982"
"77","2026-04-04 01:17:13","24.53","67","947.4200000000001","3660","0","","","","-93","11","27599","1775276232991"
"78","2026-04-04 01:18:13","24.53","67","947.38","3700","0","","","","-94","12.300000190734863","27600","1775276292980"
"79","2026-04-04 01:19:13","24.53","67","947.4","3640","0","","","","-93","12","27601","1775276352991"
"80","2026-04-04 01:20:13","24.52","67","947.36","3660","0","","","","-94","12.300000190734863","27602","1775276412989"
"81","2026-04-04 01:21:13","24.52","67","947.34","3700","0","","","","-94","12","27603","1775276472977"
"82","2026-04-04 01:22:13","24.52","67","947.32","3660","0","","","","-93","12","27604","1775276532980"
"83","2026-04-04 01:23:13","24.52","67","947.36","3640","0","","","","-94","12","27605","1775276592979"
"84","2026-04-04 01:24:13","24.52","67","947.3000000000001","3660","0","","","","-94","11.800000190734863","27606","1775276652980"
"85","2026-04-04 01:25:13","24.51","67","947.32","3640","0","","","","-93","12.300000190734863","27607","1775276712987"
"86","2026-04-04 01:26:13","24.51","67","947.3000000000001","3640","0","","","","-94","12.300000190734863","27608","1775276772979"
"87","2026-04-04 01:27:13","24.51","67","947.32","3680","0","","","","-93","12","27609","1775276832980"
"88","2026-04-04 01:28:13","24.51","67","947.32","3640","0","","","","-94","11.800000190734863","27610","1775276892981"
"89","2026-04-04 01:29:13","24.51","67","947.3000000000001","3640","0","","","","-93","12","27611","1775276952986"
"90","2026-04-04 01:30:13","24.51","67","947.32","3640","0","","","","-93","11.800000190734863","27612","1775277012981"
"91","2026-04-04 01:31:13","24.51","67","947.28","3660","0","","","","-93","12.300000190734863","27613","1775277072983"
"92","2026-04-04 01:32:13","24.5","67","947.28","3640","0","","","","-93","12.300000190734863","27614","1775277133007"
"93","2026-04-04 01:33:13","24.5","67.5","947.34","3640","0","","","","-93","12","27615","1775277192988"
"94","2026-04-04 01:34:13","24.5","67","947.4","3660","0","","","","-93","12.300000190734863","27616","1775277252943"
"95","2026-04-04 01:35:13","24.51","67","947.4","3660","0","","","","-93","12","27617","1775277312984"
"96","2026-04-04 01:36:13","24.5","67","947.38","3660","0","","","","-93","11.800000190734863","27618","1775277372977"
"97","2026-04-04 01:37:13","24.5","67","947.44","3660","0","","","","-93","12","27619","1775277432947"
"98","2026-04-04 01:38:13","24.5","67","947.38","3680","0","","","","-93","12.300000190734863","27620","1775277492978"
"99","2026-04-04 01:39:13","24.5","67","947.38","3640","0","","","","-93","12.300000190734863","27621","1775277552985"
"100","2026-04-04 01:40:13","24.49","67","947.32","3700","0","","","","-93","12","27622","1775277612983"
"101","2026-04-04 01:41:13","24.49","67","947.36","3700","0","","","","-93","12.300000190734863","27623","1775277672984"
"102","2026-04-04 01:42:13","24.49","67","947.28","3640","0","","","","-93","12.300000190734863","27624","1775277732949"
"103","2026-04-04 01:43:13","24.48","67","947.34","3640","0","","","","-93","11.800000190734863","27625","1775277792985"
"104","2026-04-04 01:44:13","24.48","67","947.36","3640","0","","","","-93","11.800000190734863","27626","1775277852977"
"105","2026-04-04 01:45:13","24.48","67","947.32","3640","0","","","","-93","12","27627","1775277912983"
"106","2026-04-04 01:46:13","24.48","67.5","947.38","3660","0","","","","-93","12.300000190734863","27628","1775277972994"
"107","2026-04-04 01:47:13","24.48","67","947.4200000000001","3640","0","","","","-93","12.300000190734863","27629","1775278032980"
"108","2026-04-04 01:48:13","24.48","67","947.4","3640","0","","","","-93","12.300000190734863","27630","1775278092980"
"109","2026-04-04 01:49:13","24.48","67","947.4","3700","0","","","","-93","11.800000190734863","27631","1775278152984"
"110","2026-04-04 01:50:13","24.48","67","947.36","3640","0","","","","-93","12.300000190734863","27632","1775278212984"
"111","2026-04-04 01:51:13","24.48","67","947.34","3700","0","","","","-93","12.300000190734863","27633","1775278272977"
"112","2026-04-04 01:52:13","24.47","67","947.3000000000001","3680","0","","","","-93","12.300000190734863","27634","1775278332978"
"113","2026-04-04 01:53:13","24.47","67.5","947.3000000000001","3680","0","","","","-93","12.300000190734863","27635","1775278392988"
"114","2026-04-04 01:54:13","24.47","67","947.32","3700","0","","","","-93","12.300000190734863","27636","1775278452981"
"115","2026-04-04 01:55:13","24.46","67","947.32","3640","0","","","","-93","12","27637","1775278512985"
"116","2026-04-04 01:56:13","24.46","67","947.34","3640","0","","","","-93","12.300000190734863","27638","1775278572984"
"117","2026-04-04 01:57:13","24.46","67.5","947.26","3660","0","","","","-93","12.300000190734863","27639","1775278632968"
"118","2026-04-04 01:58:13","24.46","67.5","947.2","3640","0","","","","-93","12","27640","1775278692981"
"119","2026-04-04 01:59:13","24.45","67.5","947.1800000000001","3640","0","","","","-93","12.5","27641","1775278752983"
"120","2026-04-04 02:00:13","24.44","67.5","947.16","3700","0","","","","-93","12.300000190734863","27642","1775278812975"
"121","2026-04-04 02:01:13","24.44","67.5","947.1800000000001","3680","0","","","","-93","12.300000190734863","27643","1775278872975"
"122","2026-04-04 02:02:13","24.44","67.5","947.16","3640","0","","","","-93","12.300000190734863","27644","1775278932984"
"123","2026-04-04 02:03:13","24.44","67","947.12","3660","0","","","","-93","12.300000190734863","27645","1775278992981"
"124","2026-04-04 02:04:13","24.44","67","947.1","3700","0","","","","-93","12","27646","1775279052986"
"125","2026-04-04 02:05:13","24.43","67.5","947.1","3640","0","","","","-93","12.300000190734863","27647","1775279112984"
"126","2026-04-04 02:06:13","24.43","67.5","947.0600000000001","3660","0","","","","-93","12.300000190734863","27648","1775279172975"
"127","2026-04-04 02:07:13","24.43","67.5","947.0600000000001","3640","0","","","","-93","12.300000190734863","27649","1775279232974"
"128","2026-04-04 02:08:13","24.42","67.5","947.02","3660","0","","","","-93","12.300000190734863","27650","1775279292978"
"129","2026-04-04 02:09:13","24.42","67.5","947.02","3640","0","","","","-93","12","27651","1775279352977"
"130","2026-04-04 02:10:13","24.41","67.5","947","3700","0","","","","-93","12","27652","1775279412980"
"131","2026-04-04 02:11:13","24.41","67.5","946.98","3660","0","","","","-93","12.300000190734863","27653","1775279472987"
"132","2026-04-04 02:12:13","24.42","67.5","946.98","3640","0","","","","-93","12.300000190734863","27654","1775279532975"
"133","2026-04-04 02:13:13","24.41","67.5","946.98","3680","0","","","","-93","12.300000190734863","27655","1775279592982"
"134","2026-04-04 02:14:13","24.41","67.5","946.98","3660","0","","","","-93","12.300000190734863","27656","1775279652987"
"135","2026-04-04 02:15:13","24.41","67.5","946.94","3640","0","","","","-93","12","27657","1775279712985"
"136","2026-04-04 02:16:13","24.41","67.5","946.98","3680","0","","","","-93","11","27658","1775279772992"
"137","2026-04-04 02:17:13","24.41","67.5","946.9200000000001","3700","0","","","","-93","12.300000190734863","27659","1775279832972"
"138","2026-04-04 02:18:13","24.4","67.5","946.9200000000001","3680","0","","","","-93","12","27660","1775279892988"
"139","2026-04-04 02:19:13","24.4","67.5","946.86","3640","0","","","","-93","11.800000190734863","27661","1775279952986"
"140","2026-04-04 02:20:13","24.4","67.5","946.86","3640","0","","","","-93","11.5","27662","1775280012987"
"141","2026-04-04 02:21:13","24.4","67.5","946.86","3640","0","","","","-93","12","27663","1775280072986"
"142","2026-04-04 02:22:13","24.4","67.5","946.82","3700","0","","","","-93","12","27664","1775280132985"
"143","2026-04-04 02:23:13","24.39","67.5","946.86","3640","0","","","","-93","12.300000190734863","27665","1775280192979"
"144","2026-04-04 02:24:13","24.39","67.5","946.84","3660","0","","","","-93","12.300000190734863","27666","1775280252984"
"145","2026-04-04 02:25:13","24.38","67.5","946.84","3680","0","","","","-93","12","27667","1775280312983"
"146","2026-04-04 02:26:13","24.38","67.5","946.78","3700","0","","","","-93","12.5","27668","1775280372981"
"147","2026-04-04 02:27:13","24.38","67.5","946.78","3660","0","","","","-93","12.300000190734863","27669","1775280432986"
"148","2026-04-04 02:28:13","24.38","67.5","946.76","3700","0","","","","-93","12","27670","1775280492949"
"149","2026-04-04 02:29:13","24.37","67.5","946.78","3640","0","","","","-93","12.300000190734863","27671","1775280552979"
"150","2026-04-04 02:30:13","24.37","67.5","946.76","3680","0","","","","-93","12.300000190734863","27672","1775280612976"
"151","2026-04-04 02:31:13","24.37","67.5","946.74","3680","0","","","","-93","12.300000190734863","27673","1775280672984"
"152","2026-04-04 02:32:13","24.37","67.5","946.74","3660","0","","","","-93","12","27674","1775280732981"
"153","2026-04-04 02:33:13","24.37","67.5","946.72","3680","0","","","","-93","12","27675","1775280792985"
"154","2026-04-04 02:34:13","24.38","67.5","946.72","3700","0","","","","-93","11.5","27676","1775280853001"
"155","2026-04-04 02:35:13","24.37","67.5","946.7","3700","0","","","","-93","11.300000190734863","27677","1775280912979"
"156","2026-04-04 02:36:13","24.37","67.5","946.76","3660","0","","","","-93","12.5","27678","1775280972983"
"157","2026-04-04 02:37:13","24.37","67.5","946.74","3660","0","","","","-93","12.300000190734863","27679","1775281032992"
"158","2026-04-04 02:38:13","24.36","67.5","946.76","3640","0","","","","-93","12","27680","1775281092972"
"159","2026-04-04 02:39:13","24.37","67.5","946.74","3660","0","","","","-93","11.800000190734863","27681","1775281152954"
"160","2026-04-04 02:40:13","24.36","67.5","946.74","3640","0","","","","-93","12.300000190734863","27682","1775281212971"
"161","2026-04-04 02:41:13","24.36","67.5","946.74","3680","0","","","","-93","12","27683","1775281272974"
"162","2026-04-04 02:42:13","24.35","67.5","946.74","3680","0","","","","-93","12.300000190734863","27684","1775281332983"
"163","2026-04-04 02:43:13","24.36","67.5","946.72","3680","0","","","","-93","12","27685","1775281392970"
"164","2026-04-04 02:44:13","24.35","67.5","946.6800000000001","3640","0","","","","-93","12.300000190734863","27686","1775281452979"
"165","2026-04-04 02:45:13","24.35","67.5","946.66","3660","0","","","","-93","12","27687","1775281512974"
"166","2026-04-04 02:46:13","24.35","67.5","946.64","3660","0","","","","-93","12","27688","1775281572980"
"167","2026-04-04 02:47:12","24.34","67.5","946.6800000000001","3640","0","","","","-93","12.300000190734863","27689","1775281632939"
"168","2026-04-04 02:48:13","24.34","67.5","946.6800000000001","3660","0","","","","-93","12","27690","1775281692942"
"169","2026-04-04 02:49:13","24.34","67.5","946.6800000000001","3680","0","","","","-93","12.5","27691","1775281752964"
"170","2026-04-04 02:50:13","24.34","67.5","946.64","3680","0","","","","-93","12.800000190734863","27692","1775281812981"
"171","2026-04-04 02:51:13","24.34","67.5","946.6800000000001","3660","0","","","","-93","12","27693","1775281872980"
"172","2026-04-04 02:52:13","24.34","67.5","946.64","3660","0","","","","-93","12.300000190734863","27694","1775281932996"
"173","2026-04-04 02:53:13","24.34","67.5","946.6","3660","0","","","","-93","12.5","27695","1775281992980"
"174","2026-04-04 02:54:13","24.33","67.5","946.58","3660","0","","","","-93","12.5","27696","1775282052975"
"175","2026-04-04 02:55:13","24.35","67.5","946.58","3640","0","","","","-93","12","27697","1775282112975"
"176","2026-04-04 02:56:13","24.34","67.5","946.52","3680","0","","","","-93","12","27698","1775282172971"
"177","2026-04-04 02:57:13","24.34","67.5","946.58","3640","0","","","","-93","12.300000190734863","27699","1775282232978"
"178","2026-04-04 02:58:13","24.33","67.5","946.6","3680","0","","","","-93","12.300000190734863","27700","1775282292976"
"179","2026-04-04 02:59:13","24.33","67.5","946.5600000000001","3700","0","","","","-93","12.300000190734863","27701","1775282352978"
"180","2026-04-04 03:00:13","24.33","67.5","946.54","3680","0","","","","-93","12.300000190734863","27702","1775282412975"
"181","2026-04-04 03:01:13","24.32","67.5","946.54","3680","0","","","","-93","12.300000190734863","27703","1775282472975"
"182","2026-04-04 03:02:13","24.32","67.5","946.52","3640","0","","","","-93","11.800000190734863","27704","1775282532976"
"183","2026-04-04 03:03:13","24.32","67.5","946.46","3700","0","","","","-93","12.300000190734863","27705","1775282592952"
"184","2026-04-04 03:04:13","24.33","67.5","946.44","3660","0","","","","-93","12.300000190734863","27706","1775282652976"
"185","2026-04-04 03:05:13","24.33","67.5","946.38","3640","0","","","","-93","12.5","27707","1775282712982"
"186","2026-04-04 03:06:13","24.32","67.5","946.4","3660","0","","","","-93","12.5","27708","1775282772980"
"187","2026-04-04 03:07:13","24.31","67.5","946.4","3640","0","","","","-93","12","27709","1775282832972"
"188","2026-04-04 03:08:13","24.31","67.5","946.4200000000001","3640","0","","","","-93","12.300000190734863","27710","1775282892984"
"189","2026-04-04 03:09:13","24.31","67.5","946.4200000000001","3680","0","","","","-93","12.300000190734863","27711","1775282952984"
"190","2026-04-04 03:10:13","24.32","67.5","946.46","3640","0","","","","-93","12.300000190734863","27712","1775283012975"
"191","2026-04-04 03:11:13","24.31","67.5","946.46","3640","0","","","","-93","12.300000190734863","27713","1775283072983"
"192","2026-04-04 03:12:13","24.31","67.5","946.48","3680","0","","","","-93","12","27714","1775283132976"
"193","2026-04-04 03:13:13","24.31","67.5","946.54","3660","0","","","","-93","12.5","27715","1775283192988"
"194","2026-04-04 03:14:13","24.31","67.5","946.5","3700","0","","","","-93","12","27716","1775283252980"
"195","2026-04-04 03:15:13","24.31","67.5","946.5","3700","0","","","","-93","12","27717","1775283312978"
"196","2026-04-04 03:16:13","24.3","67.5","946.54","3640","0","","","","-93","12","27718","1775283372981"
"197","2026-04-04 03:17:13","24.3","67.5","946.5","3700","0","","","","-93","12.5","27719","1775283432980"
"198","2026-04-04 03:18:13","24.3","67.5","946.5600000000001","3640","0","","","","-93","12.300000190734863","27720","1775283492986"
"199","2026-04-04 03:19:13","24.3","67.5","946.5600000000001","3680","0","","","","-93","11.800000190734863","27721","1775283552987"
"200","2026-04-04 03:20:13","24.3","67.5","946.62","3660","0","","","","-93","12.300000190734863","27722","1775283612973"
"201","2026-04-04 03:21:13","24.3","67.5","946.58","3680","0","","","","-93","12","27723","1775283672973"
"202","2026-04-04 03:22:13","24.3","67.5","946.62","3640","0","","","","-93","12.300000190734863","27724","1775283732980"
"203","2026-04-04 03:23:13","24.29","67.5","946.62","3660","0","","","","-93","12.300000190734863","27725","1775283792980"
"204","2026-04-04 03:24:13","24.29","67.5","946.64","3680","0","","","","-93","12.300000190734863","27726","1775283852968"
"205","2026-04-04 03:25:13","24.28","67.5","946.64","3660","0","","","","-93","12.300000190734863","27727","1775283912979"
"206","2026-04-04 03:26:13","24.29","67.5","946.64","3640","0","","","","-93","11.800000190734863","27728","1775283972969"
"207","2026-04-04 03:27:13","24.28","67.5","946.6800000000001","3640","0","","","","-93","12.300000190734863","27729","1775284032981"
"208","2026-04-04 03:28:13","24.29","67.5","946.6800000000001","3640","0","","","","-93","12.5","27730","1775284092985"
"209","2026-04-04 03:29:13","24.28","67.5","946.66","3640","0","","","","-93","12.5","27731","1775284152985"
"210","2026-04-04 03:30:13","24.28","67.5","946.64","3660","0","","","","-93","12.300000190734863","27732","1775284212981"
"211","2026-04-04 03:31:13","24.28","67.5","946.64","3640","0","","","","-93","12.300000190734863","27733","1775284272983"
"212","2026-04-04 03:32:13","24.28","67.5","946.66","3640","0","","","","-93","12","27734","1775284332981"
"213","2026-04-04 03:33:13","24.28","67.5","946.64","3660","0","","","","-93","12","27735","1775284392985"
"214","2026-04-04 03:34:13","24.28","67.5","946.66","3700","0","","","","-93","12.300000190734863","27736","1775284452982"
"215","2026-04-04 03:35:13","24.28","67.5","946.66","3640","0","","","","-93","12.300000190734863","27737","1775284512979"
"216","2026-04-04 03:36:13","24.28","67.5","946.64","3660","0","","","","-93","12.300000190734863","27738","1775284572982"
"217","2026-04-04 03:37:13","24.27","67.5","946.62","3680","0","","","","-93","12.300000190734863","27739","1775284632976"
"218","2026-04-04 03:38:13","24.27","67.5","946.64","3680","0","","","","-93","12","27740","1775284692976"
"219","2026-04-04 03:39:13","24.26","67.5","946.62","3660","0","","","","-93","12.300000190734863","27741","1775284752952"
"220","2026-04-04 03:40:13","24.26","67.5","946.64","3660","0","","","","-93","12.300000190734863","27742","1775284812969"
"221","2026-04-04 03:41:13","24.25","67.5","946.6","3660","0","","","","-93","12.300000190734863","27743","1775284872976"
"222","2026-04-04 03:42:13","24.26","67.5","946.5600000000001","3680","0","","","","-93","12.300000190734863","27744","1775284932976"
"223","2026-04-04 03:43:13","24.25","67.5","946.5600000000001","3700","0","","","","-93","12.5","27745","1775284992973"
"224","2026-04-04 03:44:13","24.25","67.5","946.58","3640","0","","","","-93","12.300000190734863","27746","1775285052971"
"225","2026-04-04 03:45:13","24.24","67.5","946.5600000000001","3640","0","","","","-93","12","27747","1775285112978"
"226","2026-04-04 03:46:13","24.24","67.5","946.58","3640","0","","","","-93","12.300000190734863","27748","1775285172975"
"227","2026-04-04 03:47:13","24.24","67.5","946.6","3700","0","","","","-93","12.300000190734863","27749","1775285232979"
"228","2026-04-04 03:48:13","24.24","67.5","946.6","3680","0","","","","-93","12.5","27750","1775285292973"
"229","2026-04-04 03:49:13","24.24","67.5","946.62","3680","0","","","","-93","12.300000190734863","27751","1775285352981"
"230","2026-04-04 03:50:13","24.24","67.5","946.66","3640","0","","","","-93","12","27752","1775285412970"
"231","2026-04-04 03:51:13","24.24","67.5","946.6800000000001","3660","0","","","","-93","12.300000190734863","27753","1775285472974"
"232","2026-04-04 03:52:13","24.23","67.5","946.66","3640","0","","","","-93","11.800000190734863","27754","1775285532978"
"233","2026-04-04 03:53:13","24.23","67.5","946.64","3640","0","","","","-93","11","27755","1775285592974"
"234","2026-04-04 03:54:13","24.23","67.5","946.64","3680","0","","","","-93","12.300000190734863","27756","1775285652984"
"235","2026-04-04 03:55:13","24.23","67.5","946.6800000000001","3640","0","","","","-93","12.5","27757","1775285712981"
"236","2026-04-04 03:56:13","24.23","67.5","946.66","3640","0","","","","-93","12","27758","1775285772973"
"237","2026-04-04 03:57:13","24.23","67.5","946.64","3640","0","","","","-93","12.300000190734863","27759","1775285832972"
"238","2026-04-04 03:58:13","24.23","67.5","946.66","3640","0","","","","-93","12.300000190734863","27760","1775285892982"
"239","2026-04-04 03:59:13","24.22","67.5","946.64","3660","0","","","","-93","12.5","27761","1775285952974"
"240","2026-04-04 04:00:13","24.23","67.5","946.62","3640","0","","","","-93","12.5","27762","1775286012979"
"241","2026-04-04 04:01:13","24.23","67.5","946.62","3700","0","","","","-93","12","27763","1775286072975"
"242","2026-04-04 04:02:13","24.22","67.5","946.58","3640","0","","","","-93","11.5","27764","1775286132982"
"243","2026-04-04 04:03:13","24.22","67.5","946.6","3660","0","","","","-93","12.300000190734863","27765","1775286192976"
"244","2026-04-04 04:04:13","24.21","67.5","946.62","3660","0","","","","-93","12.5","27766","1775286252975"
"245","2026-04-04 04:05:13","24.21","67.5","946.6","3640","0","","","","-93","12.300000190734863","27767","1775286312994"
"246","2026-04-04 04:06:13","24.21","67.5","946.58","3660","0","","","","-93","12","27768","1775286372974"
"247","2026-04-04 04:07:13","24.21","67.5","946.58","3680","0","","","","-93","11.5","27769","1775286432975"
"248","2026-04-04 04:08:13","24.2","67.5","946.52","3640","0","","","","-93","12","27770","1775286492981"
"249","2026-04-04 04:09:13","24.19","67.5","946.5","3640","0","","","","-93","12.300000190734863","27771","1775286552972"
"250","2026-04-04 04:10:13","24.19","67.5","946.52","3640","0","","","","-93","12","27772","1775286612977"
"251","2026-04-04 04:11:13","24.19","67.5","946.48","3640","0","","","","-93","12","27773","1775286672970"
"252","2026-04-04 04:12:13","24.2","67.5","946.54","3660","0","","","","-93","12.300000190734863","27774","1775286732974"
"253","2026-04-04 04:13:13","24.19","67.5","946.52","3660","0","","","","-93","12","27775","1775286792976"
"254","2026-04-04 04:14:13","24.19","67.5","946.54","3700","0","","","","-93","12.300000190734863","27776","1775286852981"
"255","2026-04-04 04:15:13","24.19","67.5","946.54","3640","0","","","","-93","12","27777","1775286912969"
"256","2026-04-04 04:16:13","24.19","67.5","946.5600000000001","3700","0","","","","-92","12.300000190734863","27778","1775286972967"
"257","2026-04-04 04:17:13","24.19","67.5","946.58","3680","0","","","","-93","12.300000190734863","27779","1775287032981"
"258","2026-04-04 04:18:13","24.19","67.5","946.5600000000001","3640","0","","","","-92","12.5","27780","1775287092974"
"259","2026-04-04 04:19:13","24.18","67.5","946.5600000000001","3660","0","","","","-93","12","27781","1775287152979"
"260","2026-04-04 04:20:13","24.18","67.5","946.6","3640","0","","","","-93","12.300000190734863","27782","1775287212980"
"261","2026-04-04 04:21:13","24.18","67.5","946.5600000000001","3660","0","","","","-93","12.300000190734863","27783","1775287272979"
"262","2026-04-04 04:22:13","24.17","67.5","946.54","3640","0","","","","-93","12","27784","1775287332977"
"263","2026-04-04 04:23:13","24.18","67.5","946.5600000000001","3640","0","","","","-93","12","27785","1775287392982"
"264","2026-04-04 04:24:13","24.18","67.5","946.54","3660","0","","","","-93","12.300000190734863","27786","1775287452980"
"265","2026-04-04 04:25:13","24.17","67.5","946.52","3660","0","","","","-93","12.300000190734863","27787","1775287512977"
"266","2026-04-04 04:26:13","24.16","67.5","946.5","3640","0","","","","-93","12","27788","1775287572996"
"267","2026-04-04 04:27:13","24.16","67.5","946.54","3700","0","","","","-93","12.300000190734863","27789","1775287632973"
"268","2026-04-04 04:28:13","24.17","67.5","946.48","3660","0","","","","-93","12.300000190734863","27790","1775287692971"
"269","2026-04-04 04:29:13","24.16","67.5","946.48","3700","0","","","","-93","12.300000190734863","27791","1775287752985"
"270","2026-04-04 04:30:13","24.16","67.5","946.4200000000001","3700","0","","","","-93","12.300000190734863","27792","1775287812980"
"271","2026-04-04 04:31:13","24.15","67.5","946.44","3640","0","","","","-93","12","27793","1775287872940"
"272","2026-04-04 04:32:13","24.15","67.5","946.4","3660","0","","","","-93","11.800000190734863","27794","1775287932980"
"273","2026-04-04 04:33:13","24.15","67.5","946.4200000000001","3640","0","","","","-93","11.800000190734863","27795","1775287992971"
"274","2026-04-04 04:34:13","24.15","67.5","946.4","3640","0","","","","-92","12.800000190734863","27796","1775288052969"
"275","2026-04-04 04:35:13","24.14","67.5","946.36","3680","0","","","","-93","12.300000190734863","27797","1775288112972"
"276","2026-04-04 04:36:13","24.15","67.5","946.4","3680","0","","","","-93","11.800000190734863","27798","1775288172974"
"277","2026-04-04 04:37:13","24.14","67.5","946.38","3700","0","","","","-93","12.300000190734863","27799","1775288232970"
"278","2026-04-04 04:38:13","24.14","67.5","946.38","3680","0","","","","-93","12.300000190734863","27800","1775288292973"
"279","2026-04-04 04:39:13","24.15","67.5","946.38","3660","0","","","","-92","12","27801","1775288352977"
"280","2026-04-04 04:40:13","24.14","67.5","946.36","3680","0","","","","-92","12.5","27802","1775288412948"
"281","2026-04-04 04:41:13","24.14","67.5","946.4","3680","0","","","","-93","12.300000190734863","27803","1775288472976"
"282","2026-04-04 04:42:13","24.13","67.5","946.36","3640","0","","","","-93","12.5","27804","1775288532944"
"283","2026-04-04 04:43:13","24.14","67.5","946.32","3640","0","","","","-93","12.300000190734863","27805","1775288592972"
"284","2026-04-04 04:44:13","24.13","67.5","946.34","3640","0","","","","-92","12.5","27806","1775288652976"
"285","2026-04-04 04:45:13","24.13","67.5","946.32","3680","0","","","","-93","12.5","27807","1775288712970"
"286","2026-04-04 04:46:13","24.13","67.5","946.3000000000001","3640","0","","","","-93","12","27808","1775288772976"
"287","2026-04-04 04:47:13","24.14","67.5","946.38","3700","0","","","","-92","12.5","27809","1775288832977"
"288","2026-04-04 04:48:13","24.13","67.5","946.34","3660","0","","","","-93","12.300000190734863","27810","1775288892971"
"289","2026-04-04 04:49:13","24.12","67.5","946.36","3640","0","","","","-93","12.300000190734863","27811","1775288952978"
"290","2026-04-04 04:50:13","24.12","67.5","946.36","3660","0","","","","-93","12.300000190734863","27812","1775289012978"
"291","2026-04-04 04:51:13","24.12","67.5","946.4200000000001","3660","0","","","","-93","12.300000190734863","27813","1775289072983"
"292","2026-04-04 04:52:13","24.13","67.5","946.38","3640","0","","","","-93","12.300000190734863","27814","1775289132977"
"293","2026-04-04 04:53:13","24.13","67.5","946.4200000000001","3680","0","","","","-93","12","27815","1775289192968"
"294","2026-04-04 04:54:13","24.12","67.5","946.38","3640","0","","","","-93","12.300000190734863","27816","1775289252970"
"295","2026-04-04 04:55:13","24.13","67.5","946.4200000000001","3640","0","","","","-93","12.300000190734863","27817","1775289312970"
"296","2026-04-04 04:56:13","24.13","67.5","946.4","3680","0","","","","-92","12","27818","1775289372980"
"297","2026-04-04 04:57:13","24.12","67.5","946.4","3700","0","","","","-93","12.300000190734863","27819","1775289432973"
"298","2026-04-04 04:58:13","24.12","67.5","946.38","3700","0","","","","-93","12.300000190734863","27820","1775289492975"
"299","2026-04-04 04:59:13","24.13","67.5","946.38","3680","0","","","","-92","11.300000190734863","27821","1775289552970"
"300","2026-04-04 05:00:13","24.13","67.5","946.34","3620","0","","","","-93","12","27822","1775289612979"
"301","2026-04-04 05:01:13","24.12","67.5","946.36","3680","0","","","","-93","12.300000190734863","27823","1775289672969"
"302","2026-04-04 05:02:13","24.12","67.5","946.38","3640","0","","","","-93","12.300000190734863","27824","1775289732982"
"303","2026-04-04 05:03:13","24.12","67.5","946.4","3700","0","","","","-93","12.5","27825","1775289792975"
"304","2026-04-04 05:04:13","24.12","67.5","946.4","3640","0","","","","-93","12.300000190734863","27826","1775289852970"
"305","2026-04-04 05:05:13","24.11","67.5","946.36","3660","0","","","","-93","12.300000190734863","27827","1775289912976"
"306","2026-04-04 05:06:13","24.11","67.5","946.38","3700","0","","","","-93","12.5","27828","1775289972977"
"307","2026-04-04 05:07:13","24.11","67.5","946.38","3640","0","","","","-93","12","27829","1775290032971"
"308","2026-04-04 05:08:13","24.11","67.5","946.4","3640","0","","","","-93","11.800000190734863","27830","1775290092973"
"309","2026-04-04 05:09:13","24.1","67.5","946.4200000000001","3680","0","","","","-93","11.800000190734863","27831","1775290152980"
"310","2026-04-04 05:10:13","24.1","67.5","946.4200000000001","3640","0","","","","-93","11","27832","1775290212981"
"311","2026-04-04 05:11:13","24.1","67.5","946.44","3660","0","","","","-93","12.300000190734863","27833","1775290272976"
"312","2026-04-04 05:12:13","24.1","67.5","946.4200000000001","3660","0","","","","-93","12","27834","1775290332971"
"313","2026-04-04 05:13:13","24.1","67.5","946.4200000000001","3660","0","","","","-93","12.300000190734863","27835","1775290392938"
"314","2026-04-04 05:14:13","24.1","67.5","946.44","3640","0","","","","-93","12.300000190734863","27836","1775290452975"
"315","2026-04-04 05:15:13","24.09","67.5","946.4200000000001","3680","0","","","","-93","12.5","27837","1775290512978"
"316","2026-04-04 05:16:13","24.1","67.5","946.48","3660","0","","","","-93","12.300000190734863","27838","1775290572980"
"317","2026-04-04 05:17:13","24.09","67.5","946.46","3660","0","","","","-93","12.300000190734863","27839","1775290632978"
"318","2026-04-04 05:18:13","24.1","67.5","946.46","3680","0","","","","-93","12.300000190734863","27840","1775290692978"
"319","2026-04-04 05:19:13","24.1","67.5","946.52","3640","0","","","","-92","12.300000190734863","27841","1775290752976"
"320","2026-04-04 05:20:13","24.09","67.5","946.5","3640","0","","","","-92","12.300000190734863","27842","1775290812976"
"321","2026-04-04 05:21:13","24.08","67.5","946.52","3680","0","","","","-92","12.5","27843","1775290872969"
"322","2026-04-04 05:22:13","24.08","67.5","946.54","3640","0","","","","-92","12.300000190734863","27844","1775290932979"
"323","2026-04-04 05:23:13","24.09","67.5","946.58","3680","0","","","","-93","12.300000190734863","27845","1775290992974"
"324","2026-04-04 05:24:13","24.08","67.5","946.62","3640","0","","","","-93","12.300000190734863","27846","1775291052971"
"325","2026-04-04 05:25:13","24.09","67.5","946.58","3680","0","","","","-92","12.300000190734863","27847","1775291112972"
"326","2026-04-04 05:26:13","24.09","67.5","946.58","3640","0","","","","-92","12","27848","1775291172970"
"327","2026-04-04 05:27:13","24.08","67.5","946.58","3680","0","","","","-92","12.5","27849","1775291232968"
"328","2026-04-04 05:28:13","24.09","67.5","946.6","3700","0","","","","-92","12.800000190734863","27850","1775291292970"
"329","2026-04-04 05:29:13","24.08","67.5","946.6","3640","0","","","","-92","12.5","27851","1775291352971"
"330","2026-04-04 05:30:13","24.08","67.5","946.58","3640","0","","","","-93","12","27852","1775291412974"
"331","2026-04-04 05:31:13","24.07","67.5","946.6","3680","0","","","","-93","12.300000190734863","27853","1775291472971"
"332","2026-04-04 05:32:13","24.08","67","946.62","3620","0","","","","-92","12.5","27854","1775291532975"
"333","2026-04-04 05:33:13","24.07","67.5","946.62","3640","0","","","","-93","12.300000190734863","27855","1775291592971"
"334","2026-04-04 05:34:13","24.07","67.5","946.64","3640","0","","","","-92","12","27856","1775291652980"
"335","2026-04-04 05:35:13","24.06","67.5","946.62","3640","0","","","","-93","12.300000190734863","27857","1775291712970"
"336","2026-04-04 05:36:13","24.07","67.5","946.7","3680","0","","","","-92","12.5","27858","1775291772976"
"337","2026-04-04 05:37:13","24.07","67","946.7","3660","0","","","","-93","12.5","27859","1775291832968"
"338","2026-04-04 05:38:13","24.07","67.5","946.72","3640","0","","","","-92","12.300000190734863","27860","1775291893018"
"339","2026-04-04 05:39:13","24.07","67.5","946.78","3620","0","","","","-92","12.300000190734863","27861","1775291952968"
"340","2026-04-04 05:40:13","24.07","67","946.78","3660","0","","","","-92","12.300000190734863","27862","1775292012970"
"341","2026-04-04 05:41:13","24.07","67","946.84","3640","0","","","","-92","12.5","27863","1775292072968"
"342","2026-04-04 05:42:13","24.06","67","946.82","3660","0","","","","-93","12","27864","1775292132968"
"343","2026-04-04 05:43:13","24.07","67","946.84","3640","0","","","","-92","12.300000190734863","27865","1775292192969"
"344","2026-04-04 05:44:13","24.06","67","946.86","3700","0","","","","-93","12.5","27866","1775292252978"
"345","2026-04-04 05:45:13","24.07","67","946.88","3620","0","","","","-92","12.300000190734863","27867","1775292312971"
"346","2026-04-04 05:46:13","24.06","67","946.88","3680","0","","","","-92","12.5","27868","1775292372995"
"347","2026-04-04 05:47:13","24.06","67","946.88","3660","0","","","","-92","12.800000190734863","27869","1775292432968"
"348","2026-04-04 05:48:13","24.07","67","946.88","3660","0","","","","-92","12.300000190734863","27870","1775292492976"
"349","2026-04-04 05:49:13","24.06","67.5","946.88","3620","0","","","","-92","12.800000190734863","27871","1775292552965"
"350","2026-04-04 05:50:13","24.06","67","946.9","3640","0","","","","-92","12.300000190734863","27872","1775292612992"
"351","2026-04-04 05:51:13","24.06","67.5","946.9200000000001","3640","0","","","","-92","12.5","27873","1775292672975"
"352","2026-04-04 05:52:13","24.06","67.5","946.96","3660","0","","","","-92","12.300000190734863","27874","1775292732975"
"353","2026-04-04 05:53:13","24.05","67.5","946.94","3640","0","","","","-92","12.5","27875","1775292792978"
"354","2026-04-04 05:54:13","24.05","67.5","946.96","3640","0","","","","-92","12.300000190734863","27876","1775292852975"
"355","2026-04-04 05:55:13","24.05","67","946.96","3660","0","","","","-92","12.5","27877","1775292912962"
"356","2026-04-04 05:56:13","24.04","67.5","946.96","3700","0","","","","-92","12","27878","1775292972970"
"357","2026-04-04 05:57:13","24.04","67.5","946.96","3680","0","","","","-92","12.300000190734863","27879","1775293032982"
"358","2026-04-04 05:58:13","24.04","67.5","946.9200000000001","3640","0","","","","-92","12.5","27880","1775293092969"
"359","2026-04-04 05:59:13","24.03","67.5","946.88","3660","0","","","","-92","12","27881","1775293152973"
"360","2026-04-04 06:00:13","24.03","67.5","946.94","3640","0","","","","-93","11.800000190734863","27882","1775293212966"
"361","2026-04-04 06:01:13","24.03","67.5","946.9200000000001","3620","0","","","","-92","12.5","27883","1775293272972"
"362","2026-04-04 06:02:13","24.03","67.5","946.98","3620","0","","","","-92","12","27884","1775293332969"
"363","2026-04-04 06:03:13","24.03","67.5","947","3660","0","","","","-92","12.5","27885","1775293392977"
"364","2026-04-04 06:04:13","24.03","67","947","3620","0","","","","-92","12.5","27886","1775293452968"
"365","2026-04-04 06:05:13","24.02","67.5","947.04","3620","0","","","","-92","12.5","27887","1775293512966"
"366","2026-04-04 06:06:13","24.02","67.5","947.02","3640","0","","","","-92","12.5","27888","1775293572971"
"367","2026-04-04 06:07:13","24.02","67.5","947.08","3640","0","","","","-92","12.800000190734863","27889","1775293632964"
"368","2026-04-04 06:08:13","24.02","67.5","947.0600000000001","3640","0","","","","-92","12.5","27890","1775293692975"
"369","2026-04-04 06:09:13","24.03","67","947.04","3640","0","","","","-92","12.300000190734863","27891","1775293752970"
"370","2026-04-04 06:10:13","24.02","67.5","947.0600000000001","3640","0","","","","-92","12.300000190734863","27892","1775293812968"
"371","2026-04-04 06:11:13","24.02","67.5","947.08","3620","0","","","","-92","12.5","27893","1775293872975"
"372","2026-04-04 06:12:13","24.03","67","947.1","3640","0","","","","-92","12.5","27894","1775293932970"
"373","2026-04-04 06:13:13","24.02","67.5","947.08","3660","0","","","","-92","12.300000190734863","27895","1775293992973"
"374","2026-04-04 06:14:13","24.02","67","947.1","3680","0","","","","-92","12.300000190734863","27896","1775294052977"
"375","2026-04-04 06:15:13","24.02","67.5","947.12","3620","0","","","","-92","12.5","27897","1775294112938"
"376","2026-04-04 06:16:13","24","67.5","947.1","3640","0","","","","-92","12","27898","1775294172969"
"377","2026-04-04 06:17:13","24.01","67.5","947.12","3640","0","","","","-92","12.5","27899","1775294232976"
"378","2026-04-04 06:18:13","24.01","67.5","947.1","3660","0","","","","-92","12.300000190734863","27900","1775294292974"
"379","2026-04-04 06:19:13","24.01","67","947.1","3620","0","","","","-92","12.300000190734863","27901","1775294352965"
"380","2026-04-04 06:20:13","24.01","67","947.1","3680","0","","","","-92","12.800000190734863","27902","1775294412971"
"381","2026-04-04 06:21:13","24.01","67","947.1","3680","0","","","","-92","12.300000190734863","27903","1775294472969"
"382","2026-04-04 06:22:13","24","67","947.12","3620","0","","","","-93","12","27904","1775294532971"
"383","2026-04-04 06:23:13","24","67","947.1","3620","0","","","","-92","12","27905","1775294593009"
"384","2026-04-04 06:24:13","24","67","947.12","3640","0","","","","-93","12","27906","1775294652967"
"385","2026-04-04 06:25:13","24","67","947.1","3620","0","","","","-92","12.5","27907","1775294712970"
"386","2026-04-04 06:26:13","24","67","947.12","3660","0","","","","-93","12.300000190734863","27908","1775294772973"
"387","2026-04-04 06:27:13","24","67","947.14","3620","0","","","","-93","12.300000190734863","27909","1775294832974"
"388","2026-04-04 06:28:13","24","67","947.2","3640","0","","","","-92","12.300000190734863","27910","1775294892970"
"389","2026-04-04 06:29:13","24","67","947.16","3640","0","","","","-92","12.300000190734863","27911","1775294952964"
"390","2026-04-04 06:30:13","24","67","947.2","3680","0","","","","-92","12.5","27912","1775295012946"
"391","2026-04-04 06:31:13","24","67","947.1800000000001","3640","0","","","","-92","12.300000190734863","27913","1775295072971"
"392","2026-04-04 06:32:13","24","67","947.2","3680","0","","","","-92","12.300000190734863","27914","1775295132967"
"393","2026-04-04 06:33:13","24","67","947.14","3640","0","","","","-92","12.5","27915","1775295192965"
"394","2026-04-04 06:34:13","23.99","67","947.1800000000001","3660","0","","","","-92","12.300000190734863","27916","1775295252968"
"395","2026-04-04 06:35:13","23.99","67","947.14","3640","0","","","","-92","11.800000190734863","27917","1775295312977"
"396","2026-04-04 06:36:13","23.99","67","947.14","3680","0","","","","-92","12.300000190734863","27918","1775295372974"
"397","2026-04-04 06:37:13","23.99","67","947.16","3660","0","","","","-92","11.300000190734863","27919","1775295432976"
"398","2026-04-04 06:38:13","23.99","67","947.16","3640","0","","","","-92","12.5","27920","1775295492973"
"399","2026-04-04 06:39:13","23.99","67","947.16","3640","0","","","","-92","12.300000190734863","27921","1775295552974"
"400","2026-04-04 06:40:13","23.99","67","947.16","3640","0","","","","-92","12.5","27922","1775295612959"
"401","2026-04-04 06:41:13","23.99","67","947.1800000000001","3620","0","","","","-92","12.5","27923","1775295672972"
"402","2026-04-04 06:42:13","23.99","67","947.16","3680","0","","","","-92","12.300000190734863","27924","1775295732971"
"403","2026-04-04 06:43:13","23.99","67","947.16","3680","0","","","","-92","12.5","27925","1775295792968"
"404","2026-04-04 06:44:13","23.98","67","947.14","3660","0","","","","-92","12.5","27926","1775295852974"
"405","2026-04-04 06:45:13","23.98","67","947.14","3620","0","","","","-92","12.5","27927","1775295912968"
"406","2026-04-04 06:46:13","23.99","67","947.1800000000001","3680","0","","","","-92","12.300000190734863","27928","1775295972980"
"407","2026-04-04 06:47:13","23.98","67","947.2","3620","0","","","","-92","12.5","27929","1775296032964"
"408","2026-04-04 06:48:13","23.99","67","947.2","3640","0","","","","-92","12.5","27930","1775296092977"
"409","2026-04-04 06:49:13","23.98","67","947.24","3660","0","","","","-92","12.300000190734863","27931","1775296152976"
"410","2026-04-04 06:50:13","23.98","67","947.22","3660","0","","","","-92","12.300000190734863","27932","1775296212973"
"411","2026-04-04 06:51:13","23.98","67","947.22","3640","4","","","","-92","12.5","27933","1775296272964"
"412","2026-04-04 06:52:12","23.98","67","947.22","3680","4","","","","-92","12.800000190734863","27934","1775296332930"
"413","2026-04-04 06:53:13","23.98","67","947.22","3640","4","","","","-92","12.300000190734863","27935","1775296392985"
"414","2026-04-04 06:54:13","23.98","67","947.24","3640","4","","","","-92","12.5","27936","1775296452965"
"415","2026-04-04 06:55:13","23.98","67","947.24","3660","4","","","","-92","12.300000190734863","27937","1775296512963"
"416","2026-04-04 06:56:13","23.98","67","947.32","3660","4","","","","-92","12.800000190734863","27938","1775296572963"
"417","2026-04-04 06:57:13","23.99","67","947.32","3640","4","","","","-92","12.5","27939","1775296632970"
"418","2026-04-04 06:58:13","23.99","67","947.3000000000001","3640","4","","","","-92","12.5","27940","1775296692974"
"419","2026-04-04 06:59:13","23.99","67","947.34","3640","8","","","","-92","12.5","27941","1775296752970"
"420","2026-04-04 07:00:13","24","67","947.38","3640","8","","","","-92","12.300000190734863","27942","1775296812964"
"421","2026-04-04 07:01:13","24","67","947.36","3640","8","","","","-92","12.300000190734863","27943","1775296872968"
"422","2026-04-04 07:02:13","24","67","947.38","3680","12","","","","-92","12","27944","1775296932971"
"423","2026-04-04 07:03:13","24","67","947.38","3680","16","","","","-92","12","27945","1775296992969"
"424","2026-04-04 07:04:13","24.01","67","947.4200000000001","3620","16","","","","-92","12.5","27946","1775297052944"
"425","2026-04-04 07:05:12","24","67","947.4200000000001","3620","20","","","","-92","12","27947","1775297112957"
"426","2026-04-04 07:06:13","24","67","947.48","3680","20","","","","-92","12.300000190734863","27948","1775297172973"
"427","2026-04-04 07:07:13","24","67","947.46","3660","20","","","","-92","12.5","27949","1775297232959"
"428","2026-04-04 07:08:13","24.01","67","947.48","3660","24","","","","-92","12.5","27950","1775297292973"
"429","2026-04-04 07:09:13","24.01","67","947.5","3620","24","","","","-92","12.5","27951","1775297352963"
"430","2026-04-04 07:10:13","24.01","67","947.5","3660","28","","","","-92","12.300000190734863","27952","1775297412969"
"431","2026-04-04 07:11:13","24.01","67","947.54","3620","32","","","","-93","12.5","27953","1775297472963"
"432","2026-04-04 07:12:13","24.02","67","947.52","3680","40","","","","-93","12.5","27954","1775297532959"
"433","2026-04-04 07:13:13","24.02","66.5","947.52","3660","56","","","","-92","12.300000190734863","27955","1775297592972"
"434","2026-04-04 07:14:13","24.03","67","947.5600000000001","3680","72","","","","-93","12","27956","1775297652967"
"435","2026-04-04 07:15:13","24.02","67","947.52","3620","56","","","","-93","12","27957","1775297712966"
"436","2026-04-04 07:16:13","24.03","66.5","947.5600000000001","3660","36","","","","-92","12.5","27958","1775297772970"
"437","2026-04-04 07:17:13","24.03","66.5","947.58","3660","32","","","","-92","12.300000190734863","27959","1775297832962"
"438","2026-04-04 07:18:13","24.03","67","947.58","3660","48","","","","-93","12.5","27960","1775297892965"
"439","2026-04-04 07:19:13","24.03","66.5","947.5600000000001","3660","92","","","","-93","12.300000190734863","27961","1775297952962"
"440","2026-04-04 07:20:13","24.04","66.5","947.6","3660","72","","","","-93","12.300000190734863","27962","1775298012951"
"441","2026-04-04 07:21:13","24.04","66.5","947.6","3640","32","","","","-93","12.5","27963","1775298072977"
"442","2026-04-04 07:22:13","24.04","66.5","947.58","3640","28","","","","-93","12","27964","1775298132974"
"443","2026-04-04 07:23:13","24.04","66.5","947.58","3680","28","","","","-93","12.300000190734863","27965","1775298192975"
"444","2026-04-04 07:24:13","24.04","67","947.6","3620","28","","","","-93","12.300000190734863","27966","1775298252971"
"445","2026-04-04 07:25:13","24.04","67","947.62","3640","32","","","","-93","12","27967","1775298312975"
"446","2026-04-04 07:26:13","24.05","66.5","947.64","3660","32","","","","-93","12.300000190734863","27968","1775298372974"
"447","2026-04-04 07:27:13","24.05","66.5","947.62","3620","36","","","","-93","12","27969","1775298432967"
"448","2026-04-04 07:28:13","24.05","66.5","947.62","3620","40","","","","-93","11.300000190734863","27970","1775298492969"
"449","2026-04-04 07:29:13","24.05","67","947.62","3680","48","","","","-93","12.5","27971","1775298552972"
"450","2026-04-04 07:30:13","24.06","67","947.66","3640","44","","","","-93","12.5","27972","1775298612973"
"451","2026-04-04 07:31:13","24.07","66.5","947.64","3640","40","","","","-93","12.300000190734863","27973","1775298672975"
"452","2026-04-04 07:32:13","24.06","67","947.66","3620","36","","","","-93","12.300000190734863","27974","1775298732967"
"453","2026-04-04 07:33:13","24.05","66.5","947.66","3660","36","","","","-93","12.300000190734863","27975","1775298792973"
"454","2026-04-04 07:34:13","24.06","66.5","947.6800000000001","3680","36","","","","-93","12","27976","1775298852962"
"455","2026-04-04 07:35:13","24.06","66.5","947.72","3640","36","","","","-93","12","27977","1775298912974"
"456","2026-04-04 07:36:13","24.06","66.5","947.6800000000001","3680","36","","","","-93","12.300000190734863","27978","1775298972964"
"457","2026-04-04 07:37:13","24.07","66.5","947.6800000000001","3640","36","","","","-93","12.5","27979","1775299032981"
"458","2026-04-04 07:38:13","24.08","66.5","947.7","3620","36","","","","-93","12","27980","1775299092967"
"459","2026-04-04 07:39:13","24.07","66.5","947.6800000000001","3680","40","","","","-93","12","27981","1775299152972"
"460","2026-04-04 07:40:13","24.08","66.5","947.6800000000001","3620","40","","","","-93","12","27982","1775299212967"
"461","2026-04-04 07:41:13","24.08","66.5","947.7","3680","40","","","","-93","12.300000190734863","27983","1775299272969"
"462","2026-04-04 07:42:13","24.08","66.5","947.66","3640","40","","","","-93","12.5","27984","1775299332968"
"463","2026-04-04 07:43:13","24.08","66.5","947.66","3660","40","","","","-93","12.300000190734863","27985","1775299392955"
"464","2026-04-04 07:44:13","24.08","66.5","947.7","3640","40","","","","-93","12.300000190734863","27986","1775299452966"
"465","2026-04-04 07:45:13","24.09","66.5","947.72","3640","40","","","","-93","12","27987","1775299512938"
"466","2026-04-04 07:46:13","24.09","66.5","947.72","3680","36","","","","-93","12.300000190734863","27988","1775299572965"
"467","2026-04-04 07:47:13","24.09","66.5","947.74","3620","32","","","","-92","11.800000190734863","27989","1775299632959"
"468","2026-04-04 07:48:13","24.09","66.5","947.76","3660","32","","","","-93","12","27990","1775299692969"
"469","2026-04-04 07:49:13","24.09","66.5","947.82","3640","28","","","","-93","11.5","27991","1775299752970"
"470","2026-04-04 07:50:13","24.09","66.5","947.82","3620","28","","","","-93","12","27992","1775299812973"
"471","2026-04-04 07:51:13","24.09","66.5","947.84","3660","28","","","","-92","12.300000190734863","27993","1775299872972"
"472","2026-04-04 07:52:13","24.09","66.5","947.86","3640","32","","","","-93","12.5","27994","1775299932964"
"473","2026-04-04 07:53:13","24.1","66.5","947.86","3680","32","","","","-93","12.300000190734863","27995","1775299992963"
"474","2026-04-04 07:54:13","24.1","66.5","947.88","3620","32","","","","-93","12.300000190734863","27996","1775300052970"
"475","2026-04-04 07:55:13","24.09","66.5","947.86","3620","32","","","","-93","12.300000190734863","27997","1775300113077"
"476","2026-04-04 07:56:13","24.1","66.5","947.88","3640","32","","","","-93","12.5","27998","1775300172969"
"477","2026-04-04 07:57:13","24.1","66.5","947.9","3640","32","","","","-93","12.300000190734863","27999","1775300232968"
"478","2026-04-04 07:58:13","24.1","66.5","947.9200000000001","3680","32","","","","-92","12.300000190734863","28000","1775300292962"
"479","2026-04-04 07:59:13","24.1","66.5","947.9200000000001","3640","28","","","","-92","12.300000190734863","28001","1775300352970"
"480","2026-04-04 08:00:13","24.1","66.5","947.96","3680","28","","","","-92","12.300000190734863","28002","1775300412966"
"481","2026-04-04 08:01:13","24.1","66.5","947.94","3660","28","","","","-93","12.300000190734863","28003","1775300472965"
"482","2026-04-04 08:02:13","24.11","66.5","947.98","3660","28","","","","-93","12","28004","1775300532969"
"483","2026-04-04 08:03:13","24.11","66.5","948","3640","28","","","","-93","11.800000190734863","28005","1775300592970"
"484","2026-04-04 08:04:13","24.11","66.5","948","3620","28","","","","-93","12.5","28006","1775300652972"
"485","2026-04-04 08:05:13","24.11","66.5","948.02","3660","32","","","","-93","12.300000190734863","28007","1775300712965"
"486","2026-04-04 08:06:13","24.11","66.5","948.04","3620","32","","","","-93","12","28008","1775300772969"
"487","2026-04-04 08:07:13","24.11","66.5","948.04","3680","32","","","","-91","12.5","28009","1775300832962"
"488","2026-04-04 08:08:13","24.12","66.5","948.02","3660","40","","","","-93","12.300000190734863","28010","1775300892974"
"489","2026-04-04 08:09:13","24.12","66.5","948","3680","52","","","","-93","12.300000190734863","28011","1775300952998"
"490","2026-04-04 08:10:13","24.12","66.5","948.02","3680","68","","","","-94","12.5","28012","1775301012961"
"491","2026-04-04 08:11:13","24.13","66.5","948.0600000000001","3680","96","","","","-93","12.5","28013","1775301072970"
"492","2026-04-04 08:12:13","24.14","66.5","948.04","3680","128","","","","-94","12","28014","1775301132963"
"493","2026-04-04 08:13:13","24.16","66.5","948.08","3640","156","","","","-93","12.300000190734863","28015","1775301192960"
"494","2026-04-04 08:14:13","24.17","66.5","948.0600000000001","3620","180","","","","-92","12.300000190734863","28016","1775301252952"
"495","2026-04-04 08:15:13","24.18","66.5","948.0600000000001","3680","208","","","","-93","12.5","28017","1775301312967"
"496","2026-04-04 08:16:13","24.19","66","948.0600000000001","3680","236","","","","-93","12.300000190734863","28018","1775301372959"
"497","2026-04-04 08:17:13","24.21","66","948.08","3640","260","","","","-94","12","28019","1775301432993"
"498","2026-04-04 08:18:13","24.23","66","948.08","3640","284","","","","-93","12.300000190734863","28020","1775301492966"
"499","2026-04-04 08:19:13","24.25","66","948.08","3660","296","","","","-93","12","28021","1775301552966"
"500","2026-04-04 08:20:13","24.27","66","948.08","3680","332","","","","-93","11.800000190734863","28022","1775301612973"
"501","2026-04-04 08:21:13","24.29","66","948.08","3620","360","","","","-93","12.300000190734863","28023","1775301672960"
"502","2026-04-04 08:22:13","24.32","66","948.08","3620","384","","","","-93","12.300000190734863","28024","1775301732973"
"503","2026-04-04 08:23:13","24.33","66","948.1","3620","408","","","","-93","12.300000190734863","28025","1775301792969"
"504","2026-04-04 08:24:13","24.36","65.5","948.12","3620","424","","","","-93","12.300000190734863","28026","1775301852969"
"505","2026-04-04 08:25:13","24.39","65.5","948.12","3660","444","","","","-92","12.5","28027","1775301912963"
"506","2026-04-04 08:26:13","24.42","65.5","948.16","3640","464","","","","-93","12.5","28028","1775301972963"
"507","2026-04-04 08:27:13","24.45","65.5","948.2","3680","492","","","","-93","12.5","28029","1775302032965"
"508","2026-04-04 08:28:13","24.48","65.5","948.2","3680","512","","","","-92","12.5","28030","1775302092968"
"509","2026-04-04 08:29:13","24.52","65","948.1800000000001","3660","536","","","","-92","12.5","28031","1775302152969"
"510","2026-04-04 08:30:13","24.55","65","948.14","3620","556","","","","-93","12","28032","1775302212934"
"511","2026-04-04 08:31:13","24.59","65","948.16","3620","572","","","","-93","12.300000190734863","28033","1775302272961"
"512","2026-04-04 08:32:13","24.63","65","948.1800000000001","3680","592","","","","-93","12.300000190734863","28034","1775302332968"
"513","2026-04-04 08:33:12","24.66","65","948.16","3680","612","","","","-93","12.300000190734863","28035","1775302392926"
"514","2026-04-04 08:34:13","24.71","64.5","948.16","3620","632","","","","-93","12","28036","1775302452935"
"515","2026-04-04 08:35:13","24.74","64.5","948.22","3620","652","","","","-92","12.5","28037","1775302512965"
"516","2026-04-04 08:36:13","24.79","64.5","948.1800000000001","3620","664","","","","-92","12.5","28038","1775302572972"
"517","2026-04-04 08:37:13","24.84","64.5","948.2","3640","684","","","","-92","12.5","28039","1775302632963"
"518","2026-04-04 08:38:13","24.88","64","948.2","3620","700","","","","-93","12","28040","1775302692965"
"519","2026-04-04 08:39:13","24.92","64","948.2","3660","716","","","","-93","12.5","28041","1775302752967"
"520","2026-04-04 08:40:13","24.97","64","948.22","3620","728","","","","-93","11.800000190734863","28042","1775302812972"
"521","2026-04-04 08:41:13","25.01","64","948.26","3640","744","","","","-94","12.300000190734863","28043","1775302872970"
"522","2026-04-04 08:42:13","25.06","63.5","948.24","3680","760","","","","-92","12.300000190734863","28044","1775302932968"
"523","2026-04-04 08:43:13","25.11","63.5","948.26","3620","772","","","","-93","12.5","28045","1775302992974"
"524","2026-04-04 08:44:13","25.15","63.5","948.22","3660","784","","","","-93","12.300000190734863","28046","1775303052960"
"525","2026-04-04 08:45:13","25.2","63","948.24","3640","792","","","","-93","12","28047","1775303112962"
"526","2026-04-04 08:46:13","25.24","63","948.22","3680","796","","","","-93","12.300000190734863","28048","1775303172961"
"527","2026-04-04 08:47:13","25.29","63","948.24","3660","800","","","","-94","12.300000190734863","28049","1775303232962"
"528","2026-04-04 08:48:13","25.33","63","948.26","3680","800","","","","-93","12.300000190734863","28050","1775303292961"
"529","2026-04-04 08:49:13","25.38","62.5","948.28","3660","796","","","","-93","12.300000190734863","28051","1775303352966"
"530","2026-04-04 08:50:13","25.43","62.5","948.28","3620","796","","","","-93","12","28052","1775303412957"
"531","2026-04-04 08:51:13","25.47","62.5","948.28","3620","792","","","","-93","12.300000190734863","28053","1775303472964"
"532","2026-04-04 08:52:13","25.51","62.5","948.26","3640","792","","","","-92","12.300000190734863","28054","1775303532962"
"533","2026-04-04 08:53:13","25.55","62.5","948.24","3620","784","","","","-93","12","28055","1775303592953"
"534","2026-04-04 08:54:13","25.59","62","948.28","3660","784","","","","-93","12.300000190734863","28056","1775303652961"
"535","2026-04-04 08:55:13","25.62","62","948.24","3620","764","","","","-93","12","28057","1775303712964"
"536","2026-04-04 08:56:13","25.66","62","948.26","3620","752","","","","-93","12.5","28058","1775303772960"
"537","2026-04-04 08:57:13","25.7","62","948.28","3640","756","","","","-93","12.300000190734863","28059","1775303832959"
"538","2026-04-04 08:58:13","25.74","61.5","948.3000000000001","3660","724","","","","-92","12.5","28060","1775303892963"
"539","2026-04-04 08:59:13","25.77","61.5","948.3000000000001","3680","760","","","","-93","12.300000190734863","28061","1775303952930"
"540","2026-04-04 09:00:13","25.8","61.5","948.28","3660","724","","","","-92","12.5","28062","1775304012962"
"541","2026-04-04 09:01:12","25.82","61.5","948.32","3640","744","","","","-92","12","28063","1775304072930"
"542","2026-04-04 09:02:13","25.85","61.5","948.32","3620","720","","","","-94","11.5","28064","1775304132936"
"543","2026-04-04 09:03:13","25.88","61.5","948.32","3660","680","","","","-93","12.300000190734863","28065","1775304192934"
"544","2026-04-04 09:04:13","25.89","61.5","948.32","3620","640","","","","-93","11.800000190734863","28066","1775304252966"
"545","2026-04-04 09:05:13","25.92","61.5","948.34","3680","688","","","","-95","12.5","28067","1775304312955"
"546","2026-04-04 09:06:13","25.94","61.5","948.36","3620","660","","","","-92","12.300000190734863","28068","1775304372966"
"547","2026-04-04 09:07:13","25.97","61","948.32","3640","720","","","","-93","12.300000190734863","28069","1775304432955"
"548","2026-04-04 09:08:13","26.01","61","948.36","3640","716","","","","-92","12.300000190734863","28070","1775304492958"
"549","2026-04-04 09:09:13","26.03","61","948.34","3620","712","","","","-92","12.800000190734863","28071","1775304552956"
"550","2026-04-04 09:10:13","26.06","61","948.36","3620","676","","","","-92","12.300000190734863","28072","1775304612960"
"551","2026-04-04 09:11:13","26.09","61","948.36","3640","676","","","","-93","12.300000190734863","28073","1775304672961"
"552","2026-04-04 09:12:13","26.1","61","948.36","3660","664","","","","-93","12.5","28074","1775304732987"
"553","2026-04-04 09:13:12","26.13","61","948.36","3660","612","","","","-94","12","28075","1775304792921"
"554","2026-04-04 09:14:13","26.14","61","948.4","3680","592","","","","-94","12.300000190734863","28076","1775304852924"
"555","2026-04-04 09:15:12","26.15","61","948.38","3640","604","","","","-93","12.5","28077","1775304912930"
"556","2026-04-04 09:16:12","26.16","61","948.38","3620","584","","","","-93","12.300000190734863","28078","1775304972925"
"557","2026-04-04 09:17:13","26.18","61","948.34","3660","604","","","","-93","12.300000190734863","28079","1775305032961"
"558","2026-04-04 09:18:13","26.2","61","948.38","3680","548","","","","-93","12.300000190734863","28080","1775305092964"
"559","2026-04-04 09:19:13","26.22","61","948.34","3660","560","","","","-93","12","28081","1775305152965"
"560","2026-04-04 09:20:13","26.21","61","948.38","3640","468","","","","-94","12","28082","1775305212964"
"561","2026-04-04 09:21:13","26.22","60.5","948.34","3680","564","","","","-94","11.800000190734863","28083","1775305272963"
"562","2026-04-04 09:22:13","26.24","60.5","948.36","3680","632","","","","-93","12.300000190734863","28084","1775305332964"
"563","2026-04-04 09:23:13","26.25","60.5","948.36","3680","572","","","","-94","12","28085","1775305392965"
"564","2026-04-04 09:24:13","26.29","60.5","948.36","3620","608","","","","-93","12.300000190734863","28086","1775305452969"
"565","2026-04-04 09:25:13","26.3","60.5","948.34","3660","492","","","","-92","12.5","28087","1775305512962"
"566","2026-04-04 09:26:13","26.32","60.5","948.36","3700","448","","","","-93","11.800000190734863","28088","1775305572966"
"567","2026-04-04 09:27:13","26.3","60.5","948.38","3680","348","","","","-93","11.5","28089","1775305632960"
"568","2026-04-04 09:28:13","26.29","60.5","948.38","3660","304","","","","-94","12","28090","1775305692970"
"569","2026-04-04 09:29:13","26.27","60.5","948.34","3660","376","","","","-94","12.300000190734863","28091","1775305752957"
"570","2026-04-04 09:30:13","26.28","60.5","948.36","3620","372","","","","-94","11","28092","1775305812962"
"571","2026-04-04 09:31:13","26.27","60.5","948.32","3620","316","","","","-94","12","28093","1775305872962"
"572","2026-04-04 09:32:12","26.27","61","948.28","3680","368","","","","-94","12.300000190734863","28094","1775305932927"
"573","2026-04-04 09:33:13","26.27","60.5","948.34","3660","400","","","","-93","12.300000190734863","28095","1775305992968"
"574","2026-04-04 09:34:13","26.27","60.5","948.32","3660","404","","","","-92","12.300000190734863","28096","1775306052969"
"575","2026-04-04 09:35:13","26.28","60.5","948.3000000000001","3620","408","","","","-92","12.5","28097","1775306112958"
"576","2026-04-04 09:36:13","26.28","60.5","948.3000000000001","3620","452","","","","-92","12.5","28098","1775306172968"
"577","2026-04-04 09:37:13","26.3","60.5","948.36","3620","444","","","","-93","12","28099","1775306232958"
"578","2026-04-04 09:38:13","26.32","60.5","948.32","3660","436","","","","-92","12.300000190734863","28100","1775306292965"
"579","2026-04-04 09:39:13","26.33","60.5","948.32","3660","480","","","","-93","12.300000190734863","28101","1775306352967"
"580","2026-04-04 09:40:13","26.34","60.5","948.34","3620","476","","","","-92","12.300000190734863","28102","1775306412969"
"581","2026-04-04 09:41:13","26.36","60.5","948.34","3680","428","","","","-93","12.5","28103","1775306472969"
"582","2026-04-04 09:42:13","26.36","60.5","948.34","3680","380","","","","-93","12.300000190734863","28104","1775306532967"
"583","2026-04-04 09:43:13","26.38","60.5","948.38","3680","360","","","","-93","12.300000190734863","28105","1775306592958"
"584","2026-04-04 09:44:13","26.37","60.5","948.38","3640","332","","","","-93","12.5","28106","1775306652962"
"585","2026-04-04 09:45:13","26.36","60.5","948.4200000000001","3620","340","","","","-94","12.300000190734863","28107","1775306713009"
"586","2026-04-04 09:46:13","26.37","60.5","948.4200000000001","3680","372","","","","-93","12","28108","1775306772966"
"587","2026-04-04 09:47:13","26.36","60.5","948.38","3660","328","","","","-94","12","28109","1775306832966"
"588","2026-04-04 09:48:13","26.37","60.5","948.4200000000001","3680","316","","","","-93","12","28110","1775306892969"
"589","2026-04-04 09:49:13","26.38","60.5","948.46","3620","388","","","","-93","12.300000190734863","28111","1775306952956"
"590","2026-04-04 09:50:13","26.37","60.5","948.44","3640","412","","","","-93","12.300000190734863","28112","1775307012968"
"591","2026-04-04 09:51:13","26.38","60.5","948.46","3640","408","","","","-94","12.5","28113","1775307072959"
"592","2026-04-04 09:52:13","26.38","60.5","948.48","3620","404","","","","-93","11.300000190734863","28114","1775307132963"
"593","2026-04-04 09:53:13","26.39","60.5","948.46","3640","392","","","","-94","12","28115","1775307192957"
"594","2026-04-04 09:54:13","26.39","60.5","948.46","3620","372","","","","-93","12","28116","1775307252964"
"595","2026-04-04 09:55:13","26.4","60.5","948.44","3660","344","","","","-93","12.300000190734863","28117","1775307312958"
"596","2026-04-04 09:56:13","26.41","60.5","948.4200000000001","3620","328","","","","-93","11.5","28118","1775307372962"
"597","2026-04-04 09:57:13","26.42","60.5","948.44","3680","288","","","","-92","12","28119","1775307432957"
"598","2026-04-04 09:58:13","26.38","60.5","948.4200000000001","3620","276","","","","-94","12.300000190734863","28120","1775307492963"
"599","2026-04-04 09:59:13","26.4","60.5","948.44","3680","388","","","","-93","12.300000190734863","28121","1775307552960"
"600","2026-04-04 10:00:13","26.42","60.5","948.44","3640","356","","","","-93","12.300000190734863","28122","1775307612962"
"601","2026-04-04 10:01:13","26.41","60.5","948.4","3660","304","","","","-93","12","28123","1775307672958"
"602","2026-04-04 10:02:13","26.41","60.5","948.44","3640","384","","","","-92","12.5","28124","1775307732967"
"603","2026-04-04 10:03:13","26.41","60.5","948.38","3660","424","","","","-92","12.5","28125","1775307792968"
"604","2026-04-04 10:04:13","26.44","60","948.4200000000001","3620","464","","","","-93","12","28126","1775307852966"
"605","2026-04-04 10:05:13","26.47","60","948.4200000000001","3640","460","","","","-94","12.300000190734863","28127","1775307912974"
"606","2026-04-04 10:06:13","26.47","60","948.4","3660","436","","","","-93","12.300000190734863","28128","1775307972959"
"607","2026-04-04 10:07:13","26.48","60","948.4200000000001","3640","408","","","","-92","12.800000190734863","28129","1775308032960"
"608","2026-04-04 10:08:13","26.5","60","948.4200000000001","3620","380","","","","-93","12","28130","1775308092958"
"609","2026-04-04 10:09:13","26.49","60","948.4","3660","360","","","","-92","12.5","28131","1775308152926"
"610","2026-04-04 10:10:13","26.5","60","948.4","3680","412","","","","-93","11.800000190734863","28132","1775308212964"
"611","2026-04-04 10:11:13","26.5","60","948.36","3620","392","","","","-93","12","28133","1775308272961"
"612","2026-04-04 10:12:13","26.52","60","948.36","3680","404","","","","-92","11.800000190734863","28134","1775308332965"
"613","2026-04-04 10:13:13","26.53","60","948.36","3640","376","","","","-92","12.300000190734863","28135","1775308392956"
"614","2026-04-04 10:14:13","26.53","60","948.34","3680","368","","","","-93","12","28136","1775308452964"
"615","2026-04-04 10:15:13","26.53","60","948.38","3660","376","","","","-94","12","28137","1775308512959"
"616","2026-04-04 10:16:13","26.55","60","948.36","3640","304","","","","-92","12.300000190734863","28138","1775308572963"
"617","2026-04-04 10:17:13","26.53","60","948.34","3620","388","","","","-92","12.300000190734863","28139","1775308632954"
"618","2026-04-04 10:18:13","26.56","60","948.38","3660","396","","","","-92","12","28140","1775308692956"
"619","2026-04-04 10:19:13","26.56","60","948.38","3640","420","","","","-92","12.5","28141","1775308752964"
"620","2026-04-04 10:20:13","26.59","59.5","948.4","3640","412","","","","-93","12","28142","1775308812959"
"621","2026-04-04 10:21:13","26.6","59.5","948.4","3660","416","","","","-93","12","28143","1775308872963"
"622","2026-04-04 10:22:13","26.59","59.5","948.4200000000001","3640","404","","","","-92","12.5","28144","1775308932965"
"623","2026-04-04 10:23:13","26.61","59.5","948.38","3640","404","","","","-93","12","28145","1775308992959"
"624","2026-04-04 10:24:13","26.6","59.5","948.38","3660","392","","","","-93","12.5","28146","1775309052957"
"625","2026-04-04 10:25:13","26.61","59.5","948.4","3640","376","","","","-94","12.300000190734863","28147","1775309112966"
"626","2026-04-04 10:26:13","26.62","59.5","948.36","3620","392","","","","-94","12.300000190734863","28148","1775309172968"
"627","2026-04-04 10:27:13","26.64","59.5","948.4","3620","376","","","","-93","12","28149","1775309232964"
"628","2026-04-04 10:28:13","26.65","59.5","948.4","3620","372","","","","-94","12","28150","1775309292967"
"629","2026-04-04 10:29:13","26.65","59.5","948.34","3640","364","","","","-94","12.300000190734863","28151","1775309352965"
"630","2026-04-04 10:30:13","26.66","59.5","948.34","3640","356","","","","-94","12.300000190734863","28152","1775309412958"
"631","2026-04-04 10:31:13","26.65","59.5","948.4","3680","368","","","","-94","11.800000190734863","28153","1775309472962"
"632","2026-04-04 10:32:13","26.65","59.5","948.36","3680","360","","","","-91","13","28154","1775309532955"
"633","2026-04-04 10:33:13","26.67","59.5","948.38","3640","344","","","","-92","12.5","28155","1775309592959"
"634","2026-04-04 10:34:13","26.66","59.5","948.38","3660","364","","","","-93","12.5","28156","1775309652963"
"635","2026-04-04 10:35:12","26.7","59.5","948.48","3620","392","","","","-93","12.300000190734863","28157","1775309712955"
"636","2026-04-04 10:36:13","26.67","59.5","948.4200000000001","3680","388","","","","-93","11.5","28158","1775309772960"
"637","2026-04-04 10:37:13","26.7","59.5","948.44","3680","380","","","","-92","12.5","28159","1775309832962"
"638","2026-04-04 10:38:13","26.69","59.5","948.38","3640","380","","","","-95","11.800000190734863","28160","1775309892957"
"639","2026-04-04 10:39:13","26.7","59.5","948.44","3640","380","","","","-93","12.300000190734863","28161","1775309952961"
"640","2026-04-04 10:40:13","26.71","59.5","948.44","3640","384","","","","-93","12","28162","1775310012969"
"641","2026-04-04 10:41:13","26.71","59.5","948.46","3620","384","","","","-93","12","28163","1775310072966"
"642","2026-04-04 10:42:13","26.72","59","948.46","3640","392","","","","-93","12.300000190734863","28164","1775310132962"
"643","2026-04-04 10:43:13","26.73","59","948.4","3640","376","","","","-94","12","28165","1775310192960"
"644","2026-04-04 10:44:13","26.73","59","948.4","3640","360","","","","-95","12","28166","1775310252968"
"645","2026-04-04 10:45:13","26.72","59.5","948.44","3620","348","","","","-93","12.5","28167","1775310312962"
"646","2026-04-04 10:46:12","26.73","59","948.4200000000001","3620","308","","","","-93","12.300000190734863","28168","1775310372926"
"647","2026-04-04 10:47:13","26.73","59","948.4200000000001","3660","332","","","","-93","12","28169","1775310432963"
"648","2026-04-04 10:48:13","26.73","59","948.4200000000001","3640","280","","","","-93","11.800000190734863","28170","1775310492969"
"649","2026-04-04 10:49:13","26.72","59","948.4200000000001","3680","292","","","","-94","12.300000190734863","28171","1775310552966"
"650","2026-04-04 10:50:13","26.73","59.5","948.4","3620","296","","","","-94","12.300000190734863","28172","1775310612963"
"651","2026-04-04 10:51:12","26.73","59","948.44","3680","300","","","","-93","12","28173","1775310672930"
"652","2026-04-04 10:52:13","26.72","59","948.4","3660","320","","","","-93","12","28174","1775310732965"
"653","2026-04-04 10:53:13","26.73","59","948.4","3680","304","","","","-94","12.300000190734863","28175","1775310792957"
"654","2026-04-04 10:54:13","26.74","59","948.4200000000001","3660","332","","","","-93","12","28176","1775310852964"
"655","2026-04-04 10:55:13","26.74","59","948.36","3660","356","","","","-94","12.300000190734863","28177","1775310912932"
"656","2026-04-04 10:56:13","26.75","59","948.36","3680","348","","","","-93","12.5","28178","1775310972963"
"657","2026-04-04 10:57:13","26.75","59","948.34","3620","360","","","","-94","12.300000190734863","28179","1775311032970"
"658","2026-04-04 10:58:13","26.75","59","948.34","3640","360","","","","-93","11.800000190734863","28180","1775311092964"
"659","2026-04-04 10:59:13","26.77","59","948.36","3660","360","","","","-93","12","28181","1775311152958"
"660","2026-04-04 11:00:13","26.78","59","948.28","3660","360","","","","-92","12.800000190734863","28182","1775311212959"
"661","2026-04-04 11:01:13","26.79","59","948.26","3660","356","","","","-93","12.300000190734863","28183","1775311272956"
"662","2026-04-04 11:02:13","26.79","59","948.28","3620","332","","","","-93","12","28184","1775311332968"
"663","2026-04-04 11:03:13","26.79","58.5","948.24","3640","336","","","","-92","12.300000190734863","28185","1775311392966"
"664","2026-04-04 11:04:13","26.8","59","948.26","3640","320","","","","-93","12","28186","1775311452961"
"665","2026-04-04 11:05:13","26.8","59","948.24","3680","332","","","","-93","12","28187","1775311512960"
"666","2026-04-04 11:06:13","26.8","58.5","948.28","3660","320","","","","-93","11.800000190734863","28188","1775311572959"
"667","2026-04-04 11:07:13","26.8","59","948.28","3640","336","","","","-93","11.800000190734863","28189","1775311632951"
"668","2026-04-04 11:08:13","26.8","59","948.26","3660","340","","","","-93","12.300000190734863","28190","1775311692957"
"669","2026-04-04 11:09:13","26.8","59","948.2","3680","340","","","","-92","12.5","28191","1775311752962"
"670","2026-04-04 11:10:13","26.82","59","948.2","3680","324","","","","-92","12.5","28192","1775311812955"
"671","2026-04-04 11:11:12","26.83","59","948.2","3640","332","","","","-92","12.300000190734863","28193","1775311872925"
"672","2026-04-04 11:12:13","26.82","59","948.1800000000001","3640","324","","","","-93","11.800000190734863","28194","1775311932963"
"673","2026-04-04 11:13:13","26.82","58.5","948.22","3640","336","","","","-93","12","28195","1775311992960"
"674","2026-04-04 11:14:13","26.83","59","948.16","3620","316","","","","-93","12","28196","1775312052959"
"675","2026-04-04 11:15:13","26.85","58.5","948.14","3620","264","","","","-93","12.5","28197","1775312112967"
"676","2026-04-04 11:16:13","26.83","59","948.1","3640","220","","","","-93","12.300000190734863","28198","1775312172969"
"677","2026-04-04 11:17:13","26.83","58.5","948.1","3640","188","","","","-93","12.300000190734863","28199","1775312232967"
"678","2026-04-04 11:18:13","26.82","59","948.1","3620","196","","","","-92","12.300000190734863","28200","1775312292965"
"679","2026-04-04 11:19:13","26.81","59","948.08","3660","240","","","","-92","12.300000190734863","28201","1775312352961"
"680","2026-04-04 11:20:13","26.79","59","948.08","3620","180","","","","-93","12.300000190734863","28202","1775312412961"
"681","2026-04-04 11:21:13","26.79","59","948.04","3620","160","","","","-92","12.300000190734863","28203","1775312472967"
"682","2026-04-04 11:22:13","26.77","59","948.0600000000001","3680","184","","","","-95","12","28204","1775312532970"
"683","2026-04-04 11:23:13","26.75","59","948.04","3620","124","","","","-93","12.300000190734863","28205","1775312592962"
"684","2026-04-04 11:24:13","26.76","59","948.02","3620","104","","","","-94","11.800000190734863","28206","1775312652959"
"685","2026-04-04 11:25:13","26.74","59","948.0600000000001","3620","100","","","","-95","12.300000190734863","28207","1775312712968"
"686","2026-04-04 11:26:13","26.71","59","948","3640","136","","","","-93","11.800000190734863","28208","1775312772962"
"687","2026-04-04 11:27:13","26.72","59","948","3640","180","","","","-93","12.5","28209","1775312832963"
"688","2026-04-04 11:28:13","26.7","59","947.98","3660","192","","","","-93","12.300000190734863","28210","1775312892962"
"689","2026-04-04 11:29:13","26.7","59","947.96","3620","188","","","","-92","12.300000190734863","28211","1775312952963"
"690","2026-04-04 11:30:13","26.68","59.5","947.98","3640","216","","","","-92","12.5","28212","1775313012960"
"691","2026-04-04 11:31:13","26.68","59","947.98","3620","252","","","","-92","12.300000190734863","28213","1775313072954"
"692","2026-04-04 11:32:13","26.7","59","947.98","3660","152","","","","-92","12.300000190734863","28214","1775313132954"
"693","2026-04-04 11:33:12","26.68","59","947.96","3620","112","","","","-93","12.300000190734863","28215","1775313192928"
"694","2026-04-04 11:34:13","26.68","59.5","947.98","3640","124","","","","-92","12.300000190734863","28216","1775313252968"
"695","2026-04-04 11:35:13","26.67","59","947.96","3640","144","","","","-92","12.5","28217","1775313312966"
"696","2026-04-04 11:36:13","26.65","59","947.96","3680","132","","","","-92","12.5","28218","1775313372958"
"697","2026-04-04 11:37:13","26.65","59","947.96","3680","148","","","","-92","12.300000190734863","28219","1775313432965"
"698","2026-04-04 11:38:13","26.64","59.5","947.96","3620","152","","","","-93","12","28220","1775313492958"
"699","2026-04-04 11:39:13","26.64","59","947.96","3620","188","","","","-94","12","28221","1775313552956"
"700","2026-04-04 11:40:13","26.64","59","947.96","3680","176","","","","-93","12","28222","1775313612969"
"701","2026-04-04 11:41:13","26.62","59.5","947.96","3660","152","","","","-93","12.300000190734863","28223","1775313672962"
"702","2026-04-04 11:42:13","26.62","59.5","947.94","3680","148","","","","-92","12.300000190734863","28224","1775313732956"
"703","2026-04-04 11:43:13","26.6","59.5","947.9","3620","144","","","","-93","12.5","28225","1775313792956"
"704","2026-04-04 11:44:13","26.6","59.5","947.9200000000001","3640","172","","","","-92","12.300000190734863","28226","1775313852967"
"705","2026-04-04 11:45:13","26.6","59.5","947.9","3620","156","","","","-92","12.300000190734863","28227","1775313912965"
"706","2026-04-04 11:46:13","26.59","59.5","947.88","3660","132","","","","-93","11.800000190734863","28228","1775313972958"
"707","2026-04-04 11:47:13","26.59","59.5","947.9","3620","168","","","","-92","12.5","28229","1775314032954"
"708","2026-04-04 11:48:13","26.58","59.5","947.9","3620","152","","","","-94","12.5","28230","1775314092958"
"709","2026-04-04 11:49:13","26.58","59.5","947.88","3660","136","","","","-93","12.300000190734863","28231","1775314152956"
"710","2026-04-04 11:50:13","26.57","59.5","947.86","3620","140","","","","-93","12.300000190734863","28232","1775314212957"
"711","2026-04-04 11:51:13","26.56","59.5","947.88","3660","136","","","","-93","12.300000190734863","28233","1775314272957"
"712","2026-04-04 11:52:13","26.56","59.5","947.88","3680","180","","","","-93","12.5","28234","1775314332962"
"713","2026-04-04 11:53:13","26.56","59.5","947.88","3660","176","","","","-93","12.300000190734863","28235","1775314392958"
"714","2026-04-04 11:54:13","26.56","59.5","947.84","3660","176","","","","-93","12.300000190734863","28236","1775314452966"
"715","2026-04-04 11:55:13","26.55","59.5","947.86","3660","184","","","","-93","12.300000190734863","28237","1775314512964"
"716","2026-04-04 11:56:13","26.55","59.5","947.86","3620","208","","","","-92","12.300000190734863","28238","1775314572981"
"717","2026-04-04 11:57:13","26.57","59.5","947.88","3680","224","","","","-92","12.300000190734863","28239","1775314632981"
"718","2026-04-04 11:58:13","26.57","59.5","947.84","3680","200","","","","-92","12.5","28240","1775314692959"
"719","2026-04-04 11:59:13","26.56","59.5","947.78","3660","148","","","","-92","12.5","28241","1775314752963"
"720","2026-04-04 12:00:13","26.58","59.5","947.76","3620","148","","","","-93","12.300000190734863","28242","1775314812954"
"721","2026-04-04 12:01:13","26.55","59.5","947.78","3640","164","","","","-92","12.800000190734863","28243","1775314872961"
"722","2026-04-04 12:02:13","26.57","59.5","947.74","3640","164","","","","-93","12.300000190734863","28244","1775314932956"
"723","2026-04-04 12:03:13","26.55","59.5","947.74","3680","144","","","","-94","12.300000190734863","28245","1775314992964"
"724","2026-04-04 12:04:13","26.55","59.5","947.78","3660","156","","","","-93","12","28246","1775315052966"
"725","2026-04-04 12:05:13","26.55","59.5","947.7","3680","176","","","","-93","12","28247","1775315112963"
"726","2026-04-04 12:06:13","26.55","59.5","947.66","3620","176","","","","-93","12","28248","1775315172954"
"727","2026-04-04 12:07:13","26.55","59.5","947.72","3620","192","","","","-94","12.300000190734863","28249","1775315232957"
"728","2026-04-04 12:08:13","26.54","59.5","947.72","3620","160","","","","-95","11.5","28250","1775315292959"
"729","2026-04-04 12:09:13","26.53","59.5","947.66","3660","184","","","","-94","12.300000190734863","28251","1775315352963"
"730","2026-04-04 12:10:13","26.53","59.5","947.66","3660","164","","","","-93","12.300000190734863","28252","1775315412967"
"731","2026-04-04 12:11:13","26.53","59.5","947.66","3620","172","","","","-94","12.300000190734863","28253","1775315472966"
"732","2026-04-04 12:12:13","26.53","59.5","947.66","3640","180","","","","-93","12.300000190734863","28254","1775315532961"
"733","2026-04-04 12:13:13","26.53","59.5","947.64","3660","184","","","","-92","12","28255","1775315592963"
"734","2026-04-04 12:14:13","26.52","59.5","947.66","3660","180","","","","-92","12.800000190734863","28256","1775315652964"
"735","2026-04-04 12:15:13","26.52","59.5","947.62","3640","184","","","","-94","12","28257","1775315712959"
"736","2026-04-04 12:16:13","26.52","59.5","947.6800000000001","3680","180","","","","-95","11.800000190734863","28258","1775315772963"
"737","2026-04-04 12:17:13","26.52","59.5","947.64","3620","176","","","","-93","11.800000190734863","28259","1775315832956"
"738","2026-04-04 12:18:13","26.5","59.5","947.62","3660","176","","","","-93","12.300000190734863","28260","1775315892962"
"739","2026-04-04 12:19:13","26.52","59.5","947.6","3680","164","","","","-93","12.300000190734863","28261","1775315952961"
"740","2026-04-04 12:20:13","26.51","59.5","947.6","3620","168","","","","-92","12.300000190734863","28262","1775316012962"
"741","2026-04-04 12:21:13","26.51","59.5","947.58","3640","164","","","","-92","12.800000190734863","28263","1775316072957"
"742","2026-04-04 12:22:13","26.51","59.5","947.5600000000001","3640","164","","","","-92","12.300000190734863","28264","1775316132954"
"743","2026-04-04 12:23:13","26.51","59.5","947.52","3640","160","","","","-93","11.800000190734863","28265","1775316192967"
"744","2026-04-04 12:24:13","26.52","59.5","947.48","3620","156","","","","-93","11.800000190734863","28266","1775316252956"
"745","2026-04-04 12:25:13","26.51","59.5","947.46","3660","156","","","","-93","12.300000190734863","28267","1775316312962"
"746","2026-04-04 12:26:13","26.5","59.5","947.44","3620","152","","","","-93","12.300000190734863","28268","1775316372958"
"747","2026-04-04 12:27:13","26.49","59.5","947.48","3640","148","","","","-93","12.300000190734863","28269","1775316432966"
"748","2026-04-04 12:28:13","26.49","59.5","947.4200000000001","3660","148","","","","-93","11.800000190734863","28270","1775316492960"
"749","2026-04-04 12:29:13","26.49","59.5","947.4","3640","148","","","","-93","11.800000190734863","28271","1775316552960"
"750","2026-04-04 12:30:13","26.49","59.5","947.36","3660","148","","","","-92","12.300000190734863","28272","1775316612945"
"751","2026-04-04 12:31:13","26.48","59.5","947.38","3680","144","","","","-95","12.300000190734863","28273","1775316672956"
"752","2026-04-04 12:32:13","26.48","59.5","947.36","3680","140","","","","-92","12.300000190734863","28274","1775316732961"
"753","2026-04-04 12:33:13","26.47","59.5","947.34","3640","140","","","","-93","12","28275","1775316792958"
"754","2026-04-04 12:34:13","26.48","59.5","947.32","3640","136","","","","-93","12.5","28276","1775316852971"
"755","2026-04-04 12:35:13","26.47","59.5","947.32","3680","136","","","","-93","12","28277","1775316912959"
"756","2026-04-04 12:36:13","26.48","59.5","947.28","3640","128","","","","-92","12.300000190734863","28278","1775316972966"
"757","2026-04-04 12:37:13","26.47","59.5","947.24","3680","128","","","","-92","12","28279","1775317032956"
"758","2026-04-04 12:38:13","26.47","59.5","947.26","3680","128","","","","-92","12.5","28280","1775317092964"
"759","2026-04-04 12:39:13","26.46","59.5","947.24","3620","128","","","","-91","12","28281","1775317152964"
"760","2026-04-04 12:40:13","26.47","59.5","947.24","3680","124","","","","-92","12.5","28282","1775317212955"
"761","2026-04-04 12:41:13","26.46","59.5","947.1800000000001","3620","124","","","","-92","12.5","28283","1775317272955"
"762","2026-04-04 12:42:13","26.45","59.5","947.1800000000001","3620","124","","","","-92","12.5","28284","1775317332955"
"763","2026-04-04 12:43:13","26.46","59.5","947.16","3640","124","","","","-91","12.5","28285","1775317392968"
"764","2026-04-04 12:44:13","26.45","59.5","947.12","3640","124","","","","-92","12.300000190734863","28286","1775317452966"
"765","2026-04-04 12:45:13","26.46","59.5","947.14","3620","124","","","","-92","12.5","28287","1775317512968"
"766","2026-04-04 12:46:13","26.45","59.5","947.08","3680","124","","","","-92","12.5","28288","1775317572957"
"767","2026-04-04 12:47:13","26.44","59.5","947.1","3640","124","","","","-91","13","28289","1775317632966"
"768","2026-04-04 12:48:13","26.44","59.5","947.08","3680","120","","","","-91","13.300000190734863","28290","1775317692956"
"769","2026-04-04 12:49:13","26.44","59.5","947.08","3640","120","","","","-92","13.300000190734863","28291","1775317752959"
"770","2026-04-04 12:50:13","26.43","59.5","947.04","3660","120","","","","-92","12.800000190734863","28292","1775317812961"
"771","2026-04-04 12:51:13","26.42","60","947.02","3640","116","","","","-92","12.5","28293","1775317872956"
"772","2026-04-04 12:52:13","26.43","59.5","946.98","3660","116","","","","-92","12.300000190734863","28294","1775317932962"
"773","2026-04-04 12:53:12","26.42","59.5","947.04","3660","116","","","","-92","12.800000190734863","28295","1775317992960"
"774","2026-04-04 12:54:13","26.42","59.5","947","3620","108","","","","-92","12.5","28296","1775318052964"
"775","2026-04-04 12:55:13","26.42","59.5","946.94","3640","108","","","","-91","13","28297","1775318112957"
"776","2026-04-04 12:56:13","26.42","59.5","946.96","3660","108","","","","-91","12.800000190734863","28298","1775318172960"
"777","2026-04-04 12:57:13","26.41","59.5","946.96","3640","104","","","","-92","12.300000190734863","28299","1775318232957"
"778","2026-04-04 12:58:13","26.41","59.5","946.98","3620","104","","","","-92","12","28300","1775318292965"
"779","2026-04-04 12:59:13","26.4","59.5","946.98","3680","100","","","","-93","11.300000190734863","28301","1775318352956"
"780","2026-04-04 13:00:13","26.39","59.5","946.94","3660","100","","","","-92","12.300000190734863","28302","1775318412961"
"781","2026-04-04 13:01:13","26.4","59.5","946.9200000000001","3680","104","","","","-92","12.5","28303","1775318472962"
"782","2026-04-04 13:02:13","26.4","59.5","946.9200000000001","3620","104","","","","-93","12.300000190734863","28304","1775318532960"
"783","2026-04-04 13:03:13","26.39","59.5","946.88","3640","100","","","","-92","12","28305","1775318592967"
"784","2026-04-04 13:04:13","26.4","59.5","946.9","3660","100","","","","-92","12.800000190734863","28306","1775318652963"
"785","2026-04-04 13:05:13","26.39","59.5","946.9","3640","96","","","","-92","12.300000190734863","28307","1775318712957"
"786","2026-04-04 13:06:13","26.39","59.5","946.88","3640","92","","","","-92","13","28308","1775318772966"
"787","2026-04-04 13:07:13","26.37","59.5","946.84","3640","40","","","","-92","12.800000190734863","28309","1775318832960"
"788","2026-04-04 13:08:13","26.36","59.5","946.82","3640","36","","","","-92","12.5","28310","1775318892964"
"789","2026-04-04 13:09:13","26.35","60","946.82","3660","40","","","","-92","13","28311","1775318952956"
"790","2026-04-04 13:10:13","26.35","59.5","946.8000000000001","3660","84","","","","-93","12.300000190734863","28312","1775319012964"
"791","2026-04-04 13:11:13","26.35","60","946.78","3620","80","","","","-93","12.300000190734863","28313","1775319072962"
"792","2026-04-04 13:12:13","26.34","59.5","946.76","3680","84","","","","-92","13","28314","1775319132961"
"793","2026-04-04 13:13:13","26.33","60","946.74","3620","84","","","","-92","12.5","28315","1775319192958"
"794","2026-04-04 13:14:13","26.34","60","946.7","3660","84","","","","-92","13.300000190734863","28316","1775319252958"
"795","2026-04-04 13:15:13","26.33","60","946.6800000000001","3620","88","","","","-92","12.5","28317","1775319312964"
"796","2026-04-04 13:16:13","26.32","60","946.7","3680","84","","","","-93","12.300000190734863","28318","1775319372960"
"797","2026-04-04 13:17:13","26.32","60","946.62","3660","80","","","","-92","12.300000190734863","28319","1775319432963"
"798","2026-04-04 13:18:13","26.32","60","946.66","3620","80","","","","-92","12.300000190734863","28320","1775319492955"
"799","2026-04-04 13:19:13","26.31","60","946.62","3660","80","","","","-92","12.5","28321","1775319552955"
"800","2026-04-04 13:20:13","26.31","60","946.64","3620","84","","","","-92","12.5","28322","1775319612964"
"801","2026-04-04 13:21:13","26.31","60","946.6","3660","84","","","","-92","12.5","28323","1775319672956"
"802","2026-04-04 13:22:13","26.3","60","946.58","3660","84","","","","-91","13","28324","1775319732954"
"803","2026-04-04 13:23:13","26.29","60","946.6","3620","84","","","","-91","13","28325","1775319792954"
"804","2026-04-04 13:24:13","26.3","60","946.6","3620","80","","","","-91","13","28326","1775319852957"
"805","2026-04-04 13:25:13","26.3","60","946.58","3640","80","","","","-91","12.800000190734863","28327","1775319912956"
"806","2026-04-04 13:26:13","26.3","60","946.54","3640","80","","","","-92","13","28328","1775319972963"
"807","2026-04-04 13:27:12","26.29","60","946.5","3660","80","","","","-91","12.800000190734863","28329","1775320032928"
"808","2026-04-04 13:28:13","26.29","60","946.48","3680","80","","","","-91","12.5","28330","1775320092964"
"809","2026-04-04 13:29:13","26.29","60","946.4200000000001","3640","80","","","","-92","12.300000190734863","28331","1775320152966"
"810","2026-04-04 13:30:13","26.29","60","946.46","3680","76","","","","-93","12.5","28332","1775320212962"
"811","2026-04-04 13:31:13","26.29","60","946.44","3640","76","","","","-92","12.5","28333","1775320272970"
"812","2026-04-04 13:32:13","26.28","60","946.38","3640","72","","","","-92","12.800000190734863","28334","1775320332960"
"813","2026-04-04 13:33:13","26.28","60","946.4200000000001","3620","72","","","","-91","12.800000190734863","28335","1775320392963"
"814","2026-04-04 13:34:13","26.28","60","946.4","3620","68","","","","-92","12.800000190734863","28336","1775320452962"
"815","2026-04-04 13:35:13","26.27","60","946.36","3620","68","","","","-91","12.800000190734863","28337","1775320512965"
"816","2026-04-04 13:36:13","26.27","60","946.34","3660","68","","","","-92","12.800000190734863","28338","1775320572958"
"817","2026-04-04 13:37:13","26.27","60","946.28","3620","68","","","","-92","12.300000190734863","28339","1775320632966"
"818","2026-04-04 13:38:13","26.26","60","946.32","3640","68","","","","-92","12.5","28340","1775320692954"
"819","2026-04-04 13:39:13","26.26","60","946.28","3660","64","","","","-92","12.300000190734863","28341","1775320752955"
"820","2026-04-04 13:40:13","26.26","60","946.26","3680","64","","","","-91","12.800000190734863","28342","1775320812964"
"821","2026-04-04 13:41:13","26.26","60","946.26","3620","64","","","","-92","12.300000190734863","28343","1775320872953"
"822","2026-04-04 13:42:13","26.24","60","946.22","3660","64","","","","-92","12.800000190734863","28344","1775320932964"
"823","2026-04-04 13:43:13","26.25","60","946.22","3660","60","","","","-91","12.5","28345","1775320992962"
"824","2026-04-04 13:44:13","26.25","60","946.22","3660","60","","","","-91","12.800000190734863","28346","1775321052952"
"825","2026-04-04 13:45:13","26.24","60","946.2","3680","60","","","","-95","11.800000190734863","28347","1775321112961"
"826","2026-04-04 13:46:13","26.23","60","946.2","3660","60","","","","-93","12.300000190734863","28348","1775321172959"
"827","2026-04-04 13:47:13","26.23","60","946.2","3620","60","","","","-92","12.5","28349","1775321232963"
"828","2026-04-04 13:48:13","26.22","60","946.16","3620","60","","","","-94","12.300000190734863","28350","1775321292966"
"829","2026-04-04 13:49:13","26.22","60","946.16","3680","60","","","","-91","12.5","28351","1775321352966"
"830","2026-04-04 13:50:13","26.23","60","946.14","3620","60","","","","-93","12.300000190734863","28352","1775321412959"
"831","2026-04-04 13:51:13","26.22","60","946.12","3660","60","","","","-92","13","28353","1775321472960"
"832","2026-04-04 13:52:13","26.22","60","946.1","3620","60","","","","-92","12","28354","1775321532956"
"833","2026-04-04 13:53:13","26.21","60","946.08","3640","60","","","","-92","13","28355","1775321592958"
"834","2026-04-04 13:54:13","26.21","60","946.04","3660","56","","","","-92","12.5","28356","1775321652955"
"835","2026-04-04 13:55:13","26.21","60","946.08","3640","56","","","","-93","12","28357","1775321712963"
"836","2026-04-04 13:56:13","26.2","60","946","3620","56","","","","-92","12.5","28358","1775321772963"
"837","2026-04-04 13:57:13","26.2","60","946.02","3640","56","","","","-93","11.5","28359","1775321832955"
"838","2026-04-04 13:58:13","26.2","60","946.02","3620","52","","","","-92","12.5","28360","1775321892959"
"839","2026-04-04 13:59:13","26.19","60","945.96","3620","52","","","","-92","12.5","28361","1775321952961"
"840","2026-04-04 14:00:13","26.19","60","945.98","3640","52","","","","-92","12.300000190734863","28362","1775322012965"
"841","2026-04-04 14:01:13","26.19","60","945.94","3620","48","","","","-92","12.5","28363","1775322072962"
"842","2026-04-04 14:02:13","26.18","60","945.94","3620","48","","","","-93","12.5","28364","1775322132960"
"843","2026-04-04 14:03:13","26.18","60","945.94","3680","48","","","","-91","12.800000190734863","28365","1775322192956"
"844","2026-04-04 14:04:13","26.18","60","945.9","3620","48","","","","-91","12.800000190734863","28366","1775322252966"
"845","2026-04-04 14:05:13","26.17","60","945.9","3640","44","","","","-91","12.5","28367","1775322312966"
"846","2026-04-04 14:06:13","26.17","60","945.84","3620","44","","","","-92","12.5","28368","1775322372961"
"847","2026-04-04 14:07:13","26.16","60","945.86","3620","44","","","","-91","12.800000190734863","28369","1775322432951"
"848","2026-04-04 14:08:13","26.16","60.5","945.86","3660","44","","","","-92","13.300000190734863","28370","1775322492953"
"849","2026-04-04 14:09:13","26.15","60","945.84","3660","44","","","","-91","13","28371","1775322552969"
"850","2026-04-04 14:10:13","26.15","60","945.8000000000001","3680","44","","","","-92","12.800000190734863","28372","1775322612931"
"851","2026-04-04 14:11:13","26.15","60.5","945.8000000000001","3620","44","","","","-92","12.300000190734863","28373","1775322672959"
"852","2026-04-04 14:12:13","26.15","60","945.82","3640","44","","","","-92","13","28374","1775322732961"
"853","2026-04-04 14:13:13","26.14","60.5","945.78","3620","44","","","","-92","12.300000190734863","28375","1775322792964"
"854","2026-04-04 14:14:13","26.14","60","945.78","3640","44","","","","-92","12","28376","1775322852964"
"855","2026-04-04 14:15:13","26.14","60.5","945.76","3620","44","","","","-93","12.5","28377","1775322912963"
"856","2026-04-04 14:16:13","26.14","60.5","945.74","3620","44","","","","-92","13","28378","1775322972957"
"857","2026-04-04 14:17:13","26.13","60.5","945.76","3620","44","","","","-92","12.800000190734863","28379","1775323032948"
"858","2026-04-04 14:18:13","26.12","60","945.72","3640","36","","","","-91","12.800000190734863","28380","1775323092954"
"859","2026-04-04 14:19:13","26.12","60.5","945.74","3680","40","","","","-91","13","28381","1775323152954"
"860","2026-04-04 14:20:13","26.11","60.5","945.72","3620","36","","","","-92","13","28382","1775323212961"
"861","2026-04-04 14:21:13","26.12","60.5","945.76","3660","40","","","","-92","12.300000190734863","28383","1775323272965"
"862","2026-04-04 14:22:13","26.11","60.5","945.72","3600","40","","","","-92","12.300000190734863","28384","1775323332961"
"863","2026-04-04 14:23:13","26.11","60.5","945.7","3620","40","","","","-92","12.5","28385","1775323392957"
"864","2026-04-04 14:24:13","26.1","60.5","945.74","3640","40","","","","-91","12.800000190734863","28386","1775323452965"
"865","2026-04-04 14:25:13","26.1","60.5","945.74","3660","36","","","","-92","12.300000190734863","28387","1775323512957"
"866","2026-04-04 14:26:13","26.1","60.5","945.72","3620","36","","","","-91","12","28388","1775323572951"
"867","2026-04-04 14:27:13","26.09","60.5","945.6800000000001","3640","36","","","","-91","13","28389","1775323632958"
"868","2026-04-04 14:28:13","26.09","60.5","945.6800000000001","3620","36","","","","-92","13","28390","1775323692954"
"869","2026-04-04 14:29:13","26.09","60.5","945.6800000000001","3620","36","","","","-91","13","28391","1775323752958"
"870","2026-04-04 14:30:13","26.09","60.5","945.6800000000001","3620","36","","","","-92","12.300000190734863","28392","1775323812966"
"871","2026-04-04 14:31:13","26.09","60.5","945.7","3640","36","","","","-92","13.300000190734863","28393","1775323872960"
"872","2026-04-04 14:32:13","26.08","60.5","945.66","3620","36","","","","-93","12.5","28394","1775323932961"
"873","2026-04-04 14:33:13","26.08","60.5","945.6800000000001","3680","36","","","","-90","12.800000190734863","28395","1775323992953"
"874","2026-04-04 14:34:12","","","","","","","","","-92","11.800000190734863","28396","1775324052637"
"875","2026-04-04 14:34:12","26.08","60.5","945.6800000000001","3660","32","","","","-92","12.5","28396","1775324052915"
"876","2026-04-04 14:35:13","26.07","60.5","945.66","3660","32","","","","-92","13.300000190734863","28397","1775324112952"
"877","2026-04-04 14:36:13","26.06","60.5","945.64","3680","32","","","","-93","12.5","28398","1775324172953"
"878","2026-04-04 14:37:13","26.06","60.5","945.58","3620","32","","","","-93","12","28399","1775324232964"
"879","2026-04-04 14:38:13","26.06","60.5","945.5600000000001","3640","32","","","","-92","12.800000190734863","28400","1775324292960"
"880","2026-04-04 14:39:13","26.06","60.5","945.6","3620","32","","","","-92","12.5","28401","1775324352990"
"881","2026-04-04 14:40:13","26.05","60.5","945.5600000000001","3620","32","","","","-91","13","28402","1775324412967"
"882","2026-04-04 14:41:13","26.05","60.5","945.54","3620","28","","","","-92","12","28403","1775324472959"
"883","2026-04-04 14:42:13","26.05","60.5","945.52","3600","28","","","","-92","13","28404","1775324532957"
"884","2026-04-04 14:43:13","26.05","60.5","945.52","3660","28","","","","-92","13","28405","1775324592956"
"885","2026-04-04 14:44:13","26.03","60.5","945.5","3660","32","","","","-91","12.800000190734863","28406","1775324652951"
"886","2026-04-04 14:45:13","26.03","60.5","945.46","3600","32","","","","-91","13.300000190734863","28407","1775324712956"
"887","2026-04-04 14:46:13","26.03","60.5","945.52","3620","32","","","","-91","13.300000190734863","28408","1775324772950"
"888","2026-04-04 14:47:13","26.03","60.5","945.5600000000001","3620","32","","","","-91","12.800000190734863","28409","1775324832961"
"889","2026-04-04 14:48:13","26.02","60.5","945.52","3620","32","","","","-92","13","28410","1775324892953"
"890","2026-04-04 14:49:13","26.02","60.5","945.54","3680","32","","","","-91","12.800000190734863","28411","1775324952958"
"891","2026-04-04 14:50:13","26.02","60.5","945.52","3640","12","","","","-91","12.800000190734863","28412","1775325012958"
"892","2026-04-04 14:51:13","26.01","60.5","945.46","3620","12","","","","-91","13","28413","1775325072960"
"893","2026-04-04 14:52:13","26","60.5","945.46","3640","12","","","","-90","12.5","28414","1775325132954"
"894","2026-04-04 14:53:13","26","60.5","945.4200000000001","3640","28","","","","-93","12.300000190734863","28415","1775325192961"
"895","2026-04-04 14:54:13","26","60.5","945.38","3620","28","","","","-92","12.5","28416","1775325252960"
"896","2026-04-04 14:55:13","26","60.5","945.4","3640","12","","","","-92","13","28417","1775325312951"
"897","2026-04-04 14:56:13","25.99","60.5","945.38","3680","12","","","","-92","12.5","28418","1775325372961"
"898","2026-04-04 14:57:13","25.98","60.5","945.34","3640","12","","","","-92","12.5","28419","1775325432951"
"899","2026-04-04 14:58:13","25.98","60.5","945.36","3660","16","","","","-92","12.5","28420","1775325492957"
"900","2026-04-04 14:59:13","25.97","60.5","945.36","3660","16","","","","-92","12.5","28421","1775325552962"
"901","2026-04-04 15:00:13","25.98","60.5","945.32","3620","20","","","","-92","12.800000190734863","28422","1775325612962"
"902","2026-04-04 15:01:13","25.97","60.5","945.26","3660","28","","","","-92","12.300000190734863","28423","1775325672951"
"903","2026-04-04 15:02:13","25.97","60.5","945.26","3640","28","","","","-92","12.5","28424","1775325732956"
"904","2026-04-04 15:03:13","25.97","60.5","945.28","3620","24","","","","-92","12","28425","1775325792951"
"905","2026-04-04 15:04:13","25.96","60.5","945.22","3600","12","","","","-92","13.300000190734863","28426","1775325852954"
"906","2026-04-04 15:05:13","25.96","60.5","945.1800000000001","3660","12","","","","-92","12.300000190734863","28427","1775325912954"
"907","2026-04-04 15:06:13","25.95","60.5","945.14","3620","8","","","","-92","12.300000190734863","28428","1775325972958"
"908","2026-04-04 15:07:12","25.94","60.5","945.16","3620","12","","","","-92","12.300000190734863","28429","1775326032928"
"909","2026-04-04 15:08:13","25.95","60.5","945.12","3660","24","","","","-93","12.300000190734863","28430","1775326092954"
"910","2026-04-04 15:09:13","25.94","60.5","945.08","3660","20","","","","-92","12.800000190734863","28431","1775326152958"
"911","2026-04-04 15:10:13","25.94","60.5","945.1","3660","8","","","","-92","13","28432","1775326212957"
"912","2026-04-04 15:11:13","25.93","60.5","945.08","3600","8","","","","-92","12","28433","1775326272957"
"913","2026-04-04 15:12:13","25.92","60.5","945.0600000000001","3600","8","","","","-91","12.800000190734863","28434","1775326332963"
"914","2026-04-04 15:13:13","25.91","60.5","945","3660","8","","","","-92","12.800000190734863","28435","1775326392952"
"915","2026-04-04 15:14:13","25.91","60.5","945","3660","8","","","","-93","12.5","28436","1775326452962"
"916","2026-04-04 15:15:13","25.91","60.5","944.96","3620","8","","","","-92","12.5","28437","1775326512958"
"917","2026-04-04 15:16:13","25.91","60.5","944.94","3640","8","","","","-92","12.800000190734863","28438","1775326572959"
"918","2026-04-04 15:17:13","25.9","60.5","944.9","3660","12","","","","-92","12.800000190734863","28439","1775326632965"
"919","2026-04-04 15:18:13","25.91","60.5","944.88","3620","24","","","","-92","12.5","28440","1775326692959"
"920","2026-04-04 15:19:13","25.91","60.5","944.86","3660","24","","","","-93","12.300000190734863","28441","1775326752960"
"921","2026-04-04 15:20:13","25.9","60.5","944.8000000000001","3660","24","","","","-93","12.5","28442","1775326812955"
"922","2026-04-04 15:21:13","25.91","60.5","944.78","3620","24","","","","-92","11.300000190734863","28443","1775326872949"
"923","2026-04-04 15:22:13","25.9","60.5","944.76","3660","24","","","","-92","12.5","28444","1775326932959"
"924","2026-04-04 15:23:13","25.9","60.5","944.7","3620","24","","","","-92","12.5","28445","1775326992950"
"925","2026-04-04 15:24:13","25.9","60.5","944.72","3680","20","","","","-92","12.5","28446","1775327052954"
"926","2026-04-04 15:25:13","25.9","60.5","944.66","3660","24","","","","-92","12.300000190734863","28447","1775327112953"
"927","2026-04-04 15:26:13","25.89","60.5","944.66","3640","20","","","","-92","12","28448","1775327172963"
"928","2026-04-04 15:27:13","25.89","60.5","944.64","3620","20","","","","-92","12.5","28449","1775327232963"
"929","2026-04-04 15:28:13","25.89","60.5","944.66","3660","20","","","","-92","12.800000190734863","28450","1775327292959"
"930","2026-04-04 15:29:13","25.88","60.5","944.62","3620","20","","","","-92","12.5","28451","1775327352960"
"931","2026-04-04 15:30:13","25.88","60.5","944.62","3660","20","","","","-92","12.800000190734863","28452","1775327412950"
"932","2026-04-04 15:31:13","25.88","60.5","944.5600000000001","3620","20","","","","-92","12.5","28453","1775327472959"
"933","2026-04-04 15:32:13","25.88","60.5","944.54","3660","20","","","","-92","13","28454","1775327532961"
"934","2026-04-04 15:33:13","25.88","60.5","944.54","3660","20","","","","-92","12.5","28455","1775327592951"
"935","2026-04-04 15:34:13","25.88","60.5","944.5","3680","20","","","","-91","13","28456","1775327652953"
"936","2026-04-04 15:35:12","25.88","60.5","944.5","3660","20","","","","-92","12.5","28457","1775327712957"
"937","2026-04-04 15:36:13","25.87","60.5","944.52","3620","20","","","","-93","12.5","28458","1775327772950"
"938","2026-04-04 15:37:13","25.87","60.5","944.52","3680","20","","","","-91","12.5","28459","1775327832952"
"939","2026-04-04 15:38:13","25.87","60.5","944.52","3600","20","","","","-92","12.800000190734863","28460","1775327892925"
"940","2026-04-04 15:39:13","25.86","60.5","944.5","3620","20","","","","-93","12","28461","1775327952955"
"941","2026-04-04 15:40:13","25.87","60.5","944.5","3640","20","","","","-94","12.300000190734863","28462","1775328012947"
"942","2026-04-04 15:41:13","25.87","60.5","944.52","3620","20","","","","-92","12.300000190734863","28463","1775328072962"
"943","2026-04-04 15:42:13","25.87","60.5","944.48","3620","20","","","","-92","12.800000190734863","28464","1775328132963"
"944","2026-04-04 15:43:13","25.86","60.5","944.46","3640","20","","","","-93","12","28465","1775328192964"
"945","2026-04-04 15:44:13","25.86","60.5","944.5","3620","20","","","","-92","12.800000190734863","28466","1775328252954"
"946","2026-04-04 15:45:13","25.85","60.5","944.46","3620","20","","","","-92","12.5","28467","1775328312959"
"947","2026-04-04 15:46:13","25.85","60.5","944.48","3660","20","","","","-92","12.5","28468","1775328372964"
"948","2026-04-04 15:47:13","25.85","60.5","944.5","3660","20","","","","-92","12.300000190734863","28469","1775328432951"
"949","2026-04-04 15:48:12","25.85","60.5","944.5","3620","16","","","","-92","12.5","28470","1775328492952"
"950","2026-04-04 15:49:13","25.85","60.5","944.5","3600","12","","","","-92","12.800000190734863","28471","1775328552956"
"951","2026-04-04 15:50:13","25.84","60.5","944.5600000000001","3660","20","","","","-92","11.5","28472","1775328612982"
"952","2026-04-04 15:51:13","25.84","60.5","944.52","3640","20","","","","-92","12","28473","1775328672947"
"953","2026-04-04 15:52:12","25.84","60.5","944.54","3640","20","","","","-93","12","28474","1775328732952"
"954","2026-04-04 15:53:13","25.83","60.5","944.5600000000001","3620","20","","","","-92","13","28475","1775328792951"
"955","2026-04-04 15:54:13","25.83","60.5","944.48","3660","20","","","","-93","12.5","28476","1775328852960"
"956","2026-04-04 15:55:13","25.84","60.5","944.5600000000001","3640","20","","","","-93","12.300000190734863","28477","1775328912949"
"957","2026-04-04 15:56:13","25.83","60","944.54","3640","20","","","","-92","12.5","28478","1775328972955"
"958","2026-04-04 15:57:13","25.83","60.5","944.58","3640","16","","","","-92","13","28479","1775329032962"
"959","2026-04-04 15:58:13","25.83","60.5","944.58","3600","16","","","","-93","12.300000190734863","28480","1775329092961"
"960","2026-04-04 15:59:12","25.83","60.5","944.58","3680","16","","","","-93","12.300000190734863","28481","1775329152921"
"961","2026-04-04 16:00:13","25.83","60.5","944.6","3600","16","","","","-92","12.5","28482","1775329212951"
"962","2026-04-04 16:01:13","25.83","60","944.58","3660","12","","","","-93","12.300000190734863","28483","1775329272953"
"963","2026-04-04 16:02:13","25.82","60","944.5600000000001","3600","4","","","","-92","12.800000190734863","28484","1775329332973"
"964","2026-04-04 16:03:13","25.82","60","944.5600000000001","3660","12","","","","-92","12","28485","1775329392958"
"965","2026-04-04 16:04:13","25.81","60","944.5600000000001","3680","16","","","","-93","12.300000190734863","28486","1775329452957"
"966","2026-04-04 16:05:13","25.81","60","944.58","3640","8","","","","-93","12.300000190734863","28487","1775329513031"
"967","2026-04-04 16:06:13","25.81","60","944.58","3640","4","","","","-93","12.5","28488","1775329572953"
"968","2026-04-04 16:07:13","25.8","60","944.58","3660","12","","","","-95","12.5","28489","1775329632948"
"969","2026-04-04 16:08:13","25.8","60","944.64","3660","16","","","","-94","12.300000190734863","28490","1775329692957"
"970","2026-04-04 16:09:13","25.8","60","944.62","3640","12","","","","-93","12.300000190734863","28491","1775329752919"
"971","2026-04-04 16:10:13","25.8","60","944.58","3620","16","","","","-93","12.5","28492","1775329812956"
"972","2026-04-04 16:11:13","25.81","60","944.62","3660","16","","","","-93","12.300000190734863","28493","1775329872954"
"973","2026-04-04 16:12:13","25.8","60","944.6","3620","16","","","","-93","12.300000190734863","28494","1775329932960"
"974","2026-04-04 16:13:13","25.8","60","944.58","3660","16","","","","-93","12.300000190734863","28495","1775329992960"
"975","2026-04-04 16:14:13","25.8","60","944.58","3640","16","","","","-92","12.5","28496","1775330052956"
"976","2026-04-04 16:15:13","25.79","60","944.6","3620","16","","","","-94","12","28497","1775330112943"
"977","2026-04-04 16:16:13","25.79","60","944.6","3660","16","","","","-92","12.800000190734863","28498","1775330172951"
"978","2026-04-04 16:17:13","25.8","60","944.64","3620","16","","","","-94","12.300000190734863","28499","1775330232952"
"979","2026-04-04 16:18:13","25.8","60","944.64","3660","16","","","","-94","12.5","28500","1775330292958"
"980","2026-04-04 16:19:13","25.78","60","944.64","3620","16","","","","-93","12.300000190734863","28501","1775330352953"
"981","2026-04-04 16:20:13","25.79","60","944.66","3660","16","","","","-94","12.5","28502","1775330412977"
"982","2026-04-04 16:21:13","25.78","60","944.64","3620","16","","","","-93","12.300000190734863","28503","1775330472954"
"983","2026-04-04 16:22:13","25.78","60","944.6","3680","16","","","","-92","12.300000190734863","28504","1775330532959"
"984","2026-04-04 16:23:13","25.78","60","944.64","3620","16","","","","-93","12","28505","1775330592951"
"985","2026-04-04 16:24:13","25.78","60","944.5600000000001","3660","12","","","","-93","12.300000190734863","28506","1775330652953"
"986","2026-04-04 16:25:12","25.78","60","944.5600000000001","3660","12","","","","-92","12","28507","1775330712948"
"987","2026-04-04 16:26:13","25.78","60","944.52","3660","12","","","","-93","12.300000190734863","28508","1775330772947"
"988","2026-04-04 16:27:13","25.77","60","944.5","3660","12","","","","-93","12.5","28509","1775330832958"
"989","2026-04-04 16:28:13","25.77","60","944.5","3600","12","","","","-93","12","28510","1775330892958"
"990","2026-04-04 16:29:13","25.77","60","944.54","3660","12","","","","-92","12.5","28511","1775330952958"
"991","2026-04-04 16:30:13","25.77","60","944.48","3660","12","","","","-92","12.5","28512","1775331012960"
"992","2026-04-04 16:31:13","25.77","60","944.54","3620","12","","","","-92","12.5","28513","1775331072960"
"993","2026-04-04 16:32:13","25.77","60","944.54","3640","12","","","","-93","12","28514","1775331132964"
"994","2026-04-04 16:33:13","25.77","60","944.58","3660","12","","","","-93","12","28515","1775331192952"
"995","2026-04-04 16:34:13","25.77","60","944.6","3620","12","","","","-93","12","28516","1775331252950"
"996","2026-04-04 16:35:13","25.77","60","944.6","3640","4","","","","-93","12.5","28517","1775331312959"
"997","2026-04-04 16:36:13","25.76","60","944.58","3620","4","","","","-92","12.5","28518","1775331372945"
"998","2026-04-04 16:37:13","25.75","60","944.5600000000001","3660","4","","","","-93","12.5","28519","1775331432957"
"999","2026-04-04 16:38:13","25.75","60","944.5","3600","4","","","","-93","12.300000190734863","28520","1775331492965"
"1000","2026-04-04 16:39:13","25.75","60","944.54","3620","8","","","","-93","12.300000190734863","28521","1775331552963"
"1001","2026-04-04 16:40:13","25.75","60","944.5","3620","8","","","","-93","11.300000190734863","28522","1775331612953"
"1002","2026-04-04 16:41:13","25.75","60","944.5","3600","8","","","","-93","12.5","28523","1775331672952"
"1003","2026-04-04 16:42:12","25.75","60","944.48","3640","4","","","","-92","12.5","28524","1775331732959"
"1004","2026-04-04 16:43:13","25.74","60","944.5","3600","0","","","","-93","11.800000190734863","28525","1775331792960"
"1005","2026-04-04 16:44:13","25.74","60","944.52","3640","0","","","","-93","12","28526","1775331852954"
"1006","2026-04-04 16:45:13","25.74","60","944.52","3600","0","","","","-92","12.5","28527","1775331912960"
"1007","2026-04-04 16:46:13","25.74","60","944.54","3660","0","","","","-93","12.300000190734863","28528","1775331972955"
"1008","2026-04-04 16:47:13","25.74","60","944.54","3600","0","","","","-93","12.5","28529","1775332032949"
"1009","2026-04-04 16:48:13","25.73","60","944.5","3620","0","","","","-93","12.300000190734863","28530","1775332092955"
"1010","2026-04-04 16:49:13","25.73","60","944.52","3600","4","","","","-93","12","28531","1775332152962"
"1011","2026-04-04 16:50:13","25.72","60","944.52","3600","4","","","","-92","12.300000190734863","28532","1775332212956"
"1012","2026-04-04 16:51:12","25.73","60","944.54","3640","8","","","","-93","12","28533","1775332272923"
"1013","2026-04-04 16:52:12","25.73","60","944.54","3640","8","","","","-93","12.300000190734863","28534","1775332332921"
"1014","2026-04-04 16:53:13","25.73","60","944.5","3600","8","","","","-93","12.300000190734863","28535","1775332392953"
"1015","2026-04-04 16:54:13","25.72","60","944.5","3600","8","","","","-93","12.300000190734863","28536","1775332452955"
"1016","2026-04-04 16:55:13","25.72","60","944.48","3620","8","","","","-92","12.5","28537","1775332512955"
"1017","2026-04-04 16:56:13","25.72","60","944.44","3640","4","","","","-93","12.5","28538","1775332572960"
"1018","2026-04-04 16:57:13","25.72","60","944.44","3620","4","","","","-93","12.300000190734863","28539","1775332632958"
"1019","2026-04-04 16:58:13","25.72","60","944.4200000000001","3620","4","","","","-93","11.5","28540","1775332692952"
"1020","2026-04-04 16:59:13","25.72","60","944.4200000000001","3600","4","","","","-93","12.5","28541","1775332752949"
"1021","2026-04-04 17:00:13","25.71","60","944.44","3620","4","","","","-93","12","28542","1775332812959"
"1022","2026-04-04 17:01:13","25.71","60","944.34","3660","4","","","","-93","12.300000190734863","28543","1775332872955"
"1023","2026-04-04 17:02:13","25.71","60","944.36","3620","4","","","","-93","12.300000190734863","28544","1775332932961"
"1024","2026-04-04 17:03:13","25.71","60","944.38","3600","4","","","","-93","12.300000190734863","28545","1775332992959"
"1025","2026-04-04 17:04:13","25.71","60","944.34","3660","0","","","","-93","12.300000190734863","28546","1775333052956"
"1026","2026-04-04 17:05:13","25.7","60","944.32","3660","4","","","","-93","12.300000190734863","28547","1775333112950"
"1027","2026-04-04 17:06:13","25.7","60","944.28","3660","4","","","","-93","12.300000190734863","28548","1775333172958"
"1028","2026-04-04 17:07:13","25.69","60","944.24","3600","0","","","","-93","12.300000190734863","28549","1775333232944"
"1029","2026-04-04 17:08:13","25.69","60","944.24","3600","0","","","","-93","12.5","28550","1775333292954"
"1030","2026-04-04 17:09:13","25.69","60","944.22","3660","0","","","","-93","12.300000190734863","28551","1775333352956"
"1031","2026-04-04 17:10:13","25.69","60","944.2","3660","0","","","","-94","12.5","28552","1775333412953"
"1032","2026-04-04 17:11:13","25.68","60","944.1800000000001","3620","0","","","","-93","12.300000190734863","28553","1775333472962"
"1033","2026-04-04 17:12:12","25.68","60","944.16","3620","0","","","","-93","12.300000190734863","28554","1775333532950"
"1034","2026-04-04 17:13:13","25.68","60","944.14","3600","0","","","","-93","12.300000190734863","28555","1775333592953"
"1035","2026-04-04 17:14:13","25.67","60","944.14","3600","0","","","","-93","12.5","28556","1775333652948"
"1036","2026-04-04 17:15:13","25.67","60","944.16","3620","0","","","","-93","12.300000190734863","28557","1775333712958"
"1037","2026-04-04 17:16:13","25.67","60","944.1800000000001","3660","0","","","","-93","12.300000190734863","28558","1775333772952"
"1038","2026-04-04 17:17:12","25.67","60","944.1800000000001","3640","0","","","","-93","12.300000190734863","28559","1775333832916"
"1039","2026-04-04 17:18:13","25.66","60","944.1800000000001","3660","0","","","","-93","12.300000190734863","28560","1775333892956"
"1040","2026-04-04 17:19:13","25.66","60","944.22","3640","0","","","","-93","12.300000190734863","28561","1775333952946"
"1041","2026-04-04 17:20:13","25.66","60","944.1800000000001","3640","0","","","","-93","12.5","28562","1775334012949"
"1042","2026-04-04 17:21:13","25.66","60","944.1800000000001","3620","0","","","","-93","12.300000190734863","28563","1775334072959"
"1043","2026-04-04 17:22:13","25.66","60","944.1800000000001","3660","0","","","","-93","12.300000190734863","28564","1775334132953"
"1044","2026-04-04 17:23:13","25.65","60","944.14","3640","0","","","","-92","12","28565","1775334192948"
"1045","2026-04-04 17:24:13","25.65","60","944.16","3600","0","","","","-93","12.300000190734863","28566","1775334253056"
"1046","2026-04-04 17:25:13","25.64","60","944.16","3640","0","","","","-93","12","28567","1775334312959"
"1047","2026-04-04 17:26:13","25.64","60","944.1800000000001","3620","0","","","","-93","12.300000190734863","28568","1775334372959"
"1048","2026-04-04 17:27:13","25.64","60","944.16","3660","0","","","","-93","12.300000190734863","28569","1775334432959"
"1049","2026-04-04 17:28:13","25.64","60","944.2","3600","0","","","","-93","11.300000190734863","28570","1775334492956"
"1050","2026-04-04 17:29:13","25.64","60","944.1","3620","0","","","","-93","12.5","28571","1775334552947"
"1051","2026-04-04 17:30:12","25.63","60","944.2","3660","0","","","","-93","12.300000190734863","28572","1775334612957"
"1052","2026-04-04 17:31:13","25.63","60","944.12","3620","0","","","","-93","12.300000190734863","28573","1775334672958"
"1053","2026-04-04 17:32:13","25.63","60","944.14","3620","0","","","","-93","12.5","28574","1775334732957"
"1054","2026-04-04 17:33:13","25.63","60","944.14","3660","0","","","","-93","12.5","28575","1775334792941"
"1055","2026-04-04 17:34:13","25.63","60","944.12","3640","0","","","","-93","12.5","28576","1775334852959"
"1056","2026-04-04 17:35:13","25.62","60","944.1","3660","0","","","","-93","12.5","28577","1775334912953"
"1057","2026-04-04 17:36:13","25.62","60","944.12","3660","0","","","","-93","12.5","28578","1775334972957"
"1058","2026-04-04 17:37:13","25.62","60","944.12","3660","0","","","","-93","12.300000190734863","28579","1775335032951"
"1059","2026-04-04 17:38:13","25.62","60","944.1","3620","0","","","","-93","11.800000190734863","28580","1775335092951"
"1060","2026-04-04 17:39:13","25.61","60","944.08","3660","0","","","","-92","12.300000190734863","28581","1775335152953"
"1061","2026-04-04 17:40:13","25.61","60","944.1","3660","0","","","","-92","12.5","28582","1775335212955"
"1062","2026-04-04 17:41:12","25.61","60","944.08","3600","0","","","","-92","12.5","28583","1775335272951"
"1063","2026-04-04 17:42:13","25.61","60","944.1","3600","0","","","","-93","12.800000190734863","28584","1775335332956"
"1064","2026-04-04 17:43:13","25.6","60","944.08","3660","0","","","","-93","12","28585","1775335392951"
"1065","2026-04-04 17:44:13","25.6","60","944.08","3620","0","","","","-93","12.5","28586","1775335452944"
"1066","2026-04-04 17:45:13","25.59","60","944.1","3600","0","","","","-93","12.5","28587","1775335512948"
"1067","2026-04-04 17:46:13","25.6","60","944.12","3640","0","","","","-93","12.300000190734863","28588","1775335572949"
"1068","2026-04-04 17:47:13","25.59","60","944.12","3600","0","","","","-92","12.5","28589","1775335632949"
"1069","2026-04-04 17:48:13","25.59","60","944.1","3620","0","","","","-93","12.5","28590","1775335692955"
"1070","2026-04-04 17:49:13","25.59","60","944.1","3660","0","","","","-93","12.300000190734863","28591","1775335752958"
"1071","2026-04-04 17:50:13","25.58","60","944.12","3620","0","","","","-93","12.300000190734863","28592","1775335812955"
"1072","2026-04-04 17:51:12","25.58","60","944.14","3620","0","","","","-92","12","28593","1775335872948"
"1073","2026-04-04 17:52:13","25.58","60","944.16","3660","0","","","","-93","12.300000190734863","28594","1775335932948"
"1074","2026-04-04 17:53:13","25.58","60","944.1800000000001","3620","0","","","","-92","11.800000190734863","28595","1775335992947"
"1075","2026-04-04 17:54:12","25.57","60","944.1","3600","0","","","","-92","12.5","28596","1775336052951"
"1076","2026-04-04 17:55:13","25.57","60","944.14","3600","0","","","","-92","12.300000190734863","28597","1775336112950"
"1077","2026-04-04 17:56:13","25.57","60","944.2","3620","0","","","","-92","12.300000190734863","28598","1775336172953"
"1078","2026-04-04 17:57:13","25.57","60","944.1800000000001","3660","0","","","","-92","12.300000190734863","28599","1775336232946"
"1079","2026-04-04 17:58:13","25.56","60","944.16","3640","0","","","","-92","12.300000190734863","28600","1775336292947"
"1080","2026-04-04 17:59:12","25.56","60","944.2","3600","0","","","","-92","11.800000190734863","28601","1775336352953"
"1081","2026-04-04 18:00:13","25.56","60","944.2","3620","0","","","","-92","12.5","28602","1775336412956"
"1082","2026-04-04 18:01:13","25.56","60","944.16","3620","0","","","","-92","12.5","28603","1775336472950"
"1083","2026-04-04 18:02:13","25.56","60","944.24","3660","0","","","","-92","12.5","28604","1775336532955"
"1084","2026-04-04 18:03:13","25.55","60.5","944.3000000000001","3640","0","","","","-92","12.800000190734863","28605","1775336592964"
"1085","2026-04-04 18:04:13","25.55","60.5","944.34","3600","0","","","","-92","12.5","28606","1775336652961"
"1086","2026-04-04 18:05:13","25.55","60.5","944.32","3600","0","","","","-92","12","28607","1775336712958"
"1087","2026-04-04 18:06:13","25.55","60.5","944.36","3620","0","","","","-92","12.5","28608","1775336772957"
"1088","2026-04-04 18:07:13","25.55","60.5","944.38","3620","0","","","","-92","12.300000190734863","28609","1775336832952"
"1089","2026-04-04 18:08:13","25.54","60.5","944.36","3640","0","","","","-92","12.300000190734863","28610","1775336892947"
"1090","2026-04-04 18:09:13","25.54","60.5","944.38","3640","0","","","","-93","12.5","28611","1775336952954"
"1091","2026-04-04 18:10:13","25.55","60.5","944.38","3600","0","","","","-93","12.300000190734863","28612","1775337012956"
"1092","2026-04-04 18:11:12","25.54","60.5","944.4","3600","0","","","","-93","12.5","28613","1775337072947"
"1093","2026-04-04 18:12:13","25.54","60.5","944.4","3600","0","","","","-92","12.300000190734863","28614","1775337132951"
"1094","2026-04-04 18:13:13","25.54","60.5","944.4","3600","0","","","","-92","12.300000190734863","28615","1775337192947"
"1095","2026-04-04 18:14:13","25.53","60.5","944.4","3600","0","","","","-92","12.5","28616","1775337252951"
"1096","2026-04-04 18:15:13","25.53","60.5","944.4200000000001","3600","0","","","","-93","12.300000190734863","28617","1775337312957"
"1097","2026-04-04 18:16:13","25.53","61","944.46","3600","0","","","","-93","12","28618","1775337372953"
"1098","2026-04-04 18:17:13","25.53","61","944.44","3620","0","","","","-93","12.5","28619","1775337432950"
"1099","2026-04-04 18:18:13","25.53","61","944.48","3660","0","","","","-93","12.300000190734863","28620","1775337492956"
"1100","2026-04-04 18:19:13","25.53","61","944.46","3620","0","","","","-93","11.300000190734863","28621","1775337552955"
"1101","2026-04-04 18:20:13","25.52","61","944.48","3660","0","","","","-93","12.5","28622","1775337612940"
"1102","2026-04-04 18:21:13","25.52","61","944.48","3600","0","","","","-93","12.5","28623","1775337672944"
"1103","2026-04-04 18:22:13","25.52","61","944.48","3600","0","","","","-93","12.5","28624","1775337732941"
"1104","2026-04-04 18:23:13","25.52","61","944.52","3620","0","","","","-93","12.300000190734863","28625","1775337792952"
"1105","2026-04-04 18:24:13","25.51","61","944.52","3660","0","","","","-93","12","28626","1775337852959"
"1106","2026-04-04 18:25:12","25.51","61","944.5600000000001","3640","0","","","","-93","12.300000190734863","28627","1775337912942"
"1107","2026-04-04 18:26:13","25.52","61","944.62","3640","0","","","","-93","12.5","28628","1775337972950"
"1108","2026-04-04 18:27:13","25.51","61","944.64","3620","0","","","","-92","12.300000190734863","28629","1775338032951"
"1109","2026-04-04 18:28:13","25.51","61","944.62","3660","0","","","","-93","12","28630","1775338092949"
"1110","2026-04-04 18:29:13","25.51","61","944.64","3640","0","","","","-93","12.5","28631","1775338152950"
"1111","2026-04-04 18:30:13","25.51","61","944.6800000000001","3620","0","","","","-92","11.5","28632","1775338212981"
"1112","2026-04-04 18:31:13","25.5","61","944.66","3620","0","","","","-93","12.300000190734863","28633","1775338272952"
"1113","2026-04-04 18:32:13","25.5","61","944.7","3620","0","","","","-93","12.5","28634","1775338332956"
"1114","2026-04-04 18:33:13","25.5","61","944.74","3620","0","","","","-93","12.300000190734863","28635","1775338392956"
"1115","2026-04-04 18:34:13","25.49","61.5","944.76","3660","0","","","","-92","12","28636","1775338452958"
"1116","2026-04-04 18:35:13","25.5","61","944.78","3660","0","","","","-93","12.300000190734863","28637","1775338512957"
"1117","2026-04-04 18:36:12","25.49","61.5","944.82","3600","0","","","","-93","12.5","28638","1775338572944"
"1118","2026-04-04 18:37:13","25.49","61.5","944.88","3640","0","","","","-92","12.5","28639","1775338632943"
"1119","2026-04-04 18:38:13","25.49","61.5","944.9200000000001","3620","0","","","","-93","12.300000190734863","28640","1775338692943"
"1120","2026-04-04 18:39:13","25.49","61.5","944.88","3660","0","","","","-93","12","28641","1775338752953"
"1121","2026-04-04 18:40:12","25.48","61.5","944.94","3660","0","","","","-92","12","28642","1775338812949"
"1122","2026-04-04 18:41:13","25.49","61.5","944.98","3660","0","","","","-92","12.5","28643","1775338872955"
"1123","2026-04-04 18:42:13","25.49","61.5","945","3600","0","","","","-93","12.300000190734863","28644","1775338932949"
"1124","2026-04-04 18:43:13","25.48","61.5","945.02","3640","0","","","","-93","12.300000190734863","28645","1775338992953"
"1125","2026-04-04 18:44:13","25.47","61.5","945","3600","0","","","","-93","12.300000190734863","28646","1775339052948"
"1126","2026-04-04 18:45:13","25.48","61.5","945.04","3600","0","","","","-93","12.5","28647","1775339112948"
"1127","2026-04-04 18:46:13","25.48","61.5","945.12","3660","0","","","","-93","12.300000190734863","28648","1775339172949"
"1128","2026-04-04 18:47:13","25.47","62","945.12","3600","0","","","","-92","12.800000190734863","28649","1775339232948"
"1129","2026-04-04 18:48:12","25.47","61.5","945.1","3640","0","","","","-93","12.300000190734863","28650","1775339292949"
"1130","2026-04-04 18:49:13","25.47","61.5","945.1","3660","0","","","","-93","12.300000190734863","28651","1775339352947"
"1131","2026-04-04 18:50:13","25.47","62","945.1","3660","0","","","","-93","12.5","28652","1775339412948"
"1132","2026-04-04 18:51:13","25.47","61.5","945.16","3600","0","","","","-93","12.800000190734863","28653","1775339472953"
"1133","2026-04-04 18:52:13","25.47","62","945.16","3660","0","","","","-92","12.300000190734863","28654","1775339532949"
"1134","2026-04-04 18:53:13","25.46","62","945.16","3600","0","","","","-93","12.5","28655","1775339592941"
"1135","2026-04-04 18:54:13","25.46","62","945.1800000000001","3640","0","","","","-92","12.5","28656","1775339652943"
"1136","2026-04-04 18:55:13","25.46","62","945.1800000000001","3600","0","","","","-93","12.5","28657","1775339712956"
"1137","2026-04-04 18:56:13","25.45","62","945.1800000000001","3660","0","","","","-93","12.5","28658","1775339772952"
"1138","2026-04-04 18:57:13","25.46","62","945.22","3660","0","","","","-93","12.300000190734863","28659","1775339832945"
"1139","2026-04-04 18:58:13","25.46","62","945.2","3640","0","","","","-93","12.5","28660","1775339892952"
"1140","2026-04-04 18:59:13","25.45","62","945.2","3620","0","","","","-93","12.5","28661","1775339952954"
"1141","2026-04-04 19:00:12","25.46","62","945.1800000000001","3620","0","","","","-93","12.5","28662","1775340012912"
"1142","2026-04-04 19:01:13","25.45","62","945.22","3640","0","","","","-93","12.5","28663","1775340072947"
"1143","2026-04-04 19:02:13","25.45","62","945.22","3660","0","","","","-93","12.300000190734863","28664","1775340132939"
"1144","2026-04-04 19:03:13","25.44","62","945.24","3620","0","","","","-92","12.300000190734863","28665","1775340192950"
"1145","2026-04-04 19:04:13","25.44","62","945.26","3640","0","","","","-93","11.800000190734863","28666","1775340252950"
"1146","2026-04-04 19:05:12","25.45","62","945.3000000000001","3620","0","","","","-92","11.800000190734863","28667","1775340312946"
"1147","2026-04-04 19:06:13","25.44","62","945.26","3620","0","","","","-92","12.5","28668","1775340372956"
"1148","2026-04-04 19:07:13","25.44","62","945.26","3600","0","","","","-92","12.5","28669","1775340432953"
"1149","2026-04-04 19:08:13","25.44","62","945.28","3620","0","","","","-93","12.800000190734863","28670","1775340492944"
"1150","2026-04-04 19:09:13","25.44","62","945.28","3600","0","","","","-93","12.300000190734863","28671","1775340552948"
"1151","2026-04-04 19:10:13","25.44","62","945.32","3640","0","","","","-93","12.5","28672","1775340612956"
"1152","2026-04-04 19:11:13","25.43","62","945.3000000000001","3620","0","","","","-93","12.5","28673","1775340672984"
"1153","2026-04-04 19:12:13","25.44","62","945.32","3660","0","","","","-93","12.5","28674","1775340732946"
"1154","2026-04-04 19:13:12","25.43","62.5","945.32","3600","0","","","","-92","12.800000190734863","28675","1775340792919"
"1155","2026-04-04 19:14:12","25.43","62.5","945.32","3600","0","","","","-93","12.300000190734863","28676","1775340852947"
"1156","2026-04-04 19:15:12","25.43","62.5","945.3000000000001","3600","0","","","","-92","12.5","28677","1775340912936"
"1157","2026-04-04 19:16:13","25.43","62","945.34","3660","0","","","","-93","12.300000190734863","28678","1775340972951"
"1158","2026-04-04 19:17:13","25.43","62","945.34","3640","0","","","","-92","12.800000190734863","28679","1775341032946"
"1159","2026-04-04 19:18:13","25.43","62.5","945.38","3620","0","","","","-93","12.300000190734863","28680","1775341092954"
"1160","2026-04-04 19:19:13","25.43","62.5","945.38","3600","0","","","","-93","12","28681","1775341152958"
"1161","2026-04-04 19:20:13","25.42","62.5","945.38","3640","0","","","","-93","11","28682","1775341212952"
"1162","2026-04-04 19:21:13","25.43","62.5","945.4200000000001","3660","0","","","","-93","12.5","28683","1775341272946"
"1163","2026-04-04 19:22:13","25.43","62.5","945.46","3660","0","","","","-92","13.300000190734863","28684","1775341332943"
"1164","2026-04-04 19:23:13","25.42","62.5","945.46","3620","0","","","","-92","12.800000190734863","28685","1775341392956"
"1165","2026-04-04 19:24:13","25.43","62.5","945.48","3620","0","","","","-92","12.300000190734863","28686","1775341452952"
"1166","2026-04-04 19:25:13","25.42","62.5","945.48","3600","0","","","","-93","12","28687","1775341512954"
"1167","2026-04-04 19:26:13","25.42","62.5","945.46","3620","0","","","","-93","12","28688","1775341572948"
"1168","2026-04-04 19:27:12","25.42","62.5","945.5","3640","0","","","","-93","12.300000190734863","28689","1775341632925"
"1169","2026-04-04 19:28:13","25.43","62.5","945.48","3620","0","","","","-93","12.300000190734863","28690","1775341692957"
"1170","2026-04-04 19:29:13","25.42","62","945.48","3620","0","","","","-93","12","28691","1775341752951"
"1171","2026-04-04 19:30:13","25.42","62.5","945.48","3600","0","","","","-93","12.300000190734863","28692","1775341812947"
"1172","2026-04-04 19:31:13","25.42","62.5","945.52","3640","0","","","","-92","12.5","28693","1775341872954"
"1173","2026-04-04 19:32:12","25.42","62.5","945.52","3600","0","","","","-93","11.800000190734863","28694","1775341932950"
"1174","2026-04-04 19:33:13","25.41","62.5","945.58","3620","0","","","","-92","12","28695","1775341992946"
"1175","2026-04-04 19:34:13","25.41","62.5","945.62","3640","0","","","","-93","12.300000190734863","28696","1775342052949"
"1176","2026-04-04 19:35:13","25.41","62.5","945.7","3640","0","","","","-93","12.5","28697","1775342112957"
"1177","2026-04-04 19:36:13","25.41","62.5","945.76","3620","0","","","","-92","12","28698","1775342172947"
"1178","2026-04-04 19:37:13","25.41","62.5","945.8000000000001","3620","0","","","","-93","12.300000190734863","28699","1775342232944"
"1179","2026-04-04 19:38:13","25.41","62.5","945.88","3640","0","","","","-93","12.5","28700","1775342292944"
"1180","2026-04-04 19:39:13","25.41","62.5","945.86","3640","0","","","","-92","12.5","28701","1775342352956"
"1181","2026-04-04 19:40:12","25.41","62.5","945.88","3640","0","","","","-93","12.300000190734863","28702","1775342412909"
"1182","2026-04-04 19:41:13","25.41","62.5","945.94","3600","0","","","","-92","12.5","28703","1775342472949"
"1183","2026-04-04 19:42:13","25.41","62.5","945.96","3660","0","","","","-92","13","28704","1775342532954"
"1184","2026-04-04 19:43:13","25.41","62.5","945.96","3640","0","","","","-92","12.300000190734863","28705","1775342592948"
"1185","2026-04-04 19:44:13","25.41","62","946","3660","0","","","","-92","13","28706","1775342652948"
"1186","2026-04-04 19:45:13","25.41","62.5","946.02","3620","0","","","","-92","13","28707","1775342712948"
"1187","2026-04-04 19:46:13","25.41","62.5","946.0600000000001","3660","0","","","","-92","12.800000190734863","28708","1775342772951"
"1188","2026-04-04 19:47:13","25.41","62.5","946.08","3600","0","","","","-92","13.300000190734863","28709","1775342832949"
"1189","2026-04-04 19:48:13","25.41","62.5","946.1","3640","0","","","","-92","13.300000190734863","28710","1775342892956"
"1190","2026-04-04 19:49:13","25.41","62.5","946.1","3640","0","","","","-92","12.800000190734863","28711","1775342952949"
"1191","2026-04-04 19:50:13","25.41","62.5","946.16","3600","0","","","","-92","12.800000190734863","28712","1775343012948"
"1192","2026-04-04 19:51:13","25.41","62.5","946.14","3620","0","","","","-94","12","28713","1775343072959"
"1193","2026-04-04 19:52:13","25.41","62.5","946.12","3600","0","","","","-92","13","28714","1775343132943"
"1194","2026-04-04 19:53:13","25.4","62.5","946.14","3660","0","","","","-92","12.800000190734863","28715","1775343192948"
"1195","2026-04-04 19:54:13","25.41","62.5","946.14","3600","0","","","","-92","12.300000190734863","28716","1775343252910"
"1196","2026-04-04 19:55:13","25.41","62.5","946.2","3660","0","","","","-92","12","28717","1775343312943"
"1197","2026-04-04 19:56:12","25.41","62.5","946.22","3620","0","","","","-92","12.5","28718","1775343372951"
"1198","2026-04-04 19:57:13","25.41","62.5","946.26","3660","0","","","","-93","12","28719","1775343432975"
"1199","2026-04-04 19:58:13","25.41","62.5","946.28","3640","0","","","","-92","12.5","28720","1775343492954"
"1200","2026-04-04 19:59:13","25.41","62.5","946.3000000000001","3660","0","","","","-93","12.300000190734863","28721","1775343552953"
"1201","2026-04-04 20:00:13","25.41","62.5","946.3000000000001","3660","0","","","","-92","12.5","28722","1775343612949"
"1202","2026-04-04 20:01:13","25.41","62.5","946.32","3600","0","","","","-93","11","28723","1775343672943"
"1203","2026-04-04 20:02:13","25.4","62.5","946.3000000000001","3600","0","","","","-93","12.5","28724","1775343732951"
"1204","2026-04-04 20:03:12","25.4","62.5","946.32","3660","0","","","","-93","12.300000190734863","28725","1775343792952"
"1205","2026-04-04 20:04:12","25.39","62.5","946.28","3620","0","","","","-93","12.5","28726","1775343852943"
"1206","2026-04-04 20:05:13","25.39","62.5","946.26","3620","0","","","","-94","12.300000190734863","28727","1775343912956"
"1207","2026-04-04 20:06:12","25.39","62.5","946.24","3600","0","","","","-92","12.5","28728","1775343972948"
"1208","2026-04-04 20:07:13","25.38","62.5","946.22","3600","0","","","","-93","12.300000190734863","28729","1775344032947"
"1209","2026-04-04 20:08:13","25.39","62.5","946.2","3620","0","","","","-92","12.300000190734863","28730","1775344092993"
"1210","2026-04-04 20:09:12","25.38","62.5","946.22","3600","0","","","","-92","13.300000190734863","28731","1775344152911"
"1211","2026-04-04 20:10:13","25.38","62.5","946.24","3640","0","","","","-93","12.5","28732","1775344212937"
"1212","2026-04-04 20:11:12","25.38","62","946.3000000000001","3620","0","","","","-93","12.300000190734863","28733","1775344272943"
"1213","2026-04-04 20:12:13","25.38","62","946.28","3600","0","","","","-92","13.300000190734863","28734","1775344332947"
"1214","2026-04-04 20:13:13","25.37","62.5","946.34","3620","0","","","","-93","12.300000190734863","28735","1775344392936"
"1215","2026-04-04 20:14:12","25.36","62.5","946.38","3620","0","","","","-93","12.5","28736","1775344452936"
"1216","2026-04-04 20:15:13","25.36","62.5","946.4200000000001","3660","0","","","","-93","11.800000190734863","28737","1775344512950"
"1217","2026-04-04 20:16:13","25.36","62.5","946.38","3640","0","","","","-91","12.5","28738","1775344572947"
"1218","2026-04-04 20:17:13","25.35","62.5","946.36","3600","0","","","","-92","12.800000190734863","28739","1775344632945"
"1219","2026-04-04 20:18:12","25.35","62","946.36","3640","0","","","","-92","13.300000190734863","28740","1775344692928"
"1220","2026-04-04 20:19:13","25.34","62.5","946.36","3620","0","","","","-92","12.5","28741","1775344752960"
"1221","2026-04-04 20:20:12","25.34","62","946.4","3600","0","","","","-93","12","28742","1775344812908"
"1222","2026-04-04 20:21:12","25.33","62","946.4","3620","0","","","","-92","12.800000190734863","28743","1775344872914"
"1223","2026-04-04 20:22:12","25.32","62","946.4200000000001","3620","0","","","","-93","12.5","28744","1775344932913"
"1224","2026-04-04 20:23:13","25.32","62","946.46","3640","0","","","","-93","12.300000190734863","28745","1775344992944"
"1225","2026-04-04 20:24:13","25.32","62","946.54","3620","0","","","","-92","12.5","28746","1775345052954"
"1226","2026-04-04 20:25:13","25.31","62","946.5600000000001","3620","0","","","","-93","12.5","28747","1775345112949"
"1227","2026-04-04 20:26:13","25.31","62","946.58","3600","0","","","","-93","12.300000190734863","28748","1775345172939"
"1228","2026-04-04 20:27:13","25.31","62","946.58","3600","0","","","","-91","12.800000190734863","28749","1775345232947"
"1229","2026-04-04 20:28:13","25.3","62","946.6","3600","0","","","","-92","12.800000190734863","28750","1775345292943"
"1230","2026-04-04 20:29:13","25.3","62","946.66","3620","0","","","","-93","11.800000190734863","28751","1775345352948"
"1231","2026-04-04 20:30:13","25.3","62","946.6","3660","0","","","","-92","12.800000190734863","28752","1775345412956"
"1232","2026-04-04 20:31:13","25.29","62","946.66","3600","0","","","","-92","12.5","28753","1775345472951"
"1233","2026-04-04 20:32:13","25.29","62.5","946.64","3640","0","","","","-92","12.5","28754","1775345532949"
"1234","2026-04-04 20:33:12","25.29","62","946.58","3640","0","","","","-93","12.300000190734863","28755","1775345592955"
"1235","2026-04-04 20:34:12","25.28","62.5","946.6","3640","0","","","","-93","12.300000190734863","28756","1775345652940"
"1236","2026-04-04 20:35:13","25.28","62","946.52","3660","0","","","","-94","11.800000190734863","28757","1775345712945"
"1237","2026-04-04 20:36:13","25.27","62.5","946.52","3600","0","","","","-94","12","28758","1775345772944"
"1238","2026-04-04 20:37:13","25.27","62.5","946.48","3600","0","","","","-92","13","28759","1775345832950"
"1239","2026-04-04 20:38:12","25.26","62.5","946.44","3600","0","","","","-92","12.5","28760","1775345892944"
"1240","2026-04-04 20:39:12","25.26","62.5","946.48","3660","0","","","","-91","13","28761","1775345952937"
"1241","2026-04-04 20:40:13","25.26","62.5","946.4200000000001","3660","0","","","","-92","12.300000190734863","28762","1775346012945"
"1242","2026-04-04 20:41:12","25.25","62.5","946.48","3620","0","","","","-93","12.300000190734863","28763","1775346072940"
"1243","2026-04-04 20:42:13","25.25","62.5","946.52","3600","0","","","","-93","12.300000190734863","28764","1775346132947"
"1244","2026-04-04 20:43:13","25.24","62.5","946.54","3600","0","","","","-92","12.5","28765","1775346192952"
"1245","2026-04-04 20:44:13","25.24","62.5","946.6","3600","0","","","","-93","12.300000190734863","28766","1775346252949"
"1246","2026-04-04 20:45:13","25.24","62.5","946.6","3600","0","","","","-92","13","28767","1775346312953"
"1247","2026-04-04 20:46:12","25.24","62.5","946.64","3600","0","","","","-92","12.800000190734863","28768","1775346372935"
"1248","2026-04-04 20:47:13","25.23","62","946.64","3640","0","","","","-91","13.300000190734863","28769","1775346432952"
"1249","2026-04-04 20:48:13","25.22","62","946.62","3620","0","","","","-93","12.300000190734863","28770","1775346492952"
"1250","2026-04-04 20:49:12","25.22","62","946.58","3640","0","","","","-92","12.5","28771","1775346552953"
"1251","2026-04-04 20:50:13","25.21","62","946.52","3620","0","","","","-93","11","28772","1775346612961"
"1252","2026-04-04 20:51:12","25.21","62","946.5","3600","0","","","","-93","12.5","28773","1775346672920"
"1253","2026-04-04 20:52:13","25.2","62","946.52","3640","0","","","","-92","12.5","28774","1775346732955"
"1254","2026-04-04 20:53:13","25.2","61.5","946.5600000000001","3600","0","","","","-93","12.300000190734863","28775","1775346792953"
"1255","2026-04-04 20:54:13","25.19","62","946.54","3600","0","","","","-91","12.800000190734863","28776","1775346852949"
"1256","2026-04-04 20:55:13","25.19","62","946.62","3620","0","","","","-93","12.300000190734863","28777","1775346912942"
"1257","2026-04-04 20:56:13","25.18","61.5","946.62","3640","0","","","","-92","12.300000190734863","28778","1775346972951"
"1258","2026-04-04 20:57:13","25.18","61.5","946.62","3660","0","","","","-91","13.300000190734863","28779","1775347032945"
"1259","2026-04-04 20:58:13","25.18","61.5","946.62","3600","0","","","","-93","12","28780","1775347092953"
"1260","2026-04-04 20:59:13","25.17","61.5","946.6800000000001","3600","0","","","","-92","13","28781","1775347152955"
"1261","2026-04-04 21:00:13","25.17","61.5","946.6","3600","0","","","","-91","12.800000190734863","28782","1775347212946"
"1262","2026-04-04 21:01:12","25.16","61.5","946.6800000000001","3620","0","","","","-91","13","28783","1775347272944"
"1263","2026-04-04 21:02:13","25.16","61","946.7","3660","0","","","","-94","12","28784","1775347332954"
"1264","2026-04-04 21:03:13","25.15","61.5","946.66","3640","0","","","","-93","12.300000190734863","28785","1775347392952"
"1265","2026-04-04 21:04:13","25.15","61","946.66","3600","0","","","","-93","12.300000190734863","28786","1775347452941"
"1266","2026-04-04 21:05:13","25.15","61","946.62","3640","0","","","","-92","12","28787","1775347512944"
"1267","2026-04-04 21:06:13","25.14","61","946.64","3640","0","","","","-93","12.300000190734863","28788","1775347572952"
"1268","2026-04-04 21:07:13","25.13","61","946.66","3600","0","","","","-92","12.800000190734863","28789","1775347632940"
"1269","2026-04-04 21:08:13","25.14","61.5","946.66","3600","0","","","","-93","12.5","28790","1775347692953"
"1270","2026-04-04 21:09:13","25.14","61.5","946.7","3600","0","","","","-92","12.5","28791","1775347752943"
"1271","2026-04-04 21:10:13","25.14","61","946.7","3640","0","","","","-92","12.5","28792","1775347812946"
"1272","2026-04-04 21:11:12","25.14","61","946.74","3660","0","","","","-93","12.300000190734863","28793","1775347872950"
"1273","2026-04-04 21:12:13","25.13","61","946.78","3660","0","","","","-94","11.800000190734863","28794","1775347932948"
"1274","2026-04-04 21:13:13","25.13","61.5","946.8000000000001","3640","0","","","","-93","12.300000190734863","28795","1775347992942"
"1275","2026-04-04 21:14:13","25.12","61.5","946.8000000000001","3600","0","","","","-92","12.5","28796","1775348052944"
"1276","2026-04-04 21:15:13","25.12","61","946.82","3620","0","","","","-93","12.5","28797","1775348112951"
"1277","2026-04-04 21:16:13","25.12","61","946.82","3600","0","","","","-92","12.5","28798","1775348172950"
"1278","2026-04-04 21:17:13","25.12","61","946.86","3680","0","","","","-92","13","28799","1775348232953"
"1279","2026-04-04 21:18:12","25.12","61","946.88","3640","0","","","","-93","12","28800","1775348292950"
"1280","2026-04-04 21:19:13","25.11","61","946.88","3600","0","","","","-93","12.300000190734863","28801","1775348352951"
"1281","2026-04-04 21:20:13","25.11","61","946.88","3600","0","","","","-93","12.800000190734863","28802","1775348412945"
"1282","2026-04-04 21:21:13","25.11","61","946.9","3600","0","","","","-92","12.5","28803","1775348472950"
"1283","2026-04-04 21:22:12","25.11","61","946.94","3600","0","","","","-92","12.5","28804","1775348532952"
"1284","2026-04-04 21:23:13","25.11","61","946.9","3600","0","","","","-93","12.5","28805","1775348592948"
"1285","2026-04-04 21:24:13","25.1","61","946.9","3640","0","","","","-91","13","28806","1775348652945"
"1286","2026-04-04 21:25:13","25.1","61","946.9","3620","0","","","","-92","12.300000190734863","28807","1775348712951"
"1287","2026-04-04 21:26:13","25.1","61","946.86","3620","0","","","","-93","12.300000190734863","28808","1775348772940"
"1288","2026-04-04 21:27:12","25.09","60.5","946.88","3620","0","","","","-91","12.300000190734863","28809","1775348832946"
"1289","2026-04-04 21:28:13","25.09","60.5","946.9","3600","0","","","","-91","13","28810","1775348892942"
"1290","2026-04-04 21:29:13","25.08","61","946.9","3600","0","","","","-91","13","28811","1775348952953"
"1291","2026-04-04 21:30:13","25.08","61","946.9200000000001","3640","0","","","","-91","12.800000190734863","28812","1775349012947"
"1292","2026-04-04 21:31:13","25.08","61","946.96","3640","0","","","","-92","12.300000190734863","28813","1775349072942"
"1293","2026-04-04 21:32:13","25.08","61","947","3620","0","","","","-94","12.300000190734863","28814","1775349132938"
"1294","2026-04-04 21:33:13","25.08","61","946.96","3660","0","","","","-92","12.5","28815","1775349192943"
"1295","2026-04-04 21:34:13","25.08","61","947.04","3600","0","","","","-92","12.800000190734863","28816","1775349252952"
"1296","2026-04-04 21:35:12","25.07","61","947.02","3640","0","","","","-94","12.300000190734863","28817","1775349312936"
"1297","2026-04-04 21:36:13","25.07","61","947.02","3600","0","","","","-93","12.300000190734863","28818","1775349372944"
"1298","2026-04-04 21:37:13","25.07","60.5","946.96","3600","0","","","","-92","13","28819","1775349432936"
"1299","2026-04-04 21:38:13","25.06","60.5","946.98","3620","0","","","","-92","12.5","28820","1775349492951"
"1300","2026-04-04 21:39:12","25.06","60.5","946.96","3640","0","","","","-93","12","28821","1775349552946"
"1301","2026-04-04 21:40:13","25.06","61","946.9200000000001","3600","0","","","","-92","12.300000190734863","28822","1775349612948"
"1302","2026-04-04 21:41:13","25.06","60.5","946.9200000000001","3620","0","","","","-91","12.800000190734863","28823","1775349672944"
"1303","2026-04-04 21:42:13","25.06","61","946.88","3620","0","","","","-91","13","28824","1775349732939"
"1304","2026-04-04 21:43:12","25.06","60.5","946.86","3600","0","","","","-92","12.5","28825","1775349792941"
"1305","2026-04-04 21:44:13","25.06","61","946.86","3620","0","","","","-93","12","28826","1775349852951"
"1306","2026-04-04 21:45:13","25.06","61","946.84","3620","0","","","","-92","12.800000190734863","28827","1775349912940"
"1307","2026-04-04 21:46:13","25.06","61","946.88","3600","0","","","","-93","12.5","28828","1775349972944"
"1308","2026-04-04 21:47:13","25.05","60.5","946.86","3660","0","","","","-92","12.800000190734863","28829","1775350032946"
"1309","2026-04-04 21:48:13","25.05","60.5","946.86","3640","0","","","","-93","12","28830","1775350092953"
"1310","2026-04-04 21:49:13","25.04","61","946.84","3660","0","","","","-92","12.5","28831","1775350152946"
"1311","2026-04-04 21:50:13","25.04","61","946.86","3600","0","","","","-92","13.300000190734863","28832","1775350212946"
"1312","2026-04-04 21:51:13","25.04","60.5","946.84","3600","0","","","","-92","12.300000190734863","28833","1775350272936"
"1313","2026-04-04 21:52:13","25.03","60.5","946.8000000000001","3640","0","","","","-92","12.5","28834","1775350332937"
"1314","2026-04-04 21:53:13","25.04","61","946.82","3600","0","","","","-93","11.800000190734863","28835","1775350392942"
"1315","2026-04-04 21:54:13","25.03","60.5","946.8000000000001","3600","0","","","","-92","12.5","28836","1775350452945"
"1316","2026-04-04 21:55:12","25.03","60.5","946.8000000000001","3620","0","","","","-92","12.5","28837","1775350512944"
"1317","2026-04-04 21:56:12","25.03","60.5","946.78","3600","0","","","","-92","11.300000190734863","28838","1775350572940"
"1318","2026-04-04 21:57:12","25.03","60.5","946.8000000000001","3600","0","","","","-93","12","28839","1775350632946"
"1319","2026-04-04 21:58:12","25.03","61","946.82","3600","0","","","","-92","12.800000190734863","28840","1775350692939"
"1320","2026-04-04 21:59:13","25.02","60.5","946.82","3660","0","","","","-92","12.800000190734863","28841","1775350752942"
"1321","2026-04-04 22:00:13","25.02","60.5","946.84","3660","0","","","","-93","12","28842","1775350812942"
"1322","2026-04-04 22:01:12","25.01","60.5","946.82","3600","0","","","","-92","12.800000190734863","28843","1775350872947"
"1323","2026-04-04 22:02:13","25.02","60.5","946.86","3640","0","","","","-92","11.5","28844","1775350932947"
"1324","2026-04-04 22:03:12","25.01","61","946.86","3600","0","","","","-92","12.300000190734863","28845","1775350992935"
"1325","2026-04-04 22:04:13","25.01","60.5","946.88","3660","0","","","","-93","12.5","28846","1775351052946"
"1326","2026-04-04 22:05:13","25.01","60.5","946.88","3620","0","","","","-93","12.5","28847","1775351112942"
"1327","2026-04-04 22:06:13","25.01","60.5","946.88","3600","0","","","","-92","13","28848","1775351172938"
"1328","2026-04-04 22:07:13","25.01","60.5","946.9200000000001","3640","0","","","","-91","12.800000190734863","28849","1775351232942"
"1329","2026-04-04 22:08:13","25.01","60.5","946.98","3620","0","","","","-92","12.800000190734863","28850","1775351292940"
"1330","2026-04-04 22:09:13","25.01","60.5","946.9200000000001","3640","0","","","","-92","12.800000190734863","28851","1775351352935"
"1331","2026-04-04 22:10:13","25","60.5","946.9200000000001","3640","0","","","","-93","12.300000190734863","28852","1775351412962"
"1332","2026-04-04 22:11:13","25","60.5","946.9","3660","0","","","","-92","12.5","28853","1775351472934"
"1333","2026-04-04 22:12:13","25","60.5","946.88","3620","0","","","","-92","12.5","28854","1775351532943"
"1334","2026-04-04 22:13:13","24.99","60.5","946.88","3600","0","","","","-92","12.5","28855","1775351592950"
"1335","2026-04-04 22:14:13","24.99","60.5","946.86","3600","0","","","","-92","12.800000190734863","28856","1775351652941"
"1336","2026-04-04 22:15:13","24.99","60.5","946.8000000000001","3600","0","","","","-93","12.300000190734863","28857","1775351712940"
"1337","2026-04-04 22:16:13","24.99","60.5","946.86","3660","0","","","","-92","12.5","28858","1775351772948"
"1338","2026-04-04 22:17:12","24.99","60.5","946.9","3640","0","","","","-93","12","28859","1775351832938"
"1339","2026-04-04 22:18:12","24.99","60.5","946.88","3600","0","","","","-92","12.5","28860","1775351892948"
"1340","2026-04-04 22:19:13","24.98","60.5","946.9200000000001","3660","0","","","","-93","12.300000190734863","28861","1775351952940"
"1341","2026-04-04 22:20:13","24.97","60.5","946.9200000000001","3620","0","","","","-92","12.5","28862","1775352012939"
"1342","2026-04-04 22:21:13","24.98","60.5","946.9200000000001","3600","0","","","","-92","12.5","28863","1775352072948"
"1343","2026-04-04 22:22:13","24.97","60.5","946.94","3620","0","","","","-93","11.5","28864","1775352132944"
"1344","2026-04-04 22:23:13","24.97","60.5","946.98","3600","0","","","","-92","12.300000190734863","28865","1775352192948"
"1345","2026-04-04 22:24:13","24.97","60.5","946.94","3620","0","","","","-92","12","28866","1775352252963"
"1346","2026-04-04 22:25:12","24.97","60.5","946.98","3600","0","","","","-92","12.5","28867","1775352312942"
"1347","2026-04-04 22:26:13","24.97","60.5","946.96","3640","0","","","","-93","12.5","28868","1775352372985"
"1348","2026-04-04 22:27:13","24.96","60.5","946.96","3620","0","","","","-92","12.5","28869","1775352432948"
"1349","2026-04-04 22:28:13","24.97","60.5","946.94","3600","0","","","","-93","12.300000190734863","28870","1775352492946"
"1350","2026-04-04 22:29:13","24.97","60.5","947","3620","0","","","","-93","12.300000190734863","28871","1775352552943"
"1351","2026-04-04 22:30:13","24.97","60.5","946.98","3600","0","","","","-92","12.800000190734863","28872","1775352612932"
"1352","2026-04-04 22:31:13","24.96","61","946.98","3600","0","","","","-92","12.5","28873","1775352672945"
"1353","2026-04-04 22:32:13","24.96","60.5","946.96","3640","0","","","","-92","12.300000190734863","28874","1775352732934"
"1354","2026-04-04 22:33:12","24.96","60.5","947","3660","0","","","","-93","12.300000190734863","28875","1775352792913"
"1355","2026-04-04 22:34:13","24.96","60.5","947","3600","0","","","","-93","12","28876","1775352852948"
"1356","2026-04-04 22:35:13","24.96","60.5","946.98","3640","0","","","","-92","12.800000190734863","28877","1775352912955"
"1357","2026-04-04 22:36:13","24.96","60.5","946.94","3620","0","","","","-92","12.5","28878","1775352972944"
"1358","2026-04-04 22:37:13","24.96","60.5","946.96","3600","0","","","","-93","12","28879","1775353032941"
"1359","2026-04-04 22:38:13","24.96","60.5","946.94","3620","0","","","","-93","12.300000190734863","28880","1775353092944"
"1360","2026-04-04 22:39:13","24.96","61","946.96","3660","0","","","","-93","12.5","28881","1775353152949"
"1361","2026-04-04 22:40:13","24.96","61","946.9200000000001","3640","0","","","","-92","12.5","28882","1775353212935"
"1362","2026-04-04 22:41:13","24.95","61","946.9","3640","0","","","","-92","12","28883","1775353272947"
"1363","2026-04-04 22:42:12","24.95","61","946.9200000000001","3620","0","","","","-93","12.300000190734863","28884","1775353332941"
"1364","2026-04-04 22:43:13","24.95","61","946.9","3640","0","","","","-92","12.800000190734863","28885","1775353392948"
"1365","2026-04-04 22:44:13","24.95","61","946.9200000000001","3620","0","","","","-93","12.5","28886","1775353452942"
"1366","2026-04-04 22:45:13","24.95","61","946.88","3600","0","","","","-92","12.5","28887","1775353512937"
"1367","2026-04-04 22:46:13","24.94","61","946.88","3600","0","","","","-92","12.300000190734863","28888","1775353572949"
"1368","2026-04-04 22:47:13","24.94","61","946.88","3640","0","","","","-92","12.5","28889","1775353632942"
"1369","2026-04-04 22:48:13","24.94","61","946.88","3640","0","","","","-92","12.5","28890","1775353692946"
"1370","2026-04-04 22:49:12","24.94","61","946.86","3580","0","","","","-93","12.5","28891","1775353752950"
"1371","2026-04-04 22:50:12","24.94","61","946.88","3600","0","","","","-94","12.300000190734863","28892","1775353812937"
"1372","2026-04-04 22:51:13","24.94","61","946.88","3600","0","","","","-92","12.800000190734863","28893","1775353872942"
"1373","2026-04-04 22:52:13","24.93","61","946.88","3600","0","","","","-92","12.800000190734863","28894","1775353932971"
"1374","2026-04-04 22:53:13","24.94","61","946.94","3600","0","","","","-92","11.300000190734863","28895","1775353992940"
"1375","2026-04-04 22:54:12","24.94","61","946.94","3600","0","","","","-93","12.5","28896","1775354052930"
"1376","2026-04-04 22:55:12","24.94","61","947","3640","0","","","","-92","12.300000190734863","28897","1775354112912"
"1377","2026-04-04 22:56:12","24.93","61","946.98","3660","0","","","","-93","12.300000190734863","28898","1775354172943"
"1378","2026-04-04 22:57:13","24.93","61","947.04","3600","0","","","","-92","12.300000190734863","28899","1775354232964"
"1379","2026-04-04 22:58:12","24.93","61.5","947.04","3620","0","","","","-92","12.5","28900","1775354292948"
"1380","2026-04-04 22:59:13","24.93","61","947.04","3600","0","","","","-94","12.5","28901","1775354352941"
"1381","2026-04-04 23:00:13","24.93","61.5","947.0600000000001","3640","0","","","","-93","12.300000190734863","28902","1775354412940"
"1382","2026-04-04 23:01:12","24.93","61","947.08","3580","0","","","","-92","13","28903","1775354472937"
"1383","2026-04-04 23:02:13","24.92","61","947.0600000000001","3620","0","","","","-93","12","28904","1775354532944"
"1384","2026-04-04 23:03:13","24.93","61.5","947.0600000000001","3620","0","","","","-92","12.5","28905","1775354592944"
"1385","2026-04-04 23:04:13","24.93","61.5","947.12","3600","0","","","","-92","12.5","28906","1775354652946"
"1386","2026-04-04 23:05:13","24.92","61.5","947.08","3600","0","","","","-93","12.300000190734863","28907","1775354712943"
"1387","2026-04-04 23:06:12","24.92","61","947.0600000000001","3620","0","","","","-93","12.300000190734863","28908","1775354772938"
"1388","2026-04-04 23:07:12","24.92","61.5","947.1","3600","0","","","","-93","12.300000190734863","28909","1775354832933"
"1389","2026-04-04 23:08:13","24.92","61.5","947.0600000000001","3640","0","","","","-92","12.800000190734863","28910","1775354892951"
"1390","2026-04-04 23:09:12","24.92","61.5","947.04","3660","0","","","","-93","12.5","28911","1775354952938"
"1391","2026-04-04 23:10:13","24.92","61.5","947.02","3580","0","","","","-94","12.300000190734863","28912","1775355012943"
"1392","2026-04-04 23:11:13","24.92","61.5","947.04","3620","0","","","","-92","12.5","28913","1775355072950"
"1393","2026-04-04 23:12:13","24.92","61.5","947.04","3640","0","","","","-93","12.5","28914","1775355132933"
"1394","2026-04-04 23:13:12","24.91","61.5","947","3640","0","","","","-92","12.5","28915","1775355192937"
"1395","2026-04-04 23:14:13","24.92","61.5","946.96","3600","0","","","","-91","12.800000190734863","28916","1775355252949"
"1396","2026-04-04 23:15:13","24.91","61.5","947","3600","0","","","","-93","12.5","28917","1775355312935"
"1397","2026-04-04 23:16:13","24.91","61.5","947.02","3600","0","","","","-92","12.800000190734863","28918","1775355372945"
"1398","2026-04-04 23:17:13","24.91","61.5","947.04","3600","0","","","","-92","12.300000190734863","28919","1775355432948"
"1399","2026-04-04 23:18:13","24.91","61.5","947.0600000000001","3600","0","","","","-92","12.300000190734863","28920","1775355492938"
"1400","2026-04-04 23:19:13","24.91","62","947.12","3620","0","","","","-92","12.5","28921","1775355552943"
"1401","2026-04-04 23:20:12","24.91","61.5","947.12","3600","0","","","","-92","12.5","28922","1775355612943"
"1402","2026-04-04 23:21:13","24.91","62","947.16","3660","0","","","","-93","12.300000190734863","28923","1775355672951"
"1403","2026-04-04 23:22:13","24.91","62","947.1","3640","0","","","","-93","12.5","28924","1775355732941"
"1404","2026-04-04 23:23:12","24.9","62","947.08","3640","0","","","","-92","13","28925","1775355792935"
"1405","2026-04-04 23:24:13","24.9","62","947.02","3640","0","","","","-91","13.300000190734863","28926","1775355852946"
"1406","2026-04-04 23:25:12","24.91","62","947.02","3600","0","","","","-92","12.5","28927","1775355912939"
"1407","2026-04-04 23:26:12","24.9","62","946.98","3620","0","","","","-93","12.300000190734863","28928","1775355972938"
"1408","2026-04-04 23:27:12","24.9","62","947","3600","0","","","","-91","12.800000190734863","28929","1775356032945"
"1409","2026-04-04 23:28:12","24.9","62","947","3600","0","","","","-93","12.5","28930","1775356092941"
"1410","2026-04-04 23:29:13","24.89","62","947.02","3640","0","","","","-91","13","28931","1775356152936"
"1411","2026-04-04 23:30:13","24.9","62","947","3620","0","","","","-92","12.5","28932","1775356212937"
"1412","2026-04-04 23:31:13","24.89","62","947.04","3580","0","","","","-92","12.800000190734863","28933","1775356272938"
"1413","2026-04-04 23:32:13","24.9","62","947.08","3580","0","","","","-93","12.300000190734863","28934","1775356332940"
"1414","2026-04-04 23:33:12","24.89","62","947.0600000000001","3620","0","","","","-94","12","28935","1775356392905"
"1415","2026-04-04 23:34:12","24.9","62","947.0600000000001","3580","0","","","","-93","12.5","28936","1775356452941"
"1416","2026-04-04 23:35:13","24.9","62","947.08","3600","0","","","","-93","12.300000190734863","28937","1775356512936"
"1417","2026-04-04 23:36:12","24.89","62","947.04","3580","0","","","","-92","12.5","28938","1775356572947"
"1418","2026-04-04 23:37:12","24.89","62","947.02","3620","0","","","","-92","12.5","28939","1775356632935"
"1419","2026-04-04 23:38:12","24.89","62","947.08","3580","0","","","","-92","12.300000190734863","28940","1775356692928"
"1420","2026-04-04 23:39:13","24.89","62","947.04","3600","0","","","","-92","12.5","28941","1775356752946"
"1421","2026-04-04 23:40:13","24.89","62","947.1","3620","0","","","","-93","11.5","28942","1775356812939"
"1422","2026-04-04 23:41:13","24.88","62","947.08","3660","0","","","","-91","13","28943","1775356872937"
"1423","2026-04-04 23:42:12","24.89","62","947.1","3580","0","","","","-92","12.5","28944","1775356932916"
"1424","2026-04-04 23:43:12","24.88","62","947.0600000000001","3600","0","","","","-91","12.5","28945","1775356992935"
"1425","2026-04-04 23:44:13","24.88","62.5","946.98","3600","0","","","","-92","13","28946","1775357052935"
"1426","2026-04-04 23:45:13","24.89","62.5","947.04","3600","0","","","","-91","12.300000190734863","28947","1775357112942"
"1427","2026-04-04 23:46:13","24.88","62.5","946.98","3600","0","","","","-92","13","28948","1775357172947"
"1428","2026-04-04 23:47:13","24.87","62.5","946.94","3640","0","","","","-93","12.300000190734863","28949","1775357232938"
"1429","2026-04-04 23:48:13","24.87","62.5","946.94","3620","0","","","","-93","12.300000190734863","28950","1775357292943"
"1430","2026-04-04 23:49:13","24.87","62.5","946.96","3620","0","","","","-93","12.5","28951","1775357352940"
"1431","2026-04-04 23:50:13","24.87","62.5","947.02","3580","0","","","","-92","12.300000190734863","28952","1775357412943"
"1432","2026-04-04 23:51:12","24.87","62.5","947","3620","0","","","","-91","12.800000190734863","28953","1775357472948"
"1433","2026-04-04 23:52:13","24.87","62.5","947.02","3600","0","","","","-91","13","28954","1775357532940"
"1434","2026-04-04 23:53:13","24.87","62.5","947","3600","0","","","","-91","13","28955","1775357592930"
"1435","2026-04-04 23:54:13","24.87","62.5","947.04","3620","0","","","","-92","12.800000190734863","28956","1775357652945"
"1436","2026-04-04 23:55:13","24.87","62.5","947","3620","0","","","","-91","13","28957","1775357712940"
"1437","2026-04-04 23:56:13","24.86","62.5","947.02","3600","0","","","","-92","12.800000190734863","28958","1775357772938"
"1438","2026-04-04 23:57:13","24.86","62.5","946.94","3620","0","","","","-92","12.300000190734863","28959","1775357832939"
"1439","2026-04-04 23:58:12","24.86","62.5","946.96","3600","0","","","","-92","13","28960","1775357892907"
"1440","2026-04-04 23:59:13","24.86","62.5","946.94","3640","0","","","","-92","12.800000190734863","28961","1775357952940"
