"Nº";"Data e Hora (America/Sao_Paulo)";"Temperatura (°C)";"Umidade Relativa (%)";"Pressão Atmosférica (hPa)";"Tensão do Sistema (mV)";"Luminosidade (lux)";"Latitude (°)";"Longitude (°)";"Altitude (m)";"RSSI (dBm)";"SNR (dB)";"Frame Counter";"Timestamp Aquisição (ms)"
"1";"2026-03-14 00:00:00";"22.04";"65";"941.76";"3660";"0";"";"";"";"-112";"-2.299999952316284";"3526";"1773457200882"
"2";"2026-03-14 00:00:10";"22.04";"65";"941.78";"3640";"0";"";"";"";"-112";"-2.299999952316284";"3527";"1773457210885"
"3";"2026-03-14 00:00:20";"22.04";"65";"941.78";"3640";"0";"";"";"";"-112";"-1.7999999523162842";"3528";"1773457220861"
"4";"2026-03-14 00:00:30";"22.04";"65";"941.78";"3660";"0";"";"";"";"-112";"-2.299999952316284";"3529";"1773457230869"
"5";"2026-03-14 00:00:40";"22.04";"65";"941.78";"3660";"0";"";"";"";"-112";"-3.299999952316284";"3530";"1773457240864"
"6";"2026-03-14 00:00:50";"22.04";"65";"941.82";"3660";"0";"";"";"";"-112";"-2.299999952316284";"3531";"1773457250863"
"7";"2026-03-14 00:01:00";"22.03";"65";"941.8000000000001";"3620";"0";"";"";"";"-112";"-2.299999952316284";"3532";"1773457260856"
"8";"2026-03-14 00:01:10";"22.03";"65";"941.8000000000001";"3640";"0";"";"";"";"-112";"-1.5";"3533";"1773457270860"
"9";"2026-03-14 00:01:20";"22.04";"65";"941.82";"3640";"0";"";"";"";"-112";"-2.5";"3534";"1773457280864"
"10";"2026-03-14 00:01:30";"22.03";"65";"941.84";"3640";"0";"";"";"";"-112";"-3";"3535";"1773457290866"
"11";"2026-03-14 00:01:40";"22.03";"65";"941.8000000000001";"3640";"0";"";"";"";"-112";"-2";"3536";"1773457300861"
"12";"2026-03-14 00:01:50";"22.03";"65";"941.8000000000001";"3640";"0";"";"";"";"-112";"-2.5";"3537";"1773457310850"
"13";"2026-03-14 00:02:00";"22.03";"65";"941.8000000000001";"3640";"0";"";"";"";"-112";"-2.299999952316284";"3538";"1773457320851"
"14";"2026-03-14 00:02:10";"22.03";"65";"941.82";"3640";"0";"";"";"";"-111";"-1";"3539";"1773457330857"
"15";"2026-03-14 00:02:20";"22.03";"65";"941.82";"3640";"0";"";"";"";"-112";"-3.5";"3540";"1773457340860"
"16";"2026-03-14 00:02:30";"22.03";"65";"941.82";"3640";"0";"";"";"";"-111";"-0.800000011920929";"3541";"1773457350858"
"17";"2026-03-14 00:02:40";"22.03";"65";"941.84";"3660";"0";"";"";"";"-112";"-2";"3542";"1773457360858"
"18";"2026-03-14 00:02:50";"22.03";"65";"941.82";"3620";"0";"";"";"";"-112";"-1.7999999523162842";"3543";"1773457370858"
"19";"2026-03-14 00:03:00";"22.02";"65";"941.8000000000001";"3620";"0";"";"";"";"-112";"-2";"3544";"1773457380886"
"20";"2026-03-14 00:03:10";"22.02";"65";"941.8000000000001";"3640";"0";"";"";"";"-112";"-2.5";"3545";"1773457390866"
"21";"2026-03-14 00:03:20";"22.02";"65";"941.78";"3640";"0";"";"";"";"-112";"-1.5";"3546";"1773457400864"
"22";"2026-03-14 00:03:30";"22.02";"65";"941.78";"3660";"0";"";"";"";"-112";"-2";"3547";"1773457410857"
"23";"2026-03-14 00:03:40";"22.02";"65";"941.82";"3660";"0";"";"";"";"-112";"-2";"3548";"1773457420864"
"24";"2026-03-14 00:03:50";"22.02";"65";"941.8000000000001";"3660";"0";"";"";"";"-112";"-1.5";"3549";"1773457430860"
"25";"2026-03-14 00:04:00";"22.02";"65";"941.8000000000001";"3620";"0";"";"";"";"-113";"-3.5";"3550";"1773457440867"
"26";"2026-03-14 00:04:10";"22.02";"65";"941.8000000000001";"3660";"0";"";"";"";"-112";"-2";"3551";"1773457450872"
"27";"2026-03-14 00:04:20";"22.02";"65";"941.82";"3660";"0";"";"";"";"-111";"-1";"3552";"1773457460858"
"28";"2026-03-14 00:04:30";"22.01";"65";"941.8000000000001";"3620";"0";"";"";"";"-112";"-2.799999952316284";"3553";"1773457470861"
"29";"2026-03-14 00:04:40";"22.01";"65";"941.78";"3640";"0";"";"";"";"-112";"-1.2999999523162842";"3554";"1773457480864"
"30";"2026-03-14 00:04:50";"22.01";"65";"941.8000000000001";"3620";"0";"";"";"";"-112";"-1.2999999523162842";"3555";"1773457490863"
"31";"2026-03-14 00:05:00";"22";"65";"941.78";"3620";"0";"";"";"";"-111";"-1.2999999523162842";"3556";"1773457500857"
"32";"2026-03-14 00:05:10";"22.01";"65";"941.8000000000001";"3620";"0";"";"";"";"-112";"-2.299999952316284";"3557";"1773457510867"
"33";"2026-03-14 00:05:20";"22.01";"65";"941.8000000000001";"3620";"0";"";"";"";"-112";"-3";"3558";"1773457520864"
"34";"2026-03-14 00:05:30";"22";"65";"941.76";"3660";"0";"";"";"";"-112";"-1.5";"3559";"1773457530864"
"35";"2026-03-14 00:05:40";"22.01";"65";"941.8000000000001";"3660";"0";"";"";"";"-112";"-2";"3560";"1773457540864"
"36";"2026-03-14 00:05:50";"22.01";"65";"941.8000000000001";"3620";"0";"";"";"";"-112";"-2.299999952316284";"3561";"1773457550858"
"37";"2026-03-14 00:06:00";"22";"65";"941.76";"3620";"0";"";"";"";"-112";"-1.2999999523162842";"3562";"1773457560866"
"38";"2026-03-14 00:06:10";"22.01";"65";"941.76";"3660";"0";"";"";"";"-112";"-1.7999999523162842";"3563";"1773457570869"
"39";"2026-03-14 00:06:20";"22";"65";"941.74";"3620";"0";"";"";"";"-112";"-1.5";"3564";"1773457580857"
"40";"2026-03-14 00:06:30";"22";"65";"941.76";"3660";"0";"";"";"";"-112";"-1.2999999523162842";"3565";"1773457590861"
"41";"2026-03-14 00:06:40";"22";"65";"941.76";"3620";"0";"";"";"";"-112";"-1.2999999523162842";"3566";"1773457600864"
"42";"2026-03-14 00:06:50";"22";"65";"941.76";"3640";"0";"";"";"";"-112";"-1.7999999523162842";"3567";"1773457610854"
"43";"2026-03-14 00:07:00";"22";"65";"941.74";"3660";"0";"";"";"";"-112";"-1.7999999523162842";"3568";"1773457620868"
"44";"2026-03-14 00:07:10";"22";"65";"941.74";"3640";"0";"";"";"";"-112";"-2";"3569";"1773457630872"
"45";"2026-03-14 00:07:20";"22";"65";"941.76";"3640";"0";"";"";"";"-112";"-1";"3570";"1773457640858"
"46";"2026-03-14 00:07:30";"21.99";"65";"941.76";"3640";"0";"";"";"";"-112";"-2";"3571";"1773457650866"
"47";"2026-03-14 00:07:40";"22";"65";"941.76";"3660";"0";"";"";"";"-112";"-1.7999999523162842";"3572";"1773457660867"
"48";"2026-03-14 00:07:50";"21.99";"65";"941.78";"3620";"0";"";"";"";"-112";"-1.5";"3573";"1773457670833"
"49";"2026-03-14 00:08:00";"22";"65";"941.76";"3640";"0";"";"";"";"-112";"-2";"3574";"1773457680857"
"50";"2026-03-14 00:08:10";"22";"65";"941.72";"3640";"0";"";"";"";"-112";"-2.299999952316284";"3575";"1773457690858"
"51";"2026-03-14 00:08:20";"21.99";"65";"941.74";"3620";"0";"";"";"";"-112";"-2.5";"3576";"1773457700865"
"52";"2026-03-14 00:08:30";"21.99";"65";"941.72";"3640";"0";"";"";"";"-112";"-1.7999999523162842";"3577";"1773457710868"
"53";"2026-03-14 00:08:40";"21.99";"65";"941.74";"3620";"0";"";"";"";"-112";"-1.5";"3578";"1773457720873"
"54";"2026-03-14 00:08:50";"21.99";"65";"941.72";"3640";"0";"";"";"";"-112";"-3.299999952316284";"3579";"1773457730871"
"55";"2026-03-14 00:09:00";"21.99";"65";"941.74";"3620";"0";"";"";"";"-112";"-1.7999999523162842";"3580";"1773457740868"
"56";"2026-03-14 00:09:10";"22";"65";"941.74";"3620";"0";"";"";"";"-112";"-2.5";"3581";"1773457750859"
"57";"2026-03-14 00:09:20";"21.99";"65";"941.72";"3620";"0";"";"";"";"-112";"-2.299999952316284";"3582";"1773457760867"
"58";"2026-03-14 00:09:30";"21.99";"65";"941.76";"3640";"0";"";"";"";"-112";"-3.5";"3583";"1773457770861"
"59";"2026-03-14 00:09:40";"21.99";"65";"941.72";"3620";"0";"";"";"";"-111";"-1";"3584";"1773457780866"
"60";"2026-03-14 00:09:50";"21.99";"65";"941.72";"3640";"0";"";"";"";"-112";"-2.799999952316284";"3585";"1773457790859"
"61";"2026-03-14 00:10:00";"21.99";"65";"941.7";"3620";"0";"";"";"";"-112";"-2.799999952316284";"3586";"1773457800875"
"62";"2026-03-14 00:10:10";"21.98";"65";"941.74";"3620";"0";"";"";"";"-112";"-2.799999952316284";"3587";"1773457810862"
"63";"2026-03-14 00:10:20";"21.99";"65";"941.74";"3660";"0";"";"";"";"-112";"-2.299999952316284";"3588";"1773457820851"
"64";"2026-03-14 00:10:30";"21.99";"65";"941.72";"3620";"0";"";"";"";"-112";"-2";"3589";"1773457830863"
"65";"2026-03-14 00:10:40";"21.99";"65";"941.76";"3620";"0";"";"";"";"-112";"-1.5";"3590";"1773457840866"
"66";"2026-03-14 00:10:50";"21.98";"65";"941.76";"3660";"0";"";"";"";"-112";"-2";"3591";"1773457850870"
"67";"2026-03-14 00:11:00";"21.98";"65";"941.74";"3620";"0";"";"";"";"-112";"-1";"3592";"1773457860863"
"68";"2026-03-14 00:11:10";"21.99";"65";"941.72";"3640";"0";"";"";"";"-111";"-0.5";"3593";"1773457870863"
"69";"2026-03-14 00:11:20";"21.98";"65";"941.72";"3620";"0";"";"";"";"-112";"-1.2999999523162842";"3594";"1773457880856"
"70";"2026-03-14 00:11:30";"21.98";"65";"941.76";"3640";"0";"";"";"";"-112";"-1.2999999523162842";"3595";"1773457890865"
"71";"2026-03-14 00:11:40";"21.98";"65";"941.74";"3640";"0";"";"";"";"-112";"-1.5";"3596";"1773457900857"
"72";"2026-03-14 00:11:50";"21.98";"65";"941.74";"3620";"0";"";"";"";"-112";"-2.299999952316284";"3597";"1773457910860"
"73";"2026-03-14 00:12:00";"21.98";"65";"941.72";"3660";"0";"";"";"";"-112";"-1.7999999523162842";"3598";"1773457920863"
"74";"2026-03-14 00:12:10";"21.98";"65";"941.76";"3640";"0";"";"";"";"-111";"-0.5";"3599";"1773457930857"
"75";"2026-03-14 00:12:20";"21.99";"65";"941.78";"3620";"0";"";"";"";"-112";"-2";"3600";"1773457940859"
"76";"2026-03-14 00:12:30";"21.97";"65.5";"941.72";"3620";"0";"";"";"";"-111";"-0.5";"3601";"1773457950842"
"77";"2026-03-14 00:12:40";"21.97";"65";"941.72";"3640";"0";"";"";"";"-111";"-0.800000011920929";"3602";"1773457960860"
"78";"2026-03-14 00:12:50";"21.98";"65";"941.74";"3620";"0";"";"";"";"-112";"-1.7999999523162842";"3603";"1773457970868"
"79";"2026-03-14 00:13:00";"21.98";"65";"941.74";"3620";"0";"";"";"";"-111";"0";"3604";"1773457980859"
"80";"2026-03-14 00:13:10";"21.97";"65";"941.76";"3620";"0";"";"";"";"-111";"-0.5";"3605";"1773457990865"
"81";"2026-03-14 00:13:20";"21.97";"65";"941.74";"3620";"0";"";"";"";"-112";"-1.5";"3606";"1773458000822"
"82";"2026-03-14 00:13:30";"21.97";"65";"941.74";"3660";"0";"";"";"";"-112";"-2.5";"3607";"1773458010862"
"83";"2026-03-14 00:13:40";"21.97";"65";"941.74";"3640";"0";"";"";"";"-111";"-0.30000001192092896";"3608";"1773458020865"
"84";"2026-03-14 00:13:50";"21.97";"65";"941.76";"3620";"0";"";"";"";"-112";"-1.2999999523162842";"3609";"1773458030852"
"85";"2026-03-14 00:14:00";"21.97";"65";"941.74";"3640";"0";"";"";"";"-111";"-0.5";"3610";"1773458040862"
"86";"2026-03-14 00:14:10";"21.97";"65";"941.74";"3620";"0";"";"";"";"-112";"-1.2999999523162842";"3611";"1773458050861"
"87";"2026-03-14 00:14:20";"21.97";"65";"941.72";"3620";"0";"";"";"";"-111";"-0.30000001192092896";"3612";"1773458060866"
"88";"2026-03-14 00:14:30";"21.96";"65";"941.74";"3620";"0";"";"";"";"-112";"-1.5";"3613";"1773458070851"
"89";"2026-03-14 00:14:40";"21.96";"65";"941.72";"3620";"0";"";"";"";"-111";"-1.2999999523162842";"3614";"1773458080855"
"90";"2026-03-14 00:14:50";"21.97";"65";"941.7";"3620";"0";"";"";"";"-111";"-1.5";"3615";"1773458090859"
"91";"2026-03-14 00:15:00";"21.97";"65";"941.72";"3620";"0";"";"";"";"-112";"-1.7999999523162842";"3616";"1773458100869"
"92";"2026-03-14 00:15:10";"21.96";"65";"941.72";"3640";"0";"";"";"";"-112";"-2";"3617";"1773458110864"
"93";"2026-03-14 00:15:20";"21.96";"65";"941.72";"3620";"0";"";"";"";"-112";"-2.299999952316284";"3618";"1773458120852"
"94";"2026-03-14 00:15:30";"21.96";"65.5";"941.72";"3660";"0";"";"";"";"-112";"-2.299999952316284";"3619";"1773458130857"
"95";"2026-03-14 00:15:40";"21.96";"65";"941.72";"3640";"0";"";"";"";"-111";"-1.2999999523162842";"3620";"1773458140853"
"96";"2026-03-14 00:15:50";"21.96";"65.5";"941.7";"3660";"0";"";"";"";"-111";"-0.5";"3621";"1773458150868"
"97";"2026-03-14 00:16:00";"21.96";"65";"941.74";"3620";"0";"";"";"";"-112";"-2";"3622";"1773458160866"
"98";"2026-03-14 00:16:10";"21.96";"65";"941.7";"3640";"0";"";"";"";"-112";"-2.299999952316284";"3623";"1773458170865"
"99";"2026-03-14 00:16:20";"21.96";"65";"941.7";"3640";"0";"";"";"";"-112";"-1.2999999523162842";"3624";"1773458180866"
"100";"2026-03-14 00:16:30";"21.95";"65";"941.72";"3660";"0";"";"";"";"-112";"-2.299999952316284";"3625";"1773458190859"
"101";"2026-03-14 00:16:40";"21.95";"65";"941.6800000000001";"3640";"0";"";"";"";"-111";"0.30000001192092896";"3626";"1773458200867"
"102";"2026-03-14 00:16:50";"21.95";"65.5";"941.6800000000001";"3640";"0";"";"";"";"-112";"-1.7999999523162842";"3627";"1773458210859"
"103";"2026-03-14 00:17:00";"21.95";"65.5";"941.72";"3620";"0";"";"";"";"-112";"-2.5";"3628";"1773458220859"
"104";"2026-03-14 00:17:10";"21.95";"65";"941.7";"3640";"0";"";"";"";"-112";"-1.2999999523162842";"3629";"1773458230857"
"105";"2026-03-14 00:17:20";"21.95";"65";"941.7";"3640";"0";"";"";"";"-112";"-1.7999999523162842";"3630";"1773458240862"
"106";"2026-03-14 00:17:30";"21.95";"65";"941.6800000000001";"3660";"0";"";"";"";"-112";"-2";"3631";"1773458250865"
"107";"2026-03-14 00:17:40";"21.95";"65";"941.6800000000001";"3620";"0";"";"";"";"-112";"-2";"3632";"1773458260852"
"108";"2026-03-14 00:17:50";"21.95";"65.5";"941.66";"3660";"0";"";"";"";"-112";"-2.5";"3633";"1773458270879"
"109";"2026-03-14 00:18:00";"21.95";"65";"941.66";"3620";"0";"";"";"";"-112";"-1.7999999523162842";"3634";"1773458280854"
"110";"2026-03-14 00:18:10";"21.94";"65.5";"941.62";"3620";"0";"";"";"";"-112";"-3.299999952316284";"3635";"1773458290859"
"111";"2026-03-14 00:18:20";"21.94";"65.5";"941.66";"3640";"0";"";"";"";"-112";"-2";"3636";"1773458300858"
"112";"2026-03-14 00:18:30";"21.94";"65";"941.64";"3620";"0";"";"";"";"-112";"-2.299999952316284";"3637";"1773458310858"
"113";"2026-03-14 00:18:40";"21.94";"65";"941.6800000000001";"3620";"0";"";"";"";"-112";"-2.299999952316284";"3638";"1773458320868"
"114";"2026-03-14 00:18:50";"21.94";"65";"941.66";"3620";"0";"";"";"";"-112";"-1.7999999523162842";"3639";"1773458330838"
"115";"2026-03-14 00:19:00";"21.94";"65.5";"941.66";"3620";"0";"";"";"";"-112";"-2.5";"3640";"1773458340860"
"116";"2026-03-14 00:19:10";"21.94";"65.5";"941.64";"3620";"0";"";"";"";"-112";"-1.2999999523162842";"3641";"1773458350866"
"117";"2026-03-14 00:19:20";"21.94";"65";"941.62";"3620";"0";"";"";"";"-112";"-1.7999999523162842";"3642";"1773458360857"
"118";"2026-03-14 00:19:30";"21.94";"65.5";"941.66";"3620";"0";"";"";"";"-111";"-0.5";"3643";"1773458370864"
"119";"2026-03-14 00:19:40";"21.95";"65";"941.64";"3640";"0";"";"";"";"-112";"-2";"3644";"1773458380855"
"120";"2026-03-14 00:19:50";"21.94";"65.5";"941.64";"3660";"0";"";"";"";"-112";"-1.2999999523162842";"3645";"1773458390856"
"121";"2026-03-14 00:20:00";"21.94";"65";"941.64";"3640";"0";"";"";"";"-112";"-2.299999952316284";"3646";"1773458400862"
"122";"2026-03-14 00:20:10";"21.94";"65.5";"941.62";"3660";"0";"";"";"";"-112";"-1";"3647";"1773458410860"
"123";"2026-03-14 00:20:20";"21.93";"65.5";"941.6";"3660";"0";"";"";"";"-113";"-5";"3648";"1773458420858"
"124";"2026-03-14 00:20:30";"21.94";"65.5";"941.62";"3620";"0";"";"";"";"-112";"-1.7999999523162842";"3649";"1773458430858"
"125";"2026-03-14 00:20:40";"21.94";"65";"941.64";"3620";"0";"";"";"";"-112";"-1.7999999523162842";"3650";"1773458440868"
"126";"2026-03-14 00:20:50";"21.94";"65";"941.64";"3660";"0";"";"";"";"-112";"-2";"3651";"1773458450860"
"127";"2026-03-14 00:21:00";"21.94";"65.5";"941.64";"3620";"0";"";"";"";"-112";"-1.5";"3652";"1773458460860"
"128";"2026-03-14 00:21:10";"21.94";"65.5";"941.64";"3660";"0";"";"";"";"-112";"-2.299999952316284";"3653";"1773458470861"
"129";"2026-03-14 00:21:20";"21.94";"65.5";"941.66";"3640";"0";"";"";"";"-112";"-2.299999952316284";"3654";"1773458480864"
"130";"2026-03-14 00:21:30";"21.94";"65.5";"941.66";"3640";"0";"";"";"";"-112";"-2.299999952316284";"3655";"1773458490835"
"131";"2026-03-14 00:21:40";"21.94";"65.5";"941.64";"3620";"0";"";"";"";"-112";"-3.299999952316284";"3656";"1773458500870"
"132";"2026-03-14 00:21:50";"21.94";"65.5";"941.6800000000001";"3620";"0";"";"";"";"-112";"-3.299999952316284";"3657";"1773458510850"
"133";"2026-03-14 00:22:00";"21.93";"65";"941.64";"3640";"0";"";"";"";"-112";"-1.5";"3658";"1773458520859"
"134";"2026-03-14 00:22:10";"21.94";"65";"941.66";"3620";"0";"";"";"";"-112";"-2.299999952316284";"3659";"1773458530851"
"135";"2026-03-14 00:22:20";"21.93";"65.5";"941.66";"3640";"0";"";"";"";"-111";"-1";"3660";"1773458540861"
"136";"2026-03-14 00:22:30";"21.94";"65";"941.64";"3640";"0";"";"";"";"-111";"-1.7999999523162842";"3661";"1773458550864"
"137";"2026-03-14 00:22:40";"21.93";"65.5";"941.64";"3640";"0";"";"";"";"-112";"-2.299999952316284";"3662";"1773458560861"
"138";"2026-03-14 00:22:50";"21.93";"65.5";"941.64";"3640";"0";"";"";"";"-112";"-3";"3663";"1773458570862"
"139";"2026-03-14 00:23:00";"21.93";"65";"941.66";"3640";"0";"";"";"";"-112";"-2.299999952316284";"3664";"1773458580853"
"140";"2026-03-14 00:23:10";"21.93";"65.5";"941.64";"3620";"0";"";"";"";"-112";"-2.299999952316284";"3665";"1773458590855"
"141";"2026-03-14 00:23:20";"21.93";"65";"941.62";"3640";"0";"";"";"";"-111";"0";"3666";"1773458600860"
"142";"2026-03-14 00:23:30";"21.94";"65.5";"941.66";"3660";"0";"";"";"";"-111";"-1";"3667";"1773458610854"
"143";"2026-03-14 00:23:40";"21.93";"65.5";"941.64";"3620";"0";"";"";"";"-112";"-1.2999999523162842";"3668";"1773458620833"
"144";"2026-03-14 00:23:50";"21.93";"65.5";"941.6800000000001";"3620";"0";"";"";"";"-112";"-2";"3669";"1773458630855"
"145";"2026-03-14 00:24:00";"21.93";"65";"941.66";"3620";"0";"";"";"";"-112";"-3.299999952316284";"3670";"1773458640850"
"146";"2026-03-14 00:24:10";"21.93";"65.5";"941.64";"3620";"0";"";"";"";"-112";"-3.5";"3671";"1773458650853"
"147";"2026-03-14 00:24:20";"21.93";"65";"941.66";"3640";"0";"";"";"";"-111";"-1.5";"3672";"1773458660859"
"148";"2026-03-14 00:24:30";"21.93";"65.5";"941.6800000000001";"3640";"0";"";"";"";"-112";"-2";"3673";"1773458670863"
"149";"2026-03-14 00:24:40";"21.93";"65";"941.66";"3620";"0";"";"";"";"-112";"-3.299999952316284";"3674";"1773458680858"
"150";"2026-03-14 00:24:50";"21.93";"65.5";"941.66";"3640";"0";"";"";"";"-112";"-2.799999952316284";"3675";"1773458690859"
"151";"2026-03-14 00:25:00";"21.93";"65";"941.66";"3620";"0";"";"";"";"-112";"-2.5";"3676";"1773458700855"
"152";"2026-03-14 00:25:10";"21.93";"65.5";"941.64";"3640";"0";"";"";"";"-112";"-2.5";"3677";"1773458710856"
"153";"2026-03-14 00:25:20";"21.93";"65.5";"941.66";"3620";"0";"";"";"";"-112";"-3";"3678";"1773458720859"
"154";"2026-03-14 00:25:30";"21.93";"65";"941.64";"3640";"0";"";"";"";"-112";"-2.799999952316284";"3679";"1773458730862"
"155";"2026-03-14 00:25:40";"21.93";"65.5";"941.64";"3620";"0";"";"";"";"-112";"-2.299999952316284";"3680";"1773458740858"
"156";"2026-03-14 00:25:50";"21.93";"65";"941.64";"3640";"0";"";"";"";"-112";"-1.5";"3681";"1773458750829"
"157";"2026-03-14 00:26:00";"21.93";"65";"941.66";"3640";"0";"";"";"";"-112";"-2.299999952316284";"3682";"1773458760863"
"158";"2026-03-14 00:26:10";"21.93";"65";"941.66";"3620";"0";"";"";"";"-112";"-2.5";"3683";"1773458770857"
"159";"2026-03-14 00:26:20";"21.93";"65";"941.6800000000001";"3620";"0";"";"";"";"-112";"-3";"3684";"1773458780846"
"160";"2026-03-14 00:26:30";"21.93";"65.5";"941.7";"3620";"0";"";"";"";"-112";"-1.5";"3685";"1773458790857"
"161";"2026-03-14 00:26:40";"21.93";"65";"941.72";"3640";"0";"";"";"";"-112";"-2.299999952316284";"3686";"1773458800854"
"162";"2026-03-14 00:26:50";"21.93";"65";"941.72";"3640";"0";"";"";"";"-112";"-2";"3687";"1773458810847"
"163";"2026-03-14 00:27:00";"21.93";"65";"941.6800000000001";"3620";"0";"";"";"";"-112";"-2.299999952316284";"3688";"1773458820860"
"164";"2026-03-14 00:27:10";"21.93";"65";"941.6800000000001";"3640";"0";"";"";"";"-112";"-1.2999999523162842";"3689";"1773458830853"
"165";"2026-03-14 00:27:20";"21.93";"65";"941.6800000000001";"3640";"0";"";"";"";"-112";"-1.7999999523162842";"3690";"1773458840850"
"166";"2026-03-14 00:27:30";"21.93";"65.5";"941.66";"3660";"0";"";"";"";"-112";"-1.5";"3691";"1773458850854"
"167";"2026-03-14 00:27:40";"21.93";"65";"941.66";"3640";"0";"";"";"";"-112";"-2";"3692";"1773458860859"
"168";"2026-03-14 00:27:50";"21.93";"65";"941.6800000000001";"3660";"0";"";"";"";"-112";"-1.7999999523162842";"3693";"1773458870854"
"169";"2026-03-14 00:28:00";"21.93";"65";"941.72";"3640";"0";"";"";"";"-112";"-1.7999999523162842";"3694";"1773458880855"
"170";"2026-03-14 00:28:10";"21.93";"65";"941.6800000000001";"3640";"0";"";"";"";"-112";"-1.7999999523162842";"3695";"1773458890824"
"171";"2026-03-14 00:28:20";"21.93";"65";"941.6800000000001";"3640";"0";"";"";"";"-112";"-2.5";"3696";"1773458900857"
"172";"2026-03-14 00:28:30";"21.93";"65";"941.66";"3620";"0";"";"";"";"-112";"-2.5";"3697";"1773458910860"
"173";"2026-03-14 00:28:40";"21.93";"65";"941.6800000000001";"3660";"0";"";"";"";"-112";"-2";"3698";"1773458920864"
"174";"2026-03-14 00:28:50";"21.93";"65";"941.66";"3620";"0";"";"";"";"-111";"-1.2999999523162842";"3699";"1773458930861"
"175";"2026-03-14 00:29:00";"21.93";"65";"941.7";"3620";"0";"";"";"";"-112";"-2.299999952316284";"3700";"1773458940865"
"176";"2026-03-14 00:29:10";"21.93";"65";"941.6800000000001";"3640";"0";"";"";"";"-112";"-1.7999999523162842";"3701";"1773458950852"
"177";"2026-03-14 00:29:20";"21.93";"65";"941.64";"3640";"0";"";"";"";"-112";"-2";"3702";"1773458960844"
"178";"2026-03-14 00:29:30";"21.93";"65";"941.66";"3620";"0";"";"";"";"-112";"-2.5";"3703";"1773458970853"
"179";"2026-03-14 00:29:40";"21.93";"65";"941.66";"3620";"0";"";"";"";"-112";"-1.7999999523162842";"3704";"1773458980850"
"180";"2026-03-14 00:29:50";"21.93";"65";"941.6800000000001";"3660";"0";"";"";"";"-112";"-2.5";"3705";"1773458990844"
"181";"2026-03-14 00:30:00";"21.93";"65.5";"941.64";"3620";"0";"";"";"";"-112";"-2.799999952316284";"3706";"1773459000864"
"182";"2026-03-14 00:30:10";"21.93";"65";"941.66";"3620";"0";"";"";"";"-112";"-2";"3707";"1773459010890"
"183";"2026-03-14 00:30:20";"21.93";"65";"941.64";"3640";"0";"";"";"";"-112";"-1.5";"3708";"1773459020856"
"184";"2026-03-14 00:30:30";"21.93";"65";"941.66";"3660";"0";"";"";"";"-112";"-2";"3709";"1773459030856"
"185";"2026-03-14 00:30:40";"21.93";"65";"941.64";"3640";"0";"";"";"";"-112";"-1.5";"3710";"1773459040854"
"186";"2026-03-14 00:30:50";"21.93";"65";"941.62";"3620";"0";"";"";"";"-112";"-2";"3711";"1773459050856"
"187";"2026-03-14 00:31:00";"21.93";"65";"941.62";"3640";"0";"";"";"";"-112";"-2.5";"3712";"1773459060851"
"188";"2026-03-14 00:31:10";"21.93";"65";"941.64";"3640";"0";"";"";"";"-112";"-1.5";"3713";"1773459070861"
"189";"2026-03-14 00:31:20";"21.93";"65";"941.62";"3620";"0";"";"";"";"-112";"-1.5";"3714";"1773459080861"
"190";"2026-03-14 00:31:30";"21.93";"65";"941.62";"3640";"0";"";"";"";"-112";"-2";"3715";"1773459090862"
"191";"2026-03-14 00:31:40";"21.93";"65";"941.6";"3640";"0";"";"";"";"-112";"-1.7999999523162842";"3716";"1773459100862"
"192";"2026-03-14 00:31:50";"21.93";"65";"941.62";"3620";"0";"";"";"";"-112";"-2.5";"3717";"1773459110855"
"193";"2026-03-14 00:32:00";"21.93";"65";"941.6";"3620";"0";"";"";"";"-112";"-1.7999999523162842";"3718";"1773459120834"
"194";"2026-03-14 00:32:10";"21.93";"65";"941.64";"3640";"0";"";"";"";"-112";"-1.5";"3719";"1773459130856"
"195";"2026-03-14 00:32:20";"21.93";"65";"941.64";"3660";"0";"";"";"";"-112";"-2";"3720";"1773459140859"
"196";"2026-03-14 00:32:30";"21.92";"65";"941.62";"3660";"0";"";"";"";"-112";"-2";"3721";"1773459150862"
"197";"2026-03-14 00:32:40";"21.93";"65";"941.62";"3620";"0";"";"";"";"-112";"-2";"3722";"1773459160850"
"198";"2026-03-14 00:32:50";"21.93";"65";"941.62";"3640";"0";"";"";"";"-112";"-1.7999999523162842";"3723";"1773459170854"
"199";"2026-03-14 00:33:00";"21.93";"65";"941.6";"3620";"0";"";"";"";"-112";"-3";"3724";"1773459180864"
"200";"2026-03-14 00:33:10";"21.92";"65";"941.62";"3620";"0";"";"";"";"-112";"-2";"3725";"1773459190857"
"201";"2026-03-14 00:33:20";"21.93";"65";"941.62";"3640";"0";"";"";"";"-112";"-2.299999952316284";"3726";"1773459200850"
"202";"2026-03-14 00:33:30";"21.93";"65";"941.64";"3660";"0";"";"";"";"-112";"-2.299999952316284";"3727";"1773459210874"
"203";"2026-03-14 00:33:40";"21.93";"65";"941.64";"3640";"0";"";"";"";"-112";"-2.299999952316284";"3728";"1773459220851"
"204";"2026-03-14 00:33:50";"21.93";"65";"941.64";"3620";"0";"";"";"";"-112";"-2";"3729";"1773459230859"
"205";"2026-03-14 00:34:00";"21.93";"65";"941.66";"3640";"0";"";"";"";"-112";"-2.5";"3730";"1773459240855"
"206";"2026-03-14 00:34:10";"21.93";"65";"941.62";"3640";"0";"";"";"";"-112";"-2";"3731";"1773459250855"
"207";"2026-03-14 00:34:20";"21.93";"65";"941.62";"3620";"0";"";"";"";"-112";"-1.5";"3732";"1773459260851"
"208";"2026-03-14 00:34:30";"21.93";"65";"941.64";"3640";"0";"";"";"";"-111";"-1";"3733";"1773459270867"
"209";"2026-03-14 00:34:40";"21.93";"65";"941.6";"3620";"0";"";"";"";"-112";"-1.5";"3734";"1773459280862"
"210";"2026-03-14 00:34:50";"21.93";"65";"941.64";"3640";"0";"";"";"";"-112";"-2.799999952316284";"3735";"1773459290858"
"211";"2026-03-14 00:35:00";"21.93";"65";"941.64";"3660";"0";"";"";"";"-112";"-1.5";"3736";"1773459300854"
"212";"2026-03-14 00:35:10";"21.93";"65";"941.62";"3620";"0";"";"";"";"-112";"-1.7999999523162842";"3737";"1773459310858"
"213";"2026-03-14 00:35:20";"21.93";"65";"941.6";"3620";"0";"";"";"";"-112";"-2.299999952316284";"3738";"1773459320860"
"214";"2026-03-14 00:35:30";"21.93";"65";"941.62";"3620";"0";"";"";"";"-112";"-2";"3739";"1773459330879"
"215";"2026-03-14 00:35:40";"21.93";"65";"941.64";"3620";"0";"";"";"";"-112";"-2.5";"3740";"1773459340846"
"216";"2026-03-14 00:35:50";"21.93";"65";"941.62";"3640";"0";"";"";"";"-112";"-2.299999952316284";"3741";"1773459350861"
"217";"2026-03-14 00:36:00";"21.93";"65";"941.62";"3640";"0";"";"";"";"-112";"-2.799999952316284";"3742";"1773459360861"
"218";"2026-03-14 00:36:10";"21.93";"65";"941.64";"3620";"0";"";"";"";"-112";"-1.7999999523162842";"3743";"1773459370862"
"219";"2026-03-14 00:36:20";"21.93";"65";"941.64";"3660";"0";"";"";"";"-112";"-2.299999952316284";"3744";"1773459380853"
"220";"2026-03-14 00:36:30";"21.93";"65";"941.62";"3660";"0";"";"";"";"-112";"-1.7999999523162842";"3745";"1773459390854"
"221";"2026-03-14 00:36:40";"21.93";"65";"941.62";"3640";"0";"";"";"";"-112";"-3";"3746";"1773459400858"
"222";"2026-03-14 00:36:50";"21.93";"65";"941.62";"3640";"0";"";"";"";"-112";"-2";"3747";"1773459410844"
"223";"2026-03-14 00:37:00";"21.93";"65";"941.5600000000001";"3660";"0";"";"";"";"-111";"-1.5";"3748";"1773459420868"
"224";"2026-03-14 00:37:10";"21.93";"65";"941.5600000000001";"3620";"0";"";"";"";"-112";"-1.5";"3749";"1773459430862"
"225";"2026-03-14 00:37:20";"21.93";"65";"941.58";"3620";"0";"";"";"";"-112";"-2.5";"3750";"1773459440847"
"226";"2026-03-14 00:37:30";"21.93";"65";"941.58";"3620";"0";"";"";"";"-112";"-2.799999952316284";"3751";"1773459450853"
"227";"2026-03-14 00:37:40";"21.93";"65";"941.58";"3640";"0";"";"";"";"-112";"-1.2999999523162842";"3752";"1773459460861"
"228";"2026-03-14 00:37:50";"21.93";"65";"941.52";"3640";"0";"";"";"";"-112";"-2.5";"3753";"1773459470834"
"229";"2026-03-14 00:38:00";"21.93";"65";"941.54";"3640";"0";"";"";"";"-112";"-2.5";"3754";"1773459480853"
"230";"2026-03-14 00:38:10";"21.93";"65";"941.54";"3660";"0";"";"";"";"-112";"-2.299999952316284";"3755";"1773459490895"
"231";"2026-03-14 00:38:20";"21.93";"65";"941.54";"3620";"0";"";"";"";"-112";"-2";"3756";"1773459500857"
"232";"2026-03-14 00:38:30";"21.93";"65";"941.54";"3620";"0";"";"";"";"-112";"-2.299999952316284";"3757";"1773459510855"
"233";"2026-03-14 00:38:40";"21.93";"65";"941.54";"3660";"0";"";"";"";"-112";"-2";"3758";"1773459520862"
"234";"2026-03-14 00:38:50";"21.93";"65";"941.52";"3620";"0";"";"";"";"-112";"-3";"3759";"1773459530860"
"235";"2026-03-14 00:39:00";"21.93";"65";"941.52";"3620";"0";"";"";"";"-112";"-3";"3760";"1773459540853"
"236";"2026-03-14 00:39:10";"21.94";"65";"941.52";"3620";"0";"";"";"";"-112";"-1.2999999523162842";"3761";"1773459550858"
"237";"2026-03-14 00:39:20";"21.93";"65";"941.5";"3640";"0";"";"";"";"-112";"-2.799999952316284";"3762";"1773459560862"
"238";"2026-03-14 00:39:30";"21.93";"65";"941.5";"3640";"0";"";"";"";"-112";"-2.5";"3763";"1773459570863"
"239";"2026-03-14 00:39:40";"21.93";"65";"941.5";"3620";"0";"";"";"";"-112";"-2.5";"3764";"1773459580859"
"240";"2026-03-14 00:39:50";"21.93";"65";"941.5";"3640";"0";"";"";"";"-112";"-2.5";"3765";"1773459590861"
"241";"2026-03-14 00:40:00";"21.93";"65";"941.54";"3620";"0";"";"";"";"-112";"-3.299999952316284";"3766";"1773459600858"
"242";"2026-03-14 00:40:10";"21.93";"65";"941.54";"3620";"0";"";"";"";"-112";"-1.5";"3767";"1773459610859"
"243";"2026-03-14 00:40:20";"21.93";"65";"941.54";"3620";"0";"";"";"";"-112";"-2.299999952316284";"3768";"1773459620854"
"244";"2026-03-14 00:40:30";"21.93";"65";"941.52";"3620";"0";"";"";"";"-112";"-2.299999952316284";"3769";"1773459630861"
"245";"2026-03-14 00:40:40";"21.93";"65";"941.52";"3640";"0";"";"";"";"-112";"-2";"3770";"1773459640857"
"246";"2026-03-14 00:40:50";"21.93";"65";"941.52";"3640";"0";"";"";"";"-112";"-2.5";"3771";"1773459650857"
"247";"2026-03-14 00:41:00";"21.93";"65";"941.52";"3640";"0";"";"";"";"-112";"-2.299999952316284";"3772";"1773459660855"
"248";"2026-03-14 00:41:10";"21.94";"65";"941.54";"3660";"0";"";"";"";"-112";"-2.5";"3773";"1773459670842"
"249";"2026-03-14 00:41:20";"21.93";"65";"941.52";"3620";"0";"";"";"";"-112";"-1.7999999523162842";"3774";"1773459680851"
"250";"2026-03-14 00:41:30";"21.93";"65";"941.54";"3620";"0";"";"";"";"-112";"-2";"3775";"1773459690860"
"251";"2026-03-14 00:41:40";"21.94";"65";"941.5600000000001";"3620";"0";"";"";"";"-112";"-2.799999952316284";"3776";"1773459700858"
"252";"2026-03-14 00:41:50";"21.94";"65";"941.54";"3660";"0";"";"";"";"-112";"-2.5";"3777";"1773459710858"
"253";"2026-03-14 00:42:00";"21.93";"65";"941.5600000000001";"3620";"0";"";"";"";"-112";"-1.7999999523162842";"3778";"1773459720854"
"254";"2026-03-14 00:42:10";"21.94";"65";"941.54";"3640";"0";"";"";"";"-112";"-3.299999952316284";"3779";"1773459730847"
"255";"2026-03-14 00:42:20";"21.94";"65";"941.52";"3620";"0";"";"";"";"-112";"-1.7999999523162842";"3780";"1773459740849"
"256";"2026-03-14 00:42:30";"21.94";"65";"941.5600000000001";"3660";"0";"";"";"";"-112";"-2.799999952316284";"3781";"1773459750854"
"257";"2026-03-14 00:42:40";"21.94";"65";"941.5600000000001";"3640";"0";"";"";"";"-112";"-2.5";"3782";"1773459760864"
"258";"2026-03-14 00:42:50";"21.94";"65";"941.5600000000001";"3660";"0";"";"";"";"-112";"-4.300000190734863";"3783";"1773459770850"
"259";"2026-03-14 00:43:00";"21.94";"65";"941.5600000000001";"3620";"0";"";"";"";"-112";"-2.299999952316284";"3784";"1773459780853"
"260";"2026-03-14 00:43:10";"21.94";"65";"941.54";"3620";"0";"";"";"";"-112";"-2.299999952316284";"3785";"1773459790825"
"261";"2026-03-14 00:43:20";"21.93";"65";"941.5600000000001";"3640";"0";"";"";"";"-112";"-2.5";"3786";"1773459800851"
"262";"2026-03-14 00:43:30";"21.94";"65";"941.5600000000001";"3660";"0";"";"";"";"-112";"-2";"3787";"1773459810855"
"263";"2026-03-14 00:43:40";"21.94";"65";"941.5600000000001";"3620";"0";"";"";"";"-112";"-2.799999952316284";"3788";"1773459820853"
"264";"2026-03-14 00:43:50";"21.94";"65";"941.54";"3640";"0";"";"";"";"-112";"-2.799999952316284";"3789";"1773459830856"
"265";"2026-03-14 00:44:00";"21.94";"65";"941.5600000000001";"3640";"0";"";"";"";"-112";"-2.799999952316284";"3790";"1773459840854"
"266";"2026-03-14 00:44:10";"21.94";"65";"941.54";"3620";"0";"";"";"";"-112";"-2.299999952316284";"3791";"1773459850899"
"267";"2026-03-14 00:44:20";"21.94";"65";"941.5600000000001";"3640";"0";"";"";"";"-112";"-2.299999952316284";"3792";"1773459860848"
"268";"2026-03-14 00:44:30";"21.94";"65";"941.52";"3640";"0";"";"";"";"-112";"-2";"3793";"1773459870845"
"269";"2026-03-14 00:44:40";"21.94";"65";"941.5600000000001";"3620";"0";"";"";"";"-112";"-1.7999999523162842";"3794";"1773459880857"
"270";"2026-03-14 00:44:50";"21.94";"65";"941.54";"3640";"0";"";"";"";"-112";"-2.799999952316284";"3795";"1773459890873"
"271";"2026-03-14 00:45:00";"21.94";"65";"941.5600000000001";"3640";"0";"";"";"";"-112";"-1";"3796";"1773459900855"
"272";"2026-03-14 00:45:10";"21.94";"65";"941.5600000000001";"3620";"0";"";"";"";"-113";"-2.799999952316284";"3797";"1773459910855"
"273";"2026-03-14 00:45:20";"21.94";"65";"941.58";"3620";"0";"";"";"";"-112";"-1.5";"3798";"1773459920857"
"274";"2026-03-14 00:45:30";"21.94";"65";"941.58";"3660";"0";"";"";"";"-112";"-1.5";"3799";"1773459930858"
"275";"2026-03-14 00:45:40";"21.94";"65";"941.54";"3660";"0";"";"";"";"-112";"-1.2999999523162842";"3800";"1773459940854"
"276";"2026-03-14 00:45:50";"21.94";"65";"941.5600000000001";"3640";"0";"";"";"";"-112";"-2";"3801";"1773459950861"
"277";"2026-03-14 00:46:00";"21.94";"65";"941.58";"3640";"0";"";"";"";"-112";"-1";"3802";"1773459960816"
"278";"2026-03-14 00:46:10";"21.94";"65";"941.54";"3660";"0";"";"";"";"-112";"-1.5";"3803";"1773459970855"
"279";"2026-03-14 00:46:20";"21.94";"65";"941.5600000000001";"3640";"0";"";"";"";"-112";"-2.299999952316284";"3804";"1773459980857"
"280";"2026-03-14 00:46:30";"21.94";"65";"941.58";"3620";"0";"";"";"";"-112";"-2.5";"3805";"1773459990851"
"281";"2026-03-14 00:46:40";"21.94";"65";"941.54";"3640";"0";"";"";"";"-112";"-2.299999952316284";"3806";"1773460000848"
"282";"2026-03-14 00:46:50";"21.94";"65";"941.54";"3640";"0";"";"";"";"-112";"-2";"3807";"1773460010847"
"283";"2026-03-14 00:47:00";"21.94";"65";"941.58";"3640";"0";"";"";"";"-112";"-2.5";"3808";"1773460020860"
"284";"2026-03-14 00:47:10";"21.94";"65";"941.5600000000001";"3640";"0";"";"";"";"-112";"-2";"3809";"1773460030857"
"285";"2026-03-14 00:47:20";"21.93";"65";"941.5600000000001";"3640";"0";"";"";"";"-112";"-2.5";"3810";"1773460040850"
"286";"2026-03-14 00:47:30";"21.94";"65";"941.5600000000001";"3640";"0";"";"";"";"-112";"-1.7999999523162842";"3811";"1773460050842"
"287";"2026-03-14 00:47:40";"21.93";"65";"941.5600000000001";"3620";"0";"";"";"";"-112";"-1.7999999523162842";"3812";"1773460060852"
"288";"2026-03-14 00:47:50";"21.94";"65";"941.5600000000001";"3620";"0";"";"";"";"-112";"-2";"3813";"1773460070854"
"289";"2026-03-14 00:48:00";"21.93";"65";"941.52";"3640";"0";"";"";"";"-112";"-2";"3814";"1773460080855"
"290";"2026-03-14 00:48:10";"21.93";"65";"941.52";"3620";"0";"";"";"";"-112";"-2.299999952316284";"3815";"1773460090851"
"291";"2026-03-14 00:48:20";"21.93";"65";"941.58";"3640";"0";"";"";"";"-112";"-2.5";"3816";"1773460100850"
"292";"2026-03-14 00:48:30";"21.93";"65";"941.54";"3640";"0";"";"";"";"-112";"-2";"3817";"1773460110852"
"293";"2026-03-14 00:48:40";"21.93";"65";"941.52";"3640";"0";"";"";"";"-112";"-2.799999952316284";"3818";"1773460120867"
"294";"2026-03-14 00:48:50";"21.93";"65";"941.54";"3620";"0";"";"";"";"-112";"-3";"3819";"1773460130859"
"295";"2026-03-14 00:49:00";"21.93";"65";"941.5";"3620";"0";"";"";"";"-112";"-1.5";"3820";"1773460140849"
"296";"2026-03-14 00:49:10";"21.93";"65";"941.54";"3660";"0";"";"";"";"-112";"-2.5";"3821";"1773460150856"
"297";"2026-03-14 00:49:20";"21.93";"65";"941.54";"3620";"0";"";"";"";"-112";"-2";"3822";"1773460160861"
"298";"2026-03-14 00:49:30";"21.93";"65";"941.54";"3640";"0";"";"";"";"-112";"-2.5";"3823";"1773460170819"
"299";"2026-03-14 00:49:40";"21.93";"65";"941.5600000000001";"3620";"0";"";"";"";"-112";"-2.5";"3824";"1773460180860"
"300";"2026-03-14 00:49:50";"21.92";"65";"941.5";"3620";"0";"";"";"";"-112";"-2.299999952316284";"3825";"1773460190857"
"301";"2026-03-14 00:50:00";"21.92";"65";"941.52";"3640";"0";"";"";"";"-112";"-2.299999952316284";"3826";"1773460200850"
"302";"2026-03-14 00:50:10";"21.92";"65";"941.54";"3640";"0";"";"";"";"-112";"-2";"3827";"1773460210846"
"303";"2026-03-14 00:50:20";"21.92";"65";"941.54";"3620";"0";"";"";"";"-112";"-1.7999999523162842";"3828";"1773460220851"
"304";"2026-03-14 00:50:30";"21.92";"65";"941.5";"3620";"0";"";"";"";"-112";"-1.7999999523162842";"3829";"1773460230853"
"305";"2026-03-14 00:50:40";"21.91";"65";"941.52";"3620";"0";"";"";"";"-112";"-3.799999952316284";"3830";"1773460240850"
"306";"2026-03-14 00:50:50";"21.91";"65";"941.5";"3640";"0";"";"";"";"-112";"-2.5";"3831";"1773460250851"
"307";"2026-03-14 00:51:00";"21.91";"65";"941.54";"3620";"0";"";"";"";"-112";"-1.7999999523162842";"3832";"1773460260864"
"308";"2026-03-14 00:51:10";"21.91";"65";"941.5";"3640";"0";"";"";"";"-112";"-2.299999952316284";"3833";"1773460270857"
"309";"2026-03-14 00:51:20";"21.91";"65";"941.5";"3620";"0";"";"";"";"-112";"-3";"3834";"1773460280846"
"310";"2026-03-14 00:51:30";"21.91";"65";"941.52";"3660";"0";"";"";"";"-112";"-1.5";"3835";"1773460290857"
"311";"2026-03-14 00:51:40";"21.91";"65";"941.52";"3620";"0";"";"";"";"-112";"-1.5";"3836";"1773460300853"
"312";"2026-03-14 00:51:50";"21.91";"65";"941.52";"3640";"0";"";"";"";"-112";"-2";"3837";"1773460310854"
"313";"2026-03-14 00:52:00";"21.91";"65";"941.5";"3620";"0";"";"";"";"-112";"-1";"3838";"1773460320865"
"314";"2026-03-14 00:52:10";"21.91";"65";"941.5";"3640";"0";"";"";"";"-112";"-1.2999999523162842";"3839";"1773460330861"
"315";"2026-03-14 00:52:20";"21.9";"65";"941.52";"3640";"0";"";"";"";"-112";"-2.799999952316284";"3840";"1773460340851"
"316";"2026-03-14 00:52:30";"21.9";"65";"941.5";"3620";"0";"";"";"";"-112";"-1.5";"3841";"1773460350858"
"317";"2026-03-14 00:52:40";"21.9";"65";"941.48";"3620";"0";"";"";"";"-112";"-1";"3842";"1773460360851"
"318";"2026-03-14 00:52:50";"21.9";"65";"941.5";"3640";"0";"";"";"";"-112";"-1.7999999523162842";"3843";"1773460370858"
"319";"2026-03-14 00:53:00";"21.9";"65";"941.5";"3620";"0";"";"";"";"-112";"-2.5";"3844";"1773460380852"
"320";"2026-03-14 00:53:10";"21.9";"65";"941.5";"3620";"0";"";"";"";"-112";"-1.5";"3845";"1773460390859"
"321";"2026-03-14 00:53:20";"21.9";"65";"941.5";"3640";"0";"";"";"";"-112";"-2";"3846";"1773460400855"
"322";"2026-03-14 00:53:30";"21.9";"65";"941.5";"3640";"0";"";"";"";"-112";"-2";"3847";"1773460410839"
"323";"2026-03-14 00:53:40";"21.9";"65";"941.52";"3640";"0";"";"";"";"-112";"-1.2999999523162842";"3848";"1773460420855"
"324";"2026-03-14 00:53:50";"21.9";"65";"941.5";"3620";"0";"";"";"";"-112";"-2.5";"3849";"1773460430848"
"325";"2026-03-14 00:54:00";"21.89";"65";"941.5";"3620";"0";"";"";"";"-112";"-2";"3850";"1773460440854"
"326";"2026-03-14 00:54:10";"21.89";"65";"941.48";"3620";"0";"";"";"";"-112";"-1.5";"3851";"1773460450855"
"327";"2026-03-14 00:54:20";"21.89";"65";"941.48";"3620";"0";"";"";"";"-112";"-3";"3852";"1773460460863"
"328";"2026-03-14 00:54:30";"21.89";"65";"941.5";"3640";"0";"";"";"";"-112";"-1.5";"3853";"1773460470853"
"329";"2026-03-14 00:54:40";"21.89";"65";"941.46";"3640";"0";"";"";"";"-112";"-2";"3854";"1773460480850"
"330";"2026-03-14 00:54:50";"21.89";"65";"941.46";"3640";"0";"";"";"";"-112";"-1.7999999523162842";"3855";"1773460490855"
"331";"2026-03-14 00:55:00";"21.89";"65";"941.5";"3620";"0";"";"";"";"-112";"-1.2999999523162842";"3856";"1773460500848"
"332";"2026-03-14 00:55:10";"21.88";"65";"941.48";"3640";"0";"";"";"";"-112";"-2.5";"3857";"1773460510856"
"333";"2026-03-14 00:55:20";"21.89";"65.5";"941.46";"3640";"0";"";"";"";"-112";"-2.299999952316284";"3858";"1773460520854"
"334";"2026-03-14 00:55:30";"21.89";"65";"941.46";"3620";"0";"";"";"";"-112";"-3";"3859";"1773460530858"
"335";"2026-03-14 00:55:40";"21.89";"65";"941.48";"3620";"0";"";"";"";"-112";"-1.5";"3860";"1773460540853"
"336";"2026-03-14 00:55:50";"21.89";"65.5";"941.44";"3640";"0";"";"";"";"-112";"-2";"3861";"1773460550856"
"337";"2026-03-14 00:56:00";"21.89";"65.5";"941.48";"3660";"0";"";"";"";"-112";"-2.299999952316284";"3862";"1773460560851"
"338";"2026-03-14 00:56:10";"21.88";"65";"941.46";"3640";"0";"";"";"";"-112";"-1.7999999523162842";"3863";"1773460570845"
"339";"2026-03-14 00:56:20";"21.88";"65";"941.48";"3640";"0";"";"";"";"-111";"-1.2999999523162842";"3864";"1773460580853"
"340";"2026-03-14 00:56:30";"21.88";"65";"941.48";"3660";"0";"";"";"";"-112";"-2.799999952316284";"3865";"1773460590849"
"341";"2026-03-14 00:56:40";"21.88";"65";"941.46";"3640";"0";"";"";"";"-112";"-1.7999999523162842";"3866";"1773460600849"
"342";"2026-03-14 00:56:50";"21.89";"65";"941.48";"3620";"0";"";"";"";"-112";"-2.299999952316284";"3867";"1773460610845"
"343";"2026-03-14 00:57:00";"21.89";"65";"941.46";"3620";"0";"";"";"";"-112";"-1.5";"3868";"1773460620865"
"344";"2026-03-14 00:57:10";"21.88";"65";"941.46";"3640";"0";"";"";"";"-112";"-2";"3869";"1773460630849"
"345";"2026-03-14 00:57:20";"21.88";"65";"941.5";"3620";"0";"";"";"";"-112";"-3";"3870";"1773460640852"
"346";"2026-03-14 00:57:30";"21.88";"65";"941.48";"3620";"0";"";"";"";"-112";"-2";"3871";"1773460650852"
"347";"2026-03-14 00:57:40";"21.88";"65";"941.4200000000001";"3620";"0";"";"";"";"-112";"-2";"3872";"1773460660852"
"348";"2026-03-14 00:57:50";"21.88";"65";"941.44";"3620";"0";"";"";"";"-112";"-1.7999999523162842";"3873";"1773460670848"
"349";"2026-03-14 00:58:00";"21.88";"65";"941.46";"3620";"0";"";"";"";"-112";"-1.7999999523162842";"3874";"1773460680855"
"350";"2026-03-14 00:58:10";"21.88";"65";"941.44";"3640";"0";"";"";"";"-112";"-3";"3875";"1773460690848"
"351";"2026-03-14 00:58:20";"21.88";"65";"941.44";"3640";"0";"";"";"";"-112";"-2.299999952316284";"3876";"1773460700849"
"352";"2026-03-14 00:58:30";"21.87";"65";"941.44";"3620";"0";"";"";"";"-112";"-1.5";"3877";"1773460710855"
"353";"2026-03-14 00:58:40";"21.88";"65";"941.4200000000001";"3620";"0";"";"";"";"-112";"-2.299999952316284";"3878";"1773460720851"
"354";"2026-03-14 00:58:50";"21.88";"65";"941.4200000000001";"3620";"0";"";"";"";"-112";"-2.299999952316284";"3879";"1773460730855"
"355";"2026-03-14 00:59:00";"21.88";"65";"941.44";"3640";"0";"";"";"";"-112";"-1.5";"3880";"1773460740849"
"356";"2026-03-14 00:59:10";"21.87";"65";"941.4";"3620";"0";"";"";"";"-112";"-2.299999952316284";"3881";"1773460750848"
"357";"2026-03-14 00:59:20";"21.88";"65";"941.44";"3620";"0";"";"";"";"-112";"-2.299999952316284";"3882";"1773460760854"
"358";"2026-03-14 00:59:30";"21.88";"65";"941.4200000000001";"3640";"0";"";"";"";"-112";"-1.2999999523162842";"3883";"1773460770857"
"359";"2026-03-14 00:59:40";"21.87";"65";"941.44";"3620";"0";"";"";"";"-112";"-2";"3884";"1773460780867"
"360";"2026-03-14 00:59:50";"21.87";"65";"941.4200000000001";"3640";"0";"";"";"";"-112";"-1.5";"3885";"1773460790844"
"361";"2026-03-14 01:00:00";"21.87";"65";"941.4";"3620";"0";"";"";"";"-112";"-2.299999952316284";"3886";"1773460800848"
"362";"2026-03-14 01:00:10";"21.87";"65";"941.4";"3620";"0";"";"";"";"-112";"-4.300000190734863";"3887";"1773460810851"
"363";"2026-03-14 01:00:20";"21.87";"65";"941.4";"3620";"0";"";"";"";"-112";"-2.5";"3888";"1773460820841"
"364";"2026-03-14 01:00:30";"21.87";"65";"941.4200000000001";"3640";"0";"";"";"";"-112";"-1.2999999523162842";"3889";"1773460830853"
"365";"2026-03-14 01:00:40";"21.87";"65";"941.4200000000001";"3640";"0";"";"";"";"-112";"-1.5";"3890";"1773460840852"
"366";"2026-03-14 01:00:50";"21.87";"65";"941.44";"3640";"0";"";"";"";"-112";"-1.5";"3891";"1773460850851"
"367";"2026-03-14 01:01:00";"21.87";"65";"941.4200000000001";"3640";"0";"";"";"";"-112";"-3.299999952316284";"3892";"1773460860847"
"368";"2026-03-14 01:01:10";"21.87";"65";"941.4200000000001";"3620";"0";"";"";"";"-112";"-1.5";"3893";"1773460870849"
"369";"2026-03-14 01:01:20";"21.87";"65";"941.4";"3620";"0";"";"";"";"-112";"-1.5";"3894";"1773460880846"
"370";"2026-03-14 01:01:30";"21.87";"65";"941.4200000000001";"3660";"0";"";"";"";"-112";"-1.7999999523162842";"3895";"1773460890841"
"371";"2026-03-14 01:01:40";"21.87";"65";"941.44";"3620";"0";"";"";"";"-112";"-2";"3896";"1773460900854"
"372";"2026-03-14 01:01:50";"21.88";"65";"941.4200000000001";"3660";"0";"";"";"";"-112";"-3";"3897";"1773460910851"
"373";"2026-03-14 01:02:00";"21.87";"65";"941.4200000000001";"3640";"0";"";"";"";"-112";"-2.799999952316284";"3898";"1773460920851"
"374";"2026-03-14 01:02:10";"21.87";"65";"941.44";"3640";"0";"";"";"";"-112";"-2.5";"3899";"1773460930814"
"375";"2026-03-14 01:02:20";"21.87";"65";"941.44";"3640";"0";"";"";"";"-112";"-2";"3900";"1773460940850"
"376";"2026-03-14 01:02:30";"21.87";"65";"941.44";"3640";"0";"";"";"";"-112";"-1.7999999523162842";"3901";"1773460950815"
"377";"2026-03-14 01:02:40";"21.87";"65";"941.46";"3640";"0";"";"";"";"-112";"-2.799999952316284";"3902";"1773460960855"
"378";"2026-03-14 01:02:50";"21.87";"65";"941.4";"3620";"0";"";"";"";"-112";"-2.299999952316284";"3903";"1773460970845"
"379";"2026-03-14 01:03:00";"21.87";"65.5";"941.4";"3620";"0";"";"";"";"-112";"-3";"3904";"1773460980850"
"380";"2026-03-14 01:03:10";"21.87";"65";"941.4";"3620";"0";"";"";"";"-112";"-2.5";"3905";"1773460990853"
"381";"2026-03-14 01:03:20";"21.87";"65";"941.4";"3620";"0";"";"";"";"-112";"-2.5";"3906";"1773461000850"
"382";"2026-03-14 01:03:30";"21.87";"65";"941.4";"3620";"0";"";"";"";"-112";"-2";"3907";"1773461010852"
"383";"2026-03-14 01:03:40";"21.87";"65";"941.4";"3620";"0";"";"";"";"-112";"-1.7999999523162842";"3908";"1773461020856"
"384";"2026-03-14 01:03:50";"21.87";"65";"941.4";"3640";"0";"";"";"";"-112";"-1.5";"3909";"1773461030851"
"385";"2026-03-14 01:04:00";"21.87";"65";"941.38";"3640";"0";"";"";"";"-111";"-1.2999999523162842";"3910";"1773461040844"
"386";"2026-03-14 01:04:10";"21.87";"65";"941.4";"3620";"0";"";"";"";"-112";"-1.7999999523162842";"3911";"1773461050851"
"387";"2026-03-14 01:04:20";"21.86";"65";"941.4";"3640";"0";"";"";"";"-112";"-2.5";"3912";"1773461060851"
"388";"2026-03-14 01:04:30";"21.86";"65";"941.4";"3620";"0";"";"";"";"-112";"-1.7999999523162842";"3913";"1773461070856"
"389";"2026-03-14 01:04:40";"21.86";"65";"941.4";"3620";"0";"";"";"";"-111";"-1";"3914";"1773461080846"
"390";"2026-03-14 01:04:50";"21.86";"65";"941.38";"3640";"0";"";"";"";"-112";"-1.2999999523162842";"3915";"1773461090849"
"391";"2026-03-14 01:05:00";"21.87";"65";"941.4200000000001";"3620";"0";"";"";"";"-111";"-1.2999999523162842";"3916";"1773461100855"
"392";"2026-03-14 01:05:10";"21.86";"65";"941.4";"3620";"0";"";"";"";"-112";"-3";"3917";"1773461110843"
"393";"2026-03-14 01:05:20";"21.86";"65";"941.38";"3640";"0";"";"";"";"-111";"-0.800000011920929";"3918";"1773461120850"
"394";"2026-03-14 01:05:30";"21.86";"65";"941.4";"3620";"0";"";"";"";"-112";"-1.7999999523162842";"3919";"1773461130846"
"395";"2026-03-14 01:05:40";"21.86";"65.5";"941.38";"3620";"0";"";"";"";"-111";"-1.5";"3920";"1773461140855"
"396";"2026-03-14 01:05:50";"21.85";"65";"941.38";"3640";"0";"";"";"";"-112";"-2";"3921";"1773461150855"
"397";"2026-03-14 01:06:00";"21.85";"65";"941.4";"3640";"0";"";"";"";"-112";"-2.5";"3922";"1773461160849"
"398";"2026-03-14 01:06:10";"21.85";"65";"941.38";"3620";"0";"";"";"";"-112";"-1.7999999523162842";"3923";"1773461170821"
"399";"2026-03-14 01:06:20";"21.85";"65";"941.4";"3620";"0";"";"";"";"-112";"-1.2999999523162842";"3924";"1773461180852"
"400";"2026-03-14 01:06:30";"21.85";"65";"941.4";"3620";"0";"";"";"";"-112";"-1.5";"3925";"1773461190857"
"401";"2026-03-14 01:06:40";"21.85";"65.5";"941.4";"3620";"0";"";"";"";"-112";"-1.7999999523162842";"3926";"1773461200848"
"402";"2026-03-14 01:06:50";"21.85";"65";"941.4200000000001";"3600";"0";"";"";"";"-112";"-2.5";"3927";"1773461210859"
"403";"2026-03-14 01:07:00";"21.85";"65";"941.4";"3620";"0";"";"";"";"-112";"-3";"3928";"1773461220847"
"404";"2026-03-14 01:07:10";"21.85";"65";"941.38";"3640";"0";"";"";"";"-111";"-0.5";"3929";"1773461230852"
"405";"2026-03-14 01:07:20";"21.84";"65.5";"941.4200000000001";"3640";"0";"";"";"";"-112";"-3";"3930";"1773461240846"
"406";"2026-03-14 01:07:30";"21.85";"65";"941.38";"3620";"0";"";"";"";"-112";"-1.2999999523162842";"3931";"1773461250857"
"407";"2026-03-14 01:07:40";"21.85";"65.5";"941.4";"3620";"0";"";"";"";"-112";"-2.799999952316284";"3932";"1773461260849"
"408";"2026-03-14 01:07:50";"21.84";"65.5";"941.38";"3660";"0";"";"";"";"-112";"-0.800000011920929";"3933";"1773461270837"
"409";"2026-03-14 01:08:00";"21.84";"65.5";"941.38";"3620";"0";"";"";"";"-112";"-2";"3934";"1773461280858"
"410";"2026-03-14 01:08:10";"21.84";"65.5";"941.36";"3640";"0";"";"";"";"-112";"-3";"3935";"1773461290849"
"411";"2026-03-14 01:08:20";"21.84";"65.5";"941.38";"3620";"0";"";"";"";"-112";"-2.5";"3936";"1773461300841"
"412";"2026-03-14 01:08:30";"21.84";"65.5";"941.36";"3640";"0";"";"";"";"-112";"-2.5";"3937";"1773461310819"
"413";"2026-03-14 01:08:40";"21.84";"65";"941.38";"3640";"0";"";"";"";"-112";"-1.2999999523162842";"3938";"1773461320857"
"414";"2026-03-14 01:08:50";"21.84";"65.5";"941.4";"3620";"0";"";"";"";"-111";"-1.5";"3939";"1773461330848"
"415";"2026-03-14 01:09:00";"21.84";"65.5";"941.38";"3600";"0";"";"";"";"-112";"-2.5";"3940";"1773461340838"
"416";"2026-03-14 01:09:10";"21.84";"65.5";"941.4";"3640";"0";"";"";"";"-112";"-2";"3941";"1773461350851"
"417";"2026-03-14 01:09:20";"21.84";"65.5";"941.4";"3640";"0";"";"";"";"-112";"-1.2999999523162842";"3942";"1773461360845"
"418";"2026-03-14 01:09:30";"21.84";"65.5";"941.38";"3620";"0";"";"";"";"-112";"-1.5";"3943";"1773461370855"
"419";"2026-03-14 01:09:40";"21.83";"65.5";"941.4";"3620";"0";"";"";"";"-111";"-1";"3944";"1773461380857"
"420";"2026-03-14 01:09:50";"21.84";"65";"941.4200000000001";"3600";"0";"";"";"";"-112";"-1.2999999523162842";"3945";"1773461390854"
"421";"2026-03-14 01:10:00";"21.83";"65.5";"941.36";"3600";"0";"";"";"";"-111";"-1.5";"3946";"1773461400850"
"422";"2026-03-14 01:10:10";"21.83";"65.5";"941.38";"3640";"0";"";"";"";"-112";"-1.7999999523162842";"3947";"1773461410844"
"423";"2026-03-14 01:10:20";"21.83";"65.5";"941.38";"3620";"0";"";"";"";"-112";"-2.5";"3948";"1773461420859"
"424";"2026-03-14 01:10:30";"21.83";"65.5";"941.36";"3620";"0";"";"";"";"-112";"-3.299999952316284";"3949";"1773461430848"
"425";"2026-03-14 01:10:40";"21.83";"65.5";"941.38";"3620";"0";"";"";"";"-112";"-3";"3950";"1773461440848"
"426";"2026-03-14 01:10:50";"21.83";"65.5";"941.36";"3600";"0";"";"";"";"-112";"-1.7999999523162842";"3951";"1773461450840"
"427";"2026-03-14 01:11:00";"21.83";"65.5";"941.38";"3620";"0";"";"";"";"-112";"-1.7999999523162842";"3952";"1773461460850"
"428";"2026-03-14 01:11:10";"21.83";"65.5";"941.4";"3620";"0";"";"";"";"-112";"-2";"3953";"1773461470850"
"429";"2026-03-14 01:11:20";"21.83";"65.5";"941.32";"3620";"0";"";"";"";"-112";"-2.799999952316284";"3954";"1773461480847"
"430";"2026-03-14 01:11:30";"21.83";"65.5";"941.38";"3600";"0";"";"";"";"-112";"-2";"3955";"1773461490850"
"431";"2026-03-14 01:11:40";"21.82";"65.5";"941.38";"3620";"0";"";"";"";"-111";"-1.7999999523162842";"3956";"1773461500846"
"432";"2026-03-14 01:11:50";"21.83";"65.5";"941.4";"3620";"0";"";"";"";"-112";"-2";"3957";"1773461510844"
"433";"2026-03-14 01:12:00";"21.82";"65.5";"941.38";"3600";"0";"";"";"";"-112";"-2";"3958";"1773461520851"
"434";"2026-03-14 01:12:10";"21.83";"65.5";"941.4";"3620";"0";"";"";"";"-111";"-0.30000001192092896";"3959";"1773461530845"
"435";"2026-03-14 01:12:20";"21.82";"65.5";"941.38";"3620";"0";"";"";"";"-111";"-0.5";"3960";"1773461540839"
"436";"2026-03-14 01:12:30";"21.82";"65.5";"941.38";"3620";"0";"";"";"";"-112";"-1.5";"3961";"1773461550841"
"437";"2026-03-14 01:12:40";"21.82";"65.5";"941.38";"3620";"0";"";"";"";"-112";"-1.5";"3962";"1773461560849"
"438";"2026-03-14 01:12:50";"21.82";"65.5";"941.38";"3620";"0";"";"";"";"-112";"-2";"3963";"1773461570851"
"439";"2026-03-14 01:13:00";"21.82";"65.5";"941.4";"3600";"0";"";"";"";"-112";"-2.799999952316284";"3964";"1773461580816"
"440";"2026-03-14 01:13:10";"21.82";"65.5";"941.38";"3640";"0";"";"";"";"-112";"-1.7999999523162842";"3965";"1773461590856"
"441";"2026-03-14 01:13:20";"21.82";"65.5";"941.38";"3620";"0";"";"";"";"-112";"-1.7999999523162842";"3966";"1773461600849"
"442";"2026-03-14 01:13:30";"21.82";"65.5";"941.38";"3620";"0";"";"";"";"-112";"-1";"3967";"1773461610848"
"443";"2026-03-14 01:13:40";"21.82";"65.5";"941.38";"3600";"0";"";"";"";"-112";"-1.2999999523162842";"3968";"1773461620853"
"444";"2026-03-14 01:13:50";"21.81";"65.5";"941.4";"3640";"0";"";"";"";"-112";"-1.7999999523162842";"3969";"1773461630846"
"445";"2026-03-14 01:14:00";"21.81";"65.5";"941.38";"3600";"0";"";"";"";"-112";"-1.2999999523162842";"3970";"1773461640846"
"446";"2026-03-14 01:14:10";"21.81";"65.5";"941.36";"3620";"0";"";"";"";"-112";"-2.5";"3971";"1773461650848"
"447";"2026-03-14 01:14:20";"21.81";"65.5";"941.4";"3640";"0";"";"";"";"-112";"-2";"3972";"1773461660850"
"448";"2026-03-14 01:14:30";"21.81";"65.5";"941.36";"3660";"0";"";"";"";"-112";"-1.5";"3973";"1773461670847"
"449";"2026-03-14 01:14:40";"21.81";"65.5";"941.38";"3620";"0";"";"";"";"-111";"-1.2999999523162842";"3974";"1773461680851"
"450";"2026-03-14 01:14:50";"21.81";"65.5";"941.38";"3640";"0";"";"";"";"-111";"-0.800000011920929";"3975";"1773461690836"
"451";"2026-03-14 01:15:00";"21.81";"65.5";"941.38";"3600";"0";"";"";"";"-112";"-1.5";"3976";"1773461700847"
"452";"2026-03-14 01:15:10";"21.81";"65.5";"941.38";"3600";"0";"";"";"";"-112";"-1.5";"3977";"1773461710846"
"453";"2026-03-14 01:15:20";"21.81";"65.5";"941.36";"3640";"0";"";"";"";"-112";"-1.2999999523162842";"3978";"1773461720881"
"454";"2026-03-14 01:15:30";"21.81";"65.5";"941.34";"3640";"0";"";"";"";"-112";"-1.7999999523162842";"3979";"1773461730843"
"455";"2026-03-14 01:15:40";"21.81";"65.5";"941.36";"3620";"0";"";"";"";"-112";"-1.5";"3980";"1773461740852"
"456";"2026-03-14 01:15:50";"21.81";"65.5";"941.34";"3620";"0";"";"";"";"-111";"-1.5";"3981";"1773461750840"
"457";"2026-03-14 01:16:00";"21.81";"65.5";"941.34";"3640";"0";"";"";"";"-112";"-2.299999952316284";"3982";"1773461760846"
"458";"2026-03-14 01:16:10";"21.81";"65.5";"941.32";"3600";"0";"";"";"";"-112";"-1.7999999523162842";"3983";"1773461770843"
"459";"2026-03-14 01:16:20";"21.81";"65.5";"941.36";"3600";"0";"";"";"";"-112";"-1.2999999523162842";"3984";"1773461780845"
"460";"2026-03-14 01:16:30";"21.8";"65.5";"941.32";"3620";"0";"";"";"";"-112";"-2";"3985";"1773461790842"
"461";"2026-03-14 01:16:40";"21.8";"65.5";"941.32";"3620";"0";"";"";"";"-112";"-2";"3986";"1773461800835"
"462";"2026-03-14 01:16:50";"21.8";"65.5";"941.34";"3640";"0";"";"";"";"-112";"-1";"3987";"1773461810823"
"463";"2026-03-14 01:17:00";"21.81";"65.5";"941.3000000000001";"3640";"0";"";"";"";"-112";"-1";"3988";"1773461820854"
"464";"2026-03-14 01:17:10";"21.81";"65.5";"941.32";"3640";"0";"";"";"";"-112";"-1.7999999523162842";"3989";"1773461830851"
"465";"2026-03-14 01:17:20";"21.81";"65.5";"941.3000000000001";"3640";"0";"";"";"";"-112";"-2";"3990";"1773461840845"
"466";"2026-03-14 01:17:30";"21.8";"65.5";"941.32";"3620";"0";"";"";"";"-112";"-2";"3991";"1773461850843"
"467";"2026-03-14 01:17:40";"21.8";"65.5";"941.32";"3620";"0";"";"";"";"-111";"-0.30000001192092896";"3992";"1773461860844"
"468";"2026-03-14 01:17:50";"21.8";"65.5";"941.32";"3640";"0";"";"";"";"-112";"-3";"3993";"1773461870843"
"469";"2026-03-14 01:18:00";"21.8";"65.5";"941.32";"3620";"0";"";"";"";"-112";"-2.5";"3994";"1773461880842"
"470";"2026-03-14 01:18:10";"21.8";"65.5";"941.3000000000001";"3620";"0";"";"";"";"-112";"-2";"3995";"1773461890837"
"471";"2026-03-14 01:18:20";"21.8";"65.5";"941.3000000000001";"3620";"0";"";"";"";"-111";"-1";"3996";"1773461900844"
"472";"2026-03-14 01:18:30";"21.8";"65.5";"941.3000000000001";"3640";"0";"";"";"";"-112";"-3.799999952316284";"3997";"1773461910807"
"473";"2026-03-14 01:18:40";"21.8";"65.5";"941.28";"3640";"0";"";"";"";"-112";"-2.799999952316284";"3998";"1773461920851"
"474";"2026-03-14 01:18:50";"21.8";"65.5";"941.32";"3620";"0";"";"";"";"-112";"-1.7999999523162842";"3999";"1773461930844"
"475";"2026-03-14 01:19:00";"21.79";"65.5";"941.28";"3620";"0";"";"";"";"-112";"-1.2999999523162842";"4000";"1773461940842"
"476";"2026-03-14 01:19:10";"21.8";"65.5";"941.26";"3640";"0";"";"";"";"-112";"-1.5";"4001";"1773461950846"
"477";"2026-03-14 01:19:20";"21.8";"65.5";"941.3000000000001";"3620";"0";"";"";"";"-112";"-2.5";"4002";"1773461960839"
"478";"2026-03-14 01:19:30";"21.8";"65.5";"941.3000000000001";"3640";"0";"";"";"";"-112";"-2.799999952316284";"4003";"1773461970851"
"479";"2026-03-14 01:19:40";"21.8";"65.5";"941.28";"3620";"0";"";"";"";"-112";"-1.7999999523162842";"4004";"1773461980844"
"480";"2026-03-14 01:19:50";"21.8";"65.5";"941.28";"3640";"0";"";"";"";"-112";"-2.5";"4005";"1773461990841"
"481";"2026-03-14 01:20:00";"21.8";"65.5";"941.28";"3620";"0";"";"";"";"-112";"-2.5";"4006";"1773462000841"
"482";"2026-03-14 01:20:10";"21.8";"65.5";"941.3000000000001";"3640";"0";"";"";"";"-112";"-2.5";"4007";"1773462010842"
"483";"2026-03-14 01:20:20";"21.8";"65.5";"941.3000000000001";"3640";"0";"";"";"";"-112";"-1.7999999523162842";"4008";"1773462020809"
"484";"2026-03-14 01:20:30";"21.8";"65.5";"941.3000000000001";"3640";"0";"";"";"";"-112";"-1.5";"4009";"1773462030852"
"485";"2026-03-14 01:20:40";"21.8";"65.5";"941.3000000000001";"3640";"0";"";"";"";"-112";"-1.7999999523162842";"4010";"1773462040865"
"486";"2026-03-14 01:20:50";"21.8";"65.5";"941.28";"3620";"0";"";"";"";"-112";"-1.7999999523162842";"4011";"1773462050842"
"487";"2026-03-14 01:21:00";"21.8";"65.5";"941.3000000000001";"3600";"0";"";"";"";"-111";"-0.5";"4012";"1773462060842"
"488";"2026-03-14 01:21:10";"21.8";"65.5";"941.26";"3620";"0";"";"";"";"-112";"-1.5";"4013";"1773462070842"
"489";"2026-03-14 01:21:20";"21.79";"65.5";"941.26";"3640";"0";"";"";"";"-111";"-1.2999999523162842";"4014";"1773462080838"
"490";"2026-03-14 01:21:30";"21.8";"65.5";"941.24";"3640";"0";"";"";"";"-111";"-1.2999999523162842";"4015";"1773462090842"
"491";"2026-03-14 01:21:40";"21.8";"65.5";"941.24";"3620";"0";"";"";"";"-112";"-2";"4016";"1773462100846"
"492";"2026-03-14 01:21:50";"21.8";"65.5";"941.24";"3620";"0";"";"";"";"-112";"-3";"4017";"1773462110851"
"493";"2026-03-14 01:22:00";"21.8";"65.5";"941.24";"3640";"0";"";"";"";"-112";"-2";"4018";"1773462120850"
"494";"2026-03-14 01:22:10";"21.8";"65.5";"941.22";"3620";"0";"";"";"";"-112";"-1.7999999523162842";"4019";"1773462130848"
"495";"2026-03-14 01:22:20";"21.79";"65.5";"941.22";"3640";"0";"";"";"";"-112";"-2.5";"4020";"1773462140840"
"496";"2026-03-14 01:22:30";"21.79";"65.5";"941.22";"3640";"0";"";"";"";"-112";"-2";"4021";"1773462150838"
"497";"2026-03-14 01:22:40";"21.8";"65.5";"941.24";"3600";"0";"";"";"";"-112";"-2";"4022";"1773462160843"
"498";"2026-03-14 01:22:50";"21.79";"65.5";"941.26";"3620";"0";"";"";"";"-111";"-1.5";"4023";"1773462170851"
"499";"2026-03-14 01:23:00";"21.8";"65.5";"941.24";"3640";"0";"";"";"";"-111";"-1.5";"4024";"1773462180845"
"500";"2026-03-14 01:23:10";"21.8";"65.5";"941.22";"3620";"0";"";"";"";"-112";"-2.5";"4025";"1773462190838"
"501";"2026-03-14 01:23:20";"21.79";"65.5";"941.22";"3600";"0";"";"";"";"-112";"-1.5";"4026";"1773462200849"
"502";"2026-03-14 01:23:30";"21.79";"65.5";"941.22";"3640";"0";"";"";"";"-112";"-2";"4027";"1773462210843"
"503";"2026-03-14 01:23:40";"21.8";"65.5";"941.22";"3640";"0";"";"";"";"-112";"-1.7999999523162842";"4028";"1773462220851"
"504";"2026-03-14 01:23:50";"21.79";"65.5";"941.22";"3620";"0";"";"";"";"-112";"-3";"4029";"1773462230845"
"505";"2026-03-14 01:24:00";"21.79";"65.5";"941.26";"3640";"0";"";"";"";"-111";"-1.2999999523162842";"4030";"1773462240845"
"506";"2026-03-14 01:24:10";"21.8";"65.5";"941.22";"3620";"0";"";"";"";"-111";"-0.800000011920929";"4031";"1773462250850"
"507";"2026-03-14 01:24:20";"21.79";"65.5";"941.2";"3640";"0";"";"";"";"-112";"-1.2999999523162842";"4032";"1773462260844"
"508";"2026-03-14 01:24:30";"21.8";"65.5";"941.24";"3640";"0";"";"";"";"-111";"-1";"4033";"1773462270835"
"509";"2026-03-14 01:24:40";"21.79";"65.5";"941.22";"3640";"0";"";"";"";"-112";"-2.299999952316284";"4034";"1773462280840"
"510";"2026-03-14 01:24:50";"21.79";"65.5";"941.24";"3600";"0";"";"";"";"-112";"-2.799999952316284";"4035";"1773462290848"
"511";"2026-03-14 01:25:00";"21.79";"65.5";"941.26";"3640";"0";"";"";"";"-112";"-1.2999999523162842";"4036";"1773462300836"
"512";"2026-03-14 01:25:10";"21.79";"65.5";"941.24";"3620";"0";"";"";"";"-112";"-1.2999999523162842";"4037";"1773462310842"
"513";"2026-03-14 01:25:20";"21.79";"65.5";"941.26";"3620";"0";"";"";"";"-112";"-1.2999999523162842";"4038";"1773462320850"
"514";"2026-03-14 01:25:30";"21.79";"65.5";"941.24";"3600";"0";"";"";"";"-112";"-1.5";"4039";"1773462330811"
"515";"2026-03-14 01:25:40";"21.79";"65.5";"941.22";"3600";"0";"";"";"";"-112";"-1.5";"4040";"1773462340841"
"516";"2026-03-14 01:25:50";"21.79";"65.5";"941.22";"3620";"0";"";"";"";"-112";"-2.299999952316284";"4041";"1773462350838"
"517";"2026-03-14 01:26:00";"21.79";"65.5";"941.22";"3600";"0";"";"";"";"-111";"-1";"4042";"1773462360842"
"518";"2026-03-14 01:26:10";"21.78";"65.5";"941.24";"3640";"0";"";"";"";"-112";"-2.5";"4043";"1773462370842"
"519";"2026-03-14 01:26:20";"21.78";"65.5";"941.22";"3620";"0";"";"";"";"-111";"-0.5";"4044";"1773462380846"
"520";"2026-03-14 01:26:30";"21.78";"65.5";"941.24";"3620";"0";"";"";"";"-112";"-1.5";"4045";"1773462390838"
"521";"2026-03-14 01:26:40";"21.78";"65.5";"941.2";"3640";"0";"";"";"";"-111";"-0.30000001192092896";"4046";"1773462400847"
"522";"2026-03-14 01:26:50";"21.78";"65.5";"941.24";"3620";"0";"";"";"";"-112";"-2";"4047";"1773462410849"
"523";"2026-03-14 01:27:00";"21.78";"65.5";"941.24";"3600";"0";"";"";"";"-112";"-1.5";"4048";"1773462420845"
"524";"2026-03-14 01:27:10";"21.78";"65.5";"941.2";"3640";"0";"";"";"";"-112";"-2";"4049";"1773462430840"
"525";"2026-03-14 01:27:20";"21.78";"65.5";"941.26";"3620";"0";"";"";"";"-112";"-2.299999952316284";"4050";"1773462440838"
"526";"2026-03-14 01:27:30";"21.78";"65.5";"941.24";"3640";"0";"";"";"";"-111";"-1.2999999523162842";"4051";"1773462450850"
"527";"2026-03-14 01:27:40";"21.78";"65.5";"941.24";"3600";"0";"";"";"";"-111";"-1";"4052";"1773462460852"
"528";"2026-03-14 01:27:50";"21.77";"65.5";"941.22";"3600";"0";"";"";"";"-112";"-3.299999952316284";"4053";"1773462470846"
"529";"2026-03-14 01:28:00";"21.77";"65.5";"941.24";"3640";"0";"";"";"";"-112";"-2.5";"4054";"1773462480839"
"530";"2026-03-14 01:28:10";"21.77";"65.5";"941.2";"3640";"0";"";"";"";"-112";"-1.7999999523162842";"4055";"1773462490835"
"531";"2026-03-14 01:28:20";"21.77";"65.5";"941.24";"3620";"0";"";"";"";"-111";"-0.30000001192092896";"4056";"1773462500835"
"532";"2026-03-14 01:28:30";"21.77";"65.5";"941.24";"3640";"0";"";"";"";"-112";"-2";"4057";"1773462510842"
"533";"2026-03-14 01:28:40";"21.77";"65.5";"941.2";"3620";"0";"";"";"";"-112";"-1.5";"4058";"1773462520849"
"534";"2026-03-14 01:28:50";"21.77";"65.5";"941.24";"3620";"0";"";"";"";"-112";"-1.7999999523162842";"4059";"1773462530846"
"535";"2026-03-14 01:29:00";"21.77";"65.5";"941.24";"3620";"0";"";"";"";"-112";"-1";"4060";"1773462540871"
"536";"2026-03-14 01:29:10";"21.77";"65.5";"941.22";"3620";"0";"";"";"";"-111";"-0.5";"4061";"1773462550842"
"537";"2026-03-14 01:29:20";"21.77";"65.5";"941.24";"3640";"0";"";"";"";"-112";"-1.7999999523162842";"4062";"1773462560850"
"538";"2026-03-14 01:29:30";"21.77";"65.5";"941.22";"3640";"0";"";"";"";"-111";"-0.5";"4063";"1773462570843"
"539";"2026-03-14 01:29:40";"21.77";"65.5";"941.1800000000001";"3640";"0";"";"";"";"-112";"-1";"4064";"1773462580845"
"540";"2026-03-14 01:29:50";"21.76";"65.5";"941.22";"3620";"0";"";"";"";"-112";"-2.299999952316284";"4065";"1773462590845"
"541";"2026-03-14 01:30:00";"21.77";"65.5";"941.24";"3640";"0";"";"";"";"-112";"-1.7999999523162842";"4066";"1773462600849"
"542";"2026-03-14 01:30:10";"21.76";"65.5";"941.2";"3640";"0";"";"";"";"-112";"-2";"4067";"1773462610841"
"543";"2026-03-14 01:30:20";"21.76";"65.5";"941.22";"3620";"0";"";"";"";"-112";"-1.2999999523162842";"4068";"1773462620843"
"544";"2026-03-14 01:30:30";"21.76";"65.5";"941.2";"3620";"0";"";"";"";"-112";"-1.7999999523162842";"4069";"1773462630839"
"545";"2026-03-14 01:30:40";"21.76";"65.5";"941.22";"3620";"0";"";"";"";"-112";"-3.799999952316284";"4070";"1773462640853"
"546";"2026-03-14 01:30:50";"21.76";"65.5";"941.22";"3640";"0";"";"";"";"-112";"-1.7999999523162842";"4071";"1773462650837"
"547";"2026-03-14 01:31:00";"21.75";"65.5";"941.1800000000001";"3620";"0";"";"";"";"-111";"-1.5";"4072";"1773462660843"
"548";"2026-03-14 01:31:10";"21.76";"65.5";"941.22";"3600";"0";"";"";"";"-112";"-1.2999999523162842";"4073";"1773462670841"
"549";"2026-03-14 01:31:20";"21.76";"65.5";"941.24";"3620";"0";"";"";"";"-111";"-1";"4074";"1773462680849"
"550";"2026-03-14 01:31:30";"21.76";"65.5";"941.22";"3600";"0";"";"";"";"-112";"-3";"4075";"1773462690838"
"551";"2026-03-14 01:31:40";"21.75";"65.5";"941.2";"3600";"0";"";"";"";"-112";"-2.5";"4076";"1773462700820"
"552";"2026-03-14 01:31:50";"21.75";"65.5";"941.1800000000001";"3620";"0";"";"";"";"-112";"-2";"4077";"1773462710849"
"553";"2026-03-14 01:32:00";"21.75";"65.5";"941.1800000000001";"3600";"0";"";"";"";"-112";"-3.299999952316284";"4078";"1773462720838"
"554";"2026-03-14 01:32:10";"21.75";"65.5";"941.1800000000001";"3640";"0";"";"";"";"-112";"-1.5";"4079";"1773462730839"
"555";"2026-03-14 01:32:20";"21.75";"65.5";"941.1800000000001";"3620";"0";"";"";"";"-112";"-2.799999952316284";"4080";"1773462740857"
"556";"2026-03-14 01:32:30";"21.75";"65.5";"941.2";"3620";"0";"";"";"";"-112";"-2.299999952316284";"4081";"1773462750838"
"557";"2026-03-14 01:32:40";"21.75";"65.5";"941.2";"3640";"0";"";"";"";"-112";"-3";"4082";"1773462760850"
"558";"2026-03-14 01:32:50";"21.75";"65.5";"941.16";"3640";"0";"";"";"";"-112";"-2.5";"4083";"1773462770858"
"559";"2026-03-14 01:33:00";"21.75";"65.5";"941.1800000000001";"3640";"0";"";"";"";"-112";"-3";"4084";"1773462780839"
"560";"2026-03-14 01:33:10";"21.75";"65.5";"941.1800000000001";"3620";"0";"";"";"";"-112";"-2";"4085";"1773462790845"
"561";"2026-03-14 01:33:20";"21.75";"65.5";"941.2";"3640";"0";"";"";"";"-112";"-2.5";"4086";"1773462800847"
"562";"2026-03-14 01:33:30";"21.75";"65.5";"941.2";"3640";"0";"";"";"";"-112";"-2";"4087";"1773462810841"
"563";"2026-03-14 01:33:40";"21.75";"65.5";"941.1800000000001";"3640";"0";"";"";"";"-112";"-2.799999952316284";"4088";"1773462820848"
"564";"2026-03-14 01:33:50";"21.76";"65.5";"941.1800000000001";"3620";"0";"";"";"";"-112";"-1.5";"4089";"1773462830837"
"565";"2026-03-14 01:34:00";"21.75";"65.5";"941.1800000000001";"3620";"0";"";"";"";"-112";"-1";"4090";"1773462840847"
"566";"2026-03-14 01:34:10";"21.75";"65.5";"941.1800000000001";"3640";"0";"";"";"";"-112";"-2.299999952316284";"4091";"1773462850841"
"567";"2026-03-14 01:34:20";"21.75";"65.5";"941.16";"3640";"0";"";"";"";"-112";"-1.7999999523162842";"4092";"1773462860816"
"568";"2026-03-14 01:34:30";"21.75";"65.5";"941.14";"3620";"0";"";"";"";"-112";"-3";"4093";"1773462870858"
"569";"2026-03-14 01:34:40";"21.75";"65.5";"941.1800000000001";"3600";"0";"";"";"";"-112";"-3.299999952316284";"4094";"1773462880878"
"570";"2026-03-14 01:34:50";"21.75";"65.5";"941.1800000000001";"3620";"0";"";"";"";"-112";"-2";"4095";"1773462890845"
"571";"2026-03-14 01:35:00";"21.74";"65.5";"941.16";"3600";"0";"";"";"";"-112";"-2.799999952316284";"4096";"1773462900848"
"572";"2026-03-14 01:35:10";"21.75";"65.5";"941.16";"3620";"0";"";"";"";"-112";"-2.5";"4097";"1773462910833"
"573";"2026-03-14 01:35:20";"21.75";"65.5";"941.1";"3600";"0";"";"";"";"-112";"-3";"4098";"1773462920845"
"574";"2026-03-14 01:35:30";"21.75";"65.5";"941.14";"3640";"0";"";"";"";"-112";"-2.5";"4099";"1773462930840"
"575";"2026-03-14 01:35:40";"21.75";"65.5";"941.16";"3600";"0";"";"";"";"-112";"-2.299999952316284";"4100";"1773462940809"
"576";"2026-03-14 01:35:50";"21.75";"65.5";"941.16";"3640";"0";"";"";"";"-112";"-2";"4101";"1773462950835"
"577";"2026-03-14 01:36:00";"21.75";"65.5";"941.16";"3640";"0";"";"";"";"-112";"-3";"4102";"1773462960844"
"578";"2026-03-14 01:36:10";"21.75";"65.5";"941.16";"3600";"0";"";"";"";"-112";"-3.5";"4103";"1773462970813"
"579";"2026-03-14 01:36:20";"21.75";"65.5";"941.1800000000001";"3640";"0";"";"";"";"-112";"-3.299999952316284";"4104";"1773462980844"
"580";"2026-03-14 01:36:30";"21.76";"65.5";"941.14";"3600";"0";"";"";"";"-112";"-1.7999999523162842";"4105";"1773462990843"
"581";"2026-03-14 01:36:40";"21.75";"65.5";"941.1";"3620";"0";"";"";"";"-112";"-3";"4106";"1773463000815"
"582";"2026-03-14 01:36:50";"21.75";"65.5";"941.12";"3640";"0";"";"";"";"-112";"-2.299999952316284";"4107";"1773463010842"
"583";"2026-03-14 01:37:00";"21.75";"65.5";"941.12";"3620";"0";"";"";"";"-112";"-1.2999999523162842";"4108";"1773463020847"
"584";"2026-03-14 01:37:10";"21.75";"65.5";"941.14";"3600";"0";"";"";"";"-112";"-1.7999999523162842";"4109";"1773463030876"
"585";"2026-03-14 01:37:20";"21.75";"65.5";"941.14";"3620";"0";"";"";"";"-112";"-2.5";"4110";"1773463040846"
"586";"2026-03-14 01:37:30";"21.75";"65.5";"941.12";"3640";"0";"";"";"";"-112";"-2.799999952316284";"4111";"1773463050844"
"587";"2026-03-14 01:37:40";"21.75";"65.5";"941.12";"3600";"0";"";"";"";"-112";"-2.299999952316284";"4112";"1773463060823"
"588";"2026-03-14 01:37:50";"21.76";"65.5";"941.12";"3600";"0";"";"";"";"-112";"-2.5";"4113";"1773463070848"
"589";"2026-03-14 01:38:00";"21.76";"65.5";"941.12";"3620";"0";"";"";"";"-112";"-2.799999952316284";"4114";"1773463080841"
"590";"2026-03-14 01:38:10";"21.76";"65.5";"941.12";"3640";"0";"";"";"";"-112";"-2.5";"4115";"1773463090833"
"591";"2026-03-14 01:38:20";"21.76";"65.5";"941.16";"3640";"0";"";"";"";"-112";"-2.5";"4116";"1773463100830"
"592";"2026-03-14 01:38:30";"21.76";"65.5";"941.12";"3640";"0";"";"";"";"-112";"-2";"4117";"1773463110852"
"593";"2026-03-14 01:38:40";"21.76";"65.5";"941.14";"3620";"0";"";"";"";"-112";"-2.5";"4118";"1773463120842"
"594";"2026-03-14 01:38:50";"21.76";"65.5";"941.1";"3640";"0";"";"";"";"-112";"-2.5";"4119";"1773463130805"
"595";"2026-03-14 01:39:00";"21.76";"65.5";"941.12";"3620";"0";"";"";"";"-112";"-2";"4120";"1773463140846"
"596";"2026-03-14 01:39:10";"21.76";"65.5";"941.1";"3620";"0";"";"";"";"-112";"-1.7999999523162842";"4121";"1773463150843"
"597";"2026-03-14 01:39:20";"21.76";"65.5";"941.1";"3600";"0";"";"";"";"-112";"-1.5";"4122";"1773463160847"
"598";"2026-03-14 01:39:30";"21.77";"65";"941.14";"3640";"0";"";"";"";"-112";"-3";"4123";"1773463170843"
"599";"2026-03-14 01:39:40";"21.76";"65.5";"941.14";"3640";"0";"";"";"";"-113";"-1.7999999523162842";"4124";"1773463180832"
"600";"2026-03-14 01:39:50";"21.77";"65.5";"941.12";"3640";"0";"";"";"";"-113";"-2.5";"4125";"1773463190853"
"601";"2026-03-14 01:40:00";"21.77";"65.5";"941.14";"3620";"0";"";"";"";"-113";"-2.299999952316284";"4126";"1773463200842"
"602";"2026-03-14 01:40:10";"21.76";"65.5";"941.14";"3600";"0";"";"";"";"-113";"-1.7999999523162842";"4127";"1773463210832"
"603";"2026-03-14 01:40:20";"21.76";"65.5";"941.14";"3620";"0";"";"";"";"-113";"-2.299999952316284";"4128";"1773463220840"
"604";"2026-03-14 01:40:30";"21.77";"65.5";"941.12";"3640";"0";"";"";"";"-113";"-2.799999952316284";"4129";"1773463230840"
"605";"2026-03-14 01:40:40";"21.77";"65.5";"941.14";"3600";"0";"";"";"";"-113";"-2.299999952316284";"4130";"1773463240830"
"606";"2026-03-14 01:40:50";"21.77";"65.5";"941.14";"3640";"0";"";"";"";"-113";"-2.299999952316284";"4131";"1773463250836"
"607";"2026-03-14 01:41:00";"21.77";"65.5";"941.14";"3640";"0";"";"";"";"-112";"-2";"4132";"1773463260842"
"608";"2026-03-14 01:41:10";"21.77";"65.5";"941.14";"3640";"0";"";"";"";"-112";"-2.299999952316284";"4133";"1773463270819"
"609";"2026-03-14 01:41:20";"21.77";"65.5";"941.14";"3620";"0";"";"";"";"-112";"-2.5";"4134";"1773463280839"
"610";"2026-03-14 01:41:30";"21.77";"65.5";"941.12";"3640";"0";"";"";"";"-113";"-1.7999999523162842";"4135";"1773463290841"
"611";"2026-03-14 01:41:40";"21.77";"65";"941.14";"3620";"0";"";"";"";"-113";"-1.2999999523162842";"4136";"1773463300832"
"612";"2026-03-14 01:41:50";"21.77";"65.5";"941.12";"3640";"0";"";"";"";"-112";"-1.7999999523162842";"4137";"1773463310837"
"613";"2026-03-14 01:42:00";"21.77";"65.5";"941.12";"3640";"0";"";"";"";"-112";"-2.5";"4138";"1773463320840"
"614";"2026-03-14 01:42:10";"21.78";"65.5";"941.12";"3640";"0";"";"";"";"-112";"-3";"4139";"1773463330836"
"615";"2026-03-14 01:42:20";"21.77";"65.5";"941.12";"3600";"0";"";"";"";"-112";"-2.299999952316284";"4140";"1773463340839"
"616";"2026-03-14 01:42:30";"21.77";"65";"941.12";"3620";"0";"";"";"";"-112";"-2.299999952316284";"4141";"1773463350840"
"617";"2026-03-14 01:42:40";"21.77";"65.5";"941.14";"3600";"0";"";"";"";"-111";"-1";"4142";"1773463360844"
"618";"2026-03-14 01:42:50";"21.77";"65";"941.12";"3620";"0";"";"";"";"-113";"-2.5";"4143";"1773463370833"
"619";"2026-03-14 01:43:00";"21.77";"65.5";"941.12";"3640";"0";"";"";"";"-113";"-2";"4144";"1773463380836"
"620";"2026-03-14 01:43:10";"21.77";"65.5";"941.12";"3640";"0";"";"";"";"-113";"-3.299999952316284";"4145";"1773463390837"
"621";"2026-03-14 01:43:20";"21.77";"65";"941.1";"3620";"0";"";"";"";"-113";"-2.299999952316284";"4146";"1773463400836"
"622";"2026-03-14 01:43:30";"21.77";"65";"941.12";"3620";"0";"";"";"";"-113";"-2.5";"4147";"1773463410848"
"623";"2026-03-14 01:43:40";"21.77";"65.5";"941.08";"3640";"0";"";"";"";"-113";"-2";"4148";"1773463420844"
"624";"2026-03-14 01:43:50";"21.78";"65.5";"941.1";"3640";"0";"";"";"";"-113";"-2.799999952316284";"4149";"1773463430846"
"625";"2026-03-14 01:44:00";"21.77";"65";"941.1";"3600";"0";"";"";"";"-113";"-2.299999952316284";"4150";"1773463440838"
"626";"2026-03-14 01:44:10";"21.77";"65.5";"941.1";"3640";"0";"";"";"";"-113";"-2.5";"4151";"1773463450837"
"627";"2026-03-14 01:44:20";"21.78";"65";"941.12";"3600";"0";"";"";"";"-113";"-2";"4152";"1773463460841"
"628";"2026-03-14 01:44:30";"21.77";"65";"941.1";"3600";"0";"";"";"";"-113";"-1.5";"4153";"1773463470838"
"629";"2026-03-14 01:44:40";"21.77";"65.5";"941.08";"3640";"0";"";"";"";"-113";"-2.799999952316284";"4154";"1773463480856"
"630";"2026-03-14 01:44:50";"21.77";"65";"941.12";"3600";"0";"";"";"";"-113";"-2.299999952316284";"4155";"1773463490841"
"631";"2026-03-14 01:45:00";"21.77";"65";"941.12";"3620";"0";"";"";"";"-113";"-2.299999952316284";"4156";"1773463500838"
"632";"2026-03-14 01:45:10";"21.77";"65";"941.08";"3640";"0";"";"";"";"-113";"-1.7999999523162842";"4157";"1773463510864"
"633";"2026-03-14 01:45:20";"21.77";"65.5";"941.1";"3600";"0";"";"";"";"-113";"-2";"4158";"1773463520844"
"634";"2026-03-14 01:45:30";"21.77";"65";"941.12";"3600";"0";"";"";"";"-113";"-2.299999952316284";"4159";"1773463530837"
"635";"2026-03-14 01:45:40";"21.78";"65";"941.12";"3620";"0";"";"";"";"-113";"-3";"4160";"1773463540849"
"636";"2026-03-14 01:45:50";"21.77";"65";"941.08";"3600";"0";"";"";"";"-113";"-2.799999952316284";"4161";"1773463550839"
"637";"2026-03-14 01:46:00";"21.77";"65.5";"941.08";"3600";"0";"";"";"";"-113";"-2";"4162";"1773463560847"
"638";"2026-03-14 01:46:10";"21.77";"65";"941.1";"3600";"0";"";"";"";"-113";"-2";"4163";"1773463570807"
"639";"2026-03-14 01:46:20";"21.77";"65.5";"941.1";"3620";"0";"";"";"";"-113";"-2";"4164";"1773463580844"
"640";"2026-03-14 01:46:30";"21.77";"65";"941.08";"3640";"0";"";"";"";"-113";"-2.799999952316284";"4165";"1773463590840"
"641";"2026-03-14 01:46:40";"21.77";"65";"941.08";"3620";"0";"";"";"";"-113";"-2.799999952316284";"4166";"1773463600818"
"642";"2026-03-14 01:46:50";"21.77";"65";"941.1";"3620";"0";"";"";"";"-113";"-2";"4167";"1773463610844"
"643";"2026-03-14 01:47:00";"21.77";"65";"941.1";"3620";"0";"";"";"";"-113";"-2.299999952316284";"4168";"1773463620836"
"644";"2026-03-14 01:47:10";"21.77";"65";"941.0600000000001";"3620";"0";"";"";"";"-113";"-2";"4169";"1773463630810"
"645";"2026-03-14 01:47:20";"21.77";"65";"941.0600000000001";"3620";"0";"";"";"";"-113";"-2.299999952316284";"4170";"1773463640831"
"646";"2026-03-14 01:47:30";"21.77";"65";"941.08";"3600";"0";"";"";"";"-113";"-2";"4171";"1773463650837"
"647";"2026-03-14 01:47:40";"21.77";"65";"941.08";"3640";"0";"";"";"";"-113";"-2.799999952316284";"4172";"1773463660813"
"648";"2026-03-14 01:47:50";"21.77";"65";"941.1";"3620";"0";"";"";"";"-113";"-2.5";"4173";"1773463670847"
"649";"2026-03-14 01:48:00";"21.77";"65.5";"941.08";"3600";"0";"";"";"";"-113";"-1.7999999523162842";"4174";"1773463680841"
"650";"2026-03-14 01:48:10";"21.77";"65.5";"941.1";"3640";"0";"";"";"";"-113";"-2";"4175";"1773463690817"
"651";"2026-03-14 01:48:20";"21.77";"65.5";"941.0600000000001";"3640";"0";"";"";"";"-113";"-2.5";"4176";"1773463700842"
"652";"2026-03-14 01:48:30";"21.78";"65";"941.08";"3600";"0";"";"";"";"-113";"-1.7999999523162842";"4177";"1773463710845"
"653";"2026-03-14 01:48:40";"21.77";"65";"941.0600000000001";"3640";"0";"";"";"";"-113";"-1.5";"4178";"1773463720843"
"654";"2026-03-14 01:48:50";"21.77";"65.5";"941.0600000000001";"3640";"0";"";"";"";"-113";"-2.299999952316284";"4179";"1773463730833"
"655";"2026-03-14 01:49:00";"21.77";"65";"941.08";"3640";"0";"";"";"";"-113";"-1.5";"4180";"1773463740835"
"656";"2026-03-14 01:49:10";"21.77";"65.5";"941.0600000000001";"3620";"0";"";"";"";"-113";"-2";"4181";"1773463750831"
"657";"2026-03-14 01:49:20";"21.77";"65";"941.0600000000001";"3640";"0";"";"";"";"-113";"-2.5";"4182";"1773463760839"
"658";"2026-03-14 01:49:30";"21.77";"65";"941.0600000000001";"3600";"0";"";"";"";"-113";"-2.299999952316284";"4183";"1773463770841"
"659";"2026-03-14 01:49:40";"21.77";"65";"941.08";"3600";"0";"";"";"";"-113";"-2";"4184";"1773463780835"
"660";"2026-03-14 01:49:50";"21.77";"65";"941.08";"3640";"0";"";"";"";"-113";"-2.299999952316284";"4185";"1773463790841"
"661";"2026-03-14 01:50:00";"21.77";"65";"941.08";"3620";"0";"";"";"";"-113";"-3.5";"4186";"1773463800842"
"662";"2026-03-14 01:50:10";"21.77";"65";"941.08";"3620";"0";"";"";"";"-113";"-2.5";"4187";"1773463810836"
"663";"2026-03-14 01:50:20";"21.77";"65";"941.12";"3640";"0";"";"";"";"-113";"-2.799999952316284";"4188";"1773463820845"
"664";"2026-03-14 01:50:30";"21.77";"65";"941.1";"3620";"0";"";"";"";"-113";"-2.5";"4189";"1773463830836"
"665";"2026-03-14 01:50:40";"21.77";"65";"941.1";"3640";"0";"";"";"";"-113";"-2";"4190";"1773463840808"
"666";"2026-03-14 01:50:50";"21.77";"65";"941.12";"3640";"0";"";"";"";"-113";"-2.299999952316284";"4191";"1773463850833"
"667";"2026-03-14 01:51:00";"21.77";"65";"941.1";"3620";"0";"";"";"";"-113";"-2";"4192";"1773463860839"
"668";"2026-03-14 01:51:10";"21.77";"65";"941.0600000000001";"3640";"0";"";"";"";"-113";"-2";"4193";"1773463870833"
"669";"2026-03-14 01:51:20";"21.77";"65";"941.08";"3620";"0";"";"";"";"-113";"-2";"4194";"1773463880839"
"670";"2026-03-14 01:51:30";"21.77";"65";"941.12";"3600";"0";"";"";"";"-113";"-2";"4195";"1773463890844"
"671";"2026-03-14 01:51:40";"21.77";"65";"941.1";"3600";"0";"";"";"";"-113";"-2.299999952316284";"4196";"1773463900837"
"672";"2026-03-14 01:51:50";"21.77";"65";"941.12";"3600";"0";"";"";"";"-113";"-1.7999999523162842";"4197";"1773463910844"
"673";"2026-03-14 01:52:00";"21.77";"65";"941.0600000000001";"3620";"0";"";"";"";"-113";"-2.299999952316284";"4198";"1773463920841"
"674";"2026-03-14 01:52:10";"21.77";"65";"941.12";"3640";"0";"";"";"";"-113";"-2.5";"4199";"1773463930839"
"675";"2026-03-14 01:52:20";"21.77";"65";"941.08";"3640";"0";"";"";"";"-113";"-2.299999952316284";"4200";"1773463940840"
"676";"2026-03-14 01:52:30";"21.77";"65";"941.1";"3600";"0";"";"";"";"-113";"-2.5";"4201";"1773463950840"
"677";"2026-03-14 01:52:40";"21.77";"65";"941.08";"3640";"0";"";"";"";"-113";"-1.7999999523162842";"4202";"1773463960834"
"678";"2026-03-14 01:52:50";"21.77";"65";"941.0600000000001";"3600";"0";"";"";"";"-113";"-2";"4203";"1773463970833"
"679";"2026-03-14 01:53:00";"21.77";"65";"941.0600000000001";"3640";"0";"";"";"";"-113";"-2.5";"4204";"1773463980834"
"680";"2026-03-14 01:53:10";"21.77";"65";"941.0600000000001";"3640";"0";"";"";"";"-113";"-2.299999952316284";"4205";"1773463990847"
"681";"2026-03-14 01:53:20";"21.77";"65";"941.0600000000001";"3600";"0";"";"";"";"-113";"-2.299999952316284";"4206";"1773464000835"
"682";"2026-03-14 01:53:30";"21.77";"65";"941.1";"3620";"0";"";"";"";"-113";"-1.7999999523162842";"4207";"1773464010843"
"683";"2026-03-14 01:53:40";"21.77";"65";"941.0600000000001";"3600";"0";"";"";"";"-113";"-2.5";"4208";"1773464020842"
"684";"2026-03-14 01:53:50";"21.77";"65";"941.08";"3620";"0";"";"";"";"-113";"-2.5";"4209";"1773464030837"
"685";"2026-03-14 01:54:00";"21.77";"65";"941.1";"3620";"0";"";"";"";"-113";"-2.799999952316284";"4210";"1773464040840"
"686";"2026-03-14 01:54:10";"21.77";"65";"941.0600000000001";"3620";"0";"";"";"";"-113";"-1.7999999523162842";"4211";"1773464050807"
"687";"2026-03-14 01:54:20";"21.77";"65";"941.08";"3600";"0";"";"";"";"-113";"-2";"4212";"1773464060845"
"688";"2026-03-14 01:54:30";"21.77";"65";"941.0600000000001";"3620";"0";"";"";"";"-113";"-1.7999999523162842";"4213";"1773464070840"
"689";"2026-03-14 01:54:40";"21.77";"65";"941.08";"3640";"0";"";"";"";"-113";"-1.5";"4214";"1773464080832"
"690";"2026-03-14 01:54:50";"21.77";"65";"941.08";"3620";"0";"";"";"";"-113";"-2";"4215";"1773464090828"
"691";"2026-03-14 01:55:00";"21.77";"65";"941.0600000000001";"3620";"0";"";"";"";"-113";"-2.299999952316284";"4216";"1773464100842"
"692";"2026-03-14 01:55:10";"21.77";"65";"941.0600000000001";"3620";"0";"";"";"";"-113";"-2.5";"4217";"1773464110800"
"693";"2026-03-14 01:55:20";"21.77";"65";"941.0600000000001";"3640";"0";"";"";"";"-113";"-3";"4218";"1773464120841"
"694";"2026-03-14 01:55:30";"21.77";"65";"941.0600000000001";"3600";"0";"";"";"";"-113";"-2.299999952316284";"4219";"1773464130816"
"695";"2026-03-14 01:55:40";"21.77";"65";"941.0600000000001";"3620";"0";"";"";"";"-113";"-1.5";"4220";"1773464140811"
"696";"2026-03-14 01:55:50";"21.77";"65";"941.08";"3640";"0";"";"";"";"-113";"-1.7999999523162842";"4221";"1773464150840"
"697";"2026-03-14 01:56:00";"21.77";"65";"941.0600000000001";"3640";"0";"";"";"";"-113";"-2";"4222";"1773464160830"
"698";"2026-03-14 01:56:10";"21.77";"65";"941.04";"3640";"0";"";"";"";"-113";"-2.299999952316284";"4223";"1773464170814"
"699";"2026-03-14 01:56:20";"21.77";"65";"941.04";"3600";"0";"";"";"";"-113";"-2.799999952316284";"4224";"1773464180844"
"700";"2026-03-14 01:56:30";"21.77";"65";"941.0600000000001";"3620";"0";"";"";"";"-113";"-2.299999952316284";"4225";"1773464190839"
"701";"2026-03-14 01:56:40";"21.77";"65";"941.0600000000001";"3620";"0";"";"";"";"-113";"-1.7999999523162842";"4226";"1773464200835"
"702";"2026-03-14 01:56:50";"21.77";"65";"941.02";"3640";"0";"";"";"";"-113";"-2";"4227";"1773464210842"
"703";"2026-03-14 01:57:00";"21.77";"65";"941.02";"3600";"0";"";"";"";"-113";"-1.5";"4228";"1773464220830"
"704";"2026-03-14 01:57:10";"21.77";"65";"941.0600000000001";"3640";"0";"";"";"";"-113";"-1.7999999523162842";"4229";"1773464230812"
"705";"2026-03-14 01:57:20";"21.76";"65";"941.02";"3620";"0";"";"";"";"-113";"-2";"4230";"1773464240835"
"706";"2026-03-14 01:57:30";"21.77";"65";"941.02";"3620";"0";"";"";"";"-113";"-1.7999999523162842";"4231";"1773464250836"
"707";"2026-03-14 01:57:40";"21.77";"65";"941.02";"3600";"0";"";"";"";"-113";"-2";"4232";"1773464260837"
"708";"2026-03-14 01:57:50";"21.77";"65";"941.02";"3640";"0";"";"";"";"-113";"-1.5";"4233";"1773464270843"
"709";"2026-03-14 01:58:00";"21.76";"65";"941.02";"3640";"0";"";"";"";"-113";"-3.5";"4234";"1773464280837"
"710";"2026-03-14 01:58:10";"21.76";"65";"941.04";"3620";"0";"";"";"";"-113";"-2.5";"4235";"1773464290831"
"711";"2026-03-14 01:58:20";"21.76";"65";"941.04";"3620";"0";"";"";"";"-113";"-2";"4236";"1773464300831"
"712";"2026-03-14 01:58:30";"21.76";"65";"941.04";"3640";"0";"";"";"";"-113";"-2";"4237";"1773464310831"
"713";"2026-03-14 01:58:40";"21.76";"65";"941.04";"3640";"0";"";"";"";"-113";"-1.7999999523162842";"4238";"1773464320803"
"714";"2026-03-14 01:58:50";"21.76";"65";"941";"3620";"0";"";"";"";"-113";"-2.299999952316284";"4239";"1773464330871"
"715";"2026-03-14 01:59:00";"21.76";"65";"941.02";"3640";"0";"";"";"";"-113";"-2.299999952316284";"4240";"1773464340829"
"716";"2026-03-14 01:59:10";"21.76";"65";"941.04";"3600";"0";"";"";"";"-113";"-2.799999952316284";"4241";"1773464350836"
"717";"2026-03-14 01:59:20";"21.76";"65";"941.02";"3620";"0";"";"";"";"-113";"-2.5";"4242";"1773464360833"
"718";"2026-03-14 01:59:30";"21.75";"65";"941";"3600";"0";"";"";"";"-113";"-1.7999999523162842";"4243";"1773464370831"
"719";"2026-03-14 01:59:40";"21.76";"65";"941.04";"3640";"0";"";"";"";"-113";"-2";"4244";"1773464380841"
"720";"2026-03-14 01:59:50";"21.76";"65.5";"941.04";"3600";"0";"";"";"";"-113";"-2.299999952316284";"4245";"1773464390841"
"721";"2026-03-14 02:00:00";"21.76";"65";"941";"3640";"0";"";"";"";"-113";"-2.299999952316284";"4246";"1773464400845"
"722";"2026-03-14 02:00:10";"21.76";"65";"940.98";"3620";"0";"";"";"";"-113";"-2.5";"4247";"1773464410833"
"723";"2026-03-14 02:00:20";"21.76";"65";"940.98";"3600";"0";"";"";"";"-113";"-2.299999952316284";"4248";"1773464420847"
"724";"2026-03-14 02:00:30";"21.76";"65";"941";"3640";"0";"";"";"";"-113";"-2.799999952316284";"4249";"1773464430841"
"725";"2026-03-14 02:00:40";"21.76";"65";"940.98";"3640";"0";"";"";"";"-113";"-2.5";"4250";"1773464440841"
"726";"2026-03-14 02:00:50";"21.75";"65";"941.02";"3640";"0";"";"";"";"-113";"-3";"4251";"1773464450844"
"727";"2026-03-14 02:01:00";"21.76";"65";"941.02";"3620";"0";"";"";"";"-113";"-2.5";"4252";"1773464460828"
"728";"2026-03-14 02:01:10";"21.76";"65";"941";"3640";"0";"";"";"";"-113";"-2.5";"4253";"1773464470836"
"729";"2026-03-14 02:01:20";"21.76";"65";"941.04";"3600";"0";"";"";"";"-113";"-2.299999952316284";"4254";"1773464480832"
"730";"2026-03-14 02:01:30";"21.76";"65.5";"940.98";"3640";"0";"";"";"";"-113";"-1.7999999523162842";"4255";"1773464490841"
"731";"2026-03-14 02:01:40";"21.75";"65.5";"941";"3620";"0";"";"";"";"-113";"-2.299999952316284";"4256";"1773464500833"
"732";"2026-03-14 02:01:50";"21.76";"65";"941";"3620";"0";"";"";"";"-113";"-2.299999952316284";"4257";"1773464510839"
"733";"2026-03-14 02:02:00";"21.75";"65";"941";"3600";"0";"";"";"";"-113";"-2.799999952316284";"4258";"1773464520839"
"734";"2026-03-14 02:02:10";"21.76";"65";"940.98";"3640";"0";"";"";"";"-113";"-2";"4259";"1773464530838"
"735";"2026-03-14 02:02:20";"21.76";"65";"941.02";"3620";"0";"";"";"";"-113";"-1.7999999523162842";"4260";"1773464540829"
"736";"2026-03-14 02:02:30";"21.75";"65";"941";"3620";"0";"";"";"";"-113";"-3";"4261";"1773464550835"
"737";"2026-03-14 02:02:40";"21.75";"65";"940.98";"3600";"0";"";"";"";"-113";"-2.5";"4262";"1773464560872"
"738";"2026-03-14 02:02:50";"21.76";"65";"941";"3620";"0";"";"";"";"-113";"-2";"4263";"1773464570831"
"739";"2026-03-14 02:03:00";"21.76";"65";"941.02";"3640";"0";"";"";"";"-113";"-3";"4264";"1773464580827"
"740";"2026-03-14 02:03:10";"21.76";"65";"940.98";"3620";"0";"";"";"";"-113";"-2.5";"4265";"1773464590816"
"741";"2026-03-14 02:03:20";"21.75";"65.5";"940.96";"3640";"0";"";"";"";"-113";"-2.5";"4266";"1773464600829"
"742";"2026-03-14 02:03:30";"21.76";"65";"941";"3620";"0";"";"";"";"-113";"-2.299999952316284";"4267";"1773464610836"
"743";"2026-03-14 02:03:40";"21.76";"65";"940.98";"3620";"0";"";"";"";"-113";"-2.799999952316284";"4268";"1773464620842"
"744";"2026-03-14 02:03:50";"21.76";"65";"940.96";"3600";"0";"";"";"";"-113";"-2.799999952316284";"4269";"1773464630830"
"745";"2026-03-14 02:04:00";"21.76";"65";"941";"3600";"0";"";"";"";"-113";"-2.799999952316284";"4270";"1773464640824"
"746";"2026-03-14 02:04:10";"21.76";"65";"940.94";"3620";"0";"";"";"";"-113";"-3.299999952316284";"4271";"1773464650808"
"747";"2026-03-14 02:04:20";"21.76";"65";"940.96";"3620";"0";"";"";"";"-113";"-2.799999952316284";"4272";"1773464660844"
"748";"2026-03-14 02:04:30";"21.76";"65";"940.98";"3620";"0";"";"";"";"-113";"-2.5";"4273";"1773464670834"
"749";"2026-03-14 02:04:40";"21.76";"65";"940.96";"3620";"0";"";"";"";"-113";"-2";"4274";"1773464680838"
"750";"2026-03-14 02:04:50";"21.76";"65";"940.94";"3600";"0";"";"";"";"-113";"-1.7999999523162842";"4275";"1773464690843"
"751";"2026-03-14 02:05:00";"21.75";"65";"940.98";"3620";"0";"";"";"";"-113";"-2.799999952316284";"4276";"1773464700807"
"752";"2026-03-14 02:05:10";"21.76";"65";"941";"3640";"0";"";"";"";"-113";"-2.5";"4277";"1773464710805"
"753";"2026-03-14 02:05:20";"21.76";"65";"940.98";"3600";"0";"";"";"";"-113";"-2.5";"4278";"1773464720831"
"754";"2026-03-14 02:05:30";"21.75";"65";"940.96";"3640";"0";"";"";"";"-113";"-2.299999952316284";"4279";"1773464730843"
"755";"2026-03-14 02:05:40";"21.76";"65";"940.96";"3640";"0";"";"";"";"-113";"-2";"4280";"1773464740839"
"756";"2026-03-14 02:05:50";"21.76";"65";"940.98";"3620";"0";"";"";"";"-113";"-2";"4281";"1773464750840"
"757";"2026-03-14 02:06:00";"21.76";"65";"940.96";"3600";"0";"";"";"";"-113";"-2";"4282";"1773464760841"
"758";"2026-03-14 02:06:10";"21.76";"65";"940.96";"3640";"0";"";"";"";"-113";"-2.299999952316284";"4283";"1773464770832"
"759";"2026-03-14 02:06:20";"21.76";"65";"940.98";"3600";"0";"";"";"";"-113";"-1.2999999523162842";"4284";"1773464780828"
"760";"2026-03-14 02:06:30";"21.76";"65";"941";"3640";"0";"";"";"";"-113";"-2";"4285";"1773464790834"
"761";"2026-03-14 02:06:40";"21.76";"65";"940.98";"3620";"0";"";"";"";"-113";"-1.7999999523162842";"4286";"1773464800839"
"762";"2026-03-14 02:06:50";"21.76";"65";"940.98";"3600";"0";"";"";"";"-113";"-2";"4287";"1773464810837"
"763";"2026-03-14 02:07:00";"21.76";"65";"941";"3640";"0";"";"";"";"-113";"-1.5";"4288";"1773464820830"
"764";"2026-03-14 02:07:10";"21.75";"65";"940.98";"3640";"0";"";"";"";"-113";"-1.7999999523162842";"4289";"1773464830841"
"765";"2026-03-14 02:07:20";"21.76";"65";"941";"3600";"0";"";"";"";"-113";"-1.7999999523162842";"4290";"1773464840826"
"766";"2026-03-14 02:07:30";"21.76";"65";"941";"3600";"0";"";"";"";"-113";"-1.7999999523162842";"4291";"1773464850835"
"767";"2026-03-14 02:07:40";"21.76";"65";"940.98";"3600";"0";"";"";"";"-113";"-1.5";"4292";"1773464860834"
"768";"2026-03-14 02:07:50";"21.76";"65";"941";"3600";"0";"";"";"";"-113";"-1.5";"4293";"1773464870842"
"769";"2026-03-14 02:08:00";"21.76";"65";"941";"3640";"0";"";"";"";"-113";"-1.5";"4294";"1773464880836"
"770";"2026-03-14 02:08:10";"21.76";"65";"940.98";"3620";"0";"";"";"";"-113";"-1.7999999523162842";"4295";"1773464890829"
"771";"2026-03-14 02:08:20";"21.76";"65";"940.98";"3600";"0";"";"";"";"-113";"-2.5";"4296";"1773464900834"
"772";"2026-03-14 02:08:30";"21.76";"65";"941.02";"3640";"0";"";"";"";"-113";"-3.5";"4297";"1773464910831"
"773";"2026-03-14 02:08:40";"21.76";"65";"940.96";"3620";"0";"";"";"";"-113";"-1.7999999523162842";"4298";"1773464920840"
"774";"2026-03-14 02:08:50";"21.76";"65";"940.96";"3620";"0";"";"";"";"-113";"-2.299999952316284";"4299";"1773464930835"
"775";"2026-03-14 02:09:00";"21.76";"65";"941";"3620";"0";"";"";"";"-112";"-1.7999999523162842";"4300";"1773464940830"
"776";"2026-03-14 02:09:10";"21.75";"65";"940.98";"3620";"0";"";"";"";"-113";"-1.7999999523162842";"4301";"1773464950830"
"777";"2026-03-14 02:09:20";"21.75";"65";"940.96";"3600";"0";"";"";"";"-113";"-2";"4302";"1773464960842"
"778";"2026-03-14 02:09:30";"21.75";"65";"940.98";"3600";"0";"";"";"";"-113";"-2.299999952316284";"4303";"1773464970840"
"779";"2026-03-14 02:09:40";"21.76";"65";"940.94";"3620";"0";"";"";"";"-113";"-1.7999999523162842";"4304";"1773464980835"
"780";"2026-03-14 02:09:50";"21.76";"65";"940.98";"3600";"0";"";"";"";"-113";"-1.7999999523162842";"4305";"1773464990829"
"781";"2026-03-14 02:10:00";"21.76";"65";"940.98";"3600";"0";"";"";"";"-113";"-2.5";"4306";"1773465000838"
"782";"2026-03-14 02:10:10";"21.76";"65";"940.98";"3600";"0";"";"";"";"-113";"-1.7999999523162842";"4307";"1773465010838"
"783";"2026-03-14 02:10:20";"21.76";"65";"940.96";"3600";"0";"";"";"";"-113";"-2";"4308";"1773465020833"
"784";"2026-03-14 02:10:30";"21.76";"65";"940.98";"3640";"0";"";"";"";"-113";"-2.299999952316284";"4309";"1773465030839"
"785";"2026-03-14 02:10:40";"21.76";"65";"940.94";"3620";"0";"";"";"";"-113";"-1.7999999523162842";"4310";"1773465040840"
"786";"2026-03-14 02:10:50";"21.76";"65";"940.96";"3600";"0";"";"";"";"-113";"-1.7999999523162842";"4311";"1773465050828"
"787";"2026-03-14 02:11:00";"21.76";"65";"940.96";"3600";"0";"";"";"";"-113";"-1.5";"4312";"1773465060831"
"788";"2026-03-14 02:11:10";"21.76";"65";"940.96";"3600";"0";"";"";"";"-113";"-1.5";"4313";"1773465070840"
"789";"2026-03-14 02:11:20";"21.76";"65";"940.98";"3620";"0";"";"";"";"-113";"-1.7999999523162842";"4314";"1773465080832"
"790";"2026-03-14 02:11:30";"21.76";"65";"940.96";"3620";"0";"";"";"";"-113";"-2";"4315";"1773465090830"
"791";"2026-03-14 02:11:40";"21.76";"65";"940.94";"3640";"0";"";"";"";"-113";"-1.7999999523162842";"4316";"1773465100831"
"792";"2026-03-14 02:11:50";"21.76";"65";"940.94";"3600";"0";"";"";"";"-113";"-2";"4317";"1773465110826"
"793";"2026-03-14 02:12:00";"21.76";"65";"940.94";"3640";"0";"";"";"";"-113";"-2.299999952316284";"4318";"1773465120842"
"794";"2026-03-14 02:12:10";"21.76";"65";"940.96";"3620";"0";"";"";"";"-113";"-2";"4319";"1773465130839"
"795";"2026-03-14 02:12:20";"21.76";"65";"940.98";"3620";"0";"";"";"";"-113";"-2";"4320";"1773465140834"
"796";"2026-03-14 02:12:30";"21.76";"65";"940.96";"3600";"0";"";"";"";"-113";"-2";"4321";"1773465150836"
"797";"2026-03-14 02:12:40";"21.76";"65";"940.94";"3620";"0";"";"";"";"-113";"-2.299999952316284";"4322";"1773465160841"
"798";"2026-03-14 02:12:50";"21.76";"65";"940.9200000000001";"3620";"0";"";"";"";"-113";"-2.299999952316284";"4323";"1773465170829"
"799";"2026-03-14 02:13:00";"21.76";"65";"940.9";"3640";"0";"";"";"";"-113";"-2";"4324";"1773465180836"
"800";"2026-03-14 02:13:10";"21.76";"65";"940.94";"3600";"0";"";"";"";"-113";"-2";"4325";"1773465190832"
"801";"2026-03-14 02:13:20";"21.76";"65";"940.94";"3640";"0";"";"";"";"-113";"-1.5";"4326";"1773465200826"
"802";"2026-03-14 02:13:30";"21.76";"65";"940.9200000000001";"3640";"0";"";"";"";"-113";"-1.5";"4327";"1773465210856"
"803";"2026-03-14 02:13:40";"21.76";"65";"940.9200000000001";"3640";"0";"";"";"";"-113";"-2";"4328";"1773465220827"
"804";"2026-03-14 02:13:50";"21.76";"65";"940.9200000000001";"3620";"0";"";"";"";"-113";"-1.5";"4329";"1773465230840"
"805";"2026-03-14 02:14:00";"21.76";"65";"940.9";"3620";"0";"";"";"";"-113";"-1.7999999523162842";"4330";"1773465240802"
"806";"2026-03-14 02:14:10";"21.76";"65";"940.88";"3640";"0";"";"";"";"-113";"-1.5";"4331";"1773465250825"
"807";"2026-03-14 02:14:20";"21.76";"65";"940.88";"3600";"0";"";"";"";"-113";"-1.7999999523162842";"4332";"1773465260833"
"808";"2026-03-14 02:14:30";"21.76";"65";"940.9";"3620";"0";"";"";"";"-113";"-1.7999999523162842";"4333";"1773465270830"
"809";"2026-03-14 02:14:40";"21.76";"65";"940.86";"3640";"0";"";"";"";"-113";"-1.7999999523162842";"4334";"1773465280827"
"810";"2026-03-14 02:14:50";"21.75";"65";"940.88";"3620";"0";"";"";"";"-113";"-1.7999999523162842";"4335";"1773465290828"
"811";"2026-03-14 02:15:00";"21.75";"65";"940.86";"3600";"0";"";"";"";"-113";"-1.7999999523162842";"4336";"1773465300831"
"812";"2026-03-14 02:15:10";"21.76";"65";"940.88";"3640";"0";"";"";"";"-113";"-1.2999999523162842";"4337";"1773465310823"
"813";"2026-03-14 02:15:20";"21.76";"65";"940.84";"3620";"0";"";"";"";"-113";"-1.7999999523162842";"4338";"1773465320827"
"814";"2026-03-14 02:15:30";"21.76";"65";"940.86";"3600";"0";"";"";"";"-113";"-1.5";"4339";"1773465330801"
"815";"2026-03-14 02:15:40";"21.76";"65";"940.84";"3640";"0";"";"";"";"-112";"-1.5";"4340";"1773465340829"
"816";"2026-03-14 02:15:50";"21.76";"65";"940.86";"3620";"0";"";"";"";"-113";"-1.7999999523162842";"4341";"1773465350824"
"817";"2026-03-14 02:16:00";"21.76";"65";"940.86";"3640";"0";"";"";"";"-113";"-1.5";"4342";"1773465360827"
"818";"2026-03-14 02:16:10";"21.76";"65";"940.84";"3600";"0";"";"";"";"-113";"-1.7999999523162842";"4343";"1773465370834"
"819";"2026-03-14 02:16:20";"21.76";"65";"940.82";"3620";"0";"";"";"";"-113";"-1.5";"4344";"1773465380834"
"820";"2026-03-14 02:16:30";"21.76";"65";"940.84";"3620";"0";"";"";"";"-113";"-1.7999999523162842";"4345";"1773465390829"
"821";"2026-03-14 02:16:40";"21.76";"65";"940.82";"3600";"0";"";"";"";"-113";"-2";"4346";"1773465400827"
"822";"2026-03-14 02:16:50";"21.76";"65";"940.82";"3620";"0";"";"";"";"-113";"-1.5";"4347";"1773465410851"
"823";"2026-03-14 02:17:00";"21.76";"65";"940.84";"3640";"0";"";"";"";"-113";"-1.5";"4348";"1773465420836"
"824";"2026-03-14 02:17:10";"21.76";"65";"940.82";"3600";"0";"";"";"";"-113";"-1.7999999523162842";"4349";"1773465430837"
"825";"2026-03-14 02:17:20";"21.76";"65";"940.82";"3600";"0";"";"";"";"-113";"-1.5";"4350";"1773465440840"
"826";"2026-03-14 02:17:30";"21.76";"65";"940.82";"3600";"0";"";"";"";"-113";"-1.2999999523162842";"4351";"1773465450835"
"827";"2026-03-14 02:17:40";"21.76";"65";"940.82";"3600";"0";"";"";"";"-113";"-1.7999999523162842";"4352";"1773465460842"
"828";"2026-03-14 02:17:50";"21.76";"65";"940.82";"3620";"0";"";"";"";"-113";"-1.7999999523162842";"4353";"1773465470841"
"829";"2026-03-14 02:18:00";"21.76";"65";"940.84";"3600";"0";"";"";"";"-113";"-1.7999999523162842";"4354";"1773465480832"
"830";"2026-03-14 02:18:10";"21.76";"65";"940.84";"3600";"0";"";"";"";"-112";"-1.2999999523162842";"4355";"1773465490836"
"831";"2026-03-14 02:18:20";"21.75";"65";"940.84";"3600";"0";"";"";"";"-113";"-1.5";"4356";"1773465500831"
"832";"2026-03-14 02:18:30";"21.76";"65";"940.82";"3620";"0";"";"";"";"-113";"-1.5";"4357";"1773465510837"
"833";"2026-03-14 02:18:40";"21.76";"65";"940.84";"3600";"0";"";"";"";"-113";"-1.7999999523162842";"4358";"1773465520838"
"834";"2026-03-14 02:18:50";"21.76";"65";"940.84";"3600";"0";"";"";"";"-112";"-1.5";"4359";"1773465530803"
"835";"2026-03-14 02:19:00";"21.76";"65";"940.84";"3600";"0";"";"";"";"-113";"-2";"4360";"1773465540832"
"836";"2026-03-14 02:19:10";"21.76";"65";"940.84";"3620";"0";"";"";"";"-113";"-1.7999999523162842";"4361";"1773465550827"
"837";"2026-03-14 02:19:20";"21.76";"65";"940.8000000000001";"3600";"0";"";"";"";"-113";"-1.5";"4362";"1773465560831"
"838";"2026-03-14 02:19:30";"21.76";"65";"940.84";"3620";"0";"";"";"";"-113";"-1.2999999523162842";"4363";"1773465570832"
"839";"2026-03-14 02:19:40";"21.76";"65";"940.84";"3600";"0";"";"";"";"-113";"-1.5";"4364";"1773465580829"
"840";"2026-03-14 02:19:50";"21.76";"65";"940.86";"3600";"0";"";"";"";"-113";"-1.5";"4365";"1773465590829"
"841";"2026-03-14 02:20:00";"21.76";"65";"940.84";"3640";"0";"";"";"";"-113";"-1.5";"4366";"1773465600825"
"842";"2026-03-14 02:20:10";"21.76";"65";"940.82";"3600";"0";"";"";"";"-113";"-1.7999999523162842";"4367";"1773465610835"
"843";"2026-03-14 02:20:20";"21.75";"65";"940.84";"3620";"0";"";"";"";"-113";"-1.5";"4368";"1773465620836"
"844";"2026-03-14 02:20:30";"21.75";"65";"940.82";"3620";"0";"";"";"";"-113";"-1.5";"4369";"1773465630839"
"845";"2026-03-14 02:20:40";"21.75";"65";"940.82";"3600";"0";"";"";"";"-113";"-2";"4370";"1773465640829"
"846";"2026-03-14 02:20:50";"21.75";"65";"940.82";"3620";"0";"";"";"";"-113";"-2.299999952316284";"4371";"1773465650836"
"847";"2026-03-14 02:21:00";"21.75";"65";"940.82";"3600";"0";"";"";"";"-113";"-2";"4372";"1773465660833"
"848";"2026-03-14 02:21:10";"21.76";"65";"940.84";"3600";"0";"";"";"";"-113";"-2.299999952316284";"4373";"1773465670834"
"849";"2026-03-14 02:21:20";"21.75";"65";"940.84";"3640";"0";"";"";"";"-113";"-2";"4374";"1773465680826"
"850";"2026-03-14 02:21:30";"21.75";"65";"940.82";"3600";"0";"";"";"";"-113";"-2.299999952316284";"4375";"1773465690853"
"851";"2026-03-14 02:21:40";"21.76";"65";"940.82";"3640";"0";"";"";"";"-113";"-2";"4376";"1773465700828"
"852";"2026-03-14 02:21:50";"21.76";"65";"940.82";"3620";"0";"";"";"";"-113";"-2";"4377";"1773465710825"
"853";"2026-03-14 02:22:00";"21.75";"65";"940.8000000000001";"3640";"0";"";"";"";"-113";"-2";"4378";"1773465720834"
"854";"2026-03-14 02:22:10";"21.76";"65";"940.84";"3620";"0";"";"";"";"-113";"-2";"4379";"1773465730833"
"855";"2026-03-14 02:22:20";"21.75";"65";"940.82";"3640";"0";"";"";"";"-113";"-2";"4380";"1773465740866"
"856";"2026-03-14 02:22:30";"21.75";"65";"940.82";"3600";"0";"";"";"";"-113";"-2.299999952316284";"4381";"1773465750840"
"857";"2026-03-14 02:22:40";"21.75";"65";"940.8000000000001";"3620";"0";"";"";"";"-113";"-2";"4382";"1773465760831"
"858";"2026-03-14 02:22:50";"21.75";"65";"940.82";"3600";"0";"";"";"";"-113";"-1.7999999523162842";"4383";"1773465770829"
"859";"2026-03-14 02:23:00";"21.75";"65";"940.82";"3600";"0";"";"";"";"-113";"-2";"4384";"1773465780836"
"860";"2026-03-14 02:23:10";"21.75";"65";"940.8000000000001";"3620";"0";"";"";"";"-113";"-2.299999952316284";"4385";"1773465790831"
"861";"2026-03-14 02:23:20";"21.75";"65";"940.78";"3640";"0";"";"";"";"-113";"-2";"4386";"1773465800829"
"862";"2026-03-14 02:23:30";"21.75";"65";"940.82";"3620";"0";"";"";"";"-113";"-2";"4387";"1773465810835"
"863";"2026-03-14 02:23:40";"21.75";"65";"940.8000000000001";"3620";"0";"";"";"";"-113";"-1.5";"4388";"1773465820804"
"864";"2026-03-14 02:23:50";"21.75";"65";"940.8000000000001";"3620";"0";"";"";"";"-113";"-1.7999999523162842";"4389";"1773465830824"
"865";"2026-03-14 02:24:00";"21.75";"65";"940.8000000000001";"3620";"0";"";"";"";"-113";"-2";"4390";"1773465840836"
"866";"2026-03-14 02:24:10";"21.75";"65";"940.78";"3600";"0";"";"";"";"-113";"-2.5";"4391";"1773465850825"
"867";"2026-03-14 02:24:20";"21.75";"65";"940.78";"3620";"0";"";"";"";"-113";"-2.299999952316284";"4392";"1773465860831"
"868";"2026-03-14 02:24:30";"21.75";"65";"940.78";"3620";"0";"";"";"";"-113";"-2";"4393";"1773465870829"
"869";"2026-03-14 02:24:40";"21.75";"65";"940.78";"3600";"0";"";"";"";"-113";"-3.299999952316284";"4394";"1773465880836"
"870";"2026-03-14 02:24:50";"21.74";"65";"940.76";"3640";"0";"";"";"";"-113";"-3.299999952316284";"4395";"1773465890830"
"871";"2026-03-14 02:25:00";"21.74";"65";"940.74";"3620";"0";"";"";"";"-113";"-2.5";"4396";"1773465900829"
"872";"2026-03-14 02:25:10";"21.75";"65";"940.76";"3640";"0";"";"";"";"-113";"-2.799999952316284";"4397";"1773465910853"
"873";"2026-03-14 02:25:20";"21.75";"65";"940.74";"3620";"0";"";"";"";"-113";"-2.5";"4398";"1773465920831"
"874";"2026-03-14 02:25:30";"21.75";"65";"940.74";"3600";"0";"";"";"";"-113";"-2.799999952316284";"4399";"1773465930829"
"875";"2026-03-14 02:25:40";"21.75";"65";"940.78";"3600";"0";"";"";"";"-113";"-2";"4400";"1773465940834"
"876";"2026-03-14 02:25:50";"21.75";"65";"940.76";"3600";"0";"";"";"";"-113";"-2.5";"4401";"1773465950831"
"877";"2026-03-14 02:26:00";"21.75";"65";"940.74";"3620";"0";"";"";"";"-113";"-2.299999952316284";"4402";"1773465960829"
"878";"2026-03-14 02:26:10";"21.75";"65";"940.74";"3640";"0";"";"";"";"-113";"-2.299999952316284";"4403";"1773465970830"
"879";"2026-03-14 02:26:20";"21.75";"65";"940.7";"3600";"0";"";"";"";"-113";"-2";"4404";"1773465980831"
"880";"2026-03-14 02:26:30";"21.75";"65";"940.72";"3600";"0";"";"";"";"-113";"-2";"4405";"1773465990828"
"881";"2026-03-14 02:26:40";"21.75";"65";"940.74";"3620";"0";"";"";"";"-113";"-2";"4406";"1773466000838"
"882";"2026-03-14 02:26:50";"21.75";"65";"940.76";"3600";"0";"";"";"";"-113";"-2";"4407";"1773466010832"
"883";"2026-03-14 02:27:00";"21.75";"65";"940.72";"3600";"0";"";"";"";"-113";"-2.299999952316284";"4408";"1773466020829"
"884";"2026-03-14 02:27:10";"21.74";"65";"940.72";"3600";"0";"";"";"";"-113";"-1.7999999523162842";"4409";"1773466030828"
"885";"2026-03-14 02:27:20";"21.75";"65";"940.72";"3640";"0";"";"";"";"-113";"-1.7999999523162842";"4410";"1773466040828"
"886";"2026-03-14 02:27:30";"21.74";"65";"940.72";"3640";"0";"";"";"";"-112";"-1.2999999523162842";"4411";"1773466050830"
"887";"2026-03-14 02:27:40";"21.75";"65";"940.72";"3620";"0";"";"";"";"-113";"-1.5";"4412";"1773466060831"
"888";"2026-03-14 02:27:50";"21.75";"65";"940.72";"3620";"0";"";"";"";"-112";"-1.7999999523162842";"4413";"1773466070842"
"889";"2026-03-14 02:28:00";"21.75";"65";"940.72";"3600";"0";"";"";"";"-113";"-1.7999999523162842";"4414";"1773466080825"
"890";"2026-03-14 02:28:10";"21.75";"65";"940.72";"3600";"0";"";"";"";"-112";"-1.5";"4415";"1773466090824"
"891";"2026-03-14 02:28:20";"21.74";"65";"940.72";"3600";"0";"";"";"";"-113";"-1.5";"4416";"1773466100803"
"892";"2026-03-14 02:28:30";"21.75";"65";"940.74";"3600";"0";"";"";"";"-112";"-1.7999999523162842";"4417";"1773466110822"
"893";"2026-03-14 02:28:40";"21.74";"65";"940.72";"3600";"0";"";"";"";"-112";"-1.5";"4418";"1773466120834"
"894";"2026-03-14 02:28:50";"21.74";"65";"940.72";"3620";"0";"";"";"";"-112";"-1.5";"4419";"1773466130829"
"895";"2026-03-14 02:29:00";"21.74";"65";"940.6800000000001";"3600";"0";"";"";"";"-113";"-1.5";"4420";"1773466140835"
"896";"2026-03-14 02:29:10";"21.74";"65";"940.74";"3640";"0";"";"";"";"-113";"-1.5";"4421";"1773466150827"
"897";"2026-03-14 02:29:20";"21.74";"65";"940.72";"3620";"0";"";"";"";"-112";"-1.5";"4422";"1773466160839"
"898";"2026-03-14 02:29:30";"21.74";"65";"940.7";"3600";"0";"";"";"";"-112";"-1.2999999523162842";"4423";"1773466170833"
"899";"2026-03-14 02:29:40";"21.74";"65";"940.72";"3600";"0";"";"";"";"-113";"-1.2999999523162842";"4424";"1773466180837"
"900";"2026-03-14 02:29:50";"21.74";"65";"940.6800000000001";"3640";"0";"";"";"";"-112";"-1.2999999523162842";"4425";"1773466190799"
"901";"2026-03-14 02:30:00";"21.75";"65";"940.72";"3600";"0";"";"";"";"-113";"-1.2999999523162842";"4426";"1773466200828"
"902";"2026-03-14 02:30:10";"21.74";"65";"940.72";"3600";"0";"";"";"";"-113";"-1.7999999523162842";"4427";"1773466210799"
"903";"2026-03-14 02:30:20";"21.74";"65";"940.7";"3600";"0";"";"";"";"-113";"-1.5";"4428";"1773466220822"
"904";"2026-03-14 02:30:30";"21.74";"65";"940.72";"3620";"0";"";"";"";"-113";"-1.7999999523162842";"4429";"1773466230835"
"905";"2026-03-14 02:30:40";"21.74";"65";"940.6800000000001";"3620";"0";"";"";"";"-113";"-1.7999999523162842";"4430";"1773466240827"
"906";"2026-03-14 02:30:50";"21.74";"65";"940.72";"3600";"0";"";"";"";"-113";"-1.7999999523162842";"4431";"1773466250819"
"907";"2026-03-14 02:31:00";"21.74";"65";"940.7";"3620";"0";"";"";"";"-113";"-1.5";"4432";"1773466260830"
"908";"2026-03-14 02:31:10";"21.74";"65";"940.7";"3600";"0";"";"";"";"-113";"-1.7999999523162842";"4433";"1773466270820"
"909";"2026-03-14 02:31:20";"21.74";"65";"940.72";"3640";"0";"";"";"";"-112";"-1.5";"4434";"1773466280823"
"910";"2026-03-14 02:31:30";"21.74";"65";"940.6800000000001";"3600";"0";"";"";"";"-113";"-1.7999999523162842";"4435";"1773466290829"
"911";"2026-03-14 02:31:40";"21.74";"65";"940.6800000000001";"3640";"0";"";"";"";"-113";"-2";"4436";"1773466300833"
"912";"2026-03-14 02:31:50";"21.74";"65";"940.6800000000001";"3640";"0";"";"";"";"-113";"-1.7999999523162842";"4437";"1773466310821"
"913";"2026-03-14 02:32:00";"21.74";"65";"940.6800000000001";"3640";"0";"";"";"";"-113";"-1.7999999523162842";"4438";"1773466320832"
"914";"2026-03-14 02:32:10";"21.74";"65";"940.6800000000001";"3600";"0";"";"";"";"-113";"-2";"4439";"1773466330837"
"915";"2026-03-14 02:32:20";"21.74";"65";"940.7";"3640";"0";"";"";"";"-112";"-1.5";"4440";"1773466340827"
"916";"2026-03-14 02:32:30";"21.74";"65";"940.6800000000001";"3600";"0";"";"";"";"-112";"-1.7999999523162842";"4441";"1773466350827"
"917";"2026-03-14 02:32:40";"21.73";"65";"940.66";"3640";"0";"";"";"";"-113";"-1.7999999523162842";"4442";"1773466360825"
"918";"2026-03-14 02:32:50";"21.74";"65";"940.6800000000001";"3620";"0";"";"";"";"-113";"-1.7999999523162842";"4443";"1773466370829"
"919";"2026-03-14 02:33:00";"21.74";"65";"940.66";"3600";"0";"";"";"";"-113";"-1.7999999523162842";"4444";"1773466380826"
"920";"2026-03-14 02:33:10";"21.74";"65";"940.66";"3640";"0";"";"";"";"-113";"-1.7999999523162842";"4445";"1773466390829"
"921";"2026-03-14 02:33:20";"21.73";"65";"940.66";"3600";"0";"";"";"";"-112";"-1.5";"4446";"1773466400838"
"922";"2026-03-14 02:33:30";"21.74";"65";"940.6800000000001";"3600";"0";"";"";"";"-113";"-2";"4447";"1773466410835"
"923";"2026-03-14 02:33:40";"21.74";"65";"940.66";"3600";"0";"";"";"";"-113";"-1.5";"4448";"1773466420826"
"924";"2026-03-14 02:33:50";"21.74";"65";"940.66";"3600";"0";"";"";"";"-112";"-1.2999999523162842";"4449";"1773466430836"
"925";"2026-03-14 02:34:00";"21.74";"65";"940.66";"3640";"0";"";"";"";"-113";"-1.5";"4450";"1773466440830"
"926";"2026-03-14 02:34:10";"21.74";"65";"940.64";"3640";"0";"";"";"";"-112";"-1.7999999523162842";"4451";"1773466450827"
"927";"2026-03-14 02:34:20";"21.74";"65";"940.66";"3600";"0";"";"";"";"-113";"-1.7999999523162842";"4452";"1773466460820"
"928";"2026-03-14 02:34:30";"21.74";"65";"940.62";"3620";"0";"";"";"";"-113";"-1.7999999523162842";"4453";"1773466470822"
"929";"2026-03-14 02:34:40";"21.73";"65";"940.64";"3620";"0";"";"";"";"-112";"-2";"4454";"1773466480840"
"930";"2026-03-14 02:34:50";"21.73";"65";"940.64";"3620";"0";"";"";"";"-113";"-1.7999999523162842";"4455";"1773466490840"
"931";"2026-03-14 02:35:00";"21.73";"65";"940.66";"3600";"0";"";"";"";"-112";"-1.7999999523162842";"4456";"1773466500828"
"932";"2026-03-14 02:35:10";"21.73";"65";"940.64";"3640";"0";"";"";"";"-113";"-2";"4457";"1773466510827"
"933";"2026-03-14 02:35:20";"21.73";"65";"940.6800000000001";"3600";"0";"";"";"";"-113";"-1.7999999523162842";"4458";"1773466520829"
"934";"2026-03-14 02:35:30";"21.73";"65";"940.6800000000001";"3640";"0";"";"";"";"-112";"-1.2999999523162842";"4459";"1773466530831"
"935";"2026-03-14 02:35:40";"21.73";"65";"940.66";"3640";"0";"";"";"";"-113";"-2";"4460";"1773466540823"
"936";"2026-03-14 02:35:50";"21.73";"65";"940.64";"3620";"0";"";"";"";"-113";"-1.7999999523162842";"4461";"1773466550848"
"937";"2026-03-14 02:36:00";"21.74";"65";"940.66";"3600";"0";"";"";"";"-113";"-1.5";"4462";"1773466560833"
"938";"2026-03-14 02:36:10";"21.73";"65";"940.66";"3640";"0";"";"";"";"-113";"-1.2999999523162842";"4463";"1773466570789"
"939";"2026-03-14 02:36:20";"21.74";"65";"940.66";"3620";"0";"";"";"";"-113";"-1.5";"4464";"1773466580829"
"940";"2026-03-14 02:36:30";"21.73";"65";"940.66";"3600";"0";"";"";"";"-113";"-1.5";"4465";"1773466590824"
"941";"2026-03-14 02:36:40";"21.74";"65";"940.64";"3640";"0";"";"";"";"-113";"-1.5";"4466";"1773466600823"
"942";"2026-03-14 02:36:50";"21.73";"65";"940.66";"3620";"0";"";"";"";"-113";"-1.7999999523162842";"4467";"1773466610830"
"943";"2026-03-14 02:37:00";"21.73";"65";"940.66";"3600";"0";"";"";"";"-113";"-2";"4468";"1773466620819"
"944";"2026-03-14 02:37:10";"21.73";"65";"940.64";"3620";"0";"";"";"";"-113";"-1.7999999523162842";"4469";"1773466630822"
"945";"2026-03-14 02:37:20";"21.73";"65";"940.64";"3640";"0";"";"";"";"-112";"-1.7999999523162842";"4470";"1773466640824"
"946";"2026-03-14 02:37:30";"21.74";"65";"940.64";"3640";"0";"";"";"";"-113";"-1.7999999523162842";"4471";"1773466650830"
"947";"2026-03-14 02:37:40";"21.73";"65";"940.66";"3620";"0";"";"";"";"-112";"-1.2999999523162842";"4472";"1773466660822"
"948";"2026-03-14 02:37:50";"21.73";"65";"940.64";"3620";"0";"";"";"";"-113";"-1.7999999523162842";"4473";"1773466670794"
"949";"2026-03-14 02:38:00";"21.73";"65";"940.66";"3600";"0";"";"";"";"-113";"-1.7999999523162842";"4474";"1773466680832"
"950";"2026-03-14 02:38:10";"21.73";"65";"940.62";"3620";"0";"";"";"";"-112";"-1.7999999523162842";"4475";"1773466690834"
"951";"2026-03-14 02:38:20";"21.73";"65";"940.6800000000001";"3600";"0";"";"";"";"-113";"-1.7999999523162842";"4476";"1773466700832"
"952";"2026-03-14 02:38:30";"21.73";"65";"940.64";"3600";"0";"";"";"";"-113";"-1.5";"4477";"1773466710823"
"953";"2026-03-14 02:38:40";"21.73";"65";"940.66";"3600";"0";"";"";"";"-112";"-1.7999999523162842";"4478";"1773466720829"
"954";"2026-03-14 02:38:50";"21.73";"65";"940.64";"3600";"0";"";"";"";"-113";"-1.5";"4479";"1773466730826"
"955";"2026-03-14 02:39:00";"21.73";"65";"940.66";"3620";"0";"";"";"";"-113";"-1.5";"4480";"1773466740828"
"956";"2026-03-14 02:39:10";"21.73";"65";"940.66";"3620";"0";"";"";"";"-113";"-1.2999999523162842";"4481";"1773466750832"
"957";"2026-03-14 02:39:20";"21.73";"65";"940.66";"3640";"0";"";"";"";"-112";"-1.7999999523162842";"4482";"1773466760830"
"958";"2026-03-14 02:39:30";"21.73";"65";"940.66";"3600";"0";"";"";"";"-112";"-1.2999999523162842";"4483";"1773466770822"
"959";"2026-03-14 02:39:40";"21.73";"65";"940.66";"3620";"0";"";"";"";"-112";"-2";"4484";"1773466780808"
"960";"2026-03-14 02:39:50";"21.73";"65";"940.66";"3620";"0";"";"";"";"-113";"-1.7999999523162842";"4485";"1773466790835"
"961";"2026-03-14 02:40:00";"21.73";"65";"940.66";"3620";"0";"";"";"";"-113";"-2.799999952316284";"4486";"1773466800812"
"962";"2026-03-14 02:40:10";"21.73";"65";"940.66";"3640";"0";"";"";"";"-113";"-1.5";"4487";"1773466810798"
"963";"2026-03-14 02:40:20";"21.72";"65";"940.66";"3620";"0";"";"";"";"-113";"-1.7999999523162842";"4488";"1773466820830"
"964";"2026-03-14 02:40:30";"21.73";"65";"940.66";"3620";"0";"";"";"";"-113";"-2";"4489";"1773466830830"
"965";"2026-03-14 02:40:40";"21.73";"65";"940.66";"3640";"0";"";"";"";"-113";"-2";"4490";"1773466840831"
"966";"2026-03-14 02:40:50";"21.73";"65";"940.64";"3620";"0";"";"";"";"-113";"-3";"4491";"1773466850792"
"967";"2026-03-14 02:41:00";"21.73";"65";"940.64";"3620";"0";"";"";"";"-113";"-3";"4492";"1773466860840"
"968";"2026-03-14 02:41:10";"21.72";"65";"940.66";"3600";"0";"";"";"";"-113";"-2.799999952316284";"4493";"1773466870831"
"969";"2026-03-14 02:41:20";"21.72";"65";"940.6";"3600";"0";"";"";"";"-113";"-3.799999952316284";"4494";"1773466880825"
"970";"2026-03-14 02:41:30";"21.72";"65";"940.62";"3620";"0";"";"";"";"-113";"-3.799999952316284";"4495";"1773466890832"
"971";"2026-03-14 02:41:40";"21.72";"65";"940.64";"3620";"0";"";"";"";"-113";"-3";"4496";"1773466900823"
"972";"2026-03-14 02:41:50";"21.72";"65";"940.64";"3620";"0";"";"";"";"-113";"-3";"4497";"1773466910833"
"973";"2026-03-14 02:42:00";"21.73";"65";"940.62";"3620";"0";"";"";"";"-113";"-2.5";"4498";"1773466920834"
"974";"2026-03-14 02:42:10";"21.73";"65";"940.66";"3640";"0";"";"";"";"-113";"-3";"4499";"1773466930826"
"975";"2026-03-14 02:42:20";"21.72";"65";"940.62";"3600";"0";"";"";"";"-113";"-2";"4500";"1773466940836"
"976";"2026-03-14 02:42:30";"21.72";"65";"940.62";"3600";"0";"";"";"";"-113";"-2";"4501";"1773466950832"
"977";"2026-03-14 02:42:40";"21.72";"65";"940.62";"3620";"0";"";"";"";"-113";"-2";"4502";"1773466960848"
"978";"2026-03-14 02:42:50";"21.72";"65";"940.64";"3620";"0";"";"";"";"-113";"-2.299999952316284";"4503";"1773466970834"
"979";"2026-03-14 02:43:00";"21.72";"65";"940.64";"3640";"0";"";"";"";"-113";"-2";"4504";"1773466980833"
"980";"2026-03-14 02:43:10";"21.72";"65";"940.6";"3620";"0";"";"";"";"-113";"-2.5";"4505";"1773466990833"
"981";"2026-03-14 02:43:20";"21.72";"65";"940.62";"3600";"0";"";"";"";"-113";"-2.299999952316284";"4506";"1773467000832"
"982";"2026-03-14 02:43:30";"21.72";"65";"940.6";"3640";"0";"";"";"";"-113";"-2";"4507";"1773467010822"
"983";"2026-03-14 02:43:40";"21.72";"65";"940.6";"3600";"0";"";"";"";"-113";"-2";"4508";"1773467020826"
"984";"2026-03-14 02:43:50";"21.72";"65";"940.58";"3620";"0";"";"";"";"-113";"-3.299999952316284";"4509";"1773467030827"
"985";"2026-03-14 02:44:00";"21.72";"65";"940.6";"3620";"0";"";"";"";"-113";"-2.5";"4510";"1773467040826"
"986";"2026-03-14 02:44:10";"21.71";"65";"940.5600000000001";"3620";"0";"";"";"";"-113";"-3.299999952316284";"4511";"1773467050799"
"987";"2026-03-14 02:44:20";"21.72";"65";"940.58";"3600";"0";"";"";"";"-113";"-3";"4512";"1773467060846"
"988";"2026-03-14 02:44:30";"21.71";"65";"940.58";"3600";"0";"";"";"";"-113";"-1.7999999523162842";"4513";"1773467070830"
"989";"2026-03-14 02:44:40";"21.72";"65";"940.58";"3640";"0";"";"";"";"-113";"-2.299999952316284";"4514";"1773467080830"
"990";"2026-03-14 02:44:50";"21.71";"65";"940.58";"3620";"0";"";"";"";"-113";"-2.299999952316284";"4515";"1773467090828"
"991";"2026-03-14 02:45:00";"21.72";"65";"940.58";"3600";"0";"";"";"";"-113";"-2";"4516";"1773467100822"
"992";"2026-03-14 02:45:10";"21.71";"65";"940.58";"3640";"0";"";"";"";"-112";"-1.7999999523162842";"4517";"1773467110825"
"993";"2026-03-14 02:45:20";"21.71";"65";"940.58";"3600";"0";"";"";"";"-113";"-2";"4518";"1773467120825"
"994";"2026-03-14 02:45:30";"21.72";"65";"940.5600000000001";"3640";"0";"";"";"";"-113";"-2.299999952316284";"4519";"1773467130822"
"995";"2026-03-14 02:45:40";"21.72";"65";"940.58";"3620";"0";"";"";"";"-113";"-2.299999952316284";"4520";"1773467140827"
"996";"2026-03-14 02:45:50";"21.71";"65";"940.54";"3600";"0";"";"";"";"-113";"-1.7999999523162842";"4521";"1773467150832"
"997";"2026-03-14 02:46:00";"21.71";"65";"940.58";"3600";"0";"";"";"";"-113";"-1.7999999523162842";"4522";"1773467160819"
"998";"2026-03-14 02:46:10";"21.71";"65";"940.58";"3600";"0";"";"";"";"-113";"-1.7999999523162842";"4523";"1773467170822"
"999";"2026-03-14 02:46:20";"21.72";"65";"940.5600000000001";"3620";"0";"";"";"";"-112";"-2";"4524";"1773467180830"
"1000";"2026-03-14 02:46:30";"21.71";"65";"940.58";"3600";"0";"";"";"";"-113";"-1.7999999523162842";"4525";"1773467190832"
"1001";"2026-03-14 02:46:40";"21.71";"65";"940.62";"3600";"0";"";"";"";"-113";"-1.7999999523162842";"4526";"1773467200824"
"1002";"2026-03-14 02:46:50";"21.71";"65";"940.6";"3600";"0";"";"";"";"-112";"-1.7999999523162842";"4527";"1773467210836"
"1003";"2026-03-14 02:47:00";"21.71";"65";"940.62";"3620";"0";"";"";"";"-113";"-2";"4528";"1773467220832"
"1004";"2026-03-14 02:47:10";"21.71";"65";"940.6";"3600";"0";"";"";"";"-112";"-1.2999999523162842";"4529";"1773467230816"
"1005";"2026-03-14 02:47:20";"21.71";"65";"940.6";"3620";"0";"";"";"";"-113";"-2.299999952316284";"4530";"1773467240820"
"1006";"2026-03-14 02:47:30";"21.71";"65";"940.6";"3620";"0";"";"";"";"-113";"-2.5";"4531";"1773467250824"
"1007";"2026-03-14 02:47:40";"21.71";"65";"940.58";"3640";"0";"";"";"";"-113";"-2";"4532";"1773467260828"
"1008";"2026-03-14 02:47:50";"21.71";"65";"940.6";"3600";"0";"";"";"";"-113";"-2.299999952316284";"4533";"1773467270799"
"1009";"2026-03-14 02:48:00";"21.71";"65";"940.6";"3620";"0";"";"";"";"-113";"-1.7999999523162842";"4534";"1773467280825"
"1010";"2026-03-14 02:48:10";"21.71";"65";"940.6";"3640";"0";"";"";"";"-112";"-1.7999999523162842";"4535";"1773467290833"
"1011";"2026-03-14 02:48:20";"21.71";"65.5";"940.6";"3620";"0";"";"";"";"-113";"-1.2999999523162842";"4536";"1773467300821"
"1012";"2026-03-14 02:48:30";"21.71";"65";"940.62";"3620";"0";"";"";"";"-113";"-1.5";"4537";"1773467310830"
"1013";"2026-03-14 02:48:40";"21.71";"65";"940.6";"3620";"0";"";"";"";"-112";"-1.7999999523162842";"4538";"1773467320793"
"1014";"2026-03-14 02:48:50";"21.71";"65";"940.64";"3620";"0";"";"";"";"-113";"-1.7999999523162842";"4539";"1773467330820"
"1015";"2026-03-14 02:49:00";"21.7";"65";"940.6800000000001";"3600";"0";"";"";"";"-113";"-2.799999952316284";"4540";"1773467340839"
"1016";"2026-03-14 02:49:10";"21.71";"65";"940.64";"3640";"0";"";"";"";"-113";"-2.799999952316284";"4541";"1773467350821"
"1017";"2026-03-14 02:49:20";"21.71";"65";"940.62";"3620";"0";"";"";"";"-113";"-2.5";"4542";"1773467360828"
"1018";"2026-03-14 02:49:30";"21.71";"65";"940.62";"3620";"0";"";"";"";"-113";"-2.299999952316284";"4543";"1773467370837"
"1019";"2026-03-14 02:49:40";"21.7";"65";"940.58";"3620";"0";"";"";"";"-113";"-2.5";"4544";"1773467380815"
"1020";"2026-03-14 02:49:50";"21.7";"65";"940.64";"3600";"0";"";"";"";"-113";"-2.5";"4545";"1773467390829"
"1021";"2026-03-14 02:50:00";"21.7";"65";"940.64";"3600";"0";"";"";"";"-113";"-2.5";"4546";"1773467400831"
"1022";"2026-03-14 02:50:10";"21.7";"65";"940.62";"3600";"0";"";"";"";"-113";"-2";"4547";"1773467410827"
"1023";"2026-03-14 02:50:20";"21.7";"65";"940.64";"3640";"0";"";"";"";"-113";"-2";"4548";"1773467420834"
"1024";"2026-03-14 02:50:30";"21.7";"65";"940.64";"3620";"0";"";"";"";"-113";"-2";"4549";"1773467430827"
"1025";"2026-03-14 02:50:40";"21.7";"65";"940.66";"3600";"0";"";"";"";"-113";"-2.299999952316284";"4550";"1773467440826"
"1026";"2026-03-14 02:50:50";"21.7";"65";"940.62";"3620";"0";"";"";"";"-113";"-2";"4551";"1773467450825"
"1027";"2026-03-14 02:51:00";"21.7";"65";"940.6800000000001";"3600";"0";"";"";"";"-113";"-1.7999999523162842";"4552";"1773467460795"
"1028";"2026-03-14 02:51:10";"21.7";"65";"940.6800000000001";"3620";"0";"";"";"";"-113";"-1.7999999523162842";"4553";"1773467470829"
"1029";"2026-03-14 02:51:20";"21.7";"65";"940.66";"3640";"0";"";"";"";"-113";"-1.5";"4554";"1773467480830"
"1030";"2026-03-14 02:51:30";"21.7";"65";"940.6800000000001";"3600";"0";"";"";"";"-113";"-1.7999999523162842";"4555";"1773467490834"
"1031";"2026-03-14 02:51:40";"21.7";"65";"940.6800000000001";"3640";"0";"";"";"";"-113";"-2";"4556";"1773467500828"
"1032";"2026-03-14 02:51:50";"21.7";"65";"940.6800000000001";"3600";"0";"";"";"";"-113";"-1.7999999523162842";"4557";"1773467510827"
"1033";"2026-03-14 02:52:00";"21.7";"65";"940.66";"3640";"0";"";"";"";"-113";"-1.7999999523162842";"4558";"1773467520821"
"1034";"2026-03-14 02:52:10";"21.7";"65";"940.66";"3600";"0";"";"";"";"-113";"-2";"4559";"1773467530826"
"1035";"2026-03-14 02:52:20";"21.7";"65";"940.6800000000001";"3600";"0";"";"";"";"-113";"-1.5";"4560";"1773467540828"
"1036";"2026-03-14 02:52:30";"21.7";"65";"940.66";"3640";"0";"";"";"";"-113";"-1.5";"4561";"1773467550820"
"1037";"2026-03-14 02:52:40";"21.7";"65";"940.6800000000001";"3600";"0";"";"";"";"-113";"-2.299999952316284";"4562";"1773467560825"
"1038";"2026-03-14 02:52:50";"21.69";"65";"940.66";"3600";"0";"";"";"";"-113";"-1.7999999523162842";"4563";"1773467570818"
"1039";"2026-03-14 02:53:00";"21.7";"65";"940.64";"3620";"0";"";"";"";"-113";"-1.7999999523162842";"4564";"1773467580828"
"1040";"2026-03-14 02:53:10";"21.7";"65";"940.66";"3600";"0";"";"";"";"-113";"-2.299999952316284";"4565";"1773467590821"
"1041";"2026-03-14 02:53:20";"21.7";"65";"940.7";"3640";"0";"";"";"";"-113";"-2";"4566";"1773467600825"
"1042";"2026-03-14 02:53:30";"21.7";"65";"940.7";"3600";"0";"";"";"";"-113";"-2";"4567";"1773467610811"
"1043";"2026-03-14 02:53:40";"21.7";"65";"940.66";"3600";"0";"";"";"";"-113";"-1.7999999523162842";"4568";"1773467620831"
"1044";"2026-03-14 02:53:50";"21.7";"65";"940.6800000000001";"3600";"0";"";"";"";"-113";"-1.7999999523162842";"4569";"1773467630828"
"1045";"2026-03-14 02:54:00";"21.7";"65.5";"940.6800000000001";"3640";"0";"";"";"";"-113";"-1.5";"4570";"1773467640816"
"1046";"2026-03-14 02:54:10";"21.69";"65";"940.7";"3620";"0";"";"";"";"-113";"-1.7999999523162842";"4571";"1773467650821"
"1047";"2026-03-14 02:54:20";"21.7";"65";"940.7";"3600";"0";"";"";"";"-113";"-1.5";"4572";"1773467660824"
"1048";"2026-03-14 02:54:30";"21.69";"65";"940.72";"3600";"0";"";"";"";"-112";"-1.7999999523162842";"4573";"1773467670827"
"1049";"2026-03-14 02:54:40";"21.69";"65";"940.7";"3600";"0";"";"";"";"-113";"-1.2999999523162842";"4574";"1773467680822"
"1050";"2026-03-14 02:54:50";"21.69";"65.5";"940.72";"3600";"0";"";"";"";"-113";"-1.7999999523162842";"4575";"1773467690821"
"1051";"2026-03-14 02:55:00";"21.69";"65";"940.6800000000001";"3600";"0";"";"";"";"-113";"-1.7999999523162842";"4576";"1773467700829"
"1052";"2026-03-14 02:55:10";"21.69";"65";"940.7";"3600";"0";"";"";"";"-113";"-1.5";"4577";"1773467710824"
"1053";"2026-03-14 02:55:20";"21.7";"65";"940.72";"3600";"0";"";"";"";"-113";"-1.5";"4578";"1773467720816"
"1054";"2026-03-14 02:55:30";"21.69";"65";"940.74";"3600";"0";"";"";"";"-113";"-2";"4579";"1773467730824"
"1055";"2026-03-14 02:55:40";"21.69";"65.5";"940.72";"3620";"0";"";"";"";"-112";"-1.7999999523162842";"4580";"1773467740822"
"1056";"2026-03-14 02:55:50";"21.69";"65";"940.72";"3620";"0";"";"";"";"-113";"-1.2999999523162842";"4581";"1773467750849"
"1057";"2026-03-14 02:56:00";"21.69";"65";"940.74";"3600";"0";"";"";"";"-113";"-2";"4582";"1773467760796"
"1058";"2026-03-14 02:56:10";"21.69";"65";"940.7";"3600";"0";"";"";"";"-113";"-1.7999999523162842";"4583";"1773467770823"
"1059";"2026-03-14 02:56:20";"21.7";"65";"940.7";"3600";"0";"";"";"";"-113";"-1.5";"4584";"1773467780811"
"1060";"2026-03-14 02:56:30";"21.69";"65";"940.72";"3600";"0";"";"";"";"-113";"-1.5";"4585";"1773467790812"
"1061";"2026-03-14 02:56:40";"21.69";"65";"940.72";"3620";"0";"";"";"";"-113";"-1.5";"4586";"1773467800825"
"1062";"2026-03-14 02:56:50";"21.69";"65";"940.7";"3600";"0";"";"";"";"-113";"-1.7999999523162842";"4587";"1773467810820"
"1063";"2026-03-14 02:57:00";"21.69";"65";"940.7";"3600";"0";"";"";"";"-113";"-1.7999999523162842";"4588";"1773467820826"
"1064";"2026-03-14 02:57:10";"21.69";"65";"940.72";"3620";"0";"";"";"";"-113";"-1.7999999523162842";"4589";"1773467830829"
"1065";"2026-03-14 02:57:20";"21.69";"65";"940.6800000000001";"3620";"0";"";"";"";"-113";"-1.7999999523162842";"4590";"1773467840828"
"1066";"2026-03-14 02:57:30";"21.69";"65";"940.7";"3620";"0";"";"";"";"-113";"-2.299999952316284";"4591";"1773467850827"
"1067";"2026-03-14 02:57:40";"21.69";"65.5";"940.72";"3620";"0";"";"";"";"-112";"-1.7999999523162842";"4592";"1773467860815"
"1068";"2026-03-14 02:57:50";"21.68";"65";"940.7";"3620";"0";"";"";"";"-113";"-1.7999999523162842";"4593";"1773467870807"
"1069";"2026-03-14 02:58:00";"21.69";"65";"940.72";"3600";"0";"";"";"";"-113";"-2.299999952316284";"4594";"1773467880828"
"1070";"2026-03-14 02:58:10";"21.69";"65";"940.72";"3600";"0";"";"";"";"-113";"-2.5";"4595";"1773467890827"
"1071";"2026-03-14 02:58:20";"21.69";"65";"940.72";"3620";"0";"";"";"";"-113";"-2";"4596";"1773467900822"
"1072";"2026-03-14 02:58:30";"21.69";"65";"940.7";"3620";"0";"";"";"";"-113";"-1.7999999523162842";"4597";"1773467910843"
"1073";"2026-03-14 02:58:40";"21.69";"65";"940.72";"3600";"0";"";"";"";"-113";"-1.2999999523162842";"4598";"1773467920830"
"1074";"2026-03-14 02:58:50";"21.69";"65";"940.7";"3640";"0";"";"";"";"-113";"-2";"4599";"1773467930828"
"1075";"2026-03-14 02:59:00";"21.69";"65";"940.7";"3600";"0";"";"";"";"-113";"-1.5";"4600";"1773467940820"
"1076";"2026-03-14 02:59:10";"21.69";"65";"940.72";"3620";"0";"";"";"";"-113";"-2";"4601";"1773467950830"
"1077";"2026-03-14 02:59:20";"21.69";"65";"940.7";"3600";"0";"";"";"";"-113";"-1.7999999523162842";"4602";"1773467960823"
"1078";"2026-03-14 02:59:30";"21.69";"65.5";"940.6800000000001";"3600";"0";"";"";"";"-113";"-2.299999952316284";"4603";"1773467970838"
"1079";"2026-03-14 02:59:40";"21.69";"65";"940.72";"3640";"0";"";"";"";"-113";"-1.7999999523162842";"4604";"1773467980847"
"1080";"2026-03-14 02:59:50";"21.69";"65";"940.7";"3620";"0";"";"";"";"-113";"-1.2999999523162842";"4605";"1773467990828"
"1081";"2026-03-14 03:00:00";"21.69";"65.5";"940.72";"3600";"0";"";"";"";"-113";"-1.7999999523162842";"4606";"1773468000811"
"1082";"2026-03-14 03:00:10";"21.68";"65";"940.6800000000001";"3640";"0";"";"";"";"-113";"-2";"4607";"1773468010824"
"1083";"2026-03-14 03:00:20";"21.68";"65";"940.72";"3620";"0";"";"";"";"-113";"-2";"4608";"1773468020815"
"1084";"2026-03-14 03:00:30";"21.68";"65";"940.74";"3600";"0";"";"";"";"-113";"-2";"4609";"1773468030820"
"1085";"2026-03-14 03:00:40";"21.68";"65.5";"940.72";"3640";"0";"";"";"";"-113";"-2";"4610";"1773468040827"
"1086";"2026-03-14 03:00:50";"21.68";"65";"940.7";"3600";"0";"";"";"";"-113";"-2";"4611";"1773468050817"
"1087";"2026-03-14 03:01:00";"21.68";"65";"940.72";"3600";"0";"";"";"";"-113";"-2.299999952316284";"4612";"1773468060825"
"1088";"2026-03-14 03:01:10";"21.68";"65";"940.7";"3600";"0";"";"";"";"-113";"-1.7999999523162842";"4613";"1773468070824"
"1089";"2026-03-14 03:01:20";"21.68";"65";"940.7";"3600";"0";"";"";"";"-113";"-2";"4614";"1773468080831"
"1090";"2026-03-14 03:01:30";"21.68";"65.5";"940.74";"3620";"0";"";"";"";"-113";"-1.5";"4615";"1773468090830"
"1091";"2026-03-14 03:01:40";"21.68";"65";"940.72";"3600";"0";"";"";"";"-113";"-1.5";"4616";"1773468100823"
"1092";"2026-03-14 03:01:50";"21.68";"65";"940.74";"3600";"0";"";"";"";"-113";"-2";"4617";"1773468110807"
"1093";"2026-03-14 03:02:00";"21.68";"65";"940.76";"3620";"0";"";"";"";"-113";"-1.5";"4618";"1773468120820"
"1094";"2026-03-14 03:02:10";"21.69";"65";"940.72";"3640";"0";"";"";"";"-113";"-1.5";"4619";"1773468130817"
"1095";"2026-03-14 03:02:20";"21.69";"65";"940.74";"3620";"0";"";"";"";"-113";"-1.7999999523162842";"4620";"1773468140826"
"1096";"2026-03-14 03:02:30";"21.69";"65";"940.72";"3600";"0";"";"";"";"-113";"-2.299999952316284";"4621";"1773468150825"
"1097";"2026-03-14 03:02:40";"21.68";"65.5";"940.72";"3620";"0";"";"";"";"-113";"-2";"4622";"1773468160827"
"1098";"2026-03-14 03:02:50";"21.68";"65";"940.76";"3620";"0";"";"";"";"-113";"-1.7999999523162842";"4623";"1773468170825"
"1099";"2026-03-14 03:03:00";"21.68";"65.5";"940.72";"3600";"0";"";"";"";"-113";"-2.299999952316284";"4624";"1773468180815"
"1100";"2026-03-14 03:03:10";"21.68";"65";"940.74";"3640";"0";"";"";"";"-113";"-2";"4625";"1773468190818"
"1101";"2026-03-14 03:03:20";"21.68";"65";"940.74";"3600";"0";"";"";"";"-113";"-2";"4626";"1773468200820"
"1102";"2026-03-14 03:03:30";"21.68";"65";"940.76";"3620";"0";"";"";"";"-113";"-2";"4627";"1773468210796"
"1103";"2026-03-14 03:03:40";"21.68";"65";"940.74";"3620";"0";"";"";"";"-113";"-2";"4628";"1773468220857"
"1104";"2026-03-14 03:03:50";"21.68";"65";"940.74";"3620";"0";"";"";"";"-113";"-3";"4629";"1773468230817"
"1105";"2026-03-14 03:04:00";"21.68";"65.5";"940.72";"3600";"0";"";"";"";"-113";"-2.299999952316284";"4630";"1773468240822"
"1106";"2026-03-14 03:04:10";"21.68";"65";"940.72";"3620";"0";"";"";"";"-113";"-2";"4631";"1773468250784"
"1107";"2026-03-14 03:04:20";"21.68";"65.5";"940.7";"3600";"0";"";"";"";"-113";"-2.299999952316284";"4632";"1773468260827"
"1108";"2026-03-14 03:04:30";"21.68";"65";"940.74";"3620";"0";"";"";"";"-113";"-1.5";"4633";"1773468270794"
"1109";"2026-03-14 03:04:40";"21.68";"65";"940.74";"3600";"0";"";"";"";"-113";"-1.7999999523162842";"4634";"1773468280815"
"1110";"2026-03-14 03:04:50";"21.68";"65.5";"940.72";"3620";"0";"";"";"";"-113";"-1.7999999523162842";"4635";"1773468290795"
"1111";"2026-03-14 03:05:00";"21.68";"65";"940.74";"3600";"0";"";"";"";"-113";"-1.7999999523162842";"4636";"1773468300822"
"1112";"2026-03-14 03:05:10";"21.68";"65";"940.74";"3620";"0";"";"";"";"-113";"-2";"4637";"1773468310821"
"1113";"2026-03-14 03:05:20";"21.68";"65";"940.74";"3620";"0";"";"";"";"-113";"-1.5";"4638";"1773468320830"
"1114";"2026-03-14 03:05:30";"21.68";"65";"940.76";"3620";"0";"";"";"";"-113";"-1.7999999523162842";"4639";"1773468330828"
"1115";"2026-03-14 03:05:40";"21.68";"65";"940.72";"3620";"0";"";"";"";"-113";"-1.7999999523162842";"4640";"1773468340825"
"1116";"2026-03-14 03:05:50";"21.67";"65.5";"940.76";"3600";"0";"";"";"";"-113";"-2";"4641";"1773468350863"
"1117";"2026-03-14 03:06:00";"21.68";"65.5";"940.76";"3620";"0";"";"";"";"-112";"-1.5";"4642";"1773468360816"
"1118";"2026-03-14 03:06:10";"21.68";"65";"940.72";"3600";"0";"";"";"";"-113";"-1.5";"4643";"1773468370824"
"1119";"2026-03-14 03:06:20";"21.68";"65";"940.76";"3600";"0";"";"";"";"-113";"-1.7999999523162842";"4644";"1773468380823"
"1120";"2026-03-14 03:06:30";"21.68";"65.5";"940.74";"3620";"0";"";"";"";"-113";"-1.7999999523162842";"4645";"1773468390814"
"1121";"2026-03-14 03:06:40";"21.68";"65";"940.72";"3620";"0";"";"";"";"-113";"-2";"4646";"1773468400820"
"1122";"2026-03-14 03:06:50";"21.68";"65.5";"940.76";"3620";"0";"";"";"";"-113";"-2.299999952316284";"4647";"1773468410814"
"1123";"2026-03-14 03:07:00";"21.68";"65";"940.76";"3600";"0";"";"";"";"-113";"-2.299999952316284";"4648";"1773468420827"
"1124";"2026-03-14 03:07:10";"21.68";"65";"940.74";"3620";"0";"";"";"";"-113";"-2";"4649";"1773468430819"
"1125";"2026-03-14 03:07:20";"21.67";"65";"940.76";"3600";"0";"";"";"";"-113";"-2.299999952316284";"4650";"1773468440827"
"1126";"2026-03-14 03:07:30";"21.68";"65";"940.76";"3600";"0";"";"";"";"-113";"-2";"4651";"1773468450820"
"1127";"2026-03-14 03:07:40";"21.68";"65";"940.76";"3640";"0";"";"";"";"-113";"-2";"4652";"1773468460823"
"1128";"2026-03-14 03:07:50";"21.68";"65";"940.8000000000001";"3620";"0";"";"";"";"-113";"-2";"4653";"1773468470814"
"1129";"2026-03-14 03:08:00";"21.67";"65";"940.74";"3620";"0";"";"";"";"-113";"-1.7999999523162842";"4654";"1773468480821"
"1130";"2026-03-14 03:08:10";"21.67";"65";"940.76";"3640";"0";"";"";"";"-113";"-1.7999999523162842";"4655";"1773468490822"
"1131";"2026-03-14 03:08:20";"21.67";"65";"940.74";"3600";"0";"";"";"";"-113";"-2.5";"4656";"1773468500820"
"1132";"2026-03-14 03:08:30";"21.68";"65";"940.72";"3600";"0";"";"";"";"-113";"-1.7999999523162842";"4657";"1773468510821"
"1133";"2026-03-14 03:08:40";"21.67";"65";"940.78";"3620";"0";"";"";"";"-113";"-2";"4658";"1773468520826"
"1134";"2026-03-14 03:08:50";"21.68";"65";"940.74";"3600";"0";"";"";"";"-113";"-2.5";"4659";"1773468530825"
"1135";"2026-03-14 03:09:00";"21.67";"65";"940.74";"3600";"0";"";"";"";"-113";"-2.299999952316284";"4660";"1773468540815"
"1136";"2026-03-14 03:09:10";"21.67";"65";"940.76";"3640";"0";"";"";"";"-113";"-2";"4661";"1773468550826"
"1137";"2026-03-14 03:09:20";"21.67";"65.5";"940.76";"3640";"0";"";"";"";"-113";"-2";"4662";"1773468560787"
"1138";"2026-03-14 03:09:30";"21.67";"65";"940.78";"3620";"0";"";"";"";"-113";"-2.799999952316284";"4663";"1773468570829"
"1139";"2026-03-14 03:09:40";"21.67";"65.5";"940.76";"3600";"0";"";"";"";"-113";"-2.299999952316284";"4664";"1773468580827"
"1140";"2026-03-14 03:09:50";"21.67";"65";"940.78";"3600";"0";"";"";"";"-113";"-2.299999952316284";"4665";"1773468590778"
"1141";"2026-03-14 03:10:00";"21.67";"65.5";"940.78";"3620";"0";"";"";"";"-113";"-1.7999999523162842";"4666";"1773468600824"
"1142";"2026-03-14 03:10:10";"21.67";"65.5";"940.78";"3600";"0";"";"";"";"-113";"-2.299999952316284";"4667";"1773468610830"
"1143";"2026-03-14 03:10:20";"21.67";"65";"940.78";"3640";"0";"";"";"";"-113";"-2";"4668";"1773468620816"
"1144";"2026-03-14 03:10:30";"21.67";"65";"940.78";"3600";"0";"";"";"";"-113";"-1.5";"4669";"1773468630830"
"1145";"2026-03-14 03:10:40";"21.67";"65";"940.76";"3640";"0";"";"";"";"-113";"-1.7999999523162842";"4670";"1773468640828"
"1146";"2026-03-14 03:10:50";"21.67";"65.5";"940.76";"3620";"0";"";"";"";"-113";"-1.7999999523162842";"4671";"1773468650820"
"1147";"2026-03-14 03:11:00";"21.67";"65";"940.76";"3600";"0";"";"";"";"-113";"-1.7999999523162842";"4672";"1773468660823"
"1148";"2026-03-14 03:11:10";"21.67";"65";"940.76";"3600";"0";"";"";"";"-113";"-1.7999999523162842";"4673";"1773468670819"
"1149";"2026-03-14 03:11:20";"21.67";"65";"940.78";"3600";"0";"";"";"";"-113";"-1.5";"4674";"1773468680817"
"1150";"2026-03-14 03:11:30";"21.67";"65.5";"940.78";"3600";"0";"";"";"";"-113";"-2.799999952316284";"4675";"1773468690828"
"1151";"2026-03-14 03:11:40";"21.67";"65.5";"940.78";"3620";"0";"";"";"";"-113";"-2.299999952316284";"4676";"1773468700817"
"1152";"2026-03-14 03:11:50";"21.67";"65";"940.76";"3620";"0";"";"";"";"-113";"-2.299999952316284";"4677";"1773468710814"
"1153";"2026-03-14 03:12:00";"21.67";"65.5";"940.8000000000001";"3640";"0";"";"";"";"-113";"-2.5";"4678";"1773468720814"
"1154";"2026-03-14 03:12:10";"21.66";"65";"940.76";"3620";"0";"";"";"";"-113";"-2";"4679";"1773468730824"
"1155";"2026-03-14 03:12:20";"21.66";"65.5";"940.76";"3620";"0";"";"";"";"-113";"-2.299999952316284";"4680";"1773468740805"
"1156";"2026-03-14 03:12:30";"21.66";"65";"940.78";"3620";"0";"";"";"";"-113";"-1.7999999523162842";"4681";"1773468750827"
"1157";"2026-03-14 03:12:40";"21.67";"65";"940.78";"3620";"0";"";"";"";"-113";"-2";"4682";"1773468760785"
"1158";"2026-03-14 03:12:50";"21.66";"65.5";"940.76";"3600";"0";"";"";"";"-113";"-1.7999999523162842";"4683";"1773468770833"
"1159";"2026-03-14 03:13:00";"21.67";"65.5";"940.78";"3600";"0";"";"";"";"-113";"-1.7999999523162842";"4684";"1773468780792"
"1160";"2026-03-14 03:13:10";"21.67";"65.5";"940.74";"3600";"0";"";"";"";"-113";"-2.5";"4685";"1773468790814"
"1161";"2026-03-14 03:13:20";"21.66";"65";"940.76";"3600";"0";"";"";"";"-113";"-2.5";"4686";"1773468800821"
"1162";"2026-03-14 03:13:30";"21.67";"65.5";"940.74";"3620";"0";"";"";"";"-113";"-2.799999952316284";"4687";"1773468810791"
"1163";"2026-03-14 03:13:40";"21.67";"65";"940.76";"3620";"0";"";"";"";"-113";"-2";"4688";"1773468820819"
"1164";"2026-03-14 03:13:50";"21.67";"65.5";"940.74";"3620";"0";"";"";"";"-113";"-3";"4689";"1773468830827"
"1165";"2026-03-14 03:14:00";"21.67";"65.5";"940.78";"3600";"0";"";"";"";"-113";"-2";"4690";"1773468840825"
"1166";"2026-03-14 03:14:10";"21.66";"65.5";"940.78";"3620";"0";"";"";"";"-113";"-2.299999952316284";"4691";"1773468850812"
"1167";"2026-03-14 03:14:20";"21.67";"65";"940.78";"3620";"0";"";"";"";"-113";"-1.7999999523162842";"4692";"1773468860822"
"1168";"2026-03-14 03:14:30";"21.66";"65.5";"940.76";"3620";"0";"";"";"";"-113";"-3.299999952316284";"4693";"1773468870812"
"1169";"2026-03-14 03:14:40";"21.66";"65.5";"940.78";"3620";"0";"";"";"";"-113";"-2.799999952316284";"4694";"1773468880816"
"1170";"2026-03-14 03:14:50";"21.66";"65.5";"940.76";"3620";"0";"";"";"";"-113";"-2.299999952316284";"4695";"1773468890820"
"1171";"2026-03-14 03:15:00";"21.66";"65";"940.78";"3600";"0";"";"";"";"-113";"-2.5";"4696";"1773468900811"
"1172";"2026-03-14 03:15:10";"21.66";"65";"940.74";"3600";"0";"";"";"";"-113";"-2.5";"4697";"1773468910811"
"1173";"2026-03-14 03:15:20";"21.66";"65";"940.8000000000001";"3600";"0";"";"";"";"-113";"-3";"4698";"1773468920855"
"1174";"2026-03-14 03:15:30";"21.66";"65.5";"940.74";"3620";"0";"";"";"";"-113";"-2.799999952316284";"4699";"1773468930792"
"1175";"2026-03-14 03:15:40";"21.66";"65.5";"940.76";"3600";"0";"";"";"";"-113";"-2.799999952316284";"4700";"1773468940818"
"1176";"2026-03-14 03:15:50";"21.66";"65";"940.74";"3600";"0";"";"";"";"-113";"-1.7999999523162842";"4701";"1773468950810"
"1177";"2026-03-14 03:16:00";"21.65";"65.5";"940.74";"3620";"0";"";"";"";"-113";"-2.299999952316284";"4702";"1773468960822"
"1178";"2026-03-14 03:16:10";"21.66";"65.5";"940.74";"3600";"0";"";"";"";"-113";"-2";"4703";"1773468970815"
"1179";"2026-03-14 03:16:20";"21.66";"65.5";"940.78";"3600";"0";"";"";"";"-113";"-2";"4704";"1773468980818"
"1180";"2026-03-14 03:16:30";"21.65";"65.5";"940.78";"3600";"0";"";"";"";"-113";"-3.299999952316284";"4705";"1773468990819"
"1181";"2026-03-14 03:16:40";"21.66";"65.5";"940.76";"3600";"0";"";"";"";"-113";"-2.299999952316284";"4706";"1773469000818"
"1182";"2026-03-14 03:16:50";"21.66";"65.5";"940.76";"3620";"0";"";"";"";"-113";"-2.299999952316284";"4707";"1773469010795"
"1183";"2026-03-14 03:17:00";"21.66";"65.5";"940.76";"3600";"0";"";"";"";"-113";"-2.5";"4708";"1773469020830"
"1184";"2026-03-14 03:17:10";"21.65";"65.5";"940.74";"3620";"0";"";"";"";"-113";"-2.299999952316284";"4709";"1773469030818"
"1185";"2026-03-14 03:17:20";"21.65";"65.5";"940.74";"3620";"0";"";"";"";"-113";"-2.299999952316284";"4710";"1773469040820"
"1186";"2026-03-14 03:17:30";"21.65";"65.5";"940.74";"3620";"0";"";"";"";"-113";"-2";"4711";"1773469050815"
"1187";"2026-03-14 03:17:40";"21.65";"65.5";"940.76";"3620";"0";"";"";"";"-113";"-1.7999999523162842";"4712";"1773469060817"
"1188";"2026-03-14 03:17:50";"21.65";"65.5";"940.74";"3620";"0";"";"";"";"-113";"-2.299999952316284";"4713";"1773469070809"
"1189";"2026-03-14 03:18:00";"21.65";"65.5";"940.72";"3620";"0";"";"";"";"-113";"-1.5";"4714";"1773469080814"
"1190";"2026-03-14 03:18:10";"21.65";"65.5";"940.76";"3620";"0";"";"";"";"-113";"-1.5";"4715";"1773469090821"
"1191";"2026-03-14 03:18:20";"21.65";"65.5";"940.76";"3600";"0";"";"";"";"-113";"-2";"4716";"1773469100862"
"1192";"2026-03-14 03:18:30";"21.65";"65.5";"940.76";"3640";"0";"";"";"";"-113";"-2";"4717";"1773469110800"
"1193";"2026-03-14 03:18:40";"21.65";"65.5";"940.74";"3620";"0";"";"";"";"-113";"-1.7999999523162842";"4718";"1773469120819"
"1194";"2026-03-14 03:18:50";"21.64";"65.5";"940.74";"3620";"0";"";"";"";"-113";"-1.7999999523162842";"4719";"1773469130814"
"1195";"2026-03-14 03:19:00";"21.65";"65.5";"940.74";"3600";"0";"";"";"";"-113";"-2.5";"4720";"1773469140813"
"1196";"2026-03-14 03:19:10";"21.65";"65";"940.74";"3600";"0";"";"";"";"-113";"-1.7999999523162842";"4721";"1773469150810"
"1197";"2026-03-14 03:19:20";"21.64";"65.5";"940.74";"3620";"0";"";"";"";"-113";"-1.7999999523162842";"4722";"1773469160808"
"1198";"2026-03-14 03:19:30";"21.64";"65.5";"940.74";"3620";"0";"";"";"";"-113";"-1.7999999523162842";"4723";"1773469170816"
"1199";"2026-03-14 03:19:40";"21.64";"65.5";"940.72";"3600";"0";"";"";"";"-113";"-2";"4724";"1773469180822"
"1200";"2026-03-14 03:19:50";"21.64";"65.5";"940.74";"3640";"0";"";"";"";"-113";"-1.7999999523162842";"4725";"1773469190830"
"1201";"2026-03-14 03:20:00";"21.64";"65.5";"940.74";"3600";"0";"";"";"";"-113";"-1.7999999523162842";"4726";"1773469200779"
"1202";"2026-03-14 03:20:10";"21.64";"65.5";"940.76";"3620";"0";"";"";"";"-113";"-1.5";"4727";"1773469210822"
"1203";"2026-03-14 03:20:20";"21.64";"65.5";"940.74";"3600";"0";"";"";"";"-113";"-2";"4728";"1773469220813"
"1204";"2026-03-14 03:20:30";"21.64";"65.5";"940.7";"3600";"0";"";"";"";"-113";"-2.299999952316284";"4729";"1773469230818"
"1205";"2026-03-14 03:20:40";"21.64";"65.5";"940.7";"3600";"0";"";"";"";"-113";"-2.299999952316284";"4730";"1773469240823"
"1206";"2026-03-14 03:20:50";"21.64";"65.5";"940.72";"3600";"0";"";"";"";"-113";"-2";"4731";"1773469250777"
"1207";"2026-03-14 03:21:00";"21.64";"65.5";"940.7";"3620";"0";"";"";"";"-113";"-3.299999952316284";"4732";"1773469260806"
"1208";"2026-03-14 03:21:10";"21.64";"65";"940.74";"3620";"0";"";"";"";"-113";"-2.5";"4733";"1773469270824"
"1209";"2026-03-14 03:21:20";"21.64";"65.5";"940.7";"3620";"0";"";"";"";"-113";"-2.299999952316284";"4734";"1773469280818"
"1210";"2026-03-14 03:21:30";"21.64";"65.5";"940.72";"3620";"0";"";"";"";"-113";"-3.299999952316284";"4735";"1773469290823"
"1211";"2026-03-14 03:21:40";"21.63";"65.5";"940.7";"3620";"0";"";"";"";"-113";"-2";"4736";"1773469300817"
"1212";"2026-03-14 03:21:50";"21.64";"65.5";"940.72";"3600";"0";"";"";"";"-113";"-2.299999952316284";"4737";"1773469310821"
"1213";"2026-03-14 03:22:00";"21.63";"65";"940.72";"3600";"0";"";"";"";"-113";"-2";"4738";"1773469320813"
"1214";"2026-03-14 03:22:10";"21.63";"65.5";"940.72";"3620";"0";"";"";"";"-113";"-2.299999952316284";"4739";"1773469330819"
"1215";"2026-03-14 03:22:20";"21.64";"65.5";"940.76";"3600";"0";"";"";"";"-113";"-1.7999999523162842";"4740";"1773469340814"
"1216";"2026-03-14 03:22:30";"21.64";"65.5";"940.72";"3620";"0";"";"";"";"-113";"-2";"4741";"1773469350799"
"1217";"2026-03-14 03:22:40";"21.63";"65.5";"940.72";"3600";"0";"";"";"";"-113";"-2.299999952316284";"4742";"1773469360805"
"1218";"2026-03-14 03:22:50";"21.63";"65.5";"940.74";"3620";"0";"";"";"";"-113";"-2.299999952316284";"4743";"1773469370807"
"1219";"2026-03-14 03:23:00";"21.63";"65.5";"940.72";"3620";"0";"";"";"";"-113";"-2";"4744";"1773469380822"
"1220";"2026-03-14 03:23:10";"21.63";"65.5";"940.7";"3600";"0";"";"";"";"-113";"-1.7999999523162842";"4745";"1773469390808"
"1221";"2026-03-14 03:23:20";"21.63";"65.5";"940.7";"3620";"0";"";"";"";"-113";"-2";"4746";"1773469400820"
"1222";"2026-03-14 03:23:30";"21.63";"65.5";"940.72";"3620";"0";"";"";"";"-113";"-2.299999952316284";"4747";"1773469410815"
"1223";"2026-03-14 03:23:40";"21.63";"65.5";"940.72";"3600";"0";"";"";"";"-113";"-3";"4748";"1773469420820"
"1224";"2026-03-14 03:23:50";"21.63";"65.5";"940.7";"3600";"0";"";"";"";"-113";"-2.5";"4749";"1773469430806"
"1225";"2026-03-14 03:24:00";"21.63";"65.5";"940.74";"3600";"0";"";"";"";"-113";"-2.799999952316284";"4750";"1773469440821"
"1226";"2026-03-14 03:24:10";"21.63";"65.5";"940.7";"3620";"0";"";"";"";"-113";"-2.5";"4751";"1773469450818"
"1227";"2026-03-14 03:24:20";"21.63";"65.5";"940.74";"3620";"0";"";"";"";"-113";"-2.299999952316284";"4752";"1773469460813"
"1228";"2026-03-14 03:24:30";"21.62";"65.5";"940.7";"3600";"0";"";"";"";"-113";"-2.799999952316284";"4753";"1773469470815"
"1229";"2026-03-14 03:24:40";"21.63";"65.5";"940.7";"3620";"0";"";"";"";"-113";"-2.5";"4754";"1773469480810"
"1230";"2026-03-14 03:24:50";"21.63";"65.5";"940.7";"3620";"0";"";"";"";"-113";"-2.299999952316284";"4755";"1773469490818"
"1231";"2026-03-14 03:25:00";"21.63";"65.5";"940.74";"3600";"0";"";"";"";"-113";"-2";"4756";"1773469500819"
"1232";"2026-03-14 03:25:10";"21.62";"65.5";"940.72";"3620";"0";"";"";"";"-113";"-3";"4757";"1773469510813"
"1233";"2026-03-14 03:25:20";"21.62";"65.5";"940.72";"3600";"0";"";"";"";"-113";"-2.5";"4758";"1773469520814"
"1234";"2026-03-14 03:25:30";"21.62";"65.5";"940.74";"3620";"0";"";"";"";"-113";"-3";"4759";"1773469530777"
"1235";"2026-03-14 03:25:40";"21.62";"65.5";"940.72";"3620";"0";"";"";"";"-113";"-2.299999952316284";"4760";"1773469540818"
"1236";"2026-03-14 03:25:50";"21.62";"65.5";"940.74";"3600";"0";"";"";"";"-113";"-2.299999952316284";"4761";"1773469550811"
"1237";"2026-03-14 03:26:00";"21.62";"65.5";"940.76";"3600";"0";"";"";"";"-113";"-2.299999952316284";"4762";"1773469560814"
"1238";"2026-03-14 03:26:10";"21.62";"65.5";"940.74";"3600";"0";"";"";"";"-113";"-1.7999999523162842";"4763";"1773469570818"
"1239";"2026-03-14 03:26:20";"21.62";"65.5";"940.74";"3620";"0";"";"";"";"-113";"-2.299999952316284";"4764";"1773469580813"
"1240";"2026-03-14 03:26:30";"21.62";"65.5";"940.78";"3600";"0";"";"";"";"-113";"-1.7999999523162842";"4765";"1773469590813"
"1241";"2026-03-14 03:26:40";"21.62";"65.5";"940.76";"3600";"0";"";"";"";"-113";"-2.799999952316284";"4766";"1773469600822"
"1242";"2026-03-14 03:26:50";"21.62";"65.5";"940.76";"3600";"0";"";"";"";"-113";"-2.299999952316284";"4767";"1773469610817"
"1243";"2026-03-14 03:27:00";"21.61";"65.5";"940.76";"3600";"0";"";"";"";"-113";"-2";"4768";"1773469620813"
"1244";"2026-03-14 03:27:10";"21.62";"65.5";"940.76";"3600";"0";"";"";"";"-112";"-1.5";"4769";"1773469630826"
"1245";"2026-03-14 03:27:20";"21.61";"65.5";"940.8000000000001";"3600";"0";"";"";"";"-113";"-3";"4770";"1773469640810"
"1246";"2026-03-14 03:27:30";"21.61";"65.5";"940.78";"3620";"0";"";"";"";"-113";"-2.299999952316284";"4771";"1773469650816"
"1247";"2026-03-14 03:27:40";"21.61";"65.5";"940.8000000000001";"3600";"0";"";"";"";"-113";"-2.299999952316284";"4772";"1773469660817"
"1248";"2026-03-14 03:27:50";"21.61";"65.5";"940.8000000000001";"3640";"0";"";"";"";"-113";"-2.5";"4773";"1773469670809"
"1249";"2026-03-14 03:28:00";"21.61";"65.5";"940.78";"3600";"0";"";"";"";"-113";"-2.299999952316284";"4774";"1773469680812"
"1250";"2026-03-14 03:28:10";"21.6";"65.5";"940.78";"3620";"0";"";"";"";"-113";"-3";"4775";"1773469690818"
"1251";"2026-03-14 03:28:20";"21.61";"65.5";"940.8000000000001";"3600";"0";"";"";"";"-113";"-3";"4776";"1773469700822"
"1252";"2026-03-14 03:28:30";"21.61";"65.5";"940.82";"3600";"0";"";"";"";"-113";"-3";"4777";"1773469710815"
"1253";"2026-03-14 03:28:40";"21.61";"65.5";"940.78";"3620";"0";"";"";"";"-113";"-2.299999952316284";"4778";"1773469720808"
"1254";"2026-03-14 03:28:50";"21.61";"65.5";"940.8000000000001";"3600";"0";"";"";"";"-113";"-2.299999952316284";"4779";"1773469730832"
"1255";"2026-03-14 03:29:00";"21.61";"65.5";"940.78";"3620";"0";"";"";"";"-113";"-2.799999952316284";"4780";"1773469740793"
"1256";"2026-03-14 03:29:10";"21.61";"65.5";"940.82";"3620";"0";"";"";"";"-113";"-2";"4781";"1773469750819"
"1257";"2026-03-14 03:29:20";"21.61";"65.5";"940.82";"3640";"0";"";"";"";"-113";"-2";"4782";"1773469760810"
"1258";"2026-03-14 03:29:30";"21.61";"65.5";"940.82";"3600";"0";"";"";"";"-113";"-2";"4783";"1773469770817"
"1259";"2026-03-14 03:29:40";"21.61";"65.5";"940.82";"3580";"0";"";"";"";"-113";"-2.299999952316284";"4784";"1773469780819"
"1260";"2026-03-14 03:29:50";"21.61";"65.5";"940.8000000000001";"3620";"0";"";"";"";"-113";"-2.299999952316284";"4785";"1773469790820"
"1261";"2026-03-14 03:30:00";"21.61";"65.5";"940.84";"3600";"0";"";"";"";"-113";"-2.299999952316284";"4786";"1773469800823"
"1262";"2026-03-14 03:30:10";"21.61";"65.5";"940.82";"3620";"0";"";"";"";"-113";"-2";"4787";"1773469810773"
"1263";"2026-03-14 03:30:20";"21.61";"65.5";"940.8000000000001";"3620";"0";"";"";"";"-113";"-2.299999952316284";"4788";"1773469820820"
"1264";"2026-03-14 03:30:30";"21.61";"65.5";"940.82";"3620";"0";"";"";"";"-113";"-2";"4789";"1773469830791"
"1265";"2026-03-14 03:30:40";"21.61";"65.5";"940.82";"3620";"0";"";"";"";"-113";"-1.7999999523162842";"4790";"1773469840814"
"1266";"2026-03-14 03:30:50";"21.61";"65.5";"940.86";"3600";"0";"";"";"";"-113";"-2";"4791";"1773469850818"
"1267";"2026-03-14 03:31:00";"21.61";"65.5";"940.86";"3620";"0";"";"";"";"-113";"-2";"4792";"1773469860808"
"1268";"2026-03-14 03:31:10";"21.61";"65.5";"940.84";"3620";"0";"";"";"";"-113";"-2.799999952316284";"4793";"1773469870791"
"1269";"2026-03-14 03:31:20";"21.61";"65.5";"940.84";"3640";"0";"";"";"";"-113";"-2.299999952316284";"4794";"1773469880811"
"1270";"2026-03-14 03:31:30";"21.61";"65.5";"940.82";"3600";"0";"";"";"";"-113";"-2";"4795";"1773469890811"
"1271";"2026-03-14 03:31:40";"21.61";"65.5";"940.82";"3620";"0";"";"";"";"-113";"-1.7999999523162842";"4796";"1773469900818"
"1272";"2026-03-14 03:31:50";"21.61";"65.5";"940.84";"3620";"0";"";"";"";"-113";"-1.7999999523162842";"4797";"1773469910855"
"1273";"2026-03-14 03:32:00";"21.61";"65.5";"940.82";"3620";"0";"";"";"";"-113";"-2";"4798";"1773469920856"
"1274";"2026-03-14 03:32:10";"21.61";"65.5";"940.82";"3600";"0";"";"";"";"-113";"-2";"4799";"1773469930814"
"1275";"2026-03-14 03:32:20";"21.6";"65.5";"940.82";"3600";"0";"";"";"";"-113";"-2.5";"4800";"1773469940820"
"1276";"2026-03-14 03:32:30";"21.61";"65.5";"940.82";"3620";"0";"";"";"";"-113";"-2";"4801";"1773469950808"
"1277";"2026-03-14 03:32:40";"21.61";"65.5";"940.82";"3600";"0";"";"";"";"-113";"-2.299999952316284";"4802";"1773469960806"
"1278";"2026-03-14 03:32:50";"21.6";"65.5";"940.8000000000001";"3600";"0";"";"";"";"-113";"-1.7999999523162842";"4803";"1773469970813"
"1279";"2026-03-14 03:33:00";"21.6";"65.5";"940.84";"3620";"0";"";"";"";"-113";"-2";"4804";"1773469980819"
"1280";"2026-03-14 03:33:10";"21.6";"65.5";"940.82";"3620";"0";"";"";"";"-113";"-1.5";"4805";"1773469990814"
"1281";"2026-03-14 03:33:20";"21.61";"65.5";"940.82";"3620";"0";"";"";"";"-113";"-1.2999999523162842";"4806";"1773470000812"
"1282";"2026-03-14 03:33:30";"21.6";"65.5";"940.82";"3620";"0";"";"";"";"-113";"-2";"4807";"1773470010814"
"1283";"2026-03-14 03:33:40";"21.6";"65.5";"940.8000000000001";"3620";"0";"";"";"";"-112";"-1.7999999523162842";"4808";"1773470020807"
"1284";"2026-03-14 03:33:50";"21.6";"65.5";"940.82";"3620";"0";"";"";"";"-113";"-1.7999999523162842";"4809";"1773470030814"
"1285";"2026-03-14 03:34:00";"21.6";"65.5";"940.8000000000001";"3600";"0";"";"";"";"-113";"-2";"4810";"1773470040812"
"1286";"2026-03-14 03:34:10";"21.6";"65.5";"940.8000000000001";"3620";"0";"";"";"";"-113";"-1.7999999523162842";"4811";"1773470050812"
"1287";"2026-03-14 03:34:20";"21.6";"65.5";"940.84";"3620";"0";"";"";"";"-113";"-2";"4812";"1773470060815"
"1288";"2026-03-14 03:34:30";"21.6";"65.5";"940.82";"3620";"0";"";"";"";"-113";"-1.5";"4813";"1773470070808"
"1289";"2026-03-14 03:34:40";"21.6";"65.5";"940.8000000000001";"3620";"0";"";"";"";"-113";"-1.7999999523162842";"4814";"1773470080821"
"1290";"2026-03-14 03:34:50";"21.6";"65.5";"940.8000000000001";"3600";"0";"";"";"";"-113";"-1.7999999523162842";"4815";"1773470090814"
"1291";"2026-03-14 03:35:00";"21.6";"65.5";"940.78";"3600";"0";"";"";"";"-112";"-1.7999999523162842";"4816";"1773470100816"
"1292";"2026-03-14 03:35:10";"21.6";"65.5";"940.8000000000001";"3620";"0";"";"";"";"-113";"-2";"4817";"1773470110807"
"1293";"2026-03-14 03:35:20";"21.6";"65.5";"940.8000000000001";"3620";"0";"";"";"";"-113";"-1.7999999523162842";"4818";"1773470120818"
"1294";"2026-03-14 03:35:30";"21.6";"65.5";"940.84";"3600";"0";"";"";"";"-113";"-1.7999999523162842";"4819";"1773470130811"
"1295";"2026-03-14 03:35:40";"21.59";"65.5";"940.8000000000001";"3600";"0";"";"";"";"-113";"-1.5";"4820";"1773470140810"
"1296";"2026-03-14 03:35:50";"21.59";"65.5";"940.84";"3600";"0";"";"";"";"-113";"-2.299999952316284";"4821";"1773470150801"
"1297";"2026-03-14 03:36:00";"21.59";"65.5";"940.82";"3600";"0";"";"";"";"-113";"-1.5";"4822";"1773470160814"
"1298";"2026-03-14 03:36:10";"21.59";"65.5";"940.82";"3620";"0";"";"";"";"-113";"-1.7999999523162842";"4823";"1773470170813"
"1299";"2026-03-14 03:36:20";"21.59";"65.5";"940.82";"3600";"0";"";"";"";"-112";"-1.5";"4824";"1773470180811"
"1300";"2026-03-14 03:36:30";"21.59";"65.5";"940.84";"3600";"0";"";"";"";"-113";"-2.299999952316284";"4825";"1773470190816"
"1301";"2026-03-14 03:36:40";"21.59";"65.5";"940.8000000000001";"3600";"0";"";"";"";"-113";"-2";"4826";"1773470200820"
"1302";"2026-03-14 03:36:50";"21.59";"65.5";"940.8000000000001";"3600";"0";"";"";"";"-113";"-2";"4827";"1773470210809"
"1303";"2026-03-14 03:37:00";"21.59";"65.5";"940.8000000000001";"3620";"0";"";"";"";"-113";"-2";"4828";"1773470220811"
"1304";"2026-03-14 03:37:10";"21.59";"65.5";"940.82";"3620";"0";"";"";"";"-113";"-1.7999999523162842";"4829";"1773470230781"
"1305";"2026-03-14 03:37:20";"21.59";"65.5";"940.78";"3600";"0";"";"";"";"-113";"-1.7999999523162842";"4830";"1773470240805"
"1306";"2026-03-14 03:37:30";"21.59";"65.5";"940.82";"3620";"0";"";"";"";"-113";"-2";"4831";"1773470250813"
"1307";"2026-03-14 03:37:40";"21.59";"65.5";"940.8000000000001";"3600";"0";"";"";"";"-113";"-2";"4832";"1773470260810"
"1308";"2026-03-14 03:37:50";"21.59";"65.5";"940.84";"3620";"0";"";"";"";"-113";"-2";"4833";"1773470270822"
"1309";"2026-03-14 03:38:00";"21.59";"65.5";"940.82";"3600";"0";"";"";"";"-112";"-1.7999999523162842";"4834";"1773470280811"
"1310";"2026-03-14 03:38:10";"21.59";"65.5";"940.84";"3600";"0";"";"";"";"-113";"-2";"4835";"1773470290810"
"1311";"2026-03-14 03:38:20";"21.59";"65.5";"940.82";"3600";"0";"";"";"";"-112";"-1.7999999523162842";"4836";"1773470300807"
"1312";"2026-03-14 03:38:30";"21.59";"65.5";"940.82";"3620";"0";"";"";"";"-113";"-2";"4837";"1773470310813"
"1313";"2026-03-14 03:38:40";"21.59";"65.5";"940.82";"3620";"0";"";"";"";"-113";"-2";"4838";"1773470320803"
"1314";"2026-03-14 03:38:50";"21.59";"65.5";"940.84";"3600";"0";"";"";"";"-113";"-2";"4839";"1773470330811"
"1315";"2026-03-14 03:39:00";"21.59";"65.5";"940.82";"3620";"0";"";"";"";"-112";"-1.7999999523162842";"4840";"1773470340818"
"1316";"2026-03-14 03:39:10";"21.58";"65.5";"940.82";"3620";"0";"";"";"";"-113";"-2";"4841";"1773470350818"
"1317";"2026-03-14 03:39:20";"21.58";"65.5";"940.78";"3620";"0";"";"";"";"-113";"-2";"4842";"1773470360810"
"1318";"2026-03-14 03:39:30";"21.58";"65.5";"940.8000000000001";"3600";"0";"";"";"";"-113";"-1.7999999523162842";"4843";"1773470370814"
"1319";"2026-03-14 03:39:40";"21.58";"65.5";"940.8000000000001";"3600";"0";"";"";"";"-112";"-2";"4844";"1773470380832"
"1320";"2026-03-14 03:39:50";"21.58";"65.5";"940.78";"3620";"0";"";"";"";"-113";"-2";"4845";"1773470390806"
"1321";"2026-03-14 03:40:00";"21.58";"65.5";"940.82";"3600";"0";"";"";"";"-113";"-1.7999999523162842";"4846";"1773470400821"
"1322";"2026-03-14 03:40:10";"21.58";"65.5";"940.8000000000001";"3600";"0";"";"";"";"-113";"-1.7999999523162842";"4847";"1773470410809"
"1323";"2026-03-14 03:40:20";"21.58";"65.5";"940.82";"3620";"0";"";"";"";"-113";"-2";"4848";"1773470420769"
"1324";"2026-03-14 03:40:30";"21.59";"65.5";"940.8000000000001";"3620";"0";"";"";"";"-112";"-2";"4849";"1773470430818"
"1325";"2026-03-14 03:40:40";"21.58";"65.5";"940.84";"3600";"0";"";"";"";"-113";"-2";"4850";"1773470440817"
"1326";"2026-03-14 03:40:50";"21.58";"65.5";"940.8000000000001";"3620";"0";"";"";"";"-112";"-1.5";"4851";"1773470450818"
"1327";"2026-03-14 03:41:00";"21.58";"65.5";"940.82";"3600";"0";"";"";"";"-113";"-2";"4852";"1773470460819"
"1328";"2026-03-14 03:41:10";"21.58";"65.5";"940.8000000000001";"3600";"0";"";"";"";"-112";"-1.7999999523162842";"4853";"1773470470806"
"1329";"2026-03-14 03:41:20";"21.58";"65.5";"940.82";"3620";"0";"";"";"";"-113";"-2";"4854";"1773470480805"
"1330";"2026-03-14 03:41:30";"21.58";"65.5";"940.8000000000001";"3620";"0";"";"";"";"-112";"-2";"4855";"1773470490811"
"1331";"2026-03-14 03:41:40";"21.58";"65.5";"940.82";"3600";"0";"";"";"";"-113";"-2.299999952316284";"4856";"1773470500779"
"1332";"2026-03-14 03:41:50";"21.58";"65.5";"940.84";"3600";"0";"";"";"";"-113";"-2";"4857";"1773470510801"
"1333";"2026-03-14 03:42:00";"21.58";"65.5";"940.82";"3620";"0";"";"";"";"-112";"-1.7999999523162842";"4858";"1773470520809"
"1334";"2026-03-14 03:42:10";"21.58";"65.5";"940.86";"3600";"0";"";"";"";"-113";"-1.5";"4859";"1773470530810"
"1335";"2026-03-14 03:42:20";"21.58";"65.5";"940.82";"3600";"0";"";"";"";"-113";"-2";"4860";"1773470540810"
"1336";"2026-03-14 03:42:30";"21.58";"65.5";"940.84";"3620";"0";"";"";"";"-112";"-1.5";"4861";"1773470550817"
"1337";"2026-03-14 03:42:40";"21.58";"65.5";"940.8000000000001";"3620";"0";"";"";"";"-112";"-1.5";"4862";"1773470560815"
"1338";"2026-03-14 03:42:50";"21.58";"65.5";"940.78";"3600";"0";"";"";"";"-113";"-1.2999999523162842";"4863";"1773470570820"
"1339";"2026-03-14 03:43:00";"21.58";"65.5";"940.82";"3600";"0";"";"";"";"-112";"-1.5";"4864";"1773470580820"
"1340";"2026-03-14 03:43:10";"21.58";"65.5";"940.84";"3600";"0";"";"";"";"-113";"-1.2999999523162842";"4865";"1773470590812"
"1341";"2026-03-14 03:43:20";"21.58";"65.5";"940.84";"3600";"0";"";"";"";"-113";"-1.7999999523162842";"4866";"1773470600813"
"1342";"2026-03-14 03:43:30";"21.58";"65.5";"940.84";"3620";"0";"";"";"";"-113";"-1.2999999523162842";"4867";"1773470610808"
"1343";"2026-03-14 03:43:40";"21.58";"65.5";"940.86";"3600";"0";"";"";"";"-113";"-2";"4868";"1773470620806"
"1344";"2026-03-14 03:43:50";"21.58";"65.5";"940.88";"3600";"0";"";"";"";"-113";"-2";"4869";"1773470630821"
"1345";"2026-03-14 03:44:00";"21.59";"65.5";"940.88";"3600";"0";"";"";"";"-113";"-1.7999999523162842";"4870";"1773470640812"
"1346";"2026-03-14 03:44:10";"21.58";"65.5";"940.84";"3620";"0";"";"";"";"-112";"-2";"4871";"1773470650775"
"1347";"2026-03-14 03:44:20";"21.58";"65.5";"940.84";"3640";"0";"";"";"";"-113";"-2";"4872";"1773470660812"
"1348";"2026-03-14 03:44:30";"21.58";"65.5";"940.86";"3620";"0";"";"";"";"-113";"-2";"4873";"1773470670818"
"1349";"2026-03-14 03:44:40";"21.58";"65.5";"940.84";"3620";"0";"";"";"";"-113";"-2";"4874";"1773470680816"
"1350";"2026-03-14 03:44:50";"21.58";"65.5";"940.86";"3580";"0";"";"";"";"-113";"-1.7999999523162842";"4875";"1773470690820"
"1351";"2026-03-14 03:45:00";"21.58";"65.5";"940.88";"3580";"0";"";"";"";"-113";"-2";"4876";"1773470700814"
"1352";"2026-03-14 03:45:10";"21.58";"65.5";"940.84";"3620";"0";"";"";"";"-113";"-1.7999999523162842";"4877";"1773470710809"
"1353";"2026-03-14 03:45:20";"21.58";"65.5";"940.88";"3580";"0";"";"";"";"-113";"-2.299999952316284";"4878";"1773470720784"
"1354";"2026-03-14 03:45:30";"21.58";"65.5";"940.88";"3580";"0";"";"";"";"-113";"-1.7999999523162842";"4879";"1773470730808"
"1355";"2026-03-14 03:45:40";"21.58";"65.5";"940.84";"3620";"0";"";"";"";"-113";"-1.5";"4880";"1773470740811"
"1356";"2026-03-14 03:45:50";"21.58";"65.5";"940.86";"3620";"0";"";"";"";"-113";"-2";"4881";"1773470750814"
"1357";"2026-03-14 03:46:00";"21.58";"65.5";"940.88";"3600";"0";"";"";"";"-113";"-2";"4882";"1773470760806"
"1358";"2026-03-14 03:46:10";"21.58";"65.5";"940.86";"3620";"0";"";"";"";"-112";"-1.7999999523162842";"4883";"1773470770807"
"1359";"2026-03-14 03:46:20";"21.58";"65.5";"940.86";"3600";"0";"";"";"";"-112";"-2.299999952316284";"4884";"1773470780820"
"1360";"2026-03-14 03:46:30";"21.58";"65.5";"940.86";"3600";"0";"";"";"";"-113";"-2";"4885";"1773470790811"
"1361";"2026-03-14 03:46:40";"21.58";"65.5";"940.88";"3620";"0";"";"";"";"-113";"-2.299999952316284";"4886";"1773470800819"
"1362";"2026-03-14 03:46:50";"21.58";"65.5";"940.86";"3600";"0";"";"";"";"-113";"-2";"4887";"1773470810819"
"1363";"2026-03-14 03:47:00";"21.58";"65.5";"940.9";"3620";"0";"";"";"";"-113";"-2";"4888";"1773470820814"
"1364";"2026-03-14 03:47:10";"21.58";"65.5";"940.88";"3620";"0";"";"";"";"-113";"-1.5";"4889";"1773470830807"
"1365";"2026-03-14 03:47:20";"21.58";"65.5";"940.9";"3620";"0";"";"";"";"-113";"-1.7999999523162842";"4890";"1773470840779"
"1366";"2026-03-14 03:47:30";"21.58";"65.5";"940.9";"3600";"0";"";"";"";"-112";"-1.5";"4891";"1773470850805"
"1367";"2026-03-14 03:47:40";"21.58";"65.5";"940.88";"3600";"0";"";"";"";"-113";"-2";"4892";"1773470860811"
"1368";"2026-03-14 03:47:50";"21.58";"65.5";"940.88";"3600";"0";"";"";"";"-113";"-2";"4893";"1773470870807"
"1369";"2026-03-14 03:48:00";"21.58";"65.5";"940.84";"3600";"0";"";"";"";"-113";"-1.5";"4894";"1773470880803"
"1370";"2026-03-14 03:48:10";"21.58";"65.5";"940.88";"3620";"0";"";"";"";"-113";"-1.5";"4895";"1773470890803"
"1371";"2026-03-14 03:48:20";"21.58";"65.5";"940.9";"3620";"0";"";"";"";"-113";"-2";"4896";"1773470900817"
"1372";"2026-03-14 03:48:30";"21.58";"65.5";"940.88";"3620";"0";"";"";"";"-113";"-2.299999952316284";"4897";"1773470910811"
"1373";"2026-03-14 03:48:40";"21.58";"65.5";"940.86";"3620";"0";"";"";"";"-113";"-2";"4898";"1773470920809"
"1374";"2026-03-14 03:48:50";"21.58";"65.5";"940.9";"3580";"0";"";"";"";"-113";"-1.7999999523162842";"4899";"1773470930809"
"1375";"2026-03-14 03:49:00";"21.58";"65.5";"940.86";"3620";"0";"";"";"";"-113";"-2";"4900";"1773470940815"
"1376";"2026-03-14 03:49:10";"21.58";"65.5";"940.9";"3600";"0";"";"";"";"-113";"-2.299999952316284";"4901";"1773470950808"
"1377";"2026-03-14 03:49:20";"21.58";"65.5";"940.88";"3600";"0";"";"";"";"-113";"-2.299999952316284";"4902";"1773470960811"
"1378";"2026-03-14 03:49:30";"21.58";"65.5";"940.9";"3580";"0";"";"";"";"-113";"-2";"4903";"1773470970809"
"1379";"2026-03-14 03:49:40";"21.58";"65.5";"940.86";"3600";"0";"";"";"";"-113";"-1.7999999523162842";"4904";"1773470980810"
"1380";"2026-03-14 03:49:50";"21.58";"65.5";"940.86";"3600";"0";"";"";"";"-113";"-1.7999999523162842";"4905";"1773470990815"
"1381";"2026-03-14 03:50:00";"21.58";"65.5";"940.86";"3620";"0";"";"";"";"-113";"-2";"4906";"1773471000818"
"1382";"2026-03-14 03:50:10";"21.58";"65.5";"940.88";"3600";"0";"";"";"";"-113";"-2";"4907";"1773471010807"
"1383";"2026-03-14 03:50:20";"21.58";"65.5";"940.86";"3620";"0";"";"";"";"-113";"-2";"4908";"1773471020818"
"1384";"2026-03-14 03:50:30";"21.58";"65.5";"940.86";"3580";"0";"";"";"";"-113";"-2";"4909";"1773471030770"
"1385";"2026-03-14 03:50:40";"21.58";"65.5";"940.86";"3600";"0";"";"";"";"-113";"-2.299999952316284";"4910";"1773471040810"
"1386";"2026-03-14 03:50:50";"21.58";"65.5";"940.86";"3600";"0";"";"";"";"-113";"-2";"4911";"1773471050812"
"1387";"2026-03-14 03:51:00";"21.58";"65.5";"940.88";"3620";"0";"";"";"";"-113";"-1.7999999523162842";"4912";"1773471060807"
"1388";"2026-03-14 03:51:10";"21.57";"65.5";"940.84";"3600";"0";"";"";"";"-113";"-2";"4913";"1773471070817"
"1389";"2026-03-14 03:51:20";"21.58";"65.5";"940.86";"3600";"0";"";"";"";"-113";"-2.5";"4914";"1773471080802"
"1390";"2026-03-14 03:51:30";"21.58";"65.5";"940.88";"3600";"0";"";"";"";"-113";"-1.7999999523162842";"4915";"1773471090800"
"1391";"2026-03-14 03:51:40";"21.58";"65.5";"940.88";"3600";"0";"";"";"";"-113";"-2.299999952316284";"4916";"1773471100804"
"1392";"2026-03-14 03:51:50";"21.58";"65.5";"940.84";"3620";"0";"";"";"";"-113";"-1.7999999523162842";"4917";"1773471110801"
"1393";"2026-03-14 03:52:00";"21.57";"65.5";"940.82";"3580";"0";"";"";"";"-113";"-2";"4918";"1773471120815"
"1394";"2026-03-14 03:52:10";"21.58";"65.5";"940.86";"3600";"0";"";"";"";"-113";"-2";"4919";"1773471130816"
"1395";"2026-03-14 03:52:20";"21.58";"65.5";"940.82";"3620";"0";"";"";"";"-113";"-2";"4920";"1773471140824"
"1396";"2026-03-14 03:52:30";"21.57";"65.5";"940.8000000000001";"3620";"0";"";"";"";"-113";"-1.7999999523162842";"4921";"1773471150809"
"1397";"2026-03-14 03:52:40";"21.58";"65.5";"940.82";"3600";"0";"";"";"";"-113";"-2.299999952316284";"4922";"1773471160815"
"1398";"2026-03-14 03:52:50";"21.58";"65.5";"940.82";"3580";"0";"";"";"";"-113";"-2.799999952316284";"4923";"1773471170852"
"1399";"2026-03-14 03:53:00";"21.58";"65.5";"940.84";"3620";"0";"";"";"";"-113";"-1.7999999523162842";"4924";"1773471180808"
"1400";"2026-03-14 03:53:10";"21.57";"65.5";"940.82";"3620";"0";"";"";"";"-113";"-1.7999999523162842";"4925";"1773471190849"
"1401";"2026-03-14 03:53:20";"21.58";"65.5";"940.84";"3600";"0";"";"";"";"-113";"-2.299999952316284";"4926";"1773471200810"
"1402";"2026-03-14 03:53:30";"21.57";"65.5";"940.84";"3580";"0";"";"";"";"-113";"-1.5";"4927";"1773471210796"
"1403";"2026-03-14 03:53:40";"21.57";"65.5";"940.84";"3620";"0";"";"";"";"-113";"-1.7999999523162842";"4928";"1773471220825"
"1404";"2026-03-14 03:53:50";"21.57";"65.5";"940.82";"3600";"0";"";"";"";"-113";"-2";"4929";"1773471230804"
"1405";"2026-03-14 03:54:00";"21.58";"65.5";"940.82";"3600";"0";"";"";"";"-113";"-1.7999999523162842";"4930";"1773471240818"
"1406";"2026-03-14 03:54:10";"21.57";"65.5";"940.8000000000001";"3600";"0";"";"";"";"-113";"-1.7999999523162842";"4931";"1773471250802"
"1407";"2026-03-14 03:54:20";"21.57";"65.5";"940.8000000000001";"3600";"0";"";"";"";"-113";"-1.7999999523162842";"4932";"1773471260805"
"1408";"2026-03-14 03:54:30";"21.57";"65.5";"940.82";"3580";"0";"";"";"";"-112";"-1.7999999523162842";"4933";"1773471270808"
"1409";"2026-03-14 03:54:40";"21.57";"65.5";"940.82";"3580";"0";"";"";"";"-113";"-1.7999999523162842";"4934";"1773471280810"
"1410";"2026-03-14 03:54:50";"21.57";"65.5";"940.8000000000001";"3580";"0";"";"";"";"-113";"-1.7999999523162842";"4935";"1773471290805"
"1411";"2026-03-14 03:55:00";"21.57";"65.5";"940.82";"3600";"0";"";"";"";"-113";"-2";"4936";"1773471300814"
"1412";"2026-03-14 03:55:10";"21.57";"65.5";"940.84";"3600";"0";"";"";"";"-113";"-1.5";"4937";"1773471310803"
"1413";"2026-03-14 03:55:20";"21.57";"65.5";"940.82";"3620";"0";"";"";"";"-113";"-1.7999999523162842";"4938";"1773471320805"
"1414";"2026-03-14 03:55:30";"21.57";"65.5";"940.82";"3620";"0";"";"";"";"-113";"-1.7999999523162842";"4939";"1773471330803"
"1415";"2026-03-14 03:55:40";"21.57";"65.5";"940.82";"3600";"0";"";"";"";"-113";"-2";"4940";"1773471340808"
"1416";"2026-03-14 03:55:50";"21.57";"65.5";"940.82";"3600";"0";"";"";"";"-113";"-2.299999952316284";"4941";"1773471350811"
"1417";"2026-03-14 03:56:00";"21.56";"65.5";"940.82";"3600";"0";"";"";"";"-113";"-2.799999952316284";"4942";"1773471360812"
"1418";"2026-03-14 03:56:10";"21.56";"65.5";"940.8000000000001";"3620";"0";"";"";"";"-113";"-2.5";"4943";"1773471370808"
"1419";"2026-03-14 03:56:20";"21.57";"65.5";"940.82";"3580";"0";"";"";"";"-112";"-1.5";"4944";"1773471380804"
"1420";"2026-03-14 03:56:30";"21.57";"65.5";"940.82";"3600";"0";"";"";"";"-113";"-2.299999952316284";"4945";"1773471390807"
"1421";"2026-03-14 03:56:40";"21.57";"65.5";"940.86";"3620";"0";"";"";"";"-113";"-2";"4946";"1773471400809"
"1422";"2026-03-14 03:56:50";"21.57";"65.5";"940.82";"3580";"0";"";"";"";"-113";"-2.799999952316284";"4947";"1773471410817"
"1423";"2026-03-14 03:57:00";"21.57";"65.5";"940.84";"3620";"0";"";"";"";"-113";"-2";"4948";"1773471420811"
"1424";"2026-03-14 03:57:10";"21.57";"65.5";"940.84";"3600";"0";"";"";"";"-113";"-1.5";"4949";"1773471430806"
"1425";"2026-03-14 03:57:20";"21.56";"65.5";"940.84";"3580";"0";"";"";"";"-113";"-1.5";"4950";"1773471440807"
"1426";"2026-03-14 03:57:30";"21.56";"65.5";"940.82";"3600";"0";"";"";"";"-113";"-1.7999999523162842";"4951";"1773471450817"
"1427";"2026-03-14 03:57:40";"21.57";"65.5";"940.86";"3600";"0";"";"";"";"-113";"-1.7999999523162842";"4952";"1773471460814"
"1428";"2026-03-14 03:57:50";"21.56";"65.5";"940.82";"3580";"0";"";"";"";"-113";"-2.299999952316284";"4953";"1773471470808"
"1429";"2026-03-14 03:58:00";"21.56";"65.5";"940.82";"3580";"0";"";"";"";"-113";"-1.7999999523162842";"4954";"1773471480817"
"1430";"2026-03-14 03:58:10";"21.56";"65.5";"940.82";"3620";"0";"";"";"";"-113";"-1.7999999523162842";"4955";"1773471490819"
"1431";"2026-03-14 03:58:20";"21.56";"65.5";"940.84";"3580";"0";"";"";"";"-112";"-1";"4956";"1773471500803"
"1432";"2026-03-14 03:58:30";"21.56";"65.5";"940.88";"3600";"0";"";"";"";"-113";"-2.299999952316284";"4957";"1773471510811"
"1433";"2026-03-14 03:58:40";"21.56";"65.5";"940.84";"3620";"0";"";"";"";"-112";"-1.7999999523162842";"4958";"1773471520815"
"1434";"2026-03-14 03:58:50";"21.56";"65.5";"940.86";"3580";"0";"";"";"";"-113";"-2";"4959";"1773471530801"
"1435";"2026-03-14 03:59:00";"21.56";"65.5";"940.84";"3580";"0";"";"";"";"-113";"-2.5";"4960";"1773471540808"
"1436";"2026-03-14 03:59:10";"21.56";"65.5";"940.84";"3600";"0";"";"";"";"-113";"-2";"4961";"1773471550806"
"1437";"2026-03-14 03:59:20";"21.56";"65.5";"940.82";"3580";"0";"";"";"";"-113";"-1.7999999523162842";"4962";"1773471560818"
"1438";"2026-03-14 03:59:30";"21.56";"65.5";"940.86";"3620";"0";"";"";"";"-113";"-2";"4963";"1773471570807"
"1439";"2026-03-14 03:59:40";"21.56";"65.5";"940.86";"3580";"0";"";"";"";"-113";"-2";"4964";"1773471580803"
"1440";"2026-03-14 03:59:50";"21.56";"65.5";"940.84";"3580";"0";"";"";"";"-113";"-2.299999952316284";"4965";"1773471590814"
"1441";"2026-03-14 04:00:00";"21.56";"65.5";"940.84";"3620";"0";"";"";"";"-113";"-2";"4966";"1773471600807"
"1442";"2026-03-14 04:00:10";"21.56";"65.5";"940.86";"3600";"0";"";"";"";"-113";"-1.7999999523162842";"4967";"1773471610811"
"1443";"2026-03-14 04:00:20";"21.56";"65.5";"940.84";"3600";"0";"";"";"";"-113";"-2.799999952316284";"4968";"1773471620806"
"1444";"2026-03-14 04:00:30";"21.56";"65.5";"940.84";"3620";"0";"";"";"";"-113";"-2";"4969";"1773471630806"
"1445";"2026-03-14 04:00:40";"21.56";"65.5";"940.86";"3580";"0";"";"";"";"-113";"-1.7999999523162842";"4970";"1773471640779"
"1446";"2026-03-14 04:00:50";"21.56";"65.5";"940.84";"3600";"0";"";"";"";"-113";"-2";"4971";"1773471650815"
"1447";"2026-03-14 04:01:00";"21.56";"65.5";"940.88";"3580";"0";"";"";"";"-113";"-2.299999952316284";"4972";"1773471660808"
"1448";"2026-03-14 04:01:10";"21.56";"65.5";"940.88";"3600";"0";"";"";"";"-113";"-2.299999952316284";"4973";"1773471670809"
"1449";"2026-03-14 04:01:20";"21.56";"65.5";"940.88";"3620";"0";"";"";"";"-113";"-2.299999952316284";"4974";"1773471680811"
"1450";"2026-03-14 04:01:30";"21.56";"65.5";"940.9200000000001";"3600";"0";"";"";"";"-113";"-2";"4975";"1773471690816"
"1451";"2026-03-14 04:01:40";"21.56";"65.5";"940.86";"3620";"0";"";"";"";"-113";"-2.799999952316284";"4976";"1773471700807"
"1452";"2026-03-14 04:01:50";"21.55";"65.5";"940.88";"3600";"0";"";"";"";"-113";"-3.299999952316284";"4977";"1773471710808"
"1453";"2026-03-14 04:02:00";"21.55";"65.5";"940.86";"3620";"0";"";"";"";"-113";"-2.5";"4978";"1773471720806"
"1454";"2026-03-14 04:02:10";"21.55";"65.5";"940.86";"3580";"0";"";"";"";"-113";"-2.299999952316284";"4979";"1773471730801"
"1455";"2026-03-14 04:02:20";"21.55";"65.5";"940.88";"3620";"0";"";"";"";"-113";"-2.299999952316284";"4980";"1773471740809"
"1456";"2026-03-14 04:02:30";"21.55";"65.5";"940.88";"3600";"0";"";"";"";"-113";"-1.7999999523162842";"4981";"1773471750810"
"1457";"2026-03-14 04:02:40";"21.55";"65.5";"940.9";"3580";"0";"";"";"";"-112";"-2";"4982";"1773471760811"
"1458";"2026-03-14 04:02:50";"21.55";"65.5";"940.9";"3580";"0";"";"";"";"-112";"-1.7999999523162842";"4983";"1773471770811"
"1459";"2026-03-14 04:03:00";"21.55";"65.5";"940.88";"3620";"0";"";"";"";"-113";"-2.799999952316284";"4984";"1773471780806"
"1460";"2026-03-14 04:03:10";"21.55";"65.5";"940.9";"3620";"0";"";"";"";"-113";"-3";"4985";"1773471790816"
"1461";"2026-03-14 04:03:20";"21.55";"65.5";"940.9200000000001";"3600";"0";"";"";"";"-113";"-3.299999952316284";"4986";"1773471800806"
"1462";"2026-03-14 04:03:30";"21.55";"65.5";"940.84";"3620";"0";"";"";"";"-113";"-2.299999952316284";"4987";"1773471810811"
"1463";"2026-03-14 04:03:40";"21.55";"65.5";"940.9";"3600";"0";"";"";"";"-112";"-1";"4988";"1773471820808"
"1464";"2026-03-14 04:03:50";"21.55";"65.5";"940.9";"3600";"0";"";"";"";"-114";"-3.5";"4989";"1773471830822"
"1465";"2026-03-14 04:04:00";"21.55";"65.5";"940.88";"3580";"0";"";"";"";"-112";"-1.5";"4990";"1773471840805"
"1466";"2026-03-14 04:04:10";"21.55";"65.5";"940.86";"3620";"0";"";"";"";"-113";"-2.299999952316284";"4991";"1773471850809"
"1467";"2026-03-14 04:04:20";"21.55";"65.5";"940.88";"3620";"0";"";"";"";"-112";"-1.2999999523162842";"4992";"1773471860813"
"1468";"2026-03-14 04:04:30";"21.55";"65.5";"940.86";"3580";"0";"";"";"";"-113";"-2.299999952316284";"4993";"1773471870803"
"1469";"2026-03-14 04:04:40";"21.55";"65.5";"940.86";"3620";"0";"";"";"";"-113";"-1.7999999523162842";"4994";"1773471880804"
"1470";"2026-03-14 04:04:50";"21.55";"65.5";"940.86";"3600";"0";"";"";"";"-113";"-2.5";"4995";"1773471890816"
"1471";"2026-03-14 04:05:00";"21.55";"65.5";"940.88";"3600";"0";"";"";"";"-113";"-2";"4996";"1773471900816"
"1472";"2026-03-14 04:05:10";"21.55";"65.5";"940.86";"3600";"0";"";"";"";"-113";"-1.2999999523162842";"4997";"1773471910813"
"1473";"2026-03-14 04:05:20";"21.54";"65.5";"940.86";"3580";"0";"";"";"";"-112";"-1";"4998";"1773471920807"
"1474";"2026-03-14 04:05:30";"21.55";"65.5";"940.86";"3620";"0";"";"";"";"-113";"-1.7999999523162842";"4999";"1773471930813"
"1475";"2026-03-14 04:05:40";"21.55";"65.5";"940.86";"3600";"0";"";"";"";"-113";"-2";"5000";"1773471940817"
"1476";"2026-03-14 04:05:50";"21.54";"65.5";"940.86";"3620";"0";"";"";"";"-113";"-2";"5001";"1773471950814"
"1477";"2026-03-14 04:06:00";"21.54";"65.5";"940.84";"3580";"0";"";"";"";"-113";"-2";"5002";"1773471960803"
"1478";"2026-03-14 04:06:10";"21.54";"65.5";"940.84";"3580";"0";"";"";"";"-112";"-1.7999999523162842";"5003";"1773471970810"
"1479";"2026-03-14 04:06:20";"21.54";"65.5";"940.84";"3600";"0";"";"";"";"-112";"-1.5";"5004";"1773471980812"
"1480";"2026-03-14 04:06:30";"21.54";"65.5";"940.84";"3620";"0";"";"";"";"-113";"-1.2999999523162842";"5005";"1773471990805"
"1481";"2026-03-14 04:06:40";"21.55";"65.5";"940.86";"3600";"0";"";"";"";"-112";"-1.2999999523162842";"5006";"1773472000810"
"1482";"2026-03-14 04:06:50";"21.54";"65.5";"940.84";"3600";"0";"";"";"";"-113";"-2.299999952316284";"5007";"1773472010803"
"1483";"2026-03-14 04:07:00";"21.54";"65.5";"940.86";"3600";"0";"";"";"";"-112";"-2";"5008";"1773472020814"
"1484";"2026-03-14 04:07:10";"21.54";"65.5";"940.84";"3580";"0";"";"";"";"-113";"-2";"5009";"1773472030806"
"1485";"2026-03-14 04:07:20";"21.54";"65.5";"940.86";"3620";"0";"";"";"";"-113";"-1.7999999523162842";"5010";"1773472040805"
"1486";"2026-03-14 04:07:30";"21.54";"65.5";"940.86";"3580";"0";"";"";"";"-113";"-1.7999999523162842";"5011";"1773472050805"
"1487";"2026-03-14 04:07:40";"21.54";"65.5";"940.86";"3620";"0";"";"";"";"-113";"-2.299999952316284";"5012";"1773472060801"
"1488";"2026-03-14 04:07:50";"21.53";"65.5";"940.86";"3600";"0";"";"";"";"-113";"-1.2999999523162842";"5013";"1773472070803"
"1489";"2026-03-14 04:08:00";"21.54";"65.5";"940.84";"3600";"0";"";"";"";"-113";"-1.7999999523162842";"5014";"1773472080807"
"1490";"2026-03-14 04:08:10";"21.54";"65.5";"940.86";"3620";"0";"";"";"";"-113";"-2.5";"5015";"1773472090804"
"1491";"2026-03-14 04:08:20";"21.54";"65.5";"940.88";"3580";"0";"";"";"";"-113";"-1.5";"5016";"1773472100807"
"1492";"2026-03-14 04:08:30";"21.54";"65.5";"940.86";"3600";"0";"";"";"";"-113";"-1.5";"5017";"1773472110810"
"1493";"2026-03-14 04:08:40";"21.54";"65.5";"940.84";"3600";"0";"";"";"";"-113";"-2";"5018";"1773472120808"
"1494";"2026-03-14 04:08:50";"21.53";"65.5";"940.84";"3600";"0";"";"";"";"-113";"-1.5";"5019";"1773472130814"
"1495";"2026-03-14 04:09:00";"21.54";"65.5";"940.86";"3580";"0";"";"";"";"-113";"-1.7999999523162842";"5020";"1773472140805"
"1496";"2026-03-14 04:09:10";"21.53";"65.5";"940.84";"3620";"0";"";"";"";"-113";"-1.7999999523162842";"5021";"1773472150807"
"1497";"2026-03-14 04:09:20";"21.52";"65.5";"940.86";"3620";"0";"";"";"";"-113";"-2.299999952316284";"5022";"1773472160800"
"1498";"2026-03-14 04:09:30";"21.54";"65.5";"940.86";"3600";"0";"";"";"";"-112";"-1.2999999523162842";"5023";"1773472170798"
"1499";"2026-03-14 04:09:40";"21.53";"65.5";"940.84";"3620";"0";"";"";"";"-112";"-1.5";"5024";"1773472180810"
"1500";"2026-03-14 04:09:50";"21.53";"65.5";"940.82";"3620";"0";"";"";"";"-113";"-1.7999999523162842";"5025";"1773472190816"
"1501";"2026-03-14 04:10:00";"21.53";"65.5";"940.86";"3580";"0";"";"";"";"-113";"-2";"5026";"1773472200812"
"1502";"2026-03-14 04:10:10";"21.52";"65.5";"940.84";"3580";"0";"";"";"";"-113";"-1.7999999523162842";"5027";"1773472210809"
"1503";"2026-03-14 04:10:20";"21.53";"65.5";"940.88";"3620";"0";"";"";"";"-113";"-2";"5028";"1773472220797"
"1504";"2026-03-14 04:10:30";"21.53";"65.5";"940.88";"3580";"0";"";"";"";"-112";"-1.5";"5029";"1773472230804"
"1505";"2026-03-14 04:10:40";"21.53";"65.5";"940.82";"3600";"0";"";"";"";"-112";"-1.7999999523162842";"5030";"1773472240799"
"1506";"2026-03-14 04:10:50";"21.53";"65.5";"940.84";"3600";"0";"";"";"";"-112";"-1";"5031";"1773472250803"
"1507";"2026-03-14 04:11:00";"21.53";"65.5";"940.86";"3580";"0";"";"";"";"-112";"-1.2999999523162842";"5032";"1773472260810"
"1508";"2026-03-14 04:11:10";"21.52";"65.5";"940.84";"3600";"0";"";"";"";"-112";"-1.2999999523162842";"5033";"1773472270817"
"1509";"2026-03-14 04:11:20";"21.52";"65.5";"940.86";"3620";"0";"";"";"";"-112";"-1.2999999523162842";"5034";"1773472280797"
"1510";"2026-03-14 04:11:30";"21.53";"65.5";"940.86";"3620";"0";"";"";"";"-113";"-2";"5035";"1773472290813"
"1511";"2026-03-14 04:11:40";"21.52";"65.5";"940.84";"3600";"0";"";"";"";"-113";"-2.299999952316284";"5036";"1773472300809"
"1512";"2026-03-14 04:11:50";"21.52";"65.5";"940.84";"3600";"0";"";"";"";"-112";"-1.7999999523162842";"5037";"1773472310806"
"1513";"2026-03-14 04:12:00";"21.53";"65.5";"940.84";"3600";"0";"";"";"";"-113";"-1.7999999523162842";"5038";"1773472320802"
"1514";"2026-03-14 04:12:10";"21.53";"65.5";"940.88";"3620";"0";"";"";"";"-113";"-2.299999952316284";"5039";"1773472330820"
"1515";"2026-03-14 04:12:20";"21.52";"65.5";"940.86";"3620";"0";"";"";"";"-113";"-2";"5040";"1773472340810"
"1516";"2026-03-14 04:12:30";"21.52";"65.5";"940.84";"3600";"0";"";"";"";"-112";"-1.2999999523162842";"5041";"1773472350801"
"1517";"2026-03-14 04:12:40";"21.52";"65.5";"940.86";"3600";"0";"";"";"";"-112";"-1";"5042";"1773472360816"
"1518";"2026-03-14 04:12:50";"21.53";"65.5";"940.88";"3600";"0";"";"";"";"-113";"-1.7999999523162842";"5043";"1773472370811"
"1519";"2026-03-14 04:13:00";"21.53";"65.5";"940.86";"3580";"0";"";"";"";"-113";"-2.5";"5044";"1773472380800"
"1520";"2026-03-14 04:13:10";"21.53";"65.5";"940.86";"3600";"0";"";"";"";"-113";"-1.7999999523162842";"5045";"1773472390806"
"1521";"2026-03-14 04:13:20";"21.53";"65.5";"940.86";"3620";"0";"";"";"";"-113";"-2";"5046";"1773472400806"
"1522";"2026-03-14 04:13:30";"21.52";"65.5";"940.88";"3580";"0";"";"";"";"-113";"-0.800000011920929";"5047";"1773472410808"
"1523";"2026-03-14 04:13:40";"21.52";"65.5";"940.86";"3600";"0";"";"";"";"-113";"-1.7999999523162842";"5048";"1773472420808"
"1524";"2026-03-14 04:13:50";"21.52";"65.5";"940.9";"3620";"0";"";"";"";"-113";"-1.7999999523162842";"5049";"1773472430808"
"1525";"2026-03-14 04:14:00";"21.52";"65.5";"940.88";"3580";"0";"";"";"";"-113";"-1.7999999523162842";"5050";"1773472440802"
"1526";"2026-03-14 04:14:10";"21.52";"65.5";"940.86";"3600";"0";"";"";"";"-112";"-1.2999999523162842";"5051";"1773472450799"
"1527";"2026-03-14 04:14:20";"21.52";"65.5";"940.88";"3620";"0";"";"";"";"-113";"-1.7999999523162842";"5052";"1773472460780"
"1528";"2026-03-14 04:14:30";"21.53";"65.5";"940.88";"3580";"0";"";"";"";"-113";"-1.5";"5053";"1773472470807"
"1529";"2026-03-14 04:14:40";"21.52";"65.5";"940.86";"3600";"0";"";"";"";"-113";"-1";"5054";"1773472480805"
"1530";"2026-03-14 04:14:50";"21.52";"65.5";"940.88";"3580";"0";"";"";"";"-113";"-2";"5055";"1773472490811"
"1531";"2026-03-14 04:15:00";"21.52";"65.5";"940.88";"3580";"0";"";"";"";"-113";"-1.5";"5056";"1773472500805"
"1532";"2026-03-14 04:15:10";"21.52";"65.5";"940.88";"3600";"0";"";"";"";"-112";"-0.800000011920929";"5057";"1773472510801"
"1533";"2026-03-14 04:15:20";"21.52";"65.5";"940.84";"3600";"0";"";"";"";"-113";"-2";"5058";"1773472520777"
"1534";"2026-03-14 04:15:30";"21.52";"65.5";"940.84";"3600";"0";"";"";"";"-113";"-2.299999952316284";"5059";"1773472530806"
"1535";"2026-03-14 04:15:40";"21.52";"65.5";"940.86";"3600";"0";"";"";"";"-112";"-0.800000011920929";"5060";"1773472540809"
"1536";"2026-03-14 04:15:50";"21.52";"65.5";"940.88";"3620";"0";"";"";"";"-112";"-1";"5061";"1773472550810"
"1537";"2026-03-14 04:16:00";"21.51";"65.5";"940.84";"3620";"0";"";"";"";"-112";"-1.5";"5062";"1773472560800"
"1538";"2026-03-14 04:16:10";"21.52";"65.5";"940.84";"3580";"0";"";"";"";"-113";"-2";"5063";"1773472570792"
"1539";"2026-03-14 04:16:20";"21.52";"65.5";"940.84";"3600";"0";"";"";"";"-113";"-2.299999952316284";"5064";"1773472580809"
"1540";"2026-03-14 04:16:30";"21.51";"65.5";"940.84";"3600";"0";"";"";"";"-113";"-1.7999999523162842";"5065";"1773472590805"
"1541";"2026-03-14 04:16:40";"21.52";"65.5";"940.82";"3600";"0";"";"";"";"-113";"-1.5";"5066";"1773472600801"
"1542";"2026-03-14 04:16:50";"21.52";"65.5";"940.84";"3580";"0";"";"";"";"-112";"-0.800000011920929";"5067";"1773472610822"
"1543";"2026-03-14 04:17:00";"21.52";"65.5";"940.84";"3600";"0";"";"";"";"-113";"-2";"5068";"1773472620802"
"1544";"2026-03-14 04:17:10";"21.51";"65.5";"940.84";"3580";"0";"";"";"";"-113";"-1.5";"5069";"1773472630807"
"1545";"2026-03-14 04:17:20";"21.52";"65.5";"940.82";"3620";"0";"";"";"";"-113";"-1.5";"5070";"1773472640805"
"1546";"2026-03-14 04:17:30";"21.51";"65.5";"940.82";"3580";"0";"";"";"";"-113";"-1.7999999523162842";"5071";"1773472650809"
"1547";"2026-03-14 04:17:40";"21.52";"65.5";"940.84";"3600";"0";"";"";"";"-112";"-1.2999999523162842";"5072";"1773472660798"
"1548";"2026-03-14 04:17:50";"21.51";"65.5";"940.82";"3620";"0";"";"";"";"-113";"-1.7999999523162842";"5073";"1773472670813"
"1549";"2026-03-14 04:18:00";"21.51";"65.5";"940.84";"3600";"0";"";"";"";"-113";"-1.5";"5074";"1773472680811"
"1550";"2026-03-14 04:18:10";"21.51";"65.5";"940.84";"3580";"0";"";"";"";"-113";"-1.5";"5075";"1773472690803"
"1551";"2026-03-14 04:18:20";"21.51";"65.5";"940.82";"3600";"0";"";"";"";"-112";"-1.7999999523162842";"5076";"1773472700804"
"1552";"2026-03-14 04:18:30";"21.51";"65.5";"940.82";"3580";"0";"";"";"";"-113";"-2.5";"5077";"1773472710807"
"1553";"2026-03-14 04:18:40";"21.51";"65.5";"940.8000000000001";"3580";"0";"";"";"";"-113";"-2";"5078";"1773472720796"
"1554";"2026-03-14 04:18:50";"21.5";"65.5";"940.84";"3600";"0";"";"";"";"-113";"-2.5";"5079";"1773472730811"
"1555";"2026-03-14 04:19:00";"21.51";"65.5";"940.8000000000001";"3620";"0";"";"";"";"-113";"-2";"5080";"1773472740803"
"1556";"2026-03-14 04:19:10";"21.5";"65.5";"940.82";"3600";"0";"";"";"";"-113";"-2.799999952316284";"5081";"1773472750800"
"1557";"2026-03-14 04:19:20";"21.5";"65.5";"940.8000000000001";"3600";"0";"";"";"";"-113";"-1.7999999523162842";"5082";"1773472760800"
"1558";"2026-03-14 04:19:30";"21.51";"65.5";"940.82";"3620";"0";"";"";"";"-113";"-2";"5083";"1773472770807"
"1559";"2026-03-14 04:19:40";"21.51";"65.5";"940.8000000000001";"3600";"0";"";"";"";"-112";"-1.7999999523162842";"5084";"1773472780804"
"1560";"2026-03-14 04:19:50";"21.5";"65.5";"940.8000000000001";"3600";"0";"";"";"";"-112";"-0.800000011920929";"5085";"1773472790808"
"1561";"2026-03-14 04:20:00";"21.5";"65.5";"940.86";"3600";"0";"";"";"";"-112";"-1.2999999523162842";"5086";"1773472800799"
"1562";"2026-03-14 04:20:10";"21.5";"65.5";"940.84";"3580";"0";"";"";"";"-112";"-1.7999999523162842";"5087";"1773472810797"
"1563";"2026-03-14 04:20:20";"21.51";"65.5";"940.86";"3580";"0";"";"";"";"-113";"-2.299999952316284";"5088";"1773472820810"
"1564";"2026-03-14 04:20:30";"21.5";"65.5";"940.84";"3580";"0";"";"";"";"-112";"-2";"5089";"1773472830805"
"1565";"2026-03-14 04:20:40";"21.5";"65.5";"940.82";"3580";"0";"";"";"";"-113";"-1.7999999523162842";"5090";"1773472840807"
"1566";"2026-03-14 04:20:50";"21.5";"65.5";"940.88";"3600";"0";"";"";"";"-113";"-1.7999999523162842";"5091";"1773472850808"
"1567";"2026-03-14 04:21:00";"21.5";"65.5";"940.86";"3580";"0";"";"";"";"-113";"-2";"5092";"1773472860813"
"1568";"2026-03-14 04:21:10";"21.49";"65.5";"940.84";"3620";"0";"";"";"";"-113";"-1.7999999523162842";"5093";"1773472870796"
"1569";"2026-03-14 04:21:20";"21.5";"65.5";"940.86";"3600";"0";"";"";"";"-113";"-2";"5094";"1773472880801"
"1570";"2026-03-14 04:21:30";"21.5";"65.5";"940.86";"3580";"0";"";"";"";"-113";"-2.5";"5095";"1773472890806"
"1571";"2026-03-14 04:21:40";"21.5";"65.5";"940.88";"3600";"0";"";"";"";"-113";"-2.299999952316284";"5096";"1773472900818"
"1572";"2026-03-14 04:21:50";"21.49";"65.5";"940.86";"3600";"0";"";"";"";"-113";"-1.7999999523162842";"5097";"1773472910812"
"1573";"2026-03-14 04:22:00";"21.5";"65.5";"940.88";"3580";"0";"";"";"";"-113";"-2";"5098";"1773472920806"
"1574";"2026-03-14 04:22:10";"21.49";"65.5";"940.86";"3620";"0";"";"";"";"-113";"-2";"5099";"1773472930794"
"1575";"2026-03-14 04:22:20";"21.5";"65.5";"940.88";"3600";"0";"";"";"";"-113";"-1.7999999523162842";"5100";"1773472940808"
"1576";"2026-03-14 04:22:30";"21.49";"65.5";"940.88";"3580";"0";"";"";"";"-113";"-1.2999999523162842";"5101";"1773472950798"
"1577";"2026-03-14 04:22:40";"21.49";"65.5";"940.88";"3600";"0";"";"";"";"-113";"-2";"5102";"1773472960794"
"1578";"2026-03-14 04:22:50";"21.49";"65.5";"940.9";"3620";"0";"";"";"";"-113";"-1.7999999523162842";"5103";"1773472970804"
"1579";"2026-03-14 04:23:00";"21.49";"65.5";"940.9";"3600";"0";"";"";"";"-112";"-1.5";"5104";"1773472980806"
"1580";"2026-03-14 04:23:10";"21.49";"65.5";"940.9";"3620";"0";"";"";"";"-112";"-2.299999952316284";"5105";"1773472990804"
"1581";"2026-03-14 04:23:20";"21.49";"65.5";"940.86";"3620";"0";"";"";"";"-112";"-1";"5106";"1773473000786"
"1582";"2026-03-14 04:23:30";"21.49";"65.5";"940.88";"3620";"0";"";"";"";"-113";"-1.2999999523162842";"5107";"1773473010808"
"1583";"2026-03-14 04:23:40";"21.49";"65.5";"940.88";"3580";"0";"";"";"";"-113";"-1";"5108";"1773473020796"
"1584";"2026-03-14 04:23:50";"21.49";"65.5";"940.88";"3600";"0";"";"";"";"-112";"-1.2999999523162842";"5109";"1773473030795"
"1585";"2026-03-14 04:24:00";"21.49";"65.5";"940.9";"3600";"0";"";"";"";"-113";"-2";"5110";"1773473040800"
"1586";"2026-03-14 04:24:10";"21.49";"65.5";"940.88";"3600";"0";"";"";"";"-113";"-2.799999952316284";"5111";"1773473050803"
"1587";"2026-03-14 04:24:20";"21.49";"65.5";"940.84";"3580";"0";"";"";"";"-112";"-1.2999999523162842";"5112";"1773473060806"
"1588";"2026-03-14 04:24:30";"21.48";"65.5";"940.86";"3620";"0";"";"";"";"-113";"-1.2999999523162842";"5113";"1773473070801"
"1589";"2026-03-14 04:24:40";"21.48";"65.5";"940.84";"3580";"0";"";"";"";"-112";"-1.2999999523162842";"5114";"1773473080809"
"1590";"2026-03-14 04:24:50";"21.48";"65.5";"940.86";"3600";"0";"";"";"";"-113";"-2.299999952316284";"5115";"1773473090810"
"1591";"2026-03-14 04:25:00";"21.49";"65.5";"940.88";"3580";"0";"";"";"";"-113";"-2";"5116";"1773473100805"
"1592";"2026-03-14 04:25:10";"21.49";"65.5";"940.9";"3580";"0";"";"";"";"-113";"-1.7999999523162842";"5117";"1773473110804"
"1593";"2026-03-14 04:25:20";"21.48";"65.5";"940.86";"3600";"0";"";"";"";"-112";"-1";"5118";"1773473120804"
"1594";"2026-03-14 04:25:30";"21.48";"65.5";"940.84";"3600";"0";"";"";"";"-113";"-1.5";"5119";"1773473130802"
"1595";"2026-03-14 04:25:40";"21.48";"65.5";"940.88";"3600";"0";"";"";"";"-113";"-2";"5120";"1773473140804"
"1596";"2026-03-14 04:25:50";"21.48";"65.5";"940.88";"3580";"0";"";"";"";"-112";"-1.2999999523162842";"5121";"1773473150799"
"1597";"2026-03-14 04:26:00";"21.48";"65.5";"940.88";"3600";"0";"";"";"";"-112";"-1";"5122";"1773473160806"
"1598";"2026-03-14 04:26:10";"21.48";"65.5";"940.88";"3600";"0";"";"";"";"-113";"-2";"5123";"1773473170796"
"1599";"2026-03-14 04:26:20";"21.48";"65.5";"940.86";"3600";"0";"";"";"";"-113";"-1.2999999523162842";"5124";"1773473180802"
"1600";"2026-03-14 04:26:30";"21.48";"65.5";"940.84";"3600";"0";"";"";"";"-112";"-1.2999999523162842";"5125";"1773473190807"
"1601";"2026-03-14 04:26:40";"21.47";"65.5";"940.84";"3600";"0";"";"";"";"-113";"-1.5";"5126";"1773473200808"
"1602";"2026-03-14 04:26:50";"21.48";"65.5";"940.88";"3580";"0";"";"";"";"-112";"-0.800000011920929";"5127";"1773473210805"
"1603";"2026-03-14 04:27:00";"21.48";"65.5";"940.84";"3600";"0";"";"";"";"-113";"-1.5";"5128";"1773473220802"
"1604";"2026-03-14 04:27:10";"21.47";"65.5";"940.84";"3600";"0";"";"";"";"-113";"-1.2999999523162842";"5129";"1773473230796"
"1605";"2026-03-14 04:27:20";"21.47";"65.5";"940.86";"3600";"0";"";"";"";"-112";"-0.800000011920929";"5130";"1773473240762"
"1606";"2026-03-14 04:27:30";"21.47";"65.5";"940.86";"3620";"0";"";"";"";"-112";"-1.2999999523162842";"5131";"1773473250804"
"1607";"2026-03-14 04:27:40";"21.47";"65.5";"940.84";"3580";"0";"";"";"";"-113";"-1.2999999523162842";"5132";"1773473260807"
"1608";"2026-03-14 04:27:50";"21.47";"65.5";"940.86";"3580";"0";"";"";"";"-112";"-1.5";"5133";"1773473270794"
"1609";"2026-03-14 04:28:00";"21.47";"65.5";"940.88";"3600";"0";"";"";"";"-112";"-1.2999999523162842";"5134";"1773473280792"
"1610";"2026-03-14 04:28:10";"21.47";"65.5";"940.84";"3620";"0";"";"";"";"-113";"-1.5";"5135";"1773473290795"
"1611";"2026-03-14 04:28:20";"21.47";"65.5";"940.86";"3620";"0";"";"";"";"-113";"-1.2999999523162842";"5136";"1773473300799"
"1612";"2026-03-14 04:28:30";"21.47";"65.5";"940.84";"3580";"0";"";"";"";"-113";"-1.2999999523162842";"5137";"1773473310802"
"1613";"2026-03-14 04:28:40";"21.46";"65.5";"940.86";"3600";"0";"";"";"";"-113";"-2";"5138";"1773473320804"
"1614";"2026-03-14 04:28:50";"21.46";"65.5";"940.86";"3600";"0";"";"";"";"-113";"-2";"5139";"1773473330801"
"1615";"2026-03-14 04:29:00";"21.46";"65.5";"940.84";"3600";"0";"";"";"";"-113";"-2";"5140";"1773473340805"
"1616";"2026-03-14 04:29:10";"21.46";"65.5";"940.84";"3620";"0";"";"";"";"-112";"-1.5";"5141";"1773473350807"
"1617";"2026-03-14 04:29:20";"21.45";"65.5";"940.86";"3600";"0";"";"";"";"-112";"-0.800000011920929";"5142";"1773473360803"
"1618";"2026-03-14 04:29:30";"21.46";"65.5";"940.86";"3600";"0";"";"";"";"-112";"-1.2999999523162842";"5143";"1773473370808"
"1619";"2026-03-14 04:29:40";"21.45";"65.5";"940.84";"3600";"0";"";"";"";"-112";"-1";"5144";"1773473380805"
"1620";"2026-03-14 04:29:50";"21.45";"65.5";"940.84";"3580";"0";"";"";"";"-113";"-2";"5145";"1773473390770"
"1621";"2026-03-14 04:30:00";"21.45";"65.5";"940.86";"3600";"0";"";"";"";"-113";"-1.2999999523162842";"5146";"1773473400806"
"1622";"2026-03-14 04:30:10";"21.45";"65.5";"940.86";"3620";"0";"";"";"";"-112";"-1";"5147";"1773473410806"
"1623";"2026-03-14 04:30:20";"21.45";"65.5";"940.84";"3580";"0";"";"";"";"-113";"-1.5";"5148";"1773473420797"
"1624";"2026-03-14 04:30:30";"21.45";"65.5";"940.84";"3620";"0";"";"";"";"-112";"-1.5";"5149";"1773473430773"
"1625";"2026-03-14 04:30:40";"21.45";"65.5";"940.84";"3580";"0";"";"";"";"-112";"-1";"5150";"1773473440797"
"1626";"2026-03-14 04:30:50";"21.44";"65.5";"940.82";"3620";"0";"";"";"";"-113";"-2";"5151";"1773473450809"
"1627";"2026-03-14 04:31:00";"21.44";"65.5";"940.86";"3620";"0";"";"";"";"-113";"-1.5";"5152";"1773473460799"
"1628";"2026-03-14 04:31:10";"21.44";"65.5";"940.84";"3600";"0";"";"";"";"-113";"-1.5";"5153";"1773473470805"
"1629";"2026-03-14 04:31:20";"21.44";"65.5";"940.84";"3580";"0";"";"";"";"-113";"-1.2999999523162842";"5154";"1773473480804"
"1630";"2026-03-14 04:31:30";"21.45";"65.5";"940.86";"3580";"0";"";"";"";"-113";"-1.5";"5155";"1773473490794"
"1631";"2026-03-14 04:31:40";"21.44";"65.5";"940.86";"3620";"0";"";"";"";"-112";"-1";"5156";"1773473500794"
"1632";"2026-03-14 04:31:50";"21.44";"65.5";"940.84";"3620";"0";"";"";"";"-112";"-1.2999999523162842";"5157";"1773473510796"
"1633";"2026-03-14 04:32:00";"21.44";"65.5";"940.86";"3620";"0";"";"";"";"-113";"-1.7999999523162842";"5158";"1773473520802"
"1634";"2026-03-14 04:32:10";"21.44";"65.5";"940.84";"3600";"0";"";"";"";"-113";"-1.2999999523162842";"5159";"1773473530762"
"1635";"2026-03-14 04:32:20";"21.43";"65.5";"940.84";"3620";"0";"";"";"";"-113";"-1.5";"5160";"1773473540800"
"1636";"2026-03-14 04:32:30";"21.44";"65.5";"940.84";"3600";"0";"";"";"";"-112";"-1.2999999523162842";"5161";"1773473550809"
"1637";"2026-03-14 04:32:40";"21.44";"65.5";"940.86";"3620";"0";"";"";"";"-113";"-1.5";"5162";"1773473560797"
"1638";"2026-03-14 04:32:50";"21.44";"65.5";"940.86";"3620";"0";"";"";"";"-112";"-1";"5163";"1773473570797"
"1639";"2026-03-14 04:33:00";"21.44";"65.5";"940.86";"3600";"0";"";"";"";"-113";"-1";"5164";"1773473580808"
"1640";"2026-03-14 04:33:10";"21.43";"65.5";"940.88";"3600";"0";"";"";"";"-113";"-2";"5165";"1773473590796"
"1641";"2026-03-14 04:33:20";"21.43";"65.5";"940.84";"3580";"0";"";"";"";"-113";"-1.5";"5166";"1773473600806"
"1642";"2026-03-14 04:33:30";"21.43";"65.5";"940.84";"3600";"0";"";"";"";"-112";"-1";"5167";"1773473610787"
"1643";"2026-03-14 04:33:40";"21.43";"65.5";"940.84";"3580";"0";"";"";"";"-112";"-1";"5168";"1773473620799"
"1644";"2026-03-14 04:33:50";"21.43";"65.5";"940.84";"3580";"0";"";"";"";"-112";"-0.5";"5169";"1773473630803"
"1645";"2026-03-14 04:34:00";"21.43";"65.5";"940.86";"3580";"0";"";"";"";"-112";"-1";"5170";"1773473640805"
"1646";"2026-03-14 04:34:10";"21.43";"65.5";"940.88";"3620";"0";"";"";"";"-113";"-1.7999999523162842";"5171";"1773473650810"
"1647";"2026-03-14 04:34:20";"21.43";"65.5";"940.86";"3620";"0";"";"";"";"-113";"-1.7999999523162842";"5172";"1773473660800"
"1648";"2026-03-14 04:34:30";"21.43";"65.5";"940.88";"3600";"0";"";"";"";"-113";"-1.7999999523162842";"5173";"1773473670802"
"1649";"2026-03-14 04:34:40";"21.43";"65.5";"940.86";"3600";"0";"";"";"";"-112";"-0.5";"5174";"1773473680797"
"1650";"2026-03-14 04:34:50";"21.42";"65.5";"940.86";"3600";"0";"";"";"";"-112";"-1.2999999523162842";"5175";"1773473690800"
"1651";"2026-03-14 04:35:00";"21.43";"65.5";"940.88";"3580";"0";"";"";"";"-113";"-1.5";"5176";"1773473700800"
"1652";"2026-03-14 04:35:10";"21.43";"65.5";"940.88";"3580";"0";"";"";"";"-113";"-1.2999999523162842";"5177";"1773473710795"
"1653";"2026-03-14 04:35:20";"21.43";"65.5";"940.9";"3580";"0";"";"";"";"-113";"-2";"5178";"1773473720803"
"1654";"2026-03-14 04:35:30";"21.43";"65.5";"940.9";"3600";"0";"";"";"";"-113";"-1.7999999523162842";"5179";"1773473730809"
"1655";"2026-03-14 04:35:40";"21.43";"65.5";"940.88";"3620";"0";"";"";"";"-112";"-1.2999999523162842";"5180";"1773473740803"
"1656";"2026-03-14 04:35:50";"21.43";"65.5";"940.86";"3580";"0";"";"";"";"-113";"-1.2999999523162842";"5181";"1773473750805"
"1657";"2026-03-14 04:36:00";"21.42";"65.5";"940.88";"3580";"0";"";"";"";"-112";"-0.800000011920929";"5182";"1773473760800"
"1658";"2026-03-14 04:36:10";"21.42";"65.5";"940.84";"3620";"0";"";"";"";"-112";"-1.2999999523162842";"5183";"1773473770800"
"1659";"2026-03-14 04:36:20";"21.43";"65.5";"940.86";"3620";"0";"";"";"";"-113";"-1.2999999523162842";"5184";"1773473780801"
"1660";"2026-03-14 04:36:30";"21.42";"65.5";"940.86";"3620";"0";"";"";"";"-112";"-1.7999999523162842";"5185";"1773473790791"
"1661";"2026-03-14 04:36:40";"21.42";"65.5";"940.84";"3580";"0";"";"";"";"-113";"-1.2999999523162842";"5186";"1773473800806"
"1662";"2026-03-14 04:36:50";"21.43";"65.5";"940.88";"3600";"0";"";"";"";"-112";"-1";"5187";"1773473810795"
"1663";"2026-03-14 04:37:00";"21.43";"65.5";"940.88";"3580";"0";"";"";"";"-113";"-1.5";"5188";"1773473820809"
"1664";"2026-03-14 04:37:10";"21.42";"65.5";"940.88";"3620";"0";"";"";"";"-112";"-1.7999999523162842";"5189";"1773473830790"
"1665";"2026-03-14 04:37:20";"21.42";"65.5";"940.88";"3620";"0";"";"";"";"-113";"-1";"5190";"1773473840799"
"1666";"2026-03-14 04:37:30";"21.43";"65.5";"940.9200000000001";"3600";"0";"";"";"";"-113";"-1.7999999523162842";"5191";"1773473850800"
"1667";"2026-03-14 04:37:40";"21.43";"65.5";"940.9";"3620";"0";"";"";"";"-113";"-1.5";"5192";"1773473860809"
"1668";"2026-03-14 04:37:50";"21.43";"65.5";"940.9200000000001";"3580";"0";"";"";"";"-112";"-1";"5193";"1773473870799"
"1669";"2026-03-14 04:38:00";"21.43";"65.5";"940.88";"3580";"0";"";"";"";"-113";"-1.5";"5194";"1773473880798"
"1670";"2026-03-14 04:38:10";"21.43";"65.5";"940.9";"3600";"0";"";"";"";"-112";"-1.5";"5195";"1773473890822"
"1671";"2026-03-14 04:38:20";"21.43";"65.5";"940.88";"3580";"0";"";"";"";"-112";"-1.5";"5196";"1773473900797"
"1672";"2026-03-14 04:38:30";"21.43";"65.5";"940.9200000000001";"3600";"0";"";"";"";"-112";"-1";"5197";"1773473910800"
"1673";"2026-03-14 04:38:40";"21.42";"65.5";"940.9";"3620";"0";"";"";"";"-112";"-1.7999999523162842";"5198";"1773473920795"
"1674";"2026-03-14 04:38:50";"21.43";"65.5";"940.84";"3580";"0";"";"";"";"-113";"-2";"5199";"1773473930797"
"1675";"2026-03-14 04:39:00";"21.43";"65.5";"940.88";"3600";"0";"";"";"";"-112";"-1.7999999523162842";"5200";"1773473940800"
"1676";"2026-03-14 04:39:10";"21.43";"65.5";"940.88";"3600";"0";"";"";"";"-113";"-1.7999999523162842";"5201";"1773473950793"
"1677";"2026-03-14 04:39:20";"21.43";"65.5";"940.88";"3600";"0";"";"";"";"-112";"-1.2999999523162842";"5202";"1773473960765"
"1678";"2026-03-14 04:39:30";"21.43";"65.5";"940.88";"3600";"0";"";"";"";"-113";"-1.7999999523162842";"5203";"1773473970802"
"1679";"2026-03-14 04:39:40";"21.43";"65.5";"940.9";"3600";"0";"";"";"";"-113";"-1.5";"5204";"1773473980794"
"1680";"2026-03-14 04:39:50";"21.43";"65.5";"940.88";"3620";"0";"";"";"";"-112";"-1";"5205";"1773473990795"
"1681";"2026-03-14 04:40:00";"21.43";"65.5";"940.9";"3620";"0";"";"";"";"-112";"-1";"5206";"1773474000802"
"1682";"2026-03-14 04:40:10";"21.43";"65.5";"940.88";"3600";"0";"";"";"";"-113";"-2";"5207";"1773474010767"
"1683";"2026-03-14 04:40:20";"21.43";"65.5";"940.88";"3600";"0";"";"";"";"-113";"-1.5";"5208";"1773474020759"
"1684";"2026-03-14 04:40:30";"21.43";"65.5";"940.9200000000001";"3600";"0";"";"";"";"-113";"-2";"5209";"1773474030799"
"1685";"2026-03-14 04:40:40";"21.43";"65.5";"940.88";"3580";"0";"";"";"";"-113";"-1.7999999523162842";"5210";"1773474040798"
"1686";"2026-03-14 04:40:50";"21.43";"65.5";"940.84";"3620";"0";"";"";"";"-113";"-2";"5211";"1773474050804"
"1687";"2026-03-14 04:41:00";"21.43";"65.5";"940.88";"3580";"0";"";"";"";"-112";"-1.2999999523162842";"5212";"1773474060802"
"1688";"2026-03-14 04:41:10";"21.43";"65.5";"940.88";"3600";"0";"";"";"";"-113";"-1.2999999523162842";"5213";"1773474070805"
"1689";"2026-03-14 04:41:20";"21.44";"65.5";"940.9";"3600";"0";"";"";"";"-112";"-1";"5214";"1773474080800"
"1690";"2026-03-14 04:41:30";"21.43";"65.5";"940.9";"3600";"0";"";"";"";"-113";"-2";"5215";"1773474090808"
"1691";"2026-03-14 04:41:40";"21.43";"65.5";"940.88";"3580";"0";"";"";"";"-113";"-2";"5216";"1773474100803"
"1692";"2026-03-14 04:41:50";"21.43";"65.5";"940.9";"3620";"0";"";"";"";"-113";"-2";"5217";"1773474110772"
"1693";"2026-03-14 04:42:00";"21.43";"65.5";"940.88";"3600";"0";"";"";"";"-113";"-2";"5218";"1773474120797"
"1694";"2026-03-14 04:42:10";"21.43";"65.5";"940.88";"3620";"0";"";"";"";"-113";"-1.7999999523162842";"5219";"1773474130788"
"1695";"2026-03-14 04:42:20";"21.43";"65.5";"940.88";"3600";"0";"";"";"";"-113";"-1.2999999523162842";"5220";"1773474140794"
"1696";"2026-03-14 04:42:30";"21.43";"65.5";"940.86";"3600";"0";"";"";"";"-113";"-2";"5221";"1773474150807"
"1697";"2026-03-14 04:42:40";"21.43";"65.5";"940.88";"3620";"0";"";"";"";"-112";"-1.5";"5222";"1773474160795"
"1698";"2026-03-14 04:42:50";"21.43";"65.5";"940.88";"3620";"0";"";"";"";"-113";"-2.799999952316284";"5223";"1773474170755"
"1699";"2026-03-14 04:43:00";"21.43";"65.5";"940.9";"3580";"0";"";"";"";"-113";"-2";"5224";"1773474180770"
"1700";"2026-03-14 04:43:10";"21.43";"65.5";"940.88";"3580";"0";"";"";"";"-113";"-2.299999952316284";"5225";"1773474190767"
"1701";"2026-03-14 04:43:20";"21.43";"65.5";"940.88";"3600";"0";"";"";"";"-113";"-2";"5226";"1773474200796"
"1702";"2026-03-14 04:43:30";"21.43";"65.5";"940.88";"3600";"0";"";"";"";"-113";"-1.7999999523162842";"5227";"1773474210791"
"1703";"2026-03-14 04:43:40";"21.43";"65.5";"940.88";"3620";"0";"";"";"";"-113";"-2.5";"5228";"1773474220806"
"1704";"2026-03-14 04:43:50";"21.43";"65.5";"940.9";"3600";"0";"";"";"";"-113";"-1.7999999523162842";"5229";"1773474230804"
"1705";"2026-03-14 04:44:00";"21.43";"65.5";"940.9";"3580";"0";"";"";"";"-113";"-2.5";"5230";"1773474240795"
"1706";"2026-03-14 04:44:10";"21.43";"65.5";"940.9";"3580";"0";"";"";"";"-113";"-3.5";"5231";"1773474250767"
"1707";"2026-03-14 04:44:20";"21.43";"65.5";"940.9";"3620";"0";"";"";"";"-113";"-2";"5232";"1773474260799"
"1708";"2026-03-14 04:44:30";"21.43";"65.5";"940.9";"3600";"0";"";"";"";"-113";"-2";"5233";"1773474270790"
"1709";"2026-03-14 04:44:40";"21.43";"65.5";"940.9";"3620";"0";"";"";"";"-113";"-2.299999952316284";"5234";"1773474280803"
"1710";"2026-03-14 04:44:50";"21.43";"65.5";"940.9";"3580";"0";"";"";"";"-113";"-1.7999999523162842";"5235";"1773474290801"
"1711";"2026-03-14 04:45:00";"21.42";"65.5";"940.88";"3580";"0";"";"";"";"-113";"-2";"5236";"1773474300803"
"1712";"2026-03-14 04:45:10";"21.43";"65.5";"940.9200000000001";"3600";"0";"";"";"";"-113";"-2";"5237";"1773474310796"
"1713";"2026-03-14 04:45:20";"21.43";"65.5";"940.9";"3580";"0";"";"";"";"-113";"-1.7999999523162842";"5238";"1773474320795"
"1714";"2026-03-14 04:45:30";"21.43";"65.5";"940.9200000000001";"3580";"0";"";"";"";"-113";"-2";"5239";"1773474330796"
"1715";"2026-03-14 04:45:40";"21.43";"65.5";"940.9";"3600";"0";"";"";"";"-113";"-2.5";"5240";"1773474340822"
"1716";"2026-03-14 04:45:50";"21.43";"65.5";"940.9";"3620";"0";"";"";"";"-113";"-2.299999952316284";"5241";"1773474350790"
"1717";"2026-03-14 04:46:00";"21.43";"65.5";"940.9";"3600";"0";"";"";"";"-113";"-2.299999952316284";"5242";"1773474360790"
"1718";"2026-03-14 04:46:10";"21.43";"65.5";"940.9";"3600";"0";"";"";"";"-113";"-2";"5243";"1773474370767"
"1719";"2026-03-14 04:46:20";"21.43";"65.5";"940.9200000000001";"3580";"0";"";"";"";"-113";"-1.5";"5244";"1773474380784"
"1720";"2026-03-14 04:46:30";"21.43";"65.5";"940.88";"3600";"0";"";"";"";"-113";"-2";"5245";"1773474390789"
"1721";"2026-03-14 04:46:40";"21.43";"65.5";"940.94";"3580";"0";"";"";"";"-113";"-1.7999999523162842";"5246";"1773474400828"
"1722";"2026-03-14 04:46:50";"21.43";"65.5";"940.9";"3580";"0";"";"";"";"-113";"-2";"5247";"1773474410798"
"1723";"2026-03-14 04:47:00";"21.43";"65.5";"940.9";"3580";"0";"";"";"";"-113";"-2";"5248";"1773474420806"
"1724";"2026-03-14 04:47:10";"21.43";"65.5";"940.9200000000001";"3580";"0";"";"";"";"-113";"-2.299999952316284";"5249";"1773474430801"
"1725";"2026-03-14 04:47:20";"21.44";"65.5";"940.88";"3580";"0";"";"";"";"-112";"-1.5";"5250";"1773474440758"
"1726";"2026-03-14 04:47:30";"21.43";"65.5";"940.9200000000001";"3580";"0";"";"";"";"-112";"-1";"5251";"1773474450798"
"1727";"2026-03-14 04:47:40";"21.43";"65.5";"940.9";"3600";"0";"";"";"";"-113";"-1.5";"5252";"1773474460805"
"1728";"2026-03-14 04:47:50";"21.43";"65.5";"940.9200000000001";"3620";"0";"";"";"";"-113";"-1.5";"5253";"1773474470800"
"1729";"2026-03-14 04:48:00";"21.43";"65.5";"940.9200000000001";"3580";"0";"";"";"";"-112";"-1.5";"5254";"1773474480797"
"1730";"2026-03-14 04:48:10";"21.43";"65.5";"940.96";"3580";"0";"";"";"";"-113";"-2";"5255";"1773474490794"
"1731";"2026-03-14 04:48:20";"21.43";"65.5";"940.94";"3620";"0";"";"";"";"-113";"-1.5";"5256";"1773474500838"
"1732";"2026-03-14 04:48:30";"21.44";"65.5";"940.94";"3620";"0";"";"";"";"-113";"-2";"5257";"1773474510801"
"1733";"2026-03-14 04:48:40";"21.43";"65.5";"940.94";"3580";"0";"";"";"";"-113";"-1.7999999523162842";"5258";"1773474520794"
"1734";"2026-03-14 04:48:50";"21.43";"65.5";"940.94";"3580";"0";"";"";"";"-113";"-2";"5259";"1773474530802"
"1735";"2026-03-14 04:49:00";"21.43";"65.5";"940.9200000000001";"3620";"0";"";"";"";"-112";"-1.5";"5260";"1773474540797"
"1736";"2026-03-14 04:49:10";"21.43";"65.5";"940.94";"3580";"0";"";"";"";"-113";"-1.7999999523162842";"5261";"1773474550785"
"1737";"2026-03-14 04:49:20";"21.43";"65.5";"940.94";"3620";"0";"";"";"";"-113";"-1.5";"5262";"1773474560763"
"1738";"2026-03-14 04:49:30";"21.43";"65.5";"940.94";"3620";"0";"";"";"";"-112";"-1.2999999523162842";"5263";"1773474570790"
"1739";"2026-03-14 04:49:40";"21.43";"65.5";"940.94";"3600";"0";"";"";"";"-112";"-1.2999999523162842";"5264";"1773474580804"
"1740";"2026-03-14 04:49:50";"21.43";"65.5";"940.94";"3580";"0";"";"";"";"-113";"-1.2999999523162842";"5265";"1773474590803"
"1741";"2026-03-14 04:50:00";"21.43";"65.5";"940.94";"3580";"0";"";"";"";"-113";"-1.5";"5266";"1773474600800"
"1742";"2026-03-14 04:50:10";"21.43";"65.5";"940.98";"3580";"0";"";"";"";"-113";"-2";"5267";"1773474610792"
"1743";"2026-03-14 04:50:20";"21.43";"65.5";"940.94";"3580";"0";"";"";"";"-113";"-1.7999999523162842";"5268";"1773474620765"
"1744";"2026-03-14 04:50:30";"21.43";"65.5";"940.94";"3600";"0";"";"";"";"-113";"-2";"5269";"1773474630794"
"1745";"2026-03-14 04:50:40";"21.43";"65.5";"940.96";"3620";"0";"";"";"";"-112";"-2";"5270";"1773474640792"
"1746";"2026-03-14 04:50:50";"21.43";"65.5";"940.96";"3580";"0";"";"";"";"-113";"-2";"5271";"1773474650793"
"1747";"2026-03-14 04:51:00";"21.43";"65.5";"941";"3620";"0";"";"";"";"-113";"-1.5";"5272";"1773474660801"
"1748";"2026-03-14 04:51:10";"21.43";"65.5";"941";"3620";"0";"";"";"";"-113";"-2";"5273";"1773474670793"
"1749";"2026-03-14 04:51:20";"21.43";"65.5";"941";"3600";"0";"";"";"";"-113";"-1.7999999523162842";"5274";"1773474680772"
"1750";"2026-03-14 04:51:30";"21.43";"65.5";"941";"3600";"0";"";"";"";"-113";"-1.7999999523162842";"5275";"1773474690799"
"1751";"2026-03-14 04:51:40";"21.44";"65.5";"941.02";"3620";"0";"";"";"";"-113";"-2";"5276";"1773474700801"
"1752";"2026-03-14 04:51:50";"21.43";"65.5";"941.02";"3600";"0";"";"";"";"-113";"-2";"5277";"1773474710789"
"1753";"2026-03-14 04:52:00";"21.43";"65.5";"941";"3580";"0";"";"";"";"-113";"-1.7999999523162842";"5278";"1773474720798"
"1754";"2026-03-14 04:52:10";"21.43";"65.5";"941";"3620";"0";"";"";"";"-112";"-1.5";"5279";"1773474730799"
"1755";"2026-03-14 04:52:20";"21.43";"65.5";"940.98";"3580";"0";"";"";"";"-113";"-2";"5280";"1773474740783"
"1756";"2026-03-14 04:52:30";"21.43";"65.5";"940.98";"3580";"0";"";"";"";"-113";"-1.7999999523162842";"5281";"1773474750795"
"1757";"2026-03-14 04:52:40";"21.43";"65.5";"941";"3620";"0";"";"";"";"-113";"-1.7999999523162842";"5282";"1773474760796"
"1758";"2026-03-14 04:52:50";"21.44";"65.5";"941.02";"3580";"0";"";"";"";"-113";"-1.7999999523162842";"5283";"1773474770805"
"1759";"2026-03-14 04:53:00";"21.44";"65.5";"941";"3580";"0";"";"";"";"-112";"-1.5";"5284";"1773474780787"
"1760";"2026-03-14 04:53:10";"21.44";"65.5";"940.98";"3620";"0";"";"";"";"-113";"-2";"5285";"1773474790794"
"1761";"2026-03-14 04:53:20";"21.44";"65.5";"940.98";"3620";"0";"";"";"";"-113";"-1.7999999523162842";"5286";"1773474800784"
"1762";"2026-03-14 04:53:30";"21.44";"65.5";"941";"3600";"0";"";"";"";"-113";"-1.7999999523162842";"5287";"1773474810804"
"1763";"2026-03-14 04:53:40";"21.44";"65.5";"941";"3620";"0";"";"";"";"-113";"-2";"5288";"1773474820794"
"1764";"2026-03-14 04:53:50";"21.44";"65.5";"941";"3620";"0";"";"";"";"-113";"-1.7999999523162842";"5289";"1773474830820"
"1765";"2026-03-14 04:54:00";"21.43";"65.5";"941";"3620";"0";"";"";"";"-113";"-2.299999952316284";"5290";"1773474840803"
"1766";"2026-03-14 04:54:10";"21.44";"65.5";"940.98";"3580";"0";"";"";"";"-113";"-2.299999952316284";"5291";"1773474850796"
"1767";"2026-03-14 04:54:20";"21.44";"65.5";"940.98";"3600";"0";"";"";"";"-113";"-2";"5292";"1773474860792"
"1768";"2026-03-14 04:54:30";"21.44";"65.5";"940.98";"3600";"0";"";"";"";"-113";"-2";"5293";"1773474870800"
"1769";"2026-03-14 04:54:40";"21.44";"65.5";"940.96";"3580";"0";"";"";"";"-113";"-2";"5294";"1773474880799"
"1770";"2026-03-14 04:54:50";"21.44";"65.5";"940.98";"3580";"0";"";"";"";"-113";"-1.7999999523162842";"5295";"1773474890873"
"1771";"2026-03-14 04:55:00";"21.43";"65.5";"940.96";"3580";"0";"";"";"";"-113";"-2.299999952316284";"5296";"1773474900765"
"1772";"2026-03-14 04:55:10";"21.43";"65.5";"940.98";"3600";"0";"";"";"";"-112";"-1.5";"5297";"1773474910797"
"1773";"2026-03-14 04:55:20";"21.43";"65.5";"940.98";"3600";"0";"";"";"";"-113";"-1.7999999523162842";"5298";"1773474920794"
"1774";"2026-03-14 04:55:30";"21.44";"65.5";"940.98";"3600";"0";"";"";"";"-113";"-2";"5299";"1773474930792"
"1775";"2026-03-14 04:55:40";"21.43";"65.5";"940.98";"3580";"0";"";"";"";"-112";"-1.5";"5300";"1773474940801"
"1776";"2026-03-14 04:55:50";"21.44";"65.5";"940.98";"3600";"0";"";"";"";"-112";"-1.2999999523162842";"5301";"1773474950770"
"1777";"2026-03-14 04:56:00";"21.43";"65.5";"941";"3600";"0";"";"";"";"-113";"-2.799999952316284";"5302";"1773474960791"
"1778";"2026-03-14 04:56:10";"21.44";"65.5";"941";"3580";"0";"";"";"";"-113";"-2.5";"5303";"1773474970791"
"1779";"2026-03-14 04:56:20";"21.44";"65.5";"940.98";"3600";"0";"";"";"";"-113";"-3.5";"5304";"1773474980797"
"1780";"2026-03-14 04:56:30";"21.43";"65.5";"941.02";"3620";"0";"";"";"";"-112";"-1.2999999523162842";"5305";"1773474990812"
"1781";"2026-03-14 04:56:40";"21.43";"65.5";"940.98";"3620";"0";"";"";"";"-112";"-1.5";"5306";"1773475000801"
"1782";"2026-03-14 04:56:50";"21.43";"65.5";"940.94";"3580";"0";"";"";"";"-112";"-1.2999999523162842";"5307";"1773475010778"
"1783";"2026-03-14 04:57:00";"21.43";"65.5";"940.98";"3580";"0";"";"";"";"-113";"-1.5";"5308";"1773475020787"
"1784";"2026-03-14 04:57:10";"21.44";"65.5";"941.04";"3580";"0";"";"";"";"-113";"-2";"5309";"1773475030792"
"1785";"2026-03-14 04:57:20";"21.43";"65.5";"940.98";"3600";"0";"";"";"";"-113";"-1.2999999523162842";"5310";"1773475040783"
"1786";"2026-03-14 04:57:30";"21.43";"65.5";"940.98";"3620";"0";"";"";"";"-112";"-1.2999999523162842";"5311";"1773475050801"
"1787";"2026-03-14 04:57:40";"21.43";"65.5";"941";"3600";"0";"";"";"";"-113";"-2.5";"5312";"1773475060795"
"1788";"2026-03-14 04:57:50";"21.43";"65.5";"941";"3580";"0";"";"";"";"-113";"-2";"5313";"1773475070786"
"1789";"2026-03-14 04:58:00";"21.43";"65.5";"940.98";"3580";"0";"";"";"";"-113";"-2.299999952316284";"5314";"1773475080785"
"1790";"2026-03-14 04:58:10";"21.43";"65.5";"941";"3620";"0";"";"";"";"-113";"-2";"5315";"1773475090794"
"1791";"2026-03-14 04:58:20";"21.43";"65.5";"940.98";"3600";"0";"";"";"";"-113";"-1.2999999523162842";"5316";"1773475100787"
"1792";"2026-03-14 04:58:30";"21.43";"65.5";"941";"3580";"0";"";"";"";"-113";"-2.299999952316284";"5317";"1773475110786"
"1793";"2026-03-14 04:58:40";"21.43";"65.5";"941";"3600";"0";"";"";"";"-113";"-2";"5318";"1773475120761"
"1794";"2026-03-14 04:58:50";"21.42";"65.5";"941";"3600";"0";"";"";"";"-113";"-2";"5319";"1773475130782"
"1795";"2026-03-14 04:59:00";"21.42";"65.5";"941";"3600";"0";"";"";"";"-113";"-1.7999999523162842";"5320";"1773475140789"
"1796";"2026-03-14 04:59:10";"21.42";"65.5";"940.98";"3580";"0";"";"";"";"-113";"-1.2999999523162842";"5321";"1773475150797"
"1797";"2026-03-14 04:59:20";"21.42";"65.5";"940.96";"3620";"0";"";"";"";"-113";"-1.7999999523162842";"5322";"1773475160830"
"1798";"2026-03-14 04:59:30";"21.42";"65.5";"941.02";"3620";"0";"";"";"";"-113";"-2.299999952316284";"5323";"1773475170798"
"1799";"2026-03-14 04:59:40";"21.42";"65.5";"941";"3580";"0";"";"";"";"-113";"-2.299999952316284";"5324";"1773475180799"
"1800";"2026-03-14 04:59:50";"21.43";"65.5";"941";"3580";"0";"";"";"";"-113";"-3";"5325";"1773475190783"
"1801";"2026-03-14 05:00:00";"21.42";"65.5";"941";"3580";"0";"";"";"";"-113";"-2.299999952316284";"5326";"1773475200789"
"1802";"2026-03-14 05:00:10";"21.42";"65.5";"941.02";"3580";"0";"";"";"";"-113";"-2.5";"5327";"1773475210797"
"1803";"2026-03-14 05:00:20";"21.42";"65.5";"940.98";"3600";"0";"";"";"";"-113";"-2";"5328";"1773475220754"
"1804";"2026-03-14 05:00:30";"21.42";"65.5";"941";"3580";"0";"";"";"";"-112";"-1";"5329";"1773475230793"
"1805";"2026-03-14 05:00:40";"21.42";"65.5";"941.04";"3600";"0";"";"";"";"-113";"-2";"5330";"1773475240795"
"1806";"2026-03-14 05:00:50";"21.42";"65.5";"940.98";"3600";"0";"";"";"";"-113";"-2.799999952316284";"5331";"1773475250785"
"1807";"2026-03-14 05:01:00";"21.42";"65.5";"941";"3580";"0";"";"";"";"-113";"-2.5";"5332";"1773475260758"
"1808";"2026-03-14 05:01:10";"21.42";"65.5";"941.02";"3580";"0";"";"";"";"-112";"-1.2999999523162842";"5333";"1773475270797"
"1809";"2026-03-14 05:01:20";"21.42";"65.5";"941";"3580";"0";"";"";"";"-113";"-2";"5334";"1773475280756"
"1810";"2026-03-14 05:01:30";"21.42";"65.5";"941.04";"3620";"0";"";"";"";"-113";"-1.7999999523162842";"5335";"1773475290792"
"1811";"2026-03-14 05:01:40";"21.41";"65.5";"940.98";"3600";"0";"";"";"";"-112";"-1";"5336";"1773475300795"
"1812";"2026-03-14 05:01:50";"21.42";"65.5";"940.98";"3600";"0";"";"";"";"-112";"-1.5";"5337";"1773475310810"
"1813";"2026-03-14 05:02:00";"21.41";"65.5";"940.98";"3620";"0";"";"";"";"-113";"-2.299999952316284";"5338";"1773475320790"
"1814";"2026-03-14 05:02:10";"21.41";"65.5";"940.98";"3620";"0";"";"";"";"-112";"-1.5";"5339";"1773475330791"
"1815";"2026-03-14 05:02:20";"21.41";"65.5";"941";"3620";"0";"";"";"";"-113";"-2.299999952316284";"5340";"1773475340784"
"1816";"2026-03-14 05:02:30";"21.41";"65.5";"941.04";"3620";"0";"";"";"";"-112";"-1.5";"5341";"1773475350791"
"1817";"2026-03-14 05:02:40";"21.41";"65.5";"940.96";"3600";"0";"";"";"";"-112";"-1.2999999523162842";"5342";"1773475360833"
"1818";"2026-03-14 05:02:50";"21.41";"65.5";"941.04";"3600";"0";"";"";"";"-112";"-1.5";"5343";"1773475370786"
"1819";"2026-03-14 05:03:00";"21.41";"65.5";"941.0600000000001";"3620";"0";"";"";"";"-113";"-2.299999952316284";"5344";"1773475380797"
"1820";"2026-03-14 05:03:10";"21.41";"65.5";"941.0600000000001";"3600";"0";"";"";"";"-112";"-1";"5345";"1773475390816"
"1821";"2026-03-14 05:03:20";"21.4";"65.5";"941.04";"3600";"0";"";"";"";"-112";"-1.2999999523162842";"5346";"1773475400799"
"1822";"2026-03-14 05:03:30";"21.4";"65.5";"941.0600000000001";"3620";"0";"";"";"";"-113";"-2.5";"5347";"1773475410791"
"1823";"2026-03-14 05:03:40";"21.41";"65.5";"941.04";"3620";"0";"";"";"";"-112";"-0.800000011920929";"5348";"1773475420790"
"1824";"2026-03-14 05:03:50";"21.41";"65.5";"941.02";"3620";"0";"";"";"";"-112";"-2";"5349";"1773475430808"
"1825";"2026-03-14 05:04:00";"21.4";"65.5";"941.08";"3580";"0";"";"";"";"-113";"-2.299999952316284";"5350";"1773475440793"
"1826";"2026-03-14 05:04:10";"21.4";"65.5";"941.02";"3580";"0";"";"";"";"-113";"-2.5";"5351";"1773475450796"
"1827";"2026-03-14 05:04:20";"21.39";"65.5";"941.02";"3580";"0";"";"";"";"-113";"-2.5";"5352";"1773475460751"
"1828";"2026-03-14 05:04:30";"21.4";"65.5";"941.04";"3580";"0";"";"";"";"-113";"-2.5";"5353";"1773475470793"
"1829";"2026-03-14 05:04:40";"21.4";"65.5";"941.0600000000001";"3580";"0";"";"";"";"-113";"-2";"5354";"1773475480797"
"1830";"2026-03-14 05:04:50";"21.4";"65.5";"941.08";"3620";"0";"";"";"";"-113";"-1.5";"5355";"1773475490755"
"1831";"2026-03-14 05:05:00";"21.39";"65.5";"941.0600000000001";"3580";"0";"";"";"";"-113";"-1.5";"5356";"1773475500788"
"1832";"2026-03-14 05:05:10";"21.4";"65.5";"941.1";"3600";"0";"";"";"";"-113";"-1.7999999523162842";"5357";"1773475510789"
"1833";"2026-03-14 05:05:20";"21.39";"65.5";"941.0600000000001";"3580";"0";"";"";"";"-113";"-1.5";"5358";"1773475520755"
"1834";"2026-03-14 05:05:30";"21.4";"65.5";"941.0600000000001";"3600";"0";"";"";"";"-113";"-1.2999999523162842";"5359";"1773475530791"
"1835";"2026-03-14 05:05:40";"21.4";"65.5";"941.04";"3600";"0";"";"";"";"-113";"-2";"5360";"1773475540809"
"1836";"2026-03-14 05:05:50";"21.39";"65.5";"941.08";"3580";"0";"";"";"";"-113";"-1.7999999523162842";"5361";"1773475550756"
"1837";"2026-03-14 05:06:00";"21.4";"65.5";"941.1";"3600";"0";"";"";"";"-112";"-1.5";"5362";"1773475560794"
"1838";"2026-03-14 05:06:10";"21.39";"65.5";"941.0600000000001";"3600";"0";"";"";"";"-113";"-1.7999999523162842";"5363";"1773475570795"
"1839";"2026-03-14 05:06:20";"21.39";"65.5";"941.08";"3580";"0";"";"";"";"-113";"-1.7999999523162842";"5364";"1773475580762"
"1840";"2026-03-14 05:06:30";"21.39";"65.5";"941.04";"3620";"0";"";"";"";"-113";"-2";"5365";"1773475590799"
"1841";"2026-03-14 05:06:40";"21.39";"65.5";"941.1";"3600";"0";"";"";"";"-112";"-2";"5366";"1773475600775"
"1842";"2026-03-14 05:06:50";"21.39";"65.5";"941.08";"3580";"0";"";"";"";"-112";"-1.5";"5367";"1773475610775"
"1843";"2026-03-14 05:07:00";"21.39";"65.5";"941.04";"3580";"0";"";"";"";"-112";"-1.7999999523162842";"5368";"1773475620805"
"1844";"2026-03-14 05:07:10";"21.39";"65.5";"941.12";"3620";"0";"";"";"";"-112";"-1.5";"5369";"1773475630799"
"1845";"2026-03-14 05:07:20";"21.39";"65.5";"941.04";"3600";"0";"";"";"";"-113";"-1.5";"5370";"1773475640793"
"1846";"2026-03-14 05:07:30";"21.39";"65.5";"941.0600000000001";"3600";"0";"";"";"";"-112";"-1.2999999523162842";"5371";"1773475650784"
"1847";"2026-03-14 05:07:40";"21.39";"65.5";"941.08";"3620";"0";"";"";"";"-112";"-1.5";"5372";"1773475660781"
"1848";"2026-03-14 05:07:50";"21.39";"65.5";"941";"3580";"0";"";"";"";"-113";"-1.7999999523162842";"5373";"1773475670794"
"1849";"2026-03-14 05:08:00";"21.39";"65.5";"941.0600000000001";"3600";"0";"";"";"";"-112";"-1.7999999523162842";"5374";"1773475680789"
"1850";"2026-03-14 05:08:10";"21.39";"65.5";"941.04";"3600";"0";"";"";"";"-113";"-1.5";"5375";"1773475690793"
"1851";"2026-03-14 05:08:20";"21.39";"65.5";"941.08";"3620";"0";"";"";"";"-113";"-1.2999999523162842";"5376";"1773475700794"
"1852";"2026-03-14 05:08:30";"21.39";"65.5";"941.08";"3620";"0";"";"";"";"-113";"-1.7999999523162842";"5377";"1773475710787"
"1853";"2026-03-14 05:08:40";"21.39";"65.5";"941.08";"3660";"0";"";"";"";"-113";"-1.7999999523162842";"5378";"1773475720799"
"1854";"2026-03-14 05:08:50";"21.39";"65.5";"941.08";"3580";"0";"";"";"";"-113";"-2";"5379";"1773475730805"
"1855";"2026-03-14 05:09:00";"21.39";"65.5";"941.12";"3600";"0";"";"";"";"-112";"-1.7999999523162842";"5380";"1773475740789"
"1856";"2026-03-14 05:09:10";"21.39";"65.5";"941.0600000000001";"3600";"0";"";"";"";"-113";"-2";"5381";"1773475750783"
"1857";"2026-03-14 05:09:20";"21.39";"65.5";"941.1";"3620";"0";"";"";"";"-113";"-2.299999952316284";"5382";"1773475760794"
"1858";"2026-03-14 05:09:30";"21.39";"65.5";"941.08";"3580";"0";"";"";"";"-113";"-2.299999952316284";"5383";"1773475770787"
"1859";"2026-03-14 05:09:40";"21.39";"65.5";"941.12";"3600";"0";"";"";"";"-113";"-2";"5384";"1773475780800"
"1860";"2026-03-14 05:09:50";"21.39";"65.5";"941.0600000000001";"3600";"0";"";"";"";"-112";"-2";"5385";"1773475790805"
"1861";"2026-03-14 05:10:00";"21.39";"65.5";"941.08";"3600";"0";"";"";"";"-113";"-1.7999999523162842";"5386";"1773475800760"
"1862";"2026-03-14 05:10:10";"21.39";"65.5";"941.0600000000001";"3620";"0";"";"";"";"-113";"-2.299999952316284";"5387";"1773475810802"
"1863";"2026-03-14 05:10:20";"21.39";"65.5";"941.04";"3620";"0";"";"";"";"-113";"-1.5";"5388";"1773475820800"
"1864";"2026-03-14 05:10:30";"21.39";"65.5";"941.0600000000001";"3620";"0";"";"";"";"-113";"-2.5";"5389";"1773475830790"
"1865";"2026-03-14 05:10:40";"21.39";"65.5";"941.04";"3600";"0";"";"";"";"-113";"-2.299999952316284";"5390";"1773475840772"
"1866";"2026-03-14 05:10:50";"21.39";"65.5";"941.08";"3620";"0";"";"";"";"-113";"-2.299999952316284";"5391";"1773475850796"
"1867";"2026-03-14 05:11:00";"21.39";"65.5";"941.02";"3620";"0";"";"";"";"-113";"-2.299999952316284";"5392";"1773475860787"
"1868";"2026-03-14 05:11:10";"21.39";"65.5";"941.0600000000001";"3580";"0";"";"";"";"-112";"-2";"5393";"1773475870795"
"1869";"2026-03-14 05:11:20";"21.39";"65.5";"941.04";"3620";"0";"";"";"";"-113";"-2.299999952316284";"5394";"1773475880786"
"1870";"2026-03-14 05:11:30";"21.39";"65.5";"941.02";"3600";"0";"";"";"";"-112";"-2";"5395";"1773475890794"
"1871";"2026-03-14 05:11:40";"21.39";"65.5";"941";"3580";"0";"";"";"";"-113";"-2";"5396";"1773475900787"
"1872";"2026-03-14 05:11:50";"21.39";"65.5";"941.02";"3580";"0";"";"";"";"-113";"-1.7999999523162842";"5397";"1773475910789"
"1873";"2026-03-14 05:12:00";"21.39";"65.5";"940.98";"3600";"0";"";"";"";"-113";"-2.5";"5398";"1773475920795"
"1874";"2026-03-14 05:12:10";"21.39";"65.5";"940.98";"3580";"0";"";"";"";"-113";"-2.299999952316284";"5399";"1773475930794"
"1875";"2026-03-14 05:12:20";"21.39";"65.5";"941";"3600";"0";"";"";"";"-113";"-2";"5400";"1773475940797"
"1876";"2026-03-14 05:12:30";"21.39";"65.5";"940.96";"3600";"0";"";"";"";"-113";"-2.5";"5401";"1773475950795"
"1877";"2026-03-14 05:12:40";"21.39";"65.5";"941";"3600";"0";"";"";"";"-113";"-1.5";"5402";"1773475960788"
"1878";"2026-03-14 05:12:50";"21.39";"65.5";"940.94";"3580";"0";"";"";"";"-113";"-1.7999999523162842";"5403";"1773475970786"
"1879";"2026-03-14 05:13:00";"21.39";"65.5";"940.96";"3620";"0";"";"";"";"-113";"-2";"5404";"1773475980786"
"1880";"2026-03-14 05:13:10";"21.39";"65.5";"940.94";"3600";"0";"";"";"";"-113";"-2";"5405";"1773475990795"
"1881";"2026-03-14 05:13:20";"21.39";"65.5";"941";"3600";"0";"";"";"";"-113";"-1.7999999523162842";"5406";"1773476000794"
"1882";"2026-03-14 05:13:30";"21.39";"65.5";"940.96";"3620";"0";"";"";"";"-113";"-1.5";"5407";"1773476010817"
"1883";"2026-03-14 05:13:40";"21.39";"65.5";"940.98";"3600";"0";"";"";"";"-113";"-2";"5408";"1773476020796"
"1884";"2026-03-14 05:13:50";"21.39";"65.5";"941";"3600";"0";"";"";"";"-113";"-2.299999952316284";"5409";"1773476030807"
"1885";"2026-03-14 05:14:00";"21.39";"65.5";"940.98";"3600";"0";"";"";"";"-113";"-1.7999999523162842";"5410";"1773476040780"
"1886";"2026-03-14 05:14:10";"21.39";"65.5";"941.04";"3580";"0";"";"";"";"-113";"-1.7999999523162842";"5411";"1773476050784"
"1887";"2026-03-14 05:14:20";"21.39";"65.5";"941";"3620";"0";"";"";"";"-113";"-2.5";"5412";"1773476060792"
"1888";"2026-03-14 05:14:30";"21.39";"65.5";"940.96";"3600";"0";"";"";"";"-113";"-2.299999952316284";"5413";"1773476070766"
"1889";"2026-03-14 05:14:40";"21.39";"65.5";"940.98";"3580";"0";"";"";"";"-113";"-1.7999999523162842";"5414";"1773476080798"
"1890";"2026-03-14 05:14:50";"21.39";"65.5";"940.98";"3600";"0";"";"";"";"-113";"-1.7999999523162842";"5415";"1773476090792"
"1891";"2026-03-14 05:15:00";"21.39";"65.5";"941.02";"3580";"0";"";"";"";"-113";"-1.7999999523162842";"5416";"1773476100790"
"1892";"2026-03-14 05:15:10";"21.39";"65.5";"940.96";"3620";"0";"";"";"";"-113";"-2.299999952316284";"5417";"1773476110763"
"1893";"2026-03-14 05:15:20";"21.39";"65.5";"941";"3620";"0";"";"";"";"-113";"-2";"5418";"1773476120765"
"1894";"2026-03-14 05:15:30";"21.39";"65.5";"941";"3600";"0";"";"";"";"-113";"-2.5";"5419";"1773476130794"
"1895";"2026-03-14 05:15:40";"21.39";"65.5";"941.02";"3600";"0";"";"";"";"-113";"-2";"5420";"1773476140789"
"1896";"2026-03-14 05:15:50";"21.38";"65.5";"941";"3600";"0";"";"";"";"-113";"-2.5";"5421";"1773476150787"
"1897";"2026-03-14 05:16:00";"21.39";"65.5";"941.04";"3620";"0";"";"";"";"-113";"-2";"5422";"1773476160764"
"1898";"2026-03-14 05:16:10";"21.39";"65.5";"941.04";"3580";"0";"";"";"";"-113";"-1.7999999523162842";"5423";"1773476170793"
"1899";"2026-03-14 05:16:20";"21.38";"65.5";"941.02";"3600";"0";"";"";"";"-113";"-2";"5424";"1773476180780"
"1900";"2026-03-14 05:16:30";"21.39";"65.5";"941.0600000000001";"3620";"0";"";"";"";"-113";"-2";"5425";"1773476190787"
"1901";"2026-03-14 05:16:40";"21.39";"65.5";"941.04";"3620";"0";"";"";"";"-113";"-2";"5426";"1773476200786"
"1902";"2026-03-14 05:16:50";"21.39";"65.5";"941.0600000000001";"3600";"0";"";"";"";"-113";"-1.7999999523162842";"5427";"1773476210787"
"1903";"2026-03-14 05:17:00";"21.39";"65.5";"941.02";"3580";"0";"";"";"";"-113";"-2";"5428";"1773476220785"
"1904";"2026-03-14 05:17:10";"21.38";"65.5";"941.0600000000001";"3580";"0";"";"";"";"-113";"-2.299999952316284";"5429";"1773476230796"
"1905";"2026-03-14 05:17:20";"21.38";"65.5";"941.02";"3580";"0";"";"";"";"-113";"-1.5";"5430";"1773476240789"
"1906";"2026-03-14 05:17:30";"21.38";"65.5";"941.0600000000001";"3600";"0";"";"";"";"-113";"-2.5";"5431";"1773476250801"
"1907";"2026-03-14 05:17:40";"21.38";"65.5";"941.08";"3620";"0";"";"";"";"-113";"-1.2999999523162842";"5432";"1773476260792"
"1908";"2026-03-14 05:17:50";"21.38";"65.5";"941.0600000000001";"3580";"0";"";"";"";"-112";"-1.2999999523162842";"5433";"1773476270811"
"1909";"2026-03-14 05:18:00";"21.38";"65.5";"941.08";"3600";"0";"";"";"";"-112";"-0.5";"5434";"1773476280757"
"1910";"2026-03-14 05:18:10";"21.38";"65.5";"941.04";"3580";"0";"";"";"";"-113";"-2";"5435";"1773476290781"
"1911";"2026-03-14 05:18:20";"21.38";"65.5";"941.02";"3600";"0";"";"";"";"-113";"-2";"5436";"1773476300789"
"1912";"2026-03-14 05:18:30";"21.38";"65.5";"941.0600000000001";"3600";"0";"";"";"";"-113";"-1.7999999523162842";"5437";"1773476310784"
"1913";"2026-03-14 05:18:40";"21.38";"65.5";"941.0600000000001";"3580";"0";"";"";"";"-112";"-1.2999999523162842";"5438";"1773476320793"
"1914";"2026-03-14 05:18:50";"21.38";"65.5";"941.1";"3600";"0";"";"";"";"-112";"-1.2999999523162842";"5439";"1773476330785"
"1915";"2026-03-14 05:19:00";"21.38";"65.5";"941.12";"3600";"0";"";"";"";"-113";"-1.5";"5440";"1773476340794"
"1916";"2026-03-14 05:19:10";"21.38";"65.5";"941.1";"3580";"0";"";"";"";"-113";"-2.299999952316284";"5441";"1773476350791"
"1917";"2026-03-14 05:19:20";"21.37";"65.5";"941.08";"3600";"0";"";"";"";"-112";"-1.2999999523162842";"5442";"1773476360788"
"1918";"2026-03-14 05:19:30";"21.38";"65.5";"941.08";"3600";"0";"";"";"";"-113";"-2.299999952316284";"5443";"1773476370792"
"1919";"2026-03-14 05:19:40";"21.38";"65.5";"941.08";"3620";"0";"";"";"";"-113";"-2";"5444";"1773476380786"
"1920";"2026-03-14 05:19:50";"21.37";"65.5";"941.0600000000001";"3580";"0";"";"";"";"-113";"-2.299999952316284";"5445";"1773476390800"
"1921";"2026-03-14 05:20:00";"21.37";"65.5";"941.08";"3600";"0";"";"";"";"-113";"-2.5";"5446";"1773476400786"
"1922";"2026-03-14 05:20:10";"21.37";"65.5";"941.1";"3580";"0";"";"";"";"-113";"-1.7999999523162842";"5447";"1773476410791"
"1923";"2026-03-14 05:20:20";"21.37";"65.5";"941.08";"3580";"0";"";"";"";"-113";"-2";"5448";"1773476420780"
"1924";"2026-03-14 05:20:30";"21.37";"65.5";"941.08";"3600";"0";"";"";"";"-113";"-1.7999999523162842";"5449";"1773476430794"
"1925";"2026-03-14 05:20:40";"21.37";"65.5";"941.0600000000001";"3600";"0";"";"";"";"-112";"-1.5";"5450";"1773476440785"
"1926";"2026-03-14 05:20:50";"21.37";"65.5";"941.12";"3580";"0";"";"";"";"-112";"-1.5";"5451";"1773476450784"
"1927";"2026-03-14 05:21:00";"21.37";"65.5";"941.1";"3580";"0";"";"";"";"-112";"-2";"5452";"1773476460789"
"1928";"2026-03-14 05:21:10";"21.36";"65.5";"941.14";"3580";"0";"";"";"";"-113";"-1.7999999523162842";"5453";"1773476470784"
"1929";"2026-03-14 05:21:20";"21.37";"65.5";"941.14";"3580";"0";"";"";"";"-113";"-2.5";"5454";"1773476480790"
"1930";"2026-03-14 05:21:30";"21.36";"65.5";"941.08";"3580";"0";"";"";"";"-113";"-2.299999952316284";"5455";"1773476490793"
"1931";"2026-03-14 05:21:40";"21.36";"65.5";"941.08";"3580";"0";"";"";"";"-113";"-2";"5456";"1773476500790"
"1932";"2026-03-14 05:21:50";"21.36";"65.5";"941.1";"3620";"0";"";"";"";"-113";"-1.2999999523162842";"5457";"1773476510807"
"1933";"2026-03-14 05:22:00";"21.36";"65.5";"941.1";"3600";"0";"";"";"";"-113";"-1.2999999523162842";"5458";"1773476520788"
"1934";"2026-03-14 05:22:10";"21.36";"65.5";"941.12";"3580";"0";"";"";"";"-112";"-1.2999999523162842";"5459";"1773476530790"
"1935";"2026-03-14 05:22:20";"21.36";"65.5";"941.14";"3620";"0";"";"";"";"-112";"-1.2999999523162842";"5460";"1773476540788"
"1936";"2026-03-14 05:22:30";"21.36";"65.5";"941.12";"3580";"0";"";"";"";"-112";"-0.5";"5461";"1773476550788"
"1937";"2026-03-14 05:22:40";"21.36";"65.5";"941.1";"3600";"0";"";"";"";"-112";"-1.2999999523162842";"5462";"1773476560758"
"1938";"2026-03-14 05:22:50";"21.36";"65.5";"941.14";"3600";"0";"";"";"";"-112";"-1.2999999523162842";"5463";"1773476570799"
"1939";"2026-03-14 05:23:00";"21.36";"65.5";"941.1";"3620";"0";"";"";"";"-113";"-3.799999952316284";"5464";"1773476580780"
"1940";"2026-03-14 05:23:10";"21.35";"65.5";"941.1";"3600";"0";"";"";"";"-113";"-2.5";"5465";"1773476590803"
"1941";"2026-03-14 05:23:20";"21.36";"65.5";"941.14";"3580";"0";"";"";"";"-113";"-2.299999952316284";"5466";"1773476600755"
"1942";"2026-03-14 05:23:30";"21.35";"65.5";"941.12";"3580";"0";"";"";"";"-113";"-2.299999952316284";"5467";"1773476610791"
"1943";"2026-03-14 05:23:40";"21.36";"65.5";"941.16";"3580";"0";"";"";"";"-113";"-1.2999999523162842";"5468";"1773476620788"
"1944";"2026-03-14 05:23:50";"21.36";"65.5";"941.14";"3600";"0";"";"";"";"-113";"-3";"5469";"1773476630825"
"1945";"2026-03-14 05:24:00";"21.35";"65.5";"941.1";"3600";"0";"";"";"";"-113";"-2";"5470";"1773476640791"
"1946";"2026-03-14 05:24:10";"21.35";"65.5";"941.1";"3580";"0";"";"";"";"-112";"-1";"5471";"1773476650819"
"1947";"2026-03-14 05:24:20";"21.35";"65.5";"941.12";"3600";"0";"";"";"";"-112";"-1.5";"5472";"1773476660796"
"1948";"2026-03-14 05:24:30";"21.36";"65.5";"941.12";"3600";"0";"";"";"";"-113";"-1.2999999523162842";"5473";"1773476670787"
"1949";"2026-03-14 05:24:40";"21.35";"65.5";"941.08";"3600";"0";"";"";"";"-112";"-0.800000011920929";"5474";"1773476680796"
"1950";"2026-03-14 05:24:50";"21.36";"65.5";"941.12";"3580";"0";"";"";"";"-113";"-1.7999999523162842";"5475";"1773476690785"
"1951";"2026-03-14 05:25:00";"21.35";"65.5";"941.12";"3600";"0";"";"";"";"-112";"-1.5";"5476";"1773476700793"
"1952";"2026-03-14 05:25:10";"21.34";"65.5";"941.14";"3600";"0";"";"";"";"-113";"-2.5";"5477";"1773476710789"
"1953";"2026-03-14 05:25:20";"21.35";"65.5";"941.12";"3580";"0";"";"";"";"-113";"-2.5";"5478";"1773476720784"
"1954";"2026-03-14 05:25:30";"21.34";"65.5";"941.1";"3600";"0";"";"";"";"-112";"-0.800000011920929";"5479";"1773476730783"
"1955";"2026-03-14 05:25:40";"21.34";"65.5";"941.12";"3600";"0";"";"";"";"-113";"-1.5";"5480";"1773476740785"
"1956";"2026-03-14 05:25:50";"21.34";"65.5";"941.1";"3580";"0";"";"";"";"-112";"-1.7999999523162842";"5481";"1773476750785"
"1957";"2026-03-14 05:26:00";"21.34";"65.5";"941.12";"3600";"0";"";"";"";"-113";"-1.5";"5482";"1773476760787"
"1958";"2026-03-14 05:26:10";"21.34";"65.5";"941.12";"3580";"0";"";"";"";"-112";"-1.2999999523162842";"5483";"1773476770758"
"1959";"2026-03-14 05:26:20";"21.33";"65.5";"941.12";"3580";"0";"";"";"";"-113";"-1.7999999523162842";"5484";"1773476780779"
"1960";"2026-03-14 05:26:30";"21.33";"65.5";"941.12";"3600";"0";"";"";"";"-113";"-1";"5485";"1773476790785"
"1961";"2026-03-14 05:26:40";"21.33";"65.5";"941.1";"3600";"0";"";"";"";"-113";"-1.5";"5486";"1773476800782"
"1962";"2026-03-14 05:26:50";"21.33";"65.5";"941.1";"3600";"0";"";"";"";"-113";"-2.299999952316284";"5487";"1773476810790"
"1963";"2026-03-14 05:27:00";"21.32";"65.5";"941.1";"3580";"0";"";"";"";"-113";"-1.2999999523162842";"5488";"1773476820793"
"1964";"2026-03-14 05:27:10";"21.33";"65.5";"941.1";"3580";"0";"";"";"";"-112";"-0.5";"5489";"1773476830782"
"1965";"2026-03-14 05:27:20";"21.32";"65.5";"941.1";"3600";"0";"";"";"";"-113";"-2";"5490";"1773476840778"
"1966";"2026-03-14 05:27:30";"21.32";"65.5";"941.0600000000001";"3580";"0";"";"";"";"-113";"-2.299999952316284";"5491";"1773476850788"
"1967";"2026-03-14 05:27:40";"21.32";"65.5";"941.1";"3600";"0";"";"";"";"-113";"-2.5";"5492";"1773476860785"
"1968";"2026-03-14 05:27:50";"21.32";"65.5";"941.08";"3600";"0";"";"";"";"-113";"-2";"5493";"1773476870790"
"1969";"2026-03-14 05:28:00";"21.32";"65.5";"941.14";"3600";"0";"";"";"";"-113";"-3";"5494";"1773476880791"
"1970";"2026-03-14 05:28:10";"21.32";"65.5";"941.1";"3600";"0";"";"";"";"-113";"-2.5";"5495";"1773476890771"
"1971";"2026-03-14 05:28:20";"21.31";"65.5";"941.08";"3600";"0";"";"";"";"-113";"-2.299999952316284";"5496";"1773476900779"
"1972";"2026-03-14 05:28:30";"21.31";"65.5";"941.12";"3600";"0";"";"";"";"-113";"-2";"5497";"1773476910786"
"1973";"2026-03-14 05:28:40";"21.31";"65.5";"941.0600000000001";"3580";"0";"";"";"";"-113";"-2";"5498";"1773476920779"
"1974";"2026-03-14 05:28:50";"21.31";"65.5";"941.08";"3580";"0";"";"";"";"-113";"-2";"5499";"1773476930787"
"1975";"2026-03-14 05:29:00";"21.31";"65.5";"941.08";"3580";"0";"";"";"";"-113";"-2";"5500";"1773476940787"
"1976";"2026-03-14 05:29:10";"21.31";"65.5";"941.08";"3600";"0";"";"";"";"-113";"-2";"5501";"1773476950790"
"1977";"2026-03-14 05:29:20";"21.31";"65.5";"941.08";"3580";"0";"";"";"";"-112";"-1.5";"5502";"1773476960792"
"1978";"2026-03-14 05:29:30";"21.31";"65.5";"941.08";"3600";"0";"";"";"";"-113";"-2.299999952316284";"5503";"1773476970783"
"1979";"2026-03-14 05:29:40";"21.3";"65.5";"941.12";"3580";"0";"";"";"";"-113";"-2";"5504";"1773476980780"
"1980";"2026-03-14 05:29:50";"21.3";"65.5";"941.1";"3580";"0";"";"";"";"-113";"-1.7999999523162842";"5505";"1773476990799"
"1981";"2026-03-14 05:30:00";"21.3";"65.5";"941.1";"3580";"0";"";"";"";"-113";"-2.799999952316284";"5506";"1773477000785"
"1982";"2026-03-14 05:30:10";"21.31";"65.5";"941.1";"3580";"0";"";"";"";"-113";"-1.7999999523162842";"5507";"1773477010786"
"1983";"2026-03-14 05:30:20";"21.3";"65.5";"941.1";"3600";"0";"";"";"";"-113";"-2";"5508";"1773477020792"
"1984";"2026-03-14 05:30:30";"21.31";"65.5";"941.1";"3600";"0";"";"";"";"-113";"-1.7999999523162842";"5509";"1773477030787"
"1985";"2026-03-14 05:30:40";"21.3";"65.5";"941.08";"3600";"0";"";"";"";"-113";"-1.7999999523162842";"5510";"1773477040783"
"1986";"2026-03-14 05:30:50";"21.31";"65.5";"941.1";"3600";"0";"";"";"";"-113";"-2";"5511";"1773477050765"
"1987";"2026-03-14 05:31:00";"21.31";"65.5";"941.1";"3580";"0";"";"";"";"-113";"-1.7999999523162842";"5512";"1773477060797"
"1988";"2026-03-14 05:31:10";"21.3";"65.5";"941.12";"3600";"0";"";"";"";"-112";"-1.5";"5513";"1773477070751"
"1989";"2026-03-14 05:31:20";"21.3";"65.5";"941.12";"3600";"0";"";"";"";"-113";"-2.799999952316284";"5514";"1773477080788"
"1990";"2026-03-14 05:31:30";"21.3";"65.5";"941.1";"3600";"0";"";"";"";"-112";"-1.5";"5515";"1773477090794"
"1991";"2026-03-14 05:31:40";"21.3";"65.5";"941.1";"3600";"0";"";"";"";"-112";"-1.7999999523162842";"5516";"1773477100788"
"1992";"2026-03-14 05:31:50";"21.3";"65.5";"941.08";"3580";"0";"";"";"";"-112";"-1.7999999523162842";"5517";"1773477110785"
"1993";"2026-03-14 05:32:00";"21.3";"65.5";"941.12";"3600";"0";"";"";"";"-112";"-1.5";"5518";"1773477120781"
"1994";"2026-03-14 05:32:10";"21.29";"65.5";"941.12";"3600";"0";"";"";"";"-113";"-2.299999952316284";"5519";"1773477130821"
"1995";"2026-03-14 05:32:20";"21.29";"65.5";"941.1";"3580";"0";"";"";"";"-113";"-2";"5520";"1773477140782"
"1996";"2026-03-14 05:32:30";"21.3";"65.5";"941.1";"3600";"0";"";"";"";"-113";"-2";"5521";"1773477150794"
"1997";"2026-03-14 05:32:40";"21.29";"65.5";"941.08";"3580";"0";"";"";"";"-113";"-2.5";"5522";"1773477160781"
"1998";"2026-03-14 05:32:50";"21.29";"65.5";"941.1";"3600";"0";"";"";"";"-113";"-2.5";"5523";"1773477170799"
"1999";"2026-03-14 05:33:00";"21.29";"65.5";"941.1";"3600";"0";"";"";"";"-113";"-1.7999999523162842";"5524";"1773477180780"
"2000";"2026-03-14 05:33:10";"21.29";"65.5";"941.12";"3600";"0";"";"";"";"-112";"-1.2999999523162842";"5525";"1773477190791"
"2001";"2026-03-14 05:33:20";"21.29";"65.5";"941.1";"3600";"0";"";"";"";"-113";"-1";"5526";"1773477200784"
"2002";"2026-03-14 05:33:30";"21.3";"65.5";"941.1";"3600";"0";"";"";"";"-112";"-1.5";"5527";"1773477210782"
"2003";"2026-03-14 05:33:40";"21.29";"65.5";"941.1";"3600";"0";"";"";"";"-112";"-1";"5528";"1773477220787"
"2004";"2026-03-14 05:33:50";"21.29";"65.5";"941.1";"3580";"0";"";"";"";"-113";"-2";"5529";"1773477230794"
"2005";"2026-03-14 05:34:00";"21.29";"65.5";"941.1";"3580";"0";"";"";"";"-113";"-1.7999999523162842";"5530";"1773477240756"
"2006";"2026-03-14 05:34:10";"21.29";"65.5";"941.08";"3580";"0";"";"";"";"-113";"-2";"5531";"1773477250758"
"2007";"2026-03-14 05:34:20";"21.29";"65.5";"941.1";"3580";"0";"";"";"";"-113";"-2.5";"5532";"1773477260788"
"2008";"2026-03-14 05:34:30";"21.29";"65.5";"941.12";"3600";"0";"";"";"";"-113";"-2.299999952316284";"5533";"1773477270779"
"2009";"2026-03-14 05:34:40";"21.29";"65.5";"941.12";"3600";"0";"";"";"";"-112";"-1.5";"5534";"1773477280787"
"2010";"2026-03-14 05:34:50";"21.3";"65.5";"941.14";"3580";"0";"";"";"";"-113";"-1.7999999523162842";"5535";"1773477290789"
"2011";"2026-03-14 05:35:00";"21.29";"65.5";"941.1";"3600";"0";"";"";"";"-112";"-1.2999999523162842";"5536";"1773477300786"
"2012";"2026-03-14 05:35:10";"21.29";"65.5";"941.12";"3580";"0";"";"";"";"-113";"-2.299999952316284";"5537";"1773477310788"
"2013";"2026-03-14 05:35:20";"21.29";"65.5";"941.16";"3580";"0";"";"";"";"-113";"-2.299999952316284";"5538";"1773477320789"
"2014";"2026-03-14 05:35:30";"21.3";"65.5";"941.12";"3600";"0";"";"";"";"-113";"-1.7999999523162842";"5539";"1773477330781"
"2015";"2026-03-14 05:35:40";"21.29";"65.5";"941.14";"3580";"0";"";"";"";"-113";"-2";"5540";"1773477340788"
"2016";"2026-03-14 05:35:50";"21.29";"65.5";"941.14";"3580";"0";"";"";"";"-113";"-1.7999999523162842";"5541";"1773477350789"
"2017";"2026-03-14 05:36:00";"21.29";"65.5";"941.12";"3580";"0";"";"";"";"-113";"-2";"5542";"1773477360784"
"2018";"2026-03-14 05:36:10";"21.29";"65.5";"941.12";"3580";"0";"";"";"";"-113";"-2.799999952316284";"5543";"1773477370758"
"2019";"2026-03-14 05:36:20";"21.29";"65.5";"941.12";"3580";"0";"";"";"";"-113";"-2.299999952316284";"5544";"1773477380781"
"2020";"2026-03-14 05:36:30";"21.29";"65.5";"941.12";"3580";"0";"";"";"";"-113";"-2.299999952316284";"5545";"1773477390774"
"2021";"2026-03-14 05:36:40";"21.29";"65.5";"941.12";"3580";"0";"";"";"";"-113";"-2.299999952316284";"5546";"1773477400776"
"2022";"2026-03-14 05:36:50";"21.29";"65.5";"941.12";"3600";"0";"";"";"";"-112";"-1.2999999523162842";"5547";"1773477410794"
"2023";"2026-03-14 05:37:00";"21.29";"65.5";"941.1";"3580";"0";"";"";"";"-112";"-1.7999999523162842";"5548";"1773477420794"
"2024";"2026-03-14 05:37:10";"21.29";"65.5";"941.14";"3580";"0";"";"";"";"-113";"-2";"5549";"1773477430787"
"2025";"2026-03-14 05:37:20";"21.29";"65.5";"941.1";"3580";"0";"";"";"";"-113";"-2.299999952316284";"5550";"1773477440786"
"2026";"2026-03-14 05:37:30";"21.29";"65.5";"941.12";"3620";"0";"";"";"";"-113";"-2";"5551";"1773477450778"
"2027";"2026-03-14 05:37:40";"21.29";"65.5";"941.1";"3600";"0";"";"";"";"-113";"-2";"5552";"1773477460788"
"2028";"2026-03-14 05:37:50";"21.29";"65.5";"941.1";"3580";"0";"";"";"";"-113";"-1.5";"5553";"1773477470791"
"2029";"2026-03-14 05:38:00";"21.29";"65.5";"941.12";"3600";"0";"";"";"";"-112";"-1.7999999523162842";"5554";"1773477480784"
"2030";"2026-03-14 05:38:10";"21.29";"65.5";"941.1";"3580";"0";"";"";"";"-113";"-2";"5555";"1773477490782"
"2031";"2026-03-14 05:38:20";"21.29";"65.5";"941.1";"3580";"0";"";"";"";"-113";"-1.7999999523162842";"5556";"1773477500780"
"2032";"2026-03-14 05:38:30";"21.29";"65.5";"941.12";"3600";"0";"";"";"";"-112";"-1.5";"5557";"1773477510786"
"2033";"2026-03-14 05:38:40";"21.29";"65.5";"941.12";"3600";"0";"";"";"";"-113";"-1.7999999523162842";"5558";"1773477520754"
"2034";"2026-03-14 05:38:50";"21.29";"65.5";"941.12";"3600";"0";"";"";"";"-112";"-2";"5559";"1773477530787"
"2035";"2026-03-14 05:39:00";"21.29";"65.5";"941.14";"3600";"0";"";"";"";"-113";"-1.5";"5560";"1773477540782"
"2036";"2026-03-14 05:39:10";"21.29";"65.5";"941.12";"3600";"0";"";"";"";"-112";"-1.5";"5561";"1773477550774"
"2037";"2026-03-14 05:39:20";"21.29";"65.5";"941.14";"3580";"0";"";"";"";"-113";"-2.299999952316284";"5562";"1773477560751"
"2038";"2026-03-14 05:39:30";"21.29";"65.5";"941.12";"3600";"0";"";"";"";"-113";"-2.299999952316284";"5563";"1773477570773"
"2039";"2026-03-14 05:39:40";"21.29";"65.5";"941.12";"3580";"0";"";"";"";"-113";"-2.5";"5564";"1773477580790"
"2040";"2026-03-14 05:39:50";"21.29";"65.5";"941.12";"3620";"0";"";"";"";"-113";"-2";"5565";"1773477590788"
"2041";"2026-03-14 05:40:00";"21.29";"65.5";"941.12";"3580";"0";"";"";"";"-113";"-1.2999999523162842";"5566";"1773477600778"
"2042";"2026-03-14 05:40:10";"21.29";"65.5";"941.14";"3580";"0";"";"";"";"-112";"-1.2999999523162842";"5567";"1773477610779"
"2043";"2026-03-14 05:40:20";"21.29";"65.5";"941.14";"3580";"0";"";"";"";"-112";"-2";"5568";"1773477620787"
"2044";"2026-03-14 05:40:30";"21.29";"65.5";"941.16";"3580";"0";"";"";"";"-113";"-2";"5569";"1773477630788"
"2045";"2026-03-14 05:40:40";"21.29";"65.5";"941.14";"3580";"0";"";"";"";"-112";"-1.7999999523162842";"5570";"1773477640787"
"2046";"2026-03-14 05:40:50";"21.29";"65.5";"941.16";"3600";"0";"";"";"";"-113";"-1.2999999523162842";"5571";"1773477650790"
"2047";"2026-03-14 05:41:00";"21.29";"65.5";"941.14";"3580";"0";"";"";"";"-112";"-1.7999999523162842";"5572";"1773477660784"
"2048";"2026-03-14 05:41:10";"21.29";"65.5";"941.12";"3580";"0";"";"";"";"-113";"-2";"5573";"1773477670788"
"2049";"2026-03-14 05:41:20";"21.29";"65.5";"941.12";"3580";"0";"";"";"";"-113";"-2";"5574";"1773477680788"
"2050";"2026-03-14 05:41:30";"21.29";"65.5";"941.12";"3600";"0";"";"";"";"-113";"-2";"5575";"1773477690783"
"2051";"2026-03-14 05:41:40";"21.29";"65.5";"941.16";"3600";"0";"";"";"";"-113";"-2.799999952316284";"5576";"1773477700787"
"2052";"2026-03-14 05:41:50";"21.29";"65.5";"941.12";"3580";"0";"";"";"";"-113";"-2";"5577";"1773477710787"
"2053";"2026-03-14 05:42:00";"21.29";"65.5";"941.14";"3600";"0";"";"";"";"-113";"-2.799999952316284";"5578";"1773477720781"
"2054";"2026-03-14 05:42:10";"21.29";"65.5";"941.14";"3580";"0";"";"";"";"-112";"-1.2999999523162842";"5579";"1773477730785"
"2055";"2026-03-14 05:42:20";"21.29";"65.5";"941.14";"3600";"0";"";"";"";"-113";"-2";"5580";"1773477740786"
"2056";"2026-03-14 05:42:30";"21.29";"65.5";"941.14";"3580";"0";"";"";"";"-113";"-2.299999952316284";"5581";"1773477750777"
"2057";"2026-03-14 05:42:40";"21.29";"65.5";"941.14";"3580";"0";"";"";"";"-113";"-2";"5582";"1773477760764"
"2058";"2026-03-14 05:42:50";"21.29";"65.5";"941.2";"3580";"0";"";"";"";"-112";"-1";"5583";"1773477770813"
"2059";"2026-03-14 05:43:00";"21.29";"65.5";"941.16";"3600";"0";"";"";"";"-113";"-1.7999999523162842";"5584";"1773477780791"
"2060";"2026-03-14 05:43:10";"21.29";"65.5";"941.1800000000001";"3600";"0";"";"";"";"-113";"-1.7999999523162842";"5585";"1773477790782"
"2061";"2026-03-14 05:43:20";"21.29";"65.5";"941.14";"3580";"0";"";"";"";"-113";"-2";"5586";"1773477800786"
"2062";"2026-03-14 05:43:30";"21.29";"65.5";"941.1800000000001";"3600";"0";"";"";"";"-113";"-2.799999952316284";"5587";"1773477810780"
"2063";"2026-03-14 05:43:40";"21.29";"65.5";"941.1800000000001";"3580";"0";"";"";"";"-113";"-2";"5588";"1773477820793"
"2064";"2026-03-14 05:43:50";"21.29";"65.5";"941.1800000000001";"3600";"0";"";"";"";"-113";"-2.5";"5589";"1773477830788"
"2065";"2026-03-14 05:44:00";"21.29";"65.5";"941.2";"3600";"0";"";"";"";"-113";"-1.7999999523162842";"5590";"1773477840781"
"2066";"2026-03-14 05:44:10";"21.28";"65.5";"941.1800000000001";"3620";"0";"";"";"";"-112";"-1.5";"5591";"1773477850763"
"2067";"2026-03-14 05:44:20";"21.29";"65.5";"941.2";"3600";"0";"";"";"";"-113";"-1.7999999523162842";"5592";"1773477860787"
"2068";"2026-03-14 05:44:30";"21.28";"65.5";"941.1800000000001";"3600";"0";"";"";"";"-113";"-2.5";"5593";"1773477870780"
"2069";"2026-03-14 05:44:40";"21.29";"65.5";"941.2";"3600";"0";"";"";"";"-113";"-2";"5594";"1773477880785"
"2070";"2026-03-14 05:44:50";"21.29";"65.5";"941.22";"3580";"0";"";"";"";"-113";"-2.5";"5595";"1773477890788"
"2071";"2026-03-14 05:45:00";"21.29";"65.5";"941.2";"3600";"0";"";"";"";"-113";"-2.5";"5596";"1773477900786"
"2072";"2026-03-14 05:45:10";"21.29";"65.5";"941.22";"3600";"0";"";"";"";"-113";"-2.5";"5597";"1773477910784"
"2073";"2026-03-14 05:45:20";"21.29";"65.5";"941.22";"3580";"0";"";"";"";"-113";"-2.5";"5598";"1773477920785"
"2074";"2026-03-14 05:45:30";"21.29";"65.5";"941.2";"3580";"0";"";"";"";"-113";"-2";"5599";"1773477930792"
"2075";"2026-03-14 05:45:40";"21.29";"65.5";"941.2";"3560";"0";"";"";"";"-112";"-1.5";"5600";"1773477940790"
"2076";"2026-03-14 05:45:50";"21.29";"65.5";"941.22";"3580";"0";"";"";"";"-113";"-2.799999952316284";"5601";"1773477950791"
"2077";"2026-03-14 05:46:00";"21.29";"65.5";"941.24";"3580";"0";"";"";"";"-113";"-1.7999999523162842";"5602";"1773477960781"
"2078";"2026-03-14 05:46:10";"21.29";"65.5";"941.2";"3620";"0";"";"";"";"-113";"-1.5";"5603";"1773477970780"
"2079";"2026-03-14 05:46:20";"21.29";"65.5";"941.22";"3600";"0";"";"";"";"-112";"-2";"5604";"1773477980786"
"2080";"2026-03-14 05:46:30";"21.29";"65.5";"941.24";"3600";"0";"";"";"";"-113";"-2";"5605";"1773477990784"
"2081";"2026-03-14 05:46:40";"21.29";"65.5";"941.26";"3600";"0";"";"";"";"-113";"-2.299999952316284";"5606";"1773478000793"
"2082";"2026-03-14 05:46:50";"21.29";"65.5";"941.22";"3600";"0";"";"";"";"-113";"-2.5";"5607";"1773478010784"
"2083";"2026-03-14 05:47:00";"21.29";"65.5";"941.24";"3580";"0";"";"";"";"-112";"-1.5";"5608";"1773478020782"
"2084";"2026-03-14 05:47:10";"21.29";"65.5";"941.26";"3600";"0";"";"";"";"-113";"-2";"5609";"1773478030745"
"2085";"2026-03-14 05:47:20";"21.3";"65.5";"941.24";"3580";"0";"";"";"";"-113";"-2";"5610";"1773478040753"
"2086";"2026-03-14 05:47:30";"21.3";"65.5";"941.24";"3580";"0";"";"";"";"-113";"-2";"5611";"1773478050778"
"2087";"2026-03-14 05:47:40";"21.29";"65.5";"941.26";"3600";"0";"";"";"";"-113";"-2.5";"5612";"1773478060788"
"2088";"2026-03-14 05:47:50";"21.3";"65.5";"941.26";"3580";"0";"";"";"";"-113";"-2.299999952316284";"5613";"1773478070747"
"2089";"2026-03-14 05:48:00";"21.29";"65.5";"941.24";"3600";"0";"";"";"";"-113";"-1.5";"5614";"1773478080783"
"2090";"2026-03-14 05:48:10";"21.3";"65.5";"941.24";"3600";"0";"";"";"";"-113";"-1.7999999523162842";"5615";"1773478090775"
"2091";"2026-03-14 05:48:20";"21.31";"65.5";"941.28";"3580";"0";"";"";"";"-113";"-2.299999952316284";"5616";"1773478100800"
"2092";"2026-03-14 05:48:30";"21.31";"65.5";"941.24";"3580";"0";"";"";"";"-113";"-1.7999999523162842";"5617";"1773478110781"
"2093";"2026-03-14 05:48:40";"21.31";"65.5";"941.3000000000001";"3580";"0";"";"";"";"-113";"-1.2999999523162842";"5618";"1773478120789"
"2094";"2026-03-14 05:48:50";"21.31";"65.5";"941.28";"3600";"0";"";"";"";"-113";"-2";"5619";"1773478130796"
"2095";"2026-03-14 05:49:00";"21.31";"65.5";"941.28";"3600";"0";"";"";"";"-112";"-2";"5620";"1773478140781"
"2096";"2026-03-14 05:49:10";"21.3";"65.5";"941.26";"3600";"0";"";"";"";"-113";"-2";"5621";"1773478150780"
"2097";"2026-03-14 05:49:20";"21.31";"65.5";"941.26";"3580";"0";"";"";"";"-113";"-2";"5622";"1773478160784"
"2098";"2026-03-14 05:49:30";"21.3";"65.5";"941.28";"3580";"0";"";"";"";"-113";"-1.7999999523162842";"5623";"1773478170786"
"2099";"2026-03-14 05:49:40";"21.31";"65.5";"941.28";"3600";"0";"";"";"";"-113";"-1.7999999523162842";"5624";"1773478180784"
"2100";"2026-03-14 05:49:50";"21.31";"65.5";"941.28";"3580";"0";"";"";"";"-113";"-1.7999999523162842";"5625";"1773478190788"
"2101";"2026-03-14 05:50:00";"21.31";"65.5";"941.26";"3580";"0";"";"";"";"-113";"-1.7999999523162842";"5626";"1773478200782"
"2102";"2026-03-14 05:50:10";"21.31";"65.5";"941.24";"3600";"0";"";"";"";"-113";"-2";"5627";"1773478210778"
"2103";"2026-03-14 05:50:20";"21.31";"65.5";"941.26";"3580";"0";"";"";"";"-113";"-1.5";"5628";"1773478220783"
"2104";"2026-03-14 05:50:30";"21.31";"65.5";"941.28";"3600";"0";"";"";"";"-113";"-1.5";"5629";"1773478230784"
"2105";"2026-03-14 05:50:40";"21.32";"65.5";"941.26";"3600";"0";"";"";"";"-113";"-1.7999999523162842";"5630";"1773478240787"
"2106";"2026-03-14 05:50:50";"21.32";"65.5";"941.26";"3580";"0";"";"";"";"-112";"-1.5";"5631";"1773478250827"
"2107";"2026-03-14 05:51:00";"21.31";"65.5";"941.28";"3580";"0";"";"";"";"-113";"-1.5";"5632";"1773478260810"
"2108";"2026-03-14 05:51:10";"21.31";"65.5";"941.28";"3580";"0";"";"";"";"-113";"-1.5";"5633";"1773478270782"
"2109";"2026-03-14 05:51:20";"21.32";"65.5";"941.24";"3600";"0";"";"";"";"-113";"-1.7999999523162842";"5634";"1773478280783"
"2110";"2026-03-14 05:51:30";"21.31";"65.5";"941.26";"3580";"0";"";"";"";"-113";"-2";"5635";"1773478290778"
"2111";"2026-03-14 05:51:40";"21.31";"65.5";"941.24";"3600";"0";"";"";"";"-113";"-1.5";"5636";"1773478300786"
"2112";"2026-03-14 05:51:50";"21.32";"65.5";"941.28";"3580";"0";"";"";"";"-113";"-1.5";"5637";"1773478310777"
"2113";"2026-03-14 05:52:00";"21.31";"65.5";"941.26";"3580";"0";"";"";"";"-113";"-1.2999999523162842";"5638";"1773478320798"
"2114";"2026-03-14 05:52:10";"21.32";"65.5";"941.26";"3580";"0";"";"";"";"-112";"-1.5";"5639";"1773478330779"
"2115";"2026-03-14 05:52:20";"21.32";"65.5";"941.26";"3600";"0";"";"";"";"-113";"-2.5";"5640";"1773478340783"
"2116";"2026-03-14 05:52:30";"21.32";"65.5";"941.28";"3580";"0";"";"";"";"-113";"-1.2999999523162842";"5641";"1773478350779"
"2117";"2026-03-14 05:52:40";"21.32";"65.5";"941.28";"3600";"0";"";"";"";"-113";"-1.5";"5642";"1773478360775"
"2118";"2026-03-14 05:52:50";"21.32";"65.5";"941.28";"3580";"0";"";"";"";"-112";"-1.5";"5643";"1773478370780"
"2119";"2026-03-14 05:53:00";"21.32";"65.5";"941.26";"3600";"0";"";"";"";"-113";"-1.7999999523162842";"5644";"1773478380776"
"2120";"2026-03-14 05:53:10";"21.32";"65.5";"941.28";"3600";"0";"";"";"";"-113";"-1.5";"5645";"1773478390790"
"2121";"2026-03-14 05:53:20";"21.32";"65.5";"941.26";"3600";"0";"";"";"";"-113";"-1.5";"5646";"1773478400789"
"2122";"2026-03-14 05:53:30";"21.32";"65.5";"941.3000000000001";"3580";"0";"";"";"";"-113";"-2";"5647";"1773478410818"
"2123";"2026-03-14 05:53:40";"21.32";"65.5";"941.28";"3580";"0";"";"";"";"-113";"-2";"5648";"1773478420786"
"2124";"2026-03-14 05:53:50";"21.32";"65.5";"941.28";"3580";"0";"";"";"";"-113";"-1.7999999523162842";"5649";"1773478430788"
"2125";"2026-03-14 05:54:00";"21.32";"65.5";"941.32";"3580";"0";"";"";"";"-113";"-2";"5650";"1773478440781"
"2126";"2026-03-14 05:54:10";"21.32";"65.5";"941.3000000000001";"3580";"0";"";"";"";"-113";"-2";"5651";"1773478450782"
"2127";"2026-03-14 05:54:20";"21.32";"65.5";"941.3000000000001";"3600";"0";"";"";"";"-113";"-2";"5652";"1773478460746"
"2128";"2026-03-14 05:54:30";"21.32";"65.5";"941.32";"3600";"0";"";"";"";"-113";"-2.299999952316284";"5653";"1773478470780"
"2129";"2026-03-14 05:54:40";"21.32";"65.5";"941.28";"3600";"0";"";"";"";"-113";"-2";"5654";"1773478480783"
"2130";"2026-03-14 05:54:50";"21.32";"65.5";"941.32";"3600";"0";"";"";"";"-112";"-1.7999999523162842";"5655";"1773478490776"
"2131";"2026-03-14 05:55:00";"21.32";"65.5";"941.34";"3560";"0";"";"";"";"-113";"-2";"5656";"1773478500783"
"2132";"2026-03-14 05:55:10";"21.32";"65.5";"941.3000000000001";"3580";"0";"";"";"";"-113";"-1.7999999523162842";"5657";"1773478510780"
"2133";"2026-03-14 05:55:20";"21.33";"65.5";"941.34";"3620";"0";"";"";"";"-113";"-1.5";"5658";"1773478520748"
"2134";"2026-03-14 05:55:30";"21.33";"65.5";"941.36";"3560";"0";"";"";"";"-113";"-2";"5659";"1773478530783"
"2135";"2026-03-14 05:55:40";"21.32";"65.5";"941.32";"3600";"0";"";"";"";"-113";"-2";"5660";"1773478540753"
"2136";"2026-03-14 05:55:50";"21.33";"65.5";"941.34";"3600";"0";"";"";"";"-113";"-2";"5661";"1773478550781"
"2137";"2026-03-14 05:56:00";"21.32";"65.5";"941.34";"3600";"0";"";"";"";"-113";"-2";"5662";"1773478560781"
"2138";"2026-03-14 05:56:10";"21.33";"65.5";"941.3000000000001";"3600";"0";"";"";"";"-113";"-1.7999999523162842";"5663";"1773478570780"
"2139";"2026-03-14 05:56:20";"21.33";"65.5";"941.34";"3580";"0";"";"";"";"-113";"-1.7999999523162842";"5664";"1773478580786"
"2140";"2026-03-14 05:56:30";"21.33";"65.5";"941.34";"3560";"0";"";"";"";"-113";"-2.5";"5665";"1773478590780"
"2141";"2026-03-14 05:56:40";"21.33";"65.5";"941.36";"3600";"0";"";"";"";"-113";"-2";"5666";"1773478600788"
"2142";"2026-03-14 05:56:50";"21.33";"65.5";"941.38";"3560";"0";"";"";"";"-113";"-2.299999952316284";"5667";"1773478610784"
"2143";"2026-03-14 05:57:00";"21.33";"65.5";"941.34";"3580";"0";"";"";"";"-113";"-1.5";"5668";"1773478620775"
"2144";"2026-03-14 05:57:10";"21.32";"65.5";"941.4";"3600";"0";"";"";"";"-113";"-2.799999952316284";"5669";"1773478630786"
"2145";"2026-03-14 05:57:20";"21.33";"65.5";"941.38";"3600";"0";"";"";"";"-113";"-2.5";"5670";"1773478640784"
"2146";"2026-03-14 05:57:30";"21.33";"65.5";"941.38";"3580";"0";"";"";"";"-113";"-2.5";"5671";"1773478650782"
"2147";"2026-03-14 05:57:40";"21.33";"65.5";"941.38";"3600";"0";"";"";"";"-113";"-2.299999952316284";"5672";"1773478660773"
"2148";"2026-03-14 05:57:50";"21.33";"65.5";"941.4";"3580";"0";"";"";"";"-113";"-1.7999999523162842";"5673";"1773478670773"
"2149";"2026-03-14 05:58:00";"21.33";"65.5";"941.44";"3600";"0";"";"";"";"-113";"-1.5";"5674";"1773478680773"
"2150";"2026-03-14 05:58:10";"21.33";"65.5";"941.4";"3580";"0";"";"";"";"-113";"-2.5";"5675";"1773478690783"
"2151";"2026-03-14 05:58:20";"21.33";"65.5";"941.4200000000001";"3580";"0";"";"";"";"-113";"-2.5";"5676";"1773478700775"
"2152";"2026-03-14 05:58:30";"21.33";"65.5";"941.4200000000001";"3580";"0";"";"";"";"-112";"-1";"5677";"1773478710784"
"2153";"2026-03-14 05:58:40";"21.33";"65.5";"941.38";"3600";"0";"";"";"";"-112";"-1.5";"5678";"1773478720779"
"2154";"2026-03-14 05:58:50";"21.33";"65.5";"941.4200000000001";"3600";"0";"";"";"";"-113";"-1.5";"5679";"1773478730817"
"2155";"2026-03-14 05:59:00";"21.33";"65.5";"941.4200000000001";"3600";"0";"";"";"";"-113";"-2";"5680";"1773478740781"
"2156";"2026-03-14 05:59:10";"21.33";"65.5";"941.44";"3600";"0";"";"";"";"-113";"-2";"5681";"1773478750784"
"2157";"2026-03-14 05:59:20";"21.33";"65.5";"941.44";"3580";"0";"";"";"";"-113";"-2";"5682";"1773478760772"
"2158";"2026-03-14 05:59:30";"21.33";"65.5";"941.4200000000001";"3580";"0";"";"";"";"-113";"-2.5";"5683";"1773478770773"
"2159";"2026-03-14 05:59:40";"21.33";"65.5";"941.44";"3580";"0";"";"";"";"-113";"-2.299999952316284";"5684";"1773478780774"
"2160";"2026-03-14 05:59:50";"21.34";"65.5";"941.44";"3560";"0";"";"";"";"-113";"-2.299999952316284";"5685";"1773478790783"
"2161";"2026-03-14 06:00:00";"21.33";"65.5";"941.44";"3580";"0";"";"";"";"-113";"-2";"5686";"1773478800785"
"2162";"2026-03-14 06:00:10";"21.33";"65.5";"941.46";"3600";"0";"";"";"";"-113";"-2";"5687";"1773478810797"
"2163";"2026-03-14 06:00:20";"21.34";"65.5";"941.46";"3580";"0";"";"";"";"-113";"-2.5";"5688";"1773478820784"
"2164";"2026-03-14 06:00:30";"21.34";"65.5";"941.46";"3580";"0";"";"";"";"-113";"-2.299999952316284";"5689";"1773478830782"
"2165";"2026-03-14 06:00:40";"21.33";"65.5";"941.46";"3600";"0";"";"";"";"-113";"-2";"5690";"1773478840776"
"2166";"2026-03-14 06:00:50";"21.34";"65.5";"941.44";"3600";"0";"";"";"";"-113";"-1.5";"5691";"1773478850782"
"2167";"2026-03-14 06:01:00";"21.34";"65.5";"941.48";"3580";"0";"";"";"";"-113";"-2.299999952316284";"5692";"1773478860775"
"2168";"2026-03-14 06:01:10";"21.34";"65.5";"941.48";"3580";"0";"";"";"";"-113";"-2";"5693";"1773478870788"
"2169";"2026-03-14 06:01:20";"21.34";"65.5";"941.48";"3560";"0";"";"";"";"-113";"-1.7999999523162842";"5694";"1773478880776"
"2170";"2026-03-14 06:01:30";"21.34";"65.5";"941.48";"3580";"0";"";"";"";"-113";"-2.299999952316284";"5695";"1773478890777"
"2171";"2026-03-14 06:01:40";"21.34";"65.5";"941.48";"3600";"0";"";"";"";"-113";"-2";"5696";"1773478900783"
"2172";"2026-03-14 06:01:50";"21.34";"65.5";"941.52";"3600";"0";"";"";"";"-113";"-2";"5697";"1773478910782"
"2173";"2026-03-14 06:02:00";"21.34";"65.5";"941.5";"3560";"0";"";"";"";"-113";"-2";"5698";"1773478920776"
"2174";"2026-03-14 06:02:10";"21.34";"65.5";"941.52";"3600";"0";"";"";"";"-113";"-2";"5699";"1773478930781"
"2175";"2026-03-14 06:02:20";"21.33";"65.5";"941.5";"3580";"0";"";"";"";"-113";"-2.299999952316284";"5700";"1773478940781"
"2176";"2026-03-14 06:02:30";"21.33";"65.5";"941.52";"3580";"0";"";"";"";"-113";"-2";"5701";"1773478950783"
"2177";"2026-03-14 06:02:40";"21.34";"65.5";"941.52";"3580";"0";"";"";"";"-113";"-2.299999952316284";"5702";"1773478960778"
"2178";"2026-03-14 06:02:50";"21.34";"65.5";"941.5";"3600";"0";"";"";"";"-113";"-2.5";"5703";"1773478970786"
"2179";"2026-03-14 06:03:00";"21.34";"65.5";"941.52";"3600";"0";"";"";"";"-113";"-2.5";"5704";"1773478980779"
"2180";"2026-03-14 06:03:10";"21.33";"65.5";"941.54";"3560";"0";"";"";"";"-113";"-1.7999999523162842";"5705";"1773478990783"
"2181";"2026-03-14 06:03:20";"21.34";"65.5";"941.52";"3560";"0";"";"";"";"-113";"-2.299999952316284";"5706";"1773479000779"
"2182";"2026-03-14 06:03:30";"21.33";"65.5";"941.54";"3600";"0";"";"";"";"-113";"-2";"5707";"1773479010752"
"2183";"2026-03-14 06:03:40";"21.34";"65.5";"941.52";"3580";"0";"";"";"";"-113";"-2";"5708";"1773479020749"
"2184";"2026-03-14 06:03:50";"21.34";"65.5";"941.54";"3600";"0";"";"";"";"-113";"-1.7999999523162842";"5709";"1773479030751"
"2185";"2026-03-14 06:04:00";"21.34";"65.5";"941.5600000000001";"3600";"0";"";"";"";"-113";"-2";"5710";"1773479040751"
"2186";"2026-03-14 06:04:10";"21.34";"65.5";"941.54";"3580";"0";"";"";"";"-113";"-1.7999999523162842";"5711";"1773479050776"
"2187";"2026-03-14 06:04:20";"21.34";"65.5";"941.54";"3600";"0";"";"";"";"-113";"-2.299999952316284";"5712";"1773479060777"
"2188";"2026-03-14 06:04:30";"21.34";"65.5";"941.54";"3580";"0";"";"";"";"-112";"-1.2999999523162842";"5713";"1773479070777"
"2189";"2026-03-14 06:04:40";"21.34";"65.5";"941.54";"3580";"0";"";"";"";"-113";"-2";"5714";"1773479080774"
"2190";"2026-03-14 06:04:50";"21.34";"65.5";"941.58";"3600";"0";"";"";"";"-112";"-1.7999999523162842";"5715";"1773479090787"
"2191";"2026-03-14 06:05:00";"21.34";"65.5";"941.58";"3600";"0";"";"";"";"-113";"-2";"5716";"1773479100777"
"2192";"2026-03-14 06:05:10";"21.34";"65.5";"941.54";"3560";"0";"";"";"";"-113";"-1.7999999523162842";"5717";"1773479110774"
"2193";"2026-03-14 06:05:20";"21.34";"65.5";"941.5600000000001";"3600";"0";"";"";"";"-113";"-1.5";"5718";"1773479120776"
"2194";"2026-03-14 06:05:30";"21.34";"65.5";"941.5600000000001";"3600";"0";"";"";"";"-112";"-1.7999999523162842";"5719";"1773479130775"
"2195";"2026-03-14 06:05:40";"21.34";"65.5";"941.5600000000001";"3580";"0";"";"";"";"-113";"-1.5";"5720";"1773479140781"
"2196";"2026-03-14 06:05:50";"21.34";"65.5";"941.58";"3600";"0";"";"";"";"-113";"-1.5";"5721";"1773479150782"
"2197";"2026-03-14 06:06:00";"21.34";"65.5";"941.54";"3600";"0";"";"";"";"-113";"-1.7999999523162842";"5722";"1773479160778"
"2198";"2026-03-14 06:06:10";"21.34";"65.5";"941.58";"3580";"0";"";"";"";"-113";"-1.2999999523162842";"5723";"1773479170773"
"2199";"2026-03-14 06:06:20";"21.34";"65.5";"941.5600000000001";"3600";"0";"";"";"";"-113";"-2";"5724";"1773479180777"
"2200";"2026-03-14 06:06:30";"21.34";"65.5";"941.58";"3580";"0";"";"";"";"-113";"-1.2999999523162842";"5725";"1773479190785"
"2201";"2026-03-14 06:06:40";"21.34";"65.5";"941.58";"3600";"0";"";"";"";"-112";"-1.5";"5726";"1773479200782"
"2202";"2026-03-14 06:06:50";"21.34";"65.5";"941.58";"3560";"0";"";"";"";"-112";"-1.5";"5727";"1773479210795"
"2203";"2026-03-14 06:07:00";"21.34";"65.5";"941.62";"3600";"0";"";"";"";"-113";"-2";"5728";"1773479220779"
"2204";"2026-03-14 06:07:10";"21.34";"65.5";"941.6";"3560";"0";"";"";"";"-113";"-2";"5729";"1773479230785"
"2205";"2026-03-14 06:07:20";"21.34";"65.5";"941.5600000000001";"3600";"0";"";"";"";"-113";"-1.5";"5730";"1773479240776"
"2206";"2026-03-14 06:07:30";"21.34";"65.5";"941.58";"3600";"0";"";"";"";"-113";"-1.5";"5731";"1773479250775"
"2207";"2026-03-14 06:07:40";"21.34";"65.5";"941.58";"3580";"0";"";"";"";"-113";"-1.7999999523162842";"5732";"1773479260782"
"2208";"2026-03-14 06:07:50";"21.34";"65.5";"941.6";"3580";"0";"";"";"";"-113";"-1.5";"5733";"1773479270780"
"2209";"2026-03-14 06:08:00";"21.34";"65.5";"941.58";"3580";"0";"";"";"";"-112";"-1.5";"5734";"1773479280772"
"2210";"2026-03-14 06:08:10";"21.34";"65.5";"941.6";"3580";"0";"";"";"";"-112";"-0.800000011920929";"5735";"1773479290779"
"2211";"2026-03-14 06:08:20";"21.34";"65.5";"941.58";"3600";"0";"";"";"";"-112";"-1.5";"5736";"1773479300781"
"2212";"2026-03-14 06:08:30";"21.34";"65.5";"941.58";"3580";"0";"";"";"";"-113";"-1.5";"5737";"1773479310778"
"2213";"2026-03-14 06:08:40";"21.34";"65.5";"941.6";"3580";"0";"";"";"";"-113";"-1.2999999523162842";"5738";"1773479320786"
"2214";"2026-03-14 06:08:50";"21.34";"65.5";"941.6";"3600";"0";"";"";"";"-113";"-1.7999999523162842";"5739";"1773479330782"
"2215";"2026-03-14 06:09:00";"21.34";"65.5";"941.58";"3580";"0";"";"";"";"-113";"-1.5";"5740";"1773479340785"
"2216";"2026-03-14 06:09:10";"21.34";"65.5";"941.5600000000001";"3580";"0";"";"";"";"-112";"-0.800000011920929";"5741";"1773479350780"
"2217";"2026-03-14 06:09:20";"21.34";"65.5";"941.6";"3580";"0";"";"";"";"-113";"-0.800000011920929";"5742";"1773479360770"
"2218";"2026-03-14 06:09:30";"21.34";"65.5";"941.62";"3580";"0";"";"";"";"-112";"-1.2999999523162842";"5743";"1773479370784"
"2219";"2026-03-14 06:09:40";"21.34";"65.5";"941.6";"3600";"0";"";"";"";"-112";"-1";"5744";"1773479380776"
"2220";"2026-03-14 06:09:50";"21.34";"65.5";"941.6";"3560";"0";"";"";"";"-112";"-1";"5745";"1773479390777"
"2221";"2026-03-14 06:10:00";"21.34";"65.5";"941.62";"3600";"0";"";"";"";"-113";"-1.2999999523162842";"5746";"1773479400781"
"2222";"2026-03-14 06:10:10";"21.34";"65.5";"941.62";"3560";"0";"";"";"";"-112";"-1.2999999523162842";"5747";"1773479410774"
"2223";"2026-03-14 06:10:20";"21.34";"65.5";"941.62";"3600";"0";"";"";"";"-113";"-1";"5748";"1773479420777"
"2224";"2026-03-14 06:10:30";"21.34";"65.5";"941.64";"3560";"0";"";"";"";"-112";"-1.2999999523162842";"5749";"1773479430780"
"2225";"2026-03-14 06:10:40";"21.33";"65.5";"941.62";"3600";"0";"";"";"";"-112";"-1.2999999523162842";"5750";"1773479440777"
"2226";"2026-03-14 06:10:50";"21.34";"65.5";"941.62";"3600";"0";"";"";"";"-113";"-1.2999999523162842";"5751";"1773479450770"
"2227";"2026-03-14 06:11:00";"21.34";"65.5";"941.6800000000001";"3580";"0";"";"";"";"-113";"-1.5";"5752";"1773479460772"
"2228";"2026-03-14 06:11:10";"21.34";"65.5";"941.64";"3560";"0";"";"";"";"-113";"-2.299999952316284";"5753";"1773479470774"
"2229";"2026-03-14 06:11:20";"21.34";"65.5";"941.64";"3600";"0";"";"";"";"-113";"-1.7999999523162842";"5754";"1773479480779"
"2230";"2026-03-14 06:11:30";"21.34";"65.5";"941.64";"3580";"0";"";"";"";"-112";"-0.800000011920929";"5755";"1773479490777"
"2231";"2026-03-14 06:11:40";"21.34";"65.5";"941.62";"3580";"0";"";"";"";"-113";"-1.7999999523162842";"5756";"1773479500782"
"2232";"2026-03-14 06:11:50";"21.34";"65.5";"941.62";"3580";"0";"";"";"";"-113";"-1.7999999523162842";"5757";"1773479510747"
"2233";"2026-03-14 06:12:00";"21.34";"65.5";"941.58";"3600";"0";"";"";"";"-113";"-2";"5758";"1773479520758"
"2234";"2026-03-14 06:12:10";"21.34";"65.5";"941.6";"3600";"0";"";"";"";"-113";"-1.7999999523162842";"5759";"1773479530772"
"2235";"2026-03-14 06:12:20";"21.34";"65.5";"941.58";"3600";"0";"";"";"";"-113";"-1.7999999523162842";"5760";"1773479540784"
"2236";"2026-03-14 06:12:30";"21.34";"65.5";"941.6";"3600";"0";"";"";"";"-112";"-1.7999999523162842";"5761";"1773479550773"
"2237";"2026-03-14 06:12:40";"21.33";"65.5";"941.62";"3580";"0";"";"";"";"-112";"-0.800000011920929";"5762";"1773479560778"
"2238";"2026-03-14 06:12:50";"21.34";"65.5";"941.64";"3600";"0";"";"";"";"-113";"-1.5";"5763";"1773479570785"
"2239";"2026-03-14 06:13:00";"21.34";"65.5";"941.62";"3600";"0";"";"";"";"-113";"-1.7999999523162842";"5764";"1773479580776"
"2240";"2026-03-14 06:13:10";"21.34";"65.5";"941.62";"3580";"0";"";"";"";"-113";"-1.7999999523162842";"5765";"1773479590773"
"2241";"2026-03-14 06:13:20";"21.34";"65.5";"941.64";"3560";"0";"";"";"";"-113";"-1.7999999523162842";"5766";"1773479600743"
"2242";"2026-03-14 06:13:30";"21.34";"65.5";"941.66";"3600";"0";"";"";"";"-113";"-1.5";"5767";"1773479610776"
"2243";"2026-03-14 06:13:40";"21.34";"65.5";"941.64";"3560";"0";"";"";"";"-113";"-1.5";"5768";"1773479620772"
"2244";"2026-03-14 06:13:50";"21.34";"65.5";"941.58";"3580";"0";"";"";"";"-112";"-1";"5769";"1773479630781"
"2245";"2026-03-14 06:14:00";"21.33";"65.5";"941.62";"3600";"0";"";"";"";"-113";"-1.2999999523162842";"5770";"1773479640775"
"2246";"2026-03-14 06:14:10";"21.34";"65.5";"941.62";"3600";"0";"";"";"";"-113";"-2";"5771";"1773479650772"
"2247";"2026-03-14 06:14:20";"21.34";"65.5";"941.58";"3600";"0";"";"";"";"-112";"-1.2999999523162842";"5772";"1773479660741"
"2248";"2026-03-14 06:14:30";"21.33";"65.5";"941.62";"3600";"0";"";"";"";"-112";"-1.2999999523162842";"5773";"1773479670781"
"2249";"2026-03-14 06:14:40";"21.34";"65.5";"941.62";"3600";"0";"";"";"";"-112";"-1.2999999523162842";"5774";"1773479680777"
"2250";"2026-03-14 06:14:50";"21.34";"65.5";"941.6";"3600";"0";"";"";"";"-112";"-1.5";"5775";"1773479690779"
"2251";"2026-03-14 06:15:00";"21.34";"65.5";"941.6";"3600";"0";"";"";"";"-113";"-1.2999999523162842";"5776";"1773479700773"
"2252";"2026-03-14 06:15:10";"21.33";"65.5";"941.62";"3600";"0";"";"";"";"-112";"-1.2999999523162842";"5777";"1773479710784"
"2253";"2026-03-14 06:15:20";"21.34";"65.5";"941.64";"3600";"0";"";"";"";"-112";"-1.2999999523162842";"5778";"1773479720771"
"2254";"2026-03-14 06:15:30";"21.34";"65.5";"941.62";"3560";"0";"";"";"";"-113";"-1.2999999523162842";"5779";"1773479730779"
"2255";"2026-03-14 06:15:40";"21.34";"65.5";"941.6";"3580";"0";"";"";"";"-112";"-1.7999999523162842";"5780";"1773479740782"
"2256";"2026-03-14 06:15:50";"21.33";"65.5";"941.64";"3600";"0";"";"";"";"-112";"-1.2999999523162842";"5781";"1773479750787"
"2257";"2026-03-14 06:16:00";"21.33";"65.5";"941.62";"3600";"0";"";"";"";"-113";"-1.7999999523162842";"5782";"1773479760772"
"2258";"2026-03-14 06:16:10";"21.34";"65.5";"941.64";"3600";"0";"";"";"";"-112";"-1.5";"5783";"1773479770787"
"2259";"2026-03-14 06:16:20";"21.34";"65.5";"941.64";"3600";"0";"";"";"";"-112";"-1.7999999523162842";"5784";"1773479780774"
"2260";"2026-03-14 06:16:30";"21.34";"65.5";"941.64";"3560";"0";"";"";"";"-112";"-1.7999999523162842";"5785";"1773479790776"
"2261";"2026-03-14 06:16:40";"21.34";"65.5";"941.66";"3560";"0";"";"";"";"-113";"-1.7999999523162842";"5786";"1773479800776"
"2262";"2026-03-14 06:16:50";"21.34";"65.5";"941.66";"3560";"0";"";"";"";"-113";"-2";"5787";"1773479810780"
"2263";"2026-03-14 06:17:00";"21.34";"65.5";"941.62";"3580";"0";"";"";"";"-112";"-1.7999999523162842";"5788";"1773479820781"
"2264";"2026-03-14 06:17:10";"21.34";"65.5";"941.64";"3600";"0";"";"";"";"-113";"-1.7999999523162842";"5789";"1773479830771"
"2265";"2026-03-14 06:17:20";"21.34";"65.5";"941.66";"3600";"0";"";"";"";"-113";"-2.5";"5790";"1773479840771"
"2266";"2026-03-14 06:17:30";"21.34";"65.5";"941.6800000000001";"3580";"0";"";"";"";"-113";"-1.5";"5791";"1773479850776"
"2267";"2026-03-14 06:17:40";"21.33";"65.5";"941.66";"3580";"0";"";"";"";"-113";"-1.7999999523162842";"5792";"1773479860781"
"2268";"2026-03-14 06:17:50";"21.34";"65.5";"941.66";"3560";"0";"";"";"";"-112";"-2";"5793";"1773479870778"
"2269";"2026-03-14 06:18:00";"21.34";"65.5";"941.6800000000001";"3580";"0";"";"";"";"-113";"-2.299999952316284";"5794";"1773479880772"
"2270";"2026-03-14 06:18:10";"21.33";"65.5";"941.7";"3580";"0";"";"";"";"-113";"-1.7999999523162842";"5795";"1773479890768"
"2271";"2026-03-14 06:18:20";"21.34";"65.5";"941.6800000000001";"3580";"0";"";"";"";"-112";"-2";"5796";"1773479900767"
"2272";"2026-03-14 06:18:30";"21.33";"65.5";"941.6800000000001";"3580";"0";"";"";"";"-113";"-1.7999999523162842";"5797";"1773479910779"
"2273";"2026-03-14 06:18:40";"21.34";"65.5";"941.72";"3580";"0";"";"";"";"-113";"-2.299999952316284";"5798";"1773479920777"
"2274";"2026-03-14 06:18:50";"21.33";"65.5";"941.7";"3600";"0";"";"";"";"-113";"-1.7999999523162842";"5799";"1773479930771"
"2275";"2026-03-14 06:19:00";"21.33";"65.5";"941.6800000000001";"3600";"0";"";"";"";"-113";"-2";"5800";"1773479940773"
"2276";"2026-03-14 06:19:10";"21.34";"65.5";"941.72";"3600";"0";"";"";"";"-113";"-2.5";"5801";"1773479950777"
"2277";"2026-03-14 06:19:20";"21.33";"65.5";"941.6800000000001";"3560";"0";"";"";"";"-113";"-2.299999952316284";"5802";"1773479960736"
"2278";"2026-03-14 06:19:30";"21.34";"65.5";"941.7";"3600";"0";"";"";"";"-113";"-2.299999952316284";"5803";"1773479970741"
"2279";"2026-03-14 06:19:40";"21.33";"65.5";"941.6800000000001";"3600";"0";"";"";"";"-113";"-2";"5804";"1773479980767"
"2280";"2026-03-14 06:19:50";"21.33";"65.5";"941.72";"3580";"0";"";"";"";"-113";"-1.7999999523162842";"5805";"1773479990769"
"2281";"2026-03-14 06:20:00";"21.34";"65.5";"941.72";"3580";"0";"";"";"";"-113";"-2.299999952316284";"5806";"1773480000772"
"2282";"2026-03-14 06:20:10";"21.34";"65.5";"941.74";"3580";"0";"";"";"";"-113";"-2";"5807";"1773480010736"
"2283";"2026-03-14 06:20:20";"21.34";"65.5";"941.72";"3600";"0";"";"";"";"-113";"-2";"5808";"1773480020797"
"2284";"2026-03-14 06:20:30";"21.34";"65.5";"941.72";"3600";"0";"";"";"";"-113";"-2.299999952316284";"5809";"1773480030768"
"2285";"2026-03-14 06:20:40";"21.34";"65.5";"941.7";"3580";"0";"";"";"";"-113";"-2";"5810";"1773480040770"
"2286";"2026-03-14 06:20:50";"21.34";"65.5";"941.72";"3580";"0";"";"";"";"-113";"-1.7999999523162842";"5811";"1773480050791"
"2287";"2026-03-14 06:21:00";"21.33";"65.5";"941.7";"3580";"0";"";"";"";"-113";"-1.7999999523162842";"5812";"1773480060776"
"2288";"2026-03-14 06:21:10";"21.33";"65.5";"941.7";"3600";"0";"";"";"";"-113";"-2";"5813";"1773480070777"
"2289";"2026-03-14 06:21:20";"21.33";"65.5";"941.72";"3560";"0";"";"";"";"-113";"-1.5";"5814";"1773480080775"
"2290";"2026-03-14 06:21:30";"21.33";"65.5";"941.74";"3560";"0";"";"";"";"-113";"-2";"5815";"1773480090772"
"2291";"2026-03-14 06:21:40";"21.34";"65.5";"941.72";"3580";"0";"";"";"";"-113";"-1.5";"5816";"1773480100777"
"2292";"2026-03-14 06:21:50";"21.33";"65.5";"941.74";"3580";"0";"";"";"";"-113";"-1.2999999523162842";"5817";"1773480110789"
"2293";"2026-03-14 06:22:00";"21.33";"65.5";"941.74";"3580";"0";"";"";"";"-113";"-1.7999999523162842";"5818";"1773480120785"
"2294";"2026-03-14 06:22:10";"21.33";"65.5";"941.7";"3600";"0";"";"";"";"-113";"-1.7999999523162842";"5819";"1773480130767"
"2295";"2026-03-14 06:22:20";"21.33";"65.5";"941.72";"3600";"0";"";"";"";"-113";"-1.5";"5820";"1773480140771"
"2296";"2026-03-14 06:22:30";"21.33";"65.5";"941.72";"3560";"0";"";"";"";"-112";"-1.5";"5821";"1773480150773"
"2297";"2026-03-14 06:22:40";"21.33";"65.5";"941.72";"3560";"0";"";"";"";"-112";"-1.5";"5822";"1773480160773"
"2298";"2026-03-14 06:22:50";"21.33";"65.5";"941.74";"3600";"0";"";"";"";"-113";"-1.2999999523162842";"5823";"1773480170788"
"2299";"2026-03-14 06:23:00";"21.33";"65.5";"941.76";"3560";"0";"";"";"";"-112";"-1.2999999523162842";"5824";"1773480180804"
"2300";"2026-03-14 06:23:10";"21.33";"65.5";"941.74";"3580";"0";"";"";"";"-112";"-1.2999999523162842";"5825";"1773480190760"
"2301";"2026-03-14 06:23:20";"21.34";"65.5";"941.76";"3560";"0";"";"";"";"-112";"-1.5";"5826";"1773480200776"
"2302";"2026-03-14 06:23:30";"21.33";"65.5";"941.74";"3600";"0";"";"";"";"-112";"-1";"5827";"1773480210770"
"2303";"2026-03-14 06:23:40";"21.34";"65.5";"941.74";"3560";"0";"";"";"";"-112";"-1.2999999523162842";"5828";"1773480220772"
"2304";"2026-03-14 06:23:50";"21.33";"65.5";"941.74";"3580";"0";"";"";"";"-112";"-1";"5829";"1773480230777"
"2305";"2026-03-14 06:24:00";"21.33";"65.5";"941.72";"3600";"0";"";"";"";"-113";"-1.5";"5830";"1773480240774"
"2306";"2026-03-14 06:24:10";"21.33";"65.5";"941.74";"3560";"0";"";"";"";"-112";"-1.2999999523162842";"5831";"1773480250770"
"2307";"2026-03-14 06:24:20";"21.33";"65.5";"941.72";"3600";"0";"";"";"";"-112";"-1";"5832";"1773480260767"
"2308";"2026-03-14 06:24:30";"21.34";"65.5";"941.7";"3580";"0";"";"";"";"-112";"-1.5";"5833";"1773480270782"
"2309";"2026-03-14 06:24:40";"21.33";"65.5";"941.72";"3580";"0";"";"";"";"-112";"-1";"5834";"1773480280776"
"2310";"2026-03-14 06:24:50";"21.33";"65.5";"941.72";"3600";"0";"";"";"";"-112";"-1.5";"5835";"1773480290790"
"2311";"2026-03-14 06:25:00";"21.34";"65.5";"941.74";"3600";"0";"";"";"";"-112";"-1.5";"5836";"1773480300740"
"2312";"2026-03-14 06:25:10";"21.33";"65.5";"941.7";"3560";"0";"";"";"";"-112";"-1.2999999523162842";"5837";"1773480310770"
"2313";"2026-03-14 06:25:20";"21.33";"65.5";"941.7";"3580";"0";"";"";"";"-112";"-1";"5838";"1773480320775"
"2314";"2026-03-14 06:25:30";"21.33";"65.5";"941.72";"3580";"0";"";"";"";"-113";"-1.2999999523162842";"5839";"1773480330775"
"2315";"2026-03-14 06:25:40";"21.33";"65.5";"941.74";"3580";"0";"";"";"";"-113";"-1.5";"5840";"1773480340774"
"2316";"2026-03-14 06:25:50";"21.33";"65.5";"941.7";"3580";"0";"";"";"";"-112";"-1.2999999523162842";"5841";"1773480350778"
"2317";"2026-03-14 06:26:00";"21.33";"65.5";"941.72";"3580";"0";"";"";"";"-112";"-1.2999999523162842";"5842";"1773480360770"
"2318";"2026-03-14 06:26:10";"21.33";"65.5";"941.72";"3580";"0";"";"";"";"-112";"-1.5";"5843";"1773480370770"
"2319";"2026-03-14 06:26:20";"21.33";"65.5";"941.72";"3600";"0";"";"";"";"-113";"-1";"5844";"1773480380773"
"2320";"2026-03-14 06:26:30";"21.33";"65.5";"941.72";"3600";"0";"";"";"";"-112";"-1.7999999523162842";"5845";"1773480390764"
"2321";"2026-03-14 06:26:40";"21.33";"65.5";"941.72";"3580";"0";"";"";"";"-113";"-1.2999999523162842";"5846";"1773480400739"
"2322";"2026-03-14 06:26:50";"21.33";"65.5";"941.72";"3560";"0";"";"";"";"-113";"-1.7999999523162842";"5847";"1773480410769"
"2323";"2026-03-14 06:27:00";"21.33";"65.5";"941.74";"3580";"0";"";"";"";"-112";"-1.2999999523162842";"5848";"1773480420774"
"2324";"2026-03-14 06:27:10";"21.33";"65.5";"941.7";"3580";"0";"";"";"";"-113";"-1.7999999523162842";"5849";"1773480430772"
"2325";"2026-03-14 06:27:20";"21.33";"65.5";"941.72";"3580";"0";"";"";"";"-113";"-1.5";"5850";"1773480440765"
"2326";"2026-03-14 06:27:30";"21.34";"65.5";"941.72";"3580";"0";"";"";"";"-113";"-1.5";"5851";"1773480450767"
"2327";"2026-03-14 06:27:40";"21.33";"65.5";"941.76";"3560";"0";"";"";"";"-113";"-1.5";"5852";"1773480460777"
"2328";"2026-03-14 06:27:50";"21.33";"65.5";"941.74";"3600";"0";"";"";"";"-113";"-1.2999999523162842";"5853";"1773480470764"
"2329";"2026-03-14 06:28:00";"21.33";"65.5";"941.72";"3600";"0";"";"";"";"-112";"-1.5";"5854";"1773480480768"
"2330";"2026-03-14 06:28:10";"21.33";"65.5";"941.74";"3580";"0";"";"";"";"-112";"-1.5";"5855";"1773480490777"
"2331";"2026-03-14 06:28:20";"21.33";"65.5";"941.74";"3580";"0";"";"";"";"-113";"-1.5";"5856";"1773480500773"
"2332";"2026-03-14 06:28:30";"21.33";"65.5";"941.74";"3580";"0";"";"";"";"-112";"-1.5";"5857";"1773480510766"
"2333";"2026-03-14 06:28:40";"21.33";"65.5";"941.74";"3560";"0";"";"";"";"-113";"-1.7999999523162842";"5858";"1773480520746"
"2334";"2026-03-14 06:28:50";"21.33";"65.5";"941.7";"3600";"0";"";"";"";"-113";"-1.7999999523162842";"5859";"1773480530778"
"2335";"2026-03-14 06:29:00";"21.33";"65.5";"941.74";"3560";"0";"";"";"";"-113";"-1.5";"5860";"1773480540779"
"2336";"2026-03-14 06:29:10";"21.34";"65.5";"941.74";"3560";"0";"";"";"";"-113";"-2.299999952316284";"5861";"1773480550781"
"2337";"2026-03-14 06:29:20";"21.33";"65.5";"941.74";"3600";"0";"";"";"";"-112";"-1.5";"5862";"1773480560770"
"2338";"2026-03-14 06:29:30";"21.33";"65.5";"941.74";"3560";"0";"";"";"";"-112";"-1.7999999523162842";"5863";"1773480570778"
"2339";"2026-03-14 06:29:40";"21.34";"65.5";"941.74";"3560";"0";"";"";"";"-113";"-1.7999999523162842";"5864";"1773480580773"
"2340";"2026-03-14 06:29:50";"21.33";"65.5";"941.76";"3580";"0";"";"";"";"-112";"-2";"5865";"1773480590772"
"2341";"2026-03-14 06:30:00";"21.33";"65.5";"941.74";"3580";"0";"";"";"";"-113";"-1.7999999523162842";"5866";"1773480600768"
"2342";"2026-03-14 06:30:10";"21.33";"65.5";"941.74";"3560";"0";"";"";"";"-113";"-2";"5867";"1773480610774"
"2343";"2026-03-14 06:30:20";"21.33";"65.5";"941.74";"3560";"0";"";"";"";"-113";"-2";"5868";"1773480620780"
"2344";"2026-03-14 06:30:30";"21.33";"65.5";"941.74";"3560";"0";"";"";"";"-112";"-1.5";"5869";"1773480630771"
"2345";"2026-03-14 06:30:40";"21.34";"65.5";"941.74";"3560";"0";"";"";"";"-113";"-2";"5870";"1773480640782"
"2346";"2026-03-14 06:30:50";"21.33";"65.5";"941.76";"3560";"0";"";"";"";"-113";"-1.7999999523162842";"5871";"1773480650769"
"2347";"2026-03-14 06:31:00";"21.33";"65.5";"941.74";"3600";"0";"";"";"";"-113";"-1.7999999523162842";"5872";"1773480660740"
"2348";"2026-03-14 06:31:10";"21.33";"65.5";"941.7";"3560";"0";"";"";"";"-113";"-1.7999999523162842";"5873";"1773480670774"
"2349";"2026-03-14 06:31:20";"21.33";"65.5";"941.74";"3580";"0";"";"";"";"-113";"-1.5";"5874";"1773480680770"
"2350";"2026-03-14 06:31:30";"21.33";"65.5";"941.72";"3600";"0";"";"";"";"-112";"-1.5";"5875";"1773480690767"
"2351";"2026-03-14 06:31:40";"21.33";"65.5";"941.74";"3600";"0";"";"";"";"-113";"-2";"5876";"1773480700775"
"2352";"2026-03-14 06:31:50";"21.33";"65.5";"941.76";"3560";"0";"";"";"";"-113";"-2";"5877";"1773480710772"
"2353";"2026-03-14 06:32:00";"21.33";"65.5";"941.74";"3580";"0";"";"";"";"-112";"-2";"5878";"1773480720776"
"2354";"2026-03-14 06:32:10";"21.33";"65.5";"941.78";"3580";"4";"";"";"";"-112";"-2";"5879";"1773480730774"
"2355";"2026-03-14 06:32:20";"21.33";"65.5";"941.76";"3560";"4";"";"";"";"-113";"-1.5";"5880";"1773480740771"
"2356";"2026-03-14 06:32:30";"21.34";"65.5";"941.78";"3560";"4";"";"";"";"-113";"-1.7999999523162842";"5881";"1773480750766"
"2357";"2026-03-14 06:32:40";"21.33";"65.5";"941.76";"3600";"4";"";"";"";"-113";"-1.7999999523162842";"5882";"1773480760779"
"2358";"2026-03-14 06:32:50";"21.33";"65.5";"941.78";"3560";"4";"";"";"";"-113";"-1.5";"5883";"1773480770783"
"2359";"2026-03-14 06:33:00";"21.33";"65.5";"941.76";"3580";"4";"";"";"";"-113";"-1.7999999523162842";"5884";"1773480780774"
"2360";"2026-03-14 06:33:10";"21.33";"65.5";"941.78";"3580";"4";"";"";"";"-113";"-2.299999952316284";"5885";"1773480790776"
"2361";"2026-03-14 06:33:20";"21.33";"65.5";"941.78";"3580";"4";"";"";"";"-113";"-1.7999999523162842";"5886";"1773480800764"
"2362";"2026-03-14 06:33:30";"21.33";"65.5";"941.8000000000001";"3560";"4";"";"";"";"-113";"-1";"5887";"1773480810779"
"2363";"2026-03-14 06:33:40";"21.33";"65.5";"941.8000000000001";"3560";"4";"";"";"";"-113";"-1.7999999523162842";"5888";"1773480820763"
"2364";"2026-03-14 06:33:50";"21.33";"65.5";"941.8000000000001";"3580";"4";"";"";"";"-113";"-2.299999952316284";"5889";"1773480830785"
"2365";"2026-03-14 06:34:00";"21.33";"65.5";"941.8000000000001";"3560";"4";"";"";"";"-112";"-1.5";"5890";"1773480840768"
"2366";"2026-03-14 06:34:10";"21.33";"65.5";"941.78";"3580";"4";"";"";"";"-113";"-1.7999999523162842";"5891";"1773480850774"
"2367";"2026-03-14 06:34:20";"21.33";"65.5";"941.8000000000001";"3600";"4";"";"";"";"-113";"-1.7999999523162842";"5892";"1773480860778"
"2368";"2026-03-14 06:34:30";"21.33";"65.5";"941.82";"3560";"4";"";"";"";"-113";"-1.7999999523162842";"5893";"1773480870775"
"2369";"2026-03-14 06:34:40";"21.33";"65.5";"941.78";"3580";"4";"";"";"";"-112";"-1.5";"5894";"1773480880770"
"2370";"2026-03-14 06:34:50";"21.33";"65.5";"941.78";"3600";"4";"";"";"";"-113";"-1.7999999523162842";"5895";"1773480890772"
"2371";"2026-03-14 06:35:00";"21.32";"65.5";"941.8000000000001";"3580";"4";"";"";"";"-113";"-2.299999952316284";"5896";"1773480900814"
"2372";"2026-03-14 06:35:10";"21.33";"65.5";"941.82";"3600";"4";"";"";"";"-113";"-1.7999999523162842";"5897";"1773480910764"
"2373";"2026-03-14 06:35:20";"21.33";"65.5";"941.8000000000001";"3560";"4";"";"";"";"-113";"-1.5";"5898";"1773480920763"
"2374";"2026-03-14 06:35:30";"21.33";"65.5";"941.82";"3600";"4";"";"";"";"-113";"-1.7999999523162842";"5899";"1773480930767"
"2375";"2026-03-14 06:35:40";"21.33";"65.5";"941.84";"3600";"4";"";"";"";"-113";"-1.7999999523162842";"5900";"1773480940763"
"2376";"2026-03-14 06:35:50";"21.33";"65.5";"941.84";"3580";"4";"";"";"";"-113";"-2";"5901";"1773480950783"
"2377";"2026-03-14 06:36:00";"21.33";"65.5";"941.84";"3580";"4";"";"";"";"-113";"-2";"5902";"1773480960773"
"2378";"2026-03-14 06:36:10";"21.33";"65.5";"941.82";"3580";"4";"";"";"";"-113";"-2";"5903";"1773480970765"
"2379";"2026-03-14 06:36:20";"21.33";"65.5";"941.82";"3580";"4";"";"";"";"-112";"-1.7999999523162842";"5904";"1773480980739"
"2380";"2026-03-14 06:36:30";"21.33";"65.5";"941.84";"3600";"4";"";"";"";"-113";"-2";"5905";"1773480990764"
"2381";"2026-03-14 06:36:40";"21.33";"65.5";"941.84";"3600";"4";"";"";"";"-113";"-1.5";"5906";"1773481000775"
"2382";"2026-03-14 06:36:50";"21.33";"65.5";"941.84";"3560";"4";"";"";"";"-113";"-2.299999952316284";"5907";"1773481010766"
"2383";"2026-03-14 06:37:00";"21.33";"65.5";"941.86";"3560";"4";"";"";"";"-113";"-2";"5908";"1773481020763"
"2384";"2026-03-14 06:37:10";"21.33";"65.5";"941.82";"3580";"8";"";"";"";"-113";"-1.7999999523162842";"5909";"1773481030772"
"2385";"2026-03-14 06:37:20";"21.33";"65.5";"941.86";"3600";"8";"";"";"";"-113";"-2";"5910";"1773481040769"
"2386";"2026-03-14 06:37:30";"21.33";"65.5";"941.86";"3580";"4";"";"";"";"-113";"-2";"5911";"1773481050776"
"2387";"2026-03-14 06:37:40";"21.33";"65.5";"941.84";"3600";"4";"";"";"";"-113";"-1.7999999523162842";"5912";"1773481060774"
"2388";"2026-03-14 06:37:50";"21.33";"65.5";"941.86";"3560";"4";"";"";"";"-113";"-2";"5913";"1773481070772"
"2389";"2026-03-14 06:38:00";"21.34";"65.5";"941.9";"3600";"4";"";"";"";"-113";"-2.799999952316284";"5914";"1773481080767"
"2390";"2026-03-14 06:38:10";"21.33";"65.5";"941.88";"3600";"4";"";"";"";"-113";"-2";"5915";"1773481090771"
"2391";"2026-03-14 06:38:20";"21.33";"65.5";"941.86";"3600";"8";"";"";"";"-113";"-2";"5916";"1773481100764"
"2392";"2026-03-14 06:38:30";"21.33";"65.5";"941.9";"3560";"8";"";"";"";"-113";"-2";"5917";"1773481110767"
"2393";"2026-03-14 06:38:40";"21.33";"65.5";"941.84";"3560";"8";"";"";"";"-113";"-2.299999952316284";"5918";"1773481120770"
"2394";"2026-03-14 06:38:50";"21.33";"65.5";"941.86";"3560";"8";"";"";"";"-113";"-2.299999952316284";"5919";"1773481130789"
"2395";"2026-03-14 06:39:00";"21.33";"65.5";"941.86";"3600";"8";"";"";"";"-113";"-2.299999952316284";"5920";"1773481140765"
"2396";"2026-03-14 06:39:10";"21.33";"65.5";"941.86";"3580";"8";"";"";"";"-113";"-2.5";"5921";"1773481150766"
"2397";"2026-03-14 06:39:20";"21.33";"65.5";"941.88";"3560";"8";"";"";"";"-113";"-2.299999952316284";"5922";"1773481160770"
"2398";"2026-03-14 06:39:30";"21.33";"65.5";"941.88";"3580";"8";"";"";"";"-113";"-2";"5923";"1773481170777"
"2399";"2026-03-14 06:39:40";"21.33";"65.5";"941.9";"3560";"8";"";"";"";"-113";"-1.7999999523162842";"5924";"1773481180769"
"2400";"2026-03-14 06:39:50";"21.33";"65.5";"941.9";"3560";"8";"";"";"";"-113";"-2";"5925";"1773481190769"
"2401";"2026-03-14 06:40:00";"21.34";"65.5";"941.9200000000001";"3560";"8";"";"";"";"-113";"-2";"5926";"1773481200769"
"2402";"2026-03-14 06:40:10";"21.34";"65.5";"941.9";"3580";"8";"";"";"";"-113";"-2.5";"5927";"1773481210760"
"2403";"2026-03-14 06:40:20";"21.33";"65.5";"941.9";"3560";"8";"";"";"";"-113";"-2";"5928";"1773481220763"
"2404";"2026-03-14 06:40:30";"21.34";"65.5";"941.9";"3580";"8";"";"";"";"-113";"-2";"5929";"1773481230765"
"2405";"2026-03-14 06:40:40";"21.34";"65.5";"941.9200000000001";"3580";"8";"";"";"";"-113";"-2.299999952316284";"5930";"1773481240775"
"2406";"2026-03-14 06:40:50";"21.34";"65.5";"941.9200000000001";"3580";"8";"";"";"";"-113";"-2";"5931";"1773481250749"
"2407";"2026-03-14 06:41:00";"21.33";"65.5";"941.9";"3580";"8";"";"";"";"-113";"-2.299999952316284";"5932";"1773481260774"
"2408";"2026-03-14 06:41:10";"21.33";"65.5";"941.9200000000001";"3600";"8";"";"";"";"-113";"-2.5";"5933";"1773481270764"
"2409";"2026-03-14 06:41:20";"21.33";"65.5";"941.98";"3560";"8";"";"";"";"-113";"-2.299999952316284";"5934";"1773481280764"
"2410";"2026-03-14 06:41:30";"21.33";"65.5";"941.9200000000001";"3560";"8";"";"";"";"-113";"-2";"5935";"1773481290765"
"2411";"2026-03-14 06:41:40";"21.34";"65.5";"941.96";"3580";"8";"";"";"";"-113";"-1.7999999523162842";"5936";"1773481300776"
"2412";"2026-03-14 06:41:50";"21.33";"65.5";"941.96";"3580";"8";"";"";"";"-113";"-2.299999952316284";"5937";"1773481310783"
"2413";"2026-03-14 06:42:00";"21.34";"65.5";"941.94";"3600";"8";"";"";"";"-113";"-2";"5938";"1773481320765"
"2414";"2026-03-14 06:42:10";"21.33";"65.5";"941.94";"3560";"8";"";"";"";"-113";"-1.7999999523162842";"5939";"1773481330769"
"2415";"2026-03-14 06:42:20";"21.34";"65.5";"941.94";"3600";"8";"";"";"";"-113";"-2.5";"5940";"1773481340732"
"2416";"2026-03-14 06:42:30";"21.33";"65.5";"941.9200000000001";"3560";"12";"";"";"";"-113";"-2.299999952316284";"5941";"1773481350759"
"2417";"2026-03-14 06:42:40";"21.33";"65.5";"941.94";"3580";"12";"";"";"";"-113";"-2";"5942";"1773481360760"
"2418";"2026-03-14 06:42:50";"21.34";"65.5";"941.9200000000001";"3580";"12";"";"";"";"-113";"-2.299999952316284";"5943";"1773481370769"
"2419";"2026-03-14 06:43:00";"21.33";"65.5";"941.94";"3580";"16";"";"";"";"-113";"-2.5";"5944";"1773481380766"
"2420";"2026-03-14 06:43:10";"21.33";"65.5";"941.9200000000001";"3600";"20";"";"";"";"-113";"-2.299999952316284";"5945";"1773481390774"
"2421";"2026-03-14 06:43:20";"21.34";"65.5";"941.96";"3600";"24";"";"";"";"-113";"-1.7999999523162842";"5946";"1773481400774"
"2422";"2026-03-14 06:43:30";"21.33";"65.5";"941.96";"3580";"32";"";"";"";"-113";"-2.799999952316284";"5947";"1773481410761"
"2423";"2026-03-14 06:43:40";"21.34";"65.5";"941.9200000000001";"3580";"40";"";"";"";"-113";"-2.299999952316284";"5948";"1773481420778"
"2424";"2026-03-14 06:43:50";"21.34";"65.5";"941.96";"3560";"48";"";"";"";"-113";"-2.5";"5949";"1773481430778"
"2425";"2026-03-14 06:44:00";"21.34";"65.5";"941.9200000000001";"3600";"48";"";"";"";"-113";"-2.299999952316284";"5950";"1773481440763"
"2426";"2026-03-14 06:44:10";"21.34";"65.5";"941.94";"3560";"56";"";"";"";"-113";"-1.7999999523162842";"5951";"1773481450764"
"2427";"2026-03-14 06:44:20";"21.34";"65.5";"941.94";"3580";"60";"";"";"";"-113";"-2";"5952";"1773481460765"
"2428";"2026-03-14 06:44:30";"21.34";"65.5";"941.94";"3600";"68";"";"";"";"-112";"-1.7999999523162842";"5953";"1773481470764"
"2429";"2026-03-14 06:44:40";"21.34";"65.5";"941.96";"3560";"72";"";"";"";"-113";"-1.7999999523162842";"5954";"1773481480758"
"2430";"2026-03-14 06:44:50";"21.34";"65.5";"941.94";"3560";"80";"";"";"";"-113";"-2";"5955";"1773481490772"
"2431";"2026-03-14 06:45:00";"21.35";"65.5";"941.94";"3600";"88";"";"";"";"-113";"-1.7999999523162842";"5956";"1773481500772"
"2432";"2026-03-14 06:45:10";"21.35";"65.5";"941.94";"3580";"96";"";"";"";"-112";"-1.5";"5957";"1773481510741"
"2433";"2026-03-14 06:45:20";"21.35";"65.5";"941.94";"3600";"104";"";"";"";"-112";"-1.7999999523162842";"5958";"1773481520763"
"2434";"2026-03-14 06:45:30";"21.34";"65.5";"941.94";"3580";"112";"";"";"";"-113";"-2";"5959";"1773481530757"
"2435";"2026-03-14 06:45:40";"21.35";"65.5";"941.94";"3560";"120";"";"";"";"-113";"-1.2999999523162842";"5960";"1773481540765"
"2436";"2026-03-14 06:45:50";"21.35";"65.5";"941.96";"3560";"128";"";"";"";"-113";"-1.7999999523162842";"5961";"1773481550776"
"2437";"2026-03-14 06:46:00";"21.35";"65.5";"942";"3600";"136";"";"";"";"-113";"-2";"5962";"1773481560768"
"2438";"2026-03-14 06:46:10";"21.35";"65.5";"941.96";"3580";"144";"";"";"";"-113";"-1.7999999523162842";"5963";"1773481570768"
"2439";"2026-03-14 06:46:20";"21.35";"65.5";"941.98";"3600";"152";"";"";"";"-112";"-1.7999999523162842";"5964";"1773481580764"
"2440";"2026-03-14 06:46:30";"21.36";"65.5";"941.98";"3600";"160";"";"";"";"-113";"-2";"5965";"1773481590763"
"2441";"2026-03-14 06:46:40";"21.36";"65.5";"941.98";"3560";"168";"";"";"";"-113";"-1.7999999523162842";"5966";"1773481600775"
"2442";"2026-03-14 06:46:50";"21.36";"65.5";"941.96";"3560";"176";"";"";"";"-113";"-1.5";"5967";"1773481610767"
"2443";"2026-03-14 06:47:00";"21.36";"65.5";"941.98";"3600";"180";"";"";"";"-113";"-1.7999999523162842";"5968";"1773481620760"
"2444";"2026-03-14 06:47:10";"21.36";"65.5";"942";"3580";"188";"";"";"";"-113";"-2";"5969";"1773481630768"
"2445";"2026-03-14 06:47:20";"21.37";"65.5";"942";"3560";"196";"";"";"";"-113";"-2";"5970";"1773481640763"
"2446";"2026-03-14 06:47:30";"21.37";"65.5";"942";"3580";"204";"";"";"";"-113";"-2.299999952316284";"5971";"1773481650769"
"2447";"2026-03-14 06:47:40";"21.37";"65.5";"942";"3560";"208";"";"";"";"-113";"-2";"5972";"1773481660772"
"2448";"2026-03-14 06:47:50";"21.37";"65.5";"941.96";"3600";"216";"";"";"";"-112";"-1.7999999523162842";"5973";"1773481670776"
"2449";"2026-03-14 06:48:00";"21.37";"65.5";"941.98";"3580";"224";"";"";"";"-113";"-1.2999999523162842";"5974";"1773481680763"
"2450";"2026-03-14 06:48:10";"21.38";"65.5";"942";"3580";"228";"";"";"";"-112";"-1.7999999523162842";"5975";"1773481690768"
"2451";"2026-03-14 06:48:20";"21.38";"65.5";"942.02";"3560";"236";"";"";"";"-113";"-1.2999999523162842";"5976";"1773481700771"
"2452";"2026-03-14 06:48:30";"21.38";"65.5";"942";"3600";"244";"";"";"";"-112";"-1.5";"5977";"1773481710748"
"2453";"2026-03-14 06:48:40";"21.39";"65.5";"941.98";"3600";"252";"";"";"";"-113";"-1.5";"5978";"1773481720774"
"2454";"2026-03-14 06:48:50";"21.39";"65.5";"942";"3560";"260";"";"";"";"-113";"-1.5";"5979";"1773481730770"
"2455";"2026-03-14 06:49:00";"21.39";"65.5";"942";"3600";"268";"";"";"";"-112";"-1.7999999523162842";"5980";"1773481740735"
"2456";"2026-03-14 06:49:10";"21.4";"65.5";"942.02";"3560";"276";"";"";"";"-113";"-1.5";"5981";"1773481750764"
"2457";"2026-03-14 06:49:20";"21.4";"65.5";"942";"3600";"280";"";"";"";"-112";"-2";"5982";"1773481760745"
"2458";"2026-03-14 06:49:30";"21.41";"65.5";"942.02";"3580";"288";"";"";"";"-113";"-1.5";"5983";"1773481770765"
"2459";"2026-03-14 06:49:40";"21.41";"65.5";"942.02";"3580";"300";"";"";"";"-112";"-1.7999999523162842";"5984";"1773481780773"
"2460";"2026-03-14 06:49:50";"21.42";"65.5";"942.04";"3580";"304";"";"";"";"-112";"-1.5";"5985";"1773481790771"
"2461";"2026-03-14 06:50:00";"21.42";"65.5";"942.02";"3560";"316";"";"";"";"-112";"-1.2999999523162842";"5986";"1773481800771"
"2462";"2026-03-14 06:50:10";"21.42";"65.5";"942.02";"3600";"328";"";"";"";"-112";"-1.2999999523162842";"5987";"1773481810764"
"2463";"2026-03-14 06:50:30";"21.44";"65.5";"942.0600000000001";"3600";"356";"";"";"";"-112";"-1.5";"5989";"1773481830763"
"2464";"2026-03-14 06:50:40";"21.44";"65.5";"942.08";"3580";"368";"";"";"";"-112";"-1.5";"5990";"1773481840764"
"2465";"2026-03-14 06:50:50";"21.45";"65.5";"942.0600000000001";"3560";"380";"";"";"";"-112";"-1.5";"5991";"1773481850774"
"2466";"2026-03-14 06:51:00";"21.45";"65.5";"942.08";"3580";"392";"";"";"";"-112";"-1.2999999523162842";"5992";"1773481860771"
"2467";"2026-03-14 06:51:10";"21.46";"65";"942.0600000000001";"3560";"404";"";"";"";"-112";"-1.5";"5993";"1773481870775"
"2468";"2026-03-14 06:51:20";"21.47";"65";"942.08";"3600";"412";"";"";"";"-112";"-1.5";"5994";"1773481880760"
"2469";"2026-03-14 06:51:30";"21.48";"65";"942.04";"3600";"420";"";"";"";"-112";"-1.7999999523162842";"5995";"1773481890769"
"2470";"2026-03-14 06:51:40";"21.48";"65";"942.04";"3560";"424";"";"";"";"-112";"-1.7999999523162842";"5996";"1773481900764"
"2471";"2026-03-14 06:51:50";"21.5";"65";"942.08";"3600";"428";"";"";"";"-112";"-1.2999999523162842";"5997";"1773481910777"
"2472";"2026-03-14 06:52:00";"21.52";"65";"942.0600000000001";"3600";"424";"";"";"";"-112";"-1.5";"5998";"1773481920767"
"2473";"2026-03-14 06:52:10";"21.53";"65";"942.08";"3580";"424";"";"";"";"-112";"-1.7999999523162842";"5999";"1773481930758"
"2474";"2026-03-14 06:52:20";"21.54";"65";"942.08";"3580";"420";"";"";"";"-112";"-2";"6000";"1773481940770"
"2475";"2026-03-14 06:52:30";"21.55";"65";"942.1";"3580";"416";"";"";"";"-112";"-1.2999999523162842";"6001";"1773481950760"
"2476";"2026-03-14 06:52:40";"21.57";"65";"942.0600000000001";"3560";"416";"";"";"";"-112";"-1.7999999523162842";"6002";"1773481960761"
"2477";"2026-03-14 06:52:50";"21.58";"65";"942.08";"3580";"412";"";"";"";"-112";"-1.5";"6003";"1773481970774"
"2478";"2026-03-14 06:53:00";"21.59";"65";"942.08";"3580";"408";"";"";"";"-112";"-1";"6004";"1773481980770"
"2479";"2026-03-14 06:53:10";"21.61";"65";"942.04";"3580";"408";"";"";"";"-113";"-1.7999999523162842";"6005";"1773481990765"
"2480";"2026-03-14 06:53:20";"21.63";"65";"942.08";"3580";"408";"";"";"";"-112";"-1.7999999523162842";"6006";"1773482000761"
"2481";"2026-03-14 06:53:30";"21.64";"65";"942.08";"3580";"408";"";"";"";"-113";"-1.5";"6007";"1773482010762"
"2482";"2026-03-14 06:53:40";"21.65";"65";"942.0600000000001";"3600";"404";"";"";"";"-113";"-1.7999999523162842";"6008";"1773482020774"
"2483";"2026-03-14 06:53:50";"21.67";"65";"942.08";"3600";"404";"";"";"";"-113";"-1.7999999523162842";"6009";"1773482030768"
"2484";"2026-03-14 06:54:00";"21.68";"65";"942.0600000000001";"3560";"400";"";"";"";"-113";"-1.2999999523162842";"6010";"1773482040768"
"2485";"2026-03-14 06:54:10";"21.69";"65";"942.08";"3580";"396";"";"";"";"-113";"-1.5";"6011";"1773482050763"
"2486";"2026-03-14 06:54:20";"21.71";"65";"942.1";"3580";"392";"";"";"";"-113";"-1.5";"6012";"1773482060769"
"2487";"2026-03-14 06:54:30";"21.73";"65";"942.1";"3580";"388";"";"";"";"-113";"-1.2999999523162842";"6013";"1773482070761"
"2488";"2026-03-14 06:54:40";"21.74";"65";"942.08";"3580";"384";"";"";"";"-112";"-1.2999999523162842";"6014";"1773482080764"
"2489";"2026-03-14 06:54:50";"21.76";"65";"942.0600000000001";"3600";"380";"";"";"";"-113";"-1.2999999523162842";"6015";"1773482090827"
"2490";"2026-03-14 06:55:00";"21.77";"64.5";"942.08";"3580";"380";"";"";"";"-113";"-1.5";"6016";"1773482100794"
"2491";"2026-03-14 06:55:10";"21.79";"64.5";"942.1";"3560";"376";"";"";"";"-112";"-1.5";"6017";"1773482110784"
"2492";"2026-03-14 06:55:20";"21.81";"64.5";"942.1";"3600";"372";"";"";"";"-112";"-1";"6018";"1773482120758"
"2493";"2026-03-14 06:55:30";"21.82";"64.5";"942.1";"3580";"368";"";"";"";"-112";"-1.2999999523162842";"6019";"1773482130769"
"2494";"2026-03-14 06:55:40";"21.84";"64.5";"942.08";"3580";"360";"";"";"";"-113";"-1.5";"6020";"1773482140769"
"2495";"2026-03-14 06:55:50";"21.86";"64.5";"942.08";"3600";"356";"";"";"";"-112";"-1.7999999523162842";"6021";"1773482150769"
"2496";"2026-03-14 06:56:00";"21.87";"64.5";"942.08";"3600";"348";"";"";"";"-112";"-1.2999999523162842";"6022";"1773482160769"
"2497";"2026-03-14 06:56:10";"21.89";"64.5";"942.1";"3560";"340";"";"";"";"-112";"-0.30000001192092896";"6023";"1773482170767"
"2498";"2026-03-14 06:56:20";"21.91";"64.5";"942.12";"3560";"332";"";"";"";"-112";"-1.2999999523162842";"6024";"1773482180763"
"2499";"2026-03-14 06:56:30";"21.92";"64.5";"942.1";"3560";"320";"";"";"";"-112";"-0.800000011920929";"6025";"1773482190761"
"2500";"2026-03-14 06:56:40";"21.94";"64.5";"942.1";"3580";"304";"";"";"";"-112";"-0.800000011920929";"6026";"1773482200767"
"2501";"2026-03-14 06:56:50";"21.95";"64.5";"942.1";"3580";"292";"";"";"";"-112";"-1.2999999523162842";"6027";"1773482210763"
"2502";"2026-03-14 06:57:00";"21.97";"64.5";"942.1";"3580";"280";"";"";"";"-112";"-1.2999999523162842";"6028";"1773482220771"
"2503";"2026-03-14 06:57:10";"21.99";"64.5";"942.1";"3580";"268";"";"";"";"-112";"-1";"6029";"1773482230764"
"2504";"2026-03-14 06:57:20";"22";"64.5";"942.1";"3600";"252";"";"";"";"-113";"-1.2999999523162842";"6030";"1773482240763"
"2505";"2026-03-14 06:57:30";"22.01";"64.5";"942.1";"3600";"240";"";"";"";"-112";"-0.800000011920929";"6031";"1773482250754"
"2506";"2026-03-14 06:57:40";"22.02";"64.5";"942.08";"3560";"228";"";"";"";"-112";"-1";"6032";"1773482260775"
"2507";"2026-03-14 06:57:50";"22.03";"64.5";"942.12";"3600";"220";"";"";"";"-112";"-1.5";"6033";"1773482270771"
"2508";"2026-03-14 06:58:00";"22.05";"64.5";"942.08";"3580";"212";"";"";"";"-112";"-1";"6034";"1773482280772"
"2509";"2026-03-14 06:58:10";"22.06";"64.5";"942.1";"3560";"204";"";"";"";"-112";"-1.5";"6035";"1773482290765"
"2510";"2026-03-14 06:58:20";"22.07";"64";"942.08";"3580";"200";"";"";"";"-113";"-1.5";"6036";"1773482300758"
"2511";"2026-03-14 06:58:30";"22.08";"64.5";"942.02";"3600";"196";"";"";"";"-112";"-1.5";"6037";"1773482310764"
"2512";"2026-03-14 06:58:40";"22.09";"64";"942.0600000000001";"3580";"192";"";"";"";"-112";"-1.5";"6038";"1773482320763"
"2513";"2026-03-14 06:58:50";"22.1";"64";"942.0600000000001";"3580";"192";"";"";"";"-113";"-1.7999999523162842";"6039";"1773482330783"
"2514";"2026-03-14 06:59:00";"22.11";"64";"942.0600000000001";"3600";"188";"";"";"";"-113";"-1.7999999523162842";"6040";"1773482340744"
"2515";"2026-03-14 06:59:10";"22.12";"64";"942.0600000000001";"3600";"188";"";"";"";"-112";"-1";"6041";"1773482350766"
"2516";"2026-03-14 06:59:20";"22.13";"64";"942.08";"3560";"188";"";"";"";"-112";"-1";"6042";"1773482360760"
"2517";"2026-03-14 06:59:30";"22.14";"64";"942.1";"3580";"188";"";"";"";"-112";"-1.5";"6043";"1773482370770"
"2518";"2026-03-14 06:59:40";"22.15";"64";"942.0600000000001";"3560";"188";"";"";"";"-112";"-1.7999999523162842";"6044";"1773482380763"
"2519";"2026-03-14 06:59:50";"22.16";"64";"942.08";"3580";"188";"";"";"";"-112";"-1.5";"6045";"1773482390779"
"2520";"2026-03-14 07:00:00";"22.17";"64";"942.08";"3580";"192";"";"";"";"-113";"-1.5";"6046";"1773482400769"
"2521";"2026-03-14 07:00:10";"22.18";"64";"942.0600000000001";"3600";"192";"";"";"";"-112";"-1.5";"6047";"1773482410773"
"2522";"2026-03-14 07:00:20";"22.2";"64";"942.08";"3580";"196";"";"";"";"-113";"-1.5";"6048";"1773482420772"
"2523";"2026-03-14 07:00:30";"22.21";"64";"942.12";"3560";"196";"";"";"";"-112";"-1.5";"6049";"1773482430753"
"2524";"2026-03-14 07:00:40";"22.22";"64";"942.1";"3560";"200";"";"";"";"-112";"-1.2999999523162842";"6050";"1773482440754"
"2525";"2026-03-14 07:00:50";"22.22";"64";"942.08";"3600";"204";"";"";"";"-112";"-1.5";"6051";"1773482450770"
"2526";"2026-03-14 07:01:00";"22.24";"64";"942.1";"3600";"204";"";"";"";"-112";"-1.2999999523162842";"6052";"1773482460755"
"2527";"2026-03-14 07:01:10";"22.25";"64";"942.1";"3600";"204";"";"";"";"-112";"-1.7999999523162842";"6053";"1773482470769"
"2528";"2026-03-14 07:01:20";"22.26";"64";"942.08";"3600";"208";"";"";"";"-112";"-1.5";"6054";"1773482480764"
"2529";"2026-03-14 07:01:30";"22.27";"64";"942.1";"3560";"208";"";"";"";"-112";"-1.2999999523162842";"6055";"1773482490767"
"2530";"2026-03-14 07:01:40";"22.27";"64";"942.1";"3600";"212";"";"";"";"-112";"-1.5";"6056";"1773482500762"
"2531";"2026-03-14 07:01:50";"22.29";"64";"942.12";"3560";"212";"";"";"";"-112";"-1.5";"6057";"1773482510770"
"2532";"2026-03-14 07:02:00";"22.3";"64";"942.12";"3560";"212";"";"";"";"-113";"-1.2999999523162842";"6058";"1773482520766"
"2533";"2026-03-14 07:02:10";"22.31";"64";"942.1";"3580";"216";"";"";"";"-112";"-1.5";"6059";"1773482530769"
"2534";"2026-03-14 07:02:20";"22.33";"64";"942.12";"3580";"216";"";"";"";"-112";"-1.7999999523162842";"6060";"1773482540771"
"2535";"2026-03-14 07:02:30";"22.34";"64";"942.12";"3560";"216";"";"";"";"-112";"-1.2999999523162842";"6061";"1773482550777"
"2536";"2026-03-14 07:02:40";"22.35";"64";"942.12";"3600";"216";"";"";"";"-112";"-1.7999999523162842";"6062";"1773482560728"
"2537";"2026-03-14 07:02:50";"22.37";"64";"942.14";"3560";"216";"";"";"";"-112";"-1.2999999523162842";"6063";"1773482570776"
"2538";"2026-03-14 07:03:00";"22.37";"64";"942.14";"3580";"216";"";"";"";"-112";"-1.2999999523162842";"6064";"1773482580763"
"2539";"2026-03-14 07:03:10";"22.39";"64";"942.14";"3560";"216";"";"";"";"-113";"-1.2999999523162842";"6065";"1773482590766"
"2540";"2026-03-14 07:03:20";"22.4";"64";"942.14";"3580";"216";"";"";"";"-113";"-1.5";"6066";"1773482600770"
"2541";"2026-03-14 07:03:30";"22.4";"64";"942.12";"3600";"212";"";"";"";"-112";"-1.2999999523162842";"6067";"1773482610767"
"2542";"2026-03-14 07:03:40";"22.41";"64";"942.14";"3560";"212";"";"";"";"-112";"-1.2999999523162842";"6068";"1773482620751"
"2543";"2026-03-14 07:03:50";"22.42";"64";"942.12";"3580";"208";"";"";"";"-112";"-1.5";"6069";"1773482630767"
"2544";"2026-03-14 07:04:00";"22.43";"64";"942.12";"3600";"204";"";"";"";"-112";"-1.7999999523162842";"6070";"1773482640758"
"2545";"2026-03-14 07:04:10";"22.44";"64";"942.14";"3580";"196";"";"";"";"-112";"-1.5";"6071";"1773482650759"
"2546";"2026-03-14 07:04:20";"22.45";"64";"942.14";"3600";"192";"";"";"";"-113";"-1.2999999523162842";"6072";"1773482660747"
"2547";"2026-03-14 07:04:30";"22.46";"63.5";"942.1";"3600";"184";"";"";"";"-113";"-1.7999999523162842";"6073";"1773482670769"
"2548";"2026-03-14 07:04:40";"22.47";"63.5";"942.14";"3600";"176";"";"";"";"-112";"-1.5";"6074";"1773482680768"
"2549";"2026-03-14 07:04:50";"22.48";"63.5";"942.16";"3600";"172";"";"";"";"-112";"-1.2999999523162842";"6075";"1773482690772"
"2550";"2026-03-14 07:05:00";"22.48";"63.5";"942.16";"3580";"164";"";"";"";"-112";"-1.2999999523162842";"6076";"1773482700758"
"2551";"2026-03-14 07:05:10";"22.49";"63.5";"942.16";"3580";"160";"";"";"";"-112";"-1.2999999523162842";"6077";"1773482710764"
"2552";"2026-03-14 07:05:20";"22.5";"63.5";"942.12";"3580";"156";"";"";"";"-112";"-1.2999999523162842";"6078";"1773482720758"
"2553";"2026-03-14 07:05:30";"22.52";"63.5";"942.1800000000001";"3580";"156";"";"";"";"-112";"-1.2999999523162842";"6079";"1773482730727"
"2554";"2026-03-14 07:05:40";"22.52";"63.5";"942.16";"3580";"152";"";"";"";"-112";"-1.5";"6080";"1773482740765"
"2555";"2026-03-14 07:05:50";"22.53";"63.5";"942.14";"3580";"152";"";"";"";"-112";"-1.2999999523162842";"6081";"1773482750789"
"2556";"2026-03-14 07:06:00";"22.54";"63.5";"942.16";"3560";"152";"";"";"";"-112";"-1.5";"6082";"1773482760772"
"2557";"2026-03-14 07:06:10";"22.55";"63.5";"942.16";"3560";"152";"";"";"";"-112";"-1.5";"6083";"1773482770758"
"2558";"2026-03-14 07:06:20";"22.55";"63.5";"942.1800000000001";"3580";"152";"";"";"";"-112";"-1.2999999523162842";"6084";"1773482780767"
"2559";"2026-03-14 07:06:30";"22.56";"63.5";"942.14";"3580";"152";"";"";"";"-112";"-2";"6085";"1773482790741"
"2560";"2026-03-14 07:06:40";"22.57";"63.5";"942.16";"3600";"152";"";"";"";"-113";"-1.7999999523162842";"6086";"1773482800769"
"2561";"2026-03-14 07:06:50";"22.58";"63.5";"942.14";"3560";"152";"";"";"";"-113";"-2";"6087";"1773482810776"
"2562";"2026-03-14 07:07:00";"22.58";"63.5";"942.16";"3600";"144";"";"";"";"-112";"-1.7999999523162842";"6088";"1773482820766"
"2563";"2026-03-14 07:07:10";"22.59";"63.5";"942.16";"3580";"140";"";"";"";"-113";"-2";"6089";"1773482830764"
"2564";"2026-03-14 07:07:20";"22.6";"63.5";"942.12";"3560";"136";"";"";"";"-113";"-1.5";"6090";"1773482840768"
"2565";"2026-03-14 07:07:30";"22.6";"63.5";"942.14";"3580";"128";"";"";"";"-113";"-2";"6091";"1773482850754"
"2566";"2026-03-14 07:07:40";"22.61";"63.5";"942.16";"3560";"124";"";"";"";"-112";"-1.5";"6092";"1773482860769"
"2567";"2026-03-14 07:07:50";"22.62";"63.5";"942.16";"3600";"120";"";"";"";"-113";"-2";"6093";"1773482870744"
"2568";"2026-03-14 07:08:00";"22.62";"63.5";"942.16";"3560";"116";"";"";"";"-113";"-2";"6094";"1773482880763"
"2569";"2026-03-14 07:08:10";"22.63";"63.5";"942.12";"3560";"112";"";"";"";"-113";"-1.5";"6095";"1773482890760"
"2570";"2026-03-14 07:08:20";"22.64";"63.5";"942.14";"3580";"108";"";"";"";"-113";"-1.7999999523162842";"6096";"1773482900762"
"2571";"2026-03-14 07:08:30";"22.64";"63.5";"942.16";"3600";"104";"";"";"";"-113";"-2";"6097";"1773482910768"
"2572";"2026-03-14 07:08:40";"22.65";"63.5";"942.16";"3580";"104";"";"";"";"-112";"-1.7999999523162842";"6098";"1773482920767"
"2573";"2026-03-14 07:08:50";"22.65";"63.5";"942.14";"3560";"100";"";"";"";"-112";"-1.7999999523162842";"6099";"1773482930759"
"2574";"2026-03-14 07:09:00";"22.66";"63.5";"942.16";"3560";"100";"";"";"";"-113";"-1.7999999523162842";"6100";"1773482940725"
"2575";"2026-03-14 07:09:10";"22.67";"63.5";"942.16";"3580";"100";"";"";"";"-112";"-1.7999999523162842";"6101";"1773482950758"
"2576";"2026-03-14 07:09:20";"22.67";"63.5";"942.16";"3560";"100";"";"";"";"-112";"-1.5";"6102";"1773482960758"
"2577";"2026-03-14 07:09:30";"22.68";"63.5";"942.16";"3580";"100";"";"";"";"-113";"-2";"6103";"1773482970745"
"2578";"2026-03-14 07:09:40";"22.68";"63.5";"942.1800000000001";"3580";"100";"";"";"";"-112";"-1.7999999523162842";"6104";"1773482980769"
"2579";"2026-03-14 07:09:50";"22.68";"63.5";"942.14";"3560";"100";"";"";"";"-113";"-1.7999999523162842";"6105";"1773482990769"
"2580";"2026-03-14 07:10:00";"22.69";"63.5";"942.14";"3560";"100";"";"";"";"-113";"-2.299999952316284";"6106";"1773483000761"
"2581";"2026-03-14 07:10:10";"22.7";"63.5";"942.16";"3600";"96";"";"";"";"-113";"-2";"6107";"1773483010766"
"2582";"2026-03-14 07:10:20";"22.7";"63.5";"942.14";"3560";"96";"";"";"";"-113";"-1.7999999523162842";"6108";"1773483020762"
"2583";"2026-03-14 07:10:30";"22.71";"63.5";"942.14";"3600";"96";"";"";"";"-112";"-1.7999999523162842";"6109";"1773483030751"
"2584";"2026-03-14 07:10:40";"22.71";"63.5";"942.1800000000001";"3600";"96";"";"";"";"-113";"-1.7999999523162842";"6110";"1773483040761"
"2585";"2026-03-14 07:10:50";"22.71";"63.5";"942.16";"3580";"96";"";"";"";"-112";"-1.5";"6111";"1773483050758"
"2586";"2026-03-14 07:11:00";"22.72";"63.5";"942.16";"3600";"96";"";"";"";"-112";"-2";"6112";"1773483060771"
"2587";"2026-03-14 07:11:10";"22.72";"63.5";"942.16";"3600";"96";"";"";"";"-112";"-1.5";"6113";"1773483070765"
"2588";"2026-03-14 07:11:20";"22.73";"63.5";"942.16";"3580";"96";"";"";"";"-112";"-2";"6114";"1773483080760"
"2589";"2026-03-14 07:11:30";"22.74";"63.5";"942.16";"3580";"100";"";"";"";"-112";"-1.7999999523162842";"6115";"1773483090754"
"2590";"2026-03-14 07:11:40";"22.74";"63.5";"942.1800000000001";"3560";"100";"";"";"";"-112";"-2";"6116";"1773483100766"
"2591";"2026-03-14 07:11:50";"22.74";"63.5";"942.1800000000001";"3580";"104";"";"";"";"-112";"-2";"6117";"1773483110735"
"2592";"2026-03-14 07:12:00";"22.75";"63.5";"942.22";"3600";"112";"";"";"";"-112";"-2";"6118";"1773483120756"
"2593";"2026-03-14 07:12:10";"22.76";"63.5";"942.1800000000001";"3580";"116";"";"";"";"-113";"-1.7999999523162842";"6119";"1773483130757"
"2594";"2026-03-14 07:12:20";"22.76";"63.5";"942.2";"3560";"124";"";"";"";"-112";"-1.7999999523162842";"6120";"1773483140742"
"2595";"2026-03-14 07:12:30";"22.77";"63.5";"942.2";"3600";"128";"";"";"";"-113";"-2";"6121";"1773483150762"
"2596";"2026-03-14 07:12:40";"22.77";"63.5";"942.22";"3580";"132";"";"";"";"-112";"-1.7999999523162842";"6122";"1773483160761"
"2597";"2026-03-14 07:12:50";"22.78";"63.5";"942.22";"3600";"136";"";"";"";"-113";"-1.7999999523162842";"6123";"1773483170724"
"2598";"2026-03-14 07:13:00";"22.79";"63.5";"942.2";"3600";"140";"";"";"";"-112";"-1.5";"6124";"1773483180755"
"2599";"2026-03-14 07:13:10";"22.79";"63.5";"942.24";"3600";"140";"";"";"";"-112";"-1.5";"6125";"1773483190780"
"2600";"2026-03-14 07:13:20";"22.79";"63.5";"942.1800000000001";"3560";"136";"";"";"";"-113";"-1.7999999523162842";"6126";"1773483200763"
"2601";"2026-03-14 07:13:30";"22.8";"63.5";"942.2";"3580";"136";"";"";"";"-113";"-2.299999952316284";"6127";"1773483210723"
"2602";"2026-03-14 07:13:40";"22.8";"63.5";"942.2";"3580";"128";"";"";"";"-112";"-1.7999999523162842";"6128";"1773483220772"
"2603";"2026-03-14 07:13:50";"22.8";"63.5";"942.22";"3600";"124";"";"";"";"-112";"-2";"6129";"1773483230767"
"2604";"2026-03-14 07:14:00";"22.81";"63.5";"942.2";"3580";"116";"";"";"";"-112";"-1.7999999523162842";"6130";"1773483240757"
"2605";"2026-03-14 07:14:10";"22.81";"63.5";"942.2";"3580";"104";"";"";"";"-112";"-2";"6131";"1773483250768"
"2606";"2026-03-14 07:14:20";"22.82";"63.5";"942.2";"3560";"100";"";"";"";"-112";"-2";"6132";"1773483260762"
"2607";"2026-03-14 07:14:30";"22.82";"63.5";"942.24";"3600";"92";"";"";"";"-113";"-1.7999999523162842";"6133";"1773483270760"
"2608";"2026-03-14 07:14:40";"22.82";"63.5";"942.24";"3600";"84";"";"";"";"-113";"-1.7999999523162842";"6134";"1773483280757"
"2609";"2026-03-14 07:14:50";"22.83";"63.5";"942.22";"3600";"76";"";"";"";"-113";"-1.7999999523162842";"6135";"1773483290731"
"2610";"2026-03-14 07:15:00";"22.83";"63.5";"942.22";"3560";"76";"";"";"";"-112";"-2";"6136";"1773483300762"
"2611";"2026-03-14 07:15:10";"22.83";"63.5";"942.22";"3600";"72";"";"";"";"-112";"-1.5";"6137";"1773483310764"
"2612";"2026-03-14 07:15:20";"22.83";"63.5";"942.2";"3600";"68";"";"";"";"-113";"-2";"6138";"1773483320739"
"2613";"2026-03-14 07:15:30";"22.84";"63.5";"942.24";"3580";"64";"";"";"";"-112";"-1.7999999523162842";"6139";"1773483330760"
"2614";"2026-03-14 07:15:40";"22.84";"63.5";"942.24";"3560";"60";"";"";"";"-113";"-1.7999999523162842";"6140";"1773483340737"
"2615";"2026-03-14 07:15:50";"22.84";"63.5";"942.22";"3580";"56";"";"";"";"-112";"-1.7999999523162842";"6141";"1773483350735"
"2616";"2026-03-14 07:16:00";"22.84";"63.5";"942.24";"3580";"56";"";"";"";"-112";"-2";"6142";"1773483360767"
"2617";"2026-03-14 07:16:10";"22.84";"63.5";"942.26";"3600";"52";"";"";"";"-113";"-1.7999999523162842";"6143";"1773483370766"
"2618";"2026-03-14 07:16:20";"22.84";"63.5";"942.22";"3600";"48";"";"";"";"-112";"-1.7999999523162842";"6144";"1773483380755"
"2619";"2026-03-14 07:16:30";"22.85";"63.5";"942.22";"3560";"48";"";"";"";"-112";"-1.5";"6145";"1773483390725"
"2620";"2026-03-14 07:16:40";"22.85";"63.5";"942.26";"3580";"48";"";"";"";"-112";"-1.5";"6146";"1773483400773"
"2621";"2026-03-14 07:16:50";"22.85";"63.5";"942.24";"3600";"48";"";"";"";"-112";"-1.7999999523162842";"6147";"1773483410761"
"2622";"2026-03-14 07:17:00";"22.85";"63.5";"942.26";"3600";"48";"";"";"";"-112";"-2";"6148";"1773483420751"
"2623";"2026-03-14 07:17:10";"22.85";"63.5";"942.22";"3580";"48";"";"";"";"-112";"-1.7999999523162842";"6149";"1773483430755"
"2624";"2026-03-14 07:17:20";"22.85";"63.5";"942.28";"3600";"48";"";"";"";"-112";"-1.7999999523162842";"6150";"1773483440763"
"2625";"2026-03-14 07:17:30";"22.84";"63.5";"942.24";"3600";"48";"";"";"";"-113";"-2";"6151";"1773483450758"
"2626";"2026-03-14 07:17:40";"22.84";"63.5";"942.24";"3600";"48";"";"";"";"-112";"-1.7999999523162842";"6152";"1773483460762"
"2627";"2026-03-14 07:17:50";"22.84";"63.5";"942.22";"3560";"48";"";"";"";"-113";"-2";"6153";"1773483470766"
"2628";"2026-03-14 07:18:00";"22.84";"63.5";"942.24";"3580";"48";"";"";"";"-113";"-2";"6154";"1773483480773"
"2629";"2026-03-14 07:18:10";"22.84";"63.5";"942.24";"3560";"48";"";"";"";"-113";"-2";"6155";"1773483490758"
"2630";"2026-03-14 07:18:20";"22.84";"63.5";"942.26";"3600";"48";"";"";"";"-113";"-2.299999952316284";"6156";"1773483500765"
"2631";"2026-03-14 07:18:30";"22.84";"63.5";"942.24";"3560";"48";"";"";"";"-113";"-2";"6157";"1773483510759"
"2632";"2026-03-14 07:18:40";"22.83";"63.5";"942.24";"3600";"48";"";"";"";"-112";"-2";"6158";"1773483520754"
"2633";"2026-03-14 07:18:50";"22.83";"63.5";"942.26";"3560";"48";"";"";"";"-113";"-2";"6159";"1773483530766"
"2634";"2026-03-14 07:19:00";"22.83";"63.5";"942.26";"3560";"48";"";"";"";"-112";"-2.299999952316284";"6160";"1773483540757"
"2635";"2026-03-14 07:19:10";"22.83";"63.5";"942.22";"3600";"44";"";"";"";"-113";"-1.5";"6161";"1773483550760"
"2636";"2026-03-14 07:19:20";"22.83";"63.5";"942.24";"3560";"44";"";"";"";"-113";"-2";"6162";"1773483560725"
"2637";"2026-03-14 07:19:30";"22.82";"63.5";"942.26";"3560";"44";"";"";"";"-112";"-1.7999999523162842";"6163";"1773483570755"
"2638";"2026-03-14 07:19:40";"22.82";"63.5";"942.32";"3580";"44";"";"";"";"-113";"-1.7999999523162842";"6164";"1773483580762"
"2639";"2026-03-14 07:19:50";"22.82";"63.5";"942.24";"3560";"44";"";"";"";"-113";"-2.5";"6165";"1773483590762"
"2640";"2026-03-14 07:20:00";"22.81";"63.5";"942.26";"3560";"44";"";"";"";"-112";"-2";"6166";"1773483600762"
"2641";"2026-03-14 07:20:10";"22.81";"63.5";"942.26";"3560";"44";"";"";"";"-112";"-2";"6167";"1773483610763"
"2642";"2026-03-14 07:20:20";"22.81";"63.5";"942.22";"3560";"44";"";"";"";"-112";"-1.7999999523162842";"6168";"1773483620753"
"2643";"2026-03-14 07:20:30";"22.8";"63.5";"942.26";"3560";"44";"";"";"";"-112";"-2";"6169";"1773483630728"
"2644";"2026-03-14 07:20:40";"22.8";"63.5";"942.28";"3580";"44";"";"";"";"-113";"-2";"6170";"1773483640758"
"2645";"2026-03-14 07:20:50";"22.81";"63.5";"942.28";"3600";"44";"";"";"";"-113";"-2";"6171";"1773483650752"
"2646";"2026-03-14 07:21:00";"22.8";"63.5";"942.24";"3560";"44";"";"";"";"-113";"-1.7999999523162842";"6172";"1773483660753"
"2647";"2026-03-14 07:21:10";"22.8";"63.5";"942.26";"3580";"44";"";"";"";"-113";"-2.299999952316284";"6173";"1773483670762"
"2648";"2026-03-14 07:21:20";"22.8";"63.5";"942.24";"3580";"44";"";"";"";"-112";"-2";"6174";"1773483680758"
"2649";"2026-03-14 07:21:30";"22.79";"64";"942.22";"3560";"44";"";"";"";"-113";"-2";"6175";"1773483690730"
"2650";"2026-03-14 07:21:40";"22.8";"63.5";"942.26";"3580";"44";"";"";"";"-112";"-1.7999999523162842";"6176";"1773483700766"
"2651";"2026-03-14 07:21:50";"22.8";"64";"942.28";"3580";"44";"";"";"";"-113";"-2";"6177";"1773483710755"
"2652";"2026-03-14 07:22:00";"22.79";"64";"942.24";"3560";"44";"";"";"";"-112";"-2.299999952316284";"6178";"1773483720750"
"2653";"2026-03-14 07:22:10";"22.79";"64";"942.28";"3600";"44";"";"";"";"-113";"-2";"6179";"1773483730757"
"2654";"2026-03-14 07:22:20";"22.79";"64";"942.28";"3560";"44";"";"";"";"-113";"-1.7999999523162842";"6180";"1773483740763"
"2655";"2026-03-14 07:22:30";"22.79";"64";"942.28";"3560";"44";"";"";"";"-113";"-1.7999999523162842";"6181";"1773483750755"
"2656";"2026-03-14 07:22:40";"22.79";"64";"942.28";"3580";"40";"";"";"";"-113";"-2";"6182";"1773483760762"
"2657";"2026-03-14 07:22:50";"22.79";"64";"942.28";"3600";"40";"";"";"";"-112";"-2";"6183";"1773483770760"
"2658";"2026-03-14 07:23:00";"22.78";"64";"942.24";"3560";"40";"";"";"";"-112";"-1.5";"6184";"1773483780730"
"2659";"2026-03-14 07:23:10";"22.78";"64";"942.26";"3560";"40";"";"";"";"-113";"-1.5";"6185";"1773483790762"
"2660";"2026-03-14 07:23:20";"22.78";"64";"942.3000000000001";"3580";"40";"";"";"";"-112";"-1.2999999523162842";"6186";"1773483800757"
"2661";"2026-03-14 07:23:30";"22.78";"64";"942.26";"3560";"40";"";"";"";"-112";"-1.2999999523162842";"6187";"1773483810747"
"2662";"2026-03-14 07:23:40";"22.77";"64";"942.26";"3600";"40";"";"";"";"-112";"-1.5";"6188";"1773483820767"
"2663";"2026-03-14 07:23:50";"22.77";"64";"942.28";"3560";"40";"";"";"";"-113";"-1.7999999523162842";"6189";"1773483830755"
"2664";"2026-03-14 07:24:00";"22.77";"64";"942.24";"3580";"40";"";"";"";"-112";"-1.5";"6190";"1773483840730"
"2665";"2026-03-14 07:24:10";"22.76";"64";"942.26";"3560";"40";"";"";"";"-112";"-2";"6191";"1773483850759"
"2666";"2026-03-14 07:24:20";"22.76";"64";"942.28";"3560";"40";"";"";"";"-112";"-1.7999999523162842";"6192";"1773483860795"
"2667";"2026-03-14 07:24:30";"22.76";"64";"942.28";"3560";"40";"";"";"";"-112";"-1.5";"6193";"1773483870751"
"2668";"2026-03-14 07:24:40";"22.75";"64";"942.28";"3560";"40";"";"";"";"-112";"-1.7999999523162842";"6194";"1773483880759"
"2669";"2026-03-14 07:24:50";"22.75";"64";"942.26";"3580";"40";"";"";"";"-112";"-1.2999999523162842";"6195";"1773483890772"
"2670";"2026-03-14 07:25:00";"22.75";"64";"942.26";"3580";"40";"";"";"";"-112";"-1.5";"6196";"1773483900753"
"2671";"2026-03-14 07:25:10";"22.74";"64";"942.28";"3600";"40";"";"";"";"-112";"-2";"6197";"1773483910756"
"2672";"2026-03-14 07:25:20";"22.74";"64";"942.3000000000001";"3600";"40";"";"";"";"-112";"-1.5";"6198";"1773483920761"
"2673";"2026-03-14 07:25:30";"22.74";"64";"942.3000000000001";"3560";"40";"";"";"";"-112";"-1.7999999523162842";"6199";"1773483930760"
"2674";"2026-03-14 07:25:40";"22.73";"64";"942.28";"3560";"40";"";"";"";"-112";"-1.5";"6200";"1773483940760"
"2675";"2026-03-14 07:25:50";"22.73";"64";"942.3000000000001";"3600";"40";"";"";"";"-113";"-1.5";"6201";"1773483950736"
"2676";"2026-03-14 07:26:00";"22.72";"64";"942.3000000000001";"3560";"40";"";"";"";"-113";"-1.7999999523162842";"6202";"1773483960770"
"2677";"2026-03-14 07:26:10";"22.72";"64";"942.28";"3600";"40";"";"";"";"-112";"-2";"6203";"1773483970755"
"2678";"2026-03-14 07:26:20";"22.72";"64";"942.28";"3580";"40";"";"";"";"-113";"-2";"6204";"1773483980765"
"2679";"2026-03-14 07:26:30";"22.71";"64";"942.3000000000001";"3560";"40";"";"";"";"-113";"-1.7999999523162842";"6205";"1773483990756"
"2680";"2026-03-14 07:26:40";"22.71";"64";"942.3000000000001";"3560";"40";"";"";"";"-113";"-1.7999999523162842";"6206";"1773484000757"
"2681";"2026-03-14 07:26:50";"22.71";"64";"942.32";"3580";"44";"";"";"";"-112";"-1.7999999523162842";"6207";"1773484010776"
"2682";"2026-03-14 07:27:00";"22.71";"64";"942.28";"3580";"44";"";"";"";"-112";"-1";"6208";"1773484020764"
"2683";"2026-03-14 07:27:10";"22.7";"64";"942.32";"3580";"44";"";"";"";"-112";"-3";"6209";"1773484030762"
"2684";"2026-03-14 07:27:20";"22.7";"64";"942.3000000000001";"3580";"44";"";"";"";"-112";"-2";"6210";"1773484040780"
"2685";"2026-03-14 07:27:30";"22.69";"64";"942.28";"3560";"44";"";"";"";"-113";"-2.299999952316284";"6211";"1773484050761"
"2686";"2026-03-14 07:27:40";"22.69";"64";"942.28";"3560";"44";"";"";"";"-113";"-2.299999952316284";"6212";"1773484060764"
"2687";"2026-03-14 07:27:50";"22.68";"64";"942.3000000000001";"3580";"48";"";"";"";"-113";"-2";"6213";"1773484070763"
"2688";"2026-03-14 07:28:00";"22.68";"64";"942.32";"3560";"48";"";"";"";"-113";"-1.5";"6214";"1773484080759"
"2689";"2026-03-14 07:28:10";"22.68";"64";"942.32";"3600";"48";"";"";"";"-112";"-1.7999999523162842";"6215";"1773484090763"
"2690";"2026-03-14 07:28:20";"22.67";"64";"942.32";"3600";"48";"";"";"";"-113";"-1.7999999523162842";"6216";"1773484100763"
"2691";"2026-03-14 07:28:30";"22.67";"64";"942.3000000000001";"3560";"48";"";"";"";"-113";"-2";"6217";"1773484110721"
"2692";"2026-03-14 07:28:40";"22.67";"64";"942.3000000000001";"3600";"48";"";"";"";"-112";"-1.5";"6218";"1773484120753"
"2693";"2026-03-14 07:28:50";"22.66";"64";"942.32";"3600";"48";"";"";"";"-112";"-1";"6219";"1773484130755"
"2694";"2026-03-14 07:29:00";"22.66";"64";"942.34";"3560";"48";"";"";"";"-112";"-1.2999999523162842";"6220";"1773484140763"
"2695";"2026-03-14 07:29:10";"22.65";"64";"942.34";"3560";"44";"";"";"";"-112";"-1.5";"6221";"1773484150763"
"2696";"2026-03-14 07:29:20";"22.65";"64.5";"942.3000000000001";"3560";"44";"";"";"";"-112";"-1.5";"6222";"1773484160763"
"2697";"2026-03-14 07:29:30";"22.65";"64.5";"942.34";"3600";"44";"";"";"";"-112";"-1.7999999523162842";"6223";"1773484170758"
"2698";"2026-03-14 07:29:40";"22.65";"64.5";"942.36";"3600";"44";"";"";"";"-112";"-1.7999999523162842";"6224";"1773484180758"
"2699";"2026-03-14 07:29:50";"22.65";"64.5";"942.34";"3580";"44";"";"";"";"-112";"-1.2999999523162842";"6225";"1773484190762"
"2700";"2026-03-14 07:30:00";"22.64";"64.5";"942.34";"3580";"44";"";"";"";"-113";"-1";"6226";"1773484200769"
"2701";"2026-03-14 07:30:10";"22.64";"64.5";"942.38";"3580";"44";"";"";"";"-112";"-1.5";"6227";"1773484210767"
"2702";"2026-03-14 07:30:20";"22.64";"64.5";"942.34";"3600";"44";"";"";"";"-112";"-1.7999999523162842";"6228";"1773484220760"
"2703";"2026-03-14 07:30:30";"22.64";"64.5";"942.36";"3600";"44";"";"";"";"-112";"-1.2999999523162842";"6229";"1773484230765"
"2704";"2026-03-14 07:30:40";"22.63";"64.5";"942.38";"3580";"44";"";"";"";"-112";"-1.5";"6230";"1773484240759"
"2705";"2026-03-14 07:30:50";"22.63";"64.5";"942.38";"3600";"40";"";"";"";"-112";"-1";"6231";"1773484250764"
"2706";"2026-03-14 07:31:00";"22.62";"64.5";"942.38";"3600";"40";"";"";"";"-112";"-1.2999999523162842";"6232";"1773484260754"
"2707";"2026-03-14 07:31:10";"22.62";"64.5";"942.38";"3580";"40";"";"";"";"-112";"-1";"6233";"1773484270757"
"2708";"2026-03-14 07:31:20";"22.62";"64.5";"942.38";"3560";"40";"";"";"";"-112";"-1";"6234";"1773484280761"
"2709";"2026-03-14 07:31:30";"22.62";"64.5";"942.38";"3580";"40";"";"";"";"-112";"-1.5";"6235";"1773484290757"
"2710";"2026-03-14 07:31:40";"22.61";"64.5";"942.38";"3560";"40";"";"";"";"-112";"-1.2999999523162842";"6236";"1773484300757"
"2711";"2026-03-14 07:31:50";"22.61";"64.5";"942.34";"3560";"40";"";"";"";"-112";"-1.2999999523162842";"6237";"1773484310773"
"2712";"2026-03-14 07:32:00";"22.61";"64.5";"942.38";"3580";"40";"";"";"";"-112";"-1.2999999523162842";"6238";"1773484320755"
"2713";"2026-03-14 07:32:10";"22.6";"64.5";"942.38";"3560";"40";"";"";"";"-112";"-1.2999999523162842";"6239";"1773484330758"
"2714";"2026-03-14 07:32:20";"22.6";"64.5";"942.4";"3580";"40";"";"";"";"-112";"-1.7999999523162842";"6240";"1773484340760"
"2715";"2026-03-14 07:32:30";"22.6";"64.5";"942.36";"3580";"40";"";"";"";"-113";"-1.5";"6241";"1773484350733"
"2716";"2026-03-14 07:32:40";"22.6";"64.5";"942.38";"3580";"40";"";"";"";"-112";"-1.5";"6242";"1773484360762"
"2717";"2026-03-14 07:32:50";"22.6";"64.5";"942.38";"3560";"40";"";"";"";"-113";"-1.7999999523162842";"6243";"1773484370767"
"2718";"2026-03-14 07:33:00";"22.59";"64.5";"942.4";"3580";"40";"";"";"";"-112";"-1.7999999523162842";"6244";"1773484380755"
"2719";"2026-03-14 07:33:10";"22.59";"64.5";"942.38";"3600";"40";"";"";"";"-113";"-1.7999999523162842";"6245";"1773484390727"
"2720";"2026-03-14 07:33:20";"22.58";"64.5";"942.4";"3580";"40";"";"";"";"-113";"-2.799999952316284";"6246";"1773484400744"
"2721";"2026-03-14 07:33:30";"22.58";"64.5";"942.38";"3560";"40";"";"";"";"-113";"-2.299999952316284";"6247";"1773484410785"
"2722";"2026-03-14 07:33:40";"22.58";"64.5";"942.4";"3560";"40";"";"";"";"-113";"-3.5";"6248";"1773484420765"
"2723";"2026-03-14 07:33:50";"22.58";"64.5";"942.4";"3580";"40";"";"";"";"-113";"-2.799999952316284";"6249";"1773484430751"
"2724";"2026-03-14 07:34:00";"22.57";"64.5";"942.4";"3560";"40";"";"";"";"-113";"-2.299999952316284";"6250";"1773484440771"
"2725";"2026-03-14 07:34:10";"22.57";"64.5";"942.36";"3600";"40";"";"";"";"-113";"-2.5";"6251";"1773484450727"
"2726";"2026-03-14 07:34:20";"22.57";"64.5";"942.4";"3600";"40";"";"";"";"-113";"-2.299999952316284";"6252";"1773484460755"
"2727";"2026-03-14 07:34:30";"22.57";"64.5";"942.36";"3580";"40";"";"";"";"-113";"-2";"6253";"1773484470733"
"2728";"2026-03-14 07:34:40";"22.57";"64.5";"942.38";"3580";"40";"";"";"";"-113";"-2.299999952316284";"6254";"1773484480761"
"2729";"2026-03-14 07:34:50";"22.56";"64.5";"942.38";"3600";"40";"";"";"";"-113";"-2.299999952316284";"6255";"1773484490761"
"2730";"2026-03-14 07:35:00";"22.57";"64.5";"942.4200000000001";"3560";"40";"";"";"";"-113";"-1.7999999523162842";"6256";"1773484500758"
"2731";"2026-03-14 07:35:10";"22.56";"64.5";"942.38";"3600";"40";"";"";"";"-112";"-2";"6257";"1773484510752"
"2732";"2026-03-14 07:35:20";"22.55";"64.5";"942.4";"3600";"40";"";"";"";"-112";"-1.7999999523162842";"6258";"1773484520755"
"2733";"2026-03-14 07:35:30";"22.55";"64.5";"942.38";"3580";"40";"";"";"";"-112";"-1.7999999523162842";"6259";"1773484530753"
"2734";"2026-03-14 07:35:40";"22.54";"64.5";"942.34";"3600";"36";"";"";"";"-112";"-1.7999999523162842";"6260";"1773484540752"
"2735";"2026-03-14 07:35:50";"22.54";"64.5";"942.36";"3560";"36";"";"";"";"-113";"-1.7999999523162842";"6261";"1773484550767"
"2736";"2026-03-14 07:36:00";"22.54";"64.5";"942.4";"3600";"36";"";"";"";"-113";"-1.5";"6262";"1773484560803"
"2737";"2026-03-14 07:36:10";"22.54";"64.5";"942.38";"3580";"36";"";"";"";"-112";"-1.7999999523162842";"6263";"1773484570758"
"2738";"2026-03-14 07:36:20";"22.53";"64.5";"942.36";"3560";"36";"";"";"";"-112";"-1.5";"6264";"1773484580757"
"2739";"2026-03-14 07:36:30";"22.54";"64.5";"942.44";"3600";"36";"";"";"";"-112";"-2";"6265";"1773484590765"
"2740";"2026-03-14 07:36:40";"22.54";"64.5";"942.4200000000001";"3560";"36";"";"";"";"-112";"-1.7999999523162842";"6266";"1773484600764"
"2741";"2026-03-14 07:36:50";"22.53";"64.5";"942.4200000000001";"3600";"36";"";"";"";"-113";"-2.299999952316284";"6267";"1773484610769"
"2742";"2026-03-14 07:37:00";"22.53";"64.5";"942.4200000000001";"3580";"36";"";"";"";"-113";"-2.5";"6268";"1773484620763"
"2743";"2026-03-14 07:37:10";"22.52";"64.5";"942.4200000000001";"3560";"36";"";"";"";"-113";"-3";"6269";"1773484630756"
"2744";"2026-03-14 07:37:20";"22.52";"64.5";"942.4";"3600";"36";"";"";"";"-113";"-3.299999952316284";"6270";"1773484640730"
"2745";"2026-03-14 07:37:30";"22.52";"64.5";"942.4";"3600";"36";"";"";"";"-113";"-3";"6271";"1773484650741"
"2746";"2026-03-14 07:37:40";"22.52";"64.5";"942.4";"3580";"36";"";"";"";"-112";"-2";"6272";"1773484660731"
"2747";"2026-03-14 07:37:50";"22.52";"64.5";"942.4200000000001";"3580";"36";"";"";"";"-113";"-3";"6273";"1773484670781"
"2748";"2026-03-14 07:38:00";"22.51";"64.5";"942.44";"3580";"36";"";"";"";"-113";"-3.299999952316284";"6274";"1773484680759"
"2749";"2026-03-14 07:38:10";"22.51";"64.5";"942.4200000000001";"3560";"36";"";"";"";"-113";"-3.799999952316284";"6275";"1773484690760"
"2750";"2026-03-14 07:38:20";"22.51";"64.5";"942.44";"3560";"36";"";"";"";"-113";"-3.299999952316284";"6276";"1773484700750"
"2751";"2026-03-14 07:38:30";"22.5";"64.5";"942.44";"3580";"36";"";"";"";"-113";"-2.799999952316284";"6277";"1773484710751"
"2752";"2026-03-14 07:38:40";"22.5";"64.5";"942.44";"3600";"36";"";"";"";"-113";"-3.299999952316284";"6278";"1773484720721"
"2753";"2026-03-14 07:38:50";"22.51";"64.5";"942.44";"3580";"36";"";"";"";"-113";"-3";"6279";"1773484730755"
"2754";"2026-03-14 07:39:00";"22.5";"64.5";"942.44";"3560";"36";"";"";"";"-113";"-2.799999952316284";"6280";"1773484740747"
"2755";"2026-03-14 07:39:10";"22.5";"64.5";"942.44";"3580";"36";"";"";"";"-113";"-2";"6281";"1773484750752"
"2756";"2026-03-14 07:39:20";"22.49";"64.5";"942.46";"3600";"36";"";"";"";"-112";"-1.7999999523162842";"6282";"1773484760750"
"2757";"2026-03-14 07:39:30";"22.49";"64.5";"942.4200000000001";"3560";"36";"";"";"";"-113";"-2";"6283";"1773484770746"
"2758";"2026-03-14 07:39:40";"22.49";"64.5";"942.4200000000001";"3600";"36";"";"";"";"-112";"-1.2999999523162842";"6284";"1773484780756"
"2759";"2026-03-14 07:39:50";"22.48";"64.5";"942.44";"3600";"36";"";"";"";"-113";"-3.299999952316284";"6285";"1773484790749"
"2760";"2026-03-14 07:40:00";"22.48";"64.5";"942.44";"3560";"36";"";"";"";"-113";"-3.5";"6286";"1773484800775"
"2761";"2026-03-14 07:40:10";"22.48";"64.5";"942.4200000000001";"3580";"36";"";"";"";"-113";"-3.5";"6287";"1773484810751"
"2762";"2026-03-14 07:40:20";"22.48";"64.5";"942.44";"3580";"36";"";"";"";"-113";"-2.299999952316284";"6288";"1773484820758"
"2763";"2026-03-14 07:40:30";"22.48";"64.5";"942.44";"3580";"36";"";"";"";"-113";"-2.799999952316284";"6289";"1773484830746"
"2764";"2026-03-14 07:40:40";"22.48";"64.5";"942.4200000000001";"3600";"36";"";"";"";"-113";"-3.299999952316284";"6290";"1773484840759"
"2765";"2026-03-14 07:40:50";"22.47";"64.5";"942.4200000000001";"3600";"36";"";"";"";"-113";"-1.7999999523162842";"6291";"1773484850756"
"2766";"2026-03-14 07:41:00";"22.47";"64.5";"942.4200000000001";"3600";"36";"";"";"";"-113";"-3";"6292";"1773484860752"
"2767";"2026-03-14 07:41:10";"22.47";"64.5";"942.4200000000001";"3580";"36";"";"";"";"-113";"-2.5";"6293";"1773484870759"
"2768";"2026-03-14 07:41:20";"22.46";"64.5";"942.44";"3560";"36";"";"";"";"-113";"-2.299999952316284";"6294";"1773484880749"
"2769";"2026-03-14 07:41:30";"22.46";"64.5";"942.46";"3600";"36";"";"";"";"-113";"-2";"6295";"1773484890750"
"2770";"2026-03-14 07:41:40";"22.46";"64.5";"942.44";"3560";"36";"";"";"";"-113";"-2.5";"6296";"1773484900758"
"2771";"2026-03-14 07:41:50";"22.46";"64.5";"942.46";"3580";"36";"";"";"";"-113";"-3";"6297";"1773484910754"
"2772";"2026-03-14 07:42:00";"22.46";"64.5";"942.48";"3560";"36";"";"";"";"-113";"-3";"6298";"1773484920758"
"2773";"2026-03-14 07:42:10";"22.45";"64.5";"942.4200000000001";"3600";"36";"";"";"";"-113";"-2.5";"6299";"1773484930758"
"2774";"2026-03-14 07:42:20";"22.45";"64.5";"942.44";"3580";"36";"";"";"";"-113";"-3";"6300";"1773484940762"
"2775";"2026-03-14 07:42:30";"22.45";"64.5";"942.46";"3600";"36";"";"";"";"-113";"-2.5";"6301";"1773484950763"
"2776";"2026-03-14 07:42:40";"22.45";"64.5";"942.46";"3600";"36";"";"";"";"-113";"-2.299999952316284";"6302";"1773484960743"
"2777";"2026-03-14 07:42:50";"22.45";"64.5";"942.46";"3560";"36";"";"";"";"-112";"-0.5";"6303";"1773484970724"
"2778";"2026-03-14 07:43:00";"22.44";"64.5";"942.44";"3560";"36";"";"";"";"-113";"-2.299999952316284";"6304";"1773484980754"
"2779";"2026-03-14 07:43:10";"22.44";"64.5";"942.48";"3600";"36";"";"";"";"-113";"-3";"6305";"1773484990754"
"2780";"2026-03-14 07:43:20";"22.44";"64.5";"942.46";"3580";"36";"";"";"";"-113";"-3.299999952316284";"6306";"1773485000737"
"2781";"2026-03-14 07:43:30";"22.44";"64.5";"942.48";"3560";"36";"";"";"";"-113";"-2.5";"6307";"1773485010728"
"2782";"2026-03-14 07:43:40";"22.43";"64.5";"942.44";"3580";"36";"";"";"";"-112";"-1.5";"6308";"1773485020755"
"2783";"2026-03-14 07:43:50";"22.43";"65";"942.48";"3600";"36";"";"";"";"-113";"-2.5";"6309";"1773485030751"
"2784";"2026-03-14 07:44:00";"22.43";"64.5";"942.48";"3560";"36";"";"";"";"-113";"-2.799999952316284";"6310";"1773485040720"
"2785";"2026-03-14 07:44:10";"22.43";"64.5";"942.5";"3580";"36";"";"";"";"-113";"-3";"6311";"1773485050751"
"2786";"2026-03-14 07:44:20";"22.42";"65";"942.46";"3600";"36";"";"";"";"-113";"-3";"6312";"1773485060749"
"2787";"2026-03-14 07:44:30";"22.43";"65";"942.5";"3600";"36";"";"";"";"-113";"-3.299999952316284";"6313";"1773485070748"
"2788";"2026-03-14 07:44:40";"22.43";"64.5";"942.48";"3580";"36";"";"";"";"-113";"-2.299999952316284";"6314";"1773485080757"
"2789";"2026-03-14 07:44:50";"22.42";"64.5";"942.5";"3580";"36";"";"";"";"-113";"-2.5";"6315";"1773485090759"
"2790";"2026-03-14 07:45:00";"22.42";"64.5";"942.48";"3560";"36";"";"";"";"-112";"-1.7999999523162842";"6316";"1773485100723"
"2791";"2026-03-14 07:45:10";"22.42";"65";"942.46";"3580";"36";"";"";"";"-112";"-2.299999952316284";"6317";"1773485110752"
"2792";"2026-03-14 07:45:20";"22.42";"65";"942.48";"3600";"36";"";"";"";"-113";"-2.299999952316284";"6318";"1773485120759"
"2793";"2026-03-14 07:45:30";"22.41";"65";"942.48";"3560";"36";"";"";"";"-112";"-2";"6319";"1773485130720"
"2794";"2026-03-14 07:45:40";"22.42";"65";"942.5";"3580";"36";"";"";"";"-113";"-2.299999952316284";"6320";"1773485140763"
"2795";"2026-03-14 07:45:50";"22.41";"65";"942.48";"3560";"36";"";"";"";"-113";"-2.299999952316284";"6321";"1773485150761"
"2796";"2026-03-14 07:46:00";"22.42";"65";"942.48";"3580";"36";"";"";"";"-113";"-2.299999952316284";"6322";"1773485160766"
"2797";"2026-03-14 07:46:10";"22.41";"65";"942.46";"3560";"36";"";"";"";"-113";"-2.799999952316284";"6323";"1773485170722"
"2798";"2026-03-14 07:46:20";"22.41";"65";"942.5";"3580";"36";"";"";"";"-113";"-2.5";"6324";"1773485180748"
"2799";"2026-03-14 07:46:30";"22.41";"64.5";"942.5";"3560";"36";"";"";"";"-113";"-2.799999952316284";"6325";"1773485190733"
"2800";"2026-03-14 07:46:40";"22.41";"65";"942.52";"3580";"36";"";"";"";"-113";"-3";"6326";"1773485200762"
"2801";"2026-03-14 07:46:50";"22.41";"64.5";"942.52";"3580";"36";"";"";"";"-112";"-1.7999999523162842";"6327";"1773485210752"
"2802";"2026-03-14 07:47:00";"22.4";"65";"942.5";"3600";"36";"";"";"";"-112";"-1.5";"6328";"1773485220760"
"2803";"2026-03-14 07:47:10";"22.4";"65";"942.5";"3580";"36";"";"";"";"-113";"-2.299999952316284";"6329";"1773485230761"
"2804";"2026-03-14 07:47:20";"22.4";"65";"942.52";"3560";"36";"";"";"";"-112";"-2";"6330";"1773485240763"
"2805";"2026-03-14 07:47:30";"22.39";"65";"942.5";"3560";"36";"";"";"";"-113";"-1.7999999523162842";"6331";"1773485250747"
"2806";"2026-03-14 07:47:40";"22.39";"65";"942.5";"3560";"36";"";"";"";"-113";"-2.5";"6332";"1773485260757"
"2807";"2026-03-14 07:47:50";"22.4";"65";"942.48";"3560";"36";"";"";"";"-113";"-2";"6333";"1773485270759"
"2808";"2026-03-14 07:48:00";"22.39";"65";"942.54";"3580";"36";"";"";"";"-113";"-2.299999952316284";"6334";"1773485280719"
"2809";"2026-03-14 07:48:10";"22.39";"65";"942.48";"3560";"36";"";"";"";"-113";"-1.5";"6335";"1773485290750"
"2810";"2026-03-14 07:48:20";"22.39";"65";"942.52";"3600";"40";"";"";"";"-113";"-2";"6336";"1773485300752"
"2811";"2026-03-14 07:48:30";"22.38";"65";"942.5";"3600";"40";"";"";"";"-112";"-1.7999999523162842";"6337";"1773485310753"
"2812";"2026-03-14 07:48:40";"22.39";"65";"942.54";"3560";"40";"";"";"";"-113";"-2";"6338";"1773485320744"
"2813";"2026-03-14 07:48:50";"22.38";"65";"942.54";"3600";"40";"";"";"";"-112";"-2";"6339";"1773485330761"
"2814";"2026-03-14 07:49:00";"22.38";"65";"942.52";"3560";"40";"";"";"";"-113";"-2";"6340";"1773485340754"
"2815";"2026-03-14 07:49:10";"22.38";"65";"942.54";"3580";"40";"";"";"";"-112";"-1.7999999523162842";"6341";"1773485350769"
"2816";"2026-03-14 07:49:20";"22.38";"65";"942.5600000000001";"3560";"40";"";"";"";"-112";"-0.800000011920929";"6342";"1773485360752"
"2817";"2026-03-14 07:49:30";"22.38";"65";"942.54";"3560";"44";"";"";"";"-112";"-1.5";"6343";"1773485370749"
"2818";"2026-03-14 07:49:40";"22.38";"65";"942.54";"3560";"44";"";"";"";"-113";"-2";"6344";"1773485380764"
"2819";"2026-03-14 07:49:50";"22.38";"65";"942.5600000000001";"3560";"44";"";"";"";"-112";"-2.299999952316284";"6345";"1773485390767"
"2820";"2026-03-14 07:50:00";"22.38";"65";"942.5600000000001";"3600";"44";"";"";"";"-112";"-1";"6346";"1773485400761"
"2821";"2026-03-14 07:50:10";"22.37";"65";"942.58";"3560";"48";"";"";"";"-112";"-1.5";"6347";"1773485410756"
"2822";"2026-03-14 07:50:20";"22.37";"65";"942.54";"3560";"48";"";"";"";"-112";"-0.800000011920929";"6348";"1773485420754"
"2823";"2026-03-14 07:50:30";"22.37";"65";"942.5600000000001";"3580";"48";"";"";"";"-112";"-1.2999999523162842";"6349";"1773485430743"
"2824";"2026-03-14 07:50:40";"22.37";"65";"942.52";"3560";"48";"";"";"";"-112";"-1.2999999523162842";"6350";"1773485440759"
"2825";"2026-03-14 07:50:50";"22.37";"65";"942.52";"3600";"52";"";"";"";"-112";"-1.5";"6351";"1773485450763"
"2826";"2026-03-14 07:51:00";"22.37";"65";"942.5600000000001";"3600";"52";"";"";"";"-112";"-1.5";"6352";"1773485460754"
"2827";"2026-03-14 07:51:10";"22.37";"65";"942.54";"3560";"52";"";"";"";"-112";"-1.7999999523162842";"6353";"1773485470750"
"2828";"2026-03-14 07:51:20";"22.37";"65";"942.6";"3600";"56";"";"";"";"-112";"-2";"6354";"1773485480738"
"2829";"2026-03-14 07:51:30";"22.36";"65";"942.5600000000001";"3580";"56";"";"";"";"-112";"-1.5";"6355";"1773485490750"
"2830";"2026-03-14 07:51:40";"22.36";"65";"942.6";"3560";"60";"";"";"";"-112";"-1.7999999523162842";"6356";"1773485500754"
"2831";"2026-03-14 07:51:50";"22.36";"65";"942.64";"3600";"60";"";"";"";"-112";"-1";"6357";"1773485510755"
"2832";"2026-03-14 07:52:00";"22.37";"65";"942.64";"3580";"64";"";"";"";"-112";"-0.800000011920929";"6358";"1773485520753"
"2833";"2026-03-14 07:52:10";"22.36";"65";"942.5600000000001";"3580";"64";"";"";"";"-112";"-1.5";"6359";"1773485530758"
"2834";"2026-03-14 07:52:20";"22.35";"65";"942.58";"3560";"68";"";"";"";"-112";"-1.5";"6360";"1773485540749"
"2835";"2026-03-14 07:52:30";"22.36";"65";"942.66";"3580";"68";"";"";"";"-112";"-1";"6361";"1773485550749"
"2836";"2026-03-14 07:52:40";"22.36";"65";"942.58";"3580";"68";"";"";"";"-112";"-1.5";"6362";"1773485560749"
"2837";"2026-03-14 07:52:50";"22.35";"65";"942.62";"3580";"72";"";"";"";"-112";"-1.2999999523162842";"6363";"1773485570719"
"2838";"2026-03-14 07:53:00";"22.36";"65";"942.64";"3560";"76";"";"";"";"-112";"-1";"6364";"1773485580742"
"2839";"2026-03-14 07:53:10";"22.35";"65";"942.6";"3560";"76";"";"";"";"-112";"-1";"6365";"1773485590750"
"2840";"2026-03-14 07:53:20";"22.35";"65";"942.62";"3600";"76";"";"";"";"-112";"-0.800000011920929";"6366";"1773485600752"
"2841";"2026-03-14 07:53:30";"22.35";"65";"942.62";"3600";"80";"";"";"";"-113";"-2.299999952316284";"6367";"1773485610757"
"2842";"2026-03-14 07:53:40";"22.36";"65";"942.62";"3600";"80";"";"";"";"-112";"-1.7999999523162842";"6368";"1773485620718"
"2843";"2026-03-14 07:53:50";"22.35";"65";"942.64";"3560";"84";"";"";"";"-113";"-2";"6369";"1773485630756"
"2844";"2026-03-14 07:54:00";"22.35";"65";"942.62";"3560";"84";"";"";"";"-112";"-1";"6370";"1773485640720"
"2845";"2026-03-14 07:54:10";"22.35";"65";"942.62";"3560";"88";"";"";"";"-112";"-1";"6371";"1773485650754"
"2846";"2026-03-14 07:54:20";"22.35";"65";"942.66";"3580";"88";"";"";"";"-112";"-0.800000011920929";"6372";"1773485660769"
"2847";"2026-03-14 07:54:30";"22.35";"65";"942.6";"3580";"92";"";"";"";"-112";"-2";"6373";"1773485670720"
"2848";"2026-03-14 07:54:40";"22.35";"65";"942.58";"3580";"92";"";"";"";"-112";"-2.5";"6374";"1773485680758"
"2849";"2026-03-14 07:54:50";"22.35";"65";"942.62";"3560";"92";"";"";"";"-112";"-1.2999999523162842";"6375";"1773485690754"
"2850";"2026-03-14 07:55:00";"22.35";"65";"942.62";"3600";"96";"";"";"";"-112";"-1";"6376";"1773485700754"
"2851";"2026-03-14 07:55:10";"22.35";"65";"942.66";"3580";"100";"";"";"";"-112";"-1";"6377";"1773485710750"
"2852";"2026-03-14 07:55:20";"22.35";"65";"942.62";"3560";"100";"";"";"";"-112";"-1.2999999523162842";"6378";"1773485720757"
"2853";"2026-03-14 07:55:30";"22.35";"65";"942.64";"3600";"100";"";"";"";"-113";"-1.2999999523162842";"6379";"1773485730713"
"2854";"2026-03-14 07:55:40";"22.35";"65";"942.62";"3580";"104";"";"";"";"-113";"-1.7999999523162842";"6380";"1773485740723"
"2855";"2026-03-14 07:55:50";"22.35";"65";"942.62";"3560";"108";"";"";"";"-113";"-2";"6381";"1773485750756"
"2856";"2026-03-14 07:56:00";"22.35";"65";"942.62";"3580";"108";"";"";"";"-113";"-2";"6382";"1773485760750"
"2857";"2026-03-14 07:56:10";"22.35";"65";"942.62";"3560";"112";"";"";"";"-112";"-1.5";"6383";"1773485770718"
"2858";"2026-03-14 07:56:20";"22.35";"65";"942.66";"3600";"116";"";"";"";"-113";"-1.7999999523162842";"6384";"1773485780726"
"2859";"2026-03-14 07:56:30";"22.35";"65";"942.62";"3580";"120";"";"";"";"-113";"-2";"6385";"1773485790739"
"2860";"2026-03-14 07:56:40";"22.35";"65";"942.62";"3560";"124";"";"";"";"-112";"-1.7999999523162842";"6386";"1773485800758"
"2861";"2026-03-14 07:56:50";"22.35";"65";"942.62";"3580";"124";"";"";"";"-113";"-2";"6387";"1773485810751"
"2862";"2026-03-14 07:57:00";"22.35";"65";"942.64";"3600";"128";"";"";"";"-112";"-1.7999999523162842";"6388";"1773485820757"
"2863";"2026-03-14 07:57:10";"22.35";"65";"942.64";"3580";"132";"";"";"";"-112";"-2.299999952316284";"6389";"1773485830750"
"2864";"2026-03-14 07:57:20";"22.36";"65";"942.66";"3560";"136";"";"";"";"-113";"-2.5";"6390";"1773485840751"
"2865";"2026-03-14 07:57:30";"22.36";"65";"942.66";"3600";"140";"";"";"";"-113";"-2.799999952316284";"6391";"1773485850712"
"2866";"2026-03-14 07:57:40";"22.36";"65";"942.66";"3580";"144";"";"";"";"-112";"-1.7999999523162842";"6392";"1773485860761"
"2867";"2026-03-14 07:57:50";"22.35";"65";"942.66";"3580";"148";"";"";"";"-112";"-1.7999999523162842";"6393";"1773485870748"
"2868";"2026-03-14 07:58:00";"22.35";"65";"942.66";"3560";"152";"";"";"";"-113";"-1.7999999523162842";"6394";"1773485880752"
"2869";"2026-03-14 07:58:10";"22.35";"65";"942.64";"3560";"152";"";"";"";"-113";"-2.5";"6395";"1773485890751"
"2870";"2026-03-14 07:58:20";"22.36";"65";"942.64";"3560";"160";"";"";"";"-113";"-1.5";"6396";"1773485900748"
"2871";"2026-03-14 07:58:30";"22.36";"65";"942.64";"3580";"164";"";"";"";"-112";"-1.2999999523162842";"6397";"1773485910752"
"2872";"2026-03-14 07:58:40";"22.36";"65";"942.62";"3560";"164";"";"";"";"-112";"-1.7999999523162842";"6398";"1773485920719"
"2873";"2026-03-14 07:58:50";"22.36";"65";"942.58";"3600";"168";"";"";"";"-113";"-2";"6399";"1773485930755"
"2874";"2026-03-14 07:59:00";"22.36";"65";"942.62";"3560";"172";"";"";"";"-113";"-2.799999952316284";"6400";"1773485940749"
"2875";"2026-03-14 07:59:10";"22.37";"65";"942.66";"3600";"176";"";"";"";"-113";"-2";"6401";"1773485950756"
"2876";"2026-03-14 07:59:20";"22.37";"65";"942.66";"3600";"180";"";"";"";"-113";"-2.799999952316284";"6402";"1773485960750"
"2877";"2026-03-14 07:59:30";"22.37";"65";"942.6800000000001";"3560";"180";"";"";"";"-113";"-3.299999952316284";"6403";"1773485970755"
"2878";"2026-03-14 07:59:40";"22.37";"65";"942.66";"3600";"184";"";"";"";"-112";"-1.2999999523162842";"6404";"1773485980741"
"2879";"2026-03-14 07:59:50";"22.37";"65";"942.62";"3600";"188";"";"";"";"-113";"-2.5";"6405";"1773485990749"
"2880";"2026-03-14 08:00:00";"22.37";"65";"942.62";"3580";"192";"";"";"";"-113";"-2";"6406";"1773486000746"
"2881";"2026-03-14 08:00:10";"22.38";"64.5";"942.6";"3600";"196";"";"";"";"-113";"-1.7999999523162842";"6407";"1773486010752"
"2882";"2026-03-14 08:00:20";"22.37";"64.5";"942.64";"3580";"200";"";"";"";"-112";"-2";"6408";"1773486020751"
"2883";"2026-03-14 08:00:30";"22.37";"64.5";"942.62";"3600";"200";"";"";"";"-112";"-1.5";"6409";"1773486030750"
"2884";"2026-03-14 08:00:40";"22.37";"64.5";"942.6";"3560";"204";"";"";"";"-112";"-1.5";"6410";"1773486040751"
"2885";"2026-03-14 08:00:50";"22.38";"64.5";"942.64";"3560";"208";"";"";"";"-113";"-2.299999952316284";"6411";"1773486050747"
"2886";"2026-03-14 08:01:00";"22.38";"64.5";"942.66";"3560";"212";"";"";"";"-113";"-2.799999952316284";"6412";"1773486060754"
"2887";"2026-03-14 08:01:10";"22.38";"64.5";"942.66";"3560";"212";"";"";"";"-113";"-4";"6413";"1773486070751"
"2888";"2026-03-14 08:01:20";"22.38";"64.5";"942.62";"3580";"216";"";"";"";"-113";"-2.299999952316284";"6414";"1773486080748"
"2889";"2026-03-14 08:01:30";"22.39";"64.5";"942.66";"3600";"220";"";"";"";"-113";"-2";"6415";"1773486090788"
"2890";"2026-03-14 08:01:40";"22.39";"64.5";"942.6800000000001";"3580";"224";"";"";"";"-112";"-2";"6416";"1773486100747"
"2891";"2026-03-14 08:01:50";"22.39";"64.5";"942.66";"3560";"224";"";"";"";"-112";"-1.7999999523162842";"6417";"1773486110759"
"2892";"2026-03-14 08:02:00";"22.4";"64.5";"942.6800000000001";"3560";"224";"";"";"";"-113";"-2.5";"6418";"1773486120753"
"2893";"2026-03-14 08:02:10";"22.4";"64.5";"942.66";"3580";"228";"";"";"";"-113";"-2.5";"6419";"1773486130759"
"2894";"2026-03-14 08:02:20";"22.4";"64.5";"942.66";"3580";"228";"";"";"";"-113";"-2.5";"6420";"1773486140754"
"2895";"2026-03-14 08:02:30";"22.41";"64.5";"942.66";"3560";"232";"";"";"";"-113";"-2.5";"6421";"1773486150757"
"2896";"2026-03-14 08:02:40";"22.4";"64.5";"942.6";"3560";"240";"";"";"";"-113";"-2";"6422";"1773486160748"
"2897";"2026-03-14 08:02:50";"22.41";"64.5";"942.6";"3560";"236";"";"";"";"-112";"-1.7999999523162842";"6423";"1773486170764"
"2898";"2026-03-14 08:03:00";"22.42";"64.5";"942.62";"3600";"240";"";"";"";"-113";"-2.5";"6424";"1773486180746"
"2899";"2026-03-14 08:03:10";"22.42";"64.5";"942.64";"3580";"248";"";"";"";"-113";"-3";"6425";"1773486190739"
"2900";"2026-03-14 08:03:20";"22.42";"64.5";"942.62";"3600";"248";"";"";"";"-113";"-2.799999952316284";"6426";"1773486200709"
"2901";"2026-03-14 08:03:30";"22.42";"64.5";"942.62";"3580";"252";"";"";"";"-113";"-2.5";"6427";"1773486210749"
"2902";"2026-03-14 08:03:40";"22.42";"64.5";"942.66";"3560";"256";"";"";"";"-113";"-2.5";"6428";"1773486220753"
"2903";"2026-03-14 08:03:50";"22.42";"64.5";"942.58";"3600";"256";"";"";"";"-112";"-2";"6429";"1773486230747"
"2904";"2026-03-14 08:04:00";"22.43";"64.5";"942.62";"3580";"260";"";"";"";"-112";"-2.299999952316284";"6430";"1773486240744"
"2905";"2026-03-14 08:04:10";"22.43";"64.5";"942.6";"3560";"264";"";"";"";"-112";"-1.2999999523162842";"6431";"1773486250752"
"2906";"2026-03-14 08:04:20";"22.44";"64.5";"942.62";"3600";"268";"";"";"";"-113";"-1.5";"6432";"1773486260746"
"2907";"2026-03-14 08:04:30";"22.44";"64.5";"942.62";"3600";"272";"";"";"";"-113";"-2.5";"6433";"1773486270742"
"2908";"2026-03-14 08:04:40";"22.44";"64.5";"942.62";"3580";"276";"";"";"";"-112";"-1.7999999523162842";"6434";"1773486280750"
"2909";"2026-03-14 08:04:50";"22.45";"64.5";"942.6";"3560";"280";"";"";"";"-112";"-1.7999999523162842";"6435";"1773486290762"
"2910";"2026-03-14 08:05:00";"22.45";"64.5";"942.62";"3560";"280";"";"";"";"-113";"-2.299999952316284";"6436";"1773486300752"
"2911";"2026-03-14 08:05:10";"22.46";"64.5";"942.6";"3600";"284";"";"";"";"-113";"-2";"6437";"1773486310742"
"2912";"2026-03-14 08:05:20";"22.46";"64.5";"942.6";"3580";"288";"";"";"";"-113";"-2.5";"6438";"1773486320749"
"2913";"2026-03-14 08:05:30";"22.46";"64.5";"942.6";"3560";"296";"";"";"";"-113";"-2.5";"6439";"1773486330749"
"2914";"2026-03-14 08:05:40";"22.47";"64.5";"942.6";"3600";"300";"";"";"";"-112";"-1.5";"6440";"1773486340712"
"2915";"2026-03-14 08:05:50";"22.47";"64.5";"942.58";"3560";"304";"";"";"";"-112";"-1";"6441";"1773486350740"
"2916";"2026-03-14 08:06:00";"22.47";"64.5";"942.6";"3580";"308";"";"";"";"-112";"-2";"6442";"1773486360716"
"2917";"2026-03-14 08:06:10";"22.47";"64.5";"942.58";"3560";"308";"";"";"";"-112";"-1.7999999523162842";"6443";"1773486370744"
"2918";"2026-03-14 08:06:20";"22.48";"64.5";"942.5600000000001";"3580";"316";"";"";"";"-112";"-1.2999999523162842";"6444";"1773486380749"
"2919";"2026-03-14 08:06:30";"22.48";"64.5";"942.6";"3600";"320";"";"";"";"-112";"-1.2999999523162842";"6445";"1773486390719"
"2920";"2026-03-14 08:06:40";"22.49";"64.5";"942.62";"3600";"324";"";"";"";"-112";"-2";"6446";"1773486400746"
"2921";"2026-03-14 08:06:50";"22.49";"64.5";"942.64";"3560";"332";"";"";"";"-112";"-0.800000011920929";"6447";"1773486410760"
"2922";"2026-03-14 08:07:00";"22.5";"64.5";"942.58";"3580";"332";"";"";"";"-112";"-1";"6448";"1773486420745"
"2923";"2026-03-14 08:07:10";"22.51";"64.5";"942.62";"3600";"336";"";"";"";"-112";"-1.2999999523162842";"6449";"1773486430750"
"2924";"2026-03-14 08:07:20";"22.51";"64.5";"942.58";"3600";"340";"";"";"";"-112";"-1.7999999523162842";"6450";"1773486440755"
"2925";"2026-03-14 08:07:30";"22.51";"64.5";"942.6";"3560";"344";"";"";"";"-112";"-1.2999999523162842";"6451";"1773486450757"
"2926";"2026-03-14 08:07:40";"22.52";"64.5";"942.62";"3600";"348";"";"";"";"-113";"-1.5";"6452";"1773486460753"
"2927";"2026-03-14 08:07:50";"22.52";"64.5";"942.6";"3580";"356";"";"";"";"-112";"-1.5";"6453";"1773486470751"
"2928";"2026-03-14 08:08:00";"22.53";"64.5";"942.62";"3580";"360";"";"";"";"-112";"-0.800000011920929";"6454";"1773486480742"
"2929";"2026-03-14 08:08:10";"22.53";"64.5";"942.62";"3560";"368";"";"";"";"-112";"-1.2999999523162842";"6455";"1773486490758"
"2930";"2026-03-14 08:08:20";"22.54";"64.5";"942.64";"3600";"368";"";"";"";"-112";"-1.2999999523162842";"6456";"1773486500753"
"2931";"2026-03-14 08:08:30";"22.54";"64.5";"942.62";"3560";"376";"";"";"";"-112";"-1.2999999523162842";"6457";"1773486510712"
"2932";"2026-03-14 08:08:40";"22.55";"64.5";"942.6";"3560";"380";"";"";"";"-112";"-0.800000011920929";"6458";"1773486520721"
"2933";"2026-03-14 08:08:50";"22.55";"64.5";"942.6";"3560";"384";"";"";"";"-112";"-1.2999999523162842";"6459";"1773486530754"
"2934";"2026-03-14 08:09:00";"22.56";"64";"942.64";"3560";"392";"";"";"";"-112";"-1.7999999523162842";"6460";"1773486540750"
"2935";"2026-03-14 08:09:10";"22.57";"64";"942.62";"3560";"396";"";"";"";"-113";"-1.5";"6461";"1773486550752"
"2936";"2026-03-14 08:09:20";"22.57";"64";"942.66";"3560";"400";"";"";"";"-112";"-1.5";"6462";"1773486560752"
"2937";"2026-03-14 08:09:30";"22.58";"64";"942.62";"3600";"404";"";"";"";"-112";"-1";"6463";"1773486570746"
"2938";"2026-03-14 08:09:40";"22.58";"64";"942.64";"3560";"412";"";"";"";"-112";"-1.5";"6464";"1773486580757"
"2939";"2026-03-14 08:09:50";"22.59";"64";"942.62";"3580";"412";"";"";"";"-113";"-1.5";"6465";"1773486590756"
"2940";"2026-03-14 08:10:00";"22.59";"64";"942.64";"3560";"416";"";"";"";"-112";"-0.800000011920929";"6466";"1773486600756"
"2941";"2026-03-14 08:10:10";"22.6";"64";"942.62";"3580";"420";"";"";"";"-112";"-1";"6467";"1773486610757"
"2942";"2026-03-14 08:10:20";"22.61";"64";"942.6800000000001";"3580";"428";"";"";"";"-112";"-1.2999999523162842";"6468";"1773486620749"
"2943";"2026-03-14 08:10:30";"22.61";"64";"942.64";"3580";"432";"";"";"";"-112";"-1.7999999523162842";"6469";"1773486630746"
"2944";"2026-03-14 08:10:40";"22.61";"64";"942.62";"3600";"440";"";"";"";"-112";"-1.2999999523162842";"6470";"1773486640749"
"2945";"2026-03-14 08:10:50";"22.62";"64";"942.64";"3600";"444";"";"";"";"-112";"-1";"6471";"1773486650762"
"2946";"2026-03-14 08:11:00";"22.63";"64";"942.66";"3580";"452";"";"";"";"-112";"-0.800000011920929";"6472";"1773486660747"
"2947";"2026-03-14 08:11:10";"22.63";"64";"942.62";"3580";"456";"";"";"";"-112";"-0.800000011920929";"6473";"1773486670742"
"2948";"2026-03-14 08:11:20";"22.64";"64";"942.66";"3580";"460";"";"";"";"-112";"-1";"6474";"1773486680744"
"2949";"2026-03-14 08:11:30";"22.65";"64";"942.66";"3580";"464";"";"";"";"-112";"-1.2999999523162842";"6475";"1773486690747"
"2950";"2026-03-14 08:11:40";"22.65";"64";"942.66";"3580";"468";"";"";"";"-112";"-1.2999999523162842";"6476";"1773486700747"
"2951";"2026-03-14 08:11:50";"22.66";"64";"942.66";"3560";"480";"";"";"";"-112";"-1";"6477";"1773486710767"
"2952";"2026-03-14 08:12:00";"22.66";"64";"942.66";"3580";"476";"";"";"";"-112";"-1.2999999523162842";"6478";"1773486720750"
"2953";"2026-03-14 08:12:10";"22.67";"64";"942.66";"3560";"484";"";"";"";"-112";"-1";"6479";"1773486730750"
"2954";"2026-03-14 08:12:20";"22.67";"64";"942.62";"3580";"492";"";"";"";"-112";"-0.800000011920929";"6480";"1773486740752"
"2955";"2026-03-14 08:12:30";"22.68";"64";"942.66";"3580";"500";"";"";"";"-112";"-1.7999999523162842";"6481";"1773486750752"
"2956";"2026-03-14 08:12:40";"22.69";"64";"942.64";"3580";"500";"";"";"";"-112";"-2";"6482";"1773486760752"
"2957";"2026-03-14 08:12:50";"22.7";"64";"942.6800000000001";"3560";"508";"";"";"";"-112";"-1.5";"6483";"1773486770754"
"2958";"2026-03-14 08:13:00";"22.71";"64";"942.64";"3560";"508";"";"";"";"-112";"-1.2999999523162842";"6484";"1773486780749"
"2959";"2026-03-14 08:13:10";"22.71";"64";"942.62";"3560";"516";"";"";"";"-112";"-0.800000011920929";"6485";"1773486790751"
"2960";"2026-03-14 08:13:20";"22.72";"64";"942.6800000000001";"3600";"520";"";"";"";"-112";"-0.800000011920929";"6486";"1773486800750"
"2961";"2026-03-14 08:13:30";"22.73";"64";"942.6800000000001";"3560";"528";"";"";"";"-112";"-2.799999952316284";"6487";"1773486810778"
"2962";"2026-03-14 08:13:40";"22.74";"64";"942.7";"3560";"532";"";"";"";"-113";"-2.5";"6488";"1773486820746"
"2963";"2026-03-14 08:13:50";"22.74";"64";"942.6800000000001";"3580";"536";"";"";"";"-112";"-1.7999999523162842";"6489";"1773486830740"
"2964";"2026-03-14 08:14:00";"22.75";"64";"942.6800000000001";"3560";"544";"";"";"";"-112";"-1.7999999523162842";"6490";"1773486840721"
"2965";"2026-03-14 08:14:10";"22.76";"64";"942.64";"3560";"548";"";"";"";"-112";"-1.5";"6491";"1773486850745"
"2966";"2026-03-14 08:14:20";"22.77";"64";"942.66";"3560";"544";"";"";"";"-112";"-1.7999999523162842";"6492";"1773486860751"
"2967";"2026-03-14 08:14:30";"22.77";"63.5";"942.66";"3580";"552";"";"";"";"-113";"-2";"6493";"1773486870714"
"2968";"2026-03-14 08:14:40";"22.79";"63.5";"942.6800000000001";"3580";"560";"";"";"";"-113";"-2.299999952316284";"6494";"1773486880754"
"2969";"2026-03-14 08:14:50";"22.79";"63.5";"942.6800000000001";"3560";"568";"";"";"";"-113";"-2.5";"6495";"1773486890756"
"2970";"2026-03-14 08:15:00";"22.79";"63.5";"942.66";"3580";"568";"";"";"";"-113";"-2.5";"6496";"1773486900727"
"2971";"2026-03-14 08:15:10";"22.81";"63.5";"942.64";"3560";"576";"";"";"";"-112";"-1.7999999523162842";"6497";"1773486910745"
"2972";"2026-03-14 08:15:20";"22.82";"63.5";"942.6800000000001";"3560";"580";"";"";"";"-112";"-1.7999999523162842";"6498";"1773486920717"
"2973";"2026-03-14 08:15:30";"22.83";"63.5";"942.6800000000001";"3560";"584";"";"";"";"-113";"-2.5";"6499";"1773486930743"
"2974";"2026-03-14 08:15:40";"22.84";"63.5";"942.72";"3560";"588";"";"";"";"-112";"-2";"6500";"1773486940749"
"2975";"2026-03-14 08:15:50";"22.85";"63.5";"942.6800000000001";"3560";"592";"";"";"";"-113";"-2.299999952316284";"6501";"1773486950761"
"2976";"2026-03-14 08:16:00";"22.85";"63.5";"942.6800000000001";"3560";"596";"";"";"";"-112";"-2";"6502";"1773486960728"
"2977";"2026-03-14 08:16:10";"22.87";"63.5";"942.6800000000001";"3560";"604";"";"";"";"-112";"-1";"6503";"1773486970740"
"2978";"2026-03-14 08:16:20";"22.87";"63.5";"942.64";"3600";"608";"";"";"";"-113";"-1.2999999523162842";"6504";"1773486980746"
"2979";"2026-03-14 08:16:30";"22.89";"63.5";"942.6800000000001";"3580";"612";"";"";"";"-112";"-1.2999999523162842";"6505";"1773486990749"
"2980";"2026-03-14 08:16:40";"22.9";"63.5";"942.7";"3560";"612";"";"";"";"-112";"-1";"6506";"1773487000725"
"2981";"2026-03-14 08:16:50";"22.9";"63.5";"942.6800000000001";"3580";"620";"";"";"";"-112";"-1";"6507";"1773487010765"
"2982";"2026-03-14 08:17:00";"22.91";"63.5";"942.7";"3560";"624";"";"";"";"-113";"-1.7999999523162842";"6508";"1773487020738"
"2983";"2026-03-14 08:17:10";"22.92";"63.5";"942.6800000000001";"3560";"632";"";"";"";"-112";"-1.2999999523162842";"6509";"1773487030750"
"2984";"2026-03-14 08:17:20";"22.93";"63.5";"942.7";"3600";"636";"";"";"";"-112";"-2";"6510";"1773487040745"
"2985";"2026-03-14 08:17:30";"22.94";"63.5";"942.72";"3560";"640";"";"";"";"-112";"-1.2999999523162842";"6511";"1773487050739"
"2986";"2026-03-14 08:17:40";"22.96";"63.5";"942.7";"3560";"648";"";"";"";"-112";"-1.2999999523162842";"6512";"1773487060745"
"2987";"2026-03-14 08:17:50";"22.96";"63.5";"942.6800000000001";"3600";"652";"";"";"";"-112";"-1";"6513";"1773487070741"
"2988";"2026-03-14 08:18:00";"22.98";"63.5";"942.7";"3560";"660";"";"";"";"-112";"-1.2999999523162842";"6514";"1773487080737"
"2989";"2026-03-14 08:18:10";"22.98";"63.5";"942.6800000000001";"3580";"664";"";"";"";"-112";"-1.2999999523162842";"6515";"1773487090749"
"2990";"2026-03-14 08:18:20";"23";"63";"942.7";"3560";"668";"";"";"";"-112";"-1";"6516";"1773487100755"
"2991";"2026-03-14 08:18:30";"23.01";"63";"942.6800000000001";"3560";"672";"";"";"";"-112";"-1";"6517";"1773487110732"
"2992";"2026-03-14 08:18:40";"23.02";"63";"942.6800000000001";"3580";"680";"";"";"";"-112";"-0.800000011920929";"6518";"1773487120740"
"2993";"2026-03-14 08:18:50";"23.03";"63";"942.6800000000001";"3580";"684";"";"";"";"-112";"-1";"6519";"1773487130752"
"2994";"2026-03-14 08:19:00";"23.04";"63";"942.66";"3600";"692";"";"";"";"-112";"-0.5";"6520";"1773487140704"
"2995";"2026-03-14 08:19:10";"23.05";"63";"942.7";"3560";"696";"";"";"";"-112";"-0.800000011920929";"6521";"1773487150728"
"2996";"2026-03-14 08:19:20";"23.07";"63";"942.7";"3560";"704";"";"";"";"-112";"-0.800000011920929";"6522";"1773487160722"
"2997";"2026-03-14 08:19:30";"23.08";"63";"942.6800000000001";"3600";"708";"";"";"";"-112";"-0.800000011920929";"6523";"1773487170742"
"2998";"2026-03-14 08:19:40";"23.09";"63";"942.6800000000001";"3560";"712";"";"";"";"-112";"-0.800000011920929";"6524";"1773487180757"
"2999";"2026-03-14 08:19:50";"23.11";"63";"942.6800000000001";"3560";"720";"";"";"";"-112";"-2";"6525";"1773487190756"
"3000";"2026-03-14 08:20:00";"23.13";"63";"942.7";"3560";"728";"";"";"";"-112";"-1.7999999523162842";"6526";"1773487200747"
"3001";"2026-03-14 08:20:10";"23.14";"63";"942.6800000000001";"3580";"736";"";"";"";"-113";"-2";"6527";"1773487210761"
"3002";"2026-03-14 08:20:20";"23.15";"63";"942.6800000000001";"3560";"740";"";"";"";"-112";"-2";"6528";"1773487220722"
"3003";"2026-03-14 08:20:30";"23.17";"63";"942.6800000000001";"3580";"744";"";"";"";"-113";"-2.299999952316284";"6529";"1773487230737"
"3004";"2026-03-14 08:20:40";"23.19";"63";"942.6800000000001";"3560";"756";"";"";"";"-113";"-3.299999952316284";"6530";"1773487240747"
"3005";"2026-03-14 08:20:50";"23.2";"63";"942.66";"3560";"764";"";"";"";"-113";"-2";"6531";"1773487250745"
"3006";"2026-03-14 08:21:00";"23.22";"63";"942.6800000000001";"3580";"764";"";"";"";"-113";"-1.7999999523162842";"6532";"1773487260746"
"3007";"2026-03-14 08:21:10";"23.23";"62.5";"942.64";"3560";"768";"";"";"";"-112";"-1";"6533";"1773487270748"
"3008";"2026-03-14 08:21:20";"23.25";"62.5";"942.6800000000001";"3580";"776";"";"";"";"-112";"-0.800000011920929";"6534";"1773487280737"
"3009";"2026-03-14 08:21:30";"23.27";"62.5";"942.66";"3580";"780";"";"";"";"-112";"-1.7999999523162842";"6535";"1773487290733"
"3010";"2026-03-14 08:21:40";"23.29";"62.5";"942.64";"3580";"784";"";"";"";"-113";"-1.5";"6536";"1773487300746"
"3011";"2026-03-14 08:21:50";"23.3";"62.5";"942.7";"3560";"788";"";"";"";"-113";"-1.7999999523162842";"6537";"1773487310751"
"3012";"2026-03-14 08:22:00";"23.32";"62.5";"942.66";"3600";"788";"";"";"";"-113";"-1.7999999523162842";"6538";"1773487320749"
"3013";"2026-03-14 08:22:10";"23.35";"62.5";"942.6800000000001";"3580";"792";"";"";"";"-112";"-1.5";"6539";"1773487330739"
"3014";"2026-03-14 08:22:20";"23.36";"62.5";"942.66";"3580";"796";"";"";"";"-113";"-2";"6540";"1773487340749"
"3015";"2026-03-14 08:22:30";"23.38";"62.5";"942.64";"3560";"800";"";"";"";"-113";"-2.299999952316284";"6541";"1773487350749"
"3016";"2026-03-14 08:22:40";"23.41";"62.5";"942.6800000000001";"3580";"808";"";"";"";"-113";"-1.7999999523162842";"6542";"1773487360742"
"3017";"2026-03-14 08:22:50";"23.43";"62.5";"942.66";"3580";"812";"";"";"";"-113";"-1.5";"6543";"1773487370756"
"3018";"2026-03-14 08:23:00";"23.45";"62";"942.6800000000001";"3580";"816";"";"";"";"-113";"-2";"6544";"1773487380739"
"3019";"2026-03-14 08:23:10";"23.47";"62";"942.7";"3560";"824";"";"";"";"-113";"-2";"6545";"1773487390746"
"3020";"2026-03-14 08:23:20";"23.5";"62";"942.6800000000001";"3560";"828";"";"";"";"-113";"-1.7999999523162842";"6546";"1773487400761"
"3021";"2026-03-14 08:23:30";"23.52";"62";"942.7";"3560";"840";"";"";"";"-112";"-1.5";"6547";"1773487410760"
"3022";"2026-03-14 08:23:40";"23.55";"62";"942.6800000000001";"3560";"848";"";"";"";"-112";"-1";"6548";"1773487420755"
"3023";"2026-03-14 08:23:50";"23.58";"62";"942.64";"3560";"868";"";"";"";"-112";"-1.5";"6549";"1773487430745"
"3024";"2026-03-14 08:24:00";"23.6";"62";"942.7";"3560";"856";"";"";"";"-112";"-0.800000011920929";"6550";"1773487440786"
"3025";"2026-03-14 08:24:10";"23.64";"62";"942.72";"3600";"876";"";"";"";"-112";"-1";"6551";"1773487450752"
"3026";"2026-03-14 08:24:20";"23.66";"62";"942.7";"3560";"888";"";"";"";"-112";"-1.7999999523162842";"6552";"1773487460743"
"3027";"2026-03-14 08:24:30";"23.68";"61.5";"942.6800000000001";"3560";"892";"";"";"";"-113";"-1.5";"6553";"1773487470732"
"3028";"2026-03-14 08:24:40";"23.71";"61.5";"942.72";"3560";"900";"";"";"";"-112";"-1";"6554";"1773487480752"
"3029";"2026-03-14 08:24:50";"23.74";"61.5";"942.6800000000001";"3560";"908";"";"";"";"-112";"-1";"6555";"1773487490754"
"3030";"2026-03-14 08:25:00";"23.77";"61.5";"942.6800000000001";"3580";"920";"";"";"";"-112";"-1.5";"6556";"1773487500708"
"3031";"2026-03-14 08:25:10";"23.8";"61.5";"942.74";"3600";"928";"";"";"";"-112";"-1.5";"6557";"1773487510747"
"3032";"2026-03-14 08:25:20";"23.83";"61.5";"942.7";"3580";"932";"";"";"";"-112";"-2";"6558";"1773487520743"
"3033";"2026-03-14 08:25:30";"23.86";"61.5";"942.6800000000001";"3560";"936";"";"";"";"-113";"-2.299999952316284";"6559";"1773487530707"
"3034";"2026-03-14 08:25:40";"23.9";"61.5";"942.7";"3580";"944";"";"";"";"-112";"-1.7999999523162842";"6560";"1773487540752"
"3035";"2026-03-14 08:25:50";"23.93";"61";"942.6800000000001";"3580";"940";"";"";"";"-112";"-1.7999999523162842";"6561";"1773487550745"
"3036";"2026-03-14 08:26:00";"23.96";"61";"942.7";"3580";"948";"";"";"";"-112";"-1.5";"6562";"1773487560709"
"3037";"2026-03-14 08:26:10";"24";"61";"942.66";"3560";"948";"";"";"";"-112";"-1";"6563";"1773487570737"
"3038";"2026-03-14 08:26:20";"24.03";"61";"942.7";"3560";"952";"";"";"";"-112";"-1";"6564";"1773487580749"
"3039";"2026-03-14 08:26:30";"24.06";"61";"942.6800000000001";"3580";"968";"";"";"";"-112";"-2";"6565";"1773487590706"
"3040";"2026-03-14 08:26:40";"24.1";"61";"942.66";"3580";"956";"";"";"";"-112";"-1";"6566";"1773487600749"
"3041";"2026-03-14 08:26:50";"24.14";"61";"942.66";"3600";"956";"";"";"";"-112";"-1.2999999523162842";"6567";"1773487610715"
"3042";"2026-03-14 08:27:00";"24.18";"60.5";"942.6800000000001";"3600";"960";"";"";"";"-112";"-0.5";"6568";"1773487620706"
"3043";"2026-03-14 08:27:10";"24.22";"60.5";"942.7";"3560";"956";"";"";"";"-112";"-0.30000001192092896";"6569";"1773487630749"
"3044";"2026-03-14 08:27:20";"24.25";"60.5";"942.66";"3580";"956";"";"";"";"-112";"0";"6570";"1773487640742"
"3045";"2026-03-14 08:27:30";"24.28";"60.5";"942.6800000000001";"3600";"960";"";"";"";"-112";"-1.5";"6571";"1773487650717"
"3046";"2026-03-14 08:27:40";"24.32";"60.5";"942.7";"3600";"964";"";"";"";"-113";"-1.7999999523162842";"6572";"1773487660741"
"3047";"2026-03-14 08:27:50";"24.35";"60.5";"942.7";"3600";"968";"";"";"";"-113";"-2.5";"6573";"1773487670748"
"3048";"2026-03-14 08:28:00";"24.39";"60";"942.6800000000001";"3560";"968";"";"";"";"-113";"-2";"6574";"1773487680748"
"3049";"2026-03-14 08:28:10";"24.43";"60";"942.7";"3600";"968";"";"";"";"-113";"-2.799999952316284";"6575";"1773487690750"
"3050";"2026-03-14 08:28:20";"24.47";"60";"942.7";"3560";"972";"";"";"";"-112";"-1.2999999523162842";"6576";"1773487700715"
"3051";"2026-03-14 08:28:30";"24.51";"60";"942.7";"3600";"972";"";"";"";"-112";"-0.800000011920929";"6577";"1773487710749"
"3052";"2026-03-14 08:28:40";"24.54";"60";"942.72";"3600";"976";"";"";"";"-112";"-1.2999999523162842";"6578";"1773487720748"
"3053";"2026-03-14 08:28:50";"24.58";"60";"942.72";"3600";"976";"";"";"";"-112";"-1";"6579";"1773487730748"
"3054";"2026-03-14 08:29:00";"24.62";"59.5";"942.72";"3560";"980";"";"";"";"-112";"-1.2999999523162842";"6580";"1773487740742"
"3055";"2026-03-14 08:29:10";"24.66";"59.5";"942.66";"3600";"980";"";"";"";"-112";"-1.7999999523162842";"6581";"1773487750744"
"3056";"2026-03-14 08:29:20";"24.69";"59.5";"942.66";"3580";"980";"";"";"";"-113";"-2";"6582";"1773487760739"
"3057";"2026-03-14 08:29:30";"24.73";"59.5";"942.6800000000001";"3620";"984";"";"";"";"-112";"-1.5";"6583";"1773487770745"
"3058";"2026-03-14 08:29:40";"24.77";"59.5";"942.72";"3600";"984";"";"";"";"-112";"-1.2999999523162842";"6584";"1773487780745"
"3059";"2026-03-14 08:29:50";"24.81";"59.5";"942.6800000000001";"3620";"984";"";"";"";"-112";"-1.2999999523162842";"6585";"1773487790759"
"3060";"2026-03-14 08:30:00";"24.85";"59";"942.72";"3580";"984";"";"";"";"-112";"-0.5";"6586";"1773487800741"
"3061";"2026-03-14 08:30:10";"24.9";"59";"942.74";"3580";"984";"";"";"";"-112";"-1.5";"6587";"1773487810755"
"3062";"2026-03-14 08:30:20";"24.93";"59";"942.72";"3580";"984";"";"";"";"-113";"-2.299999952316284";"6588";"1773487820738"
"3063";"2026-03-14 08:30:30";"24.97";"59";"942.76";"3580";"984";"";"";"";"-112";"-1.5";"6589";"1773487830706"
"3064";"2026-03-14 08:30:40";"25.01";"59";"942.74";"3600";"984";"";"";"";"-112";"-1.2999999523162842";"6590";"1773487840740"
"3065";"2026-03-14 08:30:50";"25.05";"59";"942.72";"3620";"984";"";"";"";"-112";"-1";"6591";"1773487850746"
"3066";"2026-03-14 08:31:00";"25.09";"59";"942.72";"3620";"984";"";"";"";"-112";"-0.5";"6592";"1773487860752"
"3067";"2026-03-14 08:31:10";"25.13";"58.5";"942.74";"3620";"984";"";"";"";"-112";"-0.800000011920929";"6593";"1773487870735"
"3068";"2026-03-14 08:31:20";"25.16";"58.5";"942.72";"3620";"984";"";"";"";"-112";"-1";"6594";"1773487880746"
"3069";"2026-03-14 08:31:30";"25.2";"58.5";"942.74";"3620";"984";"";"";"";"-112";"-1.5";"6595";"1773487890746"
"3070";"2026-03-14 08:31:40";"25.24";"58.5";"942.74";"3600";"984";"";"";"";"-112";"-1.2999999523162842";"6596";"1773487900744"
"3071";"2026-03-14 08:31:50";"25.29";"58.5";"942.74";"3620";"984";"";"";"";"-112";"-1.2999999523162842";"6597";"1773487910750"
"3072";"2026-03-14 08:32:00";"25.32";"58.5";"942.74";"3620";"984";"";"";"";"-112";"-0.800000011920929";"6598";"1773487920758"
"3073";"2026-03-14 08:32:10";"25.36";"58.5";"942.76";"3620";"984";"";"";"";"-112";"-1.5";"6599";"1773487930734"
"3074";"2026-03-14 08:32:20";"25.4";"58.5";"942.76";"3600";"984";"";"";"";"-112";"-1";"6600";"1773487940741"
"3075";"2026-03-14 08:32:30";"25.44";"58";"942.78";"3600";"984";"";"";"";"-112";"-0.800000011920929";"6601";"1773487950739"
"3076";"2026-03-14 08:32:40";"25.48";"58";"942.78";"3580";"984";"";"";"";"-112";"-1.2999999523162842";"6602";"1773487960750"
"3077";"2026-03-14 08:32:50";"25.51";"58";"942.76";"3600";"984";"";"";"";"-112";"-1";"6603";"1773487970749"
"3078";"2026-03-14 08:33:00";"25.55";"58";"942.78";"3600";"984";"";"";"";"-112";"-1.2999999523162842";"6604";"1773487980747"
"3079";"2026-03-14 08:33:10";"25.59";"58";"942.76";"3580";"984";"";"";"";"-112";"-0.800000011920929";"6605";"1773487990748"
"3080";"2026-03-14 08:33:20";"25.63";"58";"942.76";"3580";"984";"";"";"";"-112";"-0.800000011920929";"6606";"1773488000749"
"3081";"2026-03-14 08:33:30";"25.67";"58";"942.78";"3620";"984";"";"";"";"-112";"-0.5";"6607";"1773488010717"
"3082";"2026-03-14 08:33:40";"25.71";"57.5";"942.78";"3620";"984";"";"";"";"-112";"-1.2999999523162842";"6608";"1773488020740"
"3083";"2026-03-14 08:33:50";"25.74";"57.5";"942.8000000000001";"3600";"980";"";"";"";"-112";"-1.2999999523162842";"6609";"1773488030746"
"3084";"2026-03-14 08:34:00";"25.78";"57.5";"942.8000000000001";"3620";"980";"";"";"";"-112";"-1.5";"6610";"1773488040751"
"3085";"2026-03-14 08:34:10";"25.82";"57.5";"942.8000000000001";"3600";"980";"";"";"";"-112";"-1.2999999523162842";"6611";"1773488050744"
"3086";"2026-03-14 08:34:20";"25.85";"57.5";"942.78";"3580";"980";"";"";"";"-112";"-0.800000011920929";"6612";"1773488060746"
"3087";"2026-03-14 08:34:30";"25.89";"57.5";"942.76";"3600";"980";"";"";"";"-112";"-1";"6613";"1773488070739"
"3088";"2026-03-14 08:34:40";"25.93";"57.5";"942.8000000000001";"3620";"980";"";"";"";"-113";"-1.7999999523162842";"6614";"1773488080750"
"3089";"2026-03-14 08:34:50";"25.97";"57.5";"942.8000000000001";"3620";"980";"";"";"";"-112";"-0.5";"6615";"1773488090748"
"3090";"2026-03-14 08:35:00";"26";"57";"942.8000000000001";"3600";"980";"";"";"";"-112";"-0.5";"6616";"1773488100746"
"3091";"2026-03-14 08:35:10";"26.04";"57";"942.78";"3620";"980";"";"";"";"-112";"-1.2999999523162842";"6617";"1773488110747"
"3092";"2026-03-14 08:35:20";"26.08";"57";"942.78";"3620";"980";"";"";"";"-112";"-1";"6618";"1773488120742"
"3093";"2026-03-14 08:35:30";"26.12";"57";"942.78";"3620";"980";"";"";"";"-112";"-1.5";"6619";"1773488130756"
"3094";"2026-03-14 08:35:40";"26.16";"57";"942.74";"3600";"976";"";"";"";"-112";"-2";"6620";"1773488140740"
"3095";"2026-03-14 08:35:50";"26.19";"57";"942.76";"3620";"980";"";"";"";"-112";"-1.5";"6621";"1773488150742"
"3096";"2026-03-14 08:36:00";"26.23";"57";"942.76";"3580";"976";"";"";"";"-112";"-0.800000011920929";"6622";"1773488160753"
"3097";"2026-03-14 08:36:10";"26.27";"57";"942.76";"3580";"976";"";"";"";"-112";"-0.800000011920929";"6623";"1773488170741"
"3098";"2026-03-14 08:36:20";"26.31";"57";"942.8000000000001";"3580";"976";"";"";"";"-112";"-1.5";"6624";"1773488180744"
"3099";"2026-03-14 08:36:30";"26.34";"56.5";"942.82";"3620";"976";"";"";"";"-113";"-1.7999999523162842";"6625";"1773488190741"
"3100";"2026-03-14 08:36:40";"26.38";"56.5";"942.8000000000001";"3620";"976";"";"";"";"-112";"-0.800000011920929";"6626";"1773488200741"
"3101";"2026-03-14 08:36:50";"26.41";"56.5";"942.8000000000001";"3620";"976";"";"";"";"-113";"-2.799999952316284";"6627";"1773488210741"
"3102";"2026-03-14 08:37:00";"26.45";"56.5";"942.8000000000001";"3620";"976";"";"";"";"-113";"-2.799999952316284";"6628";"1773488220713"
"3103";"2026-03-14 08:37:10";"26.48";"56.5";"942.8000000000001";"3620";"976";"";"";"";"-113";"-3";"6629";"1773488230738"
"3104";"2026-03-14 08:37:20";"26.52";"56.5";"942.8000000000001";"3600";"976";"";"";"";"-113";"-2.5";"6630";"1773488240736"
"3105";"2026-03-14 08:37:30";"26.55";"56.5";"942.84";"3580";"976";"";"";"";"-113";"-2.299999952316284";"6631";"1773488250749"
"3106";"2026-03-14 08:37:40";"26.59";"56.5";"942.82";"3600";"976";"";"";"";"-113";"-2.799999952316284";"6632";"1773488260744"
"3107";"2026-03-14 08:37:50";"26.62";"56.5";"942.86";"3600";"976";"";"";"";"-112";"-2";"6633";"1773488270754"
"3108";"2026-03-14 08:38:00";"26.65";"56";"942.8000000000001";"3620";"976";"";"";"";"-112";"-1.2999999523162842";"6634";"1773488280749"
"3109";"2026-03-14 08:38:10";"26.69";"56";"942.82";"3600";"972";"";"";"";"-112";"-1";"6635";"1773488290751"
"3110";"2026-03-14 08:38:20";"26.73";"56";"942.8000000000001";"3620";"976";"";"";"";"-112";"-1";"6636";"1773488300770"
"3111";"2026-03-14 08:38:30";"26.76";"56";"942.8000000000001";"3620";"972";"";"";"";"-112";"-0.5";"6637";"1773488310744"
"3112";"2026-03-14 08:38:40";"26.8";"56";"942.8000000000001";"3600";"972";"";"";"";"-112";"-1";"6638";"1773488320706"
"3113";"2026-03-14 08:38:50";"26.83";"56";"942.8000000000001";"3600";"972";"";"";"";"-112";"-1.5";"6639";"1773488330728"
"3114";"2026-03-14 08:39:00";"26.86";"56";"942.8000000000001";"3600";"972";"";"";"";"-112";"-1";"6640";"1773488340742"
"3115";"2026-03-14 08:39:10";"26.89";"56";"942.8000000000001";"3600";"972";"";"";"";"-112";"-1";"6641";"1773488350750"
"3116";"2026-03-14 08:39:20";"26.93";"56";"942.76";"3620";"972";"";"";"";"-112";"-0.5";"6642";"1773488360741"
"3117";"2026-03-14 08:39:30";"26.96";"56";"942.78";"3600";"972";"";"";"";"-112";"-1.2999999523162842";"6643";"1773488370744"
"3118";"2026-03-14 08:39:40";"27";"55.5";"942.78";"3600";"972";"";"";"";"-112";"-0.800000011920929";"6644";"1773488380740"
"3119";"2026-03-14 08:39:50";"27.03";"55.5";"942.78";"3600";"972";"";"";"";"-112";"-1.2999999523162842";"6645";"1773488390749"
"3120";"2026-03-14 08:40:00";"27.06";"55.5";"942.78";"3600";"972";"";"";"";"-112";"-1.2999999523162842";"6646";"1773488400737"
"3121";"2026-03-14 08:40:10";"27.1";"55.5";"942.8000000000001";"3600";"972";"";"";"";"-112";"-1.2999999523162842";"6647";"1773488410744"
"3122";"2026-03-14 08:40:20";"27.13";"55.5";"942.8000000000001";"3640";"968";"";"";"";"-112";"-0.5";"6648";"1773488420747"
"3123";"2026-03-14 08:40:30";"27.17";"55.5";"942.76";"3600";"968";"";"";"";"-112";"-1.2999999523162842";"6649";"1773488430735"
"3124";"2026-03-14 08:40:40";"27.19";"55.5";"942.8000000000001";"3620";"968";"";"";"";"-112";"-0.800000011920929";"6650";"1773488440746"
"3125";"2026-03-14 08:40:50";"27.22";"55.5";"942.78";"3620";"968";"";"";"";"-112";"-0.5";"6651";"1773488450739"
"3126";"2026-03-14 08:41:00";"27.26";"55.5";"942.82";"3620";"968";"";"";"";"-112";"-1";"6652";"1773488460748"
"3127";"2026-03-14 08:41:10";"27.29";"55.5";"942.8000000000001";"3640";"968";"";"";"";"-112";"-0.30000001192092896";"6653";"1773488470718"
"3128";"2026-03-14 08:41:20";"27.32";"55";"942.74";"3600";"968";"";"";"";"-112";"-0.800000011920929";"6654";"1773488480745"
"3129";"2026-03-14 08:41:30";"27.35";"55";"942.78";"3600";"968";"";"";"";"-112";"-0.5";"6655";"1773488490743"
"3130";"2026-03-14 08:41:40";"27.39";"55";"942.78";"3600";"968";"";"";"";"-112";"-1";"6656";"1773488500748"
"3131";"2026-03-14 08:41:50";"27.42";"55";"942.76";"3640";"968";"";"";"";"-112";"-0.30000001192092896";"6657";"1773488510769"
"3132";"2026-03-14 08:42:00";"27.45";"55";"942.8000000000001";"3600";"968";"";"";"";"-112";"-0.5";"6658";"1773488520741"
"3133";"2026-03-14 08:42:10";"27.48";"55";"942.78";"3640";"968";"";"";"";"-112";"-1.2999999523162842";"6659";"1773488530733"
"3134";"2026-03-14 08:42:20";"27.52";"55";"942.78";"3600";"968";"";"";"";"-112";"-1.5";"6660";"1773488540745"
"3135";"2026-03-14 08:42:30";"27.55";"55";"942.78";"3640";"968";"";"";"";"-112";"-1.2999999523162842";"6661";"1773488550745"
"3136";"2026-03-14 08:42:40";"27.58";"55";"942.8000000000001";"3620";"968";"";"";"";"-113";"-2";"6662";"1773488560741"
"3137";"2026-03-14 08:42:50";"27.61";"55";"942.8000000000001";"3640";"964";"";"";"";"-112";"-1";"6663";"1773488570734"
"3138";"2026-03-14 08:43:00";"27.64";"55";"942.78";"3620";"964";"";"";"";"-112";"-1.5";"6664";"1773488580742"
"3139";"2026-03-14 08:43:10";"27.67";"55";"942.78";"3620";"964";"";"";"";"-112";"-2";"6665";"1773488590743"
"3140";"2026-03-14 08:43:20";"27.71";"55";"942.8000000000001";"3620";"964";"";"";"";"-112";"-1";"6666";"1773488600745"
"3141";"2026-03-14 08:43:30";"27.74";"54.5";"942.82";"3640";"964";"";"";"";"-111";"-0.30000001192092896";"6667";"1773488610737"
"3142";"2026-03-14 08:43:40";"27.77";"54.5";"942.8000000000001";"3600";"964";"";"";"";"-112";"-0.30000001192092896";"6668";"1773488620748"
"3143";"2026-03-14 08:43:50";"27.8";"54.5";"942.8000000000001";"3620";"964";"";"";"";"-112";"0";"6669";"1773488630735"
"3144";"2026-03-14 08:44:00";"27.83";"54.5";"942.78";"3600";"960";"";"";"";"-112";"-0.30000001192092896";"6670";"1773488640745"
"3145";"2026-03-14 08:44:10";"27.86";"54.5";"942.8000000000001";"3600";"960";"";"";"";"-112";"-0.30000001192092896";"6671";"1773488650731"
"3146";"2026-03-14 08:44:20";"27.89";"54.5";"942.82";"3600";"960";"";"";"";"-112";"-0.30000001192092896";"6672";"1773488660732"
"3147";"2026-03-14 08:44:30";"27.92";"54.5";"942.8000000000001";"3600";"960";"";"";"";"-111";"-0.30000001192092896";"6673";"1773488670747"
"3148";"2026-03-14 08:44:40";"27.95";"54.5";"942.82";"3600";"960";"";"";"";"-112";"0";"6674";"1773488680763"
"3149";"2026-03-14 08:44:50";"27.98";"54.5";"942.8000000000001";"3640";"956";"";"";"";"-112";"-0.800000011920929";"6675";"1773488690745"
"3150";"2026-03-14 08:45:00";"28.01";"54.5";"942.82";"3600";"956";"";"";"";"-112";"-0.800000011920929";"6676";"1773488700747"
"3151";"2026-03-14 08:45:10";"28.04";"54.5";"942.8000000000001";"3640";"956";"";"";"";"-112";"-0.30000001192092896";"6677";"1773488710750"
"3152";"2026-03-14 08:45:20";"28.07";"54.5";"942.8000000000001";"3620";"956";"";"";"";"-112";"-0.800000011920929";"6678";"1773488720747"
"3153";"2026-03-14 08:45:30";"28.1";"54";"942.84";"3620";"956";"";"";"";"-112";"-0.5";"6679";"1773488730744"
"3154";"2026-03-14 08:45:40";"28.13";"54";"942.8000000000001";"3620";"956";"";"";"";"-112";"-0.800000011920929";"6680";"1773488740735"
"3155";"2026-03-14 08:45:50";"28.16";"54";"942.8000000000001";"3600";"956";"";"";"";"-112";"0";"6681";"1773488750739"
"3156";"2026-03-14 08:46:00";"28.18";"54";"942.8000000000001";"3600";"956";"";"";"";"-112";"-0.800000011920929";"6682";"1773488760722"
"3157";"2026-03-14 08:46:10";"28.21";"54";"942.8000000000001";"3600";"956";"";"";"";"-112";"-0.5";"6683";"1773488770750"
"3158";"2026-03-14 08:46:20";"28.24";"54";"942.8000000000001";"3620";"952";"";"";"";"-112";"-0.5";"6684";"1773488780746"
"3159";"2026-03-14 08:46:30";"28.27";"54";"942.8000000000001";"3600";"952";"";"";"";"-112";"-1";"6685";"1773488790719"
"3160";"2026-03-14 08:46:40";"28.29";"54";"942.8000000000001";"3620";"952";"";"";"";"-112";"-0.5";"6686";"1773488800738"
"3161";"2026-03-14 08:46:50";"28.33";"54";"942.78";"3640";"952";"";"";"";"-112";"-0.30000001192092896";"6687";"1773488810740"
"3162";"2026-03-14 08:47:00";"28.36";"54";"942.8000000000001";"3600";"952";"";"";"";"-112";"-0.30000001192092896";"6688";"1773488820745"
"3163";"2026-03-14 08:47:10";"28.39";"54";"942.8000000000001";"3640";"952";"";"";"";"-112";"-0.5";"6689";"1773488830771"
"3164";"2026-03-14 08:47:20";"28.41";"54";"942.82";"3600";"952";"";"";"";"-112";"-0.30000001192092896";"6690";"1773488840745"
"3165";"2026-03-14 08:47:30";"28.44";"54";"942.8000000000001";"3640";"948";"";"";"";"-112";"-0.800000011920929";"6691";"1773488850756"
"3166";"2026-03-14 08:47:40";"28.47";"54";"942.78";"3620";"948";"";"";"";"-112";"-0.30000001192092896";"6692";"1773488860749"
"3167";"2026-03-14 08:47:50";"28.49";"54";"942.8000000000001";"3600";"948";"";"";"";"-112";"0";"6693";"1773488870749"
"3168";"2026-03-14 08:48:00";"28.52";"53.5";"942.8000000000001";"3640";"948";"";"";"";"-112";"-0.5";"6694";"1773488880740"
"3169";"2026-03-14 08:48:10";"28.55";"53.5";"942.8000000000001";"3600";"948";"";"";"";"-112";"-0.5";"6695";"1773488890733"
"3170";"2026-03-14 08:48:20";"28.58";"53.5";"942.82";"3620";"948";"";"";"";"-112";"-0.5";"6696";"1773488900742"
"3171";"2026-03-14 08:48:30";"28.61";"53.5";"942.82";"3600";"944";"";"";"";"-112";"-0.30000001192092896";"6697";"1773488910732"
"3172";"2026-03-14 08:48:40";"28.63";"53.5";"942.82";"3640";"944";"";"";"";"-112";"-0.5";"6698";"1773488920700"
"3173";"2026-03-14 08:48:50";"28.66";"53.5";"942.82";"3600";"944";"";"";"";"-112";"-0.30000001192092896";"6699";"1773488930741"
"3174";"2026-03-14 08:49:00";"28.68";"53.5";"942.82";"3640";"944";"";"";"";"-112";"-0.5";"6700";"1773488940734"
"3175";"2026-03-14 08:49:10";"28.71";"53.5";"942.84";"3620";"944";"";"";"";"-112";"0";"6701";"1773488950737"
"3176";"2026-03-14 08:49:20";"28.75";"53.5";"942.84";"3620";"944";"";"";"";"-112";"-0.5";"6702";"1773488960736"
"3177";"2026-03-14 08:49:30";"28.77";"53.5";"942.8000000000001";"3640";"944";"";"";"";"-112";"-0.800000011920929";"6703";"1773488970742"
"3178";"2026-03-14 08:49:40";"28.79";"53.5";"942.84";"3640";"944";"";"";"";"-112";"-0.800000011920929";"6704";"1773488980744"
"3179";"2026-03-14 08:49:50";"28.82";"53.5";"942.86";"3620";"944";"";"";"";"-112";"-0.800000011920929";"6705";"1773488990754"
"3180";"2026-03-14 08:50:00";"28.85";"53.5";"942.84";"3620";"944";"";"";"";"-112";"-0.30000001192092896";"6706";"1773489000736"
"3181";"2026-03-14 08:50:10";"28.88";"53";"942.86";"3600";"944";"";"";"";"-112";"0";"6707";"1773489010745"
"3182";"2026-03-14 08:50:20";"28.9";"53";"942.84";"3620";"944";"";"";"";"-112";"-0.30000001192092896";"6708";"1773489020740"
"3183";"2026-03-14 08:50:30";"28.93";"53";"942.86";"3620";"940";"";"";"";"-112";"0";"6709";"1773489030740"
"3184";"2026-03-14 08:50:40";"28.95";"53";"942.86";"3620";"940";"";"";"";"-112";"-0.5";"6710";"1773489040741"
"3185";"2026-03-14 08:50:50";"28.98";"53";"942.88";"3620";"940";"";"";"";"-112";"-0.5";"6711";"1773489050730"
"3186";"2026-03-14 08:51:00";"29.01";"53";"942.86";"3620";"940";"";"";"";"-112";"-0.30000001192092896";"6712";"1773489060742"
"3187";"2026-03-14 08:51:10";"29.03";"53";"942.86";"3600";"940";"";"";"";"-112";"-0.30000001192092896";"6713";"1773489070739"
"3188";"2026-03-14 08:51:20";"29.05";"53";"942.88";"3640";"940";"";"";"";"-112";"-0.30000001192092896";"6714";"1773489080731"
"3189";"2026-03-14 08:51:30";"29.08";"53";"942.88";"3600";"940";"";"";"";"-112";"-0.5";"6715";"1773489090737"
"3190";"2026-03-14 08:51:40";"29.11";"53";"942.88";"3620";"940";"";"";"";"-112";"-0.5";"6716";"1773489100738"
"3191";"2026-03-14 08:51:50";"29.13";"53";"942.88";"3600";"940";"";"";"";"-112";"-0.30000001192092896";"6717";"1773489110741"
"3192";"2026-03-14 08:52:00";"29.16";"53";"942.84";"3640";"940";"";"";"";"-112";"0";"6718";"1773489120740"
"3193";"2026-03-14 08:52:10";"29.18";"53";"942.86";"3640";"940";"";"";"";"-112";"-0.800000011920929";"6719";"1773489130734"
"3194";"2026-03-14 08:52:20";"29.2";"53";"942.86";"3600";"940";"";"";"";"-112";"-0.5";"6720";"1773489140714"
"3195";"2026-03-14 08:52:30";"29.23";"53";"942.86";"3600";"940";"";"";"";"-112";"-0.5";"6721";"1773489150729"
"3196";"2026-03-14 08:52:40";"29.25";"53";"942.88";"3640";"940";"";"";"";"-111";"-0.30000001192092896";"6722";"1773489160747"
"3197";"2026-03-14 08:52:50";"29.27";"53";"942.9";"3600";"940";"";"";"";"-111";"0";"6723";"1773489170733"
"3198";"2026-03-14 08:53:00";"29.29";"52.5";"942.86";"3600";"940";"";"";"";"-112";"-0.30000001192092896";"6724";"1773489180742"
"3199";"2026-03-14 08:53:10";"29.32";"53";"942.9";"3640";"940";"";"";"";"-112";"-0.5";"6725";"1773489190744"
"3200";"2026-03-14 08:53:20";"29.34";"52.5";"942.88";"3620";"940";"";"";"";"-112";"-1";"6726";"1773489200733"
"3201";"2026-03-14 08:53:30";"29.37";"52.5";"942.9";"3600";"940";"";"";"";"-112";"-0.800000011920929";"6727";"1773489210746"
"3202";"2026-03-14 08:53:40";"29.39";"52.5";"942.9";"3620";"940";"";"";"";"-111";"0.30000001192092896";"6728";"1773489220738"
"3203";"2026-03-14 08:53:50";"29.41";"52.5";"942.88";"3620";"944";"";"";"";"-111";"-0.30000001192092896";"6729";"1773489230747"
"3204";"2026-03-14 08:54:00";"29.44";"52.5";"942.88";"3640";"944";"";"";"";"-112";"-0.30000001192092896";"6730";"1773489240746"
"3205";"2026-03-14 08:54:10";"29.46";"52.5";"942.88";"3600";"944";"";"";"";"-112";"0.30000001192092896";"6731";"1773489250742"
"3206";"2026-03-14 08:54:20";"29.48";"52.5";"942.9200000000001";"3640";"944";"";"";"";"-111";"0";"6732";"1773489260742"
"3207";"2026-03-14 08:54:30";"29.5";"52.5";"942.88";"3620";"944";"";"";"";"-112";"-0.5";"6733";"1773489270737"
"3208";"2026-03-14 08:54:40";"29.52";"52.5";"942.88";"3600";"944";"";"";"";"-112";"-1.5";"6734";"1773489280733"
"3209";"2026-03-14 08:54:50";"29.55";"52.5";"942.9200000000001";"3640";"944";"";"";"";"-112";"-1";"6735";"1773489290745"
"3210";"2026-03-14 08:55:00";"29.57";"52.5";"942.9200000000001";"3600";"944";"";"";"";"-112";"-1.5";"6736";"1773489300741"
"3211";"2026-03-14 08:55:10";"29.59";"52.5";"942.9";"3640";"944";"";"";"";"-113";"-1.7999999523162842";"6737";"1773489310734"
"3212";"2026-03-14 08:55:20";"29.61";"52.5";"942.88";"3640";"944";"";"";"";"-113";"-2.299999952316284";"6738";"1773489320737"
"3213";"2026-03-14 08:55:30";"29.64";"52.5";"942.9200000000001";"3640";"944";"";"";"";"-112";"-1.2999999523162842";"6739";"1773489330735"
"3214";"2026-03-14 08:55:40";"29.67";"52.5";"942.9200000000001";"3620";"944";"";"";"";"-112";"-1.2999999523162842";"6740";"1773489340740"
"3215";"2026-03-14 08:55:50";"29.68";"52.5";"942.9";"3600";"944";"";"";"";"-112";"-0.800000011920929";"6741";"1773489350734"
"3216";"2026-03-14 08:56:00";"29.7";"52";"942.9";"3600";"944";"";"";"";"-112";"-1.5";"6742";"1773489360735"
"3217";"2026-03-14 08:56:10";"29.73";"52.5";"942.9200000000001";"3640";"944";"";"";"";"-112";"-0.5";"6743";"1773489370729"
"3218";"2026-03-14 08:56:20";"29.74";"52";"942.9200000000001";"3600";"948";"";"";"";"-112";"-0.30000001192092896";"6744";"1773489380734"
"3219";"2026-03-14 08:56:30";"29.77";"52";"942.9";"3600";"948";"";"";"";"-112";"-0.30000001192092896";"6745";"1773489390730"
"3220";"2026-03-14 08:56:40";"29.78";"52";"942.94";"3640";"948";"";"";"";"-112";"-0.30000001192092896";"6746";"1773489400736"
"3221";"2026-03-14 08:56:50";"29.81";"52";"942.9";"3620";"948";"";"";"";"-112";"-1.5";"6747";"1773489410737"
"3222";"2026-03-14 08:57:00";"29.82";"52";"942.9";"3620";"948";"";"";"";"-112";"-1.5";"6748";"1773489420743"
"3223";"2026-03-14 08:57:10";"29.85";"52";"942.9200000000001";"3640";"948";"";"";"";"-112";"-0.5";"6749";"1773489430738"
"3224";"2026-03-14 08:57:20";"29.87";"52";"942.94";"3620";"948";"";"";"";"-112";"-0.30000001192092896";"6750";"1773489440715"
"3225";"2026-03-14 08:57:30";"29.89";"52";"942.94";"3640";"952";"";"";"";"-112";"0";"6751";"1773489450739"
"3226";"2026-03-14 08:57:40";"29.9";"52";"942.9200000000001";"3620";"952";"";"";"";"-112";"-0.30000001192092896";"6752";"1773489460716"
"3227";"2026-03-14 08:57:50";"29.92";"52";"942.94";"3620";"952";"";"";"";"-112";"-0.30000001192092896";"6753";"1773489470788"
"3228";"2026-03-14 08:58:00";"29.94";"52";"942.9200000000001";"3640";"952";"";"";"";"-112";"-1.2999999523162842";"6754";"1773489480734"
"3229";"2026-03-14 08:58:10";"29.96";"52";"942.9";"3640";"952";"";"";"";"-112";"-0.800000011920929";"6755";"1773489490754"
"3230";"2026-03-14 08:58:20";"29.98";"52";"942.96";"3600";"952";"";"";"";"-112";"-1";"6756";"1773489500739"
"3231";"2026-03-14 08:58:30";"30";"52";"942.94";"3660";"952";"";"";"";"-112";"-0.800000011920929";"6757";"1773489510747"
"3232";"2026-03-14 08:58:40";"30.02";"52";"942.96";"3620";"952";"";"";"";"-112";"-1.2999999523162842";"6758";"1773489520744"
"3233";"2026-03-14 08:58:50";"30.04";"52";"942.98";"3640";"952";"";"";"";"-112";"-1.5";"6759";"1773489530735"
"3234";"2026-03-14 08:59:00";"30.06";"52";"943";"3640";"956";"";"";"";"-112";"-1";"6760";"1773489540731"
"3235";"2026-03-14 08:59:10";"30.08";"51.5";"942.98";"3620";"952";"";"";"";"-112";"-1";"6761";"1773489550739"
"3236";"2026-03-14 08:59:20";"30.1";"51.5";"942.94";"3620";"952";"";"";"";"-112";"-1";"6762";"1773489560737"
"3237";"2026-03-14 08:59:30";"30.12";"52";"942.96";"3640";"952";"";"";"";"-112";"-1.2999999523162842";"6763";"1773489570737"
"3238";"2026-03-14 08:59:40";"30.14";"51.5";"942.98";"3660";"952";"";"";"";"-112";"-1";"6764";"1773489580730"
"3239";"2026-03-14 08:59:50";"30.16";"51.5";"942.98";"3620";"952";"";"";"";"-112";"-0.5";"6765";"1773489590748"
"3240";"2026-03-14 09:00:00";"30.18";"51.5";"942.98";"3640";"956";"";"";"";"-112";"-0.30000001192092896";"6766";"1773489600739"
"3241";"2026-03-14 09:00:10";"30.2";"51.5";"943";"3620";"956";"";"";"";"-112";"-0.5";"6767";"1773489610732"
"3242";"2026-03-14 09:00:20";"30.22";"51.5";"943";"3600";"960";"";"";"";"-111";"0";"6768";"1773489620744"
"3243";"2026-03-14 09:00:30";"30.23";"51.5";"942.98";"3640";"960";"";"";"";"-111";"-0.5";"6769";"1773489630732"
"3244";"2026-03-14 09:00:40";"30.25";"51.5";"942.96";"3620";"964";"";"";"";"-112";"-0.5";"6770";"1773489640741"
"3245";"2026-03-14 09:00:50";"30.27";"51.5";"942.98";"3620";"968";"";"";"";"-112";"-0.800000011920929";"6771";"1773489650749"
"3246";"2026-03-14 09:01:00";"30.28";"51.5";"943";"3640";"972";"";"";"";"-112";"-0.800000011920929";"6772";"1773489660747"
"3247";"2026-03-14 09:01:10";"30.31";"51.5";"943";"3620";"976";"";"";"";"-112";"-1.2999999523162842";"6773";"1773489670742"
"3248";"2026-03-14 09:01:20";"30.32";"51.5";"943";"3620";"980";"";"";"";"-112";"-0.800000011920929";"6774";"1773489680740"
"3249";"2026-03-14 09:01:30";"30.34";"51.5";"942.98";"3620";"984";"";"";"";"-112";"-1.2999999523162842";"6775";"1773489690748"
"3250";"2026-03-14 09:01:40";"30.35";"51.5";"943.04";"3620";"988";"";"";"";"-112";"-1";"6776";"1773489700740"
"3251";"2026-03-14 09:01:50";"30.37";"51.5";"943";"3640";"992";"";"";"";"-112";"-1.5";"6777";"1773489710758"
"3252";"2026-03-14 09:02:00";"30.39";"51.5";"943";"3620";"996";"";"";"";"-112";"-1.2999999523162842";"6778";"1773489720737"
"3253";"2026-03-14 09:02:10";"30.4";"51.5";"942.98";"3660";"996";"";"";"";"-112";"-1";"6779";"1773489730747"
"3254";"2026-03-14 09:02:20";"30.42";"51.5";"943.02";"3640";"1000";"";"";"";"-112";"-1";"6780";"1773489740732"
"3255";"2026-03-14 09:02:30";"30.44";"51.5";"943.04";"3620";"1000";"";"";"";"-112";"-0.5";"6781";"1773489750711"
"3256";"2026-03-14 09:02:40";"30.45";"51.5";"943";"3620";"1004";"";"";"";"-112";"-0.5";"6782";"1773489760712"
"3257";"2026-03-14 09:02:50";"30.47";"51.5";"943.02";"3660";"1004";"";"";"";"-111";"0";"6783";"1773489770712"
"3258";"2026-03-14 09:03:00";"30.49";"51.5";"943.04";"3620";"1004";"";"";"";"-112";"-0.30000001192092896";"6784";"1773489780738"
"3259";"2026-03-14 09:03:10";"30.5";"51.5";"943.04";"3660";"1004";"";"";"";"-111";"-0.30000001192092896";"6785";"1773489790697"
"3260";"2026-03-14 09:03:20";"30.52";"51.5";"943.02";"3640";"1004";"";"";"";"-111";"0";"6786";"1773489800776"
"3261";"2026-03-14 09:03:30";"30.53";"51.5";"943.04";"3620";"1000";"";"";"";"-111";"-0.30000001192092896";"6787";"1773489810734"
"3262";"2026-03-14 09:03:40";"30.54";"51.5";"943.02";"3620";"1000";"";"";"";"-112";"-0.30000001192092896";"6788";"1773489820743"
"3263";"2026-03-14 09:03:50";"30.57";"51.5";"943.04";"3620";"1000";"";"";"";"-112";"-0.5";"6789";"1773489830706"
"3264";"2026-03-14 09:04:00";"30.58";"51.5";"943.04";"3660";"996";"";"";"";"-111";"-0.30000001192092896";"6790";"1773489840738"
"3265";"2026-03-14 09:04:10";"30.59";"51.5";"943.02";"3620";"996";"";"";"";"-112";"0";"6791";"1773489850743"
"3266";"2026-03-14 09:04:20";"30.61";"51";"943.02";"3620";"992";"";"";"";"-111";"0.30000001192092896";"6792";"1773489860743"
"3267";"2026-03-14 09:04:30";"30.62";"51";"943.04";"3660";"984";"";"";"";"-111";"-0.30000001192092896";"6793";"1773489870742"
"3268";"2026-03-14 09:04:40";"30.64";"51";"943.04";"3640";"980";"";"";"";"-112";"-0.30000001192092896";"6794";"1773489880739"
"3269";"2026-03-14 09:04:50";"30.65";"51";"943.0600000000001";"3620";"972";"";"";"";"-111";"0";"6795";"1773489890743"
"3270";"2026-03-14 09:05:00";"30.67";"51";"943.08";"3620";"972";"";"";"";"-111";"0";"6796";"1773489900742"
"3271";"2026-03-14 09:05:10";"30.68";"51";"943.04";"3620";"968";"";"";"";"-111";"-0.30000001192092896";"6797";"1773489910735"
"3272";"2026-03-14 09:05:20";"30.7";"51";"943.0600000000001";"3660";"968";"";"";"";"-111";"-0.30000001192092896";"6798";"1773489920742"
"3273";"2026-03-14 09:05:30";"30.71";"51";"943.04";"3620";"968";"";"";"";"-112";"-0.5";"6799";"1773489930730"
"3274";"2026-03-14 09:05:40";"30.72";"51";"943.0600000000001";"3620";"968";"";"";"";"-112";"0";"6800";"1773489940734"
"3275";"2026-03-14 09:05:50";"30.74";"51";"943.0600000000001";"3620";"964";"";"";"";"-112";"-0.800000011920929";"6801";"1773489950743"
"3276";"2026-03-14 09:06:00";"30.75";"51";"943.02";"3620";"968";"";"";"";"-112";"-0.5";"6802";"1773489960734"
"3277";"2026-03-14 09:06:10";"30.76";"51";"943.04";"3660";"964";"";"";"";"-112";"-0.5";"6803";"1773489970734"
"3278";"2026-03-14 09:06:20";"30.77";"51";"943.0600000000001";"3640";"964";"";"";"";"-112";"-0.30000001192092896";"6804";"1773489980741"
"3279";"2026-03-14 09:06:30";"30.79";"51";"943.02";"3660";"964";"";"";"";"-112";"-0.800000011920929";"6805";"1773489990738"
"3280";"2026-03-14 09:06:40";"30.8";"51";"943.0600000000001";"3660";"964";"";"";"";"-112";"-0.800000011920929";"6806";"1773490000735"
"3281";"2026-03-14 09:06:50";"30.82";"51";"943.04";"3660";"964";"";"";"";"-112";"-1";"6807";"1773490010745"
"3282";"2026-03-14 09:07:00";"30.83";"51";"943.04";"3620";"964";"";"";"";"-112";"-0.800000011920929";"6808";"1773490020742"
"3283";"2026-03-14 09:07:10";"30.85";"51";"943.04";"3640";"964";"";"";"";"-112";"-1";"6809";"1773490030745"
"3284";"2026-03-14 09:07:20";"30.86";"51";"943.0600000000001";"3640";"964";"";"";"";"-112";"-1.2999999523162842";"6810";"1773490040742"
"3285";"2026-03-14 09:07:30";"30.87";"51";"943.04";"3660";"964";"";"";"";"-112";"-1.7999999523162842";"6811";"1773490050712"
"3286";"2026-03-14 09:07:40";"30.89";"51";"943.0600000000001";"3620";"964";"";"";"";"-112";"-1.2999999523162842";"6812";"1773490060744"
"3287";"2026-03-14 09:07:50";"30.89";"51";"943.02";"3620";"964";"";"";"";"-112";"-0.800000011920929";"6813";"1773490070740"
"3288";"2026-03-14 09:08:00";"30.91";"51";"943.1";"3620";"964";"";"";"";"-112";"-1.7999999523162842";"6814";"1773490080700"
"3289";"2026-03-14 09:08:10";"30.92";"51";"943.0600000000001";"3620";"964";"";"";"";"-113";"-2";"6815";"1773490090733"
"3290";"2026-03-14 09:08:20";"30.94";"51";"943.08";"3640";"964";"";"";"";"-113";"-2.799999952316284";"6816";"1773490100729"
"3291";"2026-03-14 09:08:30";"30.95";"51";"943.08";"3640";"964";"";"";"";"-113";"-2.799999952316284";"6817";"1773490110743"
"3292";"2026-03-14 09:08:40";"30.97";"51";"943.08";"3620";"964";"";"";"";"-112";"-1.5";"6818";"1773490120737"
"3293";"2026-03-14 09:08:50";"30.98";"51";"943.12";"3620";"964";"";"";"";"-112";"-1";"6819";"1773490130736"
"3294";"2026-03-14 09:09:00";"30.99";"51";"943.0600000000001";"3620";"964";"";"";"";"-112";"-1.2999999523162842";"6820";"1773490140730"
"3295";"2026-03-14 09:09:10";"31.01";"51";"943.0600000000001";"3640";"964";"";"";"";"-112";"-2";"6821";"1773490150728"
"3296";"2026-03-14 09:09:20";"31.02";"51";"943.1";"3640";"964";"";"";"";"-113";"-1.7999999523162842";"6822";"1773490160744"
"3297";"2026-03-14 09:09:30";"31.03";"51";"943.08";"3620";"968";"";"";"";"-113";"-2.299999952316284";"6823";"1773490170736"
"3298";"2026-03-14 09:09:40";"31.04";"51";"943.08";"3640";"968";"";"";"";"-113";"-2.5";"6824";"1773490180742"
"3299";"2026-03-14 09:09:50";"31.06";"51";"943.08";"3620";"968";"";"";"";"-113";"-2.299999952316284";"6825";"1773490190732"
"3300";"2026-03-14 09:10:00";"31.07";"51";"943.0600000000001";"3660";"968";"";"";"";"-113";"-1.7999999523162842";"6826";"1773490200731"
"3301";"2026-03-14 09:10:10";"31.08";"51";"943.08";"3640";"968";"";"";"";"-112";"-1";"6827";"1773490210744"
"3302";"2026-03-14 09:10:20";"31.09";"50.5";"943.08";"3620";"964";"";"";"";"-113";"-2";"6828";"1773490220706"
"3303";"2026-03-14 09:10:30";"31.11";"50.5";"943.0600000000001";"3640";"964";"";"";"";"-112";"-0.5";"6829";"1773490230732"
"3304";"2026-03-14 09:10:40";"31.12";"51";"943.08";"3660";"964";"";"";"";"-112";"-1.5";"6830";"1773490240738"
"3305";"2026-03-14 09:10:50";"31.13";"51";"943.1";"3640";"960";"";"";"";"-113";"-1.7999999523162842";"6831";"1773490250708"
"3306";"2026-03-14 09:11:00";"31.14";"50.5";"943.04";"3640";"960";"";"";"";"-112";"-0.800000011920929";"6832";"1773490260742"
"3307";"2026-03-14 09:11:10";"31.15";"50.5";"943.1";"3640";"956";"";"";"";"-112";"-1.2999999523162842";"6833";"1773490270732"
"3308";"2026-03-14 09:11:20";"31.16";"50.5";"943.1";"3620";"952";"";"";"";"-112";"-1.7999999523162842";"6834";"1773490280731"
"3309";"2026-03-14 09:11:30";"31.18";"50.5";"943.08";"3620";"952";"";"";"";"-112";"-1.5";"6835";"1773490290734"
"3310";"2026-03-14 09:11:40";"31.19";"50.5";"943.1";"3660";"952";"";"";"";"-113";"-2.5";"6836";"1773490300702"
"3311";"2026-03-14 09:11:50";"31.2";"50.5";"943.08";"3660";"948";"";"";"";"-113";"-3.5";"6837";"1773490310732"
"3312";"2026-03-14 09:12:00";"31.21";"50.5";"943.0600000000001";"3640";"948";"";"";"";"-113";"-3.299999952316284";"6838";"1773490320737"
"3313";"2026-03-14 09:12:10";"31.22";"50.5";"943.08";"3620";"944";"";"";"";"-113";"-2.299999952316284";"6839";"1773490330727"
"3314";"2026-03-14 09:12:20";"31.23";"50.5";"943.0600000000001";"3640";"944";"";"";"";"-113";"-2";"6840";"1773490340738"
"3315";"2026-03-14 09:12:30";"31.25";"50.5";"943.0600000000001";"3660";"944";"";"";"";"-113";"-2.5";"6841";"1773490350736"
"3316";"2026-03-14 09:12:40";"31.26";"50.5";"943.08";"3660";"940";"";"";"";"-113";"-2.299999952316284";"6842";"1773490360703"
"3317";"2026-03-14 09:12:50";"31.27";"50.5";"943.08";"3660";"936";"";"";"";"-113";"-2";"6843";"1773490370740"
"3318";"2026-03-14 09:13:00";"31.28";"50.5";"943.12";"3640";"936";"";"";"";"-113";"-1.2999999523162842";"6844";"1773490380743"
"3319";"2026-03-14 09:13:10";"31.3";"50.5";"943.08";"3640";"936";"";"";"";"-113";"-1.2999999523162842";"6845";"1773490390736"
"3320";"2026-03-14 09:13:20";"31.31";"50.5";"943.08";"3620";"932";"";"";"";"-112";"-0.800000011920929";"6846";"1773490400745"
"3321";"2026-03-14 09:13:30";"31.32";"50.5";"943.0600000000001";"3660";"932";"";"";"";"-112";"-1";"6847";"1773490410741"
"3322";"2026-03-14 09:13:40";"31.33";"50.5";"943.08";"3640";"928";"";"";"";"-112";"-0.5";"6848";"1773490420732"
"3323";"2026-03-14 09:13:50";"31.34";"50.5";"943.08";"3660";"928";"";"";"";"-112";"-0.800000011920929";"6849";"1773490430733"
"3324";"2026-03-14 09:14:00";"31.35";"50.5";"943.08";"3660";"928";"";"";"";"-112";"-0.800000011920929";"6850";"1773490440736"
"3325";"2026-03-14 09:14:10";"31.36";"50.5";"943.1";"3620";"928";"";"";"";"-112";"-0.5";"6851";"1773490450733"
"3326";"2026-03-14 09:14:20";"31.37";"50.5";"943.08";"3640";"924";"";"";"";"-112";"-0.800000011920929";"6852";"1773490460749"
"3327";"2026-03-14 09:14:30";"31.39";"50.5";"943.08";"3660";"924";"";"";"";"-112";"-0.800000011920929";"6853";"1773490470726"
"3328";"2026-03-14 09:14:40";"31.4";"50.5";"943.08";"3620";"924";"";"";"";"-112";"-0.800000011920929";"6854";"1773490480743"
"3329";"2026-03-14 09:14:50";"31.41";"50.5";"943.08";"3640";"920";"";"";"";"-112";"-0.800000011920929";"6855";"1773490490734"
"3330";"2026-03-14 09:15:00";"31.42";"50.5";"943.08";"3640";"920";"";"";"";"-112";"-0.5";"6856";"1773490500733"
"3331";"2026-03-14 09:15:10";"31.44";"50.5";"943.08";"3620";"920";"";"";"";"-112";"-0.30000001192092896";"6857";"1773490510740"
"3332";"2026-03-14 09:15:20";"31.45";"50.5";"943.1";"3620";"920";"";"";"";"-112";"0";"6858";"1773490520706"
"3333";"2026-03-14 09:15:30";"31.46";"50.5";"943.08";"3640";"920";"";"";"";"-112";"-0.30000001192092896";"6859";"1773490530733"
"3334";"2026-03-14 09:15:40";"31.47";"50.5";"943.08";"3660";"916";"";"";"";"-112";"-0.5";"6860";"1773490540740"
"3335";"2026-03-14 09:15:50";"31.48";"50.5";"943.0600000000001";"3660";"916";"";"";"";"-112";"-0.5";"6861";"1773490550739"
"3336";"2026-03-14 09:16:00";"31.49";"50.5";"943.0600000000001";"3660";"916";"";"";"";"-112";"-0.5";"6862";"1773490560745"
"3337";"2026-03-14 09:16:10";"31.5";"50.5";"943.1";"3640";"916";"";"";"";"-112";"-0.5";"6863";"1773490570699"
"3338";"2026-03-14 09:16:20";"31.52";"50.5";"943.04";"3620";"916";"";"";"";"-112";"-1.5";"6864";"1773490580738"
"3339";"2026-03-14 09:16:30";"31.52";"50.5";"943.0600000000001";"3640";"912";"";"";"";"-112";"-0.5";"6865";"1773490590739"
"3340";"2026-03-14 09:16:40";"31.53";"50.5";"943.04";"3660";"912";"";"";"";"-112";"-1";"6866";"1773490600739"
"3341";"2026-03-14 09:16:50";"31.55";"50.5";"943.04";"3640";"908";"";"";"";"-112";"-0.5";"6867";"1773490610743"
"3342";"2026-03-14 09:17:00";"31.56";"50.5";"943.02";"3660";"908";"";"";"";"-112";"0";"6868";"1773490620735"
"3343";"2026-03-14 09:17:10";"31.57";"50.5";"943.04";"3640";"908";"";"";"";"-112";"-0.5";"6869";"1773490630733"
"3344";"2026-03-14 09:17:20";"31.59";"50";"943.04";"3660";"908";"";"";"";"-112";"-0.5";"6870";"1773490640726"
"3345";"2026-03-14 09:17:30";"31.6";"50.5";"943.0600000000001";"3620";"904";"";"";"";"-112";"-1.2999999523162842";"6871";"1773490650729"
"3346";"2026-03-14 09:17:40";"31.6";"50.5";"943.02";"3640";"904";"";"";"";"-112";"-1";"6872";"1773490660702"
"3347";"2026-03-14 09:17:50";"31.62";"50.5";"943.04";"3640";"904";"";"";"";"-112";"-1";"6873";"1773490670730"
"3348";"2026-03-14 09:18:00";"31.63";"50";"943.08";"3620";"900";"";"";"";"-112";"-0.800000011920929";"6874";"1773490680737"
"3349";"2026-03-14 09:18:10";"31.64";"50";"943.04";"3660";"900";"";"";"";"-112";"-0.800000011920929";"6875";"1773490690737"
"3350";"2026-03-14 09:18:20";"31.65";"50";"943.0600000000001";"3660";"900";"";"";"";"-112";"-0.800000011920929";"6876";"1773490700726"
"3351";"2026-03-14 09:18:30";"31.66";"50";"943.08";"3640";"896";"";"";"";"-112";"-0.800000011920929";"6877";"1773490710725"
"3352";"2026-03-14 09:18:40";"31.67";"50";"943.04";"3660";"896";"";"";"";"-112";"-0.5";"6878";"1773490720735"
"3353";"2026-03-14 09:18:50";"31.68";"50";"943.0600000000001";"3620";"896";"";"";"";"-112";"-0.5";"6879";"1773490730740"
"3354";"2026-03-14 09:19:00";"31.7";"50";"943.08";"3660";"892";"";"";"";"-112";"-0.5";"6880";"1773490740732"
"3355";"2026-03-14 09:19:10";"31.7";"50";"943.0600000000001";"3660";"892";"";"";"";"-112";"-0.30000001192092896";"6881";"1773490750738"
"3356";"2026-03-14 09:19:20";"31.71";"50";"943.0600000000001";"3620";"892";"";"";"";"-112";"0.30000001192092896";"6882";"1773490760732"
"3357";"2026-03-14 09:19:30";"31.72";"50";"943.0600000000001";"3660";"892";"";"";"";"-112";"-0.30000001192092896";"6883";"1773490770730"
"3358";"2026-03-14 09:19:40";"31.74";"50";"943.0600000000001";"3640";"892";"";"";"";"-112";"-0.5";"6884";"1773490780738"
"3359";"2026-03-14 09:19:50";"31.75";"50";"943.0600000000001";"3620";"892";"";"";"";"-112";"-0.30000001192092896";"6885";"1773490790738"
"3360";"2026-03-14 09:20:00";"31.76";"50";"943.08";"3640";"888";"";"";"";"-112";"-0.5";"6886";"1773490800728"
"3361";"2026-03-14 09:20:10";"31.77";"50";"943.08";"3620";"888";"";"";"";"-112";"-0.5";"6887";"1773490810738"
"3362";"2026-03-14 09:20:20";"31.78";"50";"943.0600000000001";"3640";"888";"";"";"";"-112";"-0.5";"6888";"1773490820747"
"3363";"2026-03-14 09:20:30";"31.79";"50";"943.08";"3660";"888";"";"";"";"-112";"-1";"6889";"1773490830733"
"3364";"2026-03-14 09:20:40";"31.8";"50";"943.0600000000001";"3660";"884";"";"";"";"-112";"-1";"6890";"1773490840738"
"3365";"2026-03-14 09:20:50";"31.81";"50";"943.0600000000001";"3660";"884";"";"";"";"-112";"-1";"6891";"1773490850734"
"3366";"2026-03-14 09:21:00";"31.82";"50";"943.04";"3640";"884";"";"";"";"-112";"-1.2999999523162842";"6892";"1773490860702"
"3367";"2026-03-14 09:21:10";"31.83";"50";"943.0600000000001";"3640";"884";"";"";"";"-112";"-0.800000011920929";"6893";"1773490870733"
"3368";"2026-03-14 09:21:20";"31.84";"50";"943.08";"3660";"884";"";"";"";"-112";"-1.2999999523162842";"6894";"1773490880732"
"3369";"2026-03-14 09:21:30";"31.85";"50";"943.0600000000001";"3660";"884";"";"";"";"-112";"-1";"6895";"1773490890738"
"3370";"2026-03-14 09:21:40";"31.86";"50";"943.0600000000001";"3660";"880";"";"";"";"-112";"-1.2999999523162842";"6896";"1773490900740"
"3371";"2026-03-14 09:21:50";"31.87";"50";"943.0600000000001";"3640";"880";"";"";"";"-112";"-0.800000011920929";"6897";"1773490910733"
"3372";"2026-03-14 09:22:00";"31.88";"50";"943.04";"3660";"876";"";"";"";"-112";"-1";"6898";"1773490920709"
"3373";"2026-03-14 09:22:10";"31.89";"50";"943.08";"3660";"876";"";"";"";"-112";"-0.5";"6899";"1773490930741"
"3374";"2026-03-14 09:22:20";"31.9";"50";"943.0600000000001";"3660";"876";"";"";"";"-112";"-0.800000011920929";"6900";"1773490940734"
"3375";"2026-03-14 09:22:30";"31.9";"50";"943.02";"3660";"876";"";"";"";"-112";"-1.5";"6901";"1773490950721"
"3376";"2026-03-14 09:22:40";"31.92";"50";"943.08";"3660";"872";"";"";"";"-112";"-1.7999999523162842";"6902";"1773490960742"
"3377";"2026-03-14 09:22:50";"31.93";"50";"943.1";"3640";"872";"";"";"";"-112";"-1.7999999523162842";"6903";"1773490970730"
"3378";"2026-03-14 09:23:00";"31.94";"50";"943.1";"3660";"868";"";"";"";"-112";"-1.2999999523162842";"6904";"1773490980733"
"3379";"2026-03-14 09:23:10";"31.95";"50";"943.0600000000001";"3620";"868";"";"";"";"-112";"-1.5";"6905";"1773490990728"
"3380";"2026-03-14 09:23:20";"31.96";"50";"943.08";"3660";"868";"";"";"";"-112";"-0.800000011920929";"6906";"1773491000740"
"3381";"2026-03-14 09:23:30";"31.97";"50";"943.08";"3660";"868";"";"";"";"-112";"-2";"6907";"1773491010739"
"3382";"2026-03-14 09:23:40";"31.98";"50";"943.08";"3660";"868";"";"";"";"-112";"-1.5";"6908";"1773491020727"
"3383";"2026-03-14 09:23:50";"31.99";"50";"943.08";"3660";"868";"";"";"";"-112";"-0.800000011920929";"6909";"1773491030735"
"3384";"2026-03-14 09:24:00";"31.99";"50";"943.1";"3680";"868";"";"";"";"-112";"-1.2999999523162842";"6910";"1773491040730"
"3385";"2026-03-14 09:24:10";"32";"50";"943.1";"3660";"868";"";"";"";"-113";"-2.5";"6911";"1773491050703"
"3386";"2026-03-14 09:24:20";"32.01";"50";"943.1";"3660";"864";"";"";"";"-113";"-2.799999952316284";"6912";"1773491060732"
"3387";"2026-03-14 09:24:30";"32.03";"50";"943.12";"3660";"864";"";"";"";"-113";"-2.5";"6913";"1773491070723"
"3388";"2026-03-14 09:24:40";"32.03";"49.5";"943.1";"3660";"860";"";"";"";"-113";"-2.799999952316284";"6914";"1773491080733"
"3389";"2026-03-14 09:24:50";"32.04";"50";"943.08";"3660";"860";"";"";"";"-113";"-1.7999999523162842";"6915";"1773491090735"
"3390";"2026-03-14 09:25:00";"32.05";"50";"943.1";"3640";"860";"";"";"";"-112";"-1.2999999523162842";"6916";"1773491100733"
"3391";"2026-03-14 09:25:10";"32.06";"49.5";"943.08";"3640";"856";"";"";"";"-112";"-1.2999999523162842";"6917";"1773491110722"
"3392";"2026-03-14 09:25:21";"32.07";"49.5";"943.1";"3640";"856";"";"";"";"-112";"-1.5";"6918";"1773491120914"
"3393";"2026-03-14 09:25:30";"32.08";"49.5";"943.12";"3640";"852";"";"";"";"-112";"-1.5";"6919";"1773491130732"
"3394";"2026-03-14 09:25:40";"32.08";"49.5";"943.1";"3640";"852";"";"";"";"-113";"-2";"6920";"1773491140731"
"3395";"2026-03-14 09:25:50";"32.09";"49.5";"943.08";"3680";"852";"";"";"";"-112";"-1.5";"6921";"1773491150744"
"3396";"2026-03-14 09:26:00";"32.1";"49.5";"943.1";"3660";"848";"";"";"";"-112";"-1";"6922";"1773491160730"
"3397";"2026-03-14 09:26:10";"32.11";"49.5";"943.1";"3660";"848";"";"";"";"-112";"-1";"6923";"1773491170715"
"3398";"2026-03-14 09:26:20";"32.12";"49.5";"943.1";"3640";"848";"";"";"";"-113";"-1.5";"6924";"1773491180731"
"3399";"2026-03-14 09:26:30";"32.13";"49.5";"943.1";"3620";"848";"";"";"";"-112";"-1.5";"6925";"1773491190726"
"3400";"2026-03-14 09:26:40";"32.13";"49.5";"943.08";"3640";"844";"";"";"";"-113";"-1.5";"6926";"1773491200733"
"3401";"2026-03-14 09:26:50";"32.14";"49.5";"943.08";"3680";"844";"";"";"";"-112";"-1";"6927";"1773491210735"
"3402";"2026-03-14 09:27:00";"32.15";"49.5";"943.1";"3660";"844";"";"";"";"-112";"-0.800000011920929";"6928";"1773491220725"
"3403";"2026-03-14 09:27:10";"32.17";"49.5";"943.12";"3660";"844";"";"";"";"-112";"-0.5";"6929";"1773491230733"
"3404";"2026-03-14 09:27:20";"32.17";"49.5";"943.12";"3640";"840";"";"";"";"-112";"-0.800000011920929";"6930";"1773491240739"
"3405";"2026-03-14 09:27:30";"32.18";"49.5";"943.1";"3660";"840";"";"";"";"-112";"-0.800000011920929";"6931";"1773491250725"
"3406";"2026-03-14 09:27:40";"32.19";"49.5";"943.1";"3660";"840";"";"";"";"-112";"-1";"6932";"1773491260730"
"3407";"2026-03-14 13:37:30";"25.07";"61.5";"941.32";"3660";"420";"";"";"";"-112";"-1";"8431";"1773506250744"
"3408";"2026-03-14 13:37:41";"25.07";"61.5";"941.32";"3680";"416";"";"";"";"-111";"0";"8432";"1773506260727"
"3409";"2026-03-14 13:37:50";"25.06";"62";"941.3000000000001";"3680";"424";"";"";"";"-112";"-0.8";"8433";"1773506270738"
"3410";"2026-03-14 13:39:40";"25.01";"62";"941.24";"3680";"484";"";"";"";"-113";"-3.8";"8444";"1773506380727"
"3411";"2026-03-14 13:39:50";"25.01";"62";"941.28";"3640";"492";"";"";"";"-113";"-3.3";"8445";"1773506390729"
"3412";"2026-03-14 13:40:00";"25";"62";"941.28";"3640";"488";"";"";"";"-112";"-2.8";"8446";"1773506400796"
"3413";"2026-03-14 13:40:10";"25";"62";"941.3000000000001";"3640";"496";"";"";"";"-112";"-1.5";"8447";"1773506410742"
"3414";"2026-03-14 13:40:20";"24.99";"62";"941.28";"3660";"496";"";"";"";"-112";"-1.5";"8448";"1773506420738"
"3415";"2026-03-14 13:40:30";"24.99";"62";"941.28";"3680";"496";"";"";"";"-113";"-4.3";"8449";"1773506430776"
"3416";"2026-03-14 13:40:40";"24.99";"62";"941.26";"3640";"500";"";"";"";"-113";"-3";"8450";"1773506440728"
"3417";"2026-03-14 13:40:50";"24.98";"62";"941.3000000000001";"3640";"492";"";"";"";"-113";"-4.3";"8451";"1773506450743"
"3418";"2026-03-14 13:41:00";"24.98";"62";"941.26";"3680";"500";"";"";"";"-114";"-7";"8452";"1773506460739"
"3419";"2026-03-14 13:44:41";"24.93";"62";"941.24";"3660";"492";"";"";"";"-112";"-2";"8474";"1773506680734"
"3420";"2026-03-14 13:44:50";"24.92";"62";"941.22";"3640";"500";"";"";"";"-114";"-7";"8475";"1773506690754"
"3421";"2026-03-14 13:45:00";"24.93";"62";"941.22";"3640";"500";"";"";"";"-112";"-3.3";"8476";"1773506700736"
"3422";"2026-03-14 13:45:10";"24.92";"62";"941.24";"3660";"500";"";"";"";"-112";"-1.3";"8477";"1773506710743"
"3423";"2026-03-14 13:45:20";"24.92";"62";"941.26";"3640";"492";"";"";"";"-112";"-1.8";"8478";"1773506720737"
"3424";"2026-03-14 13:45:30";"24.91";"62";"941.1800000000001";"3660";"504";"";"";"";"-112";"-1.8";"8479";"1773506730729"
"3425";"2026-03-14 13:45:40";"24.91";"62";"941.22";"3660";"504";"";"";"";"-111";"0";"8480";"1773506740726"
"3426";"2026-03-14 13:45:50";"24.91";"62";"941.1800000000001";"3660";"496";"";"";"";"-112";"-1.8";"8481";"1773506750729"
"3427";"2026-03-14 13:46:00";"24.91";"62";"941.22";"3640";"492";"";"";"";"-113";"-4.3";"8482";"1773506760722"
"3428";"2026-03-14 13:46:10";"24.91";"62";"941.1800000000001";"3680";"500";"";"";"";"-114";"-5.3";"8483";"1773506770729"
"3429";"2026-03-14 13:46:20";"24.91";"62";"941.2";"3660";"500";"";"";"";"-113";"-6.3";"8484";"1773506780730"
"3430";"2026-03-14 13:46:30";"24.9";"62";"941.16";"3640";"496";"";"";"";"-114";"-6.8";"8485";"1773506790725"
"3431";"2026-03-14 13:46:40";"24.9";"62";"941.2";"3640";"496";"";"";"";"-112";"-1";"8486";"1773506800722"
"3432";"2026-03-14 13:46:50";"24.9";"62";"941.1800000000001";"3660";"500";"";"";"";"-112";"-1";"8487";"1773506810732"
"3433";"2026-03-14 13:47:00";"24.89";"62";"941.16";"3640";"496";"";"";"";"-113";"-3.5";"8488";"1773506820730"
"3434";"2026-03-14 13:47:10";"24.9";"62";"941.1800000000001";"3680";"500";"";"";"";"-112";"-1.3";"8489";"1773506830720"
"3435";"2026-03-14 13:47:20";"24.9";"62";"941.1800000000001";"3660";"496";"";"";"";"-113";"-4";"8490";"1773506840725"
"3436";"2026-03-14 13:47:30";"24.89";"62";"941.16";"3660";"500";"";"";"";"-113";"-4.8";"8491";"1773506850729"
"3437";"2026-03-14 13:48:10";"24.88";"62";"941.2";"3660";"500";"";"";"";"-112";"-2.3";"8495";"1773506890738"
"3438";"2026-03-14 13:48:20";"24.88";"62";"941.16";"3640";"500";"";"";"";"-112";"-2.3";"8496";"1773506900731"
"3439";"2026-03-14 13:48:30";"24.88";"62";"941.16";"3660";"496";"";"";"";"-112";"-2";"8497";"1773506910722"
"3440";"2026-03-14 13:48:40";"24.88";"62";"941.16";"3660";"500";"";"";"";"-113";"-4";"8498";"1773506920735"
"3441";"2026-03-14 13:48:50";"24.87";"62";"941.12";"3640";"492";"";"";"";"-113";"-3.8";"8499";"1773506930728"
"3442";"2026-03-14 13:49:00";"24.88";"62";"941.16";"3660";"504";"";"";"";"-113";"-3";"8500";"1773506940725"
"3443";"2026-03-14 13:49:10";"24.88";"62";"941.12";"3640";"496";"";"";"";"-113";"-2.8";"8501";"1773506950724"
"3444";"2026-03-14 13:49:20";"24.87";"62";"941.16";"3640";"492";"";"";"";"-112";"-1.8";"8502";"1773506960739"
"3445";"2026-03-14 13:49:30";"24.87";"62";"941.16";"3640";"504";"";"";"";"-112";"-1.5";"8503";"1773506970731"
"3446";"2026-03-14 13:49:40";"24.87";"62";"941.1800000000001";"3680";"500";"";"";"";"-112";"-2.5";"8504";"1773506980727"
"3447";"2026-03-14 13:49:50";"24.86";"62";"941.2";"3640";"492";"";"";"";"-112";"-1.3";"8505";"1773506990739"
"3448";"2026-03-14 13:50:00";"24.86";"62";"941.16";"3680";"500";"";"";"";"-112";"-2.8";"8506";"1773507000733"
"3449";"2026-03-14 13:50:10";"24.87";"62";"941.16";"3640";"500";"";"";"";"-113";"-3";"8507";"1773507010737"
"3450";"2026-03-14 13:50:20";"24.86";"62";"941.1800000000001";"3640";"492";"";"";"";"-112";"-2.3";"8508";"1773507020727"
"3451";"2026-03-14 13:50:30";"24.86";"62";"941.14";"3660";"492";"";"";"";"-112";"-2.3";"8509";"1773507030736"
"3452";"2026-03-14 13:50:40";"24.86";"62";"941.16";"3640";"500";"";"";"";"-112";"-2.8";"8510";"1773507040738"
"3453";"2026-03-14 13:50:50";"24.86";"62";"941.1800000000001";"3660";"492";"";"";"";"-112";"-2.8";"8511";"1773507050729"
"3454";"2026-03-14 13:51:00";"24.86";"62";"941.14";"3660";"496";"";"";"";"-113";"-3.8";"8512";"1773507060738"
"3455";"2026-03-14 13:51:10";"24.85";"62";"941.14";"3660";"500";"";"";"";"-112";"-2.5";"8513";"1773507070727"
"3456";"2026-03-14 13:51:20";"24.85";"62";"941.12";"3660";"492";"";"";"";"-112";"-2.3";"8514";"1773507080733"
"3457";"2026-03-14 13:51:31";"24.85";"62";"941.16";"3640";"496";"";"";"";"-112";"-1";"8515";"1773507090728"
"3458";"2026-03-14 13:51:40";"24.85";"62";"941.14";"3660";"488";"";"";"";"-112";"-1.5";"8516";"1773507100734"
"3459";"2026-03-14 13:51:50";"24.85";"62";"941.16";"3680";"480";"";"";"";"-112";"-2.5";"8517";"1773507110731"
"3460";"2026-03-14 13:52:00";"24.85";"62";"941.14";"3640";"484";"";"";"";"-112";"-2.3";"8518";"1773507120731"
"3461";"2026-03-14 13:52:10";"24.84";"62";"941.16";"3660";"440";"";"";"";"-112";"-1.3";"8519";"1773507130734"
"3462";"2026-03-14 13:52:20";"24.84";"62";"941.14";"3640";"448";"";"";"";"-112";"-1";"8520";"1773507140732"
"3463";"2026-03-14 13:52:30";"24.84";"62";"941.1800000000001";"3680";"448";"";"";"";"-112";"-1.5";"8521";"1773507150736"
"3464";"2026-03-14 13:52:40";"24.84";"62";"941.1";"3640";"444";"";"";"";"-112";"-1.3";"8522";"1773507160736"
"3465";"2026-03-14 13:52:50";"24.84";"62";"941.16";"3660";"444";"";"";"";"-112";"-1.8";"8523";"1773507170728"
"3466";"2026-03-14 13:53:10";"24.83";"62";"941.14";"3680";"444";"";"";"";"-112";"-1.8";"8525";"1773507190731"
"3467";"2026-03-14 13:53:20";"24.83";"62";"941.14";"3640";"436";"";"";"";"-113";"-4.3";"8526";"1773507200718"
"3468";"2026-03-14 13:53:30";"24.82";"62";"941.12";"3640";"432";"";"";"";"-112";"-1.8";"8527";"1773507210727"
"3469";"2026-03-14 13:53:40";"24.82";"62";"941.12";"3660";"444";"";"";"";"-112";"-1.3";"8528";"1773507220741"
"3470";"2026-03-14 13:53:50";"24.82";"62";"941.14";"3660";"472";"";"";"";"-112";"-0.8";"8529";"1773507230728"
"3471";"2026-03-14 13:54:00";"24.82";"62";"941.14";"3640";"484";"";"";"";"-112";"-1.8";"8530";"1773507240730"
"3472";"2026-03-14 13:54:10";"24.82";"62";"941.14";"3640";"488";"";"";"";"-112";"-0.3";"8531";"1773507250731"
"3473";"2026-03-14 13:54:20";"24.82";"62";"941.16";"3680";"488";"";"";"";"-112";"-2";"8532";"1773507260731"
"3474";"2026-03-14 13:54:30";"24.82";"62";"941.14";"3660";"492";"";"";"";"-112";"-1.3";"8533";"1773507270734"
"3475";"2026-03-14 13:54:40";"24.81";"62";"941.16";"3660";"484";"";"";"";"-112";"-2";"8534";"1773507280715"
"3476";"2026-03-14 13:54:50";"24.82";"62";"941.16";"3680";"492";"";"";"";"-112";"-1.8";"8535";"1773507290732"
"3477";"2026-03-14 13:55:00";"24.81";"62";"941.16";"3680";"484";"";"";"";"-112";"-1.5";"8536";"1773507300728"
"3478";"2026-03-14 13:55:10";"24.81";"62";"941.14";"3640";"484";"";"";"";"-113";"-2.3";"8537";"1773507310736"
"3479";"2026-03-14 13:55:20";"24.81";"62";"941.14";"3660";"468";"";"";"";"-112";"-0.5";"8538";"1773507320723"
"3480";"2026-03-14 13:55:30";"24.81";"62";"941.12";"3660";"484";"";"";"";"-112";"-0.5";"8539";"1773507330730"
"3481";"2026-03-14 13:55:40";"24.81";"62";"941.14";"3660";"440";"";"";"";"-112";"-1.5";"8540";"1773507340730"
"3482";"2026-03-14 13:55:50";"24.81";"62";"941.12";"3640";"452";"";"";"";"-111";"-0.3";"8541";"1773507350727"
"3483";"2026-03-14 13:56:00";"24.8";"62";"941.12";"3640";"476";"";"";"";"-111";"0";"8542";"1773507360730"
"3484";"2026-03-14 13:56:10";"24.8";"62";"941.1";"3640";"484";"";"";"";"-112";"-2.3";"8543";"1773507370723"
"3485";"2026-03-14 13:56:20";"24.8";"62";"941.16";"3660";"476";"";"";"";"-113";"-2";"8544";"1773507380727"
"3486";"2026-03-14 13:56:30";"24.79";"62";"941.12";"3640";"480";"";"";"";"-111";"0";"8545";"1773507390728"
"3487";"2026-03-14 13:56:40";"24.79";"62";"941.12";"3640";"472";"";"";"";"-112";"-2.3";"8546";"1773507400731"
"3488";"2026-03-14 13:56:50";"24.79";"62";"941.12";"3640";"484";"";"";"";"-112";"-1.5";"8547";"1773507410730"
"3489";"2026-03-14 13:57:00";"24.79";"62";"941.12";"3660";"472";"";"";"";"-112";"-1";"8548";"1773507420724"
"3490";"2026-03-14 13:57:10";"24.79";"61.5";"941.12";"3680";"484";"";"";"";"-112";"-3.5";"8549";"1773507430736"
"3491";"2026-03-14 13:57:20";"24.79";"62";"941.0600000000001";"3640";"484";"";"";"";"-112";"-2.8";"8550";"1773507440722"
"3492";"2026-03-14 13:57:30";"24.79";"62";"941.12";"3660";"476";"";"";"";"-112";"-2.8";"8551";"1773507450730"
"3493";"2026-03-14 13:57:40";"24.78";"62";"941.0600000000001";"3660";"476";"";"";"";"-112";"-1.3";"8552";"1773507460725"
"3494";"2026-03-14 13:57:50";"24.78";"62";"941.1";"3660";"460";"";"";"";"-112";"-2.5";"8553";"1773507470742"
"3495";"2026-03-14 13:58:00";"24.78";"62";"941.08";"3660";"484";"";"";"";"-112";"-1.3";"8554";"1773507480727"
"3496";"2026-03-14 13:58:10";"24.78";"62";"941.0600000000001";"3640";"480";"";"";"";"-112";"-2.3";"8555";"1773507490731"
"3497";"2026-03-14 13:58:20";"24.77";"62";"941.02";"3640";"484";"";"";"";"-112";"-1.5";"8556";"1773507500719"
"3498";"2026-03-14 13:58:30";"24.77";"62";"941.04";"3660";"484";"";"";"";"-113";"-3.3";"8557";"1773507510737"
"3499";"2026-03-14 13:58:40";"24.77";"62";"941.04";"3680";"484";"";"";"";"-113";"-3.5";"8558";"1773507520742"
"3500";"2026-03-14 13:58:50";"24.76";"62";"941.0600000000001";"3660";"492";"";"";"";"-112";"-2.3";"8559";"1773507530724"
"3501";"2026-03-14 13:59:00";"24.77";"62";"941.08";"3660";"492";"";"";"";"-112";"-3.3";"8560";"1773507540720"
"3502";"2026-03-14 13:59:10";"24.77";"62";"941.04";"3660";"496";"";"";"";"-113";"-3.8";"8561";"1773507550734"
"3503";"2026-03-14 13:59:21";"24.76";"62";"941.0600000000001";"3680";"492";"";"";"";"-112";"-1.3";"8562";"1773507560878"
"3504";"2026-03-14 13:59:30";"24.76";"62";"941.04";"3640";"484";"";"";"";"-113";"-4";"8563";"1773507570718"
"3505";"2026-03-14 13:59:40";"24.76";"62";"941.04";"3640";"488";"";"";"";"-113";"-4.5";"8564";"1773507580729"
"3506";"2026-03-14 13:59:50";"24.76";"62";"941.02";"3640";"488";"";"";"";"-112";"-2.3";"8565";"1773507590732"
"3507";"2026-03-14 14:00:00";"24.76";"62";"941.04";"3660";"484";"";"";"";"-112";"-2.5";"8566";"1773507600725"
"3508";"2026-03-14 14:00:10";"24.75";"61.5";"941.02";"3640";"488";"";"";"";"-113";"-4.5";"8567";"1773507610739"
"3509";"2026-03-14 14:00:20";"24.76";"61.5";"941.04";"3660";"484";"";"";"";"-113";"-2.8";"8568";"1773507620724"
"3510";"2026-03-14 14:00:30";"24.75";"62";"941";"3640";"484";"";"";"";"-112";"-2";"8569";"1773507630792"
"3511";"2026-03-14 14:00:40";"24.76";"62";"941.02";"3660";"484";"";"";"";"-113";"-5";"8570";"1773507640734"
"3512";"2026-03-14 14:00:50";"24.75";"62";"941.02";"3660";"480";"";"";"";"-112";"-1.3";"8571";"1773507650729"
"3513";"2026-03-14 14:01:00";"24.75";"62";"941";"3640";"484";"";"";"";"-112";"-2";"8572";"1773507660728"
"3514";"2026-03-14 14:01:10";"24.75";"62";"940.98";"3640";"476";"";"";"";"-112";"-1.5";"8573";"1773507670738"
"3515";"2026-03-14 14:01:20";"24.75";"62";"941.02";"3640";"476";"";"";"";"-113";"-4.5";"8574";"1773507680729"
"3516";"2026-03-14 14:01:30";"24.74";"62";"941";"3640";"484";"";"";"";"-113";"-5.3";"8575";"1773507690724"
"3517";"2026-03-14 14:03:00";"24.73";"62";"941";"3680";"476";"";"";"";"-112";"-1.8";"8584";"1773507780727"
"3518";"2026-03-14 14:03:10";"24.73";"61.5";"940.98";"3660";"468";"";"";"";"-112";"-3";"8585";"1773507790727"
"3519";"2026-03-14 14:03:20";"24.73";"61.5";"940.96";"3680";"480";"";"";"";"-112";"-2.8";"8586";"1773507800738"
"3520";"2026-03-14 14:03:30";"24.73";"61.5";"940.98";"3660";"468";"";"";"";"-112";"-1.5";"8587";"1773507810736"
"3521";"2026-03-14 14:03:40";"24.73";"61.5";"940.98";"3680";"468";"";"";"";"-113";"-2.8";"8588";"1773507820733"
"3522";"2026-03-14 14:03:50";"24.72";"61.5";"940.96";"3660";"476";"";"";"";"-112";"-2";"8589";"1773507830731"
"3523";"2026-03-14 14:04:00";"24.72";"62";"940.98";"3660";"472";"";"";"";"-112";"-3.3";"8590";"1773507840729"
"3524";"2026-03-14 14:04:10";"24.72";"62";"940.96";"3640";"472";"";"";"";"-113";"-3.3";"8591";"1773507850740"
"3525";"2026-03-14 14:04:20";"24.72";"61.5";"940.98";"3640";"472";"";"";"";"-113";"-5.5";"8592";"1773507860736"
"3526";"2026-03-14 14:04:30";"24.72";"62";"940.96";"3660";"476";"";"";"";"-113";"-2.8";"8593";"1773507870719"
"3527";"2026-03-14 14:04:40";"24.72";"61.5";"940.94";"3640";"480";"";"";"";"-112";"-2";"8594";"1773507880719"
"3528";"2026-03-14 14:04:50";"24.71";"61.5";"940.94";"3660";"472";"";"";"";"-114";"-5.3";"8595";"1773507890726"
"3529";"2026-03-14 14:05:00";"24.72";"61.5";"940.9200000000001";"3680";"468";"";"";"";"-113";"-3.5";"8596";"1773507900716"
"3530";"2026-03-14 14:05:10";"24.72";"61.5";"940.9200000000001";"3640";"476";"";"";"";"-112";"-1.8";"8597";"1773507910730"
"3531";"2026-03-14 14:05:20";"24.71";"61.5";"940.9200000000001";"3660";"480";"";"";"";"-112";"-2";"8598";"1773507920731"
"3532";"2026-03-14 14:05:30";"24.71";"61.5";"940.9200000000001";"3660";"476";"";"";"";"-112";"-1";"8599";"1773507930733"
"3533";"2026-03-14 14:05:40";"24.71";"61.5";"940.86";"3660";"468";"";"";"";"-112";"-1.3";"8600";"1773507940745"
"3534";"2026-03-14 14:05:50";"24.71";"62";"940.88";"3660";"480";"";"";"";"-112";"-1";"8601";"1773507950721"
"3535";"2026-03-14 14:06:00";"24.71";"62";"940.88";"3680";"476";"";"";"";"-111";"-1";"8602";"1773507960716"
"3536";"2026-03-14 14:06:10";"24.71";"61.5";"940.88";"3680";"472";"";"";"";"-112";"-1.3";"8603";"1773507970718"
"3537";"2026-03-14 14:06:20";"24.71";"61.5";"940.9200000000001";"3660";"468";"";"";"";"-112";"-1.8";"8604";"1773507980731"
"3538";"2026-03-14 14:06:30";"24.71";"61.5";"940.9";"3680";"468";"";"";"";"-112";"-3.3";"8605";"1773507990729"
"3539";"2026-03-14 14:06:40";"24.71";"61.5";"940.9";"3660";"468";"";"";"";"-113";"-3.8";"8606";"1773508000787"
"3540";"2026-03-14 14:06:50";"24.71";"62";"940.9";"3660";"468";"";"";"";"-112";"-0.5";"8607";"1773508010728"
"3541";"2026-03-14 14:07:00";"24.71";"61.5";"940.9";"3680";"472";"";"";"";"-112";"-1.3";"8608";"1773508020734"
"3542";"2026-03-14 14:07:10";"24.71";"61.5";"940.9";"3660";"468";"";"";"";"-114";"-8.3";"8609";"1773508030723"
"3543";"2026-03-14 14:07:20";"24.7";"61.5";"940.9";"3640";"468";"";"";"";"-113";"-5";"8610";"1773508040735"
"3544";"2026-03-14 14:07:30";"24.7";"61.5";"940.9200000000001";"3660";"476";"";"";"";"-113";"-3.8";"8611";"1773508050726"
"3545";"2026-03-14 14:07:40";"24.7";"61.5";"940.9";"3660";"480";"";"";"";"-113";"-4.5";"8612";"1773508060721"
"3546";"2026-03-14 14:07:50";"24.7";"61.5";"940.9";"3640";"480";"";"";"";"-112";"-2.3";"8613";"1773508070730"
"3547";"2026-03-14 14:08:00";"24.7";"61.5";"940.9";"3640";"472";"";"";"";"-113";"-3.5";"8614";"1773508080723"
"3548";"2026-03-14 14:09:20";"24.69";"61.5";"940.9";"3660";"472";"";"";"";"-112";"-2.3";"8622";"1773508160722"
"3549";"2026-03-14 14:09:30";"24.69";"61.5";"940.9";"3680";"480";"";"";"";"-112";"-0.8";"8623";"1773508170727"
"3550";"2026-03-14 14:09:40";"24.69";"61.5";"940.9";"3640";"468";"";"";"";"-113";"-3.3";"8624";"1773508180733"
"3551";"2026-03-14 14:09:50";"24.69";"61.5";"940.9";"3640";"476";"";"";"";"-111";"-0.3";"8625";"1773508190723"
"3552";"2026-03-14 14:10:00";"24.69";"61.5";"940.88";"3640";"472";"";"";"";"-112";"-1.3";"8626";"1773508200721"
"3553";"2026-03-14 14:10:10";"24.68";"61.5";"940.9";"3660";"464";"";"";"";"-111";"0";"8627";"1773508210726"
"3554";"2026-03-14 14:10:20";"24.68";"61.5";"940.88";"3640";"472";"";"";"";"-112";"-0.8";"8628";"1773508220735"
"3555";"2026-03-14 14:10:30";"24.68";"61.5";"940.86";"3660";"472";"";"";"";"-112";"-1.3";"8629";"1773508230726"
"3556";"2026-03-14 14:10:40";"24.68";"61.5";"940.86";"3640";"428";"";"";"";"-112";"-1.3";"8630";"1773508240735"
"3557";"2026-03-14 14:10:50";"24.68";"61.5";"940.88";"3660";"436";"";"";"";"-112";"-0.8";"8631";"1773508250730"
"3558";"2026-03-14 14:11:00";"24.67";"61.5";"940.86";"3660";"428";"";"";"";"-112";"-1.8";"8632";"1773508260729"
"3559";"2026-03-14 14:11:10";"24.67";"61.5";"940.88";"3640";"428";"";"";"";"-112";"-1.8";"8633";"1773508270726"
"3560";"2026-03-14 14:11:20";"24.67";"61.5";"940.86";"3640";"428";"";"";"";"-112";"-1.5";"8634";"1773508280729"
"3561";"2026-03-14 14:11:30";"24.67";"61.5";"940.86";"3660";"436";"";"";"";"-112";"-1";"8635";"1773508290713"
"3562";"2026-03-14 14:11:40";"24.66";"61.5";"940.86";"3680";"468";"";"";"";"-112";"-1.8";"8636";"1773508300723"
"3563";"2026-03-14 14:11:50";"24.66";"61.5";"940.84";"3640";"464";"";"";"";"-112";"-1.3";"8637";"1773508310724"
"3564";"2026-03-14 14:12:00";"24.66";"61.5";"940.86";"3660";"460";"";"";"";"-112";"-1.5";"8638";"1773508320723"
"3565";"2026-03-14 14:12:10";"24.66";"61.5";"940.86";"3660";"464";"";"";"";"-111";"0";"8639";"1773508330714"
"3566";"2026-03-14 14:12:31";"24.66";"61.5";"940.88";"3660";"432";"";"";"";"-113";"-3";"8641";"1773508350731"
"3567";"2026-03-14 14:12:40";"24.65";"61.5";"940.88";"3640";"440";"";"";"";"-112";"-2.8";"8642";"1773508360731"
"3568";"2026-03-14 14:12:50";"24.65";"61.5";"940.9";"3700";"432";"";"";"";"-112";"-0.8";"8643";"1773508370737"
"3569";"2026-03-14 14:13:00";"24.65";"61.5";"940.86";"3640";"472";"";"";"";"-112";"-2";"8644";"1773508380731"
"3570";"2026-03-14 14:13:10";"24.65";"61.5";"940.86";"3640";"456";"";"";"";"-113";"-5.5";"8645";"1773508390730"
"3571";"2026-03-14 14:13:20";"24.64";"61.5";"940.88";"3660";"468";"";"";"";"-114";"-7.5";"8646";"1773508400731"
"3572";"2026-03-14 14:13:30";"24.65";"61.5";"940.88";"3660";"464";"";"";"";"-114";"-7.8";"8647";"1773508410720"
"3573";"2026-03-14 14:13:40";"24.64";"61.5";"940.88";"3660";"468";"";"";"";"-113";"-3.5";"8648";"1773508420718"
"3574";"2026-03-14 14:13:50";"24.64";"61.5";"940.86";"3640";"472";"";"";"";"-112";"-2.3";"8649";"1773508430734"
"3575";"2026-03-14 14:14:00";"24.64";"61.5";"940.88";"3640";"468";"";"";"";"-112";"-1.5";"8650";"1773508440722"
"3576";"2026-03-14 14:14:10";"24.64";"61.5";"940.88";"3640";"468";"";"";"";"-112";"-1.8";"8651";"1773508450730"
"3577";"2026-03-14 14:14:20";"24.63";"61.5";"940.88";"3660";"468";"";"";"";"-112";"-2";"8652";"1773508460734"
"3578";"2026-03-14 14:14:30";"24.63";"61.5";"940.88";"3640";"460";"";"";"";"-112";"-0.5";"8653";"1773508470724"
"3579";"2026-03-14 14:14:40";"24.63";"61.5";"940.88";"3680";"468";"";"";"";"-112";"-2.5";"8654";"1773508480725"
"3580";"2026-03-14 14:14:50";"24.62";"61.5";"940.9";"3640";"468";"";"";"";"-112";"-1.8";"8655";"1773508490728"
"3581";"2026-03-14 14:15:00";"24.62";"61.5";"940.88";"3680";"460";"";"";"";"-112";"-1.8";"8656";"1773508500721"
"3582";"2026-03-14 14:15:10";"24.62";"62";"940.86";"3640";"468";"";"";"";"-113";"-3";"8657";"1773508510726"
"3583";"2026-03-14 14:15:20";"24.62";"61.5";"940.86";"3640";"464";"";"";"";"-112";"-1.8";"8658";"1773508520724"
"3584";"2026-03-14 14:15:30";"24.62";"61.5";"940.86";"3640";"460";"";"";"";"-112";"-2.3";"8659";"1773508530714"
"3585";"2026-03-14 14:15:40";"24.61";"61.5";"940.84";"3640";"464";"";"";"";"-112";"-1.3";"8660";"1773508540722"
"3586";"2026-03-14 14:15:50";"24.61";"62";"940.84";"3660";"468";"";"";"";"-112";"-2.3";"8661";"1773508550726"
"3587";"2026-03-14 14:16:00";"24.6";"62";"940.82";"3660";"464";"";"";"";"-113";"-2.5";"8662";"1773508560728"
"3588";"2026-03-14 14:16:10";"24.6";"61.5";"940.84";"3640";"460";"";"";"";"-112";"-2.5";"8663";"1773508570734"
"3589";"2026-03-14 14:16:20";"24.6";"61.5";"940.8000000000001";"3680";"456";"";"";"";"-112";"-2.5";"8664";"1773508580736"
"3590";"2026-03-14 14:16:30";"24.6";"62";"940.82";"3640";"464";"";"";"";"-112";"-2.3";"8665";"1773508590730"
"3591";"2026-03-14 14:16:40";"24.59";"62";"940.8000000000001";"3660";"464";"";"";"";"-112";"-2.3";"8666";"1773508600733"
"3592";"2026-03-14 14:16:50";"24.59";"61.5";"940.8000000000001";"3640";"460";"";"";"";"-112";"-2";"8667";"1773508610724"
"3593";"2026-03-14 14:17:00";"24.59";"61.5";"940.82";"3660";"464";"";"";"";"-112";"-3.3";"8668";"1773508620716"
"3594";"2026-03-14 14:17:10";"24.58";"61.5";"940.8000000000001";"3640";"464";"";"";"";"-112";"-2.5";"8669";"1773508630729"
"3595";"2026-03-14 14:17:20";"24.58";"62";"940.8000000000001";"3640";"464";"";"";"";"-113";"-3.5";"8670";"1773508640735"
"3596";"2026-03-14 14:17:30";"24.58";"61.5";"940.82";"3640";"460";"";"";"";"-113";"-2.8";"8671";"1773508650725"
"3597";"2026-03-14 14:17:40";"24.58";"62";"940.8000000000001";"3660";"464";"";"";"";"-113";"-3";"8672";"1773508660725"
"3598";"2026-03-14 14:17:50";"24.58";"62";"940.82";"3640";"456";"";"";"";"-112";"-2";"8673";"1773508670724"
"3599";"2026-03-14 14:18:00";"24.57";"62";"940.8000000000001";"3640";"464";"";"";"";"-112";"-1.8";"8674";"1773508680729"
"3600";"2026-03-14 14:18:10";"24.57";"61.5";"940.8000000000001";"3640";"460";"";"";"";"-112";"-1.8";"8675";"1773508690731"
"3601";"2026-03-14 14:18:20";"24.57";"62";"940.82";"3640";"460";"";"";"";"-112";"-0.8";"8676";"1773508700737"
"3602";"2026-03-14 14:18:30";"24.56";"61.5";"940.78";"3680";"460";"";"";"";"-113";"-4.3";"8677";"1773508710716"
"3603";"2026-03-14 14:18:40";"24.57";"62";"940.82";"3640";"460";"";"";"";"-112";"-1.5";"8678";"1773508720729"
"3604";"2026-03-14 14:18:50";"24.57";"62";"940.78";"3660";"460";"";"";"";"-112";"-1.8";"8679";"1773508730721"
"3605";"2026-03-14 14:19:00";"24.56";"61.5";"940.82";"3660";"456";"";"";"";"-112";"-3.5";"8680";"1773508740723"
"3606";"2026-03-14 14:19:10";"24.56";"61.5";"940.8000000000001";"3660";"464";"";"";"";"-112";"-1.8";"8681";"1773508750730"
"3607";"2026-03-14 14:19:20";"24.56";"62";"940.8000000000001";"3680";"464";"";"";"";"-112";"-2.3";"8682";"1773508760729"
"3608";"2026-03-14 14:19:30";"24.56";"62";"940.78";"3680";"460";"";"";"";"-112";"-1.8";"8683";"1773508770778"
"3609";"2026-03-14 14:19:40";"24.56";"62";"940.8000000000001";"3660";"460";"";"";"";"-112";"-2";"8684";"1773508780726"
"3610";"2026-03-14 14:19:50";"24.56";"61.5";"940.76";"3660";"464";"";"";"";"-112";"-1.3";"8685";"1773508790726"
"3611";"2026-03-14 14:20:00";"24.55";"61.5";"940.78";"3660";"464";"";"";"";"-112";"-1.5";"8686";"1773508800716"
"3612";"2026-03-14 14:20:10";"24.55";"62";"940.76";"3660";"464";"";"";"";"-113";"-2.8";"8687";"1773508810718"
"3613";"2026-03-14 14:20:20";"24.56";"61.5";"940.78";"3640";"468";"";"";"";"-113";"-4.5";"8688";"1773508820727"
"3614";"2026-03-14 14:20:30";"24.56";"61.5";"940.8000000000001";"3680";"460";"";"";"";"-112";"-2.5";"8689";"1773508830723"
"3615";"2026-03-14 14:20:40";"24.56";"61.5";"940.8000000000001";"3660";"468";"";"";"";"-113";"-3.3";"8690";"1773508840729"
"3616";"2026-03-14 14:20:50";"24.56";"61.5";"940.74";"3660";"468";"";"";"";"-112";"-2.3";"8691";"1773508850721"
"3617";"2026-03-14 14:21:00";"24.56";"62";"940.78";"3640";"468";"";"";"";"-112";"-2.8";"8692";"1773508860726"
"3618";"2026-03-14 14:21:10";"24.56";"62";"940.82";"3640";"468";"";"";"";"-112";"-1.5";"8693";"1773508870721"
"3619";"2026-03-14 14:21:20";"24.56";"62";"940.74";"3680";"460";"";"";"";"-112";"-1.5";"8694";"1773508880726"
"3620";"2026-03-14 14:21:30";"24.56";"61.5";"940.78";"3680";"468";"";"";"";"-112";"-1.3";"8695";"1773508890719"
"3621";"2026-03-14 14:21:40";"24.56";"61.5";"940.74";"3640";"468";"";"";"";"-112";"-2.8";"8696";"1773508900730"
"3622";"2026-03-14 14:21:50";"24.56";"61.5";"940.78";"3680";"460";"";"";"";"-112";"-1.5";"8697";"1773508910735"
"3623";"2026-03-14 14:22:00";"24.56";"61.5";"940.74";"3660";"464";"";"";"";"-112";"-2.5";"8698";"1773508920728"
"3624";"2026-03-14 14:22:10";"24.56";"61.5";"940.72";"3640";"460";"";"";"";"-112";"-2.5";"8699";"1773508930726"
"3625";"2026-03-14 14:22:20";"24.57";"61.5";"940.76";"3700";"460";"";"";"";"-113";"-3.5";"8700";"1773508940715"
"3626";"2026-03-14 14:22:30";"24.57";"61.5";"940.76";"3660";"460";"";"";"";"-112";"-2";"8701";"1773508950722"
"3627";"2026-03-14 14:22:40";"24.57";"61.5";"940.78";"3640";"460";"";"";"";"-113";"-5.3";"8702";"1773508960731"
"3628";"2026-03-14 14:22:50";"24.57";"61.5";"940.76";"3680";"464";"";"";"";"-113";"-2.5";"8703";"1773508970721"
"3629";"2026-03-14 14:23:10";"24.58";"61.5";"940.76";"3640";"456";"";"";"";"-113";"-4";"8705";"1773508990723"
"3630";"2026-03-14 14:23:20";"24.58";"61.5";"940.78";"3640";"464";"";"";"";"-113";"-3.5";"8706";"1773509000718"
"3631";"2026-03-14 14:23:30";"24.59";"61.5";"940.78";"3660";"460";"";"";"";"-113";"-5";"8707";"1773509010719"
"3632";"2026-03-14 14:23:40";"24.59";"61.5";"940.72";"3660";"464";"";"";"";"-113";"-4";"8708";"1773509020735"
"3633";"2026-03-14 14:23:50";"24.58";"61.5";"940.74";"3660";"460";"";"";"";"-112";"-1.8";"8709";"1773509030730"
"3634";"2026-03-14 14:24:00";"24.59";"61.5";"940.76";"3640";"460";"";"";"";"-114";"-8.3";"8710";"1773509040728"
"3635";"2026-03-14 14:24:10";"24.59";"61.5";"940.74";"3640";"460";"";"";"";"-113";"-6";"8711";"1773509050726"
"3636";"2026-03-14 14:24:20";"24.6";"61.5";"940.76";"3660";"460";"";"";"";"-113";"-4.5";"8712";"1773509060729"
"3637";"2026-03-14 14:24:30";"24.6";"61.5";"940.74";"3640";"456";"";"";"";"-113";"-4.8";"8713";"1773509070724"
"3638";"2026-03-14 14:24:41";"24.6";"61.5";"940.74";"3660";"420";"";"";"";"-114";"-8.3";"8714";"1773509080716"
"3639";"2026-03-14 14:24:50";"24.61";"61.5";"940.72";"3680";"424";"";"";"";"-113";"-4.5";"8715";"1773509090718"
"3640";"2026-03-14 14:25:00";"24.61";"61.5";"940.7";"3660";"448";"";"";"";"-113";"-3.3";"8716";"1773509100720"
"3641";"2026-03-14 14:25:30";"24.63";"61.5";"940.7";"3660";"456";"";"";"";"-112";"-1.5";"8719";"1773509130658"
"3642";"2026-03-14 14:25:40";"24.62";"61.5";"940.6800000000001";"3640";"436";"";"";"";"-112";"-1.5";"8720";"1773509140679"
"3643";"2026-03-14 14:25:50";"24.63";"61.5";"940.74";"3660";"424";"";"";"";"-112";"-1.2999999523162842";"8721";"1773509150654"
"3644";"2026-03-14 14:26:00";"24.63";"61.5";"940.72";"3640";"424";"";"";"";"-112";"-2.799999952316284";"8722";"1773509160673"
"3645";"2026-03-14 14:26:10";"24.63";"61.5";"940.7";"3640";"416";"";"";"";"-113";"-2.799999952316284";"8723";"1773509170648"
"3646";"2026-03-14 14:26:20";"24.64";"61.5";"940.6800000000001";"3640";"416";"";"";"";"-113";"-2.5";"8724";"1773509180647"
"3647";"2026-03-14 14:26:30";"24.64";"61.5";"940.7";"3640";"412";"";"";"";"-113";"-5.300000190734863";"8725";"1773509190677"
"3648";"2026-03-14 14:26:40";"24.64";"61.5";"940.72";"3660";"416";"";"";"";"-114";"-6.800000190734863";"8726";"1773509200676"
"3649";"2026-03-14 14:27:00";"24.65";"61.5";"940.72";"3640";"444";"";"";"";"-114";"-6.300000190734863";"8728";"1773509220684"
"3650";"2026-03-14 14:27:10";"24.65";"61.5";"940.7";"3640";"452";"";"";"";"-115";"-8.5";"8729";"1773509230673"
"3651";"2026-03-14 14:27:50";"24.67";"61.5";"940.7";"3640";"456";"";"";"";"-114";"-7.5";"8733";"1773509270680"
"3652";"2026-03-14 14:28:10";"24.68";"61.5";"940.7";"3660";"456";"";"";"";"-114";"-6";"8735";"1773509290678"
"3653";"2026-03-14 14:28:20";"24.68";"61.5";"940.6800000000001";"3640";"448";"";"";"";"-113";"-5.800000190734863";"8736";"1773509300680"
"3654";"2026-03-14 14:28:30";"24.68";"61.5";"940.7";"3640";"456";"";"";"";"-114";"-5.800000190734863";"8737";"1773509310673"
"3655";"2026-03-14 14:28:40";"24.69";"61.5";"940.6800000000001";"3640";"452";"";"";"";"-113";"-3.299999952316284";"8738";"1773509320698"
"3656";"2026-03-14 14:28:50";"24.69";"61.5";"940.66";"3660";"452";"";"";"";"-113";"-3.299999952316284";"8739";"1773509330688"
"3657";"2026-03-14 14:29:00";"24.69";"61.5";"940.66";"3660";"456";"";"";"";"-113";"-2";"8740";"1773509340682"
"3658";"2026-03-14 14:29:10";"24.69";"61.5";"940.64";"3640";"444";"";"";"";"-112";"-2.299999952316284";"8741";"1773509350679"
"3659";"2026-03-14 14:29:20";"24.7";"61.5";"940.66";"3640";"444";"";"";"";"-113";"-3.5";"8742";"1773509360674"
"3660";"2026-03-14 14:29:30";"24.7";"61.5";"940.62";"3660";"448";"";"";"";"-112";"-2.5";"8743";"1773509370673"
"3661";"2026-03-14 14:29:40";"24.71";"61.5";"940.64";"3640";"444";"";"";"";"-113";"-3";"8744";"1773509380678"
"3662";"2026-03-14 14:29:50";"24.71";"61.5";"940.62";"3660";"448";"";"";"";"-113";"-3";"8745";"1773509390672"
"3663";"2026-03-14 14:30:00";"24.72";"61.5";"940.64";"3680";"452";"";"";"";"-112";"-1.7999999523162842";"8746";"1773509400675"
"3664";"2026-03-14 14:30:10";"24.72";"61.5";"940.64";"3640";"448";"";"";"";"-112";"-2.799999952316284";"8747";"1773509410638"
"3665";"2026-03-14 14:30:20";"24.72";"61.5";"940.62";"3660";"444";"";"";"";"-112";"-2.299999952316284";"8748";"1773509420683"
"3666";"2026-03-14 14:30:30";"24.73";"61.5";"940.64";"3660";"452";"";"";"";"-113";"-4.300000190734863";"8749";"1773509430681"
"3667";"2026-03-14 14:30:40";"24.74";"61";"940.64";"3680";"448";"";"";"";"-113";"-3";"8750";"1773509440686"
"3668";"2026-03-14 14:30:50";"24.74";"61.5";"940.6";"3680";"452";"";"";"";"-113";"-4";"8751";"1773509450663"
"3669";"2026-03-14 14:31:00";"24.74";"61";"940.64";"3640";"440";"";"";"";"-113";"-4";"8752";"1773509460675"
"3670";"2026-03-14 14:31:10";"24.75";"61";"940.62";"3640";"452";"";"";"";"-113";"-5.300000190734863";"8753";"1773509470677"
"3671";"2026-03-14 14:31:20";"24.75";"61.5";"940.58";"3640";"440";"";"";"";"-113";"-2.5";"8754";"1773509480673"
"3672";"2026-03-14 14:31:30";"24.75";"61";"940.6";"3640";"444";"";"";"";"-113";"-2.799999952316284";"8755";"1773509490638"
"3673";"2026-03-14 14:31:40";"24.76";"61";"940.58";"3640";"428";"";"";"";"-113";"-2";"8756";"1773509500681"
"3674";"2026-03-14 14:31:50";"24.76";"61";"940.6";"3640";"412";"";"";"";"-113";"-3.5";"8757";"1773509510636"
"3675";"2026-03-14 14:32:10";"24.77";"61";"940.62";"3660";"416";"";"";"";"-114";"-8.300000190734863";"8759";"1773509530677"
"3676";"2026-03-14 14:32:20";"24.78";"61";"940.64";"3660";"408";"";"";"";"-113";"-4.800000190734863";"8760";"1773509540640"
"3677";"2026-03-14 14:32:30";"24.78";"61";"940.6";"3660";"424";"";"";"";"-114";"-6.800000190734863";"8761";"1773509550665"
"3678";"2026-03-14 14:32:40";"24.79";"61";"940.64";"3660";"436";"";"";"";"-114";"-4.800000190734863";"8762";"1773509560673"
"3679";"2026-03-14 14:32:50";"24.79";"61";"940.58";"3640";"416";"";"";"";"-114";"-4.800000190734863";"8763";"1773509570679"
"3680";"2026-03-14 14:33:00";"24.8";"61";"940.62";"3640";"420";"";"";"";"-112";"-2.299999952316284";"8764";"1773509580675"
"3681";"2026-03-14 14:33:10";"24.79";"61";"940.62";"3640";"432";"";"";"";"-114";"-4.800000190734863";"8765";"1773509590687"
"3682";"2026-03-14 14:33:20";"24.8";"61";"940.62";"3640";"440";"";"";"";"-113";"-4.5";"8766";"1773509600667"
"3683";"2026-03-14 14:33:30";"24.8";"61";"940.64";"3640";"428";"";"";"";"-113";"-3.299999952316284";"8767";"1773509610668"
"3684";"2026-03-14 14:33:40";"24.81";"61";"940.64";"3680";"448";"";"";"";"-113";"-3.799999952316284";"8768";"1773509620683"
"3685";"2026-03-14 14:33:50";"24.82";"61";"940.62";"3640";"428";"";"";"";"-114";"-7.5";"8769";"1773509630644"
"3686";"2026-03-14 14:34:00";"24.82";"61";"940.62";"3660";"416";"";"";"";"-114";"-5.800000190734863";"8770";"1773509640662"
"3687";"2026-03-14 14:34:10";"24.82";"61";"940.64";"3640";"412";"";"";"";"-113";"-3.799999952316284";"8771";"1773509650673"
"3688";"2026-03-14 14:34:20";"24.82";"61";"940.62";"3660";"416";"";"";"";"-114";"-7.300000190734863";"8772";"1773509660682"
"3689";"2026-03-14 14:34:30";"24.83";"61";"940.62";"3640";"408";"";"";"";"-113";"-4.300000190734863";"8773";"1773509670669"
"3690";"2026-03-14 14:34:40";"24.83";"61";"940.6";"3680";"416";"";"";"";"-114";"-7";"8774";"1773509680701"
"3691";"2026-03-14 14:34:50";"24.84";"61";"940.62";"3640";"408";"";"";"";"-113";"-3.5";"8775";"1773509690680"
"3692";"2026-03-14 14:35:00";"24.84";"61";"940.62";"3660";"416";"";"";"";"-113";"-5.300000190734863";"8776";"1773509700678"
"3693";"2026-03-14 14:35:10";"24.84";"61";"940.64";"3680";"416";"";"";"";"-112";"-1.5";"8777";"1773509710676"
"3694";"2026-03-14 14:35:20";"24.85";"61";"940.62";"3680";"412";"";"";"";"-113";"-3.5";"8778";"1773509720676"
"3695";"2026-03-14 14:35:30";"24.85";"61";"940.6";"3640";"408";"";"";"";"-113";"-3.799999952316284";"8779";"1773509730673"
"3696";"2026-03-14 14:35:40";"24.85";"61";"940.64";"3640";"416";"";"";"";"-113";"-3.5";"8780";"1773509740678"
"3697";"2026-03-14 14:35:50";"24.86";"61";"940.64";"3660";"416";"";"";"";"-112";"-3.299999952316284";"8781";"1773509750669"
"3698";"2026-03-14 14:36:00";"24.86";"61";"940.64";"3640";"416";"";"";"";"-112";"-2.299999952316284";"8782";"1773509760674"
"3699";"2026-03-14 14:36:10";"24.87";"61";"940.64";"3640";"416";"";"";"";"-113";"-4.300000190734863";"8783";"1773509770670"
"3700";"2026-03-14 14:36:20";"24.87";"61";"940.62";"3660";"420";"";"";"";"-113";"-3";"8784";"1773509780669"
"3701";"2026-03-14 14:36:30";"24.88";"61";"940.6";"3640";"436";"";"";"";"-112";"-2.299999952316284";"8785";"1773509790678"
"3702";"2026-03-14 14:36:40";"24.88";"61";"940.62";"3640";"436";"";"";"";"-112";"-2";"8786";"1773509800669"
"3703";"2026-03-14 14:36:50";"24.88";"61";"940.6";"3640";"440";"";"";"";"-112";"-1.7999999523162842";"8787";"1773509810666"
"3704";"2026-03-14 14:37:00";"24.88";"61";"940.62";"3640";"440";"";"";"";"-112";"-2";"8788";"1773509820676"
"3705";"2026-03-14 14:37:10";"24.89";"61";"940.62";"3640";"444";"";"";"";"-113";"-3";"8789";"1773509830672"
"3706";"2026-03-14 14:37:20";"24.89";"61";"940.58";"3640";"444";"";"";"";"-113";"-3.299999952316284";"8790";"1773509840670"
"3707";"2026-03-14 14:37:30";"24.89";"61";"940.6";"3640";"440";"";"";"";"-113";"-3";"8791";"1773509850667"
"3708";"2026-03-14 14:37:40";"24.9";"61";"940.6";"3660";"444";"";"";"";"-113";"-2.799999952316284";"8792";"1773509860670"
"3709";"2026-03-14 14:37:50";"24.9";"61";"940.58";"3660";"436";"";"";"";"-113";"-3.299999952316284";"8793";"1773509870681"
"3710";"2026-03-14 14:38:00";"24.9";"61";"940.6";"3660";"436";"";"";"";"-113";"-3";"8794";"1773509880668"
"3711";"2026-03-14 14:38:10";"24.91";"61";"940.5600000000001";"3640";"436";"";"";"";"-113";"-3.5";"8795";"1773509890676"
"3712";"2026-03-14 14:38:20";"24.91";"61";"940.58";"3660";"436";"";"";"";"-113";"-3.299999952316284";"8796";"1773509900671"
"3713";"2026-03-14 14:38:30";"24.92";"61";"940.58";"3640";"440";"";"";"";"-112";"-1.2999999523162842";"8797";"1773509910673"
"3714";"2026-03-14 14:38:40";"24.92";"61";"940.5600000000001";"3640";"432";"";"";"";"-112";"-2.299999952316284";"8798";"1773509920679"
"3715";"2026-03-14 14:38:50";"24.92";"61";"940.5600000000001";"3640";"440";"";"";"";"-113";"-4.300000190734863";"8799";"1773509930669"
"3716";"2026-03-14 14:39:00";"24.93";"61";"940.5600000000001";"3660";"436";"";"";"";"-113";"-3.799999952316284";"8800";"1773509940677"
"3717";"2026-03-14 14:39:10";"24.93";"61";"940.58";"3660";"440";"";"";"";"-113";"-4.5";"8801";"1773509950673"
"3718";"2026-03-14 14:39:20";"24.94";"61";"940.6";"3640";"440";"";"";"";"-113";"-3.799999952316284";"8802";"1773509960634"
"3719";"2026-03-14 14:39:30";"24.95";"61";"940.5600000000001";"3660";"440";"";"";"";"-113";"-4";"8803";"1773509970675"
"3720";"2026-03-14 14:39:40";"24.95";"61";"940.5600000000001";"3620";"440";"";"";"";"-112";"-3";"8804";"1773509980683"
"3721";"2026-03-14 14:39:50";"24.95";"61";"940.5600000000001";"3640";"432";"";"";"";"-113";"-2.799999952316284";"8805";"1773509990675"
"3722";"2026-03-14 14:40:00";"24.95";"61";"940.52";"3660";"440";"";"";"";"-113";"-3.299999952316284";"8806";"1773510000698"
"3723";"2026-03-14 14:40:10";"24.96";"61";"940.5";"3660";"432";"";"";"";"-113";"-3.299999952316284";"8807";"1773510010676"
"3724";"2026-03-14 14:40:20";"24.96";"61";"940.54";"3660";"432";"";"";"";"-112";"-0.800000011920929";"8808";"1773510020673"
"3725";"2026-03-14 14:40:30";"24.96";"61";"940.5";"3640";"440";"";"";"";"-112";"-1";"8809";"1773510030677"
"3726";"2026-03-14 14:40:40";"24.97";"61";"940.52";"3640";"436";"";"";"";"-112";"-1.5";"8810";"1773510040671"
"3727";"2026-03-14 14:40:50";"24.97";"61";"940.5";"3640";"432";"";"";"";"-112";"-0.800000011920929";"8811";"1773510050681"
"3728";"2026-03-14 14:41:00";"24.98";"61";"940.52";"3660";"436";"";"";"";"-113";"-5";"8812";"1773510060678"
"3729";"2026-03-14 14:41:10";"24.98";"61";"940.5";"3660";"440";"";"";"";"-113";"-3.5";"8813";"1773510070672"
"3730";"2026-03-14 14:41:20";"24.99";"61";"940.5";"3660";"428";"";"";"";"-112";"-2.299999952316284";"8814";"1773510080646"
"3731";"2026-03-14 14:41:30";"24.99";"61";"940.48";"3660";"432";"";"";"";"-113";"-2.799999952316284";"8815";"1773510090675"
"3732";"2026-03-14 14:41:40";"24.99";"60.5";"940.5";"3660";"436";"";"";"";"-113";"-4.300000190734863";"8816";"1773510100638"
"3733";"2026-03-14 14:41:50";"24.99";"61";"940.48";"3620";"436";"";"";"";"-112";"-3";"8817";"1773510110715"
"3734";"2026-03-14 14:42:00";"25";"60.5";"940.5";"3660";"436";"";"";"";"-112";"-2.5";"8818";"1773510120667"
"3735";"2026-03-14 14:42:10";"25";"61";"940.48";"3660";"432";"";"";"";"-113";"-4";"8819";"1773510130645"
"3736";"2026-03-14 14:42:20";"25.01";"60.5";"940.48";"3640";"432";"";"";"";"-114";"-5.5";"8820";"1773510140669"
"3737";"2026-03-14 14:42:30";"25.01";"60.5";"940.48";"3640";"436";"";"";"";"-113";"-5.300000190734863";"8821";"1773510150638"
"3738";"2026-03-14 14:42:40";"25.02";"60.5";"940.52";"3660";"432";"";"";"";"-113";"-5.5";"8822";"1773510160668"
"3739";"2026-03-14 14:42:50";"25.02";"61";"940.5";"3640";"432";"";"";"";"-113";"-4.800000190734863";"8823";"1773510170688"
"3740";"2026-03-14 14:43:00";"25.03";"60.5";"940.46";"3660";"436";"";"";"";"-113";"-3";"8824";"1773510180662"
"3741";"2026-03-14 14:43:10";"25.02";"60.5";"940.48";"3660";"436";"";"";"";"-113";"-5.300000190734863";"8825";"1773510190671"
"3742";"2026-03-14 14:43:20";"25.03";"60.5";"940.48";"3660";"432";"";"";"";"-114";"-7.300000190734863";"8826";"1773510200668"
"3743";"2026-03-14 14:43:30";"25.03";"60.5";"940.48";"3640";"432";"";"";"";"-113";"-5.300000190734863";"8827";"1773510210677"
"3744";"2026-03-14 14:43:40";"25.04";"60.5";"940.48";"3640";"432";"";"";"";"-114";"-6.300000190734863";"8828";"1773510220669"
"3745";"2026-03-14 14:43:50";"25.04";"60.5";"940.48";"3660";"428";"";"";"";"-113";"-4.300000190734863";"8829";"1773510230647"
"3746";"2026-03-14 14:44:00";"25.04";"60.5";"940.46";"3640";"432";"";"";"";"-113";"-2.799999952316284";"8830";"1773510240670"
"3747";"2026-03-14 14:44:10";"25.05";"60.5";"940.5";"3620";"432";"";"";"";"-112";"-1.7999999523162842";"8831";"1773510250671"
"3748";"2026-03-14 14:44:20";"25.05";"60.5";"940.48";"3640";"428";"";"";"";"-112";"-0.800000011920929";"8832";"1773510260644"
"3749";"2026-03-14 14:44:30";"25.05";"60.5";"940.5";"3660";"428";"";"";"";"-112";"-0.5";"8833";"1773510270673"
"3750";"2026-03-14 14:44:40";"25.06";"60.5";"940.48";"3660";"432";"";"";"";"-113";"-4.5";"8834";"1773510280669"
"3751";"2026-03-14 14:44:50";"25.06";"60.5";"940.46";"3640";"428";"";"";"";"-113";"-3.299999952316284";"8835";"1773510290677"
"3752";"2026-03-14 14:45:00";"25.07";"60.5";"940.52";"3660";"436";"";"";"";"-112";"-2.299999952316284";"8836";"1773510300675"
"3753";"2026-03-14 14:45:10";"25.07";"60.5";"940.48";"3660";"432";"";"";"";"-112";"-2.299999952316284";"8837";"1773510310664"
"3754";"2026-03-14 14:45:20";"25.07";"60.5";"940.46";"3640";"436";"";"";"";"-113";"-3";"8838";"1773510320669"
"3755";"2026-03-14 14:45:30";"25.07";"60.5";"940.5";"3660";"432";"";"";"";"-112";"-1.5";"8839";"1773510330674"
"3756";"2026-03-14 14:45:40";"25.08";"60.5";"940.48";"3660";"428";"";"";"";"-113";"-2";"8840";"1773510340672"
"3757";"2026-03-14 14:45:50";"25.07";"60.5";"940.5";"3640";"432";"";"";"";"-112";"-2";"8841";"1773510350683"
"3758";"2026-03-14 14:46:00";"25.08";"60.5";"940.48";"3620";"432";"";"";"";"-112";"-1.7999999523162842";"8842";"1773510360682"
"3759";"2026-03-14 14:46:10";"25.09";"60.5";"940.48";"3660";"432";"";"";"";"-112";"-2.799999952316284";"8843";"1773510370671"
"3760";"2026-03-14 14:46:20";"25.09";"60.5";"940.52";"3640";"428";"";"";"";"-113";"-4";"8844";"1773510380678"
"3761";"2026-03-14 14:46:30";"25.1";"60.5";"940.48";"3640";"432";"";"";"";"-113";"-3.299999952316284";"8845";"1773510390658"
"3762";"2026-03-14 14:46:40";"25.09";"60.5";"940.48";"3660";"428";"";"";"";"-113";"-4";"8846";"1773510400666"
"3763";"2026-03-14 14:46:50";"25.1";"60.5";"940.52";"3660";"432";"";"";"";"-113";"-3.799999952316284";"8847";"1773510410671"
"3764";"2026-03-14 14:47:00";"25.1";"60.5";"940.5";"3640";"424";"";"";"";"-113";"-3.5";"8848";"1773510420663"
"3765";"2026-03-14 14:47:10";"25.11";"60.5";"940.48";"3640";"432";"";"";"";"-113";"-2.5";"8849";"1773510430674"
"3766";"2026-03-14 14:47:20";"25.11";"60.5";"940.46";"3640";"432";"";"";"";"-112";"-2";"8850";"1773510440664"
"3767";"2026-03-14 14:47:30";"25.11";"60.5";"940.44";"3620";"432";"";"";"";"-113";"-2.5";"8851";"1773510450665"
"3768";"2026-03-14 14:47:40";"25.12";"60.5";"940.48";"3640";"424";"";"";"";"-113";"-3";"8852";"1773510460668"
"3769";"2026-03-14 14:47:50";"25.12";"60.5";"940.44";"3660";"432";"";"";"";"-113";"-4";"8853";"1773510470678"
"3770";"2026-03-14 14:48:00";"25.13";"60.5";"940.46";"3640";"424";"";"";"";"-113";"-3.299999952316284";"8854";"1773510480678"
"3771";"2026-03-14 14:48:10";"25.13";"60.5";"940.4200000000001";"3640";"424";"";"";"";"-113";"-2.5";"8855";"1773510490677"
"3772";"2026-03-14 14:48:20";"25.13";"60.5";"940.44";"3660";"432";"";"";"";"-113";"-3.799999952316284";"8856";"1773510500674"
"3773";"2026-03-14 14:48:30";"25.13";"60.5";"940.46";"3660";"424";"";"";"";"-113";"-4";"8857";"1773510510673"
"3774";"2026-03-14 14:48:40";"25.13";"60.5";"940.46";"3660";"424";"";"";"";"-112";"-1.7999999523162842";"8858";"1773510520678"
"3775";"2026-03-14 14:48:50";"25.13";"60.5";"940.4200000000001";"3660";"432";"";"";"";"-113";"-3";"8859";"1773510530643"
"3776";"2026-03-14 14:49:00";"25.14";"60.5";"940.44";"3640";"428";"";"";"";"-113";"-3.299999952316284";"8860";"1773510540678"
"3777";"2026-03-14 14:49:10";"25.14";"60.5";"940.44";"3660";"432";"";"";"";"-113";"-4";"8861";"1773510550668"
"3778";"2026-03-14 14:49:20";"25.14";"60.5";"940.44";"3640";"428";"";"";"";"-113";"-3.799999952316284";"8862";"1773510560669"
"3779";"2026-03-14 14:49:30";"25.14";"60.5";"940.4200000000001";"3620";"432";"";"";"";"-113";"-3";"8863";"1773510570645"
"3780";"2026-03-14 14:49:40";"25.14";"60.5";"940.4200000000001";"3660";"432";"";"";"";"-114";"-8.300000190734863";"8864";"1773510580674"
"3781";"2026-03-14 14:49:50";"25.13";"60.5";"940.4200000000001";"3640";"432";"";"";"";"-114";"-6.800000190734863";"8865";"1773510590674"
"3782";"2026-03-14 14:50:00";"25.14";"60.5";"940.4200000000001";"3640";"424";"";"";"";"-113";"-4.300000190734863";"8866";"1773510600678"
"3783";"2026-03-14 14:50:10";"25.14";"60.5";"940.44";"3640";"424";"";"";"";"-113";"-3.799999952316284";"8867";"1773510610662"
"3784";"2026-03-14 14:50:20";"25.14";"60.5";"940.46";"3620";"424";"";"";"";"-114";"-7.300000190734863";"8868";"1773510620673"
"3785";"2026-03-14 14:50:30";"25.14";"60.5";"940.4200000000001";"3640";"432";"";"";"";"-113";"-4";"8869";"1773510630671"
"3786";"2026-03-14 14:50:40";"25.14";"60.5";"940.44";"3640";"432";"";"";"";"-113";"-5";"8870";"1773510640664"
"3787";"2026-03-14 14:51:00";"25.13";"60.5";"940.44";"3660";"428";"";"";"";"-113";"-3.5";"8872";"1773510660677"
"3788";"2026-03-14 14:51:10";"25.13";"60.5";"940.44";"3680";"428";"";"";"";"-113";"-3.799999952316284";"8873";"1773510670671"
"3789";"2026-03-14 14:51:20";"25.13";"60.5";"940.4";"3640";"432";"";"";"";"-112";"-2.299999952316284";"8874";"1773510680675"
"3790";"2026-03-14 14:51:30";"25.13";"60.5";"940.46";"3620";"432";"";"";"";"-112";"-3";"8875";"1773510690664"
"3791";"2026-03-14 14:51:50";"25.13";"60.5";"940.4200000000001";"3640";"424";"";"";"";"-114";"-7.800000190734863";"8877";"1773510710671"
"3792";"2026-03-14 14:52:00";"25.12";"60.5";"940.44";"3640";"432";"";"";"";"-113";"-5";"8878";"1773510720665"
"3793";"2026-03-14 14:52:10";"25.12";"60.5";"940.46";"3640";"424";"";"";"";"-113";"-3.5";"8879";"1773510730666"
"3794";"2026-03-14 14:52:20";"25.12";"60.5";"940.44";"3640";"428";"";"";"";"-113";"-3.799999952316284";"8880";"1773510740672"
"3795";"2026-03-14 14:52:30";"25.11";"60.5";"940.44";"3620";"432";"";"";"";"-112";"-0.800000011920929";"8881";"1773510750677"
"3796";"2026-03-14 14:52:40";"25.1";"60.5";"940.4";"3620";"432";"";"";"";"-113";"-5";"8882";"1773510760671"
"3797";"2026-03-14 14:52:50";"25.11";"60.5";"940.4200000000001";"3660";"436";"";"";"";"-112";"-2";"8883";"1773510770674"
"3798";"2026-03-14 14:53:00";"25.1";"60.5";"940.4200000000001";"3640";"432";"";"";"";"-112";"-1.2999999523162842";"8884";"1773510780667"
"3799";"2026-03-14 14:53:10";"25.09";"60.5";"940.4200000000001";"3660";"432";"";"";"";"-113";"-3.5";"8885";"1773510790712"
"3800";"2026-03-14 14:53:20";"25.09";"60.5";"940.4";"3620";"428";"";"";"";"-112";"-1";"8886";"1773510800677"
"3801";"2026-03-14 14:53:30";"25.08";"60.5";"940.4200000000001";"3660";"432";"";"";"";"-114";"-6.800000190734863";"8887";"1773510810662"
"3802";"2026-03-14 14:53:40";"25.08";"60.5";"940.4200000000001";"3680";"428";"";"";"";"-113";"-3";"8888";"1773510820669"
"3803";"2026-03-14 14:53:50";"25.08";"60.5";"940.44";"3660";"428";"";"";"";"-112";"-2.5";"8889";"1773510830673"
"3804";"2026-03-14 14:54:00";"25.07";"60.5";"940.4";"3660";"428";"";"";"";"-113";"-5.300000190734863";"8890";"1773510840670"
"3805";"2026-03-14 14:54:10";"25.07";"60.5";"940.4200000000001";"3660";"428";"";"";"";"-113";"-2.5";"8891";"1773510850675"
"3806";"2026-03-14 14:54:20";"25.06";"60.5";"940.4";"3660";"436";"";"";"";"-113";"-3.5";"8892";"1773510860644"
"3807";"2026-03-14 14:54:30";"25.06";"60.5";"940.44";"3640";"436";"";"";"";"-113";"-3.299999952316284";"8893";"1773510870672"
"3808";"2026-03-14 14:54:40";"25.06";"60.5";"940.44";"3660";"436";"";"";"";"-113";"-4";"8894";"1773510880672"
"3809";"2026-03-14 14:54:50";"25.05";"60.5";"940.4200000000001";"3620";"428";"";"";"";"-113";"-3";"8895";"1773510890645"
"3810";"2026-03-14 14:55:00";"25.04";"60.5";"940.4200000000001";"3640";"432";"";"";"";"-113";"-4.800000190734863";"8896";"1773510900673"
"3811";"2026-03-14 14:55:10";"25.04";"60.5";"940.44";"3640";"428";"";"";"";"-112";"-1";"8897";"1773510910819"
"3812";"2026-03-14 14:55:20";"25.03";"60.5";"940.46";"3640";"432";"";"";"";"-113";"-3.5";"8898";"1773510920663"
"3813";"2026-03-14 14:55:30";"25.03";"60.5";"940.46";"3640";"428";"";"";"";"-114";"-8.5";"8899";"1773510930631"
"3814";"2026-03-14 14:55:40";"25.02";"60.5";"940.48";"3660";"436";"";"";"";"-114";"-7";"8900";"1773510940665"
"3815";"2026-03-14 14:55:50";"25.02";"60.5";"940.46";"3660";"432";"";"";"";"-113";"-3.799999952316284";"8901";"1773510950674"
"3816";"2026-03-14 14:56:00";"25.01";"61";"940.46";"3620";"432";"";"";"";"-113";"-5.300000190734863";"8902";"1773510960672"
"3817";"2026-03-14 14:56:10";"25";"60.5";"940.46";"3640";"428";"";"";"";"-114";"-6.300000190734863";"8903";"1773510970666"
"3818";"2026-03-14 14:56:20";"25";"61";"940.44";"3640";"436";"";"";"";"-114";"-8";"8904";"1773510980666"
"3819";"2026-03-14 14:57:10";"24.98";"61";"940.44";"3640";"432";"";"";"";"-114";"-9";"8909";"1773511030672"
"3820";"2026-03-14 14:57:20";"24.97";"61";"940.4200000000001";"3640";"428";"";"";"";"-114";"-6.5";"8910";"1773511040664"
"3821";"2026-03-14 14:57:30";"24.97";"61";"940.46";"3640";"436";"";"";"";"-114";"-6.5";"8911";"1773511050669"
"3822";"2026-03-14 14:57:40";"24.96";"61";"940.48";"3640";"436";"";"";"";"-113";"-6";"8912";"1773511060639"
"3823";"2026-03-14 14:57:50";"24.95";"61";"940.44";"3660";"436";"";"";"";"-113";"-3.5";"8913";"1773511070657"
"3824";"2026-03-14 14:58:00";"24.96";"61";"940.46";"3660";"428";"";"";"";"-114";"-6";"8914";"1773511080695"
"3825";"2026-03-14 14:58:10";"24.95";"61";"940.46";"3640";"436";"";"";"";"-113";"-3.5";"8915";"1773511090671"
"3826";"2026-03-14 14:58:20";"24.94";"61";"940.44";"3660";"432";"";"";"";"-113";"-4";"8916";"1773511100671"
"3827";"2026-03-14 14:58:30";"24.94";"61";"940.46";"3660";"436";"";"";"";"-113";"-4.5";"8917";"1773511110674"
"3828";"2026-03-14 14:58:40";"24.93";"61";"940.44";"3640";"432";"";"";"";"-113";"-5.5";"8918";"1773511120672"
"3829";"2026-03-14 14:59:00";"24.92";"61";"940.44";"3620";"428";"";"";"";"-114";"-6.800000190734863";"8920";"1773511140658"
"3830";"2026-03-14 14:59:10";"24.91";"61";"940.44";"3660";"436";"";"";"";"-113";"-5.300000190734863";"8921";"1773511150665"
"3831";"2026-03-14 14:59:20";"24.91";"61";"940.38";"3660";"432";"";"";"";"-113";"-4.300000190734863";"8922";"1773511160664"
"3832";"2026-03-14 14:59:30";"24.9";"61";"940.4200000000001";"3640";"432";"";"";"";"-113";"-4.5";"8923";"1773511170683"
"3833";"2026-03-14 14:59:40";"24.89";"61";"940.4";"3640";"436";"";"";"";"-112";"-3.299999952316284";"8924";"1773511180672"
"3834";"2026-03-14 14:59:50";"24.89";"61";"940.4200000000001";"3660";"432";"";"";"";"-113";"-3.799999952316284";"8925";"1773511190668"
"3835";"2026-03-14 15:00:00";"24.89";"61";"940.4";"3660";"436";"";"";"";"-113";"-2.299999952316284";"8926";"1773511200670"
"3836";"2026-03-14 15:00:10";"24.88";"61";"940.44";"3640";"436";"";"";"";"-112";"-2.299999952316284";"8927";"1773511210670"
"3837";"2026-03-14 15:00:20";"24.88";"61";"940.4";"3660";"432";"";"";"";"-112";"-2.799999952316284";"8928";"1773511220670"
"3838";"2026-03-14 15:00:30";"24.87";"61";"940.38";"3620";"436";"";"";"";"-113";"-5.300000190734863";"8929";"1773511230669"
"3839";"2026-03-14 15:00:40";"24.86";"61";"940.38";"3620";"432";"";"";"";"-113";"-3.5";"8930";"1773511240669"
"3840";"2026-03-14 15:00:50";"24.86";"61";"940.36";"3660";"432";"";"";"";"-114";"-5.5";"8931";"1773511250683"
"3841";"2026-03-14 15:01:00";"24.85";"61";"940.4";"3640";"432";"";"";"";"-113";"-4.800000190734863";"8932";"1773511260673"
"3842";"2026-03-14 15:01:10";"24.85";"61";"940.4";"3660";"436";"";"";"";"-113";"-3";"8933";"1773511270661"
"3843";"2026-03-14 15:01:20";"24.84";"61";"940.38";"3620";"436";"";"";"";"-112";"-1.5";"8934";"1773511280672"
"3844";"2026-03-14 15:01:30";"24.83";"61";"940.38";"3660";"432";"";"";"";"-112";"-1.7999999523162842";"8935";"1773511290658"
"3845";"2026-03-14 15:01:40";"24.83";"61";"940.36";"3660";"432";"";"";"";"-112";"-3";"8936";"1773511300664"
"3846";"2026-03-14 15:01:50";"24.83";"61";"940.36";"3620";"428";"";"";"";"-112";"-3";"8937";"1773511310676"
"3847";"2026-03-14 15:02:00";"24.82";"61";"940.36";"3660";"432";"";"";"";"-112";"-1.7999999523162842";"8938";"1773511320668"
"3848";"2026-03-14 15:02:10";"24.81";"61";"940.34";"3640";"436";"";"";"";"-112";"-2.5";"8939";"1773511330665"
"3849";"2026-03-14 15:02:20";"24.8";"61";"940.34";"3660";"436";"";"";"";"-112";"-2.5";"8940";"1773511340662"
"3850";"2026-03-14 15:02:30";"24.8";"61";"940.34";"3640";"432";"";"";"";"-113";"-3";"8941";"1773511350669"
"3851";"2026-03-14 15:02:40";"24.8";"61";"940.34";"3660";"428";"";"";"";"-112";"-2";"8942";"1773511360670"
"3852";"2026-03-14 15:02:50";"24.79";"61";"940.34";"3640";"432";"";"";"";"-112";"-2.299999952316284";"8943";"1773511370665"
"3853";"2026-03-14 15:03:00";"24.79";"61";"940.34";"3640";"432";"";"";"";"-114";"-7";"8944";"1773511380669"
"3854";"2026-03-14 15:03:10";"24.78";"61";"940.36";"3640";"432";"";"";"";"-114";"-6.5";"8945";"1773511390668"
"3855";"2026-03-14 15:03:20";"24.78";"61";"940.34";"3640";"436";"";"";"";"-113";"-4";"8946";"1773511400672"
"3856";"2026-03-14 15:04:00";"24.76";"61";"940.3000000000001";"3660";"436";"";"";"";"-114";"-8.300000190734863";"8950";"1773511440652"
"3857";"2026-03-14 15:04:10";"24.75";"61.5";"940.36";"3660";"436";"";"";"";"-113";"-4.5";"8951";"1773511450668"
"3858";"2026-03-14 15:04:20";"24.74";"61";"940.34";"3660";"428";"";"";"";"-114";"-6.800000190734863";"8952";"1773511460672"
"3859";"2026-03-14 15:04:40";"24.73";"61.5";"940.34";"3620";"428";"";"";"";"-113";"-6.300000190734863";"8954";"1773511480673"
"3860";"2026-03-14 15:04:50";"24.72";"61.5";"940.34";"3640";"432";"";"";"";"-114";"-7.300000190734863";"8955";"1773511490672"
"3861";"2026-03-14 15:05:00";"24.73";"61.5";"940.34";"3660";"428";"";"";"";"-114";"-6.300000190734863";"8956";"1773511500669"
"3862";"2026-03-14 15:05:20";"24.71";"61.5";"940.34";"3660";"432";"";"";"";"-114";"-7";"8958";"1773511520667"
"3863";"2026-03-14 15:05:30";"24.71";"61.5";"940.32";"3620";"428";"";"";"";"-114";"-7.5";"8959";"1773511530664"
"3864";"2026-03-14 15:05:40";"24.71";"61.5";"940.34";"3620";"432";"";"";"";"-112";"-2.5";"8960";"1773511540665"
"3865";"2026-03-14 15:05:50";"24.7";"61.5";"940.36";"3660";"424";"";"";"";"-113";"-4.300000190734863";"8961";"1773511550710"
"3866";"2026-03-14 15:06:00";"24.69";"61.5";"940.32";"3620";"424";"";"";"";"-113";"-4.5";"8962";"1773511560666"
"3867";"2026-03-14 15:06:10";"24.69";"61.5";"940.32";"3660";"432";"";"";"";"-113";"-3.299999952316284";"8963";"1773511570666"
"3868";"2026-03-14 15:06:20";"24.69";"61.5";"940.32";"3640";"424";"";"";"";"-113";"-6.300000190734863";"8964";"1773511580667"
"3869";"2026-03-14 15:06:30";"24.68";"61.5";"940.34";"3660";"428";"";"";"";"-113";"-5";"8965";"1773511590657"
"3870";"2026-03-14 15:06:40";"24.68";"61.5";"940.34";"3660";"424";"";"";"";"-114";"-8.5";"8966";"1773511600708"
"3871";"2026-03-14 15:07:00";"24.66";"61.5";"940.32";"3640";"424";"";"";"";"-114";"-5";"8968";"1773511620679"
"3872";"2026-03-14 15:07:10";"24.66";"61.5";"940.3000000000001";"3660";"424";"";"";"";"-114";"-6.800000190734863";"8969";"1773511630671"
"3873";"2026-03-14 15:07:20";"24.65";"61.5";"940.28";"3660";"424";"";"";"";"-113";"-3.299999952316284";"8970";"1773511640663"
"3874";"2026-03-14 15:07:30";"24.65";"61.5";"940.3000000000001";"3660";"412";"";"";"";"-112";"-1.7999999523162842";"8971";"1773511650667"
"3875";"2026-03-14 15:07:40";"24.64";"61.5";"940.3000000000001";"3620";"408";"";"";"";"-113";"-2.799999952316284";"8972";"1773511660670"
"3876";"2026-03-14 15:07:50";"24.64";"61.5";"940.3000000000001";"3620";"408";"";"";"";"-113";"-2";"8973";"1773511670666"
"3877";"2026-03-14 15:08:00";"24.63";"61.5";"940.32";"3660";"412";"";"";"";"-113";"-3.299999952316284";"8974";"1773511680663"
"3878";"2026-03-14 15:08:10";"24.63";"61.5";"940.28";"3660";"408";"";"";"";"-112";"-1.7999999523162842";"8975";"1773511690668"
"3879";"2026-03-14 15:08:20";"24.63";"61.5";"940.3000000000001";"3640";"420";"";"";"";"-112";"-2.5";"8976";"1773511700663"
"3880";"2026-03-14 15:08:30";"24.62";"61.5";"940.3000000000001";"3620";"428";"";"";"";"-113";"-4.300000190734863";"8977";"1773511710666"
"3881";"2026-03-14 15:08:40";"24.61";"61.5";"940.28";"3640";"428";"";"";"";"-112";"-1.2999999523162842";"8978";"1773511720659"
"3882";"2026-03-14 15:08:50";"24.61";"61.5";"940.28";"3660";"424";"";"";"";"-112";"-1";"8979";"1773511730643"
"3883";"2026-03-14 15:09:00";"24.6";"61.5";"940.28";"3660";"428";"";"";"";"-113";"-2.5";"8980";"1773511740670"
"3884";"2026-03-14 15:09:10";"24.6";"61.5";"940.24";"3640";"432";"";"";"";"-113";"-3.799999952316284";"8981";"1773511750634"
"3885";"2026-03-14 15:09:20";"24.59";"61.5";"940.26";"3620";"432";"";"";"";"-113";"-4";"8982";"1773511760671"
"3886";"2026-03-14 15:09:30";"24.59";"61.5";"940.28";"3660";"420";"";"";"";"-113";"-3";"8983";"1773511770670"
"3887";"2026-03-14 15:09:40";"24.58";"61.5";"940.24";"3660";"428";"";"";"";"-112";"-2.299999952316284";"8984";"1773511780642"
"3888";"2026-03-14 15:09:50";"24.58";"61.5";"940.24";"3660";"428";"";"";"";"-112";"-2";"8985";"1773511790663"
"3889";"2026-03-14 15:10:00";"24.57";"61.5";"940.22";"3660";"424";"";"";"";"-113";"-2.799999952316284";"8986";"1773511800664"
"3890";"2026-03-14 15:10:10";"24.57";"61.5";"940.24";"3660";"424";"";"";"";"-112";"-1.2999999523162842";"8987";"1773511810667"
"3891";"2026-03-14 15:10:20";"24.56";"61.5";"940.2";"3620";"420";"";"";"";"-112";"-2.299999952316284";"8988";"1773511820663"
"3892";"2026-03-14 15:10:30";"24.56";"61.5";"940.2";"3640";"420";"";"";"";"-112";"-2.5";"8989";"1773511830662"
"3893";"2026-03-14 15:10:40";"24.56";"61.5";"940.22";"3640";"424";"";"";"";"-112";"-3";"8990";"1773511840673"
"3894";"2026-03-14 15:10:50";"24.55";"61.5";"940.22";"3620";"428";"";"";"";"-112";"-2.5";"8991";"1773511850668"
"3895";"2026-03-14 15:11:00";"24.55";"61.5";"940.22";"3640";"428";"";"";"";"-113";"-3.799999952316284";"8992";"1773511860663"
"3896";"2026-03-14 15:11:10";"24.54";"61.5";"940.22";"3660";"424";"";"";"";"-113";"-3";"8993";"1773511870667"
"3897";"2026-03-14 15:11:20";"24.53";"61.5";"940.1800000000001";"3660";"420";"";"";"";"-113";"-2.799999952316284";"8994";"1773511880662"
"3898";"2026-03-14 15:11:30";"24.53";"61.5";"940.2";"3640";"420";"";"";"";"-112";"-2.5";"8995";"1773511890665"
"3899";"2026-03-14 15:11:40";"24.52";"61.5";"940.24";"3640";"420";"";"";"";"-112";"-2";"8996";"1773511900670"
"3900";"2026-03-14 15:11:50";"24.52";"61.5";"940.24";"3660";"428";"";"";"";"-112";"-3";"8997";"1773511910682"
"3901";"2026-03-14 15:12:00";"24.51";"61.5";"940.1800000000001";"3660";"416";"";"";"";"-112";"-3";"8998";"1773511920691"
"3902";"2026-03-14 15:12:10";"24.51";"61.5";"940.2";"3660";"428";"";"";"";"-112";"-2.299999952316284";"8999";"1773511930669"
"3903";"2026-03-14 15:12:20";"24.51";"61.5";"940.22";"3660";"424";"";"";"";"-112";"-2";"9000";"1773511940666"
"3904";"2026-03-14 15:12:30";"24.5";"61.5";"940.2";"3660";"424";"";"";"";"-113";"-3.799999952316284";"9001";"1773511950664"
"3905";"2026-03-14 15:12:40";"24.5";"61.5";"940.1800000000001";"3660";"424";"";"";"";"-112";"-1.2999999523162842";"9002";"1773511960667"
"3906";"2026-03-14 15:12:50";"24.49";"61.5";"940.2";"3640";"420";"";"";"";"-112";"-2.299999952316284";"9003";"1773511970679"
"3907";"2026-03-14 15:13:00";"24.49";"61.5";"940.1800000000001";"3640";"424";"";"";"";"-112";"-2.299999952316284";"9004";"1773511980663"
"3908";"2026-03-14 15:13:10";"24.49";"61.5";"940.2";"3620";"428";"";"";"";"-113";"-3";"9005";"1773511990668"
"3909";"2026-03-14 15:13:20";"24.48";"61.5";"940.22";"3620";"428";"";"";"";"-113";"-3.299999952316284";"9006";"1773512000675"
"3910";"2026-03-14 15:13:30";"24.48";"61.5";"940.2";"3640";"428";"";"";"";"-113";"-2.799999952316284";"9007";"1773512010662"
"3911";"2026-03-14 15:13:40";"24.48";"61.5";"940.1800000000001";"3640";"420";"";"";"";"-112";"-2.299999952316284";"9008";"1773512020673"
"3912";"2026-03-14 15:13:50";"24.47";"61.5";"940.22";"3660";"416";"";"";"";"-113";"-3.799999952316284";"9009";"1773512030671"
"3913";"2026-03-14 15:14:00";"24.47";"61.5";"940.2";"3660";"428";"";"";"";"-113";"-4.800000190734863";"9010";"1773512040644"
"3914";"2026-03-14 15:14:10";"24.46";"61.5";"940.22";"3620";"416";"";"";"";"-113";"-3";"9011";"1773512050669"
"3915";"2026-03-14 15:14:20";"24.46";"61.5";"940.2";"3640";"420";"";"";"";"-112";"-1.7999999523162842";"9012";"1773512060667"
"3916";"2026-03-14 15:14:30";"24.45";"61.5";"940.2";"3640";"420";"";"";"";"-114";"-6.5";"9013";"1773512070673"
"3917";"2026-03-14 15:14:40";"24.46";"61.5";"940.2";"3660";"416";"";"";"";"-113";"-4.300000190734863";"9014";"1773512080673"
"3918";"2026-03-14 15:14:50";"24.44";"61.5";"940.1800000000001";"3660";"420";"";"";"";"-113";"-2.299999952316284";"9015";"1773512090669"
"3919";"2026-03-14 15:15:00";"24.44";"61.5";"940.2";"3620";"420";"";"";"";"-112";"-2.799999952316284";"9016";"1773512100667"
"3920";"2026-03-14 15:15:10";"24.44";"61.5";"940.2";"3620";"408";"";"";"";"-114";"-5.5";"9017";"1773512110672"
"3921";"2026-03-14 15:15:20";"24.43";"61.5";"940.22";"3660";"404";"";"";"";"-113";"-3";"9018";"1773512120662"
"3922";"2026-03-14 15:15:30";"24.43";"61.5";"940.2";"3640";"412";"";"";"";"-112";"-1.5";"9019";"1773512130661"
"3923";"2026-03-14 15:15:40";"24.42";"61.5";"940.22";"3660";"416";"";"";"";"-113";"-2.5";"9020";"1773512140665"
"3924";"2026-03-14 15:15:50";"24.42";"61.5";"940.22";"3620";"424";"";"";"";"-113";"-2.799999952316284";"9021";"1773512150662"
"3925";"2026-03-14 15:16:00";"24.42";"61.5";"940.2";"3620";"424";"";"";"";"-113";"-3.5";"9022";"1773512160667"
"3926";"2026-03-14 15:16:10";"24.41";"62";"940.1800000000001";"3660";"424";"";"";"";"-112";"-1.2999999523162842";"9023";"1773512170637"
"3927";"2026-03-14 15:16:20";"24.41";"61.5";"940.2";"3620";"416";"";"";"";"-114";"-5.5";"9024";"1773512180663"
"3928";"2026-03-14 15:16:30";"24.4";"62";"940.2";"3640";"412";"";"";"";"-112";"-1.2999999523162842";"9025";"1773512190669"
"3929";"2026-03-14 15:16:40";"24.4";"62";"940.2";"3640";"408";"";"";"";"-112";"-2";"9026";"1773512200660"
"3930";"2026-03-14 15:16:50";"24.4";"61.5";"940.22";"3660";"412";"";"";"";"-113";"-2.5";"9027";"1773512210666"
"3931";"2026-03-14 15:17:00";"24.39";"62";"940.24";"3640";"412";"";"";"";"-113";"-3.799999952316284";"9028";"1773512220660"
"3932";"2026-03-14 15:17:10";"24.39";"61.5";"940.2";"3620";"408";"";"";"";"-113";"-4.5";"9029";"1773512230670"
"3933";"2026-03-14 15:17:20";"24.38";"62";"940.1800000000001";"3640";"404";"";"";"";"-113";"-4.800000190734863";"9030";"1773512240668"
"3934";"2026-03-14 15:17:30";"24.38";"62";"940.2";"3640";"404";"";"";"";"-112";"-2.5";"9031";"1773512250660"
"3935";"2026-03-14 15:17:40";"24.38";"62";"940.1800000000001";"3660";"400";"";"";"";"-114";"-6.5";"9032";"1773512260674"
"3936";"2026-03-14 15:17:50";"24.37";"62";"940.1800000000001";"3660";"396";"";"";"";"-113";"-4.5";"9033";"1773512270679"
"3937";"2026-03-14 15:18:00";"24.37";"62";"940.2";"3620";"400";"";"";"";"-114";"-6.5";"9034";"1773512280668"
"3938";"2026-03-14 15:18:10";"24.36";"62";"940.1800000000001";"3620";"400";"";"";"";"-113";"-2.299999952316284";"9035";"1773512290658"
"3939";"2026-03-14 15:18:20";"24.35";"62";"940.2";"3620";"400";"";"";"";"-113";"-3.799999952316284";"9036";"1773512300659"
"3940";"2026-03-14 15:18:30";"24.35";"62";"940.2";"3640";"408";"";"";"";"-112";"-2.5";"9037";"1773512310668"
"3941";"2026-03-14 15:18:40";"24.34";"62";"940.2";"3660";"400";"";"";"";"-113";"-2.799999952316284";"9038";"1773512320668"
"3942";"2026-03-14 15:18:50";"24.34";"62";"940.2";"3640";"404";"";"";"";"-113";"-2.799999952316284";"9039";"1773512330690"
"3943";"2026-03-14 15:19:00";"24.34";"62";"940.1800000000001";"3660";"400";"";"";"";"-113";"-4.800000190734863";"9040";"1773512340662"
"3944";"2026-03-14 15:19:10";"24.33";"62";"940.16";"3620";"404";"";"";"";"-113";"-2.799999952316284";"9041";"1773512350660"
"3945";"2026-03-14 15:19:20";"24.32";"62";"940.16";"3660";"408";"";"";"";"-113";"-2.799999952316284";"9042";"1773512360663"
"3946";"2026-03-14 15:19:30";"24.32";"62";"940.16";"3620";"404";"";"";"";"-112";"-2";"9043";"1773512370664"
"3947";"2026-03-14 15:19:40";"24.32";"62";"940.2";"3640";"408";"";"";"";"-113";"-3";"9044";"1773512380664"
"3948";"2026-03-14 15:19:50";"24.31";"62";"940.1800000000001";"3640";"424";"";"";"";"-112";"-1.7999999523162842";"9045";"1773512390641"
"3949";"2026-03-14 15:20:00";"24.31";"62";"940.1800000000001";"3620";"416";"";"";"";"-112";"-2.299999952316284";"9046";"1773512400674"
"3950";"2026-03-14 15:20:10";"24.31";"62";"940.2";"3660";"416";"";"";"";"-113";"-4.300000190734863";"9047";"1773512410668"
"3951";"2026-03-14 15:20:20";"24.3";"62";"940.16";"3620";"420";"";"";"";"-112";"-2.299999952316284";"9048";"1773512420663"
"3952";"2026-03-14 15:20:30";"24.29";"62";"940.1800000000001";"3620";"420";"";"";"";"-113";"-2";"9049";"1773512430668"
"3953";"2026-03-14 15:20:40";"24.29";"62";"940.16";"3620";"420";"";"";"";"-112";"-1.2999999523162842";"9050";"1773512440669"
"3954";"2026-03-14 15:20:50";"24.29";"62";"940.14";"3620";"416";"";"";"";"-112";"-2.799999952316284";"9051";"1773512450682"
"3955";"2026-03-14 15:21:00";"24.29";"62";"940.16";"3620";"416";"";"";"";"-112";"-1";"9052";"1773512460667"
"3956";"2026-03-14 15:21:10";"24.28";"62";"940.1800000000001";"3620";"416";"";"";"";"-112";"-0.30000001192092896";"9053";"1773512470668"
"3957";"2026-03-14 15:21:20";"24.28";"62";"940.2";"3640";"420";"";"";"";"-112";"-0.800000011920929";"9054";"1773512480669"
"3958";"2026-03-14 15:21:30";"24.28";"62";"940.1800000000001";"3620";"416";"";"";"";"-113";"-3.799999952316284";"9055";"1773512490657"
"3959";"2026-03-14 15:21:40";"24.27";"62";"940.22";"3640";"424";"";"";"";"-114";"-6.800000190734863";"9056";"1773512500668"
"3960";"2026-03-14 15:21:50";"24.27";"62";"940.2";"3640";"416";"";"";"";"-113";"-4.300000190734863";"9057";"1773512510677"
"3961";"2026-03-14 15:22:00";"24.27";"62";"940.1800000000001";"3620";"420";"";"";"";"-112";"-2";"9058";"1773512520663"
"3962";"2026-03-14 15:22:10";"24.26";"62";"940.1800000000001";"3620";"424";"";"";"";"-113";"-3.299999952316284";"9059";"1773512530637"
"3963";"2026-03-14 15:22:20";"24.26";"62";"940.1800000000001";"3660";"424";"";"";"";"-113";"-3.5";"9060";"1773512540660"
"3964";"2026-03-14 15:22:30";"24.26";"62";"940.16";"3620";"424";"";"";"";"-113";"-4.300000190734863";"9061";"1773512550679"
"3965";"2026-03-14 15:22:40";"24.26";"62";"940.16";"3620";"412";"";"";"";"-113";"-3.5";"9062";"1773512560699"
"3966";"2026-03-14 15:22:50";"24.25";"62";"940.22";"3620";"424";"";"";"";"-112";"-1.7999999523162842";"9063";"1773512570664"
"3967";"2026-03-14 15:23:00";"24.26";"62";"940.2";"3660";"424";"";"";"";"-114";"-5.800000190734863";"9064";"1773512580686"
"3968";"2026-03-14 15:23:10";"24.25";"62";"940.1800000000001";"3640";"412";"";"";"";"-113";"-2.799999952316284";"9065";"1773512590642"
"3969";"2026-03-14 15:23:20";"24.25";"62";"940.1800000000001";"3640";"412";"";"";"";"-112";"-2";"9066";"1773512600659"
"3970";"2026-03-14 15:23:30";"24.24";"62";"940.16";"3620";"424";"";"";"";"-112";"-1.2999999523162842";"9067";"1773512610667"
"3971";"2026-03-14 15:23:40";"24.24";"62";"940.1800000000001";"3640";"416";"";"";"";"-112";"-1.2999999523162842";"9068";"1773512620670"
"3972";"2026-03-14 15:23:50";"24.24";"62";"940.1800000000001";"3620";"412";"";"";"";"-112";"-1.2999999523162842";"9069";"1773512630675"
"3973";"2026-03-14 15:24:00";"24.23";"62";"940.2";"3660";"416";"";"";"";"-112";"-0.800000011920929";"9070";"1773512640664"
"3974";"2026-03-14 15:24:10";"24.23";"62";"940.1800000000001";"3620";"416";"";"";"";"-112";"-1";"9071";"1773512650641"
"3975";"2026-03-14 15:24:20";"24.23";"62";"940.1800000000001";"3620";"424";"";"";"";"-112";"-1.2999999523162842";"9072";"1773512660663"
"3976";"2026-03-14 15:24:30";"24.22";"62";"940.16";"3640";"420";"";"";"";"-112";"-1";"9073";"1773512670658"
"3977";"2026-03-14 15:24:40";"24.22";"62";"940.16";"3660";"416";"";"";"";"-113";"-2.799999952316284";"9074";"1773512680665"
"3978";"2026-03-14 15:24:50";"24.22";"62";"940.1800000000001";"3640";"416";"";"";"";"-113";"-3.799999952316284";"9075";"1773512690667"
"3979";"2026-03-14 15:25:00";"24.22";"62";"940.16";"3640";"412";"";"";"";"-113";"-2.5";"9076";"1773512700628"
"3980";"2026-03-14 15:25:10";"24.22";"62";"940.16";"3640";"412";"";"";"";"-112";"-1.5";"9077";"1773512710671"
"3981";"2026-03-14 15:25:20";"24.21";"62";"940.14";"3640";"424";"";"";"";"-113";"-2";"9078";"1773512720662"
"3982";"2026-03-14 15:25:30";"24.21";"62";"940.16";"3640";"416";"";"";"";"-113";"-2.299999952316284";"9079";"1773512730664"
"3983";"2026-03-14 15:25:40";"24.2";"62";"940.16";"3620";"420";"";"";"";"-113";"-3.799999952316284";"9080";"1773512740665"
"3984";"2026-03-14 15:25:50";"24.2";"62";"940.1800000000001";"3620";"416";"";"";"";"-112";"-2.299999952316284";"9081";"1773512750669"
"3985";"2026-03-14 15:26:00";"24.19";"62";"940.1800000000001";"3660";"412";"";"";"";"-113";"-2.5";"9082";"1773512760667"
"3986";"2026-03-14 15:26:10";"24.19";"62";"940.14";"3620";"420";"";"";"";"-113";"-3";"9083";"1773512770660"
"3987";"2026-03-14 15:26:20";"24.19";"62";"940.16";"3620";"416";"";"";"";"-113";"-3.299999952316284";"9084";"1773512780665"
"3988";"2026-03-14 15:26:30";"24.18";"62";"940.16";"3660";"412";"";"";"";"-112";"-1";"9085";"1773512790663"
"3989";"2026-03-14 15:26:40";"24.18";"62";"940.14";"3660";"416";"";"";"";"-112";"-2.299999952316284";"9086";"1773512800661"
"3990";"2026-03-14 15:26:50";"24.18";"62";"940.16";"3660";"420";"";"";"";"-112";"-1.2999999523162842";"9087";"1773512810671"
"3991";"2026-03-14 15:27:00";"24.18";"62";"940.14";"3660";"420";"";"";"";"-114";"-5";"9088";"1773512820658"
"3992";"2026-03-14 15:27:10";"24.17";"62";"940.16";"3660";"424";"";"";"";"-113";"-2.5";"9089";"1773512830656"
"3993";"2026-03-14 15:27:20";"24.17";"62";"940.12";"3640";"420";"";"";"";"-113";"-4.5";"9090";"1773512840641"
"3994";"2026-03-14 15:27:30";"24.17";"62";"940.16";"3620";"416";"";"";"";"-112";"-1.7999999523162842";"9091";"1773512850662"
"3995";"2026-03-14 15:27:40";"24.16";"62";"940.16";"3620";"416";"";"";"";"-113";"-2.799999952316284";"9092";"1773512860667"
"3996";"2026-03-14 15:27:50";"24.16";"62";"940.14";"3620";"412";"";"";"";"-113";"-3.5";"9093";"1773512870638"
"3997";"2026-03-14 15:28:00";"24.15";"62";"940.16";"3660";"416";"";"";"";"-112";"-2.299999952316284";"9094";"1773512880661"
"3998";"2026-03-14 15:28:10";"24.15";"62";"940.12";"3660";"416";"";"";"";"-112";"-1";"9095";"1773512890650"
"3999";"2026-03-14 15:28:20";"24.15";"62";"940.16";"3620";"416";"";"";"";"-112";"-1";"9096";"1773512900653"
"4000";"2026-03-14 15:28:30";"24.14";"62";"940.14";"3640";"412";"";"";"";"-113";"-2.5";"9097";"1773512910667"
"4001";"2026-03-14 15:28:40";"24.14";"62";"940.16";"3620";"420";"";"";"";"-113";"-2.799999952316284";"9098";"1773512920659"
"4002";"2026-03-14 15:28:50";"24.14";"62";"940.14";"3620";"420";"";"";"";"-112";"-2.299999952316284";"9099";"1773512930666"
"4003";"2026-03-14 15:29:00";"24.14";"62";"940.12";"3660";"416";"";"";"";"-112";"-1.5";"9100";"1773512940665"
"4004";"2026-03-14 15:29:10";"24.13";"62";"940.16";"3640";"420";"";"";"";"-113";"-2.799999952316284";"9101";"1773512950661"
"4005";"2026-03-14 15:29:20";"24.14";"62";"940.14";"3660";"424";"";"";"";"-112";"-1.2999999523162842";"9102";"1773512960656"
"4006";"2026-03-14 15:29:30";"24.13";"62";"940.12";"3660";"408";"";"";"";"-112";"-2.299999952316284";"9103";"1773512970667"
"4007";"2026-03-14 15:29:40";"24.13";"62";"940.14";"3620";"404";"";"";"";"-112";"-1.7999999523162842";"9104";"1773512980662"
"4008";"2026-03-14 15:29:50";"24.12";"62";"940.1";"3660";"408";"";"";"";"-112";"-1.7999999523162842";"9105";"1773512990673"
"4009";"2026-03-14 15:30:00";"24.12";"62";"940.1";"3660";"404";"";"";"";"-112";"-1";"9106";"1773513000627"
"4010";"2026-03-14 15:30:10";"24.11";"62";"940.12";"3640";"404";"";"";"";"-112";"-2.5";"9107";"1773513010665"
"4011";"2026-03-14 15:30:20";"24.11";"62";"940.08";"3640";"404";"";"";"";"-112";"-1.7999999523162842";"9108";"1773513020634"
"4012";"2026-03-14 15:30:30";"24.11";"62";"940.08";"3660";"408";"";"";"";"-113";"-2.5";"9109";"1773513030656"
"4013";"2026-03-14 15:30:40";"24.1";"62";"940.08";"3660";"408";"";"";"";"-112";"-3";"9110";"1773513040634"
"4014";"2026-03-14 15:30:50";"24.1";"62";"940.0600000000001";"3640";"420";"";"";"";"-113";"-3.5";"9111";"1773513050681"
"4015";"2026-03-14 15:31:00";"24.1";"62";"940.0600000000001";"3660";"412";"";"";"";"-112";"-2";"9112";"1773513060660"
"4016";"2026-03-14 15:31:10";"24.09";"62";"940.08";"3660";"416";"";"";"";"-113";"-3";"9113";"1773513070663"
"4017";"2026-03-14 15:31:20";"24.09";"62";"940.0600000000001";"3660";"424";"";"";"";"-112";"-0.800000011920929";"9114";"1773513080663"
"4018";"2026-03-14 15:31:30";"24.09";"62";"940.08";"3620";"420";"";"";"";"-113";"-2.799999952316284";"9115";"1773513090667"
"4019";"2026-03-14 15:31:40";"24.09";"62";"940.04";"3620";"420";"";"";"";"-113";"-2.5";"9116";"1773513100659"
"4020";"2026-03-14 15:31:50";"24.08";"62";"940.04";"3640";"420";"";"";"";"-113";"-2.5";"9117";"1773513110669"
"4021";"2026-03-14 15:32:00";"24.08";"62";"940.04";"3660";"424";"";"";"";"-113";"-2.799999952316284";"9118";"1773513120670"
"4022";"2026-03-14 15:32:10";"24.08";"62";"940.04";"3620";"420";"";"";"";"-113";"-4.300000190734863";"9119";"1773513130657"
"4023";"2026-03-14 15:32:20";"24.08";"62";"940.04";"3620";"416";"";"";"";"-113";"-3.5";"9120";"1773513140663"
"4024";"2026-03-14 15:32:30";"24.07";"62";"940";"3620";"424";"";"";"";"-113";"-3.299999952316284";"9121";"1773513150664"
"4025";"2026-03-14 15:32:40";"24.07";"62";"940.04";"3660";"416";"";"";"";"-113";"-3";"9122";"1773513160660"
"4026";"2026-03-14 15:32:50";"24.07";"62";"940.04";"3660";"424";"";"";"";"-112";"-2";"9123";"1773513170664"
"4027";"2026-03-14 15:33:00";"24.07";"62";"940.02";"3640";"416";"";"";"";"-113";"-3";"9124";"1773513180664"
"4028";"2026-03-14 15:33:10";"24.07";"62";"940.02";"3640";"420";"";"";"";"-112";"-2.299999952316284";"9125";"1773513190666"
"4029";"2026-03-14 15:33:20";"24.06";"62";"940.04";"3660";"416";"";"";"";"-112";"-2";"9126";"1773513200657"
"4030";"2026-03-14 15:33:30";"24.06";"62";"940.04";"3660";"420";"";"";"";"-112";"-1.5";"9127";"1773513210661"
"4031";"2026-03-14 15:33:40";"24.06";"62";"940.02";"3640";"424";"";"";"";"-112";"-2.299999952316284";"9128";"1773513220675"
"4032";"2026-03-14 15:33:50";"24.06";"62";"940";"3620";"420";"";"";"";"-113";"-2.299999952316284";"9129";"1773513230669"
"4033";"2026-03-14 15:34:00";"24.05";"62";"940.04";"3620";"420";"";"";"";"-113";"-2.5";"9130";"1773513240665"
"4034";"2026-03-14 15:34:10";"24.05";"62";"940.04";"3640";"416";"";"";"";"-113";"-4.5";"9131";"1773513250632"
"4035";"2026-03-14 15:34:20";"24.05";"62";"940.04";"3620";"420";"";"";"";"-113";"-5.5";"9132";"1773513260662"
"4036";"2026-03-14 15:34:30";"24.05";"62";"940.04";"3660";"420";"";"";"";"-114";"-7.300000190734863";"9133";"1773513270660"
"4037";"2026-03-14 15:34:40";"24.05";"62";"940.02";"3640";"416";"";"";"";"-113";"-4.300000190734863";"9134";"1773513280662"
"4038";"2026-03-14 15:34:50";"24.05";"62";"939.98";"3620";"424";"";"";"";"-113";"-3.799999952316284";"9135";"1773513290649"
"4039";"2026-03-14 15:35:00";"24.05";"62";"940.04";"3620";"416";"";"";"";"-113";"-3";"9136";"1773513300669"
"4040";"2026-03-14 15:35:10";"24.04";"62";"940.04";"3660";"424";"";"";"";"-112";"-1.5";"9137";"1773513310671"
"4041";"2026-03-14 15:35:20";"24.04";"62";"940";"3640";"412";"";"";"";"-112";"-1.5";"9138";"1773513320662"
"4042";"2026-03-14 15:35:30";"24.04";"62";"940.02";"3640";"416";"";"";"";"-112";"-1.7999999523162842";"9139";"1773513330665"
"4043";"2026-03-14 15:35:40";"24.03";"62";"940.02";"3620";"416";"";"";"";"-113";"-3";"9140";"1773513340663"
"4044";"2026-03-14 15:35:50";"24.03";"62";"940.02";"3660";"424";"";"";"";"-112";"-1.5";"9141";"1773513350646"
"4045";"2026-03-14 15:36:00";"24.03";"62";"940.02";"3620";"416";"";"";"";"-112";"-2.5";"9142";"1773513360658"
"4046";"2026-03-14 15:36:10";"24.03";"62";"940";"3640";"420";"";"";"";"-113";"-2.5";"9143";"1773513370654"
"4047";"2026-03-14 15:36:20";"24.03";"62";"940.02";"3640";"424";"";"";"";"-113";"-2";"9144";"1773513380674"
"4048";"2026-03-14 15:36:30";"24.03";"62";"940.04";"3620";"424";"";"";"";"-112";"-2";"9145";"1773513390665"
"4049";"2026-03-14 15:36:40";"24.03";"62";"940.04";"3640";"416";"";"";"";"-112";"-0.800000011920929";"9146";"1773513400664"
"4050";"2026-03-14 15:36:50";"24.02";"62";"940.02";"3640";"420";"";"";"";"-112";"-1.5";"9147";"1773513410660"
"4051";"2026-03-14 15:37:00";"24.02";"62";"940.02";"3620";"416";"";"";"";"-112";"-0.5";"9148";"1773513420660"
"4052";"2026-03-14 15:37:10";"24.02";"62";"940";"3660";"424";"";"";"";"-113";"-3.299999952316284";"9149";"1773513430657"
"4053";"2026-03-14 15:37:20";"24.01";"62";"940.02";"3620";"420";"";"";"";"-113";"-3.299999952316284";"9150";"1773513440659"
"4054";"2026-03-14 15:37:30";"24.01";"62";"939.98";"3620";"420";"";"";"";"-113";"-3.799999952316284";"9151";"1773513450643"
"4055";"2026-03-14 15:37:40";"24.01";"62";"939.98";"3620";"424";"";"";"";"-114";"-5";"9152";"1773513460661"
"4056";"2026-03-14 15:37:50";"24.01";"62";"939.96";"3660";"420";"";"";"";"-113";"-3.799999952316284";"9153";"1773513470645"
"4057";"2026-03-14 15:38:00";"24.01";"62";"940";"3620";"416";"";"";"";"-113";"-4.300000190734863";"9154";"1773513480666"
"4058";"2026-03-14 15:38:10";"24";"62";"939.98";"3620";"424";"";"";"";"-114";"-5";"9155";"1773513490662"
"4059";"2026-03-14 15:38:20";"24";"62";"939.98";"3640";"420";"";"";"";"-113";"-4";"9156";"1773513500653"
"4060";"2026-03-14 15:38:30";"24";"62";"939.98";"3620";"420";"";"";"";"-114";"-8.800000190734863";"9157";"1773513510645"
"4061";"2026-03-14 15:38:50";"24";"62";"940.02";"3620";"424";"";"";"";"-114";"-9";"9159";"1773513530679"
"4062";"2026-03-14 15:39:00";"23.99";"62";"939.98";"3660";"416";"";"";"";"-113";"-4.300000190734863";"9160";"1773513540658"
"4063";"2026-03-14 15:39:30";"23.99";"62";"939.96";"3660";"424";"";"";"";"-114";"-9.5";"9163";"1773513570665"
"4064";"2026-03-14 15:39:50";"23.98";"62";"939.96";"3640";"416";"";"";"";"-114";"-6.300000190734863";"9165";"1773513590710"
"4065";"2026-03-14 15:40:00";"23.98";"62";"939.94";"3640";"416";"";"";"";"-114";"-4.800000190734863";"9166";"1773513600670"
"4066";"2026-03-14 15:40:10";"23.98";"62";"939.94";"3640";"420";"";"";"";"-113";"-4";"9167";"1773513610646"
"4067";"2026-03-14 15:40:20";"23.98";"62";"939.94";"3640";"416";"";"";"";"-112";"-2.299999952316284";"9168";"1773513620652"
"4068";"2026-03-14 15:40:30";"23.98";"62";"939.96";"3640";"416";"";"";"";"-113";"-3.799999952316284";"9169";"1773513630659"
"4069";"2026-03-14 15:40:40";"23.98";"62";"939.94";"3640";"416";"";"";"";"-112";"-1.2999999523162842";"9170";"1773513640658"
"4070";"2026-03-14 15:40:50";"23.98";"62";"939.96";"3620";"420";"";"";"";"-112";"-1.2999999523162842";"9171";"1773513650675"
"4071";"2026-03-14 15:41:00";"23.98";"62";"939.96";"3620";"424";"";"";"";"-113";"-2";"9172";"1773513660663"
"4072";"2026-03-14 15:41:10";"23.97";"62";"939.94";"3640";"424";"";"";"";"-112";"-1";"9173";"1773513670654"
"4073";"2026-03-14 15:41:20";"23.97";"62";"939.9";"3640";"420";"";"";"";"-112";"-1.2999999523162842";"9174";"1773513680652"
"4074";"2026-03-14 15:41:30";"23.97";"62";"939.9200000000001";"3620";"428";"";"";"";"-112";"-1.5";"9175";"1773513690682"
"4075";"2026-03-14 15:41:40";"23.98";"62";"939.94";"3660";"424";"";"";"";"-112";"-1.2999999523162842";"9176";"1773513700657"
"4076";"2026-03-14 15:41:50";"23.97";"62";"939.9200000000001";"3660";"416";"";"";"";"-112";"-2.299999952316284";"9177";"1773513710626"
"4077";"2026-03-14 15:42:00";"23.97";"62";"939.9200000000001";"3620";"424";"";"";"";"-111";"0";"9178";"1773513720690"
"4078";"2026-03-14 15:42:10";"23.97";"62";"939.9";"3640";"424";"";"";"";"-112";"-1.5";"9179";"1773513730632"
"4079";"2026-03-14 15:42:20";"23.97";"62";"939.9";"3660";"420";"";"";"";"-114";"-5.300000190734863";"9180";"1773513740637"
"4080";"2026-03-14 15:42:30";"23.97";"62";"939.9";"3620";"416";"";"";"";"-112";"-1";"9181";"1773513750664"
"4081";"2026-03-14 15:42:40";"23.97";"62";"939.9200000000001";"3660";"420";"";"";"";"-111";"0";"9182";"1773513760664"
"4082";"2026-03-14 15:42:50";"23.97";"62";"939.9";"3640";"424";"";"";"";"-113";"-3.299999952316284";"9183";"1773513770658"
"4083";"2026-03-14 15:43:00";"23.96";"62";"939.9200000000001";"3620";"416";"";"";"";"-112";"-3";"9184";"1773513780632"
"4084";"2026-03-14 15:43:10";"23.97";"62";"939.9200000000001";"3640";"416";"";"";"";"-112";"-0.800000011920929";"9185";"1773513790633"
"4085";"2026-03-14 15:43:20";"23.96";"62";"939.9200000000001";"3620";"420";"";"";"";"-111";"0.30000001192092896";"9186";"1773513800652"
"4086";"2026-03-14 15:43:30";"23.96";"62";"939.9";"3660";"416";"";"";"";"-112";"-1";"9187";"1773513810657"
"4087";"2026-03-14 15:43:40";"23.96";"62";"939.88";"3660";"428";"";"";"";"-112";"-1.2999999523162842";"9188";"1773513820666"
"4088";"2026-03-14 15:43:50";"23.96";"62";"939.9";"3620";"420";"";"";"";"-112";"-1";"9189";"1773513830661"
"4089";"2026-03-14 15:44:00";"23.96";"62";"939.94";"3660";"420";"";"";"";"-113";"-3";"9190";"1773513840681"
"4090";"2026-03-14 15:44:10";"23.96";"62";"939.9200000000001";"3620";"428";"";"";"";"-113";"-4.5";"9191";"1773513850624"
"4091";"2026-03-14 15:44:20";"23.96";"62";"939.88";"3620";"416";"";"";"";"-113";"-4";"9192";"1773513860660"
"4092";"2026-03-14 15:44:30";"23.95";"62";"939.9";"3620";"428";"";"";"";"-114";"-8.300000190734863";"9193";"1773513870654"
"4093";"2026-03-14 15:44:40";"23.95";"62";"939.9200000000001";"3620";"420";"";"";"";"-114";"-7.5";"9194";"1773513880655"
"4094";"2026-03-14 15:44:50";"23.96";"62";"939.9200000000001";"3640";"416";"";"";"";"-114";"-6.5";"9195";"1773513890665"
"4095";"2026-03-14 15:45:00";"23.95";"62";"939.9";"3640";"428";"";"";"";"-114";"-10";"9196";"1773513900678"
"4096";"2026-03-14 15:45:10";"23.95";"62";"939.9200000000001";"3640";"420";"";"";"";"-114";"-7.800000190734863";"9197";"1773513910659"
"4097";"2026-03-14 15:45:20";"23.95";"62";"939.88";"3660";"420";"";"";"";"-114";"-6.300000190734863";"9198";"1773513920652"
"4098";"2026-03-14 15:45:30";"23.96";"62";"939.88";"3640";"424";"";"";"";"-114";"-6.300000190734863";"9199";"1773513930665"
"4099";"2026-03-14 15:45:40";"23.95";"62";"939.9";"3640";"428";"";"";"";"-114";"-4.800000190734863";"9200";"1773513940665"
"4100";"2026-03-14 15:45:50";"23.95";"62";"939.88";"3660";"420";"";"";"";"-113";"-3.799999952316284";"9201";"1773513950666"
"4101";"2026-03-14 15:46:00";"23.95";"62";"939.88";"3660";"420";"";"";"";"-112";"-2.799999952316284";"9202";"1773513960662"
"4102";"2026-03-14 15:46:10";"23.95";"62";"939.88";"3620";"428";"";"";"";"-112";"-2.299999952316284";"9203";"1773513970668"
"4103";"2026-03-14 15:46:20";"23.95";"62";"939.86";"3660";"420";"";"";"";"-112";"-2.799999952316284";"9204";"1773513980660"
"4104";"2026-03-14 15:46:30";"23.95";"62";"939.86";"3660";"416";"";"";"";"-112";"-1";"9205";"1773513990657"
"4105";"2026-03-14 15:46:40";"23.94";"62";"939.84";"3620";"420";"";"";"";"-112";"-1.5";"9206";"1773514000655"
"4106";"2026-03-14 15:46:50";"23.94";"62";"939.84";"3620";"424";"";"";"";"-111";"-0.30000001192092896";"9207";"1773514010673"
"4107";"2026-03-14 15:47:00";"23.95";"62";"939.86";"3640";"424";"";"";"";"-112";"-3.299999952316284";"9208";"1773514020623"
"4108";"2026-03-14 15:47:10";"23.94";"62";"939.86";"3660";"416";"";"";"";"-113";"-3.5";"9209";"1773514030659"
"4109";"2026-03-14 15:47:20";"23.94";"62";"939.86";"3640";"420";"";"";"";"-114";"-7.300000190734863";"9210";"1773514040659"
"4110";"2026-03-14 15:47:40";"23.94";"62";"939.86";"3660";"420";"";"";"";"-113";"-5";"9212";"1773514060666"
"4111";"2026-03-14 15:47:50";"23.94";"62";"939.86";"3620";"420";"";"";"";"-113";"-4";"9213";"1773514070673"
"4112";"2026-03-14 15:48:00";"23.94";"62";"939.86";"3640";"424";"";"";"";"-112";"-2";"9214";"1773514080662"
"4113";"2026-03-14 15:48:10";"23.94";"62";"939.82";"3620";"420";"";"";"";"-113";"-3.299999952316284";"9215";"1773514090659"
"4114";"2026-03-14 15:48:20";"23.94";"62";"939.8000000000001";"3660";"416";"";"";"";"-113";"-3.5";"9216";"1773514100664"
"4115";"2026-03-14 15:48:30";"23.93";"62";"939.84";"3620";"420";"";"";"";"-113";"-2.299999952316284";"9217";"1773514110658"
"4116";"2026-03-14 15:48:40";"23.93";"62";"939.86";"3600";"420";"";"";"";"-112";"-2";"9218";"1773514120662"
"4117";"2026-03-14 15:48:50";"23.93";"62";"939.82";"3640";"420";"";"";"";"-112";"-2.5";"9219";"1773514130663"
"4118";"2026-03-14 15:49:00";"23.93";"62";"939.82";"3620";"416";"";"";"";"-112";"-2.5";"9220";"1773514140655"
"4119";"2026-03-14 15:49:10";"23.93";"62";"939.84";"3620";"416";"";"";"";"-112";"-1.5";"9221";"1773514150691"
"4120";"2026-03-14 15:49:20";"23.93";"62";"939.82";"3660";"420";"";"";"";"-112";"-2";"9222";"1773514160667"
"4121";"2026-03-14 15:49:30";"23.93";"62";"939.86";"3640";"428";"";"";"";"-113";"-3";"9223";"1773514170653"
"4122";"2026-03-14 15:49:40";"23.92";"62";"939.84";"3640";"428";"";"";"";"-113";"-3.299999952316284";"9224";"1773514180670"
"4123";"2026-03-14 15:49:50";"23.93";"62";"939.82";"3660";"424";"";"";"";"-112";"-1.7999999523162842";"9225";"1773514190666"
"4124";"2026-03-14 15:50:00";"23.93";"62";"939.82";"3640";"428";"";"";"";"-113";"-4.800000190734863";"9226";"1773514200662"
"4125";"2026-03-14 15:50:10";"23.92";"62";"939.78";"3620";"416";"";"";"";"-111";"0";"9227";"1773514210654"
"4126";"2026-03-14 15:50:20";"23.92";"62";"939.8000000000001";"3640";"424";"";"";"";"-113";"-2";"9228";"1773514220658"
"4127";"2026-03-14 15:50:30";"23.92";"62";"939.82";"3640";"424";"";"";"";"-112";"-2";"9229";"1773514230662"
"4128";"2026-03-14 15:50:40";"23.91";"62";"939.84";"3620";"424";"";"";"";"-112";"-1.7999999523162842";"9230";"1773514240657"
"4129";"2026-03-14 15:50:50";"23.92";"62";"939.84";"3640";"424";"";"";"";"-113";"-2.799999952316284";"9231";"1773514250658"
"4130";"2026-03-14 15:51:00";"23.91";"62";"939.82";"3640";"420";"";"";"";"-112";"-1.7999999523162842";"9232";"1773514260657"
"4131";"2026-03-14 15:51:10";"23.91";"62";"939.78";"3640";"420";"";"";"";"-113";"-3.299999952316284";"9233";"1773514270654"
"4132";"2026-03-14 15:51:20";"23.91";"62";"939.8000000000001";"3660";"424";"";"";"";"-113";"-3";"9234";"1773514280657"
"4133";"2026-03-14 15:51:30";"23.91";"62";"939.8000000000001";"3640";"424";"";"";"";"-114";"-5.300000190734863";"9235";"1773514290654"
"4134";"2026-03-14 15:51:40";"23.91";"62";"939.78";"3660";"416";"";"";"";"-112";"-1.7999999523162842";"9236";"1773514300663"
"4135";"2026-03-14 15:51:50";"23.91";"62";"939.82";"3620";"416";"";"";"";"-113";"-3";"9237";"1773514310666"
"4136";"2026-03-14 15:52:00";"23.9";"62";"939.8000000000001";"3620";"424";"";"";"";"-112";"-1.5";"9238";"1773514320669"
"4137";"2026-03-14 15:52:10";"23.9";"62";"939.8000000000001";"3640";"420";"";"";"";"-112";"-0.800000011920929";"9239";"1773514330658"
"4138";"2026-03-14 15:52:20";"23.9";"62";"939.78";"3640";"416";"";"";"";"-112";"-1.2999999523162842";"9240";"1773514340659"
"4139";"2026-03-14 15:52:30";"23.9";"62";"939.82";"3620";"424";"";"";"";"-111";"0";"9241";"1773514350652"
"4140";"2026-03-14 15:52:40";"23.9";"62";"939.82";"3660";"416";"";"";"";"-112";"-2.799999952316284";"9242";"1773514360661"
"4141";"2026-03-14 15:52:50";"23.9";"62";"939.78";"3620";"416";"";"";"";"-112";"-1.7999999523162842";"9243";"1773514370652"
"4142";"2026-03-14 15:53:00";"23.9";"62";"939.74";"3620";"420";"";"";"";"-113";"-4";"9244";"1773514380662"
"4143";"2026-03-14 15:53:10";"23.89";"62";"939.76";"3620";"424";"";"";"";"-112";"-2";"9245";"1773514390658"
"4144";"2026-03-14 15:53:20";"23.89";"62";"939.78";"3620";"424";"";"";"";"-112";"-1.7999999523162842";"9246";"1773514400659"
"4145";"2026-03-14 15:53:30";"23.89";"62";"939.78";"3640";"424";"";"";"";"-112";"-3";"9247";"1773514410656"
"4146";"2026-03-14 15:53:40";"23.89";"62";"939.78";"3640";"424";"";"";"";"-112";"-1.7999999523162842";"9248";"1773514420622"
"4147";"2026-03-14 15:53:50";"23.89";"62";"939.74";"3640";"420";"";"";"";"-113";"-3";"9249";"1773514430642"
"4148";"2026-03-14 15:54:00";"23.89";"62";"939.76";"3640";"416";"";"";"";"-112";"-2";"9250";"1773514440630"
"4149";"2026-03-14 15:54:10";"23.89";"62";"939.76";"3620";"416";"";"";"";"-112";"-1.5";"9251";"1773514450652"
"4150";"2026-03-14 15:54:20";"23.89";"62";"939.8000000000001";"3640";"420";"";"";"";"-112";"-2.299999952316284";"9252";"1773514460655"
"4151";"2026-03-14 15:54:30";"23.88";"62";"939.76";"3640";"424";"";"";"";"-113";"-2.299999952316284";"9253";"1773514470652"
"4152";"2026-03-14 15:54:40";"23.88";"62";"939.78";"3660";"416";"";"";"";"-112";"-2";"9254";"1773514480662"
"4153";"2026-03-14 15:54:50";"23.88";"62";"939.76";"3620";"412";"";"";"";"-112";"-1.7999999523162842";"9255";"1773514490643"
"4154";"2026-03-14 15:55:00";"23.88";"62";"939.8000000000001";"3640";"420";"";"";"";"-113";"-2.5";"9256";"1773514500661"
"4155";"2026-03-14 15:55:10";"23.88";"62";"939.78";"3620";"420";"";"";"";"-112";"-2";"9257";"1773514510625"
"4156";"2026-03-14 15:55:20";"23.88";"62";"939.76";"3640";"424";"";"";"";"-112";"-1.7999999523162842";"9258";"1773514520664"
"4157";"2026-03-14 15:55:30";"23.88";"62";"939.76";"3620";"416";"";"";"";"-112";"-2.5";"9259";"1773514530647"
"4158";"2026-03-14 15:55:40";"23.88";"62";"939.76";"3640";"412";"";"";"";"-113";"-3.299999952316284";"9260";"1773514540658"
"4159";"2026-03-14 15:55:50";"23.87";"62";"939.76";"3660";"416";"";"";"";"-112";"-2";"9261";"1773514550656"
"4160";"2026-03-14 15:56:00";"23.87";"62";"939.78";"3620";"424";"";"";"";"-112";"-2.299999952316284";"9262";"1773514560654"
"4161";"2026-03-14 15:56:10";"23.87";"62";"939.74";"3620";"420";"";"";"";"-113";"-2";"9263";"1773514570659"
"4162";"2026-03-14 15:56:20";"23.87";"62";"939.72";"3620";"416";"";"";"";"-113";"-3.5";"9264";"1773514580661"
"4163";"2026-03-14 15:56:30";"23.87";"62";"939.72";"3640";"424";"";"";"";"-113";"-3.299999952316284";"9265";"1773514590662"
"4164";"2026-03-14 15:56:40";"23.87";"62";"939.72";"3660";"420";"";"";"";"-113";"-2.5";"9266";"1773514600662"
"4165";"2026-03-14 15:56:50";"23.87";"62";"939.72";"3620";"412";"";"";"";"-113";"-3.299999952316284";"9267";"1773514610660"
"4166";"2026-03-14 15:57:00";"23.86";"62";"939.6800000000001";"3660";"416";"";"";"";"-113";"-2.5";"9268";"1773514620626"
"4167";"2026-03-14 15:57:10";"23.86";"62";"939.72";"3620";"416";"";"";"";"-112";"-3";"9269";"1773514630653"
"4168";"2026-03-14 15:57:20";"23.86";"62";"939.74";"3620";"412";"";"";"";"-112";"-1.7999999523162842";"9270";"1773514640661"
"4169";"2026-03-14 15:57:30";"23.86";"62";"939.7";"3640";"416";"";"";"";"-113";"-2.799999952316284";"9271";"1773514650650"
"4170";"2026-03-14 15:57:40";"23.86";"62";"939.7";"3620";"416";"";"";"";"-113";"-5";"9272";"1773514660664"
"4171";"2026-03-14 15:57:50";"23.86";"62";"939.74";"3660";"420";"";"";"";"-113";"-3";"9273";"1773514670667"
"4172";"2026-03-14 15:58:00";"23.86";"62";"939.72";"3640";"424";"";"";"";"-113";"-4.300000190734863";"9274";"1773514680658"
"4173";"2026-03-14 15:58:10";"23.86";"62";"939.7";"3620";"420";"";"";"";"-112";"-1";"9275";"1773514690652"
"4174";"2026-03-14 15:58:20";"23.86";"62";"939.72";"3660";"412";"";"";"";"-113";"-4.800000190734863";"9276";"1773514700646"
"4175";"2026-03-14 15:58:30";"23.85";"62";"939.6800000000001";"3660";"412";"";"";"";"-112";"-1.5";"9277";"1773514710667"
"4176";"2026-03-14 15:58:40";"23.86";"62";"939.7";"3640";"416";"";"";"";"-113";"-2.799999952316284";"9278";"1773514720656"
"4177";"2026-03-14 15:58:50";"23.85";"62";"939.7";"3620";"424";"";"";"";"-112";"-1.5";"9279";"1773514730673"
"4178";"2026-03-14 15:59:00";"23.85";"62";"939.66";"3640";"420";"";"";"";"-112";"-2.799999952316284";"9280";"1773514740666"
"4179";"2026-03-14 15:59:10";"23.85";"62";"939.7";"3660";"420";"";"";"";"-112";"-1";"9281";"1773514750657"
"4180";"2026-03-14 15:59:20";"23.85";"62";"939.66";"3620";"416";"";"";"";"-112";"-1.2999999523162842";"9282";"1773514760660"
"4181";"2026-03-14 15:59:30";"23.86";"62";"939.6800000000001";"3640";"412";"";"";"";"-112";"-1.2999999523162842";"9283";"1773514770652"
"4182";"2026-03-14 15:59:40";"23.86";"62";"939.72";"3640";"412";"";"";"";"-113";"-2.799999952316284";"9284";"1773514780656"
"4183";"2026-03-14 15:59:50";"23.86";"62";"939.6800000000001";"3660";"412";"";"";"";"-112";"-1.5";"9285";"1773514790653"
"4184";"2026-03-14 16:00:00";"23.85";"62";"939.6800000000001";"3640";"420";"";"";"";"-113";"-3.299999952316284";"9286";"1773514800657"
"4185";"2026-03-14 16:00:10";"23.86";"62";"939.66";"3620";"412";"";"";"";"-112";"-2.5";"9287";"1773514810697"
"4186";"2026-03-14 16:00:20";"23.86";"62";"939.66";"3640";"412";"";"";"";"-113";"-2.799999952316284";"9288";"1773514820653"
"4187";"2026-03-14 16:00:30";"23.86";"62";"939.66";"3620";"412";"";"";"";"-112";"-2";"9289";"1773514830621"
"4188";"2026-03-14 16:00:40";"23.86";"62";"939.66";"3620";"416";"";"";"";"-113";"-3";"9290";"1773514840652"
"4189";"2026-03-14 16:00:50";"23.87";"62";"939.6800000000001";"3620";"412";"";"";"";"-113";"-4";"9291";"1773514850668"
"4190";"2026-03-14 16:01:00";"23.86";"62";"939.66";"3620";"408";"";"";"";"-112";"-1.7999999523162842";"9292";"1773514860655"
"4191";"2026-03-14 16:01:10";"23.87";"62";"939.64";"3660";"412";"";"";"";"-112";"-1";"9293";"1773514870652"
"4192";"2026-03-14 16:01:20";"23.87";"62";"939.64";"3640";"412";"";"";"";"-113";"-2.299999952316284";"9294";"1773514880649"
"4193";"2026-03-14 16:01:30";"23.87";"62";"939.64";"3620";"412";"";"";"";"-114";"-6.5";"9295";"1773514890659"
"4194";"2026-03-14 16:01:40";"23.88";"62";"939.64";"3640";"416";"";"";"";"-112";"-1.7999999523162842";"9296";"1773514900657"
"4195";"2026-03-14 16:01:50";"23.88";"62";"939.62";"3640";"416";"";"";"";"-112";"-1.7999999523162842";"9297";"1773514910653"
"4196";"2026-03-14 16:02:00";"23.88";"62";"939.62";"3640";"420";"";"";"";"-113";"-2.5";"9298";"1773514920665"
"4197";"2026-03-14 16:02:10";"23.88";"62";"939.64";"3620";"420";"";"";"";"-112";"-2.299999952316284";"9299";"1773514930660"
"4198";"2026-03-14 16:02:20";"23.89";"62";"939.64";"3620";"416";"";"";"";"-112";"-1.2999999523162842";"9300";"1773514940654"
"4199";"2026-03-14 16:02:30";"23.89";"62";"939.6";"3620";"412";"";"";"";"-113";"-4";"9301";"1773514950650"
"4200";"2026-03-14 16:02:40";"23.89";"62";"939.6";"3640";"408";"";"";"";"-113";"-3.799999952316284";"9302";"1773514960658"
"4201";"2026-03-14 16:02:50";"23.89";"62";"939.62";"3660";"412";"";"";"";"-112";"-1.5";"9303";"1773514970693"
"4202";"2026-03-14 16:03:00";"23.9";"62";"939.6";"3640";"420";"";"";"";"-113";"-2.5";"9304";"1773514980650"
"4203";"2026-03-14 16:03:10";"23.9";"62";"939.62";"3620";"420";"";"";"";"-113";"-2.5";"9305";"1773514990667"
"4204";"2026-03-14 16:03:20";"23.9";"62";"939.6";"3620";"420";"";"";"";"-113";"-2.5";"9306";"1773515000618"
"4205";"2026-03-14 16:03:30";"23.91";"62";"939.6";"3640";"420";"";"";"";"-113";"-2.5";"9307";"1773515010647"
"4206";"2026-03-14 16:03:40";"23.91";"61.5";"939.6";"3660";"420";"";"";"";"-112";"-1.5";"9308";"1773515020666"
"4207";"2026-03-14 16:03:50";"23.92";"62";"939.5600000000001";"3640";"412";"";"";"";"-113";"-2.5";"9309";"1773515030662"
"4208";"2026-03-14 16:04:00";"23.92";"62";"939.6";"3620";"420";"";"";"";"-113";"-4";"9310";"1773515040662"
"4209";"2026-03-14 16:04:10";"23.93";"62";"939.6";"3640";"416";"";"";"";"-112";"-1.7999999523162842";"9311";"1773515050652"
"4210";"2026-03-14 16:04:20";"23.93";"61.5";"939.6";"3620";"408";"";"";"";"-112";"-2.5";"9312";"1773515060658"
"4211";"2026-03-14 16:04:30";"23.93";"61.5";"939.62";"3660";"408";"";"";"";"-112";"-2.299999952316284";"9313";"1773515070656"
"4212";"2026-03-14 16:04:40";"23.94";"61.5";"939.6";"3620";"416";"";"";"";"-113";"-2.299999952316284";"9314";"1773515080658"
"4213";"2026-03-14 16:04:50";"23.94";"61.5";"939.6";"3640";"412";"";"";"";"-112";"-2.299999952316284";"9315";"1773515090661"
"4214";"2026-03-14 16:05:00";"23.95";"61.5";"939.58";"3620";"408";"";"";"";"-112";"-2.5";"9316";"1773515100652"
"4215";"2026-03-14 16:05:10";"23.95";"61.5";"939.6";"3620";"412";"";"";"";"-112";"-2.799999952316284";"9317";"1773515110652"
"4216";"2026-03-14 16:05:20";"23.96";"61.5";"939.58";"3660";"412";"";"";"";"-112";"-2.799999952316284";"9318";"1773515120658"
"4217";"2026-03-14 16:05:30";"23.96";"61.5";"939.62";"3640";"420";"";"";"";"-113";"-3";"9319";"1773515130659"
"4218";"2026-03-14 16:05:40";"23.97";"61.5";"939.62";"3640";"420";"";"";"";"-112";"-2.299999952316284";"9320";"1773515140665"
"4219";"2026-03-14 16:05:50";"23.97";"61.5";"939.58";"3620";"412";"";"";"";"-112";"-2";"9321";"1773515150667"
"4220";"2026-03-14 16:06:00";"23.97";"61.5";"939.6";"3620";"416";"";"";"";"-112";"-2.299999952316284";"9322";"1773515160662"
"4221";"2026-03-14 16:06:10";"23.97";"61.5";"939.58";"3620";"420";"";"";"";"-113";"-3.299999952316284";"9323";"1773515170651"
"4222";"2026-03-14 16:06:20";"23.98";"61.5";"939.6";"3620";"416";"";"";"";"-113";"-5";"9324";"1773515180659"
"4223";"2026-03-14 16:06:30";"23.98";"61.5";"939.58";"3620";"412";"";"";"";"-112";"-2.299999952316284";"9325";"1773515190655"
"4224";"2026-03-14 16:06:40";"23.99";"61.5";"939.62";"3660";"420";"";"";"";"-113";"-3.5";"9326";"1773515200658"
"4225";"2026-03-14 16:06:50";"23.99";"61.5";"939.64";"3640";"416";"";"";"";"-113";"-3";"9327";"1773515210654"
"4226";"2026-03-14 16:07:00";"24";"61.5";"939.6";"3640";"412";"";"";"";"-112";"-2.299999952316284";"9328";"1773515220658"
"4227";"2026-03-14 16:07:10";"24";"61.5";"939.64";"3620";"412";"";"";"";"-112";"-1";"9329";"1773515230662"
"4228";"2026-03-14 16:07:20";"24.01";"61.5";"939.62";"3660";"412";"";"";"";"-113";"-2.5";"9330";"1773515240661"
"4229";"2026-03-14 16:07:30";"24.01";"61.5";"939.62";"3620";"412";"";"";"";"-113";"-2.299999952316284";"9331";"1773515250659"
"4230";"2026-03-14 16:07:40";"24.01";"61.5";"939.64";"3640";"416";"";"";"";"-113";"-2.5";"9332";"1773515260657"
"4231";"2026-03-14 16:07:50";"24.02";"61.5";"939.64";"3640";"412";"";"";"";"-113";"-2.5";"9333";"1773515270659"
"4232";"2026-03-14 16:08:00";"24.02";"61.5";"939.62";"3660";"412";"";"";"";"-112";"-2";"9334";"1773515280664"
"4233";"2026-03-14 16:08:10";"24.03";"61.5";"939.64";"3620";"412";"";"";"";"-113";"-4.5";"9335";"1773515290661"
"4234";"2026-03-14 16:08:20";"24.03";"61.5";"939.62";"3620";"420";"";"";"";"-114";"-5.5";"9336";"1773515300653"
"4235";"2026-03-14 16:08:30";"24.04";"61.5";"939.66";"3620";"420";"";"";"";"-113";"-5.5";"9337";"1773515310651"
"4236";"2026-03-14 16:08:40";"24.05";"61.5";"939.64";"3620";"412";"";"";"";"-113";"-5.300000190734863";"9338";"1773515320660"
"4237";"2026-03-14 16:08:50";"24.05";"61.5";"939.64";"3640";"412";"";"";"";"-113";"-4.300000190734863";"9339";"1773515330670"
"4238";"2026-03-14 16:09:00";"24.06";"61.5";"939.6";"3620";"412";"";"";"";"-113";"-3.5";"9340";"1773515340654"
"4239";"2026-03-14 16:09:10";"24.06";"61.5";"939.62";"3620";"412";"";"";"";"-112";"-2";"9341";"1773515350680"
"4240";"2026-03-14 16:09:20";"24.06";"61.5";"939.64";"3640";"416";"";"";"";"-113";"-2.299999952316284";"9342";"1773515360655"
"4241";"2026-03-14 16:09:30";"24.07";"61.5";"939.64";"3620";"412";"";"";"";"-113";"-2.299999952316284";"9343";"1773515370629"
"4242";"2026-03-14 16:09:40";"24.07";"61.5";"939.66";"3620";"416";"";"";"";"-113";"-3.799999952316284";"9344";"1773515380651"
"4243";"2026-03-14 16:09:50";"24.08";"61.5";"939.66";"3640";"420";"";"";"";"-113";"-4.5";"9345";"1773515390626"
"4244";"2026-03-14 16:10:00";"24.08";"61.5";"939.62";"3620";"416";"";"";"";"-112";"-2.299999952316284";"9346";"1773515400658"
"4245";"2026-03-14 16:10:10";"24.09";"61.5";"939.6";"3660";"416";"";"";"";"-114";"-5.300000190734863";"9347";"1773515410649"
"4246";"2026-03-14 16:10:20";"24.09";"61.5";"939.62";"3640";"416";"";"";"";"-113";"-4";"9348";"1773515420658"
"4247";"2026-03-14 16:10:40";"24.1";"61.5";"939.64";"3620";"420";"";"";"";"-114";"-5.800000190734863";"9350";"1773515440648"
"4248";"2026-03-14 16:10:50";"24.11";"61.5";"939.64";"3620";"412";"";"";"";"-113";"-3";"9351";"1773515450652"
"4249";"2026-03-14 16:11:00";"24.11";"61.5";"939.64";"3620";"412";"";"";"";"-114";"-7.800000190734863";"9352";"1773515460653"
"4250";"2026-03-14 16:11:10";"24.12";"61.5";"939.62";"3660";"416";"";"";"";"-114";"-5";"9353";"1773515470652"
"4251";"2026-03-14 16:11:20";"24.13";"61.5";"939.64";"3640";"420";"";"";"";"-112";"-1.5";"9354";"1773515480653"
"4252";"2026-03-14 16:11:30";"24.13";"61.5";"939.6";"3620";"416";"";"";"";"-114";"-8.300000190734863";"9355";"1773515490613"
"4253";"2026-03-14 16:11:40";"24.14";"61.5";"939.64";"3660";"420";"";"";"";"-114";"-7.300000190734863";"9356";"1773515500654"
"4254";"2026-03-14 16:11:50";"24.14";"61";"939.6";"3660";"420";"";"";"";"-114";"-7.800000190734863";"9357";"1773515510659"
"4255";"2026-03-14 16:12:00";"24.14";"61";"939.6";"3640";"420";"";"";"";"-113";"-5.5";"9358";"1773515520652"
"4256";"2026-03-14 16:12:10";"24.15";"61";"939.62";"3640";"412";"";"";"";"-113";"-4.300000190734863";"9359";"1773515530662"
"4257";"2026-03-14 16:12:20";"24.16";"61.5";"939.62";"3640";"420";"";"";"";"-114";"-7.800000190734863";"9360";"1773515540654"
"4258";"2026-03-14 16:12:30";"24.16";"61";"939.64";"3620";"420";"";"";"";"-114";"-8.5";"9361";"1773515550663"
"4259";"2026-03-14 16:12:50";"24.17";"61";"939.62";"3640";"412";"";"";"";"-113";"-2.5";"9363";"1773515570651"
"4260";"2026-03-14 16:13:00";"24.18";"61";"939.66";"3620";"408";"";"";"";"-114";"-8";"9364";"1773515580661"
"4261";"2026-03-14 16:13:10";"24.18";"61";"939.64";"3660";"412";"";"";"";"-112";"-2";"9365";"1773515590642"
"4262";"2026-03-14 16:13:20";"24.18";"61";"939.64";"3620";"408";"";"";"";"-113";"-3.299999952316284";"9366";"1773515600660"
"4263";"2026-03-14 16:13:30";"24.19";"61";"939.66";"3620";"416";"";"";"";"-113";"-3";"9367";"1773515610658"
"4264";"2026-03-14 16:13:40";"24.2";"61";"939.64";"3640";"408";"";"";"";"-112";"-2.799999952316284";"9368";"1773515620664"
"4265";"2026-03-14 16:13:50";"24.2";"61";"939.66";"3620";"408";"";"";"";"-112";"-2.299999952316284";"9369";"1773515630649"
"4266";"2026-03-14 16:14:00";"24.21";"61";"939.66";"3640";"408";"";"";"";"-112";"-1.7999999523162842";"9370";"1773515640642"
"4267";"2026-03-14 16:14:10";"24.21";"61";"939.66";"3620";"408";"";"";"";"-112";"-1.2999999523162842";"9371";"1773515650655"
"4268";"2026-03-14 16:14:20";"24.22";"61";"939.62";"3620";"408";"";"";"";"-113";"-2";"9372";"1773515660656"
"4269";"2026-03-14 16:14:30";"24.22";"61";"939.62";"3640";"416";"";"";"";"-113";"-5.300000190734863";"9373";"1773515670652"
"4270";"2026-03-14 16:14:40";"24.22";"61";"939.64";"3660";"416";"";"";"";"-114";"-6";"9374";"1773515680658"
"4271";"2026-03-14 16:14:50";"24.23";"61";"939.66";"3620";"404";"";"";"";"-113";"-5.800000190734863";"9375";"1773515690666"
"4272";"2026-03-14 16:15:00";"24.24";"61";"939.62";"3660";"412";"";"";"";"-113";"-3";"9376";"1773515700687"
"4273";"2026-03-14 16:15:10";"24.24";"61";"939.62";"3620";"408";"";"";"";"-112";"-2.5";"9377";"1773515710661"
"4274";"2026-03-14 16:15:20";"24.24";"61";"939.62";"3660";"404";"";"";"";"-112";"-2";"9378";"1773515720646"
"4275";"2026-03-14 16:15:30";"24.25";"61";"939.64";"3660";"416";"";"";"";"-113";"-4";"9379";"1773515730655"
"4276";"2026-03-14 16:15:40";"24.25";"61";"939.62";"3640";"408";"";"";"";"-113";"-2.799999952316284";"9380";"1773515740653"
"4277";"2026-03-14 16:15:50";"24.26";"61";"939.62";"3660";"408";"";"";"";"-112";"-0.5";"9381";"1773515750656"
"4278";"2026-03-14 16:16:00";"24.26";"61";"939.62";"3660";"404";"";"";"";"-113";"-2.799999952316284";"9382";"1773515760617"
"4279";"2026-03-14 16:16:10";"24.27";"61";"939.62";"3620";"412";"";"";"";"-112";"-1.7999999523162842";"9383";"1773515770648"
"4280";"2026-03-14 16:16:20";"24.27";"61";"939.62";"3620";"412";"";"";"";"-112";"-1";"9384";"1773515780645"
"4281";"2026-03-14 16:16:30";"24.28";"61";"939.62";"3660";"408";"";"";"";"-112";"-1.5";"9385";"1773515790643"
"4282";"2026-03-14 16:16:40";"24.28";"61";"939.6";"3660";"408";"";"";"";"-112";"-2";"9386";"1773515800645"
"4283";"2026-03-14 16:16:50";"24.29";"61";"939.58";"3640";"408";"";"";"";"-113";"-3.299999952316284";"9387";"1773515810665"
"4284";"2026-03-14 16:17:00";"24.29";"61";"939.6";"3660";"412";"";"";"";"-113";"-2.299999952316284";"9388";"1773515820645"
"4285";"2026-03-14 16:17:10";"24.3";"61";"939.62";"3620";"416";"";"";"";"-112";"-1.7999999523162842";"9389";"1773515830651"
"4286";"2026-03-14 16:17:20";"24.31";"61";"939.6";"3620";"408";"";"";"";"-112";"-1.5";"9390";"1773515840648"
"4287";"2026-03-14 16:17:30";"24.31";"61";"939.62";"3620";"408";"";"";"";"-112";"-1.7999999523162842";"9391";"1773515850644"
"4288";"2026-03-14 16:17:40";"24.31";"61";"939.62";"3640";"412";"";"";"";"-113";"-3.5";"9392";"1773515860652"
"4289";"2026-03-14 16:17:50";"24.32";"61";"939.6";"3620";"408";"";"";"";"-113";"-3.299999952316284";"9393";"1773515870626"
"4290";"2026-03-14 16:18:00";"24.32";"61";"939.58";"3640";"416";"";"";"";"-112";"-2.299999952316284";"9394";"1773515880623"
"4291";"2026-03-14 16:18:10";"24.33";"61";"939.62";"3620";"412";"";"";"";"-113";"-2.799999952316284";"9395";"1773515890649"
"4292";"2026-03-14 16:18:20";"24.34";"61";"939.6";"3620";"416";"";"";"";"-112";"-2";"9396";"1773515900651"
"4293";"2026-03-14 16:18:30";"24.34";"61";"939.64";"3620";"408";"";"";"";"-112";"-1.5";"9397";"1773515910656"
"4294";"2026-03-14 16:18:40";"24.34";"61";"939.6";"3620";"416";"";"";"";"-112";"-2";"9398";"1773515920651"
"4295";"2026-03-14 16:18:50";"24.35";"61";"939.58";"3660";"416";"";"";"";"-113";"-3.299999952316284";"9399";"1773515930654"
"4296";"2026-03-14 16:19:00";"24.35";"61";"939.6";"3640";"408";"";"";"";"-112";"-2.5";"9400";"1773515940647"
"4297";"2026-03-14 16:19:10";"24.36";"61";"939.62";"3620";"412";"";"";"";"-113";"-4";"9401";"1773515950650"
"4298";"2026-03-14 16:19:20";"24.36";"61";"939.58";"3640";"408";"";"";"";"-113";"-5.800000190734863";"9402";"1773515960648"
"4299";"2026-03-14 16:19:40";"24.38";"61";"939.6";"3620";"408";"";"";"";"-113";"-4.800000190734863";"9404";"1773515980632"
"4300";"2026-03-14 16:19:50";"24.38";"61";"939.58";"3620";"412";"";"";"";"-114";"-5.5";"9405";"1773515990660"
"4301";"2026-03-14 16:20:00";"24.38";"61";"939.6";"3640";"408";"";"";"";"-113";"-4";"9406";"1773516000645"
"4302";"2026-03-14 16:20:10";"24.39";"61";"939.58";"3640";"412";"";"";"";"-113";"-4";"9407";"1773516010673"
"4303";"2026-03-14 16:20:20";"24.39";"61";"939.58";"3620";"404";"";"";"";"-114";"-7.300000190734863";"9408";"1773516020626"
"4304";"2026-03-14 16:20:40";"24.4";"61";"939.58";"3640";"408";"";"";"";"-114";"-7";"9410";"1773516040654"
"4305";"2026-03-14 16:21:00";"24.41";"61";"939.6";"3620";"412";"";"";"";"-114";"-6.300000190734863";"9412";"1773516060663"
"4306";"2026-03-14 16:21:10";"24.42";"61";"939.5600000000001";"3620";"408";"";"";"";"-113";"-5";"9413";"1773516070647"
"4307";"2026-03-14 16:21:20";"24.42";"61";"939.5600000000001";"3640";"412";"";"";"";"-113";"-2.5";"9414";"1773516080661"
"4308";"2026-03-14 16:21:30";"24.43";"61";"939.6";"3620";"404";"";"";"";"-114";"-6.800000190734863";"9415";"1773516090649"
"4309";"2026-03-14 16:21:40";"24.43";"60.5";"939.5600000000001";"3620";"408";"";"";"";"-114";"-5.5";"9416";"1773516100660"
"4310";"2026-03-14 16:21:50";"24.43";"60.5";"939.58";"3620";"412";"";"";"";"-113";"-4.300000190734863";"9417";"1773516110659"
"4311";"2026-03-14 16:22:00";"24.44";"60.5";"939.6";"3620";"408";"";"";"";"-112";"-2";"9418";"1773516120643"
"4312";"2026-03-14 16:22:10";"24.44";"60.5";"939.58";"3620";"412";"";"";"";"-113";"-1.7999999523162842";"9419";"1773516130652"
"4313";"2026-03-14 16:22:20";"24.45";"60.5";"939.5600000000001";"3660";"412";"";"";"";"-113";"-5.300000190734863";"9420";"1773516140659"
"4314";"2026-03-14 16:22:30";"24.45";"60.5";"939.6";"3640";"408";"";"";"";"-114";"-6.300000190734863";"9421";"1773516150652"
"4315";"2026-03-14 16:22:40";"24.46";"60.5";"939.58";"3660";"404";"";"";"";"-114";"-5.800000190734863";"9422";"1773516160657"
"4316";"2026-03-14 16:22:50";"24.47";"60.5";"939.62";"3620";"404";"";"";"";"-113";"-3";"9423";"1773516170649"
"4317";"2026-03-14 16:23:00";"24.47";"60.5";"939.6";"3640";"404";"";"";"";"-112";"-3";"9424";"1773516180653"
"4318";"2026-03-14 16:23:10";"24.48";"60.5";"939.58";"3620";"404";"";"";"";"-113";"-4.5";"9425";"1773516190647"
"4319";"2026-03-14 16:23:20";"24.48";"60.5";"939.6";"3620";"396";"";"";"";"-112";"-2";"9426";"1773516200610"
"4320";"2026-03-14 16:23:30";"24.48";"60.5";"939.58";"3620";"396";"";"";"";"-113";"-3.5";"9427";"1773516210646"
"4321";"2026-03-14 16:23:40";"24.49";"60.5";"939.6";"3620";"400";"";"";"";"-112";"-1.5";"9428";"1773516220649"
"4322";"2026-03-14 16:23:50";"24.49";"60.5";"939.5600000000001";"3620";"408";"";"";"";"-112";"-1.5";"9429";"1773516230667"
"4323";"2026-03-14 16:24:00";"24.49";"60.5";"939.58";"3620";"408";"";"";"";"-114";"-6";"9430";"1773516240613"
"4324";"2026-03-14 16:24:10";"24.5";"60.5";"939.6";"3640";"404";"";"";"";"-114";"-6";"9431";"1773516250646"
"4325";"2026-03-14 16:24:20";"24.5";"60.5";"939.58";"3620";"400";"";"";"";"-113";"-4";"9432";"1773516260661"
"4326";"2026-03-14 16:24:30";"24.51";"60.5";"939.6";"3660";"404";"";"";"";"-112";"-1.7999999523162842";"9433";"1773516270655"
"4327";"2026-03-14 16:24:40";"24.51";"60.5";"939.6";"3620";"408";"";"";"";"-112";"-2.299999952316284";"9434";"1773516280659"
"4328";"2026-03-14 16:24:50";"24.51";"60.5";"939.58";"3660";"400";"";"";"";"-113";"-3.799999952316284";"9435";"1773516290658"
"4329";"2026-03-14 16:25:00";"24.52";"60.5";"939.58";"3620";"404";"";"";"";"-113";"-4.5";"9436";"1773516300614"
"4330";"2026-03-14 16:25:10";"24.53";"60.5";"939.6";"3620";"396";"";"";"";"-113";"-5.5";"9437";"1773516310653"
"4331";"2026-03-14 16:25:20";"24.53";"60.5";"939.58";"3620";"404";"";"";"";"-113";"-4.5";"9438";"1773516320648"
"4332";"2026-03-14 16:25:30";"24.53";"60.5";"939.5600000000001";"3640";"400";"";"";"";"-113";"-4.800000190734863";"9439";"1773516330654"
"4333";"2026-03-14 16:25:40";"24.54";"60.5";"939.58";"3620";"408";"";"";"";"-113";"-3.799999952316284";"9440";"1773516340762"
"4334";"2026-03-14 16:25:50";"24.54";"60.5";"939.54";"3640";"400";"";"";"";"-113";"-2.799999952316284";"9441";"1773516350663"
"4335";"2026-03-14 16:26:00";"24.54";"60.5";"939.5600000000001";"3660";"404";"";"";"";"-112";"-1.7999999523162842";"9442";"1773516360631"
"4336";"2026-03-14 16:26:10";"24.55";"60.5";"939.58";"3640";"408";"";"";"";"-112";"-1";"9443";"1773516370659"
"4337";"2026-03-14 16:26:20";"24.55";"60.5";"939.58";"3620";"404";"";"";"";"-112";"-0.800000011920929";"9444";"1773516380655"
"4338";"2026-03-14 16:26:30";"24.55";"60.5";"939.58";"3660";"408";"";"";"";"-112";"-1.2999999523162842";"9445";"1773516390651"
"4339";"2026-03-14 16:26:40";"24.56";"60.5";"939.54";"3620";"396";"";"";"";"-112";"-2.299999952316284";"9446";"1773516400656"
"4340";"2026-03-14 16:26:50";"24.56";"60.5";"939.5600000000001";"3620";"408";"";"";"";"-112";"-2.299999952316284";"9447";"1773516410645"
"4341";"2026-03-14 16:27:00";"24.57";"60.5";"939.6";"3660";"404";"";"";"";"-112";"-2";"9448";"1773516420643"
"4342";"2026-03-14 16:27:10";"24.57";"60.5";"939.5600000000001";"3660";"404";"";"";"";"-112";"-1.7999999523162842";"9449";"1773516430652"
"4343";"2026-03-14 16:27:20";"24.57";"60.5";"939.5600000000001";"3620";"404";"";"";"";"-113";"-2.5";"9450";"1773516440657"
"4344";"2026-03-14 16:27:30";"24.57";"60.5";"939.54";"3640";"408";"";"";"";"-112";"-1.7999999523162842";"9451";"1773516450648"
"4345";"2026-03-14 16:27:40";"24.58";"60.5";"939.5600000000001";"3640";"408";"";"";"";"-112";"-1.5";"9452";"1773516460654"
"4346";"2026-03-14 16:27:50";"24.58";"60.5";"939.5600000000001";"3620";"400";"";"";"";"-112";"-1.2999999523162842";"9453";"1773516470630"
"4347";"2026-03-14 16:28:00";"24.59";"60.5";"939.5600000000001";"3660";"404";"";"";"";"-112";"-1.7999999523162842";"9454";"1773516480674"
"4348";"2026-03-14 16:28:10";"24.59";"60.5";"939.58";"3620";"408";"";"";"";"-112";"-1";"9455";"1773516490650"
"4349";"2026-03-14 16:28:20";"24.59";"60.5";"939.54";"3660";"404";"";"";"";"-112";"-1.5";"9456";"1773516500650"
"4350";"2026-03-14 16:28:30";"24.6";"60.5";"939.5600000000001";"3640";"404";"";"";"";"-113";"-2.5";"9457";"1773516510650"
"4351";"2026-03-14 16:28:40";"24.59";"60.5";"939.54";"3600";"400";"";"";"";"-113";"-3.299999952316284";"9458";"1773516520658"
"4352";"2026-03-14 16:28:50";"24.6";"60.5";"939.5600000000001";"3620";"396";"";"";"";"-113";"-2.799999952316284";"9459";"1773516530643"
"4353";"2026-03-14 16:29:00";"24.6";"60.5";"939.5600000000001";"3620";"396";"";"";"";"-112";"-2.299999952316284";"9460";"1773516540620"
"4354";"2026-03-14 16:29:10";"24.6";"60.5";"939.5600000000001";"3620";"396";"";"";"";"-112";"-2.299999952316284";"9461";"1773516550619"
"4355";"2026-03-14 16:29:20";"24.6";"60.5";"939.54";"3640";"396";"";"";"";"-113";"-4";"9462";"1773516560656"
"4356";"2026-03-14 16:29:30";"24.6";"60.5";"939.54";"3620";"404";"";"";"";"-112";"-1";"9463";"1773516570651"
"4357";"2026-03-14 16:29:40";"24.61";"60.5";"939.58";"3620";"400";"";"";"";"-113";"-2.299999952316284";"9464";"1773516580654"
"4358";"2026-03-14 16:29:50";"24.61";"60.5";"939.54";"3620";"396";"";"";"";"-113";"-2.5";"9465";"1773516590652"
"4359";"2026-03-14 16:30:00";"24.61";"60.5";"939.54";"3620";"400";"";"";"";"-112";"-1";"9466";"1773516600619"
"4360";"2026-03-14 16:30:10";"24.61";"60.5";"939.52";"3620";"400";"";"";"";"-113";"-2.5";"9467";"1773516610640"
"4361";"2026-03-14 16:30:20";"24.61";"60.5";"939.54";"3620";"396";"";"";"";"-112";"-2.299999952316284";"9468";"1773516620642"
"4362";"2026-03-14 16:30:30";"24.62";"60.5";"939.58";"3620";"404";"";"";"";"-112";"-1.2999999523162842";"9469";"1773516630648"
"4363";"2026-03-14 16:30:40";"24.61";"60.5";"939.54";"3660";"404";"";"";"";"-113";"-3.799999952316284";"9470";"1773516640654"
"4364";"2026-03-14 16:30:50";"24.61";"60.5";"939.5600000000001";"3620";"396";"";"";"";"-112";"-1";"9471";"1773516650669"
"4365";"2026-03-14 16:31:00";"24.61";"60.5";"939.5600000000001";"3620";"408";"";"";"";"-112";"-1.5";"9472";"1773516660644"
"4366";"2026-03-14 16:31:10";"24.61";"60.5";"939.5600000000001";"3640";"408";"";"";"";"-112";"-1.5";"9473";"1773516670646"
"4367";"2026-03-14 16:31:20";"24.6";"60.5";"939.54";"3620";"404";"";"";"";"-113";"-3.799999952316284";"9474";"1773516680651"
"4368";"2026-03-14 16:31:30";"24.6";"60.5";"939.54";"3620";"396";"";"";"";"-112";"-1.2999999523162842";"9475";"1773516690650"
"4369";"2026-03-14 16:31:40";"24.6";"60.5";"939.5600000000001";"3620";"408";"";"";"";"-113";"-2.299999952316284";"9476";"1773516700645"
"4370";"2026-03-14 16:31:50";"24.6";"60.5";"939.52";"3620";"404";"";"";"";"-112";"-2.299999952316284";"9477";"1773516710648"
"4371";"2026-03-14 16:32:00";"24.6";"60.5";"939.58";"3640";"408";"";"";"";"-112";"-0.800000011920929";"9478";"1773516720650"
"4372";"2026-03-14 16:32:10";"24.59";"60.5";"939.52";"3620";"396";"";"";"";"-111";"-0.800000011920929";"9479";"1773516730646"
"4373";"2026-03-14 16:32:20";"24.59";"60.5";"939.5600000000001";"3620";"396";"";"";"";"-112";"-1.2999999523162842";"9480";"1773516740655"
"4374";"2026-03-14 16:32:30";"24.59";"60.5";"939.54";"3600";"400";"";"";"";"-112";"-1.2999999523162842";"9481";"1773516750651"
"4375";"2026-03-14 16:32:40";"24.58";"60.5";"939.54";"3620";"396";"";"";"";"-112";"-1.5";"9482";"1773516760658"
"4376";"2026-03-14 16:32:50";"24.58";"60.5";"939.54";"3620";"396";"";"";"";"-112";"-2.5";"9483";"1773516770656"
"4377";"2026-03-14 16:33:00";"24.58";"60.5";"939.52";"3640";"392";"";"";"";"-112";"-2";"9484";"1773516780646"
"4378";"2026-03-14 16:33:10";"24.58";"60.5";"939.5600000000001";"3640";"388";"";"";"";"-112";"-1";"9485";"1773516790650"
"4379";"2026-03-14 16:33:20";"24.57";"60.5";"939.5600000000001";"3640";"396";"";"";"";"-112";"-1.5";"9486";"1773516800654"
"4380";"2026-03-14 16:33:30";"24.57";"60.5";"939.5600000000001";"3640";"392";"";"";"";"-112";"-2.5";"9487";"1773516810649"
"4381";"2026-03-14 16:33:40";"24.57";"60.5";"939.52";"3620";"388";"";"";"";"-113";"-2.799999952316284";"9488";"1773516820651"
"4382";"2026-03-14 16:33:50";"24.56";"60.5";"939.5600000000001";"3640";"392";"";"";"";"-112";"-2.799999952316284";"9489";"1773516830643"
"4383";"2026-03-14 16:34:00";"24.56";"60.5";"939.5600000000001";"3640";"384";"";"";"";"-112";"-1";"9490";"1773516840640"
"4384";"2026-03-14 16:34:10";"24.55";"60.5";"939.52";"3620";"388";"";"";"";"-112";"-0.800000011920929";"9491";"1773516850648"
"4385";"2026-03-14 16:34:20";"24.55";"60.5";"939.54";"3620";"388";"";"";"";"-112";"-2";"9492";"1773516860643"
"4386";"2026-03-14 16:34:30";"24.54";"60.5";"939.5";"3640";"392";"";"";"";"-112";"-0.800000011920929";"9493";"1773516870646"
"4387";"2026-03-14 16:34:40";"24.54";"60.5";"939.5600000000001";"3620";"388";"";"";"";"-113";"-2.799999952316284";"9494";"1773516880618"
"4388";"2026-03-14 16:34:50";"24.53";"60.5";"939.5600000000001";"3620";"396";"";"";"";"-112";"-2.5";"9495";"1773516890647"
"4389";"2026-03-14 16:35:00";"24.52";"60.5";"939.52";"3620";"388";"";"";"";"-112";"-0.800000011920929";"9496";"1773516900646"
"4390";"2026-03-14 16:35:10";"24.52";"60.5";"939.52";"3620";"388";"";"";"";"-112";"-1";"9497";"1773516910651"
"4391";"2026-03-14 16:35:20";"24.52";"60.5";"939.52";"3620";"388";"";"";"";"-112";"-0.800000011920929";"9498";"1773516920651"
"4392";"2026-03-14 16:35:30";"24.5";"60.5";"939.54";"3620";"384";"";"";"";"-111";"0.30000001192092896";"9499";"1773516930648"
"4393";"2026-03-14 16:35:40";"24.5";"60.5";"939.5";"3620";"388";"";"";"";"-112";"-0.800000011920929";"9500";"1773516940642"
"4394";"2026-03-14 16:35:50";"24.5";"60.5";"939.52";"3620";"396";"";"";"";"-112";"-1.7999999523162842";"9501";"1773516950650"
"4395";"2026-03-14 16:36:00";"24.49";"60.5";"939.52";"3620";"388";"";"";"";"-112";"0";"9502";"1773516960620"
"4396";"2026-03-14 16:36:10";"24.48";"60.5";"939.54";"3660";"400";"";"";"";"-113";"-2.5";"9503";"1773516970653"
"4397";"2026-03-14 16:36:20";"24.48";"60.5";"939.52";"3600";"392";"";"";"";"-112";"-1";"9504";"1773516980644"
"4398";"2026-03-14 16:36:30";"24.47";"61";"939.52";"3600";"392";"";"";"";"-112";"-2.299999952316284";"9505";"1773516990646"
"4399";"2026-03-14 16:36:40";"24.46";"60.5";"939.5";"3640";"388";"";"";"";"-112";"-0.800000011920929";"9506";"1773517000653"
"4400";"2026-03-14 16:36:50";"24.45";"61";"939.54";"3620";"396";"";"";"";"-114";"-6";"9507";"1773517010633"
"4401";"2026-03-14 16:37:00";"24.44";"61";"939.5";"3640";"400";"";"";"";"-112";"-1.7999999523162842";"9508";"1773517020680"
"4402";"2026-03-14 16:37:10";"24.44";"61";"939.48";"3640";"392";"";"";"";"-112";"-1.5";"9509";"1773517030647"
"4403";"2026-03-14 16:37:20";"24.43";"61";"939.5";"3620";"404";"";"";"";"-113";"-4.5";"9510";"1773517040642"
"4404";"2026-03-14 16:37:30";"24.42";"61";"939.46";"3660";"396";"";"";"";"-111";"0.30000001192092896";"9511";"1773517050646"
"4405";"2026-03-14 16:37:40";"24.42";"61";"939.48";"3620";"404";"";"";"";"-112";"-1.5";"9512";"1773517060646"
"4406";"2026-03-14 16:37:50";"24.41";"61";"939.5";"3640";"404";"";"";"";"-113";"-3.299999952316284";"9513";"1773517070646"
"4407";"2026-03-14 16:38:00";"24.4";"61";"939.46";"3620";"396";"";"";"";"-113";"-3.299999952316284";"9514";"1773517080614"
"4408";"2026-03-14 16:38:10";"24.39";"61";"939.46";"3640";"404";"";"";"";"-113";"-3.299999952316284";"9515";"1773517090656"
"4409";"2026-03-14 16:38:20";"24.39";"61";"939.48";"3620";"396";"";"";"";"-112";"-2";"9516";"1773517100653"
"4410";"2026-03-14 16:38:30";"24.38";"61";"939.5";"3620";"404";"";"";"";"-112";"-2.5";"9517";"1773517110646"
"4411";"2026-03-14 16:38:40";"24.37";"61";"939.48";"3620";"396";"";"";"";"-113";"-4.5";"9518";"1773517120642"
"4412";"2026-03-14 16:38:50";"24.37";"61";"939.48";"3620";"396";"";"";"";"-112";"-1.5";"9519";"1773517130646"
"4413";"2026-03-14 16:39:00";"24.36";"61";"939.46";"3620";"400";"";"";"";"-112";"-0.800000011920929";"9520";"1773517140623"
"4414";"2026-03-14 16:39:10";"24.35";"61";"939.48";"3620";"400";"";"";"";"-112";"-1.5";"9521";"1773517150644"
"4415";"2026-03-14 16:39:20";"24.35";"61";"939.48";"3620";"400";"";"";"";"-112";"-0.800000011920929";"9522";"1773517160646"
"4416";"2026-03-14 16:39:30";"24.34";"61";"939.48";"3620";"404";"";"";"";"-112";"-2.299999952316284";"9523";"1773517170648"
"4417";"2026-03-14 16:39:40";"24.33";"61";"939.46";"3620";"404";"";"";"";"-112";"-1.5";"9524";"1773517180653"
"4418";"2026-03-14 16:39:50";"24.33";"61";"939.44";"3640";"392";"";"";"";"-113";"-3.5";"9525";"1773517190641"
"4419";"2026-03-14 16:40:00";"24.32";"61";"939.46";"3620";"404";"";"";"";"-112";"-2.5";"9526";"1773517200648"
"4420";"2026-03-14 16:40:10";"24.31";"61";"939.44";"3640";"400";"";"";"";"-112";"-1.7999999523162842";"9527";"1773517210652"
"4421";"2026-03-14 16:40:20";"24.31";"61";"939.46";"3620";"404";"";"";"";"-112";"-1";"9528";"1773517220647"
"4422";"2026-03-14 16:40:30";"24.3";"61";"939.46";"3640";"400";"";"";"";"-112";"-1.5";"9529";"1773517230651"
"4423";"2026-03-14 16:40:40";"24.29";"61";"939.46";"3620";"396";"";"";"";"-112";"-1.2999999523162842";"9530";"1773517240643"
"4424";"2026-03-14 16:40:50";"24.29";"61";"939.44";"3600";"396";"";"";"";"-112";"-1.5";"9531";"1773517250662"
"4425";"2026-03-14 16:41:00";"24.28";"61";"939.48";"3620";"400";"";"";"";"-112";"-1.7999999523162842";"9532";"1773517260652"
"4426";"2026-03-14 16:41:10";"24.28";"61";"939.46";"3620";"388";"";"";"";"-112";"-0.800000011920929";"9533";"1773517270650"
"4427";"2026-03-14 16:41:20";"24.27";"61";"939.44";"3620";"392";"";"";"";"-112";"-2";"9534";"1773517280649"
"4428";"2026-03-14 16:41:30";"24.26";"61";"939.44";"3620";"392";"";"";"";"-112";"-2.5";"9535";"1773517290638"
"4429";"2026-03-14 16:41:40";"24.26";"61";"939.46";"3640";"392";"";"";"";"-112";"-1.7999999523162842";"9536";"1773517300651"
"4430";"2026-03-14 16:41:50";"24.25";"61";"939.44";"3620";"392";"";"";"";"-112";"-2";"9537";"1773517310647"
"4431";"2026-03-14 16:42:00";"24.25";"61";"939.46";"3640";"392";"";"";"";"-112";"-0.800000011920929";"9538";"1773517320651"
"4432";"2026-03-14 16:42:10";"24.24";"61";"939.44";"3620";"396";"";"";"";"-112";"-1";"9539";"1773517330649"
"4433";"2026-03-14 16:42:20";"24.23";"61";"939.44";"3620";"396";"";"";"";"-112";"-0.5";"9540";"1773517340650"
"4434";"2026-03-14 16:42:30";"24.22";"61";"939.46";"3640";"392";"";"";"";"-112";"-1.7999999523162842";"9541";"1773517350642"
"4435";"2026-03-14 16:42:40";"24.22";"61";"939.44";"3640";"392";"";"";"";"-112";"-0.800000011920929";"9542";"1773517360655"
"4436";"2026-03-14 16:42:50";"24.21";"61.5";"939.4200000000001";"3600";"384";"";"";"";"-112";"-1.7999999523162842";"9543";"1773517370645"
"4437";"2026-03-14 16:43:00";"24.2";"61.5";"939.44";"3660";"384";"";"";"";"-112";"-2";"9544";"1773517380656"
"4438";"2026-03-14 16:43:10";"24.19";"61.5";"939.4200000000001";"3600";"388";"";"";"";"-112";"-1.2999999523162842";"9545";"1773517390648"
"4439";"2026-03-14 16:43:20";"24.19";"61.5";"939.44";"3640";"388";"";"";"";"-112";"-1.2999999523162842";"9546";"1773517400652"
"4440";"2026-03-14 16:43:30";"24.18";"61.5";"939.44";"3620";"388";"";"";"";"-112";"-0.30000001192092896";"9547";"1773517410656"
"4441";"2026-03-14 16:43:40";"24.18";"61.5";"939.46";"3640";"388";"";"";"";"-112";"-1";"9548";"1773517420650"
"4442";"2026-03-14 16:43:50";"24.16";"61.5";"939.4200000000001";"3600";"396";"";"";"";"-112";"-1";"9549";"1773517430647"
"4443";"2026-03-14 16:44:00";"24.16";"61.5";"939.4200000000001";"3640";"392";"";"";"";"-112";"-0.30000001192092896";"9550";"1773517440651"
"4444";"2026-03-14 16:44:10";"24.15";"61.5";"939.4";"3620";"388";"";"";"";"-112";"-1";"9551";"1773517450616"
"4445";"2026-03-14 16:44:20";"24.15";"61.5";"939.46";"3640";"396";"";"";"";"-112";"-1.5";"9552";"1773517460653"
"4446";"2026-03-14 16:44:30";"24.14";"61.5";"939.4200000000001";"3640";"392";"";"";"";"-112";"-1.7999999523162842";"9553";"1773517470632"
"4447";"2026-03-14 16:44:40";"24.14";"61.5";"939.4";"3620";"396";"";"";"";"-113";"-2.299999952316284";"9554";"1773517480655"
"4448";"2026-03-14 16:44:50";"24.12";"61.5";"939.44";"3620";"396";"";"";"";"-112";"-0.800000011920929";"9555";"1773517490648"
"4449";"2026-03-14 16:45:00";"24.12";"61.5";"939.4";"3640";"396";"";"";"";"-112";"-1.2999999523162842";"9556";"1773517500652"
"4450";"2026-03-14 16:45:10";"24.11";"61.5";"939.44";"3620";"392";"";"";"";"-112";"-0.800000011920929";"9557";"1773517510644"
"4451";"2026-03-14 16:45:20";"24.1";"61.5";"939.4";"3640";"400";"";"";"";"-112";"-1";"9558";"1773517520655"
"4452";"2026-03-14 16:45:30";"24.09";"61.5";"939.4200000000001";"3620";"400";"";"";"";"-112";"-2.299999952316284";"9559";"1773517530643"
"4453";"2026-03-14 16:45:40";"24.09";"61.5";"939.4200000000001";"3600";"400";"";"";"";"-112";"-1.7999999523162842";"9560";"1773517540645"
"4454";"2026-03-14 16:45:50";"24.09";"61.5";"939.46";"3620";"392";"";"";"";"-112";"-2";"9561";"1773517550640"
"4455";"2026-03-14 16:46:00";"24.08";"61.5";"939.4200000000001";"3620";"392";"";"";"";"-112";"-1.5";"9562";"1773517560658"
"4456";"2026-03-14 16:46:10";"24.07";"61.5";"939.46";"3620";"388";"";"";"";"-113";"-2.799999952316284";"9563";"1773517570646"
"4457";"2026-03-14 16:46:20";"24.07";"61.5";"939.46";"3600";"400";"";"";"";"-113";"-2.799999952316284";"9564";"1773517580653"
"4458";"2026-03-14 16:46:30";"24.06";"61.5";"939.4200000000001";"3620";"392";"";"";"";"-111";"0.5";"9565";"1773517590646"
"4459";"2026-03-14 16:46:40";"24.05";"61.5";"939.4200000000001";"3620";"384";"";"";"";"-112";"-1.5";"9566";"1773517600649"
"4460";"2026-03-14 16:46:50";"24.04";"61.5";"939.4200000000001";"3640";"392";"";"";"";"-112";"-1.2999999523162842";"9567";"1773517610641"
"4461";"2026-03-14 16:47:00";"24.04";"61.5";"939.44";"3620";"396";"";"";"";"-113";"-1.7999999523162842";"9568";"1773517620627"
"4462";"2026-03-14 16:47:10";"24.04";"61.5";"939.46";"3640";"392";"";"";"";"-112";"-1.5";"9569";"1773517630667"
"4463";"2026-03-14 16:47:20";"24.04";"61.5";"939.46";"3620";"384";"";"";"";"-112";"-1.5";"9570";"1773517640640"
"4464";"2026-03-14 16:47:30";"24.02";"61.5";"939.46";"3640";"392";"";"";"";"-112";"-2.299999952316284";"9571";"1773517650623"
"4465";"2026-03-14 16:47:40";"24.02";"61.5";"939.46";"3620";"400";"";"";"";"-113";"-3";"9572";"1773517660647"
"4466";"2026-03-14 16:47:50";"24.01";"61.5";"939.46";"3600";"392";"";"";"";"-113";"-2";"9573";"1773517670651"
"4467";"2026-03-14 16:48:00";"24.01";"61.5";"939.46";"3640";"400";"";"";"";"-112";"-0.800000011920929";"9574";"1773517680649"
"4468";"2026-03-14 16:48:10";"24";"61.5";"939.48";"3640";"400";"";"";"";"-112";"-1.7999999523162842";"9575";"1773517690649"
"4469";"2026-03-14 16:48:20";"24";"61.5";"939.46";"3600";"388";"";"";"";"-112";"-0.800000011920929";"9576";"1773517700639"
"4470";"2026-03-14 16:48:30";"23.99";"61.5";"939.44";"3600";"392";"";"";"";"-112";"-0.5";"9577";"1773517710650"
"4471";"2026-03-14 16:48:40";"23.98";"61.5";"939.46";"3600";"388";"";"";"";"-111";"1";"9578";"1773517720640"
"4472";"2026-03-14 16:48:50";"23.98";"61.5";"939.48";"3640";"396";"";"";"";"-113";"-3.299999952316284";"9579";"1773517730649"
"4473";"2026-03-14 16:49:00";"23.97";"61.5";"939.48";"3600";"396";"";"";"";"-114";"-7.800000190734863";"9580";"1773517740648"
"4474";"2026-03-14 16:49:10";"23.97";"61.5";"939.48";"3600";"388";"";"";"";"-113";"-4.800000190734863";"9581";"1773517750637"
"4475";"2026-03-14 16:49:20";"23.97";"61.5";"939.5";"3620";"392";"";"";"";"-113";"-2.799999952316284";"9582";"1773517760647"
"4476";"2026-03-14 16:49:30";"23.96";"61.5";"939.48";"3640";"388";"";"";"";"-113";"-2";"9583";"1773517770640"
"4477";"2026-03-14 16:49:40";"23.95";"61.5";"939.5";"3620";"392";"";"";"";"-113";"-3.299999952316284";"9584";"1773517780648"
"4478";"2026-03-14 16:49:50";"23.95";"61.5";"939.5";"3620";"392";"";"";"";"-113";"-2.799999952316284";"9585";"1773517790642"
"4479";"2026-03-14 16:50:00";"23.94";"61.5";"939.5";"3600";"392";"";"";"";"-112";"-1";"9586";"1773517800645"
"4480";"2026-03-14 16:50:10";"23.93";"61.5";"939.48";"3640";"392";"";"";"";"-113";"-2.299999952316284";"9587";"1773517810645"
"4481";"2026-03-14 16:50:20";"23.93";"61.5";"939.5";"3640";"388";"";"";"";"-114";"-6.5";"9588";"1773517820640"
"4482";"2026-03-14 16:50:30";"23.92";"61.5";"939.48";"3620";"392";"";"";"";"-114";"-5.5";"9589";"1773517830610"
"4483";"2026-03-14 16:50:40";"23.92";"62";"939.48";"3640";"392";"";"";"";"-114";"-5";"9590";"1773517840649"
"4484";"2026-03-14 16:50:50";"23.91";"62";"939.48";"3600";"384";"";"";"";"-113";"-2.799999952316284";"9591";"1773517850648"
"4485";"2026-03-14 16:51:00";"23.91";"62";"939.5";"3640";"384";"";"";"";"-113";"-4";"9592";"1773517860661"
"4486";"2026-03-14 16:51:10";"23.9";"62";"939.52";"3620";"388";"";"";"";"-114";"-7";"9593";"1773517870652"
"4487";"2026-03-14 16:51:20";"23.9";"61.5";"939.48";"3600";"388";"";"";"";"-114";"-6.5";"9594";"1773517880640"
"4488";"2026-03-14 16:51:30";"23.89";"62";"939.5";"3620";"388";"";"";"";"-113";"-4";"9595";"1773517890642"
"4489";"2026-03-14 16:51:40";"23.88";"62";"939.48";"3620";"392";"";"";"";"-113";"-4.5";"9596";"1773517900650"
"4490";"2026-03-14 16:51:50";"23.88";"62";"939.5";"3600";"392";"";"";"";"-113";"-3";"9597";"1773517910674"
"4491";"2026-03-14 16:52:00";"23.88";"62";"939.46";"3640";"384";"";"";"";"-114";"-5.5";"9598";"1773517920643"
"4492";"2026-03-14 16:52:10";"23.87";"62";"939.46";"3640";"384";"";"";"";"-113";"-3";"9599";"1773517930642"
"4493";"2026-03-14 16:52:20";"23.86";"62";"939.48";"3640";"392";"";"";"";"-113";"-3.299999952316284";"9600";"1773517940617"
"4494";"2026-03-14 16:52:30";"23.86";"62";"939.5";"3640";"384";"";"";"";"-113";"-3.299999952316284";"9601";"1773517950641"
"4495";"2026-03-14 16:52:40";"23.85";"62";"939.5";"3620";"384";"";"";"";"-113";"-3.799999952316284";"9602";"1773517960654"
"4496";"2026-03-14 16:52:50";"23.85";"62";"939.5";"3640";"380";"";"";"";"-113";"-3.299999952316284";"9603";"1773517970659"
"4497";"2026-03-14 16:53:00";"23.84";"62";"939.5";"3640";"388";"";"";"";"-112";"-2";"9604";"1773517980646"
"4498";"2026-03-14 16:53:10";"23.84";"62";"939.48";"3620";"392";"";"";"";"-112";"-1.7999999523162842";"9605";"1773517990647"
"4499";"2026-03-14 16:53:20";"23.83";"62";"939.46";"3620";"392";"";"";"";"-112";"-2.799999952316284";"9606";"1773518000642"
"4500";"2026-03-14 16:53:30";"23.82";"62";"939.48";"3620";"392";"";"";"";"-112";"-0.800000011920929";"9607";"1773518010647"
"4501";"2026-03-14 16:53:40";"23.82";"62";"939.5";"3600";"392";"";"";"";"-113";"-2.799999952316284";"9608";"1773518020641"
"4502";"2026-03-14 16:53:50";"23.81";"62";"939.46";"3620";"380";"";"";"";"-112";"-2.299999952316284";"9609";"1773518030648"
"4503";"2026-03-14 16:54:00";"23.82";"62";"939.5";"3620";"392";"";"";"";"-112";"-2.799999952316284";"9610";"1773518040648"
"4504";"2026-03-14 16:54:10";"23.81";"62";"939.46";"3640";"384";"";"";"";"-112";"-1.5";"9611";"1773518050619"
"4505";"2026-03-14 16:54:20";"23.8";"62";"939.48";"3620";"384";"";"";"";"-112";"-1";"9612";"1773518060644"
"4506";"2026-03-14 16:54:30";"23.79";"62";"939.46";"3640";"384";"";"";"";"-112";"-0.5";"9613";"1773518070655"
"4507";"2026-03-14 16:54:40";"23.78";"62";"939.44";"3640";"392";"";"";"";"-112";"-0.5";"9614";"1773518080639"
"4508";"2026-03-14 16:54:50";"23.78";"62";"939.48";"3640";"384";"";"";"";"-113";"-2.299999952316284";"9615";"1773518090641"
"4509";"2026-03-14 16:55:00";"23.77";"62";"939.46";"3640";"388";"";"";"";"-113";"-2.299999952316284";"9616";"1773518100647"
"4510";"2026-03-14 16:55:10";"23.76";"62";"939.44";"3600";"384";"";"";"";"-112";"-2";"9617";"1773518110650"
"4511";"2026-03-14 16:55:20";"23.76";"62";"939.48";"3620";"384";"";"";"";"-112";"-1";"9618";"1773518120644"
"4512";"2026-03-14 16:55:30";"23.76";"62";"939.46";"3640";"384";"";"";"";"-112";"-2.5";"9619";"1773518130651"
"4513";"2026-03-14 16:55:40";"23.75";"62";"939.48";"3620";"388";"";"";"";"-112";"-1.5";"9620";"1773518140639"
"4514";"2026-03-14 16:55:50";"23.75";"62";"939.5";"3620";"388";"";"";"";"-112";"-0.800000011920929";"9621";"1773518150648"
"4515";"2026-03-14 16:56:00";"23.74";"62";"939.46";"3640";"388";"";"";"";"-112";"-0.30000001192092896";"9622";"1773518160649"
"4516";"2026-03-14 16:56:10";"23.74";"62";"939.5";"3640";"388";"";"";"";"-112";"-0.800000011920929";"9623";"1773518170659"
"4517";"2026-03-14 16:56:20";"23.73";"62";"939.46";"3640";"388";"";"";"";"-112";"-1.7999999523162842";"9624";"1773518180841"
"4518";"2026-03-14 16:56:30";"23.73";"62";"939.46";"3620";"388";"";"";"";"-112";"-2.299999952316284";"9625";"1773518190650"
"4519";"2026-03-14 16:56:40";"23.72";"62";"939.48";"3620";"384";"";"";"";"-112";"-1.2999999523162842";"9626";"1773518200647"
"4520";"2026-03-14 16:56:50";"23.72";"62";"939.48";"3620";"384";"";"";"";"-112";"-1";"9627";"1773518210660"
"4521";"2026-03-14 16:57:00";"23.71";"62";"939.48";"3620";"388";"";"";"";"-112";"-1.2999999523162842";"9628";"1773518220648"
"4522";"2026-03-14 16:57:10";"23.71";"62";"939.44";"3620";"388";"";"";"";"-113";"-1.7999999523162842";"9629";"1773518230642"
"4523";"2026-03-14 16:57:20";"23.7";"62";"939.48";"3640";"392";"";"";"";"-112";"-1";"9630";"1773518240648"
"4524";"2026-03-14 16:57:30";"23.7";"62";"939.48";"3640";"380";"";"";"";"-112";"-1.5";"9631";"1773518250637"
"4525";"2026-03-14 16:57:40";"23.69";"62";"939.44";"3640";"388";"";"";"";"-112";"-1.2999999523162842";"9632";"1773518260616"
"4526";"2026-03-14 16:57:50";"23.69";"62";"939.48";"3600";"380";"";"";"";"-112";"-1";"9633";"1773518270649"
"4527";"2026-03-14 16:58:00";"23.69";"62";"939.46";"3600";"392";"";"";"";"-112";"-0.800000011920929";"9634";"1773518280632"
"4528";"2026-03-14 16:58:10";"23.68";"62";"939.48";"3640";"384";"";"";"";"-112";"-2";"9635";"1773518290647"
"4529";"2026-03-14 16:58:20";"23.67";"62";"939.46";"3620";"384";"";"";"";"-112";"-1.2999999523162842";"9636";"1773518300642"
"4530";"2026-03-14 16:58:30";"23.67";"62";"939.48";"3620";"384";"";"";"";"-112";"-0.800000011920929";"9637";"1773518310633"
"4531";"2026-03-14 16:58:40";"23.67";"62";"939.48";"3620";"392";"";"";"";"-112";"-0.5";"9638";"1773518320645"
"4532";"2026-03-14 16:58:50";"23.66";"62";"939.46";"3600";"384";"";"";"";"-112";"-0.800000011920929";"9639";"1773518330605"
"4533";"2026-03-14 16:59:00";"23.65";"62";"939.48";"3600";"392";"";"";"";"-112";"-1.7999999523162842";"9640";"1773518340652"
"4534";"2026-03-14 16:59:10";"23.65";"62";"939.48";"3600";"388";"";"";"";"-112";"-0.5";"9641";"1773518350633"
"4535";"2026-03-14 16:59:20";"23.65";"62";"939.46";"3620";"384";"";"";"";"-112";"-2";"9642";"1773518360643"
"4536";"2026-03-14 16:59:30";"23.64";"62";"939.46";"3600";"392";"";"";"";"-112";"-0.800000011920929";"9643";"1773518370649"
"4537";"2026-03-14 16:59:40";"23.64";"62";"939.48";"3620";"388";"";"";"";"-112";"-0.5";"9644";"1773518380648"
"4538";"2026-03-14 16:59:50";"23.63";"62";"939.48";"3620";"384";"";"";"";"-111";"0.30000001192092896";"9645";"1773518390654"
"4539";"2026-03-14 17:00:00";"23.63";"62";"939.48";"3600";"392";"";"";"";"-111";"0";"9646";"1773518400644"
"4540";"2026-03-14 17:00:10";"23.62";"62";"939.48";"3640";"384";"";"";"";"-112";"-1";"9647";"1773518410634"
"4541";"2026-03-14 17:00:20";"23.62";"62";"939.48";"3640";"384";"";"";"";"-112";"-1";"9648";"1773518420649"
"4542";"2026-03-14 17:00:30";"23.6";"62";"939.48";"3640";"384";"";"";"";"-112";"-0.800000011920929";"9649";"1773518430632"
"4543";"2026-03-14 17:00:40";"23.6";"62";"939.48";"3620";"384";"";"";"";"-112";"-1.5";"9650";"1773518440643"
"4544";"2026-03-14 17:00:50";"23.6";"62";"939.48";"3640";"392";"";"";"";"-112";"-0.30000001192092896";"9651";"1773518450644"
"4545";"2026-03-14 17:01:00";"23.6";"62";"939.46";"3620";"396";"";"";"";"-112";"-0.30000001192092896";"9652";"1773518460642"
"4546";"2026-03-14 17:01:10";"23.59";"62";"939.48";"3620";"396";"";"";"";"-112";"-0.5";"9653";"1773518470650"
"4547";"2026-03-14 17:01:20";"23.59";"62";"939.48";"3640";"388";"";"";"";"-111";"-0.30000001192092896";"9654";"1773518480636"
"4548";"2026-03-14 17:01:30";"23.58";"62";"939.48";"3600";"388";"";"";"";"-112";"-0.800000011920929";"9655";"1773518490628"
"4549";"2026-03-14 17:01:40";"23.58";"62";"939.46";"3640";"400";"";"";"";"-112";"-0.800000011920929";"9656";"1773518500647"
"4550";"2026-03-14 17:01:50";"23.58";"62";"939.5";"3640";"392";"";"";"";"-111";"0";"9657";"1773518510638"
"4551";"2026-03-14 17:02:00";"23.57";"62";"939.46";"3600";"392";"";"";"";"-112";"-1.2999999523162842";"9658";"1773518520646"
"4552";"2026-03-14 17:02:10";"23.57";"62";"939.52";"3600";"400";"";"";"";"-112";"-1.7999999523162842";"9659";"1773518530646"
"4553";"2026-03-14 17:02:20";"23.57";"62";"939.48";"3600";"396";"";"";"";"-112";"-2";"9660";"1773518540646"
"4554";"2026-03-14 17:02:30";"23.56";"62";"939.48";"3640";"392";"";"";"";"-112";"-1.2999999523162842";"9661";"1773518550643"
"4555";"2026-03-14 17:02:40";"23.56";"62";"939.46";"3640";"392";"";"";"";"-112";"-1.5";"9662";"1773518560649"
"4556";"2026-03-14 17:02:50";"23.56";"62";"939.48";"3640";"392";"";"";"";"-112";"-0.800000011920929";"9663";"1773518570639"
"4557";"2026-03-14 17:03:00";"23.56";"62";"939.48";"3620";"388";"";"";"";"-112";"-2.5";"9664";"1773518580649"
"4558";"2026-03-14 17:03:10";"23.56";"62";"939.46";"3620";"388";"";"";"";"-113";"-3.299999952316284";"9665";"1773518590607"
"4559";"2026-03-14 17:03:20";"23.55";"62";"939.44";"3620";"396";"";"";"";"-112";"-1.2999999523162842";"9666";"1773518600643"
"4560";"2026-03-14 17:03:30";"23.55";"62";"939.46";"3640";"396";"";"";"";"-113";"-2.799999952316284";"9667";"1773518610639"
"4561";"2026-03-14 17:03:40";"23.55";"62";"939.48";"3620";"400";"";"";"";"-112";"-1.2999999523162842";"9668";"1773518620641"
"4562";"2026-03-14 17:03:50";"23.56";"62";"939.48";"3640";"396";"";"";"";"-111";"-0.30000001192092896";"9669";"1773518630673"
"4563";"2026-03-14 17:04:00";"23.55";"62";"939.48";"3640";"396";"";"";"";"-113";"-3.799999952316284";"9670";"1773518640650"
"4564";"2026-03-14 17:04:10";"23.55";"62";"939.48";"3620";"388";"";"";"";"-112";"-0.800000011920929";"9671";"1773518650650"
"4565";"2026-03-14 17:04:20";"23.55";"62";"939.48";"3640";"392";"";"";"";"-112";"-1";"9672";"1773518660649"
"4566";"2026-03-14 17:04:30";"23.55";"62";"939.46";"3620";"388";"";"";"";"-112";"-1.2999999523162842";"9673";"1773518670633"
"4567";"2026-03-14 17:04:40";"23.55";"62";"939.48";"3620";"388";"";"";"";"-112";"-0.5";"9674";"1773518680646"
"4568";"2026-03-14 17:04:50";"23.55";"62";"939.5";"3640";"396";"";"";"";"-112";"-0.5";"9675";"1773518690605"
"4569";"2026-03-14 17:05:00";"23.55";"62";"939.5";"3640";"392";"";"";"";"-112";"-1.2999999523162842";"9676";"1773518700641"
"4570";"2026-03-14 17:05:10";"23.55";"62";"939.46";"3640";"392";"";"";"";"-112";"-0.800000011920929";"9677";"1773518710647"
"4571";"2026-03-14 17:05:20";"23.55";"62";"939.46";"3600";"392";"";"";"";"-112";"-1";"9678";"1773518720641"
"4572";"2026-03-14 17:05:30";"23.55";"62";"939.48";"3620";"396";"";"";"";"-113";"-3";"9679";"1773518730643"
"4573";"2026-03-14 17:05:40";"23.55";"62";"939.5";"3620";"392";"";"";"";"-112";"-1";"9680";"1773518740645"
"4574";"2026-03-14 17:05:50";"23.55";"62";"939.46";"3640";"400";"";"";"";"-112";"-2";"9681";"1773518750642"
"4575";"2026-03-14 17:06:00";"23.56";"62";"939.48";"3620";"388";"";"";"";"-112";"-0.800000011920929";"9682";"1773518760647"
"4576";"2026-03-14 17:06:10";"23.55";"62";"939.46";"3640";"392";"";"";"";"-112";"-1.2999999523162842";"9683";"1773518770646"
"4577";"2026-03-14 17:06:20";"23.56";"62";"939.46";"3620";"400";"";"";"";"-112";"0";"9684";"1773518780646"
"4578";"2026-03-14 17:06:30";"23.56";"62";"939.48";"3600";"392";"";"";"";"-112";"-1.7999999523162842";"9685";"1773518790641"
"4579";"2026-03-14 17:06:40";"23.56";"62";"939.46";"3620";"388";"";"";"";"-112";"-1.7999999523162842";"9686";"1773518800643"
"4580";"2026-03-14 17:06:50";"23.56";"62";"939.46";"3620";"392";"";"";"";"-112";"-2";"9687";"1773518810649"
"4581";"2026-03-14 17:07:00";"23.56";"62";"939.48";"3620";"400";"";"";"";"-113";"-1.7999999523162842";"9688";"1773518820642"
"4582";"2026-03-14 17:07:10";"23.56";"62";"939.46";"3620";"392";"";"";"";"-112";"-1.7999999523162842";"9689";"1773518830636"
"4583";"2026-03-14 17:07:20";"23.57";"62";"939.5";"3620";"396";"";"";"";"-112";"-1.2999999523162842";"9690";"1773518840639"
"4584";"2026-03-14 17:07:30";"23.56";"62";"939.46";"3600";"400";"";"";"";"-112";"-2.299999952316284";"9691";"1773518850636"
"4585";"2026-03-14 17:07:40";"23.57";"62";"939.48";"3620";"388";"";"";"";"-111";"-0.5";"9692";"1773518860647"
"4586";"2026-03-14 17:07:50";"23.57";"62";"939.48";"3600";"392";"";"";"";"-111";"0.5";"9693";"1773518870643"
"4587";"2026-03-14 17:08:00";"23.57";"62";"939.48";"3620";"392";"";"";"";"-112";"-1.5";"9694";"1773518880602"
"4588";"2026-03-14 17:08:10";"23.57";"62";"939.46";"3640";"400";"";"";"";"-112";"-1.7999999523162842";"9695";"1773518890638"
"4589";"2026-03-14 17:08:20";"23.58";"62";"939.48";"3640";"388";"";"";"";"-112";"-0.800000011920929";"9696";"1773518900631"
"4590";"2026-03-14 17:08:30";"23.58";"62";"939.48";"3640";"396";"";"";"";"-112";"-0.800000011920929";"9697";"1773518910635"
"4591";"2026-03-14 17:08:40";"23.58";"62";"939.5";"3620";"396";"";"";"";"-112";"-1.5";"9698";"1773518920637"
"4592";"2026-03-14 17:08:50";"23.58";"62";"939.5";"3640";"392";"";"";"";"-112";"-0.5";"9699";"1773518930656"
"4593";"2026-03-14 17:09:00";"23.58";"62";"939.48";"3620";"396";"";"";"";"-113";"-4";"9700";"1773518940636"
"4594";"2026-03-14 17:09:10";"23.59";"62";"939.48";"3600";"388";"";"";"";"-112";"-1.7999999523162842";"9701";"1773518950640"
"4595";"2026-03-14 17:09:20";"23.59";"62";"939.46";"3620";"388";"";"";"";"-112";"-2.799999952316284";"9702";"1773518960638"
"4596";"2026-03-14 17:09:30";"23.59";"62";"939.5";"3600";"388";"";"";"";"-112";"-2.299999952316284";"9703";"1773518970684"
"4597";"2026-03-14 17:09:40";"23.59";"62";"939.48";"3640";"396";"";"";"";"-112";"-2";"9704";"1773518980644"
"4598";"2026-03-14 17:09:50";"23.59";"62";"939.46";"3640";"392";"";"";"";"-112";"-1.2999999523162842";"9705";"1773518990658"
"4599";"2026-03-14 17:10:00";"23.6";"62";"939.48";"3620";"388";"";"";"";"-112";"-1.7999999523162842";"9706";"1773519000635"
"4600";"2026-03-14 17:10:10";"23.6";"62";"939.48";"3620";"396";"";"";"";"-112";"-1.2999999523162842";"9707";"1773519010643"
"4601";"2026-03-14 17:10:20";"23.6";"62";"939.48";"3640";"396";"";"";"";"-112";"-2.799999952316284";"9708";"1773519020646"
"4602";"2026-03-14 17:10:30";"23.61";"62";"939.46";"3640";"396";"";"";"";"-112";"-1";"9709";"1773519030643"
"4603";"2026-03-14 17:10:40";"23.61";"62";"939.48";"3600";"396";"";"";"";"-112";"-1.2999999523162842";"9710";"1773519040647"
"4604";"2026-03-14 17:10:50";"23.61";"62";"939.5";"3640";"396";"";"";"";"-112";"-2.799999952316284";"9711";"1773519050637"
"4605";"2026-03-14 17:11:00";"23.62";"62";"939.5";"3600";"396";"";"";"";"-112";"-2.799999952316284";"9712";"1773519060633"
"4606";"2026-03-14 17:11:10";"23.61";"62";"939.44";"3620";"396";"";"";"";"-112";"-1.7999999523162842";"9713";"1773519070628"
"4607";"2026-03-14 17:11:20";"23.61";"62";"939.46";"3600";"384";"";"";"";"-112";"-1.7999999523162842";"9714";"1773519080609"
"4608";"2026-03-14 17:11:30";"23.62";"62";"939.48";"3620";"384";"";"";"";"-112";"-0.800000011920929";"9715";"1773519090630"
"4609";"2026-03-14 17:11:40";"23.63";"62";"939.48";"3600";"388";"";"";"";"-112";"-1";"9716";"1773519100640"
"4610";"2026-03-14 17:11:50";"23.63";"62";"939.5";"3600";"392";"";"";"";"-112";"-0.5";"9717";"1773519110640"
"4611";"2026-03-14 17:12:00";"23.63";"62";"939.48";"3640";"392";"";"";"";"-112";"-0.5";"9718";"1773519120646"
"4612";"2026-03-14 17:12:10";"23.63";"62";"939.46";"3640";"396";"";"";"";"-112";"-1.5";"9719";"1773519130639"
"4613";"2026-03-14 17:12:20";"23.64";"62";"939.48";"3620";"392";"";"";"";"-112";"-1";"9720";"1773519140637"
"4614";"2026-03-14 17:12:30";"23.64";"62";"939.5";"3640";"388";"";"";"";"-112";"-0.5";"9721";"1773519150636"
"4615";"2026-03-14 17:12:40";"23.64";"62";"939.48";"3640";"388";"";"";"";"-112";"-0.5";"9722";"1773519160643"
"4616";"2026-03-14 17:12:50";"23.64";"62";"939.44";"3620";"392";"";"";"";"-111";"0";"9723";"1773519170638"
"4617";"2026-03-14 17:13:00";"23.65";"62";"939.48";"3640";"396";"";"";"";"-112";"-1.2999999523162842";"9724";"1773519180644"
"4618";"2026-03-14 17:13:10";"23.65";"62";"939.46";"3640";"396";"";"";"";"-113";"-2.799999952316284";"9725";"1773519190642"
"4619";"2026-03-14 17:13:20";"23.65";"62";"939.44";"3620";"388";"";"";"";"-112";"-2";"9726";"1773519200639"
"4620";"2026-03-14 17:13:30";"23.65";"62";"939.44";"3640";"396";"";"";"";"-112";"-1.5";"9727";"1773519210637"
"4621";"2026-03-14 17:13:40";"23.65";"62";"939.44";"3600";"392";"";"";"";"-112";"-2";"9728";"1773519220642"
"4622";"2026-03-14 17:13:50";"23.66";"62";"939.44";"3600";"388";"";"";"";"-112";"-1.2999999523162842";"9729";"1773519230614"
"4623";"2026-03-14 17:14:00";"23.67";"62";"939.46";"3600";"392";"";"";"";"-113";"-3";"9730";"1773519240642"
"4624";"2026-03-14 17:14:10";"23.67";"62";"939.46";"3640";"388";"";"";"";"-113";"-2.5";"9731";"1773519250608"
"4625";"2026-03-14 17:14:20";"23.67";"62";"939.44";"3600";"396";"";"";"";"-112";"-1.5";"9732";"1773519260644"
"4626";"2026-03-14 17:14:30";"23.67";"62";"939.44";"3620";"396";"";"";"";"-113";"-2.5";"9733";"1773519270651"
"4627";"2026-03-14 17:14:40";"23.68";"62";"939.44";"3600";"396";"";"";"";"-113";"-2.5";"9734";"1773519280637"
"4628";"2026-03-14 17:14:50";"23.67";"62";"939.4200000000001";"3620";"392";"";"";"";"-112";"-1.7999999523162842";"9735";"1773519290647"
"4629";"2026-03-14 17:15:00";"23.68";"62";"939.4200000000001";"3620";"392";"";"";"";"-112";"-2";"9736";"1773519300636"
"4630";"2026-03-14 17:15:10";"23.68";"62";"939.4200000000001";"3640";"388";"";"";"";"-112";"-1.5";"9737";"1773519310635"
"4631";"2026-03-14 17:15:20";"23.69";"62";"939.46";"3600";"396";"";"";"";"-112";"-0.800000011920929";"9738";"1773519320631"
"4632";"2026-03-14 17:15:30";"23.69";"62";"939.44";"3600";"388";"";"";"";"-112";"-1";"9739";"1773519330642"
"4633";"2026-03-14 17:15:40";"23.69";"61.5";"939.4200000000001";"3640";"392";"";"";"";"-112";"-1.2999999523162842";"9740";"1773519340644"
"4634";"2026-03-14 17:15:50";"23.7";"62";"939.4200000000001";"3620";"396";"";"";"";"-112";"-1.5";"9741";"1773519350648"
"4635";"2026-03-14 17:16:00";"23.7";"62";"939.4200000000001";"3600";"396";"";"";"";"-112";"-2";"9742";"1773519360634"
"4636";"2026-03-14 17:16:10";"23.7";"62";"939.4200000000001";"3620";"388";"";"";"";"-112";"-1.7999999523162842";"9743";"1773519370630"
"4637";"2026-03-14 17:16:20";"23.7";"62";"939.44";"3620";"392";"";"";"";"-112";"-1.7999999523162842";"9744";"1773519380638"
"4638";"2026-03-14 17:16:30";"23.71";"62";"939.4200000000001";"3640";"392";"";"";"";"-112";"-1";"9745";"1773519390634"
"4639";"2026-03-14 17:16:40";"23.71";"61.5";"939.4200000000001";"3620";"396";"";"";"";"-112";"-1.2999999523162842";"9746";"1773519400638"
"4640";"2026-03-14 17:16:50";"23.71";"61.5";"939.44";"3640";"388";"";"";"";"-112";"-2";"9747";"1773519410647"
"4641";"2026-03-14 17:17:00";"23.72";"61.5";"939.46";"3620";"388";"";"";"";"-112";"-1.5";"9748";"1773519420640"
"4642";"2026-03-14 17:17:10";"23.72";"61.5";"939.44";"3600";"388";"";"";"";"-112";"-1.7999999523162842";"9749";"1773519430611"
"4643";"2026-03-14 17:17:20";"23.73";"61.5";"939.4200000000001";"3620";"396";"";"";"";"-112";"-1.7999999523162842";"9750";"1773519440642"
"4644";"2026-03-14 17:17:30";"23.73";"61.5";"939.48";"3640";"392";"";"";"";"-112";"-1.5";"9751";"1773519450640"
"4645";"2026-03-14 17:17:40";"23.73";"61.5";"939.4200000000001";"3640";"396";"";"";"";"-112";"-0.5";"9752";"1773519460654"
"4646";"2026-03-14 17:17:50";"23.74";"61.5";"939.4200000000001";"3600";"396";"";"";"";"-112";"-0.800000011920929";"9753";"1773519470635"
"4647";"2026-03-14 17:18:00";"23.74";"61.5";"939.44";"3620";"396";"";"";"";"-112";"-1";"9754";"1773519480641"
"4648";"2026-03-14 17:18:10";"23.74";"61.5";"939.4200000000001";"3600";"396";"";"";"";"-112";"-2.299999952316284";"9755";"1773519490641"
"4649";"2026-03-14 17:18:20";"23.75";"61.5";"939.44";"3640";"388";"";"";"";"-112";"-1.5";"9756";"1773519500636"
"4650";"2026-03-14 17:18:30";"23.75";"61.5";"939.44";"3600";"392";"";"";"";"-112";"-1.2999999523162842";"9757";"1773519510644"
"4651";"2026-03-14 17:18:40";"23.75";"61.5";"939.46";"3620";"396";"";"";"";"-112";"-1.5";"9758";"1773519520649"
"4652";"2026-03-14 17:18:50";"23.76";"61.5";"939.4200000000001";"3600";"396";"";"";"";"-112";"-1.2999999523162842";"9759";"1773519530651"
"4653";"2026-03-14 17:19:00";"23.77";"61.5";"939.44";"3640";"392";"";"";"";"-111";"-0.30000001192092896";"9760";"1773519540641"
"4654";"2026-03-14 17:19:10";"23.77";"61.5";"939.48";"3600";"396";"";"";"";"-112";"-1.7999999523162842";"9761";"1773519550639"
"4655";"2026-03-14 17:19:20";"23.77";"61.5";"939.44";"3640";"388";"";"";"";"-112";"-1.5";"9762";"1773519560612"
"4656";"2026-03-14 17:19:30";"23.77";"61.5";"939.4200000000001";"3600";"392";"";"";"";"-112";"-1.7999999523162842";"9763";"1773519570641"
"4657";"2026-03-14 17:19:40";"23.78";"61.5";"939.48";"3620";"396";"";"";"";"-113";"-3";"9764";"1773519580633"
"4658";"2026-03-14 17:19:50";"23.78";"61.5";"939.44";"3640";"396";"";"";"";"-112";"-2.299999952316284";"9765";"1773519590645"
"4659";"2026-03-14 17:20:00";"23.8";"61.5";"939.46";"3640";"396";"";"";"";"-112";"-2.299999952316284";"9766";"1773519600647"
"4660";"2026-03-14 17:20:10";"23.8";"61.5";"939.46";"3600";"388";"";"";"";"-112";"-1.2999999523162842";"9767";"1773519610599"
"4661";"2026-03-14 17:20:20";"23.81";"61.5";"939.46";"3620";"392";"";"";"";"-112";"-1.7999999523162842";"9768";"1773519620630"
"4662";"2026-03-14 17:20:30";"23.81";"61.5";"939.48";"3620";"384";"";"";"";"-112";"-1.5";"9769";"1773519630606"
"4663";"2026-03-14 17:20:40";"23.82";"61.5";"939.48";"3640";"392";"";"";"";"-112";"-1";"9770";"1773519640604"
"4664";"2026-03-14 17:20:50";"23.82";"61.5";"939.46";"3600";"396";"";"";"";"-112";"-1.7999999523162842";"9771";"1773519650637"
"4665";"2026-03-14 17:21:00";"23.82";"61.5";"939.46";"3640";"392";"";"";"";"-112";"-1.2999999523162842";"9772";"1773519660633"
"4666";"2026-03-14 17:21:10";"23.83";"61.5";"939.5";"3620";"388";"";"";"";"-111";"0.30000001192092896";"9773";"1773519670636"
"4667";"2026-03-14 17:21:20";"23.83";"61.5";"939.48";"3600";"392";"";"";"";"-111";"-0.30000001192092896";"9774";"1773519680644"
"4668";"2026-03-14 17:21:30";"23.84";"61.5";"939.48";"3640";"388";"";"";"";"-112";"-0.800000011920929";"9775";"1773519690649"
"4669";"2026-03-14 17:21:40";"23.85";"61.5";"939.48";"3640";"396";"";"";"";"-112";"-1.5";"9776";"1773519700633"
"4670";"2026-03-14 17:21:50";"23.85";"61.5";"939.5";"3620";"388";"";"";"";"-112";"-1.7999999523162842";"9777";"1773519710597"
"4671";"2026-03-14 17:22:00";"23.85";"61.5";"939.46";"3620";"392";"";"";"";"-112";"-1.2999999523162842";"9778";"1773519720643"
"4672";"2026-03-14 17:22:10";"23.86";"61.5";"939.48";"3620";"384";"";"";"";"-112";"-1.2999999523162842";"9779";"1773519730637"
"4673";"2026-03-14 17:22:20";"23.86";"61.5";"939.48";"3620";"396";"";"";"";"-112";"-1";"9780";"1773519740649"
"4674";"2026-03-14 17:22:30";"23.87";"61.5";"939.5";"3640";"388";"";"";"";"-112";"-1.2999999523162842";"9781";"1773519750642"
"4675";"2026-03-14 17:22:40";"23.87";"61.5";"939.5";"3640";"396";"";"";"";"-112";"-0.5";"9782";"1773519760633"
"4676";"2026-03-14 17:22:50";"23.88";"61.5";"939.48";"3620";"384";"";"";"";"-112";"-1";"9783";"1773519770636"
"4677";"2026-03-14 17:23:00";"23.88";"61.5";"939.46";"3600";"396";"";"";"";"-112";"-0.30000001192092896";"9784";"1773519780637"
"4678";"2026-03-14 17:23:10";"23.89";"61.5";"939.46";"3640";"384";"";"";"";"-112";"-1.5";"9785";"1773519790639"
"4679";"2026-03-14 17:23:20";"23.89";"61.5";"939.5";"3620";"392";"";"";"";"-112";"-1.5";"9786";"1773519800645"
"4680";"2026-03-14 17:23:30";"23.89";"61.5";"939.46";"3600";"388";"";"";"";"-112";"-1.2999999523162842";"9787";"1773519810633"
"4681";"2026-03-14 17:23:40";"23.9";"61.5";"939.48";"3640";"388";"";"";"";"-112";"-1.2999999523162842";"9788";"1773519820637"
"4682";"2026-03-14 17:23:50";"23.91";"61.5";"939.48";"3640";"392";"";"";"";"-112";"-1.7999999523162842";"9789";"1773519830629"
"4683";"2026-03-14 17:24:00";"23.91";"61";"939.48";"3600";"384";"";"";"";"-112";"-2";"9790";"1773519840631"
"4684";"2026-03-14 17:24:10";"23.92";"61";"939.5";"3620";"388";"";"";"";"-112";"-0.5";"9791";"1773519850639"
"4685";"2026-03-14 17:24:20";"23.92";"61";"939.5";"3640";"396";"";"";"";"-112";"-1.2999999523162842";"9792";"1773519860610"
"4686";"2026-03-14 17:24:30";"23.92";"61.5";"939.48";"3620";"396";"";"";"";"-112";"-0.5";"9793";"1773519870633"
"4687";"2026-03-14 17:24:40";"23.92";"61";"939.44";"3620";"388";"";"";"";"-112";"-0.800000011920929";"9794";"1773519880635"
"4688";"2026-03-14 17:24:50";"23.93";"61";"939.5";"3620";"392";"";"";"";"-112";"-1.2999999523162842";"9795";"1773519890636"
"4689";"2026-03-14 17:25:00";"23.94";"61";"939.48";"3620";"388";"";"";"";"-112";"-0.30000001192092896";"9796";"1773519900638"
"4690";"2026-03-14 17:25:10";"23.94";"61";"939.5";"3600";"396";"";"";"";"-112";"-1";"9797";"1773519910612"
"4691";"2026-03-14 17:25:20";"23.95";"61";"939.48";"3640";"392";"";"";"";"-112";"-0.5";"9798";"1773519920642"
"4692";"2026-03-14 17:25:30";"23.95";"61";"939.46";"3600";"396";"";"";"";"-112";"-0.800000011920929";"9799";"1773519930638"
"4693";"2026-03-14 17:25:40";"23.95";"61";"939.5";"3600";"384";"";"";"";"-112";"-0.5";"9800";"1773519940639"
"4694";"2026-03-14 17:25:50";"23.96";"61";"939.5";"3640";"384";"";"";"";"-112";"-0.800000011920929";"9801";"1773519950647"
"4695";"2026-03-14 17:26:00";"23.97";"61";"939.48";"3600";"392";"";"";"";"-112";"-1.2999999523162842";"9802";"1773519960639"
"4696";"2026-03-14 17:26:10";"23.97";"61";"939.5";"3620";"384";"";"";"";"-112";"-1.5";"9803";"1773519970644"
"4697";"2026-03-14 17:26:20";"23.97";"61";"939.5";"3600";"388";"";"";"";"-112";"-1.5";"9804";"1773519980639"
"4698";"2026-03-14 17:26:30";"23.98";"61";"939.46";"3620";"384";"";"";"";"-112";"-1";"9805";"1773519990636"
"4699";"2026-03-14 17:26:40";"23.98";"61";"939.5";"3640";"396";"";"";"";"-112";"-1.2999999523162842";"9806";"1773520000644"
"4700";"2026-03-14 17:26:50";"23.99";"61";"939.5";"3620";"396";"";"";"";"-113";"-2.299999952316284";"9807";"1773520010641"
"4701";"2026-03-14 17:27:00";"24";"61";"939.48";"3600";"392";"";"";"";"-112";"-2";"9808";"1773520020733"
"4702";"2026-03-14 17:27:10";"24";"61";"939.48";"3640";"392";"";"";"";"-113";"-2";"9809";"1773520030635"
"4703";"2026-03-14 17:27:20";"24.01";"61";"939.48";"3620";"384";"";"";"";"-112";"-1.2999999523162842";"9810";"1773520040637"
"4704";"2026-03-14 17:27:30";"24.01";"61";"939.5";"3620";"392";"";"";"";"-112";"-1";"9811";"1773520050636"
"4705";"2026-03-14 17:27:40";"24.02";"61";"939.5";"3620";"384";"";"";"";"-111";"0";"9812";"1773520060643"
"4706";"2026-03-14 17:27:50";"24.02";"61";"939.5";"3640";"388";"";"";"";"-112";"-1.7999999523162842";"9813";"1773520070655"
"4707";"2026-03-14 17:28:00";"24.03";"61";"939.52";"3640";"388";"";"";"";"-112";"-1.5";"9814";"1773520080644"
"4708";"2026-03-14 17:28:10";"24.03";"61";"939.52";"3640";"392";"";"";"";"-112";"-1.2999999523162842";"9815";"1773520090635"
"4709";"2026-03-14 17:28:20";"24.03";"61";"939.46";"3620";"384";"";"";"";"-112";"-1";"9816";"1773520100645"
"4710";"2026-03-14 17:28:30";"24.04";"61";"939.5";"3620";"384";"";"";"";"-112";"-1.7999999523162842";"9817";"1773520110638"
"4711";"2026-03-14 17:28:40";"24.04";"61";"939.5";"3640";"384";"";"";"";"-112";"-1.5";"9818";"1773520120636"
"4712";"2026-03-14 17:28:50";"24.04";"61";"939.5";"3620";"388";"";"";"";"-112";"-1.5";"9819";"1773520130672"
"4713";"2026-03-14 17:29:00";"24.06";"61";"939.48";"3600";"392";"";"";"";"-112";"-1.5";"9820";"1773520140641"
"4714";"2026-03-14 17:29:10";"24.05";"61";"939.5";"3640";"392";"";"";"";"-112";"-2";"9821";"1773520150638"
"4715";"2026-03-14 17:29:20";"24.06";"61";"939.46";"3640";"392";"";"";"";"-112";"-0.800000011920929";"9822";"1773520160630"
"4716";"2026-03-14 17:29:30";"24.06";"61";"939.5";"3620";"384";"";"";"";"-112";"-0.800000011920929";"9823";"1773520170630"
"4717";"2026-03-14 17:29:40";"24.06";"61";"939.46";"3600";"392";"";"";"";"-112";"-1.2999999523162842";"9824";"1773520180640"
"4718";"2026-03-14 17:29:50";"24.07";"61";"939.48";"3600";"392";"";"";"";"-112";"-1.2999999523162842";"9825";"1773520190636"
"4719";"2026-03-14 17:30:00";"24.07";"61";"939.52";"3640";"392";"";"";"";"-112";"-1";"9826";"1773520200640"
"4720";"2026-03-14 17:30:10";"24.08";"61";"939.52";"3640";"392";"";"";"";"-112";"-1";"9827";"1773520210643"
"4721";"2026-03-14 17:30:20";"24.08";"61";"939.52";"3640";"392";"";"";"";"-112";"-1.7999999523162842";"9828";"1773520220631"
"4722";"2026-03-14 17:30:30";"24.08";"61";"939.5";"3640";"380";"";"";"";"-112";"-2.5";"9829";"1773520230628"
"4723";"2026-03-14 17:30:40";"24.08";"61";"939.46";"3600";"384";"";"";"";"-111";"0.30000001192092896";"9830";"1773520240635"
"4724";"2026-03-14 17:30:50";"24.09";"61";"939.48";"3620";"380";"";"";"";"-112";"-2.299999952316284";"9831";"1773520250652"
"4725";"2026-03-14 17:31:00";"24.09";"61";"939.46";"3620";"388";"";"";"";"-112";"-1";"9832";"1773520260642"
"4726";"2026-03-14 17:31:10";"24.1";"61";"939.5";"3600";"388";"";"";"";"-111";"-0.30000001192092896";"9833";"1773520270637"
"4727";"2026-03-14 17:31:20";"24.1";"61";"939.48";"3640";"388";"";"";"";"-112";"-1.2999999523162842";"9834";"1773520280640"
"4728";"2026-03-14 17:31:30";"24.1";"61";"939.5";"3600";"380";"";"";"";"-112";"-1.2999999523162842";"9835";"1773520290634"
"4729";"2026-03-14 17:31:40";"24.1";"61";"939.52";"3600";"388";"";"";"";"-112";"-1.7999999523162842";"9836";"1773520300638"
"4730";"2026-03-14 17:31:50";"24.11";"61";"939.46";"3600";"380";"";"";"";"-111";"-0.5";"9837";"1773520310640"
"4731";"2026-03-14 17:32:00";"24.11";"61";"939.48";"3620";"392";"";"";"";"-113";"-2.799999952316284";"9838";"1773520320630"
"4732";"2026-03-14 17:32:10";"24.12";"61";"939.5";"3600";"392";"";"";"";"-112";"-2";"9839";"1773520330638"
"4733";"2026-03-14 17:32:20";"24.12";"61";"939.5";"3640";"392";"";"";"";"-112";"-0.5";"9840";"1773520340643"
"4734";"2026-03-14 17:32:30";"24.12";"60.5";"939.48";"3640";"384";"";"";"";"-112";"-0.800000011920929";"9841";"1773520350636"
"4735";"2026-03-14 17:32:40";"24.13";"61";"939.5";"3620";"384";"";"";"";"-111";"-0.30000001192092896";"9842";"1773520360638"
"4736";"2026-03-14 17:32:50";"24.13";"60.5";"939.52";"3600";"384";"";"";"";"-112";"-1.7999999523162842";"9843";"1773520370638"
"4737";"2026-03-14 17:33:00";"24.13";"61";"939.48";"3600";"388";"";"";"";"-111";"-0.5";"9844";"1773520380631"
"4738";"2026-03-14 17:33:10";"24.14";"60.5";"939.5";"3620";"388";"";"";"";"-112";"-0.5";"9845";"1773520390606"
"4739";"2026-03-14 17:33:20";"24.14";"60.5";"939.5";"3600";"380";"";"";"";"-112";"-1.2999999523162842";"9846";"1773520400632"
"4740";"2026-03-14 17:33:30";"24.14";"60.5";"939.48";"3600";"380";"";"";"";"-112";"0";"9847";"1773520410632"
"4741";"2026-03-14 17:33:40";"24.15";"60.5";"939.5";"3620";"380";"";"";"";"-112";"-1.2999999523162842";"9848";"1773520420638"
"4742";"2026-03-14 17:33:50";"24.15";"60.5";"939.5";"3600";"388";"";"";"";"-112";"-1.5";"9849";"1773520430644"
"4743";"2026-03-14 17:34:00";"24.15";"60.5";"939.48";"3640";"384";"";"";"";"-112";"-0.800000011920929";"9850";"1773520440634"
"4744";"2026-03-14 17:34:10";"24.15";"60.5";"939.48";"3640";"380";"";"";"";"-112";"-0.5";"9851";"1773520450629"
"4745";"2026-03-14 17:34:20";"24.16";"60.5";"939.52";"3640";"388";"";"";"";"-112";"-1.5";"9852";"1773520460638"
"4746";"2026-03-14 17:34:30";"24.16";"60.5";"939.5";"3600";"388";"";"";"";"-112";"-1";"9853";"1773520470633"
"4747";"2026-03-14 17:34:40";"24.17";"60.5";"939.52";"3620";"384";"";"";"";"-111";"0";"9854";"1773520480634"
"4748";"2026-03-14 17:34:50";"24.17";"60.5";"939.52";"3620";"380";"";"";"";"-112";"-0.30000001192092896";"9855";"1773520490647"
"4749";"2026-03-14 17:35:00";"24.17";"60.5";"939.48";"3600";"380";"";"";"";"-112";"-1.2999999523162842";"9856";"1773520500647"
"4750";"2026-03-14 17:35:10";"24.17";"60.5";"939.46";"3640";"384";"";"";"";"-112";"-0.800000011920929";"9857";"1773520510642"
"4751";"2026-03-14 17:35:20";"24.18";"60.5";"939.5";"3620";"392";"";"";"";"-112";"-0.30000001192092896";"9858";"1773520520629"
"4752";"2026-03-14 17:35:30";"24.18";"60.5";"939.5";"3620";"392";"";"";"";"-112";"-0.800000011920929";"9859";"1773520530635"
"4753";"2026-03-14 17:35:40";"24.18";"60.5";"939.48";"3640";"392";"";"";"";"-112";"-1.2999999523162842";"9860";"1773520540637"
"4754";"2026-03-14 17:35:50";"24.18";"60.5";"939.48";"3640";"392";"";"";"";"-112";"-1.7999999523162842";"9861";"1773520550636"
"4755";"2026-03-14 17:36:00";"24.19";"60.5";"939.5";"3640";"388";"";"";"";"-112";"-0.800000011920929";"9862";"1773520560633"
"4756";"2026-03-14 17:36:10";"24.2";"60.5";"939.5";"3600";"384";"";"";"";"-112";"-1";"9863";"1773520570640"
"4757";"2026-03-14 17:36:20";"24.2";"60.5";"939.5";"3600";"384";"";"";"";"-112";"-0.30000001192092896";"9864";"1773520580674"
"4758";"2026-03-14 17:36:30";"24.2";"60.5";"939.5";"3600";"384";"";"";"";"-112";"-0.800000011920929";"9865";"1773520590632"
"4759";"2026-03-14 17:36:40";"24.2";"60.5";"939.5";"3640";"392";"";"";"";"-111";"0.30000001192092896";"9866";"1773520600634"
"4760";"2026-03-14 17:36:50";"24.2";"60.5";"939.48";"3640";"392";"";"";"";"-112";"-0.5";"9867";"1773520610655"
"4761";"2026-03-14 17:37:00";"24.2";"60.5";"939.48";"3600";"384";"";"";"";"-112";"-1.5";"9868";"1773520620640"
"4762";"2026-03-14 17:37:10";"24.21";"60.5";"939.5";"3620";"384";"";"";"";"-112";"-1";"9869";"1773520630632"
"4763";"2026-03-14 17:37:20";"24.21";"60.5";"939.5";"3640";"388";"";"";"";"-111";"0.30000001192092896";"9870";"1773520640642"
"4764";"2026-03-14 17:37:30";"24.22";"60.5";"939.5";"3600";"384";"";"";"";"-111";"0";"9871";"1773520650625"
"4765";"2026-03-14 17:37:40";"24.22";"60.5";"939.52";"3620";"388";"";"";"";"-112";"-1.2999999523162842";"9872";"1773520660639"
"4766";"2026-03-14 17:37:50";"24.22";"60.5";"939.54";"3600";"388";"";"";"";"-112";"-1";"9873";"1773520670639"
"4767";"2026-03-14 17:38:00";"24.22";"60.5";"939.52";"3620";"380";"";"";"";"-112";"-0.800000011920929";"9874";"1773520680638"
"4768";"2026-03-14 17:38:10";"24.23";"60.5";"939.5";"3600";"380";"";"";"";"-112";"-2.299999952316284";"9875";"1773520690632"
"4769";"2026-03-14 17:38:20";"24.23";"60.5";"939.52";"3600";"380";"";"";"";"-112";"-0.800000011920929";"9876";"1773520700639"
"4770";"2026-03-14 17:38:30";"24.23";"60.5";"939.5";"3640";"380";"";"";"";"-111";"-0.30000001192092896";"9877";"1773520710639"
"4771";"2026-03-14 17:38:40";"24.23";"60.5";"939.48";"3640";"392";"";"";"";"-112";"-0.30000001192092896";"9878";"1773520720640"
"4772";"2026-03-14 17:38:50";"24.24";"60.5";"939.5";"3620";"380";"";"";"";"-111";"-0.30000001192092896";"9879";"1773520730633"
"4773";"2026-03-14 17:39:00";"24.24";"60.5";"939.52";"3640";"392";"";"";"";"-111";"0";"9880";"1773520740635"
"4774";"2026-03-14 17:39:10";"24.25";"60.5";"939.5";"3640";"388";"";"";"";"-112";"-1.2999999523162842";"9881";"1773520750642"
"4775";"2026-03-14 17:39:20";"24.25";"60.5";"939.5";"3600";"392";"";"";"";"-112";"-1.2999999523162842";"9882";"1773520760636"
"4776";"2026-03-14 17:39:30";"24.25";"60.5";"939.48";"3620";"392";"";"";"";"-112";"-1.2999999523162842";"9883";"1773520770631"
"4777";"2026-03-14 17:39:40";"24.25";"60.5";"939.52";"3620";"380";"";"";"";"-112";"-2";"9884";"1773520780634"
"4778";"2026-03-14 17:39:50";"24.25";"60.5";"939.54";"3620";"384";"";"";"";"-112";"-0.800000011920929";"9885";"1773520790651"
"4779";"2026-03-14 17:40:00";"24.25";"60.5";"939.5";"3620";"384";"";"";"";"-112";"-0.30000001192092896";"9886";"1773520800631"
"4780";"2026-03-14 17:40:10";"24.26";"60.5";"939.5";"3640";"392";"";"";"";"-112";"-1.2999999523162842";"9887";"1773520810637"
"4781";"2026-03-14 17:40:20";"24.26";"60.5";"939.52";"3640";"380";"";"";"";"-112";"-1";"9888";"1773520820635"
"4782";"2026-03-14 17:40:30";"24.26";"60.5";"939.52";"3600";"388";"";"";"";"-112";"-1.2999999523162842";"9889";"1773520830629"
"4783";"2026-03-14 17:40:40";"24.26";"60.5";"939.52";"3600";"380";"";"";"";"-112";"-0.800000011920929";"9890";"1773520840639"
"4784";"2026-03-14 17:40:50";"24.27";"60.5";"939.5600000000001";"3620";"380";"";"";"";"-112";"-1.7999999523162842";"9891";"1773520850632"
"4785";"2026-03-14 17:41:00";"24.27";"60.5";"939.5600000000001";"3620";"384";"";"";"";"-112";"-0.800000011920929";"9892";"1773520860633"
"4786";"2026-03-14 17:41:10";"24.28";"60.5";"939.52";"3620";"388";"";"";"";"-112";"-1.7999999523162842";"9893";"1773520870644"
"4787";"2026-03-14 17:41:20";"24.27";"60.5";"939.52";"3640";"380";"";"";"";"-112";"-0.800000011920929";"9894";"1773520880648"
"4788";"2026-03-14 17:41:30";"24.28";"60.5";"939.5";"3640";"384";"";"";"";"-111";"0.5";"9895";"1773520890636"
"4789";"2026-03-14 17:41:40";"24.28";"60.5";"939.52";"3600";"384";"";"";"";"-112";"-0.800000011920929";"9896";"1773520900641"
"4790";"2026-03-14 17:41:50";"24.28";"60.5";"939.54";"3640";"388";"";"";"";"-112";"-2.299999952316284";"9897";"1773520910645"
"4791";"2026-03-14 17:42:00";"24.28";"60.5";"939.54";"3640";"392";"";"";"";"-112";"-1.5";"9898";"1773520920639"
"4792";"2026-03-14 17:42:10";"24.29";"60.5";"939.54";"3600";"380";"";"";"";"-112";"-1.5";"9899";"1773520930625"
"4793";"2026-03-14 17:42:20";"24.29";"60.5";"939.5";"3620";"380";"";"";"";"-112";"-1";"9900";"1773520940634"
"4794";"2026-03-14 17:42:30";"24.28";"60.5";"939.52";"3620";"384";"";"";"";"-112";"-2";"9901";"1773520950633"
"4795";"2026-03-14 17:42:40";"24.29";"60.5";"939.54";"3600";"392";"";"";"";"-112";"-1";"9902";"1773520960634"
"4796";"2026-03-14 17:42:50";"24.28";"60.5";"939.5";"3600";"388";"";"";"";"-112";"-0.800000011920929";"9903";"1773520970635"
"4797";"2026-03-14 17:43:00";"24.29";"60.5";"939.52";"3620";"388";"";"";"";"-112";"-0.5";"9904";"1773520980630"
"4798";"2026-03-14 17:43:10";"24.29";"60.5";"939.5600000000001";"3620";"392";"";"";"";"-112";"-0.5";"9905";"1773520990630"
"4799";"2026-03-14 17:43:20";"24.28";"60.5";"939.5";"3640";"388";"";"";"";"-112";"-1";"9906";"1773521000637"
"4800";"2026-03-14 17:43:30";"24.28";"60.5";"939.54";"3620";"380";"";"";"";"-112";"-1.2999999523162842";"9907";"1773521010635"
"4801";"2026-03-14 17:43:40";"24.28";"60.5";"939.54";"3620";"384";"";"";"";"-112";"-2";"9908";"1773521020634"
"4802";"2026-03-14 17:43:50";"24.28";"60.5";"939.48";"3620";"380";"";"";"";"-112";"-1.5";"9909";"1773521030642"
"4803";"2026-03-14 17:44:00";"24.27";"60.5";"939.52";"3600";"384";"";"";"";"-112";"-0.5";"9910";"1773521040628"
"4804";"2026-03-14 17:44:10";"24.27";"60.5";"939.52";"3620";"388";"";"";"";"-112";"-0.800000011920929";"9911";"1773521050632"
"4805";"2026-03-14 17:44:20";"24.27";"60.5";"939.52";"3640";"380";"";"";"";"-111";"0";"9912";"1773521060636"
"4806";"2026-03-14 17:44:30";"24.26";"60.5";"939.54";"3640";"384";"";"";"";"-111";"0";"9913";"1773521070631"
"4807";"2026-03-14 17:44:40";"24.26";"60.5";"939.52";"3620";"380";"";"";"";"-112";"-1.2999999523162842";"9914";"1773521080640"
"4808";"2026-03-14 17:44:50";"24.25";"60.5";"939.54";"3620";"388";"";"";"";"-113";"-2";"9915";"1773521090631"
"4809";"2026-03-14 17:45:00";"24.25";"60.5";"939.54";"3600";"384";"";"";"";"-112";"-1.2999999523162842";"9916";"1773521100610"
"4810";"2026-03-14 17:45:10";"24.24";"60.5";"939.52";"3600";"380";"";"";"";"-111";"0.30000001192092896";"9917";"1773521110633"
"4811";"2026-03-14 17:45:20";"24.23";"60.5";"939.48";"3600";"388";"";"";"";"-112";"-0.30000001192092896";"9918";"1773521120631"
"4812";"2026-03-14 17:45:30";"24.23";"60.5";"939.5";"3640";"384";"";"";"";"-111";"0.800000011920929";"9919";"1773521130627"
"4813";"2026-03-14 17:45:40";"24.22";"60.5";"939.5";"3600";"384";"";"";"";"-112";"-1";"9920";"1773521140627"
"4814";"2026-03-14 17:45:50";"24.21";"60.5";"939.52";"3620";"388";"";"";"";"-112";"-1.2999999523162842";"9921";"1773521150632"
"4815";"2026-03-14 17:46:00";"24.21";"60.5";"939.5";"3600";"380";"";"";"";"-112";"-1";"9922";"1773521160634"
"4816";"2026-03-14 17:46:10";"24.2";"60.5";"939.48";"3620";"388";"";"";"";"-112";"-1.2999999523162842";"9923";"1773521170629"
"4817";"2026-03-14 17:46:20";"24.18";"60.5";"939.52";"3620";"388";"";"";"";"-112";"-2.299999952316284";"9924";"1773521180641"
"4818";"2026-03-14 17:46:30";"24.18";"60.5";"939.5";"3620";"388";"";"";"";"-112";"-1.2999999523162842";"9925";"1773521190627"
"4819";"2026-03-14 17:46:40";"24.17";"60.5";"939.5";"3600";"388";"";"";"";"-112";"-1";"9926";"1773521200638"
"4820";"2026-03-14 17:46:50";"24.17";"60.5";"939.54";"3640";"384";"";"";"";"-112";"-1.7999999523162842";"9927";"1773521210628"
"4821";"2026-03-14 17:47:00";"24.15";"60.5";"939.5";"3640";"380";"";"";"";"-112";"-1.5";"9928";"1773521220632"
"4822";"2026-03-14 17:47:10";"24.15";"60.5";"939.48";"3600";"384";"";"";"";"-112";"-0.800000011920929";"9929";"1773521230641"
"4823";"2026-03-14 17:47:20";"24.14";"60.5";"939.52";"3620";"380";"";"";"";"-112";"-0.800000011920929";"9930";"1773521240639"
"4824";"2026-03-14 17:47:30";"24.13";"60.5";"939.48";"3640";"380";"";"";"";"-112";"-0.800000011920929";"9931";"1773521250632"
"4825";"2026-03-14 17:47:40";"24.12";"60.5";"939.5";"3620";"384";"";"";"";"-112";"-0.800000011920929";"9932";"1773521260642"
"4826";"2026-03-14 17:47:50";"24.11";"61";"939.5";"3620";"388";"";"";"";"-112";"-1";"9933";"1773521270645"
"4827";"2026-03-14 17:48:00";"24.11";"60.5";"939.5";"3600";"380";"";"";"";"-111";"-0.30000001192092896";"9934";"1773521280624"
"4828";"2026-03-14 17:48:10";"24.1";"61";"939.48";"3640";"388";"";"";"";"-112";"-1.7999999523162842";"9935";"1773521290637"
"4829";"2026-03-14 17:48:20";"24.09";"61";"939.48";"3600";"384";"";"";"";"-112";"-1";"9936";"1773521300617"
"4830";"2026-03-14 17:48:30";"24.08";"61";"939.48";"3600";"384";"";"";"";"-112";"-1";"9937";"1773521310624"
"4831";"2026-03-14 17:48:40";"24.07";"61";"939.5";"3600";"380";"";"";"";"-112";"-0.5";"9938";"1773521320640"
"4832";"2026-03-14 17:48:50";"24.07";"61";"939.52";"3640";"388";"";"";"";"-112";"-1";"9939";"1773521330624"
"4833";"2026-03-14 17:49:00";"24.06";"61";"939.5";"3620";"380";"";"";"";"-111";"-0.30000001192092896";"9940";"1773521340638"
"4834";"2026-03-14 17:49:10";"24.06";"61";"939.52";"3620";"380";"";"";"";"-111";"-0.5";"9941";"1773521350652"
"4835";"2026-03-14 17:49:20";"24.05";"61";"939.5";"3600";"388";"";"";"";"-111";"0";"9942";"1773521360631"
"4836";"2026-03-14 17:49:30";"24.04";"61";"939.5";"3640";"384";"";"";"";"-112";"-1.2999999523162842";"9943";"1773521370631"
"4837";"2026-03-14 17:49:40";"24.04";"61";"939.5";"3600";"380";"";"";"";"-111";"-0.5";"9944";"1773521380634"
"4838";"2026-03-14 17:49:50";"24.03";"61";"939.5";"3620";"380";"";"";"";"-111";"0.5";"9945";"1773521390633"
"4839";"2026-03-14 17:50:00";"24.03";"61";"939.52";"3640";"380";"";"";"";"-112";"-0.5";"9946";"1773521400629"
"4840";"2026-03-14 17:50:10";"24.02";"61";"939.54";"3620";"384";"";"";"";"-112";"-1.5";"9947";"1773521410634"
"4841";"2026-03-14 17:50:20";"24.02";"61";"939.5600000000001";"3620";"380";"";"";"";"-111";"0";"9948";"1773521420636"
"4842";"2026-03-14 17:50:30";"24";"61";"939.54";"3620";"388";"";"";"";"-112";"-0.30000001192092896";"9949";"1773521430640"
"4843";"2026-03-14 17:50:50";"24";"61";"939.58";"3640";"380";"";"";"";"-111";"-0.30000001192092896";"9951";"1773521450630"
"4844";"2026-03-14 17:51:00";"23.98";"61";"939.52";"3640";"380";"";"";"";"-111";"0.30000001192092896";"9952";"1773521460633"
"4845";"2026-03-14 17:51:10";"23.97";"61";"939.54";"3600";"380";"";"";"";"-112";"0.30000001192092896";"9953";"1773521470630"
"4846";"2026-03-14 17:51:20";"23.96";"61";"939.54";"3600";"388";"";"";"";"-111";"0.5";"9954";"1773521480633"
"4847";"2026-03-14 17:51:30";"23.95";"61";"939.52";"3600";"380";"";"";"";"-111";"0.30000001192092896";"9955";"1773521490624"
"4848";"2026-03-14 17:51:40";"23.95";"61";"939.54";"3600";"388";"";"";"";"-112";"-0.800000011920929";"9956";"1773521500640"
"4849";"2026-03-14 17:51:50";"23.95";"61";"939.5";"3600";"380";"";"";"";"-112";"0";"9957";"1773521510618"
"4850";"2026-03-14 17:52:00";"23.94";"61";"939.5600000000001";"3640";"380";"";"";"";"-112";"-1";"9958";"1773521520631"
"4851";"2026-03-14 17:52:10";"23.93";"61";"939.54";"3620";"384";"";"";"";"-111";"-0.5";"9959";"1773521530649"
"4852";"2026-03-14 17:52:20";"23.92";"61";"939.52";"3600";"384";"";"";"";"-112";"-0.5";"9960";"1773521540597"
"4853";"2026-03-14 17:52:30";"23.91";"61";"939.54";"3640";"388";"";"";"";"-111";"0.5";"9961";"1773521550638"
"4854";"2026-03-14 17:52:40";"23.91";"61";"939.54";"3620";"380";"";"";"";"-112";"-1";"9962";"1773521560633"
"4855";"2026-03-14 17:52:50";"23.9";"61";"939.5600000000001";"3620";"380";"";"";"";"-112";"-0.5";"9963";"1773521570640"
"4856";"2026-03-14 17:53:00";"23.9";"61";"939.52";"3620";"380";"";"";"";"-112";"-1";"9964";"1773521580636"
"4857";"2026-03-14 17:53:10";"23.89";"61";"939.5600000000001";"3640";"388";"";"";"";"-111";"-0.5";"9965";"1773521590628"
"4858";"2026-03-14 17:53:20";"23.88";"61";"939.54";"3600";"384";"";"";"";"-112";"-0.800000011920929";"9966";"1773521600637"
"4859";"2026-03-14 17:53:30";"23.88";"61";"939.52";"3600";"384";"";"";"";"-112";"-0.800000011920929";"9967";"1773521610627"
"4860";"2026-03-14 17:53:40";"23.87";"61";"939.5600000000001";"3600";"380";"";"";"";"-112";"0.30000001192092896";"9968";"1773521620633"
"4861";"2026-03-14 17:53:50";"23.86";"61.5";"939.54";"3620";"384";"";"";"";"-113";"-1.7999999523162842";"9969";"1773521630603"
"4862";"2026-03-14 17:54:00";"23.86";"61.5";"939.58";"3600";"380";"";"";"";"-112";"-0.30000001192092896";"9970";"1773521640636"
"4863";"2026-03-14 17:54:10";"23.86";"61.5";"939.5600000000001";"3600";"384";"";"";"";"-112";"-1.5";"9971";"1773521650633"
"4864";"2026-03-14 17:54:20";"23.85";"61.5";"939.5600000000001";"3600";"380";"";"";"";"-112";"-1.2999999523162842";"9972";"1773521660601"
"4865";"2026-03-14 17:54:30";"23.84";"61.5";"939.5600000000001";"3600";"388";"";"";"";"-112";"-1";"9973";"1773521670593"
"4866";"2026-03-14 17:54:40";"23.84";"61.5";"939.58";"3600";"384";"";"";"";"-112";"-1.2999999523162842";"9974";"1773521680631"
"4867";"2026-03-14 17:54:50";"23.83";"61.5";"939.58";"3640";"380";"";"";"";"-112";"-2";"9975";"1773521690612"
"4868";"2026-03-14 17:55:00";"23.82";"61.5";"939.54";"3600";"380";"";"";"";"-112";"-1.2999999523162842";"9976";"1773521700642"
"4869";"2026-03-14 17:55:10";"23.82";"61.5";"939.5600000000001";"3600";"384";"";"";"";"-112";"-0.30000001192092896";"9977";"1773521710645"
"4870";"2026-03-14 17:55:20";"23.81";"61.5";"939.52";"3620";"376";"";"";"";"-112";"-0.30000001192092896";"9978";"1773521720630"
"4871";"2026-03-14 17:55:30";"23.8";"61.5";"939.54";"3600";"384";"";"";"";"-113";"-2.5";"9979";"1773521730625"
"4872";"2026-03-14 17:55:40";"23.8";"61.5";"939.5600000000001";"3620";"380";"";"";"";"-112";"-1.2999999523162842";"9980";"1773521740631"
"4873";"2026-03-14 17:55:50";"23.79";"61.5";"939.5600000000001";"3600";"388";"";"";"";"-112";"-2";"9981";"1773521750636"
"4874";"2026-03-14 17:56:00";"23.79";"61.5";"939.5600000000001";"3640";"388";"";"";"";"-112";"-1";"9982";"1773521760633"
"4875";"2026-03-14 17:56:10";"23.78";"61.5";"939.5600000000001";"3620";"380";"";"";"";"-112";"-1";"9983";"1773521770630"
"4876";"2026-03-14 17:56:20";"23.77";"61.5";"939.5600000000001";"3600";"380";"";"";"";"-112";"-1.5";"9984";"1773521780635"
"4877";"2026-03-14 17:56:30";"23.77";"61.5";"939.5600000000001";"3620";"376";"";"";"";"-112";"-0.5";"9985";"1773521790628"
"4878";"2026-03-14 17:56:40";"23.77";"61.5";"939.58";"3600";"384";"";"";"";"-111";"0";"9986";"1773521800637"
"4879";"2026-03-14 17:56:50";"23.76";"61.5";"939.54";"3600";"380";"";"";"";"-111";"0.5";"9987";"1773521810627"
"4880";"2026-03-14 17:57:00";"23.76";"61.5";"939.5600000000001";"3600";"380";"";"";"";"-112";"-1.2999999523162842";"9988";"1773521820622"
"4881";"2026-03-14 17:57:10";"23.75";"61.5";"939.5600000000001";"3620";"384";"";"";"";"-112";"-1.7999999523162842";"9989";"1773521830626"
"4882";"2026-03-14 17:57:20";"23.75";"61.5";"939.58";"3600";"384";"";"";"";"-112";"-0.800000011920929";"9990";"1773521840622"
"4883";"2026-03-14 17:57:30";"23.74";"61.5";"939.58";"3600";"384";"";"";"";"-112";"-1.7999999523162842";"9991";"1773521850634"
"4884";"2026-03-14 17:57:40";"23.74";"61.5";"939.5600000000001";"3600";"380";"";"";"";"-112";"-1.2999999523162842";"9992";"1773521860638"
"4885";"2026-03-14 17:57:50";"23.73";"61.5";"939.5600000000001";"3600";"380";"";"";"";"-112";"-0.30000001192092896";"9993";"1773521870636"
"4886";"2026-03-14 17:58:00";"23.73";"61.5";"939.5600000000001";"3620";"376";"";"";"";"-112";"-1.7999999523162842";"9994";"1773521880640"
"4887";"2026-03-14 17:58:10";"23.72";"61.5";"939.5600000000001";"3640";"384";"";"";"";"-112";"-1.5";"9995";"1773521890633"
"4888";"2026-03-14 17:58:20";"23.72";"61.5";"939.5600000000001";"3640";"384";"";"";"";"-112";"-1.5";"9996";"1773521900637"
"4889";"2026-03-14 17:58:30";"23.71";"61.5";"939.5600000000001";"3620";"384";"";"";"";"-112";"-1.5";"9997";"1773521910635"
"4890";"2026-03-14 17:58:40";"23.71";"61.5";"939.6";"3640";"376";"";"";"";"-112";"-1.2999999523162842";"9998";"1773521920626"
"4891";"2026-03-14 17:58:50";"23.71";"61.5";"939.5600000000001";"3620";"376";"";"";"";"-112";"-0.800000011920929";"9999";"1773521930634"
"4892";"2026-03-14 17:59:00";"23.7";"61.5";"939.58";"3600";"384";"";"";"";"-112";"-1";"10000";"1773521940633"
"4893";"2026-03-14 17:59:10";"23.7";"61.5";"939.6";"3600";"380";"";"";"";"-112";"-0.5";"10001";"1773521950634"
"4894";"2026-03-14 17:59:20";"23.69";"61.5";"939.5600000000001";"3620";"380";"";"";"";"-112";"-0.800000011920929";"10002";"1773521960634"
"4895";"2026-03-14 17:59:30";"23.69";"61.5";"939.54";"3640";"380";"";"";"";"-112";"-1.5";"10003";"1773521970629"
"4896";"2026-03-14 17:59:40";"23.69";"61.5";"939.58";"3600";"384";"";"";"";"-112";"-0.800000011920929";"10004";"1773521980631"
"4897";"2026-03-14 17:59:50";"23.68";"61.5";"939.5600000000001";"3600";"384";"";"";"";"-112";"-1.5";"10005";"1773521990631"
"4898";"2026-03-14 18:00:00";"23.68";"61.5";"939.58";"3620";"380";"";"";"";"-112";"-0.800000011920929";"10006";"1773522000632"
"4899";"2026-03-14 18:00:10";"23.68";"61.5";"939.58";"3620";"380";"";"";"";"-112";"-1";"10007";"1773522010625"
"4900";"2026-03-14 18:00:20";"23.67";"61.5";"939.58";"3640";"384";"";"";"";"-112";"-1";"10008";"1773522020629"
"4901";"2026-03-14 18:00:30";"23.66";"61.5";"939.54";"3620";"384";"";"";"";"-112";"-1";"10009";"1773522030630"
"4902";"2026-03-14 18:00:40";"23.66";"61.5";"939.5600000000001";"3600";"380";"";"";"";"-112";"-0.800000011920929";"10010";"1773522040631"
"4903";"2026-03-14 18:00:50";"23.65";"61.5";"939.5600000000001";"3620";"384";"";"";"";"-112";"-0.800000011920929";"10011";"1773522050633"
"4904";"2026-03-14 18:01:00";"23.65";"61.5";"939.5600000000001";"3600";"376";"";"";"";"-112";"-0.30000001192092896";"10012";"1773522060635"
"4905";"2026-03-14 18:01:10";"23.64";"61.5";"939.54";"3600";"380";"";"";"";"-111";"0.30000001192092896";"10013";"1773522070626"
"4906";"2026-03-14 18:01:20";"23.64";"61.5";"939.5600000000001";"3640";"376";"";"";"";"-111";"0.30000001192092896";"10014";"1773522080627"
"4907";"2026-03-14 18:01:30";"23.64";"61.5";"939.52";"3620";"376";"";"";"";"-112";"-1";"10015";"1773522090626"
"4908";"2026-03-14 18:01:40";"23.63";"61.5";"939.5";"3620";"380";"";"";"";"-112";"-0.800000011920929";"10016";"1773522100636"
"4909";"2026-03-14 18:01:50";"23.62";"61.5";"939.5";"3620";"380";"";"";"";"-112";"-1";"10017";"1773522110629"
"4910";"2026-03-14 18:02:00";"23.62";"61.5";"939.52";"3640";"380";"";"";"";"-112";"-0.800000011920929";"10018";"1773522120635"
"4911";"2026-03-14 18:02:10";"23.62";"61.5";"939.52";"3620";"376";"";"";"";"-112";"-1";"10019";"1773522130621"
"4912";"2026-03-14 18:02:20";"23.61";"61.5";"939.5600000000001";"3600";"384";"";"";"";"-112";"-0.30000001192092896";"10020";"1773522140632"
"4913";"2026-03-14 18:02:30";"23.61";"61.5";"939.52";"3620";"376";"";"";"";"-112";"-0.30000001192092896";"10021";"1773522150620"
"4914";"2026-03-14 18:02:40";"23.6";"61.5";"939.52";"3620";"380";"";"";"";"-112";"-0.30000001192092896";"10022";"1773522160629"
"4915";"2026-03-14 18:02:50";"23.59";"61.5";"939.5";"3620";"384";"";"";"";"-112";"0.30000001192092896";"10023";"1773522170650"
"4916";"2026-03-14 18:03:00";"23.59";"62";"939.54";"3620";"376";"";"";"";"-112";"-1";"10024";"1773522180638"
"4917";"2026-03-14 18:03:10";"23.58";"61.5";"939.5";"3600";"376";"";"";"";"-112";"-0.5";"10025";"1773522190630"
"4918";"2026-03-14 18:03:20";"23.58";"61.5";"939.54";"3620";"376";"";"";"";"-112";"-0.30000001192092896";"10026";"1773522200627"
"4919";"2026-03-14 18:03:30";"23.57";"61.5";"939.52";"3620";"384";"";"";"";"-112";"-0.5";"10027";"1773522210626"
"4920";"2026-03-14 18:03:40";"23.57";"61.5";"939.52";"3620";"376";"";"";"";"-111";"0.30000001192092896";"10028";"1773522220626"
"4921";"2026-03-14 18:03:50";"23.56";"62";"939.5";"3620";"376";"";"";"";"-112";"-0.5";"10029";"1773522230646"
"4922";"2026-03-14 18:04:00";"23.55";"62";"939.52";"3620";"376";"";"";"";"-111";"0.30000001192092896";"10030";"1773522240603"
"4923";"2026-03-14 18:04:10";"23.54";"62";"939.52";"3620";"376";"";"";"";"-112";"-0.5";"10031";"1773522250633"
"4924";"2026-03-14 18:04:20";"23.54";"62";"939.5";"3620";"384";"";"";"";"-112";"-0.800000011920929";"10032";"1773522260631"
"4925";"2026-03-14 18:04:30";"23.54";"61.5";"939.54";"3600";"380";"";"";"";"-112";"-2";"10033";"1773522270621"
"4926";"2026-03-14 18:04:40";"23.53";"62";"939.52";"3600";"380";"";"";"";"-112";"-1.7999999523162842";"10034";"1773522280628"
"4927";"2026-03-14 18:04:50";"23.53";"62";"939.48";"3640";"380";"";"";"";"-112";"-0.800000011920929";"10035";"1773522290629"
"4928";"2026-03-14 18:05:00";"23.52";"62";"939.5";"3600";"380";"";"";"";"-112";"-0.30000001192092896";"10036";"1773522300625"
"4929";"2026-03-14 18:05:10";"23.52";"62";"939.52";"3620";"380";"";"";"";"-111";"0";"10037";"1773522310633"
"4930";"2026-03-14 18:05:20";"23.51";"62";"939.52";"3620";"380";"";"";"";"-112";"-0.5";"10038";"1773522320634"
"4931";"2026-03-14 18:05:30";"23.51";"62";"939.5600000000001";"3620";"380";"";"";"";"-112";"-0.30000001192092896";"10039";"1773522330636"
"4932";"2026-03-14 18:05:40";"23.5";"62";"939.54";"3620";"376";"";"";"";"-112";"-0.800000011920929";"10040";"1773522340626"
"4933";"2026-03-14 18:05:50";"23.5";"62";"939.52";"3600";"380";"";"";"";"-112";"-1.5";"10041";"1773522350622"
"4934";"2026-03-14 18:06:00";"23.49";"62";"939.48";"3640";"380";"";"";"";"-112";"-0.800000011920929";"10042";"1773522360626"
"4935";"2026-03-14 18:06:10";"23.48";"62";"939.52";"3640";"372";"";"";"";"-111";"-0.30000001192092896";"10043";"1773522370635"
"4936";"2026-03-14 18:06:20";"23.47";"62";"939.5";"3600";"384";"";"";"";"-112";"-0.800000011920929";"10044";"1773522380628"
"4937";"2026-03-14 18:06:30";"23.47";"62";"939.46";"3600";"380";"";"";"";"-112";"-1";"10045";"1773522390638"
"4938";"2026-03-14 18:06:40";"23.47";"62";"939.48";"3620";"372";"";"";"";"-112";"-0.800000011920929";"10046";"1773522400632"
"4939";"2026-03-14 18:06:50";"23.46";"62";"939.52";"3620";"372";"";"";"";"-112";"-0.800000011920929";"10047";"1773522410627"
"4940";"2026-03-14 18:07:00";"23.46";"62";"939.52";"3600";"380";"";"";"";"-112";"-1.2999999523162842";"10048";"1773522420637"
"4941";"2026-03-14 18:07:10";"23.45";"62";"939.52";"3600";"380";"";"";"";"-112";"-1.5";"10049";"1773522430635"
"4942";"2026-03-14 18:07:20";"23.45";"62";"939.48";"3640";"380";"";"";"";"-111";"-0.5";"10050";"1773522440627"
"4943";"2026-03-14 18:07:30";"23.45";"62";"939.52";"3640";"376";"";"";"";"-112";"-0.800000011920929";"10051";"1773522450634"
"4944";"2026-03-14 18:07:40";"23.44";"62";"939.5";"3620";"380";"";"";"";"-112";"-1";"10052";"1773522460627"
"4945";"2026-03-14 18:07:50";"23.43";"62";"939.52";"3600";"380";"";"";"";"-112";"-1";"10053";"1773522470634"
"4946";"2026-03-14 18:08:00";"23.43";"62";"939.52";"3640";"380";"";"";"";"-112";"-0.30000001192092896";"10054";"1773522480633"
"4947";"2026-03-14 18:08:10";"23.43";"62";"939.5";"3620";"372";"";"";"";"-112";"-1.2999999523162842";"10055";"1773522490636"
"4948";"2026-03-14 18:08:20";"23.42";"62";"939.5";"3600";"380";"";"";"";"-112";"-1.5";"10056";"1773522500624"
"4949";"2026-03-14 18:08:30";"23.42";"62";"939.52";"3600";"380";"";"";"";"-112";"-1";"10057";"1773522510652"
"4950";"2026-03-14 18:08:40";"23.41";"62";"939.52";"3600";"372";"";"";"";"-112";"-0.800000011920929";"10058";"1773522520635"
"4951";"2026-03-14 18:08:50";"23.41";"62";"939.52";"3620";"380";"";"";"";"-112";"-0.5";"10059";"1773522530633"
"4952";"2026-03-14 18:09:00";"23.41";"62";"939.54";"3620";"372";"";"";"";"-111";"-0.30000001192092896";"10060";"1773522540653"
"4953";"2026-03-14 18:09:10";"23.4";"62";"939.52";"3600";"376";"";"";"";"-112";"-0.30000001192092896";"10061";"1773522550633"
"4954";"2026-03-14 18:09:20";"23.4";"62";"939.5600000000001";"3600";"372";"";"";"";"-112";"-1";"10062";"1773522560622"
"4955";"2026-03-14 18:09:30";"23.39";"62";"939.5600000000001";"3600";"376";"";"";"";"-112";"-1.5";"10063";"1773522570594"
"4956";"2026-03-14 18:09:40";"23.39";"62";"939.54";"3620";"376";"";"";"";"-113";"-1.5";"10064";"1773522580638"
"4957";"2026-03-14 18:09:50";"23.39";"62";"939.54";"3620";"380";"";"";"";"-112";"-1";"10065";"1773522590643"
"4958";"2026-03-14 18:10:00";"23.38";"62";"939.54";"3640";"380";"";"";"";"-112";"-1.2999999523162842";"10066";"1773522600592"
"4959";"2026-03-14 18:10:10";"23.38";"62";"939.52";"3600";"376";"";"";"";"-112";"-1";"10067";"1773522610623"
"4960";"2026-03-14 18:10:20";"23.37";"62";"939.5600000000001";"3620";"380";"";"";"";"-112";"-1.2999999523162842";"10068";"1773522620633"
"4961";"2026-03-14 18:10:30";"23.37";"62";"939.5600000000001";"3600";"380";"";"";"";"-112";"-0.5";"10069";"1773522630598"
"4962";"2026-03-14 18:10:40";"23.36";"62";"939.54";"3600";"372";"";"";"";"-112";"-0.5";"10070";"1773522640625"
"4963";"2026-03-14 18:10:50";"23.36";"62";"939.54";"3640";"376";"";"";"";"-112";"-0.5";"10071";"1773522650623"
"4964";"2026-03-14 18:11:00";"23.35";"62";"939.54";"3600";"376";"";"";"";"-112";"-1.7999999523162842";"10072";"1773522660622"
"4965";"2026-03-14 18:11:10";"23.35";"62";"939.54";"3640";"372";"";"";"";"-112";"-0.800000011920929";"10073";"1773522670632"
"4966";"2026-03-14 18:11:20";"23.34";"62";"939.52";"3600";"380";"";"";"";"-112";"0";"10074";"1773522680633"
"4967";"2026-03-14 18:11:30";"23.34";"62";"939.54";"3600";"376";"";"";"";"-112";"-1.2999999523162842";"10075";"1773522690594"
"4968";"2026-03-14 18:11:40";"23.34";"62";"939.54";"3600";"380";"";"";"";"-112";"-0.5";"10076";"1773522700632"
"4969";"2026-03-14 18:11:50";"23.34";"62";"939.54";"3640";"376";"";"";"";"-112";"-0.30000001192092896";"10077";"1773522710632"
"4970";"2026-03-14 18:12:00";"23.33";"62";"939.54";"3640";"372";"";"";"";"-112";"-0.800000011920929";"10078";"1773522720623"
"4971";"2026-03-14 18:12:10";"23.32";"62";"939.5600000000001";"3640";"380";"";"";"";"-112";"-1";"10079";"1773522730628"
"4972";"2026-03-14 18:12:20";"23.32";"62";"939.54";"3600";"380";"";"";"";"-112";"-1";"10080";"1773522740625"
"4973";"2026-03-14 18:12:30";"23.31";"62";"939.54";"3620";"372";"";"";"";"-112";"-0.30000001192092896";"10081";"1773522750628"
"4974";"2026-03-14 18:12:40";"23.31";"62";"939.54";"3600";"376";"";"";"";"-112";"-0.800000011920929";"10082";"1773522760619"
"4975";"2026-03-14 18:12:50";"23.31";"62";"939.52";"3620";"372";"";"";"";"-112";"-0.5";"10083";"1773522770612"
"4976";"2026-03-14 18:13:00";"23.3";"62";"939.54";"3600";"380";"";"";"";"-112";"-0.5";"10084";"1773522780614"
"4977";"2026-03-14 18:13:10";"23.3";"62";"939.54";"3620";"376";"";"";"";"-112";"-1";"10085";"1773522790625"
"4978";"2026-03-14 18:13:20";"23.3";"62";"939.52";"3620";"372";"";"";"";"-112";"-1";"10086";"1773522800596"
"4979";"2026-03-14 18:13:30";"23.29";"62";"939.52";"3600";"372";"";"";"";"-112";"-1";"10087";"1773522810615"
"4980";"2026-03-14 18:13:40";"23.29";"62";"939.54";"3600";"372";"";"";"";"-112";"-1.5";"10088";"1773522820630"
"4981";"2026-03-14 18:13:50";"23.29";"62";"939.52";"3640";"372";"";"";"";"-112";"-1";"10089";"1773522830670"
"4982";"2026-03-14 18:14:00";"23.28";"62";"939.5";"3600";"380";"";"";"";"-112";"-0.30000001192092896";"10090";"1773522840624"
"4983";"2026-03-14 18:14:10";"23.28";"62";"939.52";"3600";"368";"";"";"";"-112";"0";"10091";"1773522850628"
"4984";"2026-03-14 18:14:20";"23.27";"62";"939.48";"3620";"376";"";"";"";"-112";"-1.2999999523162842";"10092";"1773522860630"
"4985";"2026-03-14 18:14:30";"23.28";"62";"939.54";"3600";"380";"";"";"";"-112";"-0.30000001192092896";"10093";"1773522870615"
"4986";"2026-03-14 18:14:40";"23.27";"62";"939.52";"3620";"376";"";"";"";"-111";"0";"10094";"1773522880623"
"4987";"2026-03-14 18:14:50";"23.27";"62";"939.52";"3600";"372";"";"";"";"-111";"0";"10095";"1773522890629"
"4988";"2026-03-14 18:15:00";"23.27";"62";"939.52";"3640";"376";"";"";"";"-112";"-0.5";"10096";"1773522900630"
"4989";"2026-03-14 18:15:10";"23.27";"62";"939.52";"3600";"368";"";"";"";"-112";"-1";"10097";"1773522910627"
"4990";"2026-03-14 18:15:20";"23.27";"62";"939.5";"3600";"376";"";"";"";"-112";"-0.800000011920929";"10098";"1773522920618"
"4991";"2026-03-14 18:15:30";"23.26";"62";"939.5";"3620";"372";"";"";"";"-112";"-0.5";"10099";"1773522930613"
"4992";"2026-03-14 18:15:40";"23.26";"62";"939.52";"3600";"372";"";"";"";"-112";"-0.800000011920929";"10100";"1773522940628"
"4993";"2026-03-14 18:15:50";"23.26";"62";"939.54";"3620";"376";"";"";"";"-112";"-1.2999999523162842";"10101";"1773522950623"
"4994";"2026-03-14 18:16:00";"23.26";"62";"939.54";"3600";"368";"";"";"";"-112";"-1.2999999523162842";"10102";"1773522960621"
"4995";"2026-03-14 18:16:10";"23.26";"62";"939.54";"3620";"372";"";"";"";"-112";"-1";"10103";"1773522970629"
"4996";"2026-03-14 18:16:20";"23.26";"62";"939.52";"3600";"372";"";"";"";"-112";"-1";"10104";"1773522980626"
"4997";"2026-03-14 18:16:30";"23.26";"62";"939.54";"3620";"368";"";"";"";"-112";"-0.800000011920929";"10105";"1773522990634"
"4998";"2026-03-14 18:16:40";"23.26";"62";"939.5600000000001";"3600";"380";"";"";"";"-112";"-0.5";"10106";"1773523000643"
"4999";"2026-03-14 18:16:50";"23.26";"62";"939.54";"3620";"376";"";"";"";"-112";"-1.5";"10107";"1773523010631"
"5000";"2026-03-14 18:17:00";"23.26";"62";"939.52";"3620";"380";"";"";"";"-112";"-1.7999999523162842";"10108";"1773523020630"
"5001";"2026-03-14 18:17:10";"23.25";"62";"939.5600000000001";"3640";"380";"";"";"";"-112";"-0.5";"10109";"1773523030625"
"5002";"2026-03-14 18:17:20";"23.26";"62";"939.52";"3620";"376";"";"";"";"-112";"-0.5";"10110";"1773523040630"
"5003";"2026-03-14 18:17:30";"23.26";"62";"939.58";"3600";"376";"";"";"";"-112";"-1";"10111";"1773523050630"
"5004";"2026-03-14 18:17:40";"23.25";"62";"939.52";"3600";"380";"";"";"";"-112";"-0.5";"10112";"1773523060624"
"5005";"2026-03-14 18:17:50";"23.26";"62";"939.54";"3620";"372";"";"";"";"-112";"-0.800000011920929";"10113";"1773523070599"
"5006";"2026-03-14 18:18:00";"23.25";"62";"939.54";"3620";"372";"";"";"";"-112";"-0.5";"10114";"1773523080622"
"5007";"2026-03-14 18:18:10";"23.26";"62";"939.54";"3600";"376";"";"";"";"-112";"-1";"10115";"1773523090634"
"5008";"2026-03-14 18:18:20";"23.25";"62";"939.54";"3640";"380";"";"";"";"-111";"-0.30000001192092896";"10116";"1773523100623"
"5009";"2026-03-14 18:18:30";"23.25";"62";"939.54";"3600";"368";"";"";"";"-112";"-0.5";"10117";"1773523110629"
"5010";"2026-03-14 18:18:40";"23.26";"62";"939.5600000000001";"3640";"376";"";"";"";"-112";"-0.30000001192092896";"10118";"1773523120637"
"5011";"2026-03-14 18:18:50";"23.25";"62";"939.54";"3600";"368";"";"";"";"-112";"-1";"10119";"1773523130620"
"5012";"2026-03-14 18:19:00";"23.26";"62";"939.5600000000001";"3600";"372";"";"";"";"-112";"-1.2999999523162842";"10120";"1773523140620"
"5013";"2026-03-14 18:19:10";"23.26";"62";"939.54";"3600";"380";"";"";"";"-112";"-1.2999999523162842";"10121";"1773523150634"
"5014";"2026-03-14 18:19:20";"23.26";"62";"939.5600000000001";"3640";"376";"";"";"";"-112";"-0.800000011920929";"10122";"1773523160642"
"5015";"2026-03-14 18:19:30";"23.26";"62";"939.54";"3600";"376";"";"";"";"-112";"-1.5";"10123";"1773523170622"
"5016";"2026-03-14 18:19:40";"23.26";"62";"939.54";"3620";"368";"";"";"";"-112";"-1.2999999523162842";"10124";"1773523180626"
"5017";"2026-03-14 18:19:50";"23.26";"62";"939.54";"3620";"380";"";"";"";"-112";"-1.7999999523162842";"10125";"1773523190639"
"5018";"2026-03-14 18:20:00";"23.26";"62";"939.54";"3600";"376";"";"";"";"-112";"-1.5";"10126";"1773523200629"
"5019";"2026-03-14 18:20:10";"23.26";"62";"939.58";"3640";"376";"";"";"";"-112";"-0.800000011920929";"10127";"1773523210621"
"5020";"2026-03-14 18:20:20";"23.27";"62";"939.5600000000001";"3640";"368";"";"";"";"-112";"-0.800000011920929";"10128";"1773523220620"
"5021";"2026-03-14 18:20:30";"23.26";"62";"939.58";"3600";"372";"";"";"";"-112";"-1.2999999523162842";"10129";"1773523230635"
"5022";"2026-03-14 18:20:40";"23.27";"62";"939.5600000000001";"3620";"368";"";"";"";"-112";"-0.800000011920929";"10130";"1773523240622"
"5023";"2026-03-14 18:20:50";"23.27";"62";"939.54";"3600";"368";"";"";"";"-112";"-0.5";"10131";"1773523250636"
"5024";"2026-03-14 18:21:00";"23.27";"62";"939.5600000000001";"3600";"372";"";"";"";"-112";"-0.800000011920929";"10132";"1773523260642"
"5025";"2026-03-14 18:21:10";"23.27";"62";"939.58";"3620";"368";"";"";"";"-112";"-1";"10133";"1773523270612"
"5026";"2026-03-14 18:21:20";"23.27";"62";"939.5600000000001";"3600";"372";"";"";"";"-112";"-0.5";"10134";"1773523280633"
"5027";"2026-03-14 18:21:30";"23.27";"62";"939.5600000000001";"3640";"376";"";"";"";"-112";"-1";"10135";"1773523290588"
"5028";"2026-03-14 18:21:40";"23.28";"62";"939.58";"3620";"368";"";"";"";"-112";"-1.5";"10136";"1773523300622"
"5029";"2026-03-14 18:21:50";"23.27";"62";"939.58";"3620";"368";"";"";"";"-112";"-1.2999999523162842";"10137";"1773523310590"
"5030";"2026-03-14 18:22:00";"23.28";"62";"939.58";"3640";"368";"";"";"";"-112";"-1.5";"10138";"1773523320591"
"5031";"2026-03-14 18:22:10";"23.28";"62";"939.6";"3640";"376";"";"";"";"-112";"-0.5";"10139";"1773523330619"
"5032";"2026-03-14 18:22:20";"23.29";"62";"939.6";"3600";"372";"";"";"";"-112";"-0.800000011920929";"10140";"1773523340619"
"5033";"2026-03-14 18:22:30";"23.29";"62";"939.58";"3620";"372";"";"";"";"-112";"-0.5";"10141";"1773523350584"
"5034";"2026-03-14 18:22:40";"23.29";"62";"939.58";"3640";"368";"";"";"";"-112";"-0.30000001192092896";"10142";"1773523360625"
"5035";"2026-03-14 18:22:50";"23.28";"62";"939.6";"3600";"368";"";"";"";"-112";"-0.800000011920929";"10143";"1773523370625"
"5036";"2026-03-14 18:23:00";"23.29";"62";"939.58";"3600";"372";"";"";"";"-112";"-1.5";"10144";"1773523380588"
"5037";"2026-03-14 18:23:10";"23.29";"62";"939.62";"3600";"368";"";"";"";"-112";"-1";"10145";"1773523390623"
"5038";"2026-03-14 18:23:20";"23.3";"62";"939.62";"3620";"372";"";"";"";"-112";"-0.5";"10146";"1773523400628"
"5039";"2026-03-14 18:23:30";"23.3";"62";"939.62";"3640";"376";"";"";"";"-112";"-1";"10147";"1773523410582"
"5040";"2026-03-14 18:23:40";"23.3";"62";"939.6";"3620";"376";"";"";"";"-112";"-0.800000011920929";"10148";"1773523420632"
"5041";"2026-03-14 18:23:50";"23.3";"62";"939.62";"3620";"376";"";"";"";"-112";"-0.5";"10149";"1773523430629"
"5042";"2026-03-14 18:24:00";"23.31";"62";"939.58";"3640";"372";"";"";"";"-112";"-0.5";"10150";"1773523440600"
"5043";"2026-03-14 18:24:10";"23.31";"62";"939.62";"3640";"376";"";"";"";"-112";"-1";"10151";"1773523450635"
"5044";"2026-03-14 18:24:20";"23.31";"62";"939.6";"3600";"364";"";"";"";"-112";"-0.800000011920929";"10152";"1773523460600"
"5045";"2026-03-14 18:24:30";"23.31";"62";"939.64";"3620";"376";"";"";"";"-112";"-1.5";"10153";"1773523470593"
"5046";"2026-03-14 18:24:40";"23.32";"62";"939.64";"3620";"376";"";"";"";"-112";"-1.2999999523162842";"10154";"1773523480629"
"5047";"2026-03-14 18:24:50";"23.31";"62";"939.64";"3600";"372";"";"";"";"-112";"-0.30000001192092896";"10155";"1773523490621"
"5048";"2026-03-14 18:25:00";"23.32";"62";"939.64";"3600";"368";"";"";"";"-112";"-1";"10156";"1773523500611"
"5049";"2026-03-14 18:25:10";"23.33";"62";"939.64";"3600";"368";"";"";"";"-112";"-0.800000011920929";"10157";"1773523510631"
"5050";"2026-03-14 18:25:21";"23.33";"62";"939.64";"3620";"372";"";"";"";"-112";"-1";"10158";"1773523520978"
"5051";"2026-03-14 18:25:30";"23.33";"62";"939.64";"3600";"376";"";"";"";"-112";"-1";"10159";"1773523530617"
"5052";"2026-03-14 18:25:40";"23.34";"62";"939.64";"3620";"368";"";"";"";"-112";"-0.800000011920929";"10160";"1773523540621"
"5053";"2026-03-14 18:25:50";"23.34";"62";"939.66";"3620";"368";"";"";"";"-112";"-1.5";"10161";"1773523550601"
"5054";"2026-03-14 18:26:00";"23.34";"62";"939.66";"3620";"372";"";"";"";"-112";"-1";"10162";"1773523560625"
"5055";"2026-03-14 18:26:10";"23.34";"62";"939.64";"3640";"368";"";"";"";"-112";"-0.5";"10163";"1773523570618"
"5056";"2026-03-14 18:26:20";"23.35";"62";"939.6800000000001";"3620";"364";"";"";"";"-112";"-0.800000011920929";"10164";"1773523580621"
"5057";"2026-03-14 18:26:30";"23.35";"62";"939.66";"3600";"368";"";"";"";"-112";"-1";"10165";"1773523590619"
"5058";"2026-03-14 18:26:40";"23.35";"62";"939.7";"3640";"372";"";"";"";"-112";"-0.800000011920929";"10166";"1773523600629"
"5059";"2026-03-14 18:26:50";"23.36";"62";"939.7";"3620";"372";"";"";"";"-112";"-0.5";"10167";"1773523610590"
"5060";"2026-03-14 18:27:00";"23.36";"62";"939.72";"3640";"364";"";"";"";"-112";"-0.800000011920929";"10168";"1773523620620"
"5061";"2026-03-14 18:27:10";"23.37";"62";"939.6800000000001";"3620";"372";"";"";"";"-112";"-0.5";"10169";"1773523630621"
"5062";"2026-03-14 18:27:20";"23.37";"61.5";"939.66";"3600";"364";"";"";"";"-112";"-0.5";"10170";"1773523640634"
"5063";"2026-03-14 18:27:30";"23.38";"61.5";"939.7";"3640";"376";"";"";"";"-112";"-0.800000011920929";"10171";"1773523650625"
"5064";"2026-03-14 18:27:40";"23.38";"61.5";"939.6800000000001";"3600";"368";"";"";"";"-112";"-1";"10172";"1773523660622"
"5065";"2026-03-14 18:27:50";"23.38";"62";"939.6800000000001";"3620";"372";"";"";"";"-112";"-0.800000011920929";"10173";"1773523670637"
"5066";"2026-03-14 18:28:00";"23.38";"62";"939.66";"3620";"376";"";"";"";"-111";"-0.30000001192092896";"10174";"1773523680639"
"5067";"2026-03-14 18:28:10";"23.39";"61.5";"939.66";"3600";"376";"";"";"";"-112";"-0.800000011920929";"10175";"1773523690623"
"5068";"2026-03-14 18:28:20";"23.39";"61.5";"939.7";"3600";"372";"";"";"";"-112";"-1";"10176";"1773523700630"
"5069";"2026-03-14 18:28:30";"23.39";"61.5";"939.6800000000001";"3600";"376";"";"";"";"-112";"-1.2999999523162842";"10177";"1773523710620"
"5070";"2026-03-14 18:28:40";"23.4";"61.5";"939.7";"3600";"372";"";"";"";"-112";"-0.800000011920929";"10178";"1773523720582"
"5071";"2026-03-14 18:28:50";"23.4";"61.5";"939.7";"3600";"368";"";"";"";"-112";"-0.800000011920929";"10179";"1773523730630"
"5072";"2026-03-14 18:29:00";"23.4";"61.5";"939.6800000000001";"3600";"364";"";"";"";"-112";"-1";"10180";"1773523740621"
"5073";"2026-03-14 18:29:10";"23.41";"61.5";"939.6800000000001";"3620";"368";"";"";"";"-112";"-0.800000011920929";"10181";"1773523750615"
"5074";"2026-03-14 18:29:20";"23.41";"61.5";"939.66";"3600";"372";"";"";"";"-112";"-0.5";"10182";"1773523760634"
"5075";"2026-03-14 18:29:30";"23.41";"61.5";"939.66";"3620";"372";"";"";"";"-112";"-1";"10183";"1773523770633"
"5076";"2026-03-14 18:29:40";"23.42";"61.5";"939.72";"3620";"368";"";"";"";"-112";"-0.5";"10184";"1773523780623"
"5077";"2026-03-14 18:29:50";"23.42";"61.5";"939.66";"3620";"376";"";"";"";"-112";"-0.800000011920929";"10185";"1773523790630"
"5078";"2026-03-14 18:30:00";"23.43";"61.5";"939.7";"3640";"372";"";"";"";"-112";"-1";"10186";"1773523800617"
"5079";"2026-03-14 18:30:10";"23.43";"61.5";"939.7";"3620";"372";"";"";"";"-112";"-1";"10187";"1773523810634"
"5080";"2026-03-14 18:30:20";"23.43";"61.5";"939.6800000000001";"3620";"372";"";"";"";"-112";"-1.2999999523162842";"10188";"1773523820598"
"5081";"2026-03-14 18:30:30";"23.44";"61.5";"939.6800000000001";"3640";"376";"";"";"";"-112";"-1";"10189";"1773523830628"
"5082";"2026-03-14 18:30:40";"23.44";"61.5";"939.6800000000001";"3620";"368";"";"";"";"-112";"-0.800000011920929";"10190";"1773523840630"
"5083";"2026-03-14 18:30:50";"23.45";"61.5";"939.6800000000001";"3640";"364";"";"";"";"-112";"-1";"10191";"1773523850624"
"5084";"2026-03-14 18:31:00";"23.44";"61.5";"939.6800000000001";"3600";"368";"";"";"";"-112";"-0.800000011920929";"10192";"1773523860621"
"5085";"2026-03-14 18:31:10";"23.45";"61.5";"939.7";"3620";"376";"";"";"";"-112";"-0.30000001192092896";"10193";"1773523870621"
"5086";"2026-03-14 18:31:20";"23.45";"61.5";"939.6800000000001";"3600";"372";"";"";"";"-112";"-1";"10194";"1773523880593"
"5087";"2026-03-14 18:31:30";"23.46";"61.5";"939.7";"3620";"368";"";"";"";"-112";"-0.800000011920929";"10195";"1773523890625"
"5088";"2026-03-14 18:31:40";"23.46";"61.5";"939.7";"3620";"368";"";"";"";"-112";"-0.5";"10196";"1773523900623"
"5089";"2026-03-14 18:31:50";"23.46";"61.5";"939.72";"3600";"372";"";"";"";"-112";"-0.5";"10197";"1773523910630"
"5090";"2026-03-14 18:32:00";"23.47";"61.5";"939.7";"3620";"372";"";"";"";"-112";"-0.30000001192092896";"10198";"1773523920629"
"5091";"2026-03-14 18:32:10";"23.47";"61.5";"939.74";"3600";"368";"";"";"";"-112";"-1";"10199";"1773523930589"
"5092";"2026-03-14 18:32:20";"23.48";"61.5";"939.74";"3600";"368";"";"";"";"-112";"-0.800000011920929";"10200";"1773523940626"
"5093";"2026-03-14 18:32:30";"23.48";"61.5";"939.7";"3640";"376";"";"";"";"-112";"-1.7999999523162842";"10201";"1773523950635"
"5094";"2026-03-14 18:32:40";"23.49";"61.5";"939.76";"3600";"364";"";"";"";"-112";"-1";"10202";"1773523960624"
"5095";"2026-03-14 18:32:50";"23.49";"61.5";"939.74";"3620";"372";"";"";"";"-112";"-2";"10203";"1773523970630"
"5096";"2026-03-14 18:33:00";"23.49";"61.5";"939.72";"3600";"368";"";"";"";"-112";"-1";"10204";"1773523980624"
"5097";"2026-03-14 18:33:10";"23.5";"61.5";"939.74";"3620";"368";"";"";"";"-112";"-1.2999999523162842";"10205";"1773523990633"
"5098";"2026-03-14 18:33:20";"23.51";"61.5";"939.74";"3620";"364";"";"";"";"-112";"-0.5";"10206";"1773524000633"
"5099";"2026-03-14 18:33:30";"23.51";"61.5";"939.74";"3600";"368";"";"";"";"-112";"-0.800000011920929";"10207";"1773524010626"
"5100";"2026-03-14 18:33:40";"23.52";"61.5";"939.74";"3600";"368";"";"";"";"-112";"-0.5";"10208";"1773524020623"
"5101";"2026-03-14 18:33:50";"23.52";"61.5";"939.76";"3600";"372";"";"";"";"-112";"-1.2999999523162842";"10209";"1773524030627"
"5102";"2026-03-14 18:34:00";"23.53";"61.5";"939.76";"3620";"368";"";"";"";"-112";"-1.2999999523162842";"10210";"1773524040634"
"5103";"2026-03-14 18:34:10";"23.53";"61.5";"939.74";"3620";"364";"";"";"";"-112";"-0.800000011920929";"10211";"1773524050623"
"5104";"2026-03-14 18:34:20";"23.54";"61.5";"939.76";"3640";"368";"";"";"";"-112";"-1";"10212";"1773524060623"
"5105";"2026-03-14 18:34:30";"23.54";"61.5";"939.78";"3620";"372";"";"";"";"-112";"-0.800000011920929";"10213";"1773524070622"
"5106";"2026-03-14 18:34:40";"23.55";"61.5";"939.78";"3600";"368";"";"";"";"-112";"-0.5";"10214";"1773524080623"
"5107";"2026-03-14 18:34:50";"23.56";"61.5";"939.76";"3600";"364";"";"";"";"-112";"-1";"10215";"1773524090632"
"5108";"2026-03-14 18:35:00";"23.57";"61.5";"939.78";"3600";"372";"";"";"";"-112";"-1";"10216";"1773524100632"
"5109";"2026-03-14 18:35:10";"23.57";"61";"939.8000000000001";"3620";"372";"";"";"";"-112";"-0.800000011920929";"10217";"1773524110629"
"5110";"2026-03-14 18:35:20";"23.58";"61";"939.76";"3620";"364";"";"";"";"-112";"-0.800000011920929";"10218";"1773524120613"
"5111";"2026-03-14 18:35:30";"23.57";"61";"939.8000000000001";"3600";"368";"";"";"";"-112";"-0.5";"10219";"1773524130613"
"5112";"2026-03-14 18:35:40";"23.58";"61";"939.76";"3620";"364";"";"";"";"-112";"-0.800000011920929";"10220";"1773524140621"
"5113";"2026-03-14 18:35:50";"23.59";"61";"939.78";"3600";"372";"";"";"";"-112";"-0.800000011920929";"10221";"1773524150628"
"5114";"2026-03-14 18:36:00";"23.6";"61";"939.8000000000001";"3600";"368";"";"";"";"-112";"-1";"10222";"1773524160619"
"5115";"2026-03-14 18:36:10";"23.6";"61";"939.76";"3600";"376";"";"";"";"-112";"-0.5";"10223";"1773524170628"
"5116";"2026-03-14 18:36:20";"23.6";"61";"939.78";"3600";"364";"";"";"";"-112";"-0.5";"10224";"1773524180603"
"5117";"2026-03-14 18:36:30";"23.61";"61";"939.76";"3620";"372";"";"";"";"-112";"-0.30000001192092896";"10225";"1773524190624"
"5118";"2026-03-14 18:36:40";"23.62";"61";"939.78";"3600";"376";"";"";"";"-112";"-0.5";"10226";"1773524200631"
"5119";"2026-03-14 18:36:50";"23.62";"61";"939.8000000000001";"3600";"372";"";"";"";"-112";"-0.800000011920929";"10227";"1773524210619"
"5120";"2026-03-14 18:37:00";"23.62";"61";"939.78";"3620";"372";"";"";"";"-112";"-0.5";"10228";"1773524220592"
"5121";"2026-03-14 18:37:10";"23.63";"61";"939.78";"3600";"372";"";"";"";"-112";"-0.800000011920929";"10229";"1773524230623"
"5122";"2026-03-14 18:37:20";"23.64";"61";"939.82";"3620";"364";"";"";"";"-112";"-1";"10230";"1773524240620"
"5123";"2026-03-14 18:37:30";"23.64";"61";"939.76";"3600";"364";"";"";"";"-112";"-1";"10231";"1773524250619"
"5124";"2026-03-14 18:37:40";"23.65";"61";"939.8000000000001";"3600";"368";"";"";"";"-112";"-0.5";"10232";"1773524260614"
"5125";"2026-03-14 18:37:50";"23.65";"61";"939.78";"3620";"364";"";"";"";"-112";"-0.800000011920929";"10233";"1773524270666"
"5126";"2026-03-14 18:38:00";"23.65";"61";"939.76";"3600";"368";"";"";"";"-112";"-0.5";"10234";"1773524280628"
"5127";"2026-03-14 18:38:10";"23.66";"61";"939.78";"3620";"364";"";"";"";"-112";"-0.800000011920929";"10235";"1773524290627"
"5128";"2026-03-14 18:38:20";"23.67";"61";"939.78";"3620";"376";"";"";"";"-112";"-0.5";"10236";"1773524300632"
"5129";"2026-03-14 18:38:30";"23.67";"61";"939.78";"3620";"376";"";"";"";"-112";"-0.800000011920929";"10237";"1773524310625"
"5130";"2026-03-14 18:38:40";"23.67";"61";"939.76";"3600";"368";"";"";"";"-112";"-0.5";"10238";"1773524320616"
"5131";"2026-03-14 18:38:50";"23.68";"61";"939.76";"3620";"364";"";"";"";"-112";"-0.800000011920929";"10239";"1773524330624"
"5132";"2026-03-14 18:39:00";"23.68";"61";"939.78";"3600";"372";"";"";"";"-112";"-1";"10240";"1773524340598"
"5133";"2026-03-14 18:39:10";"23.68";"61";"939.76";"3620";"372";"";"";"";"-112";"-0.800000011920929";"10241";"1773524350622"
"5134";"2026-03-14 18:39:20";"23.7";"61";"939.74";"3600";"372";"";"";"";"-112";"-0.5";"10242";"1773524360598"
"5135";"2026-03-14 18:39:30";"23.7";"61";"939.76";"3620";"364";"";"";"";"-112";"-1";"10243";"1773524370628"
"5136";"2026-03-14 18:39:40";"23.7";"61";"939.76";"3600";"364";"";"";"";"-112";"-0.800000011920929";"10244";"1773524380618"
"5137";"2026-03-14 18:39:50";"23.7";"61";"939.74";"3600";"364";"";"";"";"-112";"-0.800000011920929";"10245";"1773524390632"
"5138";"2026-03-14 18:40:00";"23.71";"61";"939.76";"3620";"372";"";"";"";"-112";"-0.5";"10246";"1773524400597"
"5139";"2026-03-14 18:40:10";"23.71";"61";"939.76";"3620";"372";"";"";"";"-112";"-0.5";"10247";"1773524410635"
"5140";"2026-03-14 18:40:20";"23.72";"61";"939.76";"3620";"364";"";"";"";"-112";"-0.800000011920929";"10248";"1773524420622"
"5141";"2026-03-14 18:40:30";"23.72";"61";"939.76";"3600";"364";"";"";"";"-112";"-0.800000011920929";"10249";"1773524430659"
"5142";"2026-03-14 18:40:40";"23.73";"61";"939.76";"3640";"372";"";"";"";"-112";"-0.30000001192092896";"10250";"1773524440621"
"5143";"2026-03-14 18:40:50";"23.73";"61";"939.72";"3600";"364";"";"";"";"-112";"-0.5";"10251";"1773524450637"
"5144";"2026-03-14 18:41:00";"23.73";"61";"939.72";"3620";"368";"";"";"";"-112";"-1";"10252";"1773524460626"
"5145";"2026-03-14 18:41:10";"23.73";"61";"939.72";"3600";"368";"";"";"";"-112";"-0.5";"10253";"1773524470626"
"5146";"2026-03-14 18:41:20";"23.74";"61";"939.72";"3620";"368";"";"";"";"-112";"-0.30000001192092896";"10254";"1773524480618"
"5147";"2026-03-14 18:41:30";"23.74";"61";"939.72";"3620";"372";"";"";"";"-112";"-0.5";"10255";"1773524490620"
"5148";"2026-03-14 18:41:40";"23.74";"61";"939.72";"3620";"364";"";"";"";"-112";"-0.5";"10256";"1773524500624"
"5149";"2026-03-14 18:41:50";"23.75";"61";"939.74";"3620";"368";"";"";"";"-112";"-0.800000011920929";"10257";"1773524510621"
"5150";"2026-03-14 18:42:00";"23.75";"61";"939.72";"3640";"372";"";"";"";"-112";"-1";"10258";"1773524520617"
"5151";"2026-03-14 18:42:10";"23.75";"61";"939.72";"3620";"368";"";"";"";"-112";"-0.5";"10259";"1773524530627"
"5152";"2026-03-14 18:42:20";"23.76";"61";"939.74";"3620";"364";"";"";"";"-112";"-0.800000011920929";"10260";"1773524540592"
"5153";"2026-03-14 18:42:30";"23.76";"60.5";"939.74";"3640";"364";"";"";"";"-112";"-0.800000011920929";"10261";"1773524550629"
"5154";"2026-03-14 18:42:40";"23.76";"60.5";"939.7";"3600";"372";"";"";"";"-112";"-0.30000001192092896";"10262";"1773524560629"
"5155";"2026-03-14 18:42:50";"23.77";"60.5";"939.74";"3620";"364";"";"";"";"-112";"-0.800000011920929";"10263";"1773524570630"
"5156";"2026-03-14 18:43:00";"23.77";"60.5";"939.72";"3620";"372";"";"";"";"-112";"-1";"10264";"1773524580618"
"5157";"2026-03-14 18:43:10";"23.78";"60.5";"939.72";"3640";"368";"";"";"";"-112";"-0.800000011920929";"10265";"1773524590628"
"5158";"2026-03-14 18:43:20";"23.78";"60.5";"939.72";"3600";"364";"";"";"";"-112";"-0.800000011920929";"10266";"1773524600621"
"5159";"2026-03-14 18:43:30";"23.78";"60.5";"939.74";"3600";"368";"";"";"";"-112";"-0.5";"10267";"1773524610625"
"5160";"2026-03-14 18:43:40";"23.78";"60.5";"939.72";"3600";"364";"";"";"";"-112";"-0.800000011920929";"10268";"1773524620625"
"5161";"2026-03-14 18:43:50";"23.79";"60.5";"939.7";"3600";"372";"";"";"";"-112";"-0.800000011920929";"10269";"1773524630619"
"5162";"2026-03-14 18:44:00";"23.79";"60.5";"939.72";"3600";"368";"";"";"";"-112";"0";"10270";"1773524640630"
"5163";"2026-03-14 18:44:10";"23.79";"60.5";"939.72";"3620";"364";"";"";"";"-112";"-2.299999952316284";"10271";"1773524650625"
"5164";"2026-03-14 18:44:30";"23.8";"60.5";"939.72";"3600";"372";"";"";"";"-112";"-0.800000011920929";"10273";"1773524670627"
"5165";"2026-03-14 18:44:40";"23.8";"60.5";"939.6800000000001";"3600";"372";"";"";"";"-112";"-0.800000011920929";"10274";"1773524680617"
"5166";"2026-03-14 18:44:50";"23.81";"60.5";"939.72";"3620";"372";"";"";"";"-112";"-0.5";"10275";"1773524690621"
"5167";"2026-03-14 18:45:00";"23.81";"60.5";"939.7";"3600";"368";"";"";"";"-112";"-0.5";"10276";"1773524700598"
"5168";"2026-03-14 18:45:10";"23.81";"60.5";"939.7";"3620";"364";"";"";"";"-112";"-0.5";"10277";"1773524710597"
"5169";"2026-03-14 18:45:20";"23.82";"60.5";"939.7";"3600";"368";"";"";"";"-112";"-0.800000011920929";"10278";"1773524720626"
"5170";"2026-03-14 18:45:30";"23.81";"60.5";"939.7";"3640";"372";"";"";"";"-112";"-0.5";"10279";"1773524730623"
"5171";"2026-03-14 18:45:40";"23.82";"60.5";"939.7";"3640";"364";"";"";"";"-112";"-0.800000011920929";"10280";"1773524740621"
"5172";"2026-03-14 18:45:50";"23.82";"60.5";"939.7";"3620";"372";"";"";"";"-112";"-0.800000011920929";"10281";"1773524750619"
"5173";"2026-03-14 18:46:00";"23.82";"60.5";"939.66";"3600";"364";"";"";"";"-112";"-0.5";"10282";"1773524760590"
"5174";"2026-03-14 18:46:10";"23.83";"60.5";"939.7";"3620";"364";"";"";"";"-112";"-0.800000011920929";"10283";"1773524770617"
"5175";"2026-03-14 18:46:20";"23.83";"60.5";"939.7";"3600";"372";"";"";"";"-112";"-1";"10284";"1773524780625"
"5176";"2026-03-14 18:46:30";"23.83";"60.5";"939.7";"3620";"364";"";"";"";"-112";"-0.5";"10285";"1773524790617"
"5177";"2026-03-14 18:46:40";"23.83";"60.5";"939.7";"3620";"372";"";"";"";"-112";"-1";"10286";"1773524800621"
"5178";"2026-03-14 18:46:50";"23.83";"60.5";"939.72";"3620";"364";"";"";"";"-112";"-1";"10287";"1773524810623"
"5179";"2026-03-14 18:47:00";"23.83";"60.5";"939.6800000000001";"3620";"368";"";"";"";"-112";"-1";"10288";"1773524820625"
"5180";"2026-03-14 18:47:10";"23.84";"60.5";"939.6800000000001";"3640";"368";"";"";"";"-112";"-1.2999999523162842";"10289";"1773524830627"
"5181";"2026-03-14 18:47:20";"23.84";"60.5";"939.7";"3600";"372";"";"";"";"-112";"-1.2999999523162842";"10290";"1773524840627"
"5182";"2026-03-14 18:47:30";"23.84";"60.5";"939.6800000000001";"3600";"364";"";"";"";"-112";"-0.800000011920929";"10291";"1773524850622"
"5183";"2026-03-14 18:47:40";"23.85";"60.5";"939.7";"3600";"372";"";"";"";"-112";"-1.5";"10292";"1773524860623"
"5184";"2026-03-14 18:47:50";"23.85";"60.5";"939.6800000000001";"3600";"372";"";"";"";"-112";"-1.2999999523162842";"10293";"1773524870617"
"5185";"2026-03-14 18:48:00";"23.85";"60.5";"939.72";"3600";"364";"";"";"";"-112";"-1";"10294";"1773524880625"
"5186";"2026-03-14 18:48:10";"23.85";"60.5";"939.7";"3600";"372";"";"";"";"-112";"-1";"10295";"1773524890618"
"5187";"2026-03-14 18:48:20";"23.85";"60.5";"939.74";"3620";"364";"";"";"";"-112";"-0.800000011920929";"10296";"1773524900622"
"5188";"2026-03-14 18:48:30";"23.86";"60.5";"939.7";"3620";"364";"";"";"";"-112";"-0.5";"10297";"1773524910625"
"5189";"2026-03-14 18:48:40";"23.85";"60.5";"939.7";"3600";"372";"";"";"";"-112";"-1";"10298";"1773524920617"
"5190";"2026-03-14 18:48:50";"23.86";"60.5";"939.7";"3640";"368";"";"";"";"-112";"-0.800000011920929";"10299";"1773524930627"
"5191";"2026-03-14 18:49:00";"23.86";"60.5";"939.6800000000001";"3620";"372";"";"";"";"-112";"-1";"10300";"1773524940624"
"5192";"2026-03-14 18:49:10";"23.86";"60.5";"939.72";"3620";"372";"";"";"";"-112";"-1.2999999523162842";"10301";"1773524950623"
"5193";"2026-03-14 18:49:20";"23.86";"60.5";"939.72";"3640";"368";"";"";"";"-112";"-1";"10302";"1773524960613"
"5194";"2026-03-14 18:49:30";"23.87";"60.5";"939.6800000000001";"3580";"368";"";"";"";"-112";"-0.30000001192092896";"10303";"1773524970617"
"5195";"2026-03-14 18:49:40";"23.87";"60.5";"939.74";"3620";"368";"";"";"";"-112";"-1";"10304";"1773524980617"
"5196";"2026-03-14 18:49:50";"23.87";"60.5";"939.7";"3600";"368";"";"";"";"-112";"-0.800000011920929";"10305";"1773524990612"
"5197";"2026-03-14 18:50:00";"23.87";"60.5";"939.72";"3580";"372";"";"";"";"-112";"-1";"10306";"1773525000599"
"5198";"2026-03-14 18:50:10";"23.87";"60.5";"939.72";"3600";"364";"";"";"";"-112";"-1";"10307";"1773525010621"
"5199";"2026-03-14 18:50:20";"23.87";"60.5";"939.76";"3620";"368";"";"";"";"-112";"-1.5";"10308";"1773525020626"
"5200";"2026-03-14 18:50:30";"23.87";"60.5";"939.7";"3620";"372";"";"";"";"-112";"-0.800000011920929";"10309";"1773525030618"
"5201";"2026-03-14 18:50:40";"23.87";"60.5";"939.72";"3600";"372";"";"";"";"-112";"-0.800000011920929";"10310";"1773525040626"
"5202";"2026-03-14 18:50:50";"23.87";"60.5";"939.7";"3600";"372";"";"";"";"-112";"-0.5";"10311";"1773525050586"
"5203";"2026-03-14 18:51:00";"23.88";"60.5";"939.72";"3600";"372";"";"";"";"-112";"-1.2999999523162842";"10312";"1773525060621"
"5204";"2026-03-14 18:51:10";"23.88";"60.5";"939.74";"3600";"368";"";"";"";"-112";"-1.2999999523162842";"10313";"1773525070624"
"5205";"2026-03-14 18:51:20";"23.88";"60.5";"939.74";"3620";"376";"";"";"";"-112";"-1.2999999523162842";"10314";"1773525080627"
"5206";"2026-03-14 18:51:30";"23.88";"60.5";"939.74";"3600";"364";"";"";"";"-112";"-0.800000011920929";"10315";"1773525090615"
"5207";"2026-03-14 18:51:40";"23.88";"60.5";"939.74";"3620";"364";"";"";"";"-112";"-0.800000011920929";"10316";"1773525100614"
"5208";"2026-03-14 18:51:50";"23.89";"60.5";"939.72";"3620";"372";"";"";"";"-112";"-1";"10317";"1773525110626"
"5209";"2026-03-14 18:52:00";"23.89";"60.5";"939.74";"3600";"368";"";"";"";"-112";"-1";"10318";"1773525120620"
"5210";"2026-03-14 18:52:10";"23.89";"60.5";"939.74";"3600";"368";"";"";"";"-112";"-1.2999999523162842";"10319";"1773525130626"
"5211";"2026-03-14 18:52:20";"23.89";"60.5";"939.7";"3600";"372";"";"";"";"-112";"-1.5";"10320";"1773525140623"
"5212";"2026-03-14 18:52:30";"23.89";"60.5";"939.72";"3600";"372";"";"";"";"-112";"-1.5";"10321";"1773525150621"
"5213";"2026-03-14 18:52:40";"23.89";"60.5";"939.72";"3600";"368";"";"";"";"-112";"-1.2999999523162842";"10322";"1773525160591"
"5214";"2026-03-14 18:52:50";"23.89";"60.5";"939.76";"3620";"364";"";"";"";"-112";"-1.2999999523162842";"10323";"1773525170621"
"5215";"2026-03-14 18:53:00";"23.89";"60.5";"939.76";"3600";"364";"";"";"";"-112";"-1.2999999523162842";"10324";"1773525180626"
"5216";"2026-03-14 18:53:10";"23.89";"60.5";"939.74";"3620";"364";"";"";"";"-112";"-0.800000011920929";"10325";"1773525190621"
"5217";"2026-03-14 18:53:20";"23.89";"60.5";"939.72";"3600";"368";"";"";"";"-112";"-1";"10326";"1773525200627"
"5218";"2026-03-14 18:53:30";"23.9";"60.5";"939.78";"3600";"372";"";"";"";"-112";"-0.800000011920929";"10327";"1773525210626"
"5219";"2026-03-14 18:53:40";"23.9";"60.5";"939.74";"3620";"368";"";"";"";"-112";"-1.5";"10328";"1773525220620"
"5220";"2026-03-14 18:53:50";"23.9";"60.5";"939.74";"3620";"372";"";"";"";"-112";"-1.2999999523162842";"10329";"1773525230592"
"5221";"2026-03-14 18:54:00";"23.91";"60.5";"939.74";"3620";"372";"";"";"";"-112";"-1.5";"10330";"1773525240618"
"5222";"2026-03-14 18:54:10";"23.9";"60.5";"939.74";"3580";"368";"";"";"";"-112";"-0.800000011920929";"10331";"1773525250586"
"5223";"2026-03-14 18:54:20";"23.91";"60.5";"939.72";"3640";"364";"";"";"";"-112";"-0.5";"10332";"1773525260614"
"5224";"2026-03-14 18:54:30";"23.91";"60.5";"939.76";"3600";"372";"";"";"";"-112";"-0.800000011920929";"10333";"1773525270618"
"5225";"2026-03-14 18:54:40";"23.91";"60.5";"939.72";"3580";"372";"";"";"";"-112";"-1";"10334";"1773525280628"
"5226";"2026-03-14 18:54:50";"23.91";"60.5";"939.72";"3620";"364";"";"";"";"-112";"-1";"10335";"1773525290618"
"5227";"2026-03-14 18:55:00";"23.91";"60.5";"939.74";"3640";"360";"";"";"";"-112";"-0.800000011920929";"10336";"1773525300611"
"5228";"2026-03-14 18:55:10";"23.92";"60.5";"939.72";"3600";"364";"";"";"";"-112";"-1.2999999523162842";"10337";"1773525310623"
"5229";"2026-03-14 18:55:20";"23.91";"60.5";"939.72";"3620";"364";"";"";"";"-112";"-0.800000011920929";"10338";"1773525320586"
"5230";"2026-03-14 18:55:30";"23.92";"60.5";"939.74";"3600";"368";"";"";"";"-112";"-1";"10339";"1773525330619"
"5231";"2026-03-14 18:55:40";"23.92";"60.5";"939.72";"3620";"364";"";"";"";"-112";"-1.2999999523162842";"10340";"1773525340583"
"5232";"2026-03-14 18:55:50";"23.92";"60.5";"939.74";"3620";"364";"";"";"";"-112";"-1";"10341";"1773525350597"
"5233";"2026-03-14 18:56:00";"23.92";"60.5";"939.72";"3600";"368";"";"";"";"-112";"-1.7999999523162842";"10342";"1773525360815"
"5234";"2026-03-14 18:56:10";"23.93";"60.5";"939.76";"3600";"372";"";"";"";"-112";"-0.800000011920929";"10343";"1773525370624"
"5235";"2026-03-14 18:56:20";"23.93";"60.5";"939.74";"3600";"364";"";"";"";"-112";"-1";"10344";"1773525380619"
"5236";"2026-03-14 18:56:30";"23.94";"60.5";"939.78";"3640";"368";"";"";"";"-112";"-0.800000011920929";"10345";"1773525390615"
"5237";"2026-03-14 18:56:40";"23.94";"60.5";"939.76";"3600";"372";"";"";"";"-112";"-1";"10346";"1773525400617"
"5238";"2026-03-14 18:56:50";"23.94";"60.5";"939.78";"3620";"368";"";"";"";"-112";"-1";"10347";"1773525410610"
"5239";"2026-03-14 18:57:00";"23.94";"60.5";"939.76";"3620";"364";"";"";"";"-112";"-1.5";"10348";"1773525420617"
"5240";"2026-03-14 18:57:10";"23.94";"60.5";"939.76";"3620";"364";"";"";"";"-112";"-1";"10349";"1773525430583"
"5241";"2026-03-14 18:57:20";"23.95";"60.5";"939.74";"3620";"376";"";"";"";"-112";"-1.5";"10350";"1773525440611"
"5242";"2026-03-14 18:57:30";"23.95";"60.5";"939.8000000000001";"3620";"364";"";"";"";"-112";"-1";"10351";"1773525450614"
"5243";"2026-03-14 18:57:40";"23.95";"60.5";"939.76";"3640";"364";"";"";"";"-112";"-0.5";"10352";"1773525460622"
"5244";"2026-03-14 18:57:50";"23.95";"60.5";"939.76";"3620";"364";"";"";"";"-112";"-1";"10353";"1773525470621"
"5245";"2026-03-14 18:58:00";"23.95";"60.5";"939.8000000000001";"3600";"368";"";"";"";"-112";"-1";"10354";"1773525480615"
"5246";"2026-03-14 18:58:10";"23.96";"60.5";"939.78";"3620";"368";"";"";"";"-112";"-1";"10355";"1773525490591"
"5247";"2026-03-14 18:58:20";"23.96";"60.5";"939.8000000000001";"3620";"368";"";"";"";"-112";"-1.2999999523162842";"10356";"1773525500609"
"5248";"2026-03-14 18:58:30";"23.96";"60.5";"939.82";"3600";"364";"";"";"";"-112";"-0.30000001192092896";"10357";"1773525510615"
"5249";"2026-03-14 18:58:40";"23.96";"60.5";"939.8000000000001";"3580";"372";"";"";"";"-112";"-1";"10358";"1773525520619"
"5250";"2026-03-14 18:58:50";"23.97";"60.5";"939.8000000000001";"3620";"364";"";"";"";"-112";"-1";"10359";"1773525530618"
"5251";"2026-03-14 18:59:00";"23.97";"60.5";"939.78";"3620";"372";"";"";"";"-112";"-1.2999999523162842";"10360";"1773525540623"
"5252";"2026-03-14 18:59:10";"23.97";"60";"939.78";"3620";"372";"";"";"";"-112";"-0.800000011920929";"10361";"1773525550625"
"5253";"2026-03-14 18:59:20";"23.96";"60.5";"939.78";"3580";"364";"";"";"";"-112";"-1.5";"10362";"1773525560581"
"5254";"2026-03-14 18:59:30";"23.97";"60.5";"939.78";"3580";"372";"";"";"";"-112";"-1";"10363";"1773525570623"
"5255";"2026-03-14 18:59:40";"23.97";"60.5";"939.78";"3600";"372";"";"";"";"-112";"-0.5";"10364";"1773525580610"
"5256";"2026-03-14 18:59:50";"23.98";"60.5";"939.8000000000001";"3600";"368";"";"";"";"-112";"-1.2999999523162842";"10365";"1773525590628"
"5257";"2026-03-14 19:00:00";"23.98";"60.5";"939.78";"3580";"364";"";"";"";"-112";"-0.800000011920929";"10366";"1773525600625"
"5258";"2026-03-14 19:00:10";"23.98";"60";"939.8000000000001";"3580";"368";"";"";"";"-112";"-1";"10367";"1773525610616"
"5259";"2026-03-14 19:00:20";"23.98";"60.5";"939.78";"3620";"364";"";"";"";"-112";"-0.800000011920929";"10368";"1773525620623"
"5260";"2026-03-14 19:00:30";"23.98";"60.5";"939.8000000000001";"3620";"364";"";"";"";"-112";"-1";"10369";"1773525630608"
"5261";"2026-03-14 19:00:40";"23.98";"60.5";"939.82";"3620";"368";"";"";"";"-112";"-1";"10370";"1773525640624"
"5262";"2026-03-14 19:00:50";"23.98";"60.5";"939.82";"3620";"368";"";"";"";"-112";"-1";"10371";"1773525650611"
"5263";"2026-03-14 19:01:00";"23.98";"60.5";"939.8000000000001";"3600";"368";"";"";"";"-112";"-1";"10372";"1773525660583"
"5264";"2026-03-14 19:01:10";"23.98";"60";"939.8000000000001";"3640";"364";"";"";"";"-112";"-0.800000011920929";"10373";"1773525670609"
"5265";"2026-03-14 19:01:20";"23.98";"60.5";"939.82";"3620";"364";"";"";"";"-112";"-1.5";"10374";"1773525680627"
"5266";"2026-03-14 19:01:30";"23.99";"60.5";"939.8000000000001";"3600";"364";"";"";"";"-112";"-1.2999999523162842";"10375";"1773525690613"
"5267";"2026-03-14 19:01:40";"23.99";"60.5";"939.8000000000001";"3620";"364";"";"";"";"-112";"-1";"10376";"1773525700627"
"5268";"2026-03-14 19:01:50";"23.98";"60.5";"939.78";"3600";"364";"";"";"";"-112";"-1.5";"10377";"1773525710627"
"5269";"2026-03-14 19:02:00";"23.98";"60.5";"939.82";"3620";"368";"";"";"";"-112";"-1";"10378";"1773525720612"
"5270";"2026-03-14 19:02:10";"23.99";"60.5";"939.86";"3600";"372";"";"";"";"-112";"-1.2999999523162842";"10379";"1773525730612"
"5271";"2026-03-14 19:02:20";"23.99";"60.5";"939.84";"3620";"368";"";"";"";"-112";"-0.800000011920929";"10380";"1773525740592"
"5272";"2026-03-14 19:02:30";"23.99";"60";"939.84";"3620";"368";"";"";"";"-112";"-1.2999999523162842";"10381";"1773525750620"
"5273";"2026-03-14 19:02:40";"23.99";"60";"939.82";"3600";"372";"";"";"";"-112";"-0.5";"10382";"1773525760583"
"5274";"2026-03-14 19:02:50";"23.99";"60.5";"939.84";"3600";"372";"";"";"";"-112";"-1.2999999523162842";"10383";"1773525770625"
"5275";"2026-03-14 19:03:00";"23.99";"60.5";"939.82";"3600";"364";"";"";"";"-112";"-0.5";"10384";"1773525780666"
"5276";"2026-03-14 19:03:10";"23.99";"60";"939.86";"3620";"368";"";"";"";"-112";"-0.800000011920929";"10385";"1773525790623"
"5277";"2026-03-14 19:03:20";"24";"60";"939.86";"3580";"368";"";"";"";"-112";"-0.5";"10386";"1773525800595"
"5278";"2026-03-14 19:03:30";"24";"60";"939.88";"3620";"372";"";"";"";"-112";"-0.800000011920929";"10387";"1773525810579"
"5279";"2026-03-14 19:03:40";"24";"60.5";"939.88";"3620";"364";"";"";"";"-112";"-1.5";"10388";"1773525820614"
"5280";"2026-03-14 19:03:50";"24";"60";"939.84";"3620";"368";"";"";"";"-112";"-0.800000011920929";"10389";"1773525830624"
"5281";"2026-03-14 19:04:00";"24";"60";"939.86";"3620";"368";"";"";"";"-112";"-0.5";"10390";"1773525840611"
"5282";"2026-03-14 19:04:10";"23.99";"60";"939.86";"3600";"364";"";"";"";"-112";"-1";"10391";"1773525850615"
"5283";"2026-03-14 19:04:20";"24";"60";"939.9";"3620";"368";"";"";"";"-112";"-0.800000011920929";"10392";"1773525860624"
"5284";"2026-03-14 19:04:30";"24";"60";"939.88";"3620";"372";"";"";"";"-112";"-0.5";"10393";"1773525870623"
"5285";"2026-03-14 19:04:40";"24";"60";"939.88";"3620";"364";"";"";"";"-112";"-1.2999999523162842";"10394";"1773525880620"
"5286";"2026-03-14 19:04:50";"24.01";"60";"939.9";"3620";"360";"";"";"";"-112";"-0.800000011920929";"10395";"1773525890616"
"5287";"2026-03-14 19:05:00";"24";"60";"939.9200000000001";"3600";"364";"";"";"";"-112";"-1.5";"10396";"1773525900622"
"5288";"2026-03-14 19:05:10";"24";"60";"939.88";"3620";"364";"";"";"";"-112";"-1";"10397";"1773525910609"
"5289";"2026-03-14 19:05:20";"24";"60.5";"939.88";"3580";"368";"";"";"";"-112";"-0.800000011920929";"10398";"1773525920618"
"5290";"2026-03-14 19:05:30";"24";"60";"939.88";"3620";"372";"";"";"";"-112";"-1";"10399";"1773525930617"
"5291";"2026-03-14 19:05:40";"24";"60.5";"939.88";"3580";"368";"";"";"";"-112";"-0.800000011920929";"10400";"1773525940627"
"5292";"2026-03-14 19:05:50";"24";"60";"939.9";"3600";"368";"";"";"";"-112";"-0.800000011920929";"10401";"1773525950616"
"5293";"2026-03-14 19:06:00";"24";"60";"939.88";"3620";"372";"";"";"";"-112";"-1";"10402";"1773525960614"
"5294";"2026-03-14 19:06:10";"24.01";"60";"939.88";"3580";"372";"";"";"";"-112";"-1";"10403";"1773525970616"
"5295";"2026-03-14 19:06:20";"24.01";"60";"939.9";"3620";"372";"";"";"";"-112";"-1.2999999523162842";"10404";"1773525980582"
"5296";"2026-03-14 19:06:30";"24";"60";"939.88";"3580";"364";"";"";"";"-112";"-0.800000011920929";"10405";"1773525990622"
"5297";"2026-03-14 19:06:40";"24";"60";"939.9";"3600";"372";"";"";"";"-112";"-0.5";"10406";"1773526000621"
"5298";"2026-03-14 19:06:50";"24.01";"60";"939.86";"3600";"372";"";"";"";"-112";"-0.800000011920929";"10407";"1773526010612"
"5299";"2026-03-14 19:07:00";"24.01";"60";"939.88";"3620";"372";"";"";"";"-112";"-0.5";"10408";"1773526020623"
"5300";"2026-03-14 19:07:10";"24.01";"60";"939.88";"3620";"372";"";"";"";"-112";"-0.5";"10409";"1773526030613"
"5301";"2026-03-14 19:07:20";"24.01";"60";"939.88";"3600";"364";"";"";"";"-112";"-0.800000011920929";"10410";"1773526040624"
"5302";"2026-03-14 19:07:30";"24.01";"60";"939.88";"3600";"376";"";"";"";"-112";"-1";"10411";"1773526050618"
"5303";"2026-03-14 19:07:40";"24.01";"60";"939.9";"3600";"364";"";"";"";"-112";"-1";"10412";"1773526060618"
"5304";"2026-03-14 19:07:50";"24.01";"60";"939.88";"3620";"372";"";"";"";"-112";"-0.800000011920929";"10413";"1773526070618"
"5305";"2026-03-14 19:08:00";"24.01";"60";"939.9";"3620";"368";"";"";"";"-112";"-1";"10414";"1773526080614"
"5306";"2026-03-14 19:08:10";"24.01";"60";"939.9";"3580";"368";"";"";"";"-112";"-1";"10415";"1773526090634"
"5307";"2026-03-14 19:08:20";"24.01";"60";"939.9";"3620";"368";"";"";"";"-112";"-1.2999999523162842";"10416";"1773526100584"
"5308";"2026-03-14 19:08:30";"24.01";"60";"939.9";"3620";"364";"";"";"";"-112";"-0.5";"10417";"1773526110610"
"5309";"2026-03-14 19:08:40";"24.01";"60";"939.88";"3600";"364";"";"";"";"-112";"-0.800000011920929";"10418";"1773526120607"
"5310";"2026-03-14 19:08:50";"24.01";"60";"939.88";"3580";"372";"";"";"";"-112";"-0.800000011920929";"10419";"1773526130624"
"5311";"2026-03-14 19:09:00";"24.01";"60";"939.86";"3600";"364";"";"";"";"-112";"-0.5";"10420";"1773526140612"
"5312";"2026-03-14 19:09:10";"24.01";"60";"939.86";"3620";"372";"";"";"";"-112";"-0.800000011920929";"10421";"1773526150587"
"5313";"2026-03-14 19:09:20";"24.02";"60";"939.88";"3600";"372";"";"";"";"-112";"-1";"10422";"1773526160611"
"5314";"2026-03-14 19:09:30";"24.02";"60";"939.9";"3600";"364";"";"";"";"-112";"-0.5";"10423";"1773526170585"
"5315";"2026-03-14 19:09:40";"24.02";"60";"939.88";"3620";"372";"";"";"";"-112";"-0.800000011920929";"10424";"1773526180610"
"5316";"2026-03-14 19:09:50";"24.01";"60";"939.9";"3600";"364";"";"";"";"-112";"-0.800000011920929";"10425";"1773526190604"
"5317";"2026-03-14 19:10:00";"24.02";"60";"939.88";"3620";"372";"";"";"";"-112";"-1";"10426";"1773526200612"
"5318";"2026-03-14 19:10:10";"24.02";"60";"939.9";"3620";"364";"";"";"";"-112";"-0.30000001192092896";"10427";"1773526210614"
"5319";"2026-03-14 19:10:20";"24.01";"60";"939.9";"3620";"372";"";"";"";"-112";"-0.5";"10428";"1773526220618"
"5320";"2026-03-14 19:10:30";"24.02";"60";"939.9";"3620";"364";"";"";"";"-112";"-0.800000011920929";"10429";"1773526230607"
"5321";"2026-03-14 19:10:40";"24.02";"60";"939.88";"3580";"368";"";"";"";"-112";"0";"10430";"1773526240623"
"5322";"2026-03-14 19:10:50";"24.02";"60";"939.9";"3600";"368";"";"";"";"-112";"-0.30000001192092896";"10431";"1773526250628"
"5323";"2026-03-14 19:11:00";"24.02";"60";"939.9";"3620";"364";"";"";"";"-112";"-0.800000011920929";"10432";"1773526260595"
"5324";"2026-03-14 19:11:10";"24.02";"60";"939.9";"3620";"364";"";"";"";"-111";"0";"10433";"1773526270606"
"5325";"2026-03-14 19:11:20";"24.02";"60";"939.9";"3620";"372";"";"";"";"-112";"-0.5";"10434";"1773526280614"
"5326";"2026-03-14 19:11:30";"24.02";"60";"939.9200000000001";"3600";"364";"";"";"";"-111";"0";"10435";"1773526290614"
"5327";"2026-03-14 19:11:40";"24.02";"60";"939.9";"3620";"368";"";"";"";"-112";"-0.30000001192092896";"10436";"1773526300613"
"5328";"2026-03-14 19:11:50";"24.03";"60";"939.9";"3620";"372";"";"";"";"-112";"-0.5";"10437";"1773526310616"
"5329";"2026-03-14 19:12:00";"24.03";"60";"939.9";"3600";"364";"";"";"";"-112";"-0.30000001192092896";"10438";"1773526320617"
"5330";"2026-03-14 19:12:10";"24.02";"60";"939.9";"3620";"368";"";"";"";"-112";"-0.5";"10439";"1773526330607"
"5331";"2026-03-14 19:12:20";"24.02";"60";"939.9200000000001";"3600";"368";"";"";"";"-111";"0";"10440";"1773526340614"
"5332";"2026-03-14 19:12:30";"24.02";"60";"939.9200000000001";"3580";"368";"";"";"";"-112";"-0.5";"10441";"1773526350650"
"5333";"2026-03-14 19:12:40";"24.03";"60";"939.9";"3600";"364";"";"";"";"-112";"-0.30000001192092896";"10442";"1773526360625"
"5334";"2026-03-14 19:12:50";"24.02";"60";"939.9";"3620";"368";"";"";"";"-112";"-0.30000001192092896";"10443";"1773526370626"
"5335";"2026-03-14 19:13:00";"24.03";"60";"939.96";"3600";"372";"";"";"";"-112";"-0.5";"10444";"1773526380624"
"5336";"2026-03-14 19:13:10";"24.02";"60";"939.94";"3620";"368";"";"";"";"-111";"-0.5";"10445";"1773526390614"
"5337";"2026-03-14 19:13:20";"24.03";"60";"939.9";"3580";"372";"";"";"";"-112";"-0.800000011920929";"10446";"1773526400609"
"5338";"2026-03-14 19:13:30";"24.02";"60";"939.9200000000001";"3600";"372";"";"";"";"-112";"-0.30000001192092896";"10447";"1773526410607"
"5339";"2026-03-14 19:13:40";"24.02";"60";"939.9200000000001";"3600";"368";"";"";"";"-112";"-0.5";"10448";"1773526420599"
"5340";"2026-03-14 19:13:50";"24.02";"60";"939.9200000000001";"3600";"368";"";"";"";"-112";"-1";"10449";"1773526430625"
"5341";"2026-03-14 19:14:00";"24.02";"60";"939.9";"3620";"372";"";"";"";"-111";"-0.30000001192092896";"10450";"1773526440614"
"5342";"2026-03-14 19:14:10";"24.02";"60";"939.9200000000001";"3600";"368";"";"";"";"-112";"-0.800000011920929";"10451";"1773526450609"
"5343";"2026-03-14 19:14:20";"24.03";"60";"939.94";"3620";"368";"";"";"";"-112";"-0.5";"10452";"1773526460613"
"5344";"2026-03-14 19:14:30";"24.02";"60";"939.9200000000001";"3620";"372";"";"";"";"-112";"-1";"10453";"1773526470605"
"5345";"2026-03-14 19:14:40";"24.02";"60";"939.9";"3620";"364";"";"";"";"-112";"-0.30000001192092896";"10454";"1773526480610"
"5346";"2026-03-14 19:14:50";"24.02";"60";"939.9";"3620";"372";"";"";"";"-112";"-0.800000011920929";"10455";"1773526490594"
"5347";"2026-03-14 19:15:00";"24.02";"60";"939.9200000000001";"3620";"364";"";"";"";"-112";"-0.5";"10456";"1773526500609"
"5348";"2026-03-14 19:15:10";"24.03";"60";"939.9200000000001";"3600";"372";"";"";"";"-112";"-0.5";"10457";"1773526510614"
"5349";"2026-03-14 19:15:20";"24.03";"60";"939.9200000000001";"3580";"368";"";"";"";"-112";"-1";"10458";"1773526520607"
"5350";"2026-03-14 19:15:30";"24.03";"60";"939.94";"3620";"368";"";"";"";"-112";"-0.5";"10459";"1773526530620"
"5351";"2026-03-14 19:15:40";"24.03";"60";"939.9200000000001";"3580";"364";"";"";"";"-112";"-0.5";"10460";"1773526540624"
"5352";"2026-03-14 19:15:50";"24.03";"60";"939.94";"3600";"368";"";"";"";"-112";"-1";"10461";"1773526550605"
"5353";"2026-03-14 19:16:00";"24.03";"60";"939.96";"3620";"372";"";"";"";"-112";"-0.800000011920929";"10462";"1773526560622"
"5354";"2026-03-14 19:16:10";"24.03";"60";"939.96";"3600";"372";"";"";"";"-112";"-0.800000011920929";"10463";"1773526570608"
"5355";"2026-03-14 19:16:20";"24.03";"60";"939.9200000000001";"3620";"364";"";"";"";"-112";"-0.5";"10464";"1773526580615"
"5356";"2026-03-14 19:16:30";"24.03";"60";"939.96";"3620";"372";"";"";"";"-112";"-0.800000011920929";"10465";"1773526590608"
"5357";"2026-03-14 19:16:40";"24.03";"60";"939.96";"3580";"364";"";"";"";"-112";"-0.5";"10466";"1773526600611"
"5358";"2026-03-14 19:16:50";"24.03";"60";"939.96";"3580";"376";"";"";"";"-112";"-0.5";"10467";"1773526610616"
"5359";"2026-03-14 19:17:00";"24.03";"60";"939.96";"3600";"372";"";"";"";"-112";"-0.800000011920929";"10468";"1773526620587"
"5360";"2026-03-14 19:17:10";"24.03";"60";"939.9200000000001";"3600";"368";"";"";"";"-112";"-0.30000001192092896";"10469";"1773526630630"
"5361";"2026-03-14 19:17:20";"24.03";"60";"939.96";"3580";"368";"";"";"";"-112";"-1";"10470";"1773526640617"
"5362";"2026-03-14 19:17:30";"24.03";"60";"939.98";"3620";"368";"";"";"";"-112";"-0.5";"10471";"1773526650614"
"5363";"2026-03-14 19:17:40";"24.04";"60";"939.98";"3580";"372";"";"";"";"-112";"-0.800000011920929";"10472";"1773526660619"
"5364";"2026-03-14 19:17:50";"24.04";"60";"939.94";"3580";"364";"";"";"";"-112";"0";"10473";"1773526670618"
"5365";"2026-03-14 19:18:00";"24.03";"60";"939.96";"3600";"372";"";"";"";"-112";"-0.5";"10474";"1773526680619"
"5366";"2026-03-14 19:18:10";"24.04";"60";"939.98";"3600";"364";"";"";"";"-112";"-0.800000011920929";"10475";"1773526690572"
"5367";"2026-03-14 19:18:20";"24.03";"60";"939.9200000000001";"3600";"364";"";"";"";"-112";"-1";"10476";"1773526700614"
"5368";"2026-03-14 19:18:30";"24.03";"60";"939.96";"3620";"368";"";"";"";"-112";"-1.2999999523162842";"10477";"1773526710610"
"5369";"2026-03-14 19:18:40";"24.03";"60";"939.96";"3600";"372";"";"";"";"-112";"-1";"10478";"1773526720612"
"5370";"2026-03-14 19:18:50";"24.03";"60";"939.96";"3620";"372";"";"";"";"-112";"-1";"10479";"1773526730608"
"5371";"2026-03-14 19:19:00";"24.03";"60";"939.96";"3620";"368";"";"";"";"-112";"-0.5";"10480";"1773526740611"
"5372";"2026-03-14 19:19:10";"24.03";"60";"939.9200000000001";"3620";"372";"";"";"";"-112";"-1";"10481";"1773526750590"
"5373";"2026-03-14 19:19:20";"24.04";"60";"939.94";"3600";"376";"";"";"";"-112";"-1";"10482";"1773526760611"
"5374";"2026-03-14 19:19:30";"24.04";"60";"939.96";"3600";"372";"";"";"";"-112";"-1";"10483";"1773526770609"
"5375";"2026-03-14 19:19:40";"24.03";"60";"939.94";"3620";"372";"";"";"";"-112";"-1";"10484";"1773526780610"
"5376";"2026-03-14 19:19:50";"24.04";"60";"939.94";"3600";"372";"";"";"";"-112";"-1.2999999523162842";"10485";"1773526790588"
"5377";"2026-03-14 19:20:00";"24.03";"60";"939.94";"3600";"372";"";"";"";"-112";"-0.800000011920929";"10486";"1773526800574"
"5378";"2026-03-14 19:20:10";"24.03";"60";"939.9200000000001";"3620";"364";"";"";"";"-112";"-0.5";"10487";"1773526810610"
"5379";"2026-03-14 19:20:20";"24.03";"60";"939.94";"3620";"372";"";"";"";"-112";"-0.5";"10488";"1773526820619"
"5380";"2026-03-14 19:20:30";"24.03";"60";"939.94";"3600";"364";"";"";"";"-112";"-0.800000011920929";"10489";"1773526830615"
"5381";"2026-03-14 19:20:40";"24.03";"60";"939.9200000000001";"3620";"364";"";"";"";"-112";"-0.800000011920929";"10490";"1773526840615"
"5382";"2026-03-14 19:20:50";"24.03";"60";"939.9";"3620";"372";"";"";"";"-112";"-0.800000011920929";"10491";"1773526850628"
"5383";"2026-03-14 19:21:00";"24.03";"60";"939.94";"3580";"364";"";"";"";"-112";"-0.800000011920929";"10492";"1773526860619"
"5384";"2026-03-14 19:21:10";"24.03";"60";"939.94";"3620";"372";"";"";"";"-112";"-1.5";"10493";"1773526870609"
"5385";"2026-03-14 19:21:20";"24.03";"60";"939.9200000000001";"3600";"364";"";"";"";"-112";"-0.800000011920929";"10494";"1773526880602"
"5386";"2026-03-14 19:21:30";"24.02";"60";"939.94";"3620";"368";"";"";"";"-112";"-0.800000011920929";"10495";"1773526890612"
"5387";"2026-03-14 19:21:40";"24.02";"60";"939.94";"3580";"368";"";"";"";"-112";"-1";"10496";"1773526900579"
"5388";"2026-03-14 19:21:50";"24.02";"60";"939.94";"3620";"368";"";"";"";"-112";"-1";"10497";"1773526910632"
"5389";"2026-03-14 19:22:00";"24.02";"60";"939.94";"3580";"372";"";"";"";"-112";"-1";"10498";"1773526920614"
"5390";"2026-03-14 19:22:10";"24.01";"60";"939.94";"3620";"364";"";"";"";"-112";"-1";"10499";"1773526930610"
"5391";"2026-03-14 19:22:20";"24.01";"60";"939.9200000000001";"3600";"364";"";"";"";"-112";"-1";"10500";"1773526940613"
"5392";"2026-03-14 19:22:30";"24.01";"60";"939.9";"3600";"372";"";"";"";"-112";"-1";"10501";"1773526950615"
"5393";"2026-03-14 19:22:40";"24";"60";"939.94";"3600";"372";"";"";"";"-112";"-1.2999999523162842";"10502";"1773526960617"
"5394";"2026-03-14 19:22:50";"24";"60";"939.9200000000001";"3620";"364";"";"";"";"-112";"-0.5";"10503";"1773526970625"
"5395";"2026-03-14 19:23:00";"24";"60";"939.9200000000001";"3620";"364";"";"";"";"-112";"-1.2999999523162842";"10504";"1773526980624"
"5396";"2026-03-14 19:23:10";"23.99";"60";"939.94";"3600";"372";"";"";"";"-112";"-1";"10505";"1773526990636"
"5397";"2026-03-14 19:23:20";"23.98";"60";"939.9200000000001";"3620";"372";"";"";"";"-112";"-1.2999999523162842";"10506";"1773527000618"
"5398";"2026-03-14 19:23:30";"23.98";"60";"939.9200000000001";"3600";"368";"";"";"";"-112";"-1";"10507";"1773527010615"
"5399";"2026-03-14 19:23:40";"23.97";"60";"939.9";"3600";"364";"";"";"";"-112";"-1";"10508";"1773527020607"
"5400";"2026-03-14 19:23:50";"23.97";"60";"939.9200000000001";"3580";"368";"";"";"";"-112";"-0.800000011920929";"10509";"1773527030650"
"5401";"2026-03-14 19:24:00";"23.96";"60.5";"939.94";"3600";"364";"";"";"";"-112";"-1.2999999523162842";"10510";"1773527040611"
"5402";"2026-03-14 19:24:10";"23.96";"60";"939.94";"3620";"364";"";"";"";"-112";"-1.5";"10511";"1773527050583"
"5403";"2026-03-14 19:24:20";"23.95";"60.5";"939.9200000000001";"3580";"372";"";"";"";"-112";"-1";"10512";"1773527060579"
"5404";"2026-03-14 19:24:30";"23.95";"60.5";"939.94";"3620";"376";"";"";"";"-112";"-0.800000011920929";"10513";"1773527070613"
"5405";"2026-03-14 19:24:40";"23.94";"60.5";"939.94";"3580";"364";"";"";"";"-112";"-1";"10514";"1773527080614"
"5406";"2026-03-14 19:24:50";"23.94";"60.5";"939.96";"3620";"372";"";"";"";"-112";"-1";"10515";"1773527090593"
"5407";"2026-03-14 19:25:00";"23.93";"60.5";"939.96";"3580";"368";"";"";"";"-112";"-0.800000011920929";"10516";"1773527100610"
"5408";"2026-03-14 19:25:10";"23.92";"60.5";"939.98";"3600";"364";"";"";"";"-112";"-1.5";"10517";"1773527110592"
"5409";"2026-03-14 19:25:20";"23.93";"60.5";"939.98";"3620";"368";"";"";"";"-112";"-0.800000011920929";"10518";"1773527120612"
"5410";"2026-03-14 19:25:30";"23.91";"60.5";"940";"3600";"372";"";"";"";"-112";"-0.800000011920929";"10519";"1773527130608"
"5411";"2026-03-14 19:25:40";"23.91";"60.5";"939.98";"3600";"368";"";"";"";"-112";"-1";"10520";"1773527140613"
"5412";"2026-03-14 19:25:50";"23.9";"60.5";"940";"3600";"372";"";"";"";"-112";"-1.2999999523162842";"10521";"1773527150619"
"5413";"2026-03-14 19:26:00";"23.89";"60.5";"940";"3620";"372";"";"";"";"-112";"-1.2999999523162842";"10522";"1773527160611"
"5414";"2026-03-14 19:26:10";"23.88";"60.5";"940";"3580";"372";"";"";"";"-112";"-1.5";"10523";"1773527170608"
"5415";"2026-03-14 19:26:20";"23.88";"60.5";"940";"3600";"376";"";"";"";"-112";"-1";"10524";"1773527180615"
"5416";"2026-03-14 19:26:30";"23.87";"60.5";"940";"3580";"372";"";"";"";"-112";"-0.800000011920929";"10525";"1773527190609"
"5417";"2026-03-14 19:26:41";"23.87";"60.5";"940";"3600";"372";"";"";"";"-112";"-1.2999999523162842";"10526";"1773527200950"
"5418";"2026-03-14 19:26:50";"23.86";"60.5";"940.02";"3620";"372";"";"";"";"-112";"-0.5";"10527";"1773527210603"
"5419";"2026-03-14 19:27:00";"23.86";"60.5";"940.04";"3620";"368";"";"";"";"-112";"-0.5";"10528";"1773527220622"
"5420";"2026-03-14 19:27:10";"23.85";"60.5";"940.02";"3620";"376";"";"";"";"-112";"-1.2999999523162842";"10529";"1773527230614"
"5421";"2026-03-14 19:27:20";"23.84";"60.5";"940.04";"3600";"372";"";"";"";"-112";"-1";"10530";"1773527240621"
"5422";"2026-03-14 19:27:30";"23.83";"60.5";"940.04";"3580";"368";"";"";"";"-112";"-0.5";"10531";"1773527250612"
"5423";"2026-03-14 19:27:40";"23.83";"60.5";"940.04";"3620";"364";"";"";"";"-112";"-0.800000011920929";"10532";"1773527260621"
"5424";"2026-03-14 19:27:50";"23.82";"60.5";"940.04";"3620";"372";"";"";"";"-112";"-1";"10533";"1773527270613"
"5425";"2026-03-14 19:28:00";"23.81";"60.5";"940.0600000000001";"3620";"372";"";"";"";"-112";"-0.800000011920929";"10534";"1773527280577"
"5426";"2026-03-14 19:28:10";"23.81";"60.5";"940.0600000000001";"3620";"372";"";"";"";"-111";"-1";"10535";"1773527290606"
"5427";"2026-03-14 19:28:20";"23.8";"60.5";"940.0600000000001";"3620";"372";"";"";"";"-112";"-0.30000001192092896";"10536";"1773527300609"
"5428";"2026-03-14 19:28:30";"23.79";"60.5";"940.04";"3580";"372";"";"";"";"-112";"-0.5";"10537";"1773527310619"
"5429";"2026-03-14 19:28:40";"23.78";"60.5";"940.0600000000001";"3600";"372";"";"";"";"-111";"-1";"10538";"1773527320609"
"5430";"2026-03-14 19:28:50";"23.77";"60.5";"940.0600000000001";"3600";"372";"";"";"";"-112";"-0.800000011920929";"10539";"1773527330617"
"5431";"2026-03-14 19:29:00";"23.76";"60.5";"940.0600000000001";"3620";"368";"";"";"";"-112";"-0.5";"10540";"1773527340609"
"5432";"2026-03-14 19:29:10";"23.76";"60.5";"940.0600000000001";"3600";"376";"";"";"";"-111";"-0.5";"10541";"1773527350612"
"5433";"2026-03-14 19:29:20";"23.75";"60.5";"940.0600000000001";"3620";"376";"";"";"";"-112";"-1.2999999523162842";"10542";"1773527360606"
"5434";"2026-03-14 19:29:30";"23.74";"60.5";"940.0600000000001";"3580";"364";"";"";"";"-112";"-0.800000011920929";"10543";"1773527370573"
"5435";"2026-03-14 19:29:40";"23.74";"60.5";"940.08";"3620";"368";"";"";"";"-112";"-0.800000011920929";"10544";"1773527380615"
"5436";"2026-03-14 19:29:50";"23.73";"60.5";"940.08";"3600";"364";"";"";"";"-112";"-1";"10545";"1773527390576"
"5437";"2026-03-14 19:30:00";"23.72";"60.5";"940.08";"3600";"368";"";"";"";"-112";"-0.800000011920929";"10546";"1773527400610"
"5438";"2026-03-14 19:30:10";"23.71";"60.5";"940.0600000000001";"3580";"364";"";"";"";"-112";"-0.5";"10547";"1773527410605"
"5439";"2026-03-14 19:30:20";"23.71";"60.5";"940.1";"3600";"372";"";"";"";"-112";"-1";"10548";"1773527420612"
"5440";"2026-03-14 19:30:30";"23.7";"60.5";"940.08";"3620";"364";"";"";"";"-112";"-1";"10549";"1773527430585"
"5441";"2026-03-14 19:30:40";"23.69";"61";"940.08";"3600";"376";"";"";"";"-112";"-0.5";"10550";"1773527440607"
"5442";"2026-03-14 19:30:50";"23.69";"61";"940.08";"3580";"372";"";"";"";"-112";"-0.800000011920929";"10551";"1773527450612"
"5443";"2026-03-14 19:31:00";"23.68";"61";"940.08";"3580";"372";"";"";"";"-112";"-0.800000011920929";"10552";"1773527460617"
"5444";"2026-03-14 19:31:10";"23.67";"61";"940.08";"3580";"364";"";"";"";"-112";"-0.800000011920929";"10553";"1773527470612"
"5445";"2026-03-14 19:31:20";"23.67";"61";"940.0600000000001";"3600";"368";"";"";"";"-112";"-0.800000011920929";"10554";"1773527480613"
"5446";"2026-03-14 19:31:30";"23.66";"61";"940.08";"3620";"372";"";"";"";"-110";"-2.799999952316284";"10555";"1773527490619"
"5447";"2026-03-14 19:31:40";"23.65";"61";"940.0600000000001";"3620";"372";"";"";"";"-112";"-1";"10556";"1773527500612"
"5448";"2026-03-14 19:31:50";"23.65";"61";"940.0600000000001";"3620";"368";"";"";"";"-112";"-0.800000011920929";"10557";"1773527510613"
"5449";"2026-03-14 19:32:00";"23.64";"61";"940.0600000000001";"3600";"364";"";"";"";"-112";"-1";"10558";"1773527520603"
"5450";"2026-03-14 19:32:10";"23.64";"61";"940.08";"3620";"364";"";"";"";"-111";"-0.30000001192092896";"10559";"1773527530582"
"5451";"2026-03-14 19:32:20";"23.63";"61";"940.08";"3600";"368";"";"";"";"-112";"-1";"10560";"1773527540599"
"5452";"2026-03-14 19:32:30";"23.62";"61";"940.08";"3600";"364";"";"";"";"-112";"-0.5";"10561";"1773527550613"
"5453";"2026-03-14 19:32:40";"23.61";"61";"940.1";"3600";"364";"";"";"";"-112";"-0.800000011920929";"10562";"1773527560611"
"5454";"2026-03-14 19:32:50";"23.6";"61";"940.0600000000001";"3600";"364";"";"";"";"-111";"-0.800000011920929";"10563";"1773527570611"
"5455";"2026-03-14 19:33:00";"23.59";"61";"940.04";"3580";"376";"";"";"";"-112";"-1.2999999523162842";"10564";"1773527580615"
"5456";"2026-03-14 19:33:10";"23.59";"61";"940.02";"3620";"376";"";"";"";"-112";"-1";"10565";"1773527590568"
"5457";"2026-03-14 19:33:20";"23.59";"61";"940.0600000000001";"3600";"364";"";"";"";"-112";"-1.2999999523162842";"10566";"1773527600613"
"5458";"2026-03-14 19:33:30";"23.58";"61";"940.02";"3600";"372";"";"";"";"-112";"-1";"10567";"1773527610606"
"5459";"2026-03-14 19:33:40";"23.57";"61";"940.04";"3620";"372";"";"";"";"-112";"-1";"10568";"1773527620620"
"5460";"2026-03-14 19:33:50";"23.56";"61";"940.0600000000001";"3620";"368";"";"";"";"-112";"-1";"10569";"1773527630610"
"5461";"2026-03-14 19:34:00";"23.55";"61";"940.08";"3620";"368";"";"";"";"-112";"-1.5";"10570";"1773527640577"
"5462";"2026-03-14 19:34:10";"23.54";"61";"940.0600000000001";"3580";"372";"";"";"";"-112";"-0.800000011920929";"10571";"1773527650588"
"5463";"2026-03-14 19:34:20";"23.53";"61";"940.04";"3580";"368";"";"";"";"-111";"-0.30000001192092896";"10572";"1773527660611"
"5464";"2026-03-14 19:34:30";"23.53";"61";"940.04";"3620";"376";"";"";"";"-112";"-0.800000011920929";"10573";"1773527670609"
"5465";"2026-03-14 19:34:40";"23.52";"61";"940.02";"3580";"372";"";"";"";"-112";"-0.5";"10574";"1773527680613"
"5466";"2026-03-14 19:34:50";"23.51";"61";"940.02";"3620";"368";"";"";"";"-111";"-0.5";"10575";"1773527690617"
"5467";"2026-03-14 19:35:00";"23.51";"61";"940.04";"3600";"372";"";"";"";"-112";"-0.800000011920929";"10576";"1773527700612"
"5468";"2026-03-14 19:35:10";"23.5";"61";"940";"3620";"364";"";"";"";"-112";"-1.2999999523162842";"10577";"1773527710616"
"5469";"2026-03-14 19:35:20";"23.49";"61";"940";"3620";"376";"";"";"";"-111";"-0.800000011920929";"10578";"1773527720614"
"5470";"2026-03-14 19:35:30";"23.48";"61";"940";"3600";"372";"";"";"";"-112";"-0.800000011920929";"10579";"1773527730606"
"5471";"2026-03-14 19:35:40";"23.48";"61";"940.02";"3600";"368";"";"";"";"-112";"-0.800000011920929";"10580";"1773527740615"
"5472";"2026-03-14 19:35:50";"23.47";"61";"940";"3580";"368";"";"";"";"-112";"-0.30000001192092896";"10581";"1773527750614"
"5473";"2026-03-14 19:36:00";"23.46";"61";"940.02";"3620";"368";"";"";"";"-112";"-0.800000011920929";"10582";"1773527760607"
"5474";"2026-03-14 19:36:10";"23.46";"61";"940";"3620";"372";"";"";"";"-111";"-0.800000011920929";"10583";"1773527770578"
"5475";"2026-03-14 19:36:20";"23.45";"61";"940";"3600";"376";"";"";"";"-112";"-0.800000011920929";"10584";"1773527780615"
"5476";"2026-03-14 19:36:30";"23.44";"61";"940.02";"3580";"368";"";"";"";"-112";"-1";"10585";"1773527790596"
"5477";"2026-03-14 19:36:40";"23.44";"61";"940.02";"3620";"364";"";"";"";"-111";"-0.30000001192092896";"10586";"1773527800579"
"5478";"2026-03-14 19:36:50";"23.43";"61.5";"940";"3600";"364";"";"";"";"-111";"-0.800000011920929";"10587";"1773527810616"
"5479";"2026-03-14 19:37:00";"23.43";"61.5";"940.02";"3620";"376";"";"";"";"-111";"-0.30000001192092896";"10588";"1773527820614"
"5480";"2026-03-14 19:37:10";"23.42";"61";"940.02";"3620";"372";"";"";"";"-112";"-0.800000011920929";"10589";"1773527830616"
"5481";"2026-03-14 19:37:20";"23.42";"61";"940.04";"3620";"376";"";"";"";"-112";"-0.800000011920929";"10590";"1773527840607"
"5482";"2026-03-14 19:37:30";"23.41";"61.5";"940.02";"3620";"372";"";"";"";"-112";"-0.800000011920929";"10591";"1773527850600"
"5483";"2026-03-14 19:37:40";"23.4";"61.5";"940.02";"3580";"368";"";"";"";"-112";"-1";"10592";"1773527860605"
"5484";"2026-03-14 19:37:50";"23.4";"61.5";"940.04";"3620";"372";"";"";"";"-112";"-1.2999999523162842";"10593";"1773527870605"
"5485";"2026-03-14 19:38:00";"23.39";"61.5";"940.0600000000001";"3620";"372";"";"";"";"-112";"-1";"10594";"1773527880569"
"5486";"2026-03-14 19:38:10";"23.38";"61.5";"940.0600000000001";"3580";"364";"";"";"";"-112";"-1";"10595";"1773527890606"
"5487";"2026-03-14 19:38:20";"23.38";"61.5";"940.0600000000001";"3620";"372";"";"";"";"-112";"-0.30000001192092896";"10596";"1773527900609"
"5488";"2026-03-14 19:38:30";"23.37";"61.5";"940.02";"3620";"364";"";"";"";"-111";"-0.800000011920929";"10597";"1773527910566"
"5489";"2026-03-14 19:38:40";"23.36";"61.5";"940.04";"3600";"368";"";"";"";"-112";"-0.800000011920929";"10598";"1773527920617"
"5490";"2026-03-14 19:38:50";"23.36";"61.5";"940.0600000000001";"3620";"364";"";"";"";"-112";"-1.2999999523162842";"10599";"1773527930619"
"5491";"2026-03-14 19:39:00";"23.35";"61.5";"940.08";"3620";"372";"";"";"";"-112";"-0.5";"10600";"1773527940599"
"5492";"2026-03-14 19:39:10";"23.35";"61.5";"940.08";"3600";"372";"";"";"";"-112";"-0.800000011920929";"10601";"1773527950583"
"5493";"2026-03-14 19:39:20";"23.34";"61.5";"940.0600000000001";"3580";"372";"";"";"";"-112";"-1";"10602";"1773527960610"
"5494";"2026-03-14 19:39:30";"23.33";"61.5";"940.0600000000001";"3620";"368";"";"";"";"-112";"-0.5";"10603";"1773527970605"
"5495";"2026-03-14 19:39:40";"23.33";"61.5";"940.12";"3620";"372";"";"";"";"-112";"-1";"10604";"1773527980613"
"5496";"2026-03-14 19:39:50";"23.32";"61.5";"940.08";"3620";"364";"";"";"";"-112";"-0.5";"10605";"1773527990578"
"5497";"2026-03-14 19:40:00";"23.32";"61.5";"940.1";"3580";"376";"";"";"";"-112";"-0.800000011920929";"10606";"1773528000601"
"5498";"2026-03-14 19:40:10";"23.31";"61.5";"940.12";"3600";"372";"";"";"";"-112";"-0.5";"10607";"1773528010599"
"5499";"2026-03-14 19:40:20";"23.31";"61.5";"940.12";"3600";"364";"";"";"";"-112";"-0.800000011920929";"10608";"1773528020603"
"5500";"2026-03-14 19:40:30";"23.3";"61.5";"940.12";"3600";"376";"";"";"";"-112";"-1";"10609";"1773528030615"
"5501";"2026-03-14 19:40:40";"23.29";"61.5";"940.08";"3600";"364";"";"";"";"-112";"-1";"10610";"1773528040605"
"5502";"2026-03-14 19:40:50";"23.29";"61.5";"940.16";"3600";"368";"";"";"";"-112";"-1";"10611";"1773528050619"
"5503";"2026-03-14 19:41:00";"23.28";"61.5";"940.12";"3620";"364";"";"";"";"-112";"-1";"10612";"1773528060605"
"5504";"2026-03-14 19:41:10";"23.28";"61.5";"940.12";"3620";"368";"";"";"";"-112";"-0.800000011920929";"10613";"1773528070607"
"5505";"2026-03-14 19:41:20";"23.27";"61.5";"940.16";"3580";"344";"";"";"";"-112";"-1";"10614";"1773528080575"
"5506";"2026-03-14 19:41:30";"23.27";"61.5";"940.16";"3620";"368";"";"";"";"-112";"-1";"10615";"1773528090571"
"5507";"2026-03-14 19:41:40";"23.26";"61.5";"940.16";"3580";"364";"";"";"";"-112";"-1.7999999523162842";"10616";"1773528100608"
"5508";"2026-03-14 19:41:50";"23.26";"61.5";"940.14";"3580";"368";"";"";"";"-112";"-1";"10617";"1773528110605"
"5509";"2026-03-14 19:42:00";"23.25";"61.5";"940.12";"3600";"364";"";"";"";"-112";"-1";"10618";"1773528120608"
"5510";"2026-03-14 19:42:10";"23.25";"61.5";"940.1800000000001";"3580";"372";"";"";"";"-112";"-1";"10619";"1773528130617"
"5511";"2026-03-14 19:42:20";"23.25";"61.5";"940.16";"3580";"364";"";"";"";"-112";"-1.2999999523162842";"10620";"1773528140611"
"5512";"2026-03-14 19:42:30";"23.24";"61.5";"940.1800000000001";"3620";"368";"";"";"";"-112";"-0.800000011920929";"10621";"1773528150605"
"5513";"2026-03-14 19:42:40";"23.23";"61.5";"940.16";"3600";"364";"";"";"";"-112";"-0.800000011920929";"10622";"1773528160603"
"5514";"2026-03-14 19:42:50";"23.23";"61.5";"940.16";"3600";"376";"";"";"";"-112";"-1";"10623";"1773528170609"
"5515";"2026-03-14 19:43:00";"23.22";"61.5";"940.14";"3600";"368";"";"";"";"-112";"-1";"10624";"1773528180610"
"5516";"2026-03-14 19:43:10";"23.22";"61.5";"940.2";"3580";"376";"";"";"";"-112";"-1.2999999523162842";"10625";"1773528190607"
"5517";"2026-03-14 19:43:20";"23.22";"61.5";"940.2";"3620";"364";"";"";"";"-112";"-1.2999999523162842";"10626";"1773528200600"
"5518";"2026-03-14 19:43:30";"23.22";"61.5";"940.2";"3580";"372";"";"";"";"-112";"-1.2999999523162842";"10627";"1773528210603"
"5519";"2026-03-14 19:43:40";"23.21";"61.5";"940.22";"3580";"376";"";"";"";"-112";"-1";"10628";"1773528220604"
"5520";"2026-03-14 19:43:50";"23.2";"61.5";"940.2";"3580";"368";"";"";"";"-112";"-1";"10629";"1773528230610"
"5521";"2026-03-14 19:44:00";"23.2";"61.5";"940.2";"3620";"372";"";"";"";"-112";"-1";"10630";"1773528240605"
"5522";"2026-03-14 19:44:10";"23.19";"61.5";"940.1800000000001";"3620";"364";"";"";"";"-112";"-1";"10631";"1773528250576"
"5523";"2026-03-14 19:44:20";"23.19";"61.5";"940.22";"3580";"372";"";"";"";"-112";"-1";"10632";"1773528260609"
"5524";"2026-03-14 19:44:30";"23.19";"61.5";"940.22";"3600";"368";"";"";"";"-112";"-0.800000011920929";"10633";"1773528270614"
"5525";"2026-03-14 19:44:40";"23.18";"61.5";"940.2";"3620";"368";"";"";"";"-112";"-1.2999999523162842";"10634";"1773528280617"
"5526";"2026-03-14 19:44:50";"23.18";"61.5";"940.2";"3600";"364";"";"";"";"-112";"-1.7999999523162842";"10635";"1773528290625"
"5527";"2026-03-14 19:45:00";"23.17";"61.5";"940.24";"3600";"364";"";"";"";"-112";"-1.5";"10636";"1773528300609"
"5528";"2026-03-14 19:45:10";"23.17";"61.5";"940.22";"3620";"364";"";"";"";"-112";"-1.2999999523162842";"10637";"1773528310605"
"5529";"2026-03-14 19:45:20";"23.17";"61.5";"940.22";"3580";"364";"";"";"";"-112";"-2";"10638";"1773528320610"
"5530";"2026-03-14 19:45:30";"23.15";"61.5";"940.2";"3580";"280";"";"";"";"-112";"-1";"10639";"1773528330602"
"5531";"2026-03-14 19:45:40";"23.15";"61.5";"940.24";"3620";"0";"";"";"";"-112";"-1.5";"10640";"1773528340616"
"5532";"2026-03-14 19:45:50";"23.14";"61.5";"940.22";"3580";"0";"";"";"";"-112";"-1.7999999523162842";"10641";"1773528350579"
"5533";"2026-03-14 19:46:00";"23.14";"61.5";"940.22";"3600";"0";"";"";"";"-112";"-1.5";"10642";"1773528360614"
"5534";"2026-03-14 19:46:10";"23.14";"61.5";"940.24";"3580";"0";"";"";"";"-112";"-1.7999999523162842";"10643";"1773528370585"
"5535";"2026-03-14 19:46:20";"23.12";"61.5";"940.2";"3600";"0";"";"";"";"-112";"-1.5";"10644";"1773528380577"
"5536";"2026-03-14 19:46:30";"23.12";"62";"940.22";"3620";"0";"";"";"";"-112";"-1.5";"10645";"1773528390603"
"5537";"2026-03-14 19:46:40";"23.11";"61.5";"940.26";"3580";"0";"";"";"";"-112";"-1.5";"10646";"1773528400614"
"5538";"2026-03-14 19:46:50";"23.12";"62";"940.28";"3580";"0";"";"";"";"-112";"-1.5";"10647";"1773528410614"
"5539";"2026-03-14 19:47:00";"23.11";"61.5";"940.24";"3580";"0";"";"";"";"-112";"-1.7999999523162842";"10648";"1773528420610"
"5540";"2026-03-14 19:47:10";"23.1";"62";"940.22";"3620";"0";"";"";"";"-112";"-1.5";"10649";"1773528430605"
"5541";"2026-03-14 19:47:20";"23.09";"62";"940.22";"3620";"0";"";"";"";"-112";"-1.7999999523162842";"10650";"1773528440611"
"5542";"2026-03-14 19:47:30";"23.09";"62";"940.2";"3580";"0";"";"";"";"-112";"-1.5";"10651";"1773528450605"
"5543";"2026-03-14 19:47:40";"23.09";"62";"940.26";"3620";"0";"";"";"";"-112";"-1.5";"10652";"1773528460612"
"5544";"2026-03-14 19:47:50";"23.09";"62";"940.28";"3620";"0";"";"";"";"-112";"-1.2999999523162842";"10653";"1773528470600"
"5545";"2026-03-14 19:48:00";"23.08";"62";"940.28";"3580";"0";"";"";"";"-112";"-1.2999999523162842";"10654";"1773528480605"
"5546";"2026-03-14 19:48:10";"23.08";"62";"940.26";"3600";"0";"";"";"";"-112";"-1.5";"10655";"1773528490610"
"5547";"2026-03-14 19:48:20";"23.08";"62";"940.26";"3620";"0";"";"";"";"-112";"-1.5";"10656";"1773528500604"
"5548";"2026-03-14 19:48:30";"23.07";"62";"940.26";"3620";"0";"";"";"";"-112";"-1.5";"10657";"1773528510602"
"5549";"2026-03-14 19:48:40";"23.07";"62";"940.28";"3600";"0";"";"";"";"-112";"-1.7999999523162842";"10658";"1773528520606"
"5550";"2026-03-14 19:48:50";"23.06";"62";"940.28";"3580";"0";"";"";"";"-112";"-1";"10659";"1773528530611"
"5551";"2026-03-14 19:49:00";"23.06";"62";"940.26";"3600";"0";"";"";"";"-112";"-1.5";"10660";"1773528540569"
"5552";"2026-03-14 19:49:10";"23.06";"62";"940.3000000000001";"3620";"0";"";"";"";"-112";"-2";"10661";"1773528550600"
"5553";"2026-03-14 19:49:20";"23.06";"62";"940.28";"3600";"0";"";"";"";"-112";"-1.5";"10662";"1773528560599"
"5554";"2026-03-14 19:49:30";"23.06";"62";"940.28";"3600";"0";"";"";"";"-112";"-1.7999999523162842";"10663";"1773528570597"
"5555";"2026-03-14 19:49:40";"23.06";"62";"940.32";"3580";"0";"";"";"";"-112";"-1.5";"10664";"1773528580600"
"5556";"2026-03-14 19:49:50";"23.05";"62";"940.3000000000001";"3620";"0";"";"";"";"-112";"-1.2999999523162842";"10665";"1773528590617"
"5557";"2026-03-14 19:50:00";"23.05";"62";"940.32";"3580";"0";"";"";"";"-112";"-1.7999999523162842";"10666";"1773528600602"
"5558";"2026-03-14 19:50:10";"23.04";"62";"940.34";"3620";"0";"";"";"";"-112";"-1.7999999523162842";"10667";"1773528610606"
"5559";"2026-03-14 19:50:20";"23.04";"62";"940.3000000000001";"3600";"0";"";"";"";"-112";"-2";"10668";"1773528620568"
"5560";"2026-03-14 19:50:30";"23.04";"62";"940.36";"3580";"0";"";"";"";"-112";"-2";"10669";"1773528630600"
"5561";"2026-03-14 19:50:40";"23.04";"62";"940.34";"3600";"0";"";"";"";"-112";"-2.299999952316284";"10670";"1773528640610"
"5562";"2026-03-14 19:50:50";"23.05";"62";"940.34";"3600";"0";"";"";"";"-112";"-1.7999999523162842";"10671";"1773528650614"
"5563";"2026-03-14 19:51:00";"23.04";"62";"940.34";"3580";"0";"";"";"";"-112";"-2";"10672";"1773528660602"
"5564";"2026-03-14 19:51:10";"23.04";"62";"940.34";"3620";"0";"";"";"";"-112";"-1.5";"10673";"1773528670614"
"5565";"2026-03-14 19:51:20";"23.04";"62";"940.34";"3620";"0";"";"";"";"-112";"-2.299999952316284";"10674";"1773528680596"
"5566";"2026-03-14 19:51:30";"23.04";"62";"940.36";"3600";"0";"";"";"";"-112";"-1.2999999523162842";"10675";"1773528690599"
"5567";"2026-03-14 19:51:40";"23.04";"62";"940.34";"3600";"0";"";"";"";"-112";"-1.7999999523162842";"10676";"1773528700566"
"5568";"2026-03-14 19:51:50";"23.04";"62";"940.36";"3580";"0";"";"";"";"-112";"-1.5";"10677";"1773528710606"
"5569";"2026-03-14 19:52:00";"23.03";"62";"940.32";"3600";"0";"";"";"";"-112";"-1.5";"10678";"1773528720609"
"5570";"2026-03-14 19:52:10";"23.03";"62";"940.38";"3600";"0";"";"";"";"-112";"-1.7999999523162842";"10679";"1773528730578"
"5571";"2026-03-14 19:52:20";"23.03";"62";"940.38";"3600";"0";"";"";"";"-112";"-2";"10680";"1773528740593"
"5572";"2026-03-14 19:52:30";"23.03";"62";"940.38";"3620";"0";"";"";"";"-112";"-2";"10681";"1773528750561"
"5573";"2026-03-14 19:52:40";"23.03";"62";"940.34";"3600";"0";"";"";"";"-112";"-2";"10682";"1773528760611"
"5574";"2026-03-14 19:52:50";"23.03";"62";"940.34";"3580";"0";"";"";"";"-112";"-1.5";"10683";"1773528770611"
"5575";"2026-03-14 19:53:00";"23.03";"62";"940.34";"3600";"0";"";"";"";"-112";"-1.5";"10684";"1773528780616"
"5576";"2026-03-14 19:53:10";"23.04";"62";"940.38";"3600";"0";"";"";"";"-112";"-1.2999999523162842";"10685";"1773528790581"
"5577";"2026-03-14 19:53:20";"23.03";"62";"940.32";"3600";"0";"";"";"";"-112";"-1.5";"10686";"1773528800611"
"5578";"2026-03-14 19:53:30";"23.03";"62";"940.34";"3580";"0";"";"";"";"-112";"-1.5";"10687";"1773528810602"
"5579";"2026-03-14 19:53:40";"23.03";"62";"940.38";"3620";"0";"";"";"";"-112";"-1.5";"10688";"1773528820607"
"5580";"2026-03-14 19:53:50";"23.03";"62";"940.38";"3580";"0";"";"";"";"-112";"-1.5";"10689";"1773528830624"
"5581";"2026-03-14 19:54:00";"23.03";"62";"940.36";"3580";"0";"";"";"";"-112";"-1.5";"10690";"1773528840598"
"5582";"2026-03-14 19:54:10";"23.03";"62";"940.4200000000001";"3620";"0";"";"";"";"-112";"-1.7999999523162842";"10691";"1773528850598"
"5583";"2026-03-14 19:54:20";"23.04";"62";"940.44";"3580";"0";"";"";"";"-112";"-1.7999999523162842";"10692";"1773528860573"
"5584";"2026-03-14 19:54:30";"23.03";"62";"940.4200000000001";"3600";"0";"";"";"";"-112";"-1.5";"10693";"1773528870606"
"5585";"2026-03-14 19:54:40";"23.03";"62";"940.4200000000001";"3580";"0";"";"";"";"-112";"-1";"10694";"1773528880606"
"5586";"2026-03-14 19:54:50";"23.04";"62";"940.4";"3600";"0";"";"";"";"-112";"-1.2999999523162842";"10695";"1773528890614"
"5587";"2026-03-14 19:55:00";"23.04";"62";"940.4";"3600";"0";"";"";"";"-112";"-1.5";"10696";"1773528900620"
"5588";"2026-03-14 19:55:10";"23.04";"62";"940.38";"3600";"0";"";"";"";"-112";"-1.5";"10697";"1773528910570"
"5589";"2026-03-14 19:55:20";"23.04";"62";"940.4";"3600";"0";"";"";"";"-112";"-1.5";"10698";"1773528920604"
"5590";"2026-03-14 19:55:30";"23.04";"62";"940.4200000000001";"3600";"0";"";"";"";"-112";"-1.5";"10699";"1773528930598"
"5591";"2026-03-14 19:55:40";"23.04";"62";"940.4200000000001";"3580";"0";"";"";"";"-112";"-1";"10700";"1773528940602"
"5592";"2026-03-14 19:55:50";"23.04";"62";"940.4";"3580";"0";"";"";"";"-112";"-1.5";"10701";"1773528950618"
"5593";"2026-03-14 19:56:00";"23.04";"62";"940.4200000000001";"3580";"0";"";"";"";"-112";"-1.7999999523162842";"10702";"1773528960606"
"5594";"2026-03-14 19:56:10";"23.04";"61.5";"940.44";"3620";"0";"";"";"";"-112";"-1.7999999523162842";"10703";"1773528970609"
"5595";"2026-03-14 19:56:20";"23.04";"62";"940.4200000000001";"3600";"0";"";"";"";"-112";"-1";"10704";"1773528980611"
"5596";"2026-03-14 19:56:30";"23.04";"61.5";"940.44";"3620";"0";"";"";"";"-112";"-1.2999999523162842";"10705";"1773528990608"
"5597";"2026-03-14 19:56:40";"23.05";"61.5";"940.48";"3580";"0";"";"";"";"-112";"-1.5";"10706";"1773529000624"
"5598";"2026-03-14 19:56:50";"23.04";"61.5";"940.44";"3600";"0";"";"";"";"-112";"-1.2999999523162842";"10707";"1773529010591"
"5599";"2026-03-14 19:57:00";"23.04";"62";"940.46";"3620";"0";"";"";"";"-112";"-1.5";"10708";"1773529020607"
"5600";"2026-03-14 19:57:10";"23.05";"61.5";"940.4200000000001";"3580";"0";"";"";"";"-112";"-1.7999999523162842";"10709";"1773529030605"
"5601";"2026-03-14 19:57:20";"23.05";"61.5";"940.4200000000001";"3600";"0";"";"";"";"-112";"-1.2999999523162842";"10710";"1773529040760"
"5602";"2026-03-14 19:57:30";"23.05";"61.5";"940.46";"3580";"0";"";"";"";"-112";"-1";"10711";"1773529050605"
"5603";"2026-03-14 19:57:40";"23.05";"61.5";"940.44";"3580";"0";"";"";"";"-112";"-1.2999999523162842";"10712";"1773529060583"
"5604";"2026-03-14 19:57:50";"23.05";"61.5";"940.46";"3600";"0";"";"";"";"-112";"-1.2999999523162842";"10713";"1773529070610"
"5605";"2026-03-14 19:58:00";"23.05";"61.5";"940.46";"3580";"0";"";"";"";"-112";"-1";"10714";"1773529080602"
"5606";"2026-03-14 19:58:10";"23.05";"61.5";"940.46";"3580";"0";"";"";"";"-112";"-1.2999999523162842";"10715";"1773529090601"
"5607";"2026-03-14 19:58:20";"23.05";"61.5";"940.44";"3600";"0";"";"";"";"-112";"-1.2999999523162842";"10716";"1773529100612"
"5608";"2026-03-14 19:58:30";"23.06";"61.5";"940.46";"3600";"0";"";"";"";"-112";"-1";"10717";"1773529110606"
"5609";"2026-03-14 19:58:40";"23.06";"61.5";"940.44";"3600";"0";"";"";"";"-112";"-1.7999999523162842";"10718";"1773529120600"
"5610";"2026-03-14 19:58:50";"23.06";"61.5";"940.46";"3600";"0";"";"";"";"-112";"-1.5";"10719";"1773529130609"
"5611";"2026-03-14 19:59:00";"23.06";"61.5";"940.5";"3580";"0";"";"";"";"-112";"-1.5";"10720";"1773529140611"
"5612";"2026-03-14 19:59:10";"23.06";"61.5";"940.5";"3600";"0";"";"";"";"-112";"-1.2999999523162842";"10721";"1773529150599"
"5613";"2026-03-14 19:59:20";"23.06";"61.5";"940.5";"3600";"0";"";"";"";"-112";"-1";"10722";"1773529160610"
"5614";"2026-03-14 19:59:30";"23.07";"61.5";"940.5";"3620";"0";"";"";"";"-112";"-1.2999999523162842";"10723";"1773529170578"
"5615";"2026-03-14 19:59:40";"23.06";"61.5";"940.48";"3620";"0";"";"";"";"-112";"-1.5";"10724";"1773529180602"
"5616";"2026-03-14 19:59:50";"23.07";"61.5";"940.48";"3580";"0";"";"";"";"-112";"-1.5";"10725";"1773529190608"
"5617";"2026-03-14 20:00:00";"23.06";"61.5";"940.46";"3620";"0";"";"";"";"-112";"-1.2999999523162842";"10726";"1773529200613"
"5618";"2026-03-14 20:00:10";"23.07";"61.5";"940.5";"3620";"0";"";"";"";"-112";"-2";"10727";"1773529210573"
"5619";"2026-03-14 20:00:20";"23.07";"61.5";"940.5";"3600";"0";"";"";"";"-112";"-1.5";"10728";"1773529220602"
"5620";"2026-03-14 20:00:30";"23.07";"61.5";"940.52";"3580";"0";"";"";"";"-112";"-1.5";"10729";"1773529230608"
"5621";"2026-03-14 20:00:40";"23.07";"61.5";"940.5";"3580";"0";"";"";"";"-112";"-1";"10730";"1773529240598"
"5622";"2026-03-14 20:00:50";"23.07";"61.5";"940.54";"3580";"0";"";"";"";"-112";"-1.7999999523162842";"10731";"1773529250610"
"5623";"2026-03-14 20:01:00";"23.07";"61.5";"940.5";"3600";"0";"";"";"";"-112";"-1.5";"10732";"1773529260600"
"5624";"2026-03-14 20:01:10";"23.08";"61.5";"940.52";"3600";"0";"";"";"";"-112";"-1.2999999523162842";"10733";"1773529270603"
"5625";"2026-03-14 20:01:20";"23.08";"61.5";"940.5";"3580";"0";"";"";"";"-112";"-1";"10734";"1773529280612"
"5626";"2026-03-14 20:01:30";"23.08";"61.5";"940.52";"3600";"0";"";"";"";"-112";"-1";"10735";"1773529290601"
"5627";"2026-03-14 20:01:40";"23.08";"61.5";"940.48";"3580";"0";"";"";"";"-112";"-1";"10736";"1773529300599"
"5628";"2026-03-14 20:01:50";"23.08";"61.5";"940.52";"3580";"0";"";"";"";"-112";"-1";"10737";"1773529310607"
"5629";"2026-03-14 20:02:00";"23.08";"61.5";"940.5";"3600";"0";"";"";"";"-112";"-1";"10738";"1773529320607"
"5630";"2026-03-14 20:02:10";"23.08";"61.5";"940.48";"3600";"0";"";"";"";"-112";"-1.2999999523162842";"10739";"1773529330605"
"5631";"2026-03-14 20:02:20";"23.09";"61.5";"940.5";"3600";"0";"";"";"";"-112";"-1";"10740";"1773529340598"
"5632";"2026-03-14 20:02:30";"23.09";"61.5";"940.48";"3600";"0";"";"";"";"-112";"-1.2999999523162842";"10741";"1773529350564"
"5633";"2026-03-14 20:02:40";"23.09";"61.5";"940.5";"3600";"0";"";"";"";"-112";"-1.5";"10742";"1773529360597"
"5634";"2026-03-14 20:02:50";"23.09";"61.5";"940.48";"3580";"0";"";"";"";"-112";"-1";"10743";"1773529370610"
"5635";"2026-03-14 20:03:00";"23.1";"61.5";"940.5";"3580";"0";"";"";"";"-112";"-1";"10744";"1773529380602"
"5636";"2026-03-14 20:03:10";"23.09";"61.5";"940.5";"3600";"0";"";"";"";"-112";"-1";"10745";"1773529390610"
"5637";"2026-03-14 20:03:20";"23.1";"61.5";"940.48";"3600";"0";"";"";"";"-112";"-1";"10746";"1773529400603"
"5638";"2026-03-14 20:03:30";"23.1";"61.5";"940.5";"3580";"0";"";"";"";"-112";"-1.2999999523162842";"10747";"1773529410607"
"5639";"2026-03-14 20:03:40";"23.1";"61.5";"940.5";"3580";"0";"";"";"";"-112";"-1";"10748";"1773529420597"
"5640";"2026-03-14 20:03:50";"23.1";"61.5";"940.52";"3580";"0";"";"";"";"-112";"-1";"10749";"1773529430613"
"5641";"2026-03-14 20:04:00";"23.11";"61.5";"940.52";"3620";"0";"";"";"";"-112";"-0.800000011920929";"10750";"1773529440604"
"5642";"2026-03-14 20:04:10";"23.1";"61.5";"940.5";"3580";"0";"";"";"";"-112";"-1.5";"10751";"1773529450604"
"5643";"2026-03-14 20:04:20";"23.11";"61.5";"940.54";"3600";"0";"";"";"";"-112";"-1";"10752";"1773529460597"
"5644";"2026-03-14 20:04:30";"23.11";"61.5";"940.5";"3580";"0";"";"";"";"-112";"-1";"10753";"1773529470585"
"5645";"2026-03-14 20:04:40";"23.11";"61.5";"940.54";"3600";"0";"";"";"";"-112";"-1.2999999523162842";"10754";"1773529480598"
"5646";"2026-03-14 20:04:50";"23.11";"61.5";"940.54";"3620";"0";"";"";"";"-112";"-1.5";"10755";"1773529490606"
"5647";"2026-03-14 20:05:00";"23.12";"61.5";"940.54";"3580";"0";"";"";"";"-112";"-1.2999999523162842";"10756";"1773529500607"
"5648";"2026-03-14 20:05:10";"23.12";"61.5";"940.5600000000001";"3620";"0";"";"";"";"-112";"-1.2999999523162842";"10757";"1773529510635"
"5649";"2026-03-14 20:05:20";"23.12";"61.5";"940.5600000000001";"3620";"0";"";"";"";"-112";"-1.2999999523162842";"10758";"1773529520602"
"5650";"2026-03-14 20:05:30";"23.12";"61.5";"940.6";"3620";"0";"";"";"";"-112";"-1.2999999523162842";"10759";"1773529530595"
"5651";"2026-03-14 20:05:40";"23.12";"61.5";"940.58";"3600";"0";"";"";"";"-112";"-1.2999999523162842";"10760";"1773529540600"
"5652";"2026-03-14 20:05:50";"23.12";"61.5";"940.5600000000001";"3620";"0";"";"";"";"-112";"-1.2999999523162842";"10761";"1773529550603"
"5653";"2026-03-14 20:06:00";"23.13";"61.5";"940.58";"3600";"0";"";"";"";"-112";"-1.5";"10762";"1773529560611"
"5654";"2026-03-14 20:06:10";"23.13";"61.5";"940.5600000000001";"3580";"0";"";"";"";"-112";"-0.800000011920929";"10763";"1773529570596"
"5655";"2026-03-14 20:06:20";"23.13";"61.5";"940.6";"3600";"0";"";"";"";"-112";"-1";"10764";"1773529580596"
"5656";"2026-03-14 20:06:30";"23.14";"61.5";"940.58";"3620";"0";"";"";"";"-112";"-1";"10765";"1773529590596"
"5657";"2026-03-14 20:06:40";"23.14";"61.5";"940.6";"3620";"0";"";"";"";"-112";"-1.2999999523162842";"10766";"1773529600604"
"5658";"2026-03-14 20:06:50";"23.14";"61.5";"940.58";"3600";"0";"";"";"";"-112";"-1";"10767";"1773529610624"
"5659";"2026-03-14 20:07:00";"23.14";"61.5";"940.6";"3620";"0";"";"";"";"-112";"-1.2999999523162842";"10768";"1773529620603"
"5660";"2026-03-14 20:07:10";"23.15";"61.5";"940.58";"3600";"0";"";"";"";"-112";"-0.800000011920929";"10769";"1773529630597"
"5661";"2026-03-14 20:07:20";"23.15";"61.5";"940.58";"3580";"0";"";"";"";"-112";"-1";"10770";"1773529640594"
"5662";"2026-03-14 20:07:30";"23.15";"61.5";"940.6";"3580";"0";"";"";"";"-112";"-1.2999999523162842";"10771";"1773529650599"
"5663";"2026-03-14 20:07:40";"23.16";"61.5";"940.64";"3580";"0";"";"";"";"-112";"-0.800000011920929";"10772";"1773529660607"
"5664";"2026-03-14 20:07:50";"23.17";"61.5";"940.6";"3600";"0";"";"";"";"-112";"-1.2999999523162842";"10773";"1773529670606"
"5665";"2026-03-14 20:08:00";"23.16";"61.5";"940.62";"3580";"0";"";"";"";"-112";"-1";"10774";"1773529680591"
"5666";"2026-03-14 20:08:10";"23.17";"61.5";"940.62";"3600";"0";"";"";"";"-112";"-1";"10775";"1773529690605"
"5667";"2026-03-14 20:08:20";"23.17";"61.5";"940.6";"3600";"0";"";"";"";"-112";"-1.2999999523162842";"10776";"1773529700606"
"5668";"2026-03-14 20:08:30";"23.17";"61.5";"940.62";"3580";"0";"";"";"";"-112";"-1";"10777";"1773529710610"
"5669";"2026-03-14 20:08:40";"23.18";"61.5";"940.64";"3600";"0";"";"";"";"-112";"-0.800000011920929";"10778";"1773529720602"
"5670";"2026-03-14 20:08:50";"23.18";"61.5";"940.64";"3580";"0";"";"";"";"-112";"-1";"10779";"1773529730582"
"5671";"2026-03-14 20:09:00";"23.18";"61.5";"940.66";"3600";"0";"";"";"";"-112";"-1";"10780";"1773529740607"
"5672";"2026-03-14 20:09:10";"23.18";"61.5";"940.66";"3600";"0";"";"";"";"-112";"-1";"10781";"1773529750600"
"5673";"2026-03-14 20:09:20";"23.18";"61.5";"940.66";"3600";"0";"";"";"";"-112";"-1";"10782";"1773529760606"
"5674";"2026-03-14 20:09:30";"23.19";"61.5";"940.64";"3600";"0";"";"";"";"-112";"-1";"10783";"1773529770606"
"5675";"2026-03-14 20:09:40";"23.19";"61.5";"940.66";"3600";"0";"";"";"";"-112";"-1";"10784";"1773529780600"
"5676";"2026-03-14 20:09:50";"23.19";"61.5";"940.64";"3580";"0";"";"";"";"-112";"-0.800000011920929";"10785";"1773529790581"
"5677";"2026-03-14 20:10:00";"23.2";"61.5";"940.6800000000001";"3600";"0";"";"";"";"-112";"-1";"10786";"1773529800599"
"5678";"2026-03-14 20:10:10";"23.2";"61.5";"940.6800000000001";"3600";"0";"";"";"";"-112";"-1";"10787";"1773529810598"
"5679";"2026-03-14 20:10:20";"23.2";"61.5";"940.62";"3640";"0";"";"";"";"-112";"-1";"10788";"1773529820597"
"5680";"2026-03-14 20:10:30";"23.2";"61.5";"940.64";"3620";"0";"";"";"";"-112";"-1";"10789";"1773529830602"
"5681";"2026-03-14 20:10:40";"23.2";"61.5";"940.6800000000001";"3600";"0";"";"";"";"-112";"-0.800000011920929";"10790";"1773529840603"
"5682";"2026-03-14 20:10:50";"23.21";"61.5";"940.7";"3620";"0";"";"";"";"-112";"-1";"10791";"1773529850572"
"5683";"2026-03-14 20:11:00";"23.2";"61.5";"940.6800000000001";"3620";"0";"";"";"";"-112";"-0.800000011920929";"10792";"1773529860608"
"5684";"2026-03-14 20:11:10";"23.21";"61.5";"940.66";"3600";"0";"";"";"";"-111";"-0.5";"10793";"1773529870596"
"5685";"2026-03-14 20:11:20";"23.21";"61.5";"940.7";"3600";"0";"";"";"";"-112";"-1.2999999523162842";"10794";"1773529880600"
"5686";"2026-03-14 20:11:30";"23.21";"61.5";"940.6800000000001";"3580";"0";"";"";"";"-112";"-1";"10795";"1773529890602"
"5687";"2026-03-14 20:11:40";"23.22";"61.5";"940.6800000000001";"3580";"0";"";"";"";"-112";"-0.800000011920929";"10796";"1773529900600"
"5688";"2026-03-14 20:11:50";"23.21";"61.5";"940.6800000000001";"3600";"0";"";"";"";"-112";"-0.800000011920929";"10797";"1773529910601"
"5689";"2026-03-14 20:12:00";"23.21";"61.5";"940.7";"3600";"0";"";"";"";"-112";"-0.800000011920929";"10798";"1773529920614"
"5690";"2026-03-14 20:12:10";"23.22";"61.5";"940.6800000000001";"3600";"0";"";"";"";"-112";"-0.800000011920929";"10799";"1773529930610"
"5691";"2026-03-14 20:12:20";"23.22";"61.5";"940.72";"3600";"0";"";"";"";"-112";"-0.800000011920929";"10800";"1773529940602"
"5692";"2026-03-14 20:12:30";"23.22";"61.5";"940.72";"3580";"0";"";"";"";"-112";"-1";"10801";"1773529950613"
"5693";"2026-03-14 20:12:40";"23.23";"61.5";"940.74";"3620";"0";"";"";"";"-112";"-0.800000011920929";"10802";"1773529960597"
"5694";"2026-03-14 20:12:50";"23.22";"61.5";"940.72";"3620";"0";"";"";"";"-112";"-1.2999999523162842";"10803";"1773529970608"
"5695";"2026-03-14 20:13:00";"23.23";"61.5";"940.74";"3580";"0";"";"";"";"-112";"-1";"10804";"1773529980569"
"5696";"2026-03-14 20:13:10";"23.23";"61.5";"940.76";"3580";"0";"";"";"";"-112";"-1";"10805";"1773529990610"
"5697";"2026-03-14 20:13:20";"23.23";"61.5";"940.74";"3580";"0";"";"";"";"-112";"-1";"10806";"1773530000610"
"5698";"2026-03-14 20:13:30";"23.23";"61.5";"940.76";"3580";"0";"";"";"";"-112";"-1.2999999523162842";"10807";"1773530010597"
"5699";"2026-03-14 20:13:40";"23.23";"61.5";"940.76";"3600";"0";"";"";"";"-112";"-1.2999999523162842";"10808";"1773530020601"
"5700";"2026-03-14 20:13:50";"23.23";"61.5";"940.76";"3580";"0";"";"";"";"-112";"-1";"10809";"1773530030615"
"5701";"2026-03-14 20:14:00";"23.23";"61";"940.78";"3600";"0";"";"";"";"-112";"-1.2999999523162842";"10810";"1773530040601"
"5702";"2026-03-14 20:14:10";"23.24";"61.5";"940.76";"3600";"0";"";"";"";"-112";"-0.800000011920929";"10811";"1773530050600"
"5703";"2026-03-14 20:14:20";"23.24";"61.5";"940.76";"3580";"0";"";"";"";"-112";"-0.800000011920929";"10812";"1773530060601"
"5704";"2026-03-14 20:14:30";"23.24";"61";"940.78";"3600";"0";"";"";"";"-112";"-1";"10813";"1773530070601"
"5705";"2026-03-14 20:14:40";"23.24";"61.5";"940.76";"3600";"0";"";"";"";"-112";"-1";"10814";"1773530080578"
"5706";"2026-03-14 20:14:50";"23.24";"61.5";"940.78";"3600";"0";"";"";"";"-112";"-1";"10815";"1773530090615"
"5707";"2026-03-14 20:15:00";"23.25";"61";"940.8000000000001";"3580";"0";"";"";"";"-112";"-1.2999999523162842";"10816";"1773530100611"
"5708";"2026-03-14 20:15:10";"23.24";"61.5";"940.76";"3620";"0";"";"";"";"-112";"-1";"10817";"1773530110604"
"5709";"2026-03-14 20:15:20";"23.25";"61";"940.78";"3620";"0";"";"";"";"-112";"-1";"10818";"1773530120596"
"5710";"2026-03-14 20:15:30";"23.25";"61";"940.8000000000001";"3620";"0";"";"";"";"-112";"-1";"10819";"1773530130597"
"5711";"2026-03-14 20:15:40";"23.25";"61.5";"940.8000000000001";"3580";"0";"";"";"";"-112";"-0.800000011920929";"10820";"1773530140599"
"5712";"2026-03-14 20:15:50";"23.25";"61";"940.76";"3620";"0";"";"";"";"-112";"-1";"10821";"1773530150609"
"5713";"2026-03-14 20:16:00";"23.25";"61";"940.78";"3580";"0";"";"";"";"-112";"-1";"10822";"1773530160605"
"5714";"2026-03-14 20:16:10";"23.25";"61";"940.8000000000001";"3580";"0";"";"";"";"-112";"-0.800000011920929";"10823";"1773530170575"
"5715";"2026-03-14 20:16:20";"23.26";"61";"940.78";"3620";"0";"";"";"";"-112";"-0.5";"10824";"1773530180602"
"5716";"2026-03-14 20:16:30";"23.26";"61";"940.8000000000001";"3580";"0";"";"";"";"-112";"-0.5";"10825";"1773530190599"
"5717";"2026-03-14 20:16:40";"23.25";"61";"940.76";"3620";"0";"";"";"";"-112";"-0.5";"10826";"1773530200602"
"5718";"2026-03-14 20:16:50";"23.26";"61";"940.8000000000001";"3600";"0";"";"";"";"-112";"-0.800000011920929";"10827";"1773530210604"
"5719";"2026-03-14 20:17:00";"23.26";"61";"940.78";"3600";"0";"";"";"";"-112";"-0.800000011920929";"10828";"1773530220608"
"5720";"2026-03-14 20:17:10";"23.26";"61";"940.78";"3600";"0";"";"";"";"-112";"-0.5";"10829";"1773530230598"
"5721";"2026-03-14 20:17:20";"23.26";"61";"940.82";"3600";"0";"";"";"";"-112";"-0.800000011920929";"10830";"1773530240605"
"5722";"2026-03-14 20:17:30";"23.27";"61";"940.82";"3600";"0";"";"";"";"-112";"-1.2999999523162842";"10831";"1773530250598"
"5723";"2026-03-14 20:17:40";"23.26";"61";"940.82";"3600";"0";"";"";"";"-112";"-0.5";"10832";"1773530260599"
"5724";"2026-03-14 20:17:50";"23.27";"61";"940.8000000000001";"3620";"0";"";"";"";"-112";"-0.800000011920929";"10833";"1773530270606"
"5725";"2026-03-14 20:18:00";"23.27";"61";"940.8000000000001";"3600";"0";"";"";"";"-112";"-0.800000011920929";"10834";"1773530280604"
"5726";"2026-03-14 20:18:10";"23.27";"61";"940.82";"3620";"0";"";"";"";"-112";"-0.5";"10835";"1773530290594"
"5727";"2026-03-14 20:18:20";"23.27";"61";"940.82";"3580";"0";"";"";"";"-112";"-1";"10836";"1773530300607"
"5728";"2026-03-14 20:18:30";"23.27";"61";"940.84";"3600";"0";"";"";"";"-112";"-1";"10837";"1773530310566"
"5729";"2026-03-14 20:18:40";"23.28";"61";"940.86";"3600";"0";"";"";"";"-112";"-0.800000011920929";"10838";"1773530320602"
"5730";"2026-03-14 20:18:50";"23.27";"61";"940.84";"3580";"0";"";"";"";"-112";"-1";"10839";"1773530330582"
"5731";"2026-03-14 20:19:00";"23.27";"61";"940.88";"3600";"0";"";"";"";"-112";"-0.800000011920929";"10840";"1773530340609"
"5732";"2026-03-14 20:19:10";"23.27";"61";"940.84";"3600";"0";"";"";"";"-112";"-0.800000011920929";"10841";"1773530350597"
"5733";"2026-03-14 20:19:20";"23.28";"61";"940.86";"3580";"0";"";"";"";"-111";"-0.30000001192092896";"10842";"1773530360594"
"5734";"2026-03-14 20:19:30";"23.28";"61";"940.88";"3580";"0";"";"";"";"-112";"-0.800000011920929";"10843";"1773530370597"
"5735";"2026-03-14 20:19:40";"23.28";"61";"940.9";"3600";"0";"";"";"";"-112";"-0.5";"10844";"1773530380600"
"5736";"2026-03-14 20:19:50";"23.28";"61";"940.84";"3600";"0";"";"";"";"-112";"-1.2999999523162842";"10845";"1773530390596"
"5737";"2026-03-14 20:20:00";"23.28";"61";"940.9200000000001";"3580";"0";"";"";"";"-112";"-1";"10846";"1773530400603"
"5738";"2026-03-14 20:20:10";"23.28";"61";"940.9";"3600";"0";"";"";"";"-112";"-0.800000011920929";"10847";"1773530410593"
"5739";"2026-03-14 20:20:20";"23.29";"61";"940.9";"3600";"0";"";"";"";"-112";"-0.5";"10848";"1773530420598"
"5740";"2026-03-14 20:20:30";"23.28";"61";"940.9200000000001";"3580";"0";"";"";"";"-112";"-0.800000011920929";"10849";"1773530430589"
"5741";"2026-03-14 20:20:40";"23.28";"61";"940.9";"3580";"0";"";"";"";"-112";"-0.800000011920929";"10850";"1773530440601"
"5742";"2026-03-14 20:20:50";"23.29";"61";"940.9200000000001";"3580";"0";"";"";"";"-112";"-0.800000011920929";"10851";"1773530450598"
"5743";"2026-03-14 20:21:00";"23.29";"61";"940.9";"3580";"0";"";"";"";"-112";"-0.5";"10852";"1773530460606"
"5744";"2026-03-14 20:21:10";"23.28";"61";"940.94";"3600";"0";"";"";"";"-112";"-1";"10853";"1773530470594"
"5745";"2026-03-14 20:21:20";"23.29";"61";"940.9";"3580";"0";"";"";"";"-112";"-1";"10854";"1773530480599"
"5746";"2026-03-14 20:21:30";"23.29";"61";"940.94";"3580";"0";"";"";"";"-112";"-0.5";"10855";"1773530490595"
"5747";"2026-03-14 20:21:40";"23.29";"61";"940.9200000000001";"3580";"0";"";"";"";"-112";"-0.5";"10856";"1773530500595"
"5748";"2026-03-14 20:21:50";"23.29";"61";"940.94";"3580";"0";"";"";"";"-111";"-1";"10857";"1773530510610"
"5749";"2026-03-14 20:22:00";"23.29";"61";"940.9200000000001";"3580";"0";"";"";"";"-112";"-0.5";"10858";"1773530520590"
"5750";"2026-03-14 20:22:10";"23.29";"61";"940.94";"3580";"0";"";"";"";"-112";"-0.800000011920929";"10859";"1773530530600"
"5751";"2026-03-14 20:22:20";"23.29";"61";"940.94";"3580";"0";"";"";"";"-112";"-0.800000011920929";"10860";"1773530540597"
"5752";"2026-03-14 20:22:30";"23.3";"61";"940.96";"3580";"0";"";"";"";"-112";"-0.800000011920929";"10861";"1773530550599"
"5753";"2026-03-14 20:22:40";"23.29";"61";"940.94";"3600";"0";"";"";"";"-112";"-0.5";"10862";"1773530560605"
"5754";"2026-03-14 20:22:50";"23.3";"61";"940.9";"3580";"0";"";"";"";"-112";"-0.800000011920929";"10863";"1773530570605"
"5755";"2026-03-14 20:23:00";"23.3";"61";"940.96";"3600";"0";"";"";"";"-112";"-1";"10864";"1773530580599"
"5756";"2026-03-14 20:23:10";"23.3";"61";"940.9200000000001";"3600";"0";"";"";"";"-112";"-0.5";"10865";"1773530590590"
"5757";"2026-03-14 20:23:20";"23.3";"61";"940.96";"3620";"0";"";"";"";"-112";"-0.5";"10866";"1773530600594"
"5758";"2026-03-14 20:23:30";"23.3";"61";"940.96";"3620";"0";"";"";"";"-112";"-1";"10867";"1773530610598"
"5759";"2026-03-14 20:23:40";"23.3";"61";"940.9200000000001";"3600";"0";"";"";"";"-112";"-1";"10868";"1773530620602"
"5760";"2026-03-14 20:23:50";"23.3";"61";"940.94";"3600";"0";"";"";"";"-112";"-0.800000011920929";"10869";"1773530630604"
"5761";"2026-03-14 20:24:00";"23.3";"61";"940.9200000000001";"3620";"0";"";"";"";"-112";"-0.5";"10870";"1773530640607"
"5762";"2026-03-14 20:24:10";"23.3";"61";"940.9200000000001";"3620";"0";"";"";"";"-112";"-1";"10871";"1773530650599"
"5763";"2026-03-14 20:24:20";"23.3";"61";"940.96";"3580";"0";"";"";"";"-112";"-1";"10872";"1773530660558"
"5764";"2026-03-14 20:24:30";"23.31";"61";"940.98";"3620";"0";"";"";"";"-112";"-0.800000011920929";"10873";"1773530670564"
"5765";"2026-03-14 20:24:40";"23.3";"61";"940.96";"3620";"0";"";"";"";"-112";"-0.5";"10874";"1773530680587"
"5766";"2026-03-14 20:24:50";"23.3";"61";"940.96";"3600";"0";"";"";"";"-112";"-0.800000011920929";"10875";"1773530690575"
"5767";"2026-03-14 20:25:00";"23.31";"61";"940.96";"3620";"0";"";"";"";"-112";"-1";"10876";"1773530700603"
"5768";"2026-03-14 20:25:10";"23.31";"61";"941";"3600";"0";"";"";"";"-112";"-1.2999999523162842";"10877";"1773530710601"
"5769";"2026-03-14 20:25:20";"23.31";"61";"940.98";"3620";"0";"";"";"";"-112";"-1";"10878";"1773530720596"
"5770";"2026-03-14 20:25:30";"23.31";"61";"940.94";"3580";"0";"";"";"";"-112";"-0.800000011920929";"10879";"1773530730598"
"5771";"2026-03-14 20:25:40";"23.3";"61";"940.96";"3600";"0";"";"";"";"-112";"-0.800000011920929";"10880";"1773530740599"
"5772";"2026-03-14 20:25:50";"23.31";"61";"940.98";"3580";"0";"";"";"";"-112";"-0.800000011920929";"10881";"1773530750606"
"5773";"2026-03-14 20:26:00";"23.31";"61";"941";"3580";"0";"";"";"";"-112";"-1.2999999523162842";"10882";"1773530760600"
"5774";"2026-03-14 20:26:10";"23.31";"61";"940.96";"3600";"0";"";"";"";"-112";"-0.800000011920929";"10883";"1773530770594"
"5775";"2026-03-14 20:26:20";"23.31";"61";"941.02";"3600";"0";"";"";"";"-112";"-1";"10884";"1773530780595"
"5776";"2026-03-14 20:26:30";"23.31";"61";"941.02";"3580";"0";"";"";"";"-112";"-1";"10885";"1773530790594"
"5777";"2026-03-14 20:26:40";"23.31";"61";"940.98";"3600";"0";"";"";"";"-112";"-1";"10886";"1773530800604"
"5778";"2026-03-14 20:26:50";"23.31";"61";"941";"3600";"0";"";"";"";"-112";"-1";"10887";"1773530810571"
"5779";"2026-03-14 20:27:00";"23.31";"61";"940.96";"3580";"0";"";"";"";"-112";"-1";"10888";"1773530820582"
"5780";"2026-03-14 20:27:10";"23.31";"61";"941.02";"3600";"0";"";"";"";"-112";"-1";"10889";"1773530830602"
"5781";"2026-03-14 20:27:20";"23.31";"61";"941.02";"3540";"0";"";"";"";"-112";"-1";"10890";"1773530840639"
"5782";"2026-03-14 20:27:30";"23.32";"61";"941.02";"3600";"0";"";"";"";"-112";"-1.2999999523162842";"10891";"1773530850605"
"5783";"2026-03-14 20:27:40";"23.32";"61";"941";"3580";"0";"";"";"";"-112";"-1";"10892";"1773530860595"
"5784";"2026-03-14 20:27:50";"23.31";"61";"941.02";"3620";"0";"";"";"";"-112";"-0.800000011920929";"10893";"1773530870597"
"5785";"2026-03-14 20:28:00";"23.32";"61";"941.04";"3600";"0";"";"";"";"-112";"-1";"10894";"1773530880598"
"5786";"2026-03-14 20:28:10";"23.32";"61";"941.0600000000001";"3600";"0";"";"";"";"-112";"-1";"10895";"1773530890557"
"5787";"2026-03-14 20:28:20";"23.32";"61";"941.02";"3580";"0";"";"";"";"-112";"-1.2999999523162842";"10896";"1773530900605"
"5788";"2026-03-14 20:28:30";"23.32";"61";"941.02";"3580";"0";"";"";"";"-112";"-1";"10897";"1773530910597"
"5789";"2026-03-14 20:28:40";"23.32";"61";"941.04";"3580";"0";"";"";"";"-112";"-1.2999999523162842";"10898";"1773530920592"
"5790";"2026-03-14 20:28:50";"23.31";"61";"941.0600000000001";"3620";"0";"";"";"";"-112";"-0.800000011920929";"10899";"1773530930603"
"5791";"2026-03-14 20:29:00";"23.32";"61";"941.04";"3580";"0";"";"";"";"-112";"-0.800000011920929";"10900";"1773530940607"
"5792";"2026-03-14 20:29:10";"23.31";"61";"941.04";"3580";"0";"";"";"";"-112";"-1";"10901";"1773530950599"
"5793";"2026-03-14 20:29:20";"23.31";"61";"941.04";"3580";"0";"";"";"";"-112";"-0.800000011920929";"10902";"1773530960603"
"5794";"2026-03-14 20:29:30";"23.32";"61";"941.04";"3580";"0";"";"";"";"-112";"-0.800000011920929";"10903";"1773530970570"
"5795";"2026-03-14 20:29:40";"23.32";"61";"941.0600000000001";"3600";"0";"";"";"";"-112";"-1";"10904";"1773530980607"
"5796";"2026-03-14 20:29:50";"23.32";"61";"941.04";"3620";"0";"";"";"";"-112";"-1";"10905";"1773530990575"
"5797";"2026-03-14 20:30:00";"23.32";"61";"941.04";"3580";"0";"";"";"";"-112";"-1.5";"10906";"1773531000598"
"5798";"2026-03-14 20:30:10";"23.32";"61";"941.0600000000001";"3600";"0";"";"";"";"-112";"-1.2999999523162842";"10907";"1773531010594"
"5799";"2026-03-14 20:30:20";"23.32";"61";"941.08";"3600";"0";"";"";"";"-112";"-1.2999999523162842";"10908";"1773531020600"
"5800";"2026-03-14 20:30:30";"23.32";"61";"941.0600000000001";"3620";"0";"";"";"";"-112";"-1";"10909";"1773531030597"
"5801";"2026-03-14 20:30:40";"23.32";"61";"941.08";"3580";"0";"";"";"";"-112";"-1";"10910";"1773531040598"
"5802";"2026-03-14 20:30:50";"23.32";"61";"941.08";"3580";"0";"";"";"";"-112";"-1.2999999523162842";"10911";"1773531050602"
"5803";"2026-03-14 20:31:00";"23.32";"61";"941.04";"3580";"0";"";"";"";"-112";"-0.800000011920929";"10912";"1773531060593"
"5804";"2026-03-14 20:31:10";"23.32";"61";"941.0600000000001";"3620";"0";"";"";"";"-112";"-0.800000011920929";"10913";"1773531070597"
"5805";"2026-03-14 20:31:20";"23.32";"61";"941.0600000000001";"3580";"0";"";"";"";"-112";"-1";"10914";"1773531080605"
"5806";"2026-03-14 20:31:30";"23.32";"61";"941.0600000000001";"3620";"0";"";"";"";"-112";"-1.2999999523162842";"10915";"1773531090588"
"5807";"2026-03-14 20:31:40";"23.32";"61";"941.0600000000001";"3600";"0";"";"";"";"-112";"-1.5";"10916";"1773531100592"
"5808";"2026-03-14 20:31:50";"23.32";"61";"941.04";"3600";"0";"";"";"";"-112";"-1";"10917";"1773531110611"
"5809";"2026-03-14 20:32:00";"23.32";"61";"941.04";"3580";"0";"";"";"";"-112";"-1.2999999523162842";"10918";"1773531120599"
"5810";"2026-03-14 20:32:10";"23.33";"61";"941.0600000000001";"3620";"0";"";"";"";"-112";"-1.2999999523162842";"10919";"1773531130592"
"5811";"2026-03-14 20:32:20";"23.32";"61";"941.08";"3620";"0";"";"";"";"-112";"-1";"10920";"1773531140564"
"5812";"2026-03-14 20:32:30";"23.33";"61";"941.0600000000001";"3600";"0";"";"";"";"-112";"-1.2999999523162842";"10921";"1773531150596"
"5813";"2026-03-14 20:32:40";"23.32";"61";"941.0600000000001";"3620";"0";"";"";"";"-112";"-1.2999999523162842";"10922";"1773531160599"
"5814";"2026-03-14 20:32:50";"23.32";"61";"941.02";"3600";"0";"";"";"";"-112";"-1";"10923";"1773531170590"
"5815";"2026-03-14 20:33:00";"23.32";"61";"941.0600000000001";"3600";"0";"";"";"";"-112";"-0.800000011920929";"10924";"1773531180589"
"5816";"2026-03-14 20:33:10";"23.32";"61";"941.04";"3600";"0";"";"";"";"-112";"-1.2999999523162842";"10925";"1773531190594"
"5817";"2026-03-14 20:33:20";"23.32";"61";"941.02";"3580";"0";"";"";"";"-112";"-1";"10926";"1773531200591"
"5818";"2026-03-14 20:33:30";"23.33";"61";"941.04";"3600";"0";"";"";"";"-112";"-1.5";"10927";"1773531210594"
"5819";"2026-03-14 20:33:40";"23.33";"61";"941.04";"3600";"0";"";"";"";"-112";"-1.5";"10928";"1773531220597"
"5820";"2026-03-14 20:33:50";"23.33";"61";"941.04";"3600";"0";"";"";"";"-112";"-1.5";"10929";"1773531230600"
"5821";"2026-03-14 20:34:00";"23.33";"61";"941.0600000000001";"3620";"0";"";"";"";"-112";"-1";"10930";"1773531240575"
"5822";"2026-03-14 20:34:10";"23.32";"61";"941.0600000000001";"3600";"0";"";"";"";"-112";"-1";"10931";"1773531250591"
"5823";"2026-03-14 20:34:20";"23.33";"61";"941.04";"3600";"0";"";"";"";"-112";"-1.2999999523162842";"10932";"1773531260597"
"5824";"2026-03-14 20:34:30";"23.32";"61";"941.0600000000001";"3580";"0";"";"";"";"-112";"-1.2999999523162842";"10933";"1773531270597"
"5825";"2026-03-14 20:34:40";"23.33";"61";"941.04";"3600";"0";"";"";"";"-112";"-1.7999999523162842";"10934";"1773531280601"
"5826";"2026-03-14 20:34:50";"23.33";"61";"941.0600000000001";"3600";"0";"";"";"";"-112";"-1.2999999523162842";"10935";"1773531290605"
"5827";"2026-03-14 20:35:00";"23.33";"61";"941.0600000000001";"3580";"0";"";"";"";"-112";"-0.800000011920929";"10936";"1773531300603"
"5828";"2026-03-14 20:35:10";"23.33";"61";"941.04";"3600";"0";"";"";"";"-112";"-1";"10937";"1773531310601"
"5829";"2026-03-14 20:35:20";"23.33";"61";"941.04";"3620";"0";"";"";"";"-112";"-0.800000011920929";"10938";"1773531320590"
"5830";"2026-03-14 20:35:30";"23.33";"61";"941.04";"3600";"0";"";"";"";"-112";"-0.800000011920929";"10939";"1773531330621"
"5831";"2026-03-14 20:35:40";"23.33";"61";"941.08";"3600";"0";"";"";"";"-112";"-1.2999999523162842";"10940";"1773531340589"
"5832";"2026-03-14 20:35:50";"23.33";"61";"941.04";"3580";"0";"";"";"";"-112";"-0.800000011920929";"10941";"1773531350605"
"5833";"2026-03-14 20:36:00";"23.33";"61";"941.04";"3600";"0";"";"";"";"-112";"-1.2999999523162842";"10942";"1773531360591"
"5834";"2026-03-14 20:36:10";"23.33";"61";"941.02";"3580";"0";"";"";"";"-112";"-1.2999999523162842";"10943";"1773531370604"
"5835";"2026-03-14 20:36:20";"23.33";"61";"941.0600000000001";"3620";"0";"";"";"";"-112";"-1.2999999523162842";"10944";"1773531380600"
"5836";"2026-03-14 20:36:30";"23.33";"61";"941.04";"3580";"0";"";"";"";"-112";"-1";"10945";"1773531390589"
"5837";"2026-03-14 20:36:40";"23.33";"61";"941.04";"3600";"0";"";"";"";"-112";"-1.2999999523162842";"10946";"1773531400591"
"5838";"2026-03-14 20:36:50";"23.33";"61";"941.04";"3600";"0";"";"";"";"-112";"-1.5";"10947";"1773531410603"
"5839";"2026-03-14 20:37:00";"23.33";"61";"941.0600000000001";"3620";"0";"";"";"";"-112";"-1.2999999523162842";"10948";"1773531420595"
"5840";"2026-03-14 20:37:10";"23.33";"61";"941.0600000000001";"3600";"0";"";"";"";"-112";"-1.2999999523162842";"10949";"1773531430591"
"5841";"2026-03-14 20:37:20";"23.33";"61";"941.04";"3620";"0";"";"";"";"-112";"-1.2999999523162842";"10950";"1773531440591"
"5842";"2026-03-14 20:37:30";"23.33";"61";"941.02";"3580";"0";"";"";"";"-112";"-1.2999999523162842";"10951";"1773531450588"
"5843";"2026-03-14 20:37:40";"23.33";"61";"941.04";"3600";"0";"";"";"";"-112";"-1.2999999523162842";"10952";"1773531460592"
"5844";"2026-03-14 20:37:50";"23.33";"61";"941.0600000000001";"3600";"0";"";"";"";"-112";"-1";"10953";"1773531470592"
"5845";"2026-03-14 20:38:00";"23.33";"61";"941.0600000000001";"3580";"0";"";"";"";"-112";"-1.5";"10954";"1773531480592"
"5846";"2026-03-14 20:38:10";"23.33";"61";"941.04";"3600";"0";"";"";"";"-112";"-1.2999999523162842";"10955";"1773531490595"
"5847";"2026-03-14 20:38:20";"23.33";"61";"941.0600000000001";"3580";"0";"";"";"";"-112";"-1.7999999523162842";"10956";"1773531500581"
"5848";"2026-03-14 20:38:30";"23.33";"61";"941.0600000000001";"3580";"0";"";"";"";"-112";"-1.5";"10957";"1773531510587"
"5849";"2026-03-14 20:38:40";"23.33";"61";"941.1";"3620";"0";"";"";"";"-112";"-1.2999999523162842";"10958";"1773531520601"
"5850";"2026-03-14 20:38:50";"23.33";"61";"941.1";"3600";"0";"";"";"";"-112";"-1.2999999523162842";"10959";"1773531530611"
"5851";"2026-03-14 20:39:00";"23.33";"61";"941.0600000000001";"3580";"0";"";"";"";"-112";"-1.5";"10960";"1773531540605"
"5852";"2026-03-14 20:39:10";"23.33";"61";"941.08";"3580";"0";"";"";"";"-112";"-1.5";"10961";"1773531550594"
"5853";"2026-03-14 20:39:20";"23.33";"61";"941.12";"3600";"0";"";"";"";"-112";"-1.2999999523162842";"10962";"1773531560590"
"5854";"2026-03-14 20:39:30";"23.33";"61";"941.1";"3580";"0";"";"";"";"-112";"-1.2999999523162842";"10963";"1773531570589"
"5855";"2026-03-14 20:39:40";"23.33";"61";"941.08";"3580";"0";"";"";"";"-112";"-1.2999999523162842";"10964";"1773531580595"
"5856";"2026-03-14 20:39:50";"23.33";"61";"941.12";"3600";"0";"";"";"";"-112";"-1";"10965";"1773531590604"
"5857";"2026-03-14 20:40:00";"23.33";"61";"941.1";"3620";"0";"";"";"";"-112";"-1.2999999523162842";"10966";"1773531600591"
"5858";"2026-03-14 20:40:10";"23.33";"61";"941.1";"3600";"0";"";"";"";"-112";"-1";"10967";"1773531610588"
"5859";"2026-03-14 20:40:20";"23.33";"61";"941.12";"3620";"0";"";"";"";"-112";"-1.2999999523162842";"10968";"1773531620595"
"5860";"2026-03-14 20:40:30";"23.33";"61";"941.14";"3600";"0";"";"";"";"-112";"-1.7999999523162842";"10969";"1773531630589"
"5861";"2026-03-14 20:40:40";"23.33";"61";"941.12";"3580";"0";"";"";"";"-112";"-1.5";"10970";"1773531640597"
"5862";"2026-03-14 20:40:50";"23.33";"61";"941.12";"3580";"0";"";"";"";"-112";"-1.2999999523162842";"10971";"1773531650569"
"5863";"2026-03-14 20:41:00";"23.33";"61";"941.14";"3600";"0";"";"";"";"-112";"-1";"10972";"1773531660600"
"5864";"2026-03-14 20:41:10";"23.33";"61";"941.12";"3600";"0";"";"";"";"-112";"-1.2999999523162842";"10973";"1773531670601"
"5865";"2026-03-14 20:41:20";"23.33";"61";"941.16";"3600";"0";"";"";"";"-112";"-1";"10974";"1773531680600"
"5866";"2026-03-14 20:41:30";"23.33";"61";"941.1800000000001";"3580";"0";"";"";"";"-112";"-1.2999999523162842";"10975";"1773531690597"
"5867";"2026-03-14 20:41:40";"23.33";"61";"941.16";"3600";"0";"";"";"";"-112";"-1";"10976";"1773531700596"
"5868";"2026-03-14 20:41:50";"23.33";"61";"941.16";"3600";"0";"";"";"";"-112";"-1";"10977";"1773531710605"
"5869";"2026-03-14 20:42:00";"23.33";"61";"941.1800000000001";"3600";"0";"";"";"";"-112";"-1.2999999523162842";"10978";"1773531720590"
"5870";"2026-03-14 20:42:10";"23.33";"61";"941.16";"3580";"0";"";"";"";"-112";"-1";"10979";"1773531730596"
"5871";"2026-03-14 20:42:20";"23.33";"61";"941.16";"3600";"0";"";"";"";"-112";"-1.2999999523162842";"10980";"1773531740601"
"5872";"2026-03-14 20:42:30";"23.33";"61";"941.2";"3600";"0";"";"";"";"-112";"-1";"10981";"1773531750596"
"5873";"2026-03-14 20:42:40";"23.33";"61";"941.1800000000001";"3580";"0";"";"";"";"-112";"-1.2999999523162842";"10982";"1773531760563"
"5874";"2026-03-14 20:42:50";"23.33";"61";"941.1800000000001";"3580";"0";"";"";"";"-112";"-1.2999999523162842";"10983";"1773531770600"
"5875";"2026-03-14 20:43:00";"23.33";"61";"941.1800000000001";"3600";"0";"";"";"";"-112";"-1.2999999523162842";"10984";"1773531780592"
"5876";"2026-03-14 20:43:10";"23.33";"61";"941.1800000000001";"3580";"0";"";"";"";"-112";"-1";"10985";"1773531790587"
"5877";"2026-03-14 20:43:20";"23.33";"61";"941.22";"3580";"0";"";"";"";"-112";"-1";"10986";"1773531800594"
"5878";"2026-03-14 20:43:30";"23.33";"61";"941.24";"3580";"0";"";"";"";"-112";"-1";"10987";"1773531810592"
"5879";"2026-03-14 20:43:40";"23.33";"61";"941.2";"3600";"0";"";"";"";"-112";"-1.5";"10988";"1773531820614"
"5880";"2026-03-14 20:43:50";"23.33";"61";"941.22";"3580";"0";"";"";"";"-112";"-1";"10989";"1773531830606"
"5881";"2026-03-14 20:44:00";"23.33";"61";"941.22";"3600";"0";"";"";"";"-112";"-1.2999999523162842";"10990";"1773531840602"
"5882";"2026-03-14 20:44:10";"23.33";"61";"941.22";"3600";"0";"";"";"";"-112";"-1.2999999523162842";"10991";"1773531850592"
"5883";"2026-03-14 20:44:20";"23.33";"61";"941.24";"3580";"0";"";"";"";"-112";"-1.5";"10992";"1773531860596"
"5884";"2026-03-14 20:44:30";"23.33";"61";"941.22";"3600";"0";"";"";"";"-112";"-1";"10993";"1773531870594"
"5885";"2026-03-14 20:44:40";"23.33";"61";"941.24";"3600";"0";"";"";"";"-112";"-1.2999999523162842";"10994";"1773531880585"
"5886";"2026-03-14 20:44:50";"23.34";"61";"941.24";"3580";"0";"";"";"";"-112";"-1";"10995";"1773531890600"
"5887";"2026-03-14 20:45:00";"23.33";"61";"941.24";"3600";"0";"";"";"";"-112";"-1.2999999523162842";"10996";"1773531900588"
"5888";"2026-03-14 20:45:10";"23.33";"61";"941.22";"3580";"0";"";"";"";"-112";"-1";"10997";"1773531910598"
"5889";"2026-03-14 20:45:20";"23.33";"61";"941.24";"3580";"0";"";"";"";"-112";"-1";"10998";"1773531920595"
"5890";"2026-03-14 20:45:30";"23.33";"61";"941.24";"3580";"0";"";"";"";"-112";"-1.2999999523162842";"10999";"1773531930551"
"5891";"2026-03-14 20:45:40";"23.33";"61";"941.24";"3640";"0";"";"";"";"-112";"-1.2999999523162842";"11000";"1773531940597"
"5892";"2026-03-14 20:45:50";"23.33";"61";"941.22";"3580";"0";"";"";"";"-112";"-1";"11001";"1773531950569"
"5893";"2026-03-14 20:46:00";"23.33";"61";"941.26";"3600";"0";"";"";"";"-112";"-1";"11002";"1773531960597"
"5894";"2026-03-14 20:46:10";"23.33";"61";"941.28";"3600";"0";"";"";"";"-112";"-1";"11003";"1773531970596"
"5895";"2026-03-14 20:46:20";"23.33";"61";"941.26";"3580";"0";"";"";"";"-112";"-1";"11004";"1773531980593"
"5896";"2026-03-14 20:46:30";"23.33";"61";"941.26";"3600";"0";"";"";"";"-112";"-1.5";"11005";"1773531990593"
"5897";"2026-03-14 20:46:40";"23.33";"61";"941.28";"3600";"0";"";"";"";"-112";"-1.2999999523162842";"11006";"1773532000590"
"5898";"2026-03-14 20:46:50";"23.33";"61";"941.28";"3580";"0";"";"";"";"-112";"-1.5";"11007";"1773532010603"
"5899";"2026-03-14 20:47:00";"23.33";"61";"941.28";"3580";"0";"";"";"";"-112";"-1.5";"11008";"1773532020599"
"5900";"2026-03-14 20:47:10";"23.33";"61";"941.28";"3600";"0";"";"";"";"-112";"-1";"11009";"1773532030597"
"5901";"2026-03-14 20:47:20";"23.33";"61";"941.3000000000001";"3580";"0";"";"";"";"-112";"-1.2999999523162842";"11010";"1773532040592"
"5902";"2026-03-14 20:47:30";"23.33";"61";"941.32";"3600";"0";"";"";"";"-112";"-1.2999999523162842";"11011";"1773532050591"
"5903";"2026-03-14 20:47:40";"23.33";"61";"941.28";"3580";"0";"";"";"";"-112";"-1";"11012";"1773532060595"
"5904";"2026-03-14 20:47:50";"23.33";"61";"941.32";"3580";"0";"";"";"";"-112";"-1.5";"11013";"1773532070587"
"5905";"2026-03-14 20:48:00";"23.33";"61";"941.28";"3580";"0";"";"";"";"-112";"-0.800000011920929";"11014";"1773532080593"
"5906";"2026-03-14 20:48:10";"23.33";"61";"941.32";"3580";"0";"";"";"";"-112";"-1";"11015";"1773532090562"
"5907";"2026-03-14 20:48:20";"23.33";"61";"941.3000000000001";"3600";"0";"";"";"";"-112";"-1";"11016";"1773532100597"
"5908";"2026-03-14 20:48:30";"23.33";"61";"941.3000000000001";"3620";"0";"";"";"";"-112";"-0.800000011920929";"11017";"1773532110587"
"5909";"2026-03-14 20:48:40";"23.33";"61";"941.3000000000001";"3580";"0";"";"";"";"-112";"-1.2999999523162842";"11018";"1773532120586"
"5910";"2026-03-14 20:48:50";"23.33";"61";"941.34";"3580";"0";"";"";"";"-112";"-0.800000011920929";"11019";"1773532130600"
"5911";"2026-03-14 20:49:00";"23.33";"61";"941.34";"3600";"0";"";"";"";"-112";"-1.5";"11020";"1773532140585"
"5912";"2026-03-14 20:49:10";"23.33";"61";"941.32";"3580";"0";"";"";"";"-112";"-1.2999999523162842";"11021";"1773532150592"
"5913";"2026-03-14 20:49:20";"23.33";"61";"941.34";"3580";"0";"";"";"";"-112";"-1";"11022";"1773532160598"
"5914";"2026-03-14 20:49:30";"23.33";"61";"941.34";"3580";"0";"";"";"";"-112";"-1";"11023";"1773532170607"
"5915";"2026-03-14 20:49:40";"23.33";"61";"941.32";"3580";"0";"";"";"";"-112";"-1.2999999523162842";"11024";"1773532180602"
"5916";"2026-03-14 20:49:50";"23.33";"61";"941.32";"3580";"0";"";"";"";"-112";"-1";"11025";"1773532190587"
"5917";"2026-03-14 20:50:00";"23.33";"61";"941.34";"3600";"0";"";"";"";"-112";"-1.2999999523162842";"11026";"1773532200595"
"5918";"2026-03-14 20:50:10";"23.33";"61";"941.34";"3580";"0";"";"";"";"-112";"-1.5";"11027";"1773532210593"
"5919";"2026-03-14 20:50:20";"23.33";"61";"941.34";"3600";"0";"";"";"";"-112";"-1";"11028";"1773532220590"
"5920";"2026-03-14 20:50:30";"23.33";"61";"941.34";"3580";"0";"";"";"";"-112";"-1.7999999523162842";"11029";"1773532230619"
"5921";"2026-03-14 20:50:40";"23.33";"61";"941.34";"3580";"0";"";"";"";"-112";"-1.2999999523162842";"11030";"1773532240590"
"5922";"2026-03-14 20:50:50";"23.33";"61";"941.34";"3600";"0";"";"";"";"-112";"-1";"11031";"1773532250592"
"5923";"2026-03-14 20:51:00";"23.33";"61";"941.36";"3600";"0";"";"";"";"-112";"-1.2999999523162842";"11032";"1773532260595"
"5924";"2026-03-14 20:51:10";"23.33";"61";"941.36";"3600";"0";"";"";"";"-112";"-0.800000011920929";"11033";"1773532270591"
"5925";"2026-03-14 20:51:20";"23.33";"61";"941.36";"3580";"0";"";"";"";"-112";"-1.2999999523162842";"11034";"1773532280588"
"5926";"2026-03-14 20:51:30";"23.33";"61";"941.38";"3620";"0";"";"";"";"-112";"-1";"11035";"1773532290594"
"5927";"2026-03-14 20:51:40";"23.33";"61";"941.38";"3600";"0";"";"";"";"-112";"-1";"11036";"1773532300586"
"5928";"2026-03-14 20:51:50";"23.33";"61";"941.38";"3580";"0";"";"";"";"-112";"-0.800000011920929";"11037";"1773532310591"
"5929";"2026-03-14 20:52:00";"23.33";"61";"941.4";"3580";"0";"";"";"";"-112";"-1.2999999523162842";"11038";"1773532320590"
"5930";"2026-03-14 20:52:10";"23.33";"61";"941.4";"3580";"0";"";"";"";"-112";"-1.2999999523162842";"11039";"1773532330599"
"5931";"2026-03-14 20:52:20";"23.33";"61";"941.4200000000001";"3600";"0";"";"";"";"-112";"-1.5";"11040";"1773532340631"
"5932";"2026-03-14 20:52:30";"23.33";"61";"941.38";"3580";"0";"";"";"";"-112";"-1.2999999523162842";"11041";"1773532350588"
"5933";"2026-03-14 20:52:40";"23.33";"61";"941.36";"3600";"0";"";"";"";"-112";"-1.7999999523162842";"11042";"1773532360602"
"5934";"2026-03-14 20:52:50";"23.33";"61";"941.38";"3580";"0";"";"";"";"-112";"-1.5";"11043";"1773532370597"
"5935";"2026-03-14 20:53:00";"23.33";"61";"941.4";"3580";"0";"";"";"";"-112";"-1.5";"11044";"1773532380592"
"5936";"2026-03-14 20:53:10";"23.33";"61";"941.4";"3580";"0";"";"";"";"-112";"-0.800000011920929";"11045";"1773532390551"
"5937";"2026-03-14 20:53:20";"23.33";"61";"941.38";"3600";"0";"";"";"";"-112";"-1.2999999523162842";"11046";"1773532400588"
"5938";"2026-03-14 20:53:30";"23.33";"61";"941.4";"3560";"0";"";"";"";"-112";"-1";"11047";"1773532410589"
"5939";"2026-03-14 20:53:40";"23.33";"61";"941.4200000000001";"3600";"0";"";"";"";"-112";"-1";"11048";"1773532420588"
"5940";"2026-03-14 20:53:50";"23.32";"61";"941.4";"3580";"0";"";"";"";"-112";"-1.5";"11049";"1773532430609"
"5941";"2026-03-14 20:54:00";"23.32";"61";"941.4";"3580";"0";"";"";"";"-112";"-1";"11050";"1773532440586"
"5942";"2026-03-14 20:54:10";"23.32";"61";"941.4";"3600";"0";"";"";"";"-112";"-1.5";"11051";"1773532450588"
"5943";"2026-03-14 20:54:20";"23.33";"61";"941.4";"3580";"0";"";"";"";"-112";"-1";"11052";"1773532460594"
"5944";"2026-03-14 20:54:30";"23.32";"61";"941.38";"3580";"0";"";"";"";"-112";"-1";"11053";"1773532470588"
"5945";"2026-03-14 20:54:40";"23.32";"61";"941.4";"3580";"0";"";"";"";"-112";"-1";"11054";"1773532480598"
"5946";"2026-03-14 20:54:50";"23.32";"61";"941.4";"3600";"0";"";"";"";"-112";"-1.2999999523162842";"11055";"1773532490595"
"5947";"2026-03-14 20:55:00";"23.32";"61";"941.4200000000001";"3600";"0";"";"";"";"-112";"-1.2999999523162842";"11056";"1773532500597"
"5948";"2026-03-14 20:55:10";"23.32";"61";"941.4200000000001";"3580";"0";"";"";"";"-112";"-1";"11057";"1773532510607"
"5949";"2026-03-14 20:55:20";"23.32";"61";"941.4200000000001";"3600";"0";"";"";"";"-112";"-1.5";"11058";"1773532520596"
"5950";"2026-03-14 20:55:30";"23.32";"61";"941.44";"3580";"0";"";"";"";"-112";"-1.7999999523162842";"11059";"1773532530588"
"5951";"2026-03-14 20:55:40";"23.32";"61";"941.4";"3600";"0";"";"";"";"-112";"-1.2999999523162842";"11060";"1773532540608"
"5952";"2026-03-14 20:55:50";"23.32";"61";"941.4200000000001";"3580";"0";"";"";"";"-112";"-1";"11061";"1773532550595"
"5953";"2026-03-14 20:56:00";"23.32";"61.5";"941.4200000000001";"3600";"0";"";"";"";"-112";"-1";"11062";"1773532560591"
"5954";"2026-03-14 20:56:10";"23.32";"61.5";"941.44";"3600";"0";"";"";"";"-112";"-1.5";"11063";"1773532570589"
"5955";"2026-03-14 20:56:20";"23.32";"61";"941.44";"3580";"0";"";"";"";"-112";"-1.5";"11064";"1773532580596"
"5956";"2026-03-14 20:56:30";"23.32";"61";"941.4";"3580";"0";"";"";"";"-112";"-1.2999999523162842";"11065";"1773532590589"
"5957";"2026-03-14 20:56:40";"23.32";"61";"941.4200000000001";"3580";"0";"";"";"";"-112";"-1.2999999523162842";"11066";"1773532600554"
"5958";"2026-03-14 20:56:50";"23.32";"61";"941.4200000000001";"3580";"0";"";"";"";"-112";"-1.2999999523162842";"11067";"1773532610589"
"5959";"2026-03-14 20:57:00";"23.32";"61";"941.46";"3620";"0";"";"";"";"-112";"-1.2999999523162842";"11068";"1773532620589"
"5960";"2026-03-14 20:57:10";"23.32";"61";"941.44";"3620";"0";"";"";"";"-112";"-1.5";"11069";"1773532630597"
"5961";"2026-03-14 20:57:20";"23.32";"61";"941.44";"3620";"0";"";"";"";"-112";"-1.5";"11070";"1773532640593"
"5962";"2026-03-14 20:57:30";"23.32";"61";"941.44";"3600";"0";"";"";"";"-112";"-1.5";"11071";"1773532650592"
"5963";"2026-03-14 20:57:40";"23.32";"61";"941.44";"3580";"0";"";"";"";"-112";"-1";"11072";"1773532660596"
"5964";"2026-03-14 20:58:00";"23.32";"61";"941.4200000000001";"3560";"0";"";"";"";"-112";"-1";"11074";"1773532680592"
"5965";"2026-03-14 20:58:10";"23.32";"61";"941.46";"3620";"0";"";"";"";"-112";"-1.5";"11075";"1773532690588"
"5966";"2026-03-14 20:58:20";"23.32";"61";"941.46";"3580";"0";"";"";"";"-112";"-1.2999999523162842";"11076";"1773532700593"
"5967";"2026-03-14 20:58:30";"23.32";"61";"941.44";"3580";"0";"";"";"";"-112";"-1.2999999523162842";"11077";"1773532710593"
"5968";"2026-03-14 20:58:40";"23.32";"61";"941.48";"3600";"0";"";"";"";"-112";"-1.5";"11078";"1773532720581"
"5969";"2026-03-14 20:58:50";"23.32";"61";"941.46";"3600";"0";"";"";"";"-112";"-1.7999999523162842";"11079";"1773532730590"
"5970";"2026-03-14 20:59:00";"23.32";"61";"941.46";"3600";"0";"";"";"";"-112";"-1.7999999523162842";"11080";"1773532740590"
"5971";"2026-03-14 20:59:10";"23.31";"61";"941.48";"3580";"0";"";"";"";"-112";"-1.5";"11081";"1773532750553"
"5972";"2026-03-14 20:59:20";"23.32";"61";"941.48";"3580";"0";"";"";"";"-112";"-1";"11082";"1773532760580"
"5973";"2026-03-14 20:59:30";"23.31";"61";"941.48";"3600";"0";"";"";"";"-112";"-1.2999999523162842";"11083";"1773532770620"
"5974";"2026-03-14 20:59:40";"23.32";"61";"941.46";"3580";"0";"";"";"";"-112";"-1.2999999523162842";"11084";"1773532780591"
"5975";"2026-03-14 20:59:50";"23.31";"61";"941.5";"3580";"0";"";"";"";"-112";"-1.5";"11085";"1773532790603"
"5976";"2026-03-14 21:00:00";"23.31";"61.5";"941.44";"3600";"0";"";"";"";"-112";"-1.2999999523162842";"11086";"1773532800596"
"5977";"2026-03-14 21:00:10";"23.31";"61";"941.44";"3580";"0";"";"";"";"-112";"-1.2999999523162842";"11087";"1773532810589"
"5978";"2026-03-14 21:00:20";"23.32";"61";"941.46";"3600";"0";"";"";"";"-112";"-1";"11088";"1773532820580"
"5979";"2026-03-14 21:00:30";"23.31";"61";"941.44";"3580";"0";"";"";"";"-112";"-1.5";"11089";"1773532830582"
"5980";"2026-03-14 21:00:40";"23.31";"61.5";"941.46";"3620";"0";"";"";"";"-112";"-1.5";"11090";"1773532840594"
"5981";"2026-03-14 21:00:50";"23.31";"61";"941.46";"3620";"0";"";"";"";"-112";"-1.2999999523162842";"11091";"1773532850582"
"5982";"2026-03-14 21:01:00";"23.31";"61";"941.44";"3600";"0";"";"";"";"-112";"-1.5";"11092";"1773532860590"
"5983";"2026-03-14 21:01:10";"23.31";"61";"941.48";"3600";"0";"";"";"";"-112";"-1.2999999523162842";"11093";"1773532870594"
"5984";"2026-03-14 21:01:20";"23.31";"61";"941.48";"3600";"0";"";"";"";"-112";"-2";"11094";"1773532880595"
"5985";"2026-03-14 21:01:30";"23.31";"61";"941.46";"3600";"0";"";"";"";"-112";"-1.2999999523162842";"11095";"1773532890605"
"5986";"2026-03-14 21:01:40";"23.31";"61";"941.48";"3580";"0";"";"";"";"-112";"-1.5";"11096";"1773532900591"
"5987";"2026-03-14 21:01:50";"23.3";"61";"941.46";"3600";"0";"";"";"";"-112";"-1.5";"11097";"1773532910601"
"5988";"2026-03-14 21:02:00";"23.31";"61";"941.5";"3580";"0";"";"";"";"-112";"-1.5";"11098";"1773532920635"
"5989";"2026-03-14 21:02:10";"23.31";"61";"941.44";"3580";"0";"";"";"";"-112";"-1.5";"11099";"1773532930593"
"5990";"2026-03-14 21:02:20";"23.31";"61";"941.46";"3600";"0";"";"";"";"-112";"-1.2999999523162842";"11100";"1773532940594"
"5991";"2026-03-14 21:02:30";"23.31";"61";"941.48";"3600";"0";"";"";"";"-112";"-1.5";"11101";"1773532950591"
"5992";"2026-03-14 21:02:40";"23.31";"61";"941.48";"3600";"0";"";"";"";"-112";"-1.5";"11102";"1773532960594"
"5993";"2026-03-14 21:02:50";"23.31";"61.5";"941.44";"3600";"0";"";"";"";"-112";"-1";"11103";"1773532970632"
"5994";"2026-03-14 21:03:00";"23.31";"61";"941.48";"3600";"0";"";"";"";"-112";"-1.7999999523162842";"11104";"1773532980594"
"5995";"2026-03-14 21:03:10";"23.31";"61";"941.48";"3600";"0";"";"";"";"-112";"-1";"11105";"1773532990589"
"5996";"2026-03-14 21:03:20";"23.31";"61.5";"941.48";"3580";"0";"";"";"";"-112";"-1.2999999523162842";"11106";"1773533000591"
"5997";"2026-03-14 21:03:30";"23.31";"61.5";"941.48";"3600";"0";"";"";"";"-112";"-1.2999999523162842";"11107";"1773533010581"
"5998";"2026-03-14 21:03:40";"23.3";"61";"941.48";"3600";"0";"";"";"";"-112";"-1.7999999523162842";"11108";"1773533020590"
"5999";"2026-03-14 21:03:50";"23.31";"61.5";"941.52";"3600";"0";"";"";"";"-112";"-1.2999999523162842";"11109";"1773533030600"
"6000";"2026-03-14 21:04:00";"23.31";"61.5";"941.52";"3600";"0";"";"";"";"-112";"-1.5";"11110";"1773533040583"
"6001";"2026-03-14 21:04:10";"23.3";"61.5";"941.48";"3600";"0";"";"";"";"-112";"-1.5";"11111";"1773533050591"
"6002";"2026-03-14 21:04:20";"23.31";"61.5";"941.52";"3580";"0";"";"";"";"-112";"-1.5";"11112";"1773533060586"
"6003";"2026-03-14 21:04:30";"23.3";"61";"941.5";"3600";"0";"";"";"";"-112";"-1.5";"11113";"1773533070581"
"6004";"2026-03-14 21:04:40";"23.3";"61";"941.52";"3580";"0";"";"";"";"-112";"-1.5";"11114";"1773533080587"
"6005";"2026-03-14 21:04:50";"23.3";"61.5";"941.52";"3600";"0";"";"";"";"-112";"-1";"11115";"1773533090591"
"6006";"2026-03-14 21:05:00";"23.3";"61";"941.5";"3600";"0";"";"";"";"-112";"-1.2999999523162842";"11116";"1773533100589"
"6007";"2026-03-14 21:05:10";"23.3";"61";"941.54";"3600";"0";"";"";"";"-112";"-1.5";"11117";"1773533110591"
"6008";"2026-03-14 21:05:20";"23.3";"61";"941.48";"3580";"0";"";"";"";"-112";"-1.2999999523162842";"11118";"1773533120584"
"6009";"2026-03-14 21:05:30";"23.3";"61.5";"941.52";"3600";"0";"";"";"";"-112";"-1.5";"11119";"1773533130581"
"6010";"2026-03-14 21:05:40";"23.3";"61.5";"941.52";"3580";"0";"";"";"";"-112";"-1.5";"11120";"1773533140595"
"6011";"2026-03-14 21:05:50";"23.29";"61.5";"941.52";"3560";"0";"";"";"";"-112";"-1.2999999523162842";"11121";"1773533150592"
"6012";"2026-03-14 21:06:00";"23.3";"61";"941.52";"3620";"0";"";"";"";"-112";"-1.2999999523162842";"11122";"1773533160594"
"6013";"2026-03-14 21:06:10";"23.3";"61";"941.54";"3600";"0";"";"";"";"-112";"-1.5";"11123";"1773533170597"
"6014";"2026-03-14 21:06:20";"23.29";"61";"941.54";"3560";"0";"";"";"";"-112";"-1.2999999523162842";"11124";"1773533180583"
"6015";"2026-03-14 21:06:30";"23.29";"61";"941.5";"3580";"0";"";"";"";"-112";"-1.2999999523162842";"11125";"1773533190588"
"6016";"2026-03-14 21:06:40";"23.29";"61.5";"941.54";"3580";"0";"";"";"";"-112";"-1.5";"11126";"1773533200594"
"6017";"2026-03-14 21:06:50";"23.29";"61.5";"941.5600000000001";"3580";"0";"";"";"";"-112";"-1.2999999523162842";"11127";"1773533210584"
"6018";"2026-03-14 21:07:00";"23.28";"61.5";"941.54";"3600";"0";"";"";"";"-112";"-1.2999999523162842";"11128";"1773533220595"
"6019";"2026-03-14 21:07:10";"23.28";"61.5";"941.5600000000001";"3580";"0";"";"";"";"-112";"-0.800000011920929";"11129";"1773533230588"
"6020";"2026-03-14 21:07:20";"23.28";"61";"941.52";"3580";"0";"";"";"";"-112";"-1.5";"11130";"1773533240587"
"6021";"2026-03-14 21:07:30";"23.28";"61";"941.52";"3600";"0";"";"";"";"-112";"-1.5";"11131";"1773533250554"
"6022";"2026-03-14 21:07:40";"23.28";"61.5";"941.5600000000001";"3580";"0";"";"";"";"-112";"-1.2999999523162842";"11132";"1773533260594"
"6023";"2026-03-14 21:07:50";"23.28";"61.5";"941.54";"3600";"0";"";"";"";"-112";"-1.2999999523162842";"11133";"1773533270588"
"6024";"2026-03-14 21:08:00";"23.27";"61";"941.5600000000001";"3600";"0";"";"";"";"-112";"-1";"11134";"1773533280592"
"6025";"2026-03-14 21:08:10";"23.27";"61.5";"941.5600000000001";"3580";"0";"";"";"";"-112";"-1.2999999523162842";"11135";"1773533290585"
"6026";"2026-03-14 21:08:20";"23.26";"61.5";"941.5600000000001";"3600";"0";"";"";"";"-112";"-1.2999999523162842";"11136";"1773533300593"
"6027";"2026-03-14 21:08:30";"23.26";"61.5";"941.54";"3600";"0";"";"";"";"-112";"-1.2999999523162842";"11137";"1773533310577"
"6028";"2026-03-14 21:08:40";"23.26";"61.5";"941.54";"3620";"0";"";"";"";"-112";"-1.5";"11138";"1773533320588"
"6029";"2026-03-14 21:08:50";"23.26";"61.5";"941.5600000000001";"3600";"0";"";"";"";"-112";"-0.800000011920929";"11139";"1773533330598"
"6030";"2026-03-14 21:09:00";"23.25";"61.5";"941.58";"3580";"0";"";"";"";"-112";"-1.5";"11140";"1773533340579"
"6031";"2026-03-14 21:09:10";"23.25";"61.5";"941.58";"3580";"0";"";"";"";"-112";"-1.5";"11141";"1773533350581"
"6032";"2026-03-14 21:09:20";"23.25";"61.5";"941.54";"3580";"0";"";"";"";"-112";"-1.5";"11142";"1773533360581"
"6033";"2026-03-14 21:09:30";"23.24";"61.5";"941.5600000000001";"3580";"0";"";"";"";"-112";"-1.5";"11143";"1773533370587"
"6034";"2026-03-14 21:09:40";"23.24";"61.5";"941.54";"3560";"0";"";"";"";"-112";"-1.7999999523162842";"11144";"1773533380590"
"6035";"2026-03-14 21:09:50";"23.23";"61";"941.54";"3580";"0";"";"";"";"-112";"-1.7999999523162842";"11145";"1773533390600"
"6036";"2026-03-14 21:10:00";"23.23";"61.5";"941.58";"3600";"0";"";"";"";"-112";"-1.5";"11146";"1773533400594"
"6037";"2026-03-14 21:10:10";"23.22";"61.5";"941.58";"3580";"0";"";"";"";"-112";"-1.5";"11147";"1773533410580"
"6038";"2026-03-14 21:10:20";"23.22";"61.5";"941.5600000000001";"3580";"0";"";"";"";"-112";"-1.2999999523162842";"11148";"1773533420584"
"6039";"2026-03-14 21:10:30";"23.21";"61.5";"941.6";"3600";"0";"";"";"";"-112";"-1";"11149";"1773533430586"
"6040";"2026-03-14 21:10:40";"23.21";"61.5";"941.58";"3580";"0";"";"";"";"-112";"-1.7999999523162842";"11150";"1773533440585"
"6041";"2026-03-14 21:10:50";"23.2";"61.5";"941.5600000000001";"3580";"0";"";"";"";"-112";"-1.7999999523162842";"11151";"1773533450593"
"6042";"2026-03-14 21:11:00";"23.2";"61.5";"941.5600000000001";"3580";"0";"";"";"";"-112";"-1.2999999523162842";"11152";"1773533460597"
"6043";"2026-03-14 21:11:10";"23.2";"61.5";"941.5600000000001";"3580";"0";"";"";"";"-112";"-1.5";"11153";"1773533470586"
"6044";"2026-03-14 21:11:20";"23.19";"61.5";"941.58";"3600";"0";"";"";"";"-112";"-1.5";"11154";"1773533480589"
"6045";"2026-03-14 21:11:30";"23.18";"61.5";"941.6";"3600";"0";"";"";"";"-112";"-1.5";"11155";"1773533490579"
"6046";"2026-03-14 21:11:40";"23.18";"61.5";"941.6";"3580";"0";"";"";"";"-112";"-1.5";"11156";"1773533500587"
"6047";"2026-03-14 21:11:50";"23.17";"61.5";"941.6";"3580";"0";"";"";"";"-112";"-1.2999999523162842";"11157";"1773533510564"
"6048";"2026-03-14 21:12:00";"23.17";"61.5";"941.62";"3600";"0";"";"";"";"-112";"-1";"11158";"1773533520583"
"6049";"2026-03-14 21:12:10";"23.16";"61.5";"941.6";"3560";"0";"";"";"";"-112";"-1.7999999523162842";"11159";"1773533530582"
"6050";"2026-03-14 21:12:20";"23.15";"61.5";"941.6";"3580";"0";"";"";"";"-112";"-1.7999999523162842";"11160";"1773533540580"
"6051";"2026-03-14 21:12:30";"23.15";"61.5";"941.62";"3600";"0";"";"";"";"-112";"-1.7999999523162842";"11161";"1773533550580"
"6052";"2026-03-14 21:12:40";"23.14";"61.5";"941.62";"3600";"0";"";"";"";"-112";"-1.7999999523162842";"11162";"1773533560587"
"6053";"2026-03-14 21:12:50";"23.13";"61.5";"941.62";"3560";"0";"";"";"";"-112";"-1.5";"11163";"1773533570604"
"6054";"2026-03-14 21:13:00";"23.13";"61.5";"941.62";"3600";"0";"";"";"";"-112";"-1.5";"11164";"1773533580592"
"6055";"2026-03-14 21:13:10";"23.12";"61.5";"941.62";"3600";"0";"";"";"";"-112";"-1.5";"11165";"1773533590581"
"6056";"2026-03-14 21:13:20";"23.11";"61.5";"941.64";"3580";"0";"";"";"";"-112";"-1.7999999523162842";"11166";"1773533600590"
"6057";"2026-03-14 21:13:30";"23.11";"61.5";"941.6";"3600";"0";"";"";"";"-112";"-1.5";"11167";"1773533610582"
"6058";"2026-03-14 21:13:40";"23.1";"61.5";"941.64";"3560";"0";"";"";"";"-112";"-1.2999999523162842";"11168";"1773533620584"
"6059";"2026-03-14 21:13:50";"23.09";"61.5";"941.6";"3600";"0";"";"";"";"-112";"-1.5";"11169";"1773533630600"
"6060";"2026-03-14 21:14:00";"23.09";"61.5";"941.62";"3600";"0";"";"";"";"-112";"-1.7999999523162842";"11170";"1773533640589"
"6061";"2026-03-14 21:14:10";"23.08";"61.5";"941.64";"3580";"0";"";"";"";"-112";"-1.5";"11171";"1773533650594"
"6062";"2026-03-14 21:14:20";"23.07";"61.5";"941.64";"3600";"0";"";"";"";"-112";"-1.7999999523162842";"11172";"1773533660583"
"6063";"2026-03-14 21:14:30";"23.07";"61.5";"941.64";"3600";"0";"";"";"";"-112";"-1.2999999523162842";"11173";"1773533670586"
"6064";"2026-03-14 21:14:40";"23.06";"61.5";"941.64";"3600";"0";"";"";"";"-112";"-1.7999999523162842";"11174";"1773533680583"
"6065";"2026-03-14 21:14:50";"23.06";"61.5";"941.66";"3620";"0";"";"";"";"-112";"-2.299999952316284";"11175";"1773533690604"
"6066";"2026-03-14 21:15:00";"23.05";"61.5";"941.6800000000001";"3580";"0";"";"";"";"-112";"-2";"11176";"1773533700589"
"6067";"2026-03-14 21:15:10";"23.05";"61.5";"941.6800000000001";"3600";"0";"";"";"";"-112";"-1.7999999523162842";"11177";"1773533710587"
"6068";"2026-03-14 21:15:20";"23.04";"61.5";"941.64";"3580";"0";"";"";"";"-112";"-1.5";"11178";"1773533720587"
"6069";"2026-03-14 21:15:30";"23.03";"61.5";"941.66";"3580";"0";"";"";"";"-112";"-2";"11179";"1773533730579"
"6070";"2026-03-14 21:15:40";"23.02";"61.5";"941.6800000000001";"3580";"0";"";"";"";"-112";"-1.5";"11180";"1773533740584"
"6071";"2026-03-14 21:15:50";"23.02";"61.5";"941.6800000000001";"3600";"0";"";"";"";"-112";"-2";"11181";"1773533750584"
"6072";"2026-03-14 21:16:00";"23.01";"61.5";"941.7";"3600";"0";"";"";"";"-112";"-1.5";"11182";"1773533760584"
"6073";"2026-03-14 21:16:10";"23.01";"61.5";"941.7";"3600";"0";"";"";"";"-112";"-1.7999999523162842";"11183";"1773533770590"
"6074";"2026-03-14 21:16:20";"23";"61.5";"941.6800000000001";"3580";"0";"";"";"";"-112";"-2.299999952316284";"11184";"1773533780596"
"6075";"2026-03-14 21:16:30";"23";"61.5";"941.72";"3560";"0";"";"";"";"-112";"-2";"11185";"1773533790579"
"6076";"2026-03-14 21:16:40";"22.99";"61.5";"941.72";"3580";"0";"";"";"";"-112";"-1.5";"11186";"1773533800586"
"6077";"2026-03-14 21:16:50";"22.98";"61.5";"941.74";"3600";"0";"";"";"";"-112";"-1.5";"11187";"1773533810586"
"6078";"2026-03-14 21:17:00";"22.98";"61.5";"941.72";"3580";"0";"";"";"";"-112";"-2";"11188";"1773533820591"
"6079";"2026-03-14 21:17:10";"22.97";"61.5";"941.76";"3560";"0";"";"";"";"-112";"-1.2999999523162842";"11189";"1773533830594"
"6080";"2026-03-14 21:17:20";"22.97";"61.5";"941.76";"3560";"0";"";"";"";"-112";"-2";"11190";"1773533840590"
"6081";"2026-03-14 21:17:30";"22.96";"61.5";"941.74";"3600";"0";"";"";"";"-112";"-2.799999952316284";"11191";"1773533850579"
"6082";"2026-03-14 21:17:40";"22.96";"61.5";"941.8000000000001";"3580";"0";"";"";"";"-112";"-1.7999999523162842";"11192";"1773533860587"
"6083";"2026-03-14 21:17:50";"22.95";"61.5";"941.78";"3600";"0";"";"";"";"-112";"-1.7999999523162842";"11193";"1773533870559"
"6084";"2026-03-14 21:18:00";"22.95";"62";"941.8000000000001";"3580";"0";"";"";"";"-112";"-1.7999999523162842";"11194";"1773533880585"
"6085";"2026-03-14 21:18:10";"22.94";"62";"941.76";"3600";"0";"";"";"";"-112";"-2.299999952316284";"11195";"1773533890583"
"6086";"2026-03-14 21:18:20";"22.94";"62";"941.76";"3600";"0";"";"";"";"-112";"-2";"11196";"1773533900606"
"6087";"2026-03-14 21:18:30";"22.93";"62";"941.78";"3580";"0";"";"";"";"-112";"-2";"11197";"1773533910583"
"6088";"2026-03-14 21:18:40";"22.93";"62";"941.8000000000001";"3560";"0";"";"";"";"-112";"-2.299999952316284";"11198";"1773533920588"
"6089";"2026-03-14 21:18:50";"22.92";"62";"941.8000000000001";"3560";"0";"";"";"";"-112";"-1.5";"11199";"1773533930580"
"6090";"2026-03-14 21:19:00";"22.91";"62";"941.84";"3600";"0";"";"";"";"-112";"-2";"11200";"1773533940572"
"6091";"2026-03-14 21:19:10";"22.91";"62";"941.82";"3600";"0";"";"";"";"-112";"-1.2999999523162842";"11201";"1773533950576"
"6092";"2026-03-14 21:19:20";"22.9";"62";"941.8000000000001";"3600";"0";"";"";"";"-112";"-1.5";"11202";"1773533960589"
"6093";"2026-03-14 21:19:30";"22.9";"62";"941.82";"3600";"0";"";"";"";"-112";"-1.5";"11203";"1773533970583"
"6094";"2026-03-14 21:19:40";"22.9";"62";"941.82";"3560";"0";"";"";"";"-111";"-0.30000001192092896";"11204";"1773533980582"
"6095";"2026-03-14 21:19:50";"22.89";"62";"941.8000000000001";"3580";"0";"";"";"";"-112";"-1.5";"11205";"1773533990559"
"6096";"2026-03-14 21:20:00";"22.88";"62";"941.82";"3580";"0";"";"";"";"-112";"-1";"11206";"1773534000585"
"6097";"2026-03-14 21:20:10";"22.88";"62";"941.8000000000001";"3580";"0";"";"";"";"-112";"-1.5";"11207";"1773534010585"
"6098";"2026-03-14 21:20:20";"22.87";"62";"941.82";"3580";"0";"";"";"";"-112";"-1.5";"11208";"1773534020580"
"6099";"2026-03-14 21:20:30";"22.87";"62";"941.82";"3580";"0";"";"";"";"-112";"-3";"11209";"1773534030576"
"6100";"2026-03-14 21:20:40";"22.86";"62";"941.82";"3560";"0";"";"";"";"-112";"-2";"11210";"1773534040553"
"6101";"2026-03-14 21:20:50";"22.86";"62";"941.82";"3600";"0";"";"";"";"-112";"-3";"11211";"1773534050582"
"6102";"2026-03-14 21:21:00";"22.85";"62";"941.84";"3580";"0";"";"";"";"-112";"-2.799999952316284";"11212";"1773534060591"
"6103";"2026-03-14 21:21:10";"22.85";"62";"941.82";"3600";"0";"";"";"";"-112";"-3.299999952316284";"11213";"1773534070583"
"6104";"2026-03-14 21:21:20";"22.84";"62";"941.84";"3560";"0";"";"";"";"-112";"-2";"11214";"1773534080580"
"6105";"2026-03-14 21:21:30";"22.83";"62";"941.84";"3560";"0";"";"";"";"-112";"-2";"11215";"1773534090587"
"6106";"2026-03-14 21:21:40";"22.83";"62";"941.86";"3580";"0";"";"";"";"-112";"-2.799999952316284";"11216";"1773534100577"
"6107";"2026-03-14 21:21:50";"22.82";"62";"941.82";"3580";"0";"";"";"";"-112";"-2.5";"11217";"1773534110583"
"6108";"2026-03-14 21:22:00";"22.81";"62";"941.84";"3600";"0";"";"";"";"-112";"-2.5";"11218";"1773534120589"
"6109";"2026-03-14 21:22:10";"22.81";"62";"941.82";"3560";"0";"";"";"";"-112";"-3.5";"11219";"1773534130591"
"6110";"2026-03-14 21:22:20";"22.81";"62";"941.82";"3600";"0";"";"";"";"-112";"-1.2999999523162842";"11220";"1773534140593"
"6111";"2026-03-14 21:22:30";"22.8";"62";"941.82";"3580";"0";"";"";"";"-112";"-1.5";"11221";"1773534150586"
"6112";"2026-03-14 21:22:40";"22.79";"62";"941.8000000000001";"3580";"0";"";"";"";"-112";"-2.299999952316284";"11222";"1773534160585"
"6113";"2026-03-14 21:22:50";"22.79";"62";"941.82";"3600";"0";"";"";"";"-112";"-2";"11223";"1773534170596"
"6114";"2026-03-14 21:23:00";"22.79";"62";"941.82";"3600";"0";"";"";"";"-112";"-1.7999999523162842";"11224";"1773534180589"
"6115";"2026-03-14 21:23:10";"22.78";"62";"941.8000000000001";"3580";"0";"";"";"";"-112";"-1.5";"11225";"1773534190590"
"6116";"2026-03-14 21:23:20";"22.77";"62";"941.82";"3580";"0";"";"";"";"-112";"-2";"11226";"1773534200588"
"6117";"2026-03-14 21:23:30";"22.77";"62";"941.84";"3560";"0";"";"";"";"-112";"-2.5";"11227";"1773534210594"
"6118";"2026-03-14 21:23:40";"22.77";"62";"941.78";"3580";"0";"";"";"";"-112";"-2.799999952316284";"11228";"1773534220581"
"6119";"2026-03-14 21:23:50";"22.77";"62";"941.86";"3560";"0";"";"";"";"-112";"-2";"11229";"1773534230594"
"6120";"2026-03-14 21:24:00";"22.76";"62";"941.86";"3580";"0";"";"";"";"-112";"-2";"11230";"1773534240581"
"6121";"2026-03-14 21:24:10";"22.75";"62";"941.84";"3600";"0";"";"";"";"-112";"-2.5";"11231";"1773534250577"
"6122";"2026-03-14 21:24:20";"22.75";"62";"941.86";"3580";"0";"";"";"";"-112";"-2.799999952316284";"11232";"1773534260582"
"6123";"2026-03-14 21:24:30";"22.75";"62";"941.84";"3580";"0";"";"";"";"-112";"-2.299999952316284";"11233";"1773534270581"
"6124";"2026-03-14 21:24:40";"22.74";"62";"941.88";"3560";"0";"";"";"";"-112";"-1.5";"11234";"1773534280590"
"6125";"2026-03-14 21:24:50";"22.73";"62";"941.86";"3580";"0";"";"";"";"-112";"-1.7999999523162842";"11235";"1773534290597"
"6126";"2026-03-14 21:25:00";"22.73";"62";"941.9200000000001";"3580";"0";"";"";"";"-112";"-1.5";"11236";"1773534300585"
"6127";"2026-03-14 21:25:10";"22.72";"62";"941.9200000000001";"3560";"0";"";"";"";"-112";"-1.2999999523162842";"11237";"1773534310592"
"6128";"2026-03-14 21:25:20";"22.72";"62";"941.9200000000001";"3600";"0";"";"";"";"-112";"-1.7999999523162842";"11238";"1773534320586"
"6129";"2026-03-14 21:25:30";"22.71";"62";"941.94";"3560";"0";"";"";"";"-112";"-1.7999999523162842";"11239";"1773534330579"
"6130";"2026-03-14 21:25:40";"22.71";"62";"941.94";"3580";"0";"";"";"";"-112";"-1.5";"11240";"1773534340586"
"6131";"2026-03-14 21:25:50";"22.7";"62";"941.94";"3580";"0";"";"";"";"-112";"-1.5";"11241";"1773534350594"
"6132";"2026-03-14 21:26:00";"22.7";"62";"941.9200000000001";"3580";"0";"";"";"";"-112";"-1.7999999523162842";"11242";"1773534360588"
"6133";"2026-03-14 21:26:10";"22.7";"62";"941.94";"3600";"0";"";"";"";"-112";"-1.7999999523162842";"11243";"1773534370592"
"6134";"2026-03-14 21:26:20";"22.69";"62";"941.96";"3580";"0";"";"";"";"-112";"-1.5";"11244";"1773534380698"
"6135";"2026-03-14 21:26:30";"22.69";"62";"941.96";"3580";"0";"";"";"";"-112";"-1.5";"11245";"1773534390594"
"6136";"2026-03-14 21:26:40";"22.69";"62";"941.98";"3600";"0";"";"";"";"-112";"-1.2999999523162842";"11246";"1773534400588"
"6137";"2026-03-14 21:26:50";"22.69";"62";"941.96";"3580";"0";"";"";"";"-112";"-1";"11247";"1773534410578"
"6138";"2026-03-14 21:27:00";"22.68";"62";"942";"3600";"0";"";"";"";"-112";"-1.5";"11248";"1773534420593"
"6139";"2026-03-14 21:27:10";"22.68";"62";"941.96";"3580";"0";"";"";"";"-112";"-1";"11249";"1773534430589"
"6140";"2026-03-14 21:27:20";"22.68";"62";"942";"3580";"0";"";"";"";"-112";"-1.2999999523162842";"11250";"1773534440584"
"6141";"2026-03-14 21:27:30";"22.68";"62";"941.98";"3580";"0";"";"";"";"-112";"-1.2999999523162842";"11251";"1773534450585"
"6142";"2026-03-14 21:27:40";"22.68";"62";"942";"3580";"0";"";"";"";"-112";"-1.5";"11252";"1773534460581"
"6143";"2026-03-14 21:27:50";"22.67";"62";"941.98";"3600";"0";"";"";"";"-112";"-1.5";"11253";"1773534470597"
"6144";"2026-03-14 21:28:00";"22.66";"62";"942";"3600";"0";"";"";"";"-112";"-1.2999999523162842";"11254";"1773534480584"
"6145";"2026-03-14 21:28:10";"22.67";"62";"942";"3580";"0";"";"";"";"-112";"-1";"11255";"1773534490585"
"6146";"2026-03-14 21:28:20";"22.66";"62";"942";"3560";"0";"";"";"";"-112";"-2";"11256";"1773534500578"
"6147";"2026-03-14 21:28:30";"22.66";"62";"942";"3580";"0";"";"";"";"-112";"-2";"11257";"1773534510578"
"6148";"2026-03-14 21:28:40";"22.66";"62";"942.02";"3580";"0";"";"";"";"-112";"-1.2999999523162842";"11258";"1773534520585"
"6149";"2026-03-14 21:28:50";"22.66";"62";"942.02";"3600";"0";"";"";"";"-112";"-1.5";"11259";"1773534530586"
"6150";"2026-03-14 21:29:00";"22.66";"62";"942.02";"3600";"0";"";"";"";"-112";"-1.5";"11260";"1773534540620"
"6151";"2026-03-14 21:29:10";"22.65";"62";"942.04";"3580";"0";"";"";"";"-112";"-1.7999999523162842";"11261";"1773534550584"
"6152";"2026-03-14 21:29:20";"22.65";"62";"942";"3580";"0";"";"";"";"-112";"-1.5";"11262";"1773534560589"
"6153";"2026-03-14 21:29:30";"22.65";"62";"942.04";"3580";"0";"";"";"";"-112";"-1";"11263";"1773534570576"
"6154";"2026-03-14 21:29:40";"22.65";"62";"942.02";"3600";"0";"";"";"";"-112";"-0.800000011920929";"11264";"1773534580582"
"6155";"2026-03-14 21:29:50";"22.65";"62";"942.02";"3600";"0";"";"";"";"-112";"-1.2999999523162842";"11265";"1773534590585"
"6156";"2026-03-14 21:30:00";"22.65";"62";"942.04";"3600";"0";"";"";"";"-112";"-1.2999999523162842";"11266";"1773534600589"
"6157";"2026-03-14 21:30:10";"22.64";"62";"942.0600000000001";"3580";"0";"";"";"";"-112";"-1.5";"11267";"1773534610585"
"6158";"2026-03-14 21:30:20";"22.64";"62";"942.0600000000001";"3600";"0";"";"";"";"-112";"-1.5";"11268";"1773534620583"
"6159";"2026-03-14 21:30:30";"22.65";"62";"942.0600000000001";"3580";"0";"";"";"";"-112";"-1.7999999523162842";"11269";"1773534630578"
"6160";"2026-03-14 21:30:40";"22.64";"62";"942.04";"3560";"0";"";"";"";"-112";"-1.5";"11270";"1773534640590"
"6161";"2026-03-14 21:30:50";"22.64";"62";"942.0600000000001";"3560";"0";"";"";"";"-112";"-1.7999999523162842";"11271";"1773534650595"
"6162";"2026-03-14 21:31:00";"22.64";"62";"942.08";"3600";"0";"";"";"";"-112";"-2";"11272";"1773534660586"
"6163";"2026-03-14 21:31:10";"22.64";"62";"942.08";"3600";"0";"";"";"";"-112";"-1.7999999523162842";"11273";"1773534670590"
"6164";"2026-03-14 21:31:20";"22.64";"62";"942.0600000000001";"3580";"0";"";"";"";"-112";"-2.299999952316284";"11274";"1773534680588"
"6165";"2026-03-14 21:31:30";"22.64";"62";"942.0600000000001";"3580";"0";"";"";"";"-112";"-1.7999999523162842";"11275";"1773534690574"
"6166";"2026-03-14 21:31:40";"22.64";"62";"942.08";"3600";"0";"";"";"";"-112";"-2";"11276";"1773534700560"
"6167";"2026-03-14 21:31:50";"22.64";"62";"942.0600000000001";"3600";"0";"";"";"";"-112";"-1";"11277";"1773534710597"
"6168";"2026-03-14 21:32:00";"22.63";"62";"942.04";"3560";"0";"";"";"";"-112";"-1.5";"11278";"1773534720580"
"6169";"2026-03-14 21:32:10";"22.63";"62";"942.0600000000001";"3580";"0";"";"";"";"-112";"-1";"11279";"1773534730588"
"6170";"2026-03-14 21:32:20";"22.64";"62";"942.08";"3580";"0";"";"";"";"-112";"-2";"11280";"1773534740571"
"6171";"2026-03-14 21:32:30";"22.64";"62";"942.1";"3600";"0";"";"";"";"-112";"-2.299999952316284";"11281";"1773534750585"
"6172";"2026-03-14 21:32:40";"22.63";"62";"942.0600000000001";"3560";"0";"";"";"";"-112";"-2.799999952316284";"11282";"1773534760588"
"6173";"2026-03-14 21:32:50";"22.64";"62";"942.08";"3580";"0";"";"";"";"-112";"-1.7999999523162842";"11283";"1773534770581"
"6174";"2026-03-14 21:33:00";"22.64";"62";"942.08";"3600";"0";"";"";"";"-112";"-2";"11284";"1773534780587"
"6175";"2026-03-14 21:33:10";"22.64";"62";"942.08";"3580";"0";"";"";"";"-112";"-2.299999952316284";"11285";"1773534790589"
"6176";"2026-03-14 21:33:20";"22.64";"62";"942.1";"3580";"0";"";"";"";"-112";"-2.299999952316284";"11286";"1773534800580"
"6177";"2026-03-14 21:33:30";"22.64";"62";"942.08";"3560";"0";"";"";"";"-112";"-1.5";"11287";"1773534810552"
"6178";"2026-03-14 21:33:40";"22.64";"62";"942.0600000000001";"3600";"0";"";"";"";"-112";"-1.7999999523162842";"11288";"1773534820587"
"6179";"2026-03-14 21:33:50";"22.64";"62";"942.1";"3580";"0";"";"";"";"-112";"-1.5";"11289";"1773534830599"
"6180";"2026-03-14 21:34:00";"22.64";"62";"942.1";"3600";"0";"";"";"";"-112";"-0.800000011920929";"11290";"1773534840592"
"6181";"2026-03-14 21:34:10";"22.64";"62";"942.1";"3600";"0";"";"";"";"-112";"-1.5";"11291";"1773534850577"
"6182";"2026-03-14 21:34:20";"22.64";"62";"942.12";"3560";"0";"";"";"";"-112";"-1.2999999523162842";"11292";"1773534860582"
"6183";"2026-03-14 21:34:30";"22.64";"62";"942.12";"3560";"0";"";"";"";"-112";"-1.5";"11293";"1773534870576"
"6184";"2026-03-14 21:34:40";"22.64";"62";"942.08";"3580";"0";"";"";"";"-112";"-2.5";"11294";"1773534880628"
"6185";"2026-03-14 21:34:50";"22.64";"62";"942.1";"3600";"0";"";"";"";"-112";"-0.800000011920929";"11295";"1773534890582"
"6186";"2026-03-14 21:35:00";"22.63";"62";"942.12";"3600";"0";"";"";"";"-113";"-2";"11296";"1773534900592"
"6187";"2026-03-14 21:35:10";"22.64";"62";"942.1";"3580";"0";"";"";"";"-112";"-1";"11297";"1773534910589"
"6188";"2026-03-14 21:35:20";"22.64";"62";"942.1";"3600";"0";"";"";"";"-112";"-1";"11298";"1773534920589"
"6189";"2026-03-14 21:35:30";"22.64";"62";"942.12";"3600";"0";"";"";"";"-112";"-1.2999999523162842";"11299";"1773534930590"
"6190";"2026-03-14 21:35:40";"22.64";"62";"942.12";"3580";"0";"";"";"";"-112";"-2.299999952316284";"11300";"1773534940593"
"6191";"2026-03-14 21:35:50";"22.64";"62";"942.12";"3560";"0";"";"";"";"-112";"-2.299999952316284";"11301";"1773534950585"
"6192";"2026-03-14 21:36:00";"22.64";"62";"942.14";"3600";"0";"";"";"";"-112";"-1.5";"11302";"1773534960590"
"6193";"2026-03-14 21:36:10";"22.65";"62";"942.1";"3560";"0";"";"";"";"-112";"-1.7999999523162842";"11303";"1773534970590"
"6194";"2026-03-14 21:36:20";"";"";"";"";"";"";"";"";"-112";"-1.5";"11304";"1773534980260"
"6195";"2026-03-14 21:36:20";"22.65";"62";"942.12";"3600";"0";"";"";"";"-112";"-1.7999999523162842";"11304";"1773534980543"
"6196";"2026-03-14 21:36:30";"22.65";"62";"942.08";"3600";"0";"";"";"";"-112";"-2.299999952316284";"11305";"1773534990573"
"6197";"2026-03-14 21:36:40";"22.65";"62";"942.1";"3580";"0";"";"";"";"-112";"-1.5";"11306";"1773535000573"
"6198";"2026-03-14 21:36:50";"22.65";"62";"942.08";"3600";"0";"";"";"";"-112";"-1";"11307";"1773535010585"
"6199";"2026-03-14 21:37:00";"22.65";"62";"942.12";"3600";"0";"";"";"";"-112";"-1.7999999523162842";"11308";"1773535020608"
"6200";"2026-03-14 21:37:10";"22.65";"62";"942.12";"3580";"0";"";"";"";"-112";"-1.5";"11309";"1773535030575"
"6201";"2026-03-14 21:37:20";"22.65";"62";"942.12";"3560";"0";"";"";"";"-112";"-2.5";"11310";"1773535040580"
"6202";"2026-03-14 21:37:30";"22.65";"62";"942.08";"3560";"0";"";"";"";"-112";"-1.7999999523162842";"11311";"1773535050574"
"6203";"2026-03-14 21:37:40";"22.65";"62";"942.12";"3600";"0";"";"";"";"-112";"-2";"11312";"1773535060580"
"6204";"2026-03-14 21:37:50";"22.66";"62";"942.1";"3580";"0";"";"";"";"-112";"-2";"11313";"1773535070590"
"6205";"2026-03-14 21:38:00";"22.66";"62";"942.08";"3600";"0";"";"";"";"-112";"-1";"11314";"1773535080584"
"6206";"2026-03-14 21:38:10";"22.66";"62";"942.12";"3580";"0";"";"";"";"-112";"-2";"11315";"1773535090592"
"6207";"2026-03-14 21:38:20";"22.66";"62";"942.1";"3600";"0";"";"";"";"-112";"-2";"11316";"1773535100617"
"6208";"2026-03-14 21:38:30";"22.66";"62";"942.12";"3600";"0";"";"";"";"-112";"-2.299999952316284";"11317";"1773535110586"
"6209";"2026-03-14 21:38:40";"22.67";"62";"942.08";"3580";"0";"";"";"";"-112";"-1.5";"11318";"1773535120578"
"6210";"2026-03-14 21:38:50";"22.66";"62";"942.08";"3600";"0";"";"";"";"-112";"-2";"11319";"1773535130593"
"6211";"2026-03-14 21:39:00";"22.67";"62";"942.12";"3580";"0";"";"";"";"-112";"-1.7999999523162842";"11320";"1773535140542"
"6212";"2026-03-14 21:39:10";"22.67";"62";"942.1";"3600";"0";"";"";"";"-112";"-0.800000011920929";"11321";"1773535150581"
"6213";"2026-03-14 21:39:20";"22.67";"62";"942.1";"3580";"0";"";"";"";"-112";"-1";"11322";"1773535160576"
"6214";"2026-03-14 21:39:30";"22.67";"62";"942.12";"3600";"0";"";"";"";"-111";"-0.800000011920929";"11323";"1773535170577"
"6215";"2026-03-14 21:39:40";"22.68";"62";"942.12";"3600";"0";"";"";"";"-112";"-2";"11324";"1773535180586"
"6216";"2026-03-14 21:39:50";"22.67";"62";"942.08";"3560";"0";"";"";"";"-111";"-1";"11325";"1773535190601"
"6217";"2026-03-14 21:40:00";"22.68";"62";"942.1";"3580";"0";"";"";"";"-112";"-1.5";"11326";"1773535200568"
"6218";"2026-03-14 21:40:10";"22.67";"62";"942.08";"3600";"0";"";"";"";"-112";"-2";"11327";"1773535210590"
"6219";"2026-03-14 21:40:20";"22.68";"62";"942.12";"3600";"0";"";"";"";"-112";"-1.5";"11328";"1773535220579"
"6220";"2026-03-14 21:40:30";"22.68";"62";"942.12";"3560";"0";"";"";"";"-112";"-1.7999999523162842";"11329";"1773535230579"
"6221";"2026-03-14 21:40:40";"22.68";"62";"942.12";"3560";"0";"";"";"";"-112";"-1.5";"11330";"1773535240582"
"6222";"2026-03-14 21:40:50";"22.68";"62";"942.1";"3580";"0";"";"";"";"-112";"-2";"11331";"1773535250584"
"6223";"2026-03-14 21:41:00";"22.68";"62";"942.12";"3560";"0";"";"";"";"-112";"-1.2999999523162842";"11332";"1773535260584"
"6224";"2026-03-14 21:41:10";"22.68";"62";"942.08";"3580";"0";"";"";"";"-112";"-1.5";"11333";"1773535270588"
"6225";"2026-03-14 21:41:20";"22.69";"62";"942.14";"3600";"0";"";"";"";"-112";"-1.2999999523162842";"11334";"1773535280584"
"6226";"2026-03-14 21:41:30";"22.69";"62";"942.12";"3600";"0";"";"";"";"-112";"-1.2999999523162842";"11335";"1773535290586"
"6227";"2026-03-14 21:41:40";"22.69";"62";"942.1";"3600";"0";"";"";"";"-112";"-1.2999999523162842";"11336";"1773535300586"
"6228";"2026-03-14 21:41:50";"22.69";"62";"942.08";"3580";"0";"";"";"";"-112";"-0.800000011920929";"11337";"1773535310553"
"6229";"2026-03-14 21:42:00";"22.69";"62";"942.1";"3580";"0";"";"";"";"-113";"-2.799999952316284";"11338";"1773535320590"
"6230";"2026-03-14 21:42:10";"22.7";"62";"942.1";"3580";"0";"";"";"";"-112";"-1.2999999523162842";"11339";"1773535330583"
"6231";"2026-03-14 21:42:20";"22.69";"62";"942.12";"3580";"0";"";"";"";"-112";"-0.800000011920929";"11340";"1773535340580"
"6232";"2026-03-14 21:42:30";"22.7";"62";"942.12";"3600";"0";"";"";"";"-112";"-1.2999999523162842";"11341";"1773535350584"
"6233";"2026-03-14 21:42:40";"22.7";"62";"942.14";"3600";"0";"";"";"";"-112";"-1.5";"11342";"1773535360587"
"6234";"2026-03-14 21:42:50";"22.7";"62";"942.14";"3600";"0";"";"";"";"-112";"-1.5";"11343";"1773535370598"
"6235";"2026-03-14 21:43:00";"22.7";"62";"942.14";"3600";"0";"";"";"";"-112";"-0.800000011920929";"11344";"1773535380582"
"6236";"2026-03-14 21:43:10";"22.71";"62";"942.14";"3580";"0";"";"";"";"-112";"-1.5";"11345";"1773535390583"
"6237";"2026-03-14 21:43:20";"22.71";"62";"942.1800000000001";"3600";"0";"";"";"";"-112";"-1.2999999523162842";"11346";"1773535400578"
"6238";"2026-03-14 21:43:30";"22.71";"62";"942.12";"3600";"0";"";"";"";"-112";"-1.7999999523162842";"11347";"1773535410572"
"6239";"2026-03-14 21:43:40";"22.71";"62";"942.16";"3600";"0";"";"";"";"-112";"-1.7999999523162842";"11348";"1773535420583"
"6240";"2026-03-14 21:43:50";"22.71";"62";"942.14";"3580";"0";"";"";"";"-112";"-2";"11349";"1773535430580"
"6241";"2026-03-14 21:44:00";"22.71";"62";"942.16";"3580";"0";"";"";"";"-112";"-2.299999952316284";"11350";"1773535440580"
"6242";"2026-03-14 21:44:10";"22.72";"62";"942.1800000000001";"3580";"0";"";"";"";"-112";"-2";"11351";"1773535450574"
"6243";"2026-03-14 21:44:20";"22.71";"62";"942.14";"3560";"0";"";"";"";"-112";"-1.7999999523162842";"11352";"1773535460583"
"6244";"2026-03-14 21:44:30";"22.72";"62";"942.1800000000001";"3580";"0";"";"";"";"-112";"-1";"11353";"1773535470579"
"6245";"2026-03-14 21:44:40";"22.72";"62";"942.16";"3560";"0";"";"";"";"-112";"-1.5";"11354";"1773535480581"
"6246";"2026-03-14 21:44:50";"22.73";"62";"942.1800000000001";"3580";"0";"";"";"";"-111";"-0.5";"11355";"1773535490578"
"6247";"2026-03-14 21:45:00";"22.73";"62";"942.16";"3560";"0";"";"";"";"-112";"-2";"11356";"1773535500585"
"6248";"2026-03-14 21:45:10";"22.73";"62";"942.14";"3600";"0";"";"";"";"-112";"-1.5";"11357";"1773535510578"
"6249";"2026-03-14 21:45:20";"22.73";"62";"942.16";"3580";"0";"";"";"";"-112";"-1.7999999523162842";"11358";"1773535520584"
"6250";"2026-03-14 21:45:30";"22.73";"62";"942.16";"3600";"0";"";"";"";"-112";"-2";"11359";"1773535530583"
"6251";"2026-03-14 21:45:40";"22.74";"62";"942.16";"3600";"0";"";"";"";"-112";"-1.7999999523162842";"11360";"1773535540587"
"6252";"2026-03-14 21:45:50";"22.74";"62";"942.14";"3600";"0";"";"";"";"-112";"-2";"11361";"1773535550589"
"6253";"2026-03-14 21:46:00";"22.74";"62";"942.16";"3560";"0";"";"";"";"-112";"-2.5";"11362";"1773535560583"
"6254";"2026-03-14 21:46:10";"22.74";"62";"942.16";"3560";"0";"";"";"";"-112";"-2.299999952316284";"11363";"1773535570572"
"6255";"2026-03-14 21:46:20";"22.74";"62";"942.14";"3580";"0";"";"";"";"-112";"-1.2999999523162842";"11364";"1773535580583"
"6256";"2026-03-14 21:46:30";"22.75";"62";"942.14";"3580";"0";"";"";"";"-112";"-1.5";"11365";"1773535590591"
"6257";"2026-03-14 21:46:40";"22.75";"62";"942.12";"3580";"0";"";"";"";"-112";"-1.2999999523162842";"11366";"1773535600576"
"6258";"2026-03-14 21:46:50";"22.75";"62";"942.14";"3580";"0";"";"";"";"-112";"-1.2999999523162842";"11367";"1773535610592"
"6259";"2026-03-14 21:47:00";"22.76";"62";"942.14";"3560";"0";"";"";"";"-112";"-0.800000011920929";"11368";"1773535620583"
"6260";"2026-03-14 21:47:10";"22.76";"62";"942.14";"3600";"0";"";"";"";"-112";"-2.299999952316284";"11369";"1773535630577"
"6261";"2026-03-14 21:47:20";"22.75";"62";"942.16";"3600";"0";"";"";"";"-112";"-1.2999999523162842";"11370";"1773535640559"
"6262";"2026-03-14 21:47:30";"22.76";"62";"942.14";"3600";"0";"";"";"";"-112";"-1.7999999523162842";"11371";"1773535650578"
"6263";"2026-03-14 21:47:40";"22.76";"62";"942.16";"3580";"0";"";"";"";"-112";"-1.2999999523162842";"11372";"1773535660580"
"6264";"2026-03-14 21:47:50";"22.76";"62";"942.14";"3600";"0";"";"";"";"-112";"-1.7999999523162842";"11373";"1773535670595"
"6265";"2026-03-14 21:48:00";"22.76";"62";"942.12";"3560";"0";"";"";"";"-112";"-1.5";"11374";"1773535680586"
"6266";"2026-03-14 21:48:10";"22.76";"62";"942.1800000000001";"3600";"0";"";"";"";"-112";"-2";"11375";"1773535690576"
"6267";"2026-03-14 21:48:20";"22.77";"62";"942.14";"3560";"0";"";"";"";"-112";"-1.7999999523162842";"11376";"1773535700621"
"6268";"2026-03-14 21:48:30";"22.77";"62";"942.14";"3560";"0";"";"";"";"-112";"-1";"11377";"1773535710578"
"6269";"2026-03-14 21:48:40";"22.77";"62";"942.14";"3580";"0";"";"";"";"-112";"-1.7999999523162842";"11378";"1773535720587"
"6270";"2026-03-14 21:48:50";"22.77";"62";"942.12";"3600";"0";"";"";"";"-112";"-1.7999999523162842";"11379";"1773535730582"
"6271";"2026-03-14 21:49:00";"22.77";"62";"942.14";"3580";"0";"";"";"";"-112";"-1.5";"11380";"1773535740576"
"6272";"2026-03-14 21:49:10";"22.77";"62";"942.12";"3560";"0";"";"";"";"-112";"-2";"11381";"1773535750577"
"6273";"2026-03-14 21:49:20";"22.78";"62";"942.14";"3600";"0";"";"";"";"-112";"-1.2999999523162842";"11382";"1773535760581"
"6274";"2026-03-14 21:49:30";"22.78";"61.5";"942.14";"3580";"0";"";"";"";"-112";"-1.5";"11383";"1773535770565"
"6275";"2026-03-14 21:49:40";"22.78";"62";"942.14";"3600";"0";"";"";"";"-112";"-2";"11384";"1773535780592"
"6276";"2026-03-14 21:49:50";"22.78";"62";"942.1800000000001";"3560";"0";"";"";"";"-112";"-1.7999999523162842";"11385";"1773535790576"
"6277";"2026-03-14 21:50:00";"22.78";"61.5";"942.14";"3580";"0";"";"";"";"-112";"-1.2999999523162842";"11386";"1773535800585"
"6278";"2026-03-14 21:50:10";"22.78";"62";"942.14";"3580";"0";"";"";"";"-112";"-2";"11387";"1773535810550"
"6279";"2026-03-14 21:50:20";"22.78";"61.5";"942.16";"3560";"0";"";"";"";"-112";"-0.5";"11388";"1773535820586"
"6280";"2026-03-14 21:50:30";"22.79";"62";"942.16";"3600";"0";"";"";"";"-112";"-1.5";"11389";"1773535830610"
"6281";"2026-03-14 21:50:40";"22.79";"62";"942.16";"3560";"0";"";"";"";"-111";"-0.800000011920929";"11390";"1773535840588"
"6282";"2026-03-14 21:50:50";"22.79";"62";"942.14";"3560";"0";"";"";"";"-112";"-1";"11391";"1773535850579"
"6283";"2026-03-14 21:51:00";"22.79";"61.5";"942.1800000000001";"3560";"0";"";"";"";"-112";"-1.5";"11392";"1773535860582"
"6284";"2026-03-14 21:51:10";"22.79";"61.5";"942.16";"3560";"0";"";"";"";"-112";"-2";"11393";"1773535870579"
"6285";"2026-03-14 21:51:20";"22.79";"61.5";"942.1800000000001";"3560";"0";"";"";"";"-112";"-1.2999999523162842";"11394";"1773535880580"
"6286";"2026-03-14 21:51:30";"22.8";"61.5";"942.1800000000001";"3600";"0";"";"";"";"-112";"-2.299999952316284";"11395";"1773535890573"
"6287";"2026-03-14 21:51:40";"22.79";"61.5";"942.16";"3560";"0";"";"";"";"-112";"-2";"11396";"1773535900574"
"6288";"2026-03-14 21:51:50";"22.8";"61.5";"942.16";"3580";"0";"";"";"";"-112";"-0.800000011920929";"11397";"1773535910551"
"6289";"2026-03-14 21:52:00";"22.8";"61.5";"942.2";"3580";"0";"";"";"";"-112";"-1.2999999523162842";"11398";"1773535920585"
"6290";"2026-03-14 21:52:10";"22.8";"61.5";"942.1800000000001";"3580";"0";"";"";"";"-112";"-1.2999999523162842";"11399";"1773535930585"
"6291";"2026-03-14 21:52:20";"22.8";"61.5";"942.16";"3600";"0";"";"";"";"-111";"-0.800000011920929";"11400";"1773535940605"
"6292";"2026-03-14 21:52:30";"22.8";"61.5";"942.1800000000001";"3560";"0";"";"";"";"-112";"-2";"11401";"1773535950572"
"6293";"2026-03-14 21:52:40";"22.8";"61.5";"942.2";"3580";"0";"";"";"";"-112";"-0.800000011920929";"11402";"1773535960576"
"6294";"2026-03-14 21:52:50";"22.81";"61.5";"942.2";"3560";"0";"";"";"";"-112";"-1.7999999523162842";"11403";"1773535970591"
"6295";"2026-03-14 21:53:00";"22.81";"61.5";"942.1800000000001";"3580";"0";"";"";"";"-112";"-1.2999999523162842";"11404";"1773535980576"
"6296";"2026-03-14 21:53:10";"22.81";"61.5";"942.2";"3600";"0";"";"";"";"-112";"-2.799999952316284";"11405";"1773535990582"
"6297";"2026-03-14 21:53:20";"22.81";"61.5";"942.1800000000001";"3580";"0";"";"";"";"-111";"-0.5";"11406";"1773536000583"
"6298";"2026-03-14 21:53:30";"22.81";"61.5";"942.2";"3600";"0";"";"";"";"-112";"-1.2999999523162842";"11407";"1773536010582"
"6299";"2026-03-14 21:53:40";"22.82";"61.5";"942.2";"3580";"0";"";"";"";"-112";"-1.5";"11408";"1773536020585"
"6300";"2026-03-14 21:53:50";"22.82";"61.5";"942.22";"3580";"0";"";"";"";"-112";"-1.2999999523162842";"11409";"1773536030584"
"6301";"2026-03-14 21:54:00";"22.81";"61.5";"942.1800000000001";"3560";"0";"";"";"";"-112";"-1";"11410";"1773536040572"
"6302";"2026-03-14 21:54:10";"22.82";"61.5";"942.24";"3600";"0";"";"";"";"-112";"-1.7999999523162842";"11411";"1773536050581"
"6303";"2026-03-14 21:54:20";"22.81";"61.5";"942.22";"3580";"0";"";"";"";"-112";"-1.5";"11412";"1773536060576"
"6304";"2026-03-14 21:54:30";"22.82";"61.5";"942.22";"3580";"0";"";"";"";"-112";"-2";"11413";"1773536070535"
"6305";"2026-03-14 21:54:40";"22.82";"61.5";"942.2";"3580";"0";"";"";"";"-112";"-1.5";"11414";"1773536080573"
"6306";"2026-03-14 21:54:50";"22.82";"61.5";"942.24";"3580";"0";"";"";"";"-112";"-1.5";"11415";"1773536090556"
"6307";"2026-03-14 21:55:00";"22.82";"61.5";"942.24";"3560";"0";"";"";"";"-111";"-0.5";"11416";"1773536100582"
"6308";"2026-03-14 21:55:10";"22.82";"61.5";"942.22";"3600";"0";"";"";"";"-112";"-1.5";"11417";"1773536110579"
"6309";"2026-03-14 21:55:20";"22.82";"61.5";"942.22";"3580";"0";"";"";"";"-112";"-1.7999999523162842";"11418";"1773536120568"
"6310";"2026-03-14 21:55:30";"22.82";"61.5";"942.24";"3600";"0";"";"";"";"-112";"-1";"11419";"1773536130572"
"6311";"2026-03-14 21:55:40";"22.83";"61.5";"942.22";"3580";"0";"";"";"";"-113";"-3";"11420";"1773536140571"
"6312";"2026-03-14 21:55:50";"22.83";"61.5";"942.24";"3560";"0";"";"";"";"-111";"0";"11421";"1773536150587"
"6313";"2026-03-14 21:56:00";"22.83";"61.5";"942.22";"3600";"0";"";"";"";"-112";"-1";"11422";"1773536160578"
"6314";"2026-03-14 21:56:10";"22.83";"61.5";"942.22";"3560";"0";"";"";"";"-111";"-0.5";"11423";"1773536170604"
"6315";"2026-03-14 21:56:20";"22.83";"61.5";"942.26";"3580";"0";"";"";"";"-112";"-2";"11424";"1773536180573"
"6316";"2026-03-14 21:56:30";"22.83";"61.5";"942.22";"3600";"0";"";"";"";"-112";"-0.800000011920929";"11425";"1773536190574"
"6317";"2026-03-14 21:56:40";"22.84";"61.5";"942.22";"3560";"0";"";"";"";"-111";"-0.30000001192092896";"11426";"1773536200580"
"6318";"2026-03-14 21:56:50";"22.84";"61.5";"942.22";"3560";"0";"";"";"";"-112";"-1.2999999523162842";"11427";"1773536210581"
"6319";"2026-03-14 21:57:00";"22.84";"61.5";"942.22";"3600";"0";"";"";"";"-112";"-0.800000011920929";"11428";"1773536220722"
"6320";"2026-03-14 21:57:10";"22.84";"61.5";"942.26";"3560";"0";"";"";"";"-112";"-1.2999999523162842";"11429";"1773536230586"
"6321";"2026-03-14 21:57:20";"22.84";"61.5";"942.24";"3580";"0";"";"";"";"-111";"-0.30000001192092896";"11430";"1773536240581"
"6322";"2026-03-14 21:57:30";"22.84";"61.5";"942.22";"3580";"0";"";"";"";"-112";"-0.30000001192092896";"11431";"1773536250574"
"6323";"2026-03-14 21:57:40";"22.84";"61.5";"942.22";"3600";"0";"";"";"";"-112";"-0.800000011920929";"11432";"1773536260533"
"6324";"2026-03-14 21:57:50";"22.84";"61.5";"942.24";"3560";"0";"";"";"";"-112";"-1.7999999523162842";"11433";"1773536270587"
"6325";"2026-03-14 21:58:00";"22.85";"61.5";"942.22";"3580";"0";"";"";"";"-112";"-2.5";"11434";"1773536280576"
"6326";"2026-03-14 21:58:10";"22.85";"61.5";"942.22";"3600";"0";"";"";"";"-112";"-1";"11435";"1773536290580"
"6327";"2026-03-14 21:58:20";"22.85";"61.5";"942.22";"3600";"0";"";"";"";"-111";"-0.30000001192092896";"11436";"1773536300580"
"6328";"2026-03-14 21:58:30";"22.85";"61.5";"942.2";"3600";"0";"";"";"";"-111";"-0.30000001192092896";"11437";"1773536310574"
"6329";"2026-03-14 21:58:40";"22.85";"61.5";"942.2";"3580";"0";"";"";"";"-112";"-1";"11438";"1773536320578"
"6330";"2026-03-14 21:58:50";"22.85";"61.5";"942.2";"3580";"0";"";"";"";"-112";"-1";"11439";"1773536330585"
"6331";"2026-03-14 21:59:00";"22.85";"61.5";"942.22";"3600";"0";"";"";"";"-112";"-1.7999999523162842";"11440";"1773536340551"
"6332";"2026-03-14 21:59:10";"22.85";"61.5";"942.24";"3580";"0";"";"";"";"-112";"-2.299999952316284";"11441";"1773536350572"
"6333";"2026-03-14 21:59:20";"22.85";"61.5";"942.26";"3580";"0";"";"";"";"-112";"-0.800000011920929";"11442";"1773536360581"
"6334";"2026-03-14 21:59:30";"22.85";"61.5";"942.26";"3560";"0";"";"";"";"-112";"-0.800000011920929";"11443";"1773536370574"
"6335";"2026-03-14 21:59:40";"22.85";"61.5";"942.22";"3600";"0";"";"";"";"-111";"-1";"11444";"1773536380569"
"6336";"2026-03-14 21:59:50";"22.86";"61.5";"942.24";"3600";"0";"";"";"";"-112";"-1.7999999523162842";"11445";"1773536390579"
"6337";"2026-03-14 22:00:00";"22.86";"61.5";"942.24";"3600";"0";"";"";"";"-112";"-1.2999999523162842";"11446";"1773536400541"
"6338";"2026-03-14 22:00:10";"22.86";"61.5";"942.24";"3560";"0";"";"";"";"-112";"-2";"11447";"1773536410571"
"6339";"2026-03-14 22:00:20";"22.86";"61.5";"942.2";"3600";"0";"";"";"";"-112";"-1.5";"11448";"1773536420544"
"6340";"2026-03-14 22:00:30";"22.86";"61.5";"942.26";"3580";"0";"";"";"";"-112";"-2";"11449";"1773536430550"
"6341";"2026-03-14 22:00:40";"22.86";"61.5";"942.24";"3600";"0";"";"";"";"-112";"-1.2999999523162842";"11450";"1773536440586"
"6342";"2026-03-14 22:00:50";"22.87";"61.5";"942.2";"3600";"0";"";"";"";"-112";"-1.7999999523162842";"11451";"1773536450575"
"6343";"2026-03-14 22:01:00";"22.87";"61.5";"942.24";"3600";"0";"";"";"";"-112";"-1";"11452";"1773536460573"
"6344";"2026-03-14 22:01:10";"22.87";"61.5";"942.22";"3580";"0";"";"";"";"-112";"-1.2999999523162842";"11453";"1773536470585"
"6345";"2026-03-14 22:01:20";"22.86";"61.5";"942.22";"3600";"0";"";"";"";"-112";"-1.7999999523162842";"11454";"1773536480581"
"6346";"2026-03-14 22:01:30";"22.86";"61.5";"942.24";"3600";"0";"";"";"";"-112";"-2.299999952316284";"11455";"1773536490603"
"6347";"2026-03-14 22:01:40";"22.87";"61.5";"942.24";"3580";"0";"";"";"";"-112";"-1.5";"11456";"1773536500572"
"6348";"2026-03-14 22:01:50";"22.87";"61.5";"942.24";"3580";"0";"";"";"";"-112";"-1.7999999523162842";"11457";"1773536510586"
"6349";"2026-03-14 22:02:00";"22.88";"61.5";"942.26";"3580";"0";"";"";"";"-112";"-1";"11458";"1773536520560"
"6350";"2026-03-14 22:02:10";"22.88";"61.5";"942.24";"3600";"0";"";"";"";"-112";"-1.5";"11459";"1773536530577"
"6351";"2026-03-14 22:02:20";"22.88";"61.5";"942.2";"3600";"0";"";"";"";"-112";"-1.7999999523162842";"11460";"1773536540562"
"6352";"2026-03-14 22:02:30";"22.88";"61.5";"942.22";"3600";"0";"";"";"";"-112";"-1.5";"11461";"1773536550580"
"6353";"2026-03-14 22:02:40";"22.88";"61.5";"942.22";"3600";"0";"";"";"";"-112";"-1";"11462";"1773536560585"
"6354";"2026-03-14 22:02:50";"22.87";"61.5";"942.2";"3580";"0";"";"";"";"-112";"-1.7999999523162842";"11463";"1773536570577"
"6355";"2026-03-14 22:03:00";"22.88";"61.5";"942.2";"3600";"0";"";"";"";"-112";"-2";"11464";"1773536580573"
"6356";"2026-03-14 22:03:10";"22.88";"61.5";"942.24";"3580";"0";"";"";"";"-112";"-1.2999999523162842";"11465";"1773536590567"
"6357";"2026-03-14 22:03:20";"22.88";"61.5";"942.24";"3600";"0";"";"";"";"-112";"-2";"11466";"1773536600569"
"6358";"2026-03-14 22:03:30";"22.88";"61.5";"942.2";"3560";"0";"";"";"";"-112";"-1";"11467";"1773536610575"
"6359";"2026-03-14 22:03:40";"22.88";"61.5";"942.22";"3600";"0";"";"";"";"-112";"-2.5";"11468";"1773536620597"
"6360";"2026-03-14 22:03:50";"22.89";"61.5";"942.24";"3580";"0";"";"";"";"-112";"-1.2999999523162842";"11469";"1773536630588"
"6361";"2026-03-14 22:04:00";"22.89";"61.5";"942.22";"3600";"0";"";"";"";"-112";"-1.7999999523162842";"11470";"1773536640579"
"6362";"2026-03-14 22:04:10";"22.89";"61.5";"942.22";"3580";"0";"";"";"";"-112";"-1.2999999523162842";"11471";"1773536650593"
"6363";"2026-03-14 22:04:20";"22.89";"61.5";"942.22";"3580";"0";"";"";"";"-112";"-1";"11472";"1773536660604"
"6364";"2026-03-14 22:04:30";"22.89";"61.5";"942.22";"3560";"0";"";"";"";"-112";"-2";"11473";"1773536670572"
"6365";"2026-03-14 22:04:40";"22.89";"61.5";"942.1800000000001";"3560";"0";"";"";"";"-112";"-1";"11474";"1773536680552"
"6366";"2026-03-14 22:04:50";"22.9";"61.5";"942.22";"3600";"0";"";"";"";"-111";"0";"11475";"1773536690584"
"6367";"2026-03-14 22:05:00";"22.9";"61.5";"942.22";"3600";"0";"";"";"";"-112";"-1.2999999523162842";"11476";"1773536700572"
"6368";"2026-03-14 22:05:10";"22.9";"61.5";"942.1800000000001";"3600";"0";"";"";"";"-112";"-1.2999999523162842";"11477";"1773536710542"
"6369";"2026-03-14 22:05:20";"22.9";"61.5";"942.22";"3580";"0";"";"";"";"-112";"-2.299999952316284";"11478";"1773536720543"
"6370";"2026-03-14 22:05:30";"22.9";"61.5";"942.2";"3560";"0";"";"";"";"-112";"-1.2999999523162842";"11479";"1773536730565"
"6371";"2026-03-14 22:05:40";"22.9";"61.5";"942.2";"3580";"0";"";"";"";"-112";"-2";"11480";"1773536740552"
"6372";"2026-03-14 22:05:50";"22.9";"61.5";"942.2";"3580";"0";"";"";"";"-112";"-1.7999999523162842";"11481";"1773536750589"
"6373";"2026-03-14 22:06:00";"22.9";"61.5";"942.22";"3600";"0";"";"";"";"-112";"-1";"11482";"1773536760579"
"6374";"2026-03-14 22:06:10";"22.9";"61.5";"942.1800000000001";"3560";"0";"";"";"";"-111";"-0.5";"11483";"1773536770544"
"6375";"2026-03-14 22:06:20";"22.91";"61.5";"942.16";"3600";"0";"";"";"";"-112";"-1.2999999523162842";"11484";"1773536780556"
"6376";"2026-03-14 22:06:30";"22.91";"61.5";"942.1800000000001";"3560";"0";"";"";"";"-112";"-2.299999952316284";"11485";"1773536790576"
"6377";"2026-03-14 22:06:40";"22.91";"61.5";"942.1800000000001";"3600";"0";"";"";"";"-112";"-1.5";"11486";"1773536800539"
"6378";"2026-03-14 22:06:50";"22.91";"61.5";"942.16";"3560";"0";"";"";"";"-112";"-1.2999999523162842";"11487";"1773536810585"
"6379";"2026-03-14 22:07:00";"22.91";"61.5";"942.1800000000001";"3600";"0";"";"";"";"-112";"-1.7999999523162842";"11488";"1773536820574"
"6380";"2026-03-14 22:07:10";"22.91";"61.5";"942.16";"3600";"0";"";"";"";"-112";"-0.800000011920929";"11489";"1773536830550"
"6381";"2026-03-14 22:07:20";"22.91";"61.5";"942.1800000000001";"3560";"0";"";"";"";"-112";"-1.2999999523162842";"11490";"1773536840583"
"6382";"2026-03-14 22:07:30";"22.92";"61.5";"942.2";"3560";"0";"";"";"";"-112";"-1.5";"11491";"1773536850569"
"6383";"2026-03-14 22:07:40";"22.92";"61.5";"942.1800000000001";"3600";"0";"";"";"";"-112";"-1.2999999523162842";"11492";"1773536860566"
"6384";"2026-03-14 22:07:50";"22.92";"61.5";"942.16";"3600";"0";"";"";"";"-112";"-1.7999999523162842";"11493";"1773536870545"
"6385";"2026-03-14 22:08:00";"22.92";"61.5";"942.16";"3600";"0";"";"";"";"-112";"-2.5";"11494";"1773536880578"
"6386";"2026-03-14 22:08:10";"22.92";"61.5";"942.14";"3580";"0";"";"";"";"-112";"-2";"11495";"1773536890563"
"6387";"2026-03-14 22:08:20";"22.92";"61.5";"942.16";"3600";"0";"";"";"";"-112";"-1.5";"11496";"1773536900568"
"6388";"2026-03-14 22:08:30";"22.92";"61.5";"942.1800000000001";"3600";"0";"";"";"";"-112";"-1.2999999523162842";"11497";"1773536910578"
"6389";"2026-03-14 22:08:40";"22.92";"61.5";"942.1800000000001";"3600";"0";"";"";"";"-112";"-1.7999999523162842";"11498";"1773536920573"
"6390";"2026-03-14 22:08:50";"22.93";"61.5";"942.1800000000001";"3580";"0";"";"";"";"-112";"-1.5";"11499";"1773536930585"
"6391";"2026-03-14 22:09:00";"22.92";"61.5";"942.14";"3600";"0";"";"";"";"-112";"-1.5";"11500";"1773536940575"
"6392";"2026-03-14 22:09:10";"22.93";"61.5";"942.1800000000001";"3600";"0";"";"";"";"-112";"-1.5";"11501";"1773536950573"
"6393";"2026-03-14 22:09:20";"22.92";"61.5";"942.16";"3560";"0";"";"";"";"-112";"-2.5";"11502";"1773536960572"
"6394";"2026-03-14 22:09:30";"22.93";"61.5";"942.16";"3560";"0";"";"";"";"-112";"-0.800000011920929";"11503";"1773536970614"
"6395";"2026-03-14 22:09:40";"22.93";"61.5";"942.16";"3600";"0";"";"";"";"-112";"-2";"11504";"1773536980573"
"6396";"2026-03-14 22:09:50";"22.93";"61.5";"942.1800000000001";"3560";"0";"";"";"";"-112";"-0.800000011920929";"11505";"1773536990577"
"6397";"2026-03-14 22:10:00";"22.94";"61.5";"942.1800000000001";"3600";"0";"";"";"";"-112";"-0.5";"11506";"1773537000566"
"6398";"2026-03-14 22:10:10";"22.93";"61.5";"942.16";"3600";"0";"";"";"";"-112";"-0.30000001192092896";"11507";"1773537010575"
"6399";"2026-03-14 22:10:20";"22.93";"61.5";"942.1800000000001";"3580";"0";"";"";"";"-112";"-1";"11508";"1773537020575"
"6400";"2026-03-14 22:10:30";"22.94";"61.5";"942.1800000000001";"3600";"0";"";"";"";"-112";"-1.7999999523162842";"11509";"1773537030577"
"6401";"2026-03-14 22:10:40";"22.94";"61.5";"942.16";"3560";"0";"";"";"";"-112";"-1.2999999523162842";"11510";"1773537040567"
"6402";"2026-03-14 22:10:50";"22.94";"61.5";"942.16";"3600";"0";"";"";"";"-111";"-0.800000011920929";"11511";"1773537050553"
"6403";"2026-03-14 22:11:00";"22.94";"61.5";"942.1800000000001";"3600";"0";"";"";"";"-112";"-1.5";"11512";"1773537060591"
"6404";"2026-03-14 22:11:10";"22.94";"61.5";"942.22";"3560";"0";"";"";"";"-112";"-1";"11513";"1773537070567"
"6405";"2026-03-14 22:11:20";"22.94";"61.5";"942.16";"3600";"0";"";"";"";"-112";"-1.2999999523162842";"11514";"1773537080540"
"6406";"2026-03-14 22:11:30";"22.94";"61.5";"942.16";"3600";"0";"";"";"";"-112";"-1.5";"11515";"1773537090577"
"6407";"2026-03-14 22:11:40";"22.94";"61.5";"942.1800000000001";"3560";"0";"";"";"";"-112";"-1.2999999523162842";"11516";"1773537100572"
"6408";"2026-03-14 22:11:50";"22.95";"61.5";"942.2";"3560";"0";"";"";"";"-112";"-1.5";"11517";"1773537110568"
"6409";"2026-03-14 22:12:00";"22.94";"61.5";"942.1800000000001";"3580";"0";"";"";"";"-112";"-1.2999999523162842";"11518";"1773537120570"
"6410";"2026-03-14 22:12:10";"22.95";"61.5";"942.2";"3580";"0";"";"";"";"-113";"-1.7999999523162842";"11519";"1773537130570"
"6411";"2026-03-14 22:12:20";"22.95";"61.5";"942.1800000000001";"3600";"0";"";"";"";"-112";"-1.5";"11520";"1773537140568"
"6412";"2026-03-14 22:12:30";"22.95";"61.5";"942.2";"3560";"0";"";"";"";"-112";"-0.800000011920929";"11521";"1773537150603"
"6413";"2026-03-14 22:12:40";"22.95";"61.5";"942.1800000000001";"3560";"0";"";"";"";"-112";"-1";"11522";"1773537160567"
"6414";"2026-03-14 22:12:50";"22.95";"61.5";"942.22";"3580";"0";"";"";"";"-112";"-1";"11523";"1773537170556"
"6415";"2026-03-14 22:13:00";"22.95";"61.5";"942.1800000000001";"3600";"0";"";"";"";"-112";"-2";"11524";"1773537180578"
"6416";"2026-03-14 22:13:10";"22.96";"61.5";"942.2";"3600";"0";"";"";"";"-112";"-2.299999952316284";"11525";"1773537190562"
"6417";"2026-03-14 22:13:20";"22.96";"61.5";"942.2";"3580";"0";"";"";"";"-112";"-1.5";"11526";"1773537200536"
"6418";"2026-03-14 22:13:30";"22.96";"61.5";"942.1800000000001";"3600";"0";"";"";"";"-112";"-1";"11527";"1773537210570"
"6419";"2026-03-14 22:13:40";"22.96";"61.5";"942.24";"3560";"0";"";"";"";"-112";"-1.2999999523162842";"11528";"1773537220572"
"6420";"2026-03-14 22:13:50";"22.96";"61.5";"942.22";"3580";"0";"";"";"";"-112";"-1.5";"11529";"1773537230580"
"6421";"2026-03-14 22:14:00";"22.96";"61.5";"942.2";"3600";"0";"";"";"";"-112";"-1.7999999523162842";"11530";"1773537240574"
"6422";"2026-03-14 22:14:10";"22.96";"61.5";"942.2";"3580";"0";"";"";"";"-112";"-1.7999999523162842";"11531";"1773537250573"
"6423";"2026-03-14 22:14:20";"22.96";"61.5";"942.22";"3600";"0";"";"";"";"-112";"-1";"11532";"1773537260532"
"6424";"2026-03-14 22:14:30";"22.96";"61.5";"942.22";"3600";"0";"";"";"";"-112";"-1.2999999523162842";"11533";"1773537270575"
"6425";"2026-03-14 22:14:40";"22.97";"61.5";"942.22";"3600";"0";"";"";"";"-112";"-1";"11534";"1773537280567"
"6426";"2026-03-14 22:14:50";"22.97";"61.5";"942.22";"3560";"0";"";"";"";"-112";"-1.5";"11535";"1773537290576"
"6427";"2026-03-14 22:15:00";"22.97";"61.5";"942.2";"3560";"0";"";"";"";"-112";"-1";"11536";"1773537300575"
"6428";"2026-03-14 22:15:10";"22.96";"61.5";"942.1800000000001";"3560";"0";"";"";"";"-111";"-0.5";"11537";"1773537310572"
"6429";"2026-03-14 22:15:20";"22.97";"61.5";"942.24";"3580";"0";"";"";"";"-112";"-1.5";"11538";"1773537320541"
"6430";"2026-03-14 22:15:30";"22.96";"61.5";"942.2";"3580";"0";"";"";"";"-112";"-1.5";"11539";"1773537330575"
"6431";"2026-03-14 22:15:40";"22.96";"61.5";"942.2";"3580";"0";"";"";"";"-112";"-1.2999999523162842";"11540";"1773537340617"
"6432";"2026-03-14 22:15:50";"22.96";"61.5";"942.1800000000001";"3560";"0";"";"";"";"-112";"-1.5";"11541";"1773537350583"
"6433";"2026-03-14 22:16:00";"22.97";"61.5";"942.2";"3580";"0";"";"";"";"-112";"-1.5";"11542";"1773537360578"
"6434";"2026-03-14 22:16:10";"22.96";"61.5";"942.22";"3600";"0";"";"";"";"-112";"-1.2999999523162842";"11543";"1773537370539"
"6435";"2026-03-14 22:16:20";"22.97";"61.5";"942.1800000000001";"3560";"0";"";"";"";"-112";"-1.2999999523162842";"11544";"1773537380536"
"6436";"2026-03-14 22:16:30";"22.97";"61.5";"942.22";"3580";"0";"";"";"";"-112";"-1.5";"11545";"1773537390561"
"6437";"2026-03-14 22:16:40";"22.97";"61.5";"942.24";"3560";"0";"";"";"";"-112";"-1.7999999523162842";"11546";"1773537400544"
"6438";"2026-03-14 22:16:50";"22.97";"61.5";"942.1800000000001";"3560";"0";"";"";"";"-112";"-1.5";"11547";"1773537410577"
"6439";"2026-03-14 22:17:00";"22.97";"61.5";"942.22";"3600";"0";"";"";"";"-112";"-0.30000001192092896";"11548";"1773537420570"
"6440";"2026-03-14 22:17:10";"22.97";"61.5";"942.2";"3580";"0";"";"";"";"-112";"-2";"11549";"1773537430545"
"6441";"2026-03-14 22:17:20";"22.97";"61.5";"942.1800000000001";"3560";"0";"";"";"";"-112";"-1.5";"11550";"1773537440569"
"6442";"2026-03-14 22:17:30";"22.97";"61.5";"942.1800000000001";"3580";"0";"";"";"";"-112";"-1.2999999523162842";"11551";"1773537450565"
"6443";"2026-03-14 22:17:40";"22.97";"61.5";"942.2";"3600";"0";"";"";"";"-112";"-1.2999999523162842";"11552";"1773537460547"
"6444";"2026-03-14 22:17:50";"22.97";"61.5";"942.1800000000001";"3600";"0";"";"";"";"-112";"-0.5";"11553";"1773537470567"
"6445";"2026-03-14 22:18:00";"22.97";"61.5";"942.2";"3580";"0";"";"";"";"-112";"-0.800000011920929";"11554";"1773537480574"
"6446";"2026-03-14 22:18:10";"22.98";"61.5";"942.2";"3580";"0";"";"";"";"-112";"-1.2999999523162842";"11555";"1773537490541"
"6447";"2026-03-14 22:18:20";"22.98";"61.5";"942.1800000000001";"3560";"0";"";"";"";"-112";"-0.5";"11556";"1773537500583"
"6448";"2026-03-14 22:18:30";"22.98";"61.5";"942.22";"3560";"0";"";"";"";"-112";"-1.2999999523162842";"11557";"1773537510535"
"6449";"2026-03-14 22:18:40";"22.98";"61.5";"942.2";"3580";"0";"";"";"";"-112";"-1.5";"11558";"1773537520556"
"6450";"2026-03-14 22:18:50";"22.98";"61.5";"942.24";"3560";"0";"";"";"";"-112";"-2.5";"11559";"1773537530569"
"6451";"2026-03-14 22:19:00";"22.97";"61.5";"942.2";"3580";"0";"";"";"";"-112";"-1.2999999523162842";"11560";"1773537540579"
"6452";"2026-03-14 22:19:10";"22.98";"61.5";"942.2";"3560";"0";"";"";"";"-112";"-1.2999999523162842";"11561";"1773537550569"
"6453";"2026-03-14 22:19:20";"22.98";"61.5";"942.2";"3560";"0";"";"";"";"-112";"-1.7999999523162842";"11562";"1773537560567"
"6454";"2026-03-14 22:19:30";"22.98";"61.5";"942.2";"3600";"0";"";"";"";"-112";"-1.2999999523162842";"11563";"1773537570567"
"6455";"2026-03-14 22:19:40";"22.98";"61.5";"942.22";"3560";"0";"";"";"";"-112";"-0.5";"11564";"1773537580614"
"6456";"2026-03-14 22:19:50";"22.98";"61.5";"942.2";"3580";"0";"";"";"";"-112";"-1";"11565";"1773537590586"
"6457";"2026-03-14 22:20:00";"22.98";"61.5";"942.1800000000001";"3560";"0";"";"";"";"-112";"-0.800000011920929";"11566";"1773537600572"
"6458";"2026-03-14 22:20:10";"22.98";"61.5";"942.2";"3580";"0";"";"";"";"-112";"-2";"11567";"1773537610574"
"6459";"2026-03-14 22:20:20";"22.98";"61.5";"942.2";"3580";"0";"";"";"";"-112";"-1";"11568";"1773537620569"
"6460";"2026-03-14 22:20:30";"22.99";"61.5";"942.24";"3580";"0";"";"";"";"-112";"-0.30000001192092896";"11569";"1773537630562"
"6461";"2026-03-14 22:20:40";"22.98";"61.5";"942.2";"3600";"0";"";"";"";"-112";"-2";"11570";"1773537640548"
"6462";"2026-03-14 22:20:50";"22.99";"61.5";"942.1800000000001";"3580";"0";"";"";"";"-112";"-2";"11571";"1773537650579"
"6463";"2026-03-14 22:21:00";"22.98";"61.5";"942.2";"3600";"0";"";"";"";"-112";"-1.2999999523162842";"11572";"1773537660564"
"6464";"2026-03-14 22:21:10";"22.98";"61.5";"942.22";"3560";"0";"";"";"";"-112";"-1.7999999523162842";"11573";"1773537670574"
"6465";"2026-03-14 22:21:20";"22.99";"61.5";"942.2";"3600";"0";"";"";"";"-112";"-1";"11574";"1773537680589"
"6466";"2026-03-14 22:21:30";"22.98";"61.5";"942.1800000000001";"3580";"0";"";"";"";"-112";"-0.5";"11575";"1773537690570"
"6467";"2026-03-14 22:21:40";"22.99";"61.5";"942.2";"3560";"0";"";"";"";"-112";"-0.800000011920929";"11576";"1773537700583"
"6468";"2026-03-14 22:21:50";"22.98";"61.5";"942.1800000000001";"3580";"0";"";"";"";"-112";"-1.2999999523162842";"11577";"1773537710584"
"6469";"2026-03-14 22:22:00";"22.99";"61.5";"942.2";"3560";"0";"";"";"";"-112";"-1";"11578";"1773537720576"
"6470";"2026-03-14 22:22:10";"22.99";"61.5";"942.2";"3560";"0";"";"";"";"-112";"-0.800000011920929";"11579";"1773537730539"
"6471";"2026-03-14 22:22:20";"22.99";"61.5";"942.2";"3600";"0";"";"";"";"-112";"-0.800000011920929";"11580";"1773537740543"
"6472";"2026-03-14 22:22:30";"22.99";"61.5";"942.24";"3560";"0";"";"";"";"-112";"-0.800000011920929";"11581";"1773537750575"
"6473";"2026-03-14 22:22:40";"22.99";"61.5";"942.22";"3560";"0";"";"";"";"-111";"-0.30000001192092896";"11582";"1773537760576"
"6474";"2026-03-14 22:22:50";"22.99";"61.5";"942.24";"3580";"0";"";"";"";"-112";"-1.7999999523162842";"11583";"1773537770576"
"6475";"2026-03-14 22:23:00";"22.99";"61.5";"942.2";"3600";"0";"";"";"";"-112";"-1.2999999523162842";"11584";"1773537780569"
"6476";"2026-03-14 22:23:10";"22.99";"61.5";"942.2";"3560";"0";"";"";"";"-112";"-1.5";"11585";"1773537790567"
"6477";"2026-03-14 22:23:20";"22.99";"61.5";"942.1800000000001";"3560";"0";"";"";"";"-112";"-1.2999999523162842";"11586";"1773537800531"
"6478";"2026-03-14 22:23:30";"22.99";"61.5";"942.2";"3560";"0";"";"";"";"-112";"-1.5";"11587";"1773537810563"
"6479";"2026-03-14 22:23:40";"23";"61.5";"942.22";"3560";"0";"";"";"";"-112";"-1.2999999523162842";"11588";"1773537820570"
"6480";"2026-03-14 22:23:50";"22.99";"61.5";"942.24";"3600";"0";"";"";"";"-111";"-0.5";"11589";"1773537830579"
"6481";"2026-03-14 22:24:00";"22.99";"61.5";"942.2";"3600";"0";"";"";"";"-112";"-0.30000001192092896";"11590";"1773537840550"
"6482";"2026-03-14 22:24:10";"22.99";"61.5";"942.22";"3580";"0";"";"";"";"-112";"-1";"11591";"1773537850570"
"6483";"2026-03-14 22:24:20";"23";"61.5";"942.2";"3560";"0";"";"";"";"-111";"-0.30000001192092896";"11592";"1773537860563"
"6484";"2026-03-14 22:24:30";"23";"61.5";"942.22";"3560";"0";"";"";"";"-113";"-2.799999952316284";"11593";"1773537870575"
"6485";"2026-03-14 22:24:40";"23";"61.5";"942.24";"3580";"0";"";"";"";"-112";"-2.5";"11594";"1773537880579"
"6486";"2026-03-14 22:24:50";"23";"61.5";"942.2";"3600";"0";"";"";"";"-111";"-0.5";"11595";"1773537890575"
"6487";"2026-03-14 22:25:00";"23";"61.5";"942.1800000000001";"3560";"0";"";"";"";"-112";"-1";"11596";"1773537900569"
"6488";"2026-03-14 22:25:10";"23";"61.5";"942.2";"3580";"0";"";"";"";"-111";"-0.5";"11597";"1773537910567"
"6489";"2026-03-14 22:25:20";"23";"61.5";"942.24";"3580";"0";"";"";"";"-112";"-1.2999999523162842";"11598";"1773537920583"
"6490";"2026-03-14 22:25:30";"23";"61.5";"942.2";"3560";"0";"";"";"";"-112";"-1.7999999523162842";"11599";"1773537930572"
"6491";"2026-03-14 22:25:40";"23";"61.5";"942.1800000000001";"3560";"0";"";"";"";"-112";"-1.2999999523162842";"11600";"1773537940578"
"6492";"2026-03-14 22:25:50";"23";"61.5";"942.22";"3600";"0";"";"";"";"-111";"-0.800000011920929";"11601";"1773537950586"
"6493";"2026-03-14 22:26:00";"23";"61.5";"942.22";"3560";"0";"";"";"";"-112";"-2.299999952316284";"11602";"1773537960578"
"6494";"2026-03-14 22:26:10";"23";"61.5";"942.2";"3600";"0";"";"";"";"-112";"-1.2999999523162842";"11603";"1773537970568"
"6495";"2026-03-14 22:26:20";"23.01";"61.5";"942.22";"3580";"0";"";"";"";"-112";"-2.5";"11604";"1773537980559"
"6496";"2026-03-14 22:26:30";"23";"61.5";"942.1800000000001";"3560";"0";"";"";"";"-112";"-0.5";"11605";"1773537990570"
"6497";"2026-03-14 22:26:40";"23";"61.5";"942.2";"3600";"0";"";"";"";"-112";"-2.299999952316284";"11606";"1773538000574"
"6498";"2026-03-14 22:26:50";"23";"61.5";"942.2";"3580";"0";"";"";"";"-112";"-1.2999999523162842";"11607";"1773538010545"
"6499";"2026-03-14 22:27:00";"23";"61.5";"942.2";"3560";"0";"";"";"";"-112";"-2.299999952316284";"11608";"1773538020569"
"6500";"2026-03-14 22:27:10";"23";"61.5";"942.2";"3560";"0";"";"";"";"-112";"-2.5";"11609";"1773538030568"
"6501";"2026-03-14 22:27:20";"23";"61.5";"942.2";"3600";"0";"";"";"";"-111";"-0.800000011920929";"11610";"1773538040574"
"6502";"2026-03-14 22:27:30";"23";"61.5";"942.2";"3560";"0";"";"";"";"-112";"-1.2999999523162842";"11611";"1773538050607"
"6503";"2026-03-14 22:27:40";"23";"61.5";"942.14";"3600";"0";"";"";"";"-112";"-1.7999999523162842";"11612";"1773538060601"
"6504";"2026-03-14 22:27:50";"23.01";"61.5";"942.1800000000001";"3580";"0";"";"";"";"-112";"-1.2999999523162842";"11613";"1773538070561"
"6505";"2026-03-14 22:28:00";"23.01";"61.5";"942.1800000000001";"3560";"0";"";"";"";"-112";"-1.5";"11614";"1773538080578"
"6506";"2026-03-14 22:28:10";"23.01";"61.5";"942.1800000000001";"3560";"0";"";"";"";"-112";"-1.2999999523162842";"11615";"1773538090569"
"6507";"2026-03-14 22:28:20";"23.01";"61.5";"942.14";"3560";"0";"";"";"";"-111";"0.30000001192092896";"11616";"1773538100567"
"6508";"2026-03-14 22:28:30";"23.01";"61.5";"942.2";"3580";"0";"";"";"";"-112";"-1";"11617";"1773538110590"
"6509";"2026-03-14 22:28:40";"23.01";"61.5";"942.1800000000001";"3580";"0";"";"";"";"-112";"-2.5";"11618";"1773538120569"
"6510";"2026-03-14 22:28:50";"23.01";"61.5";"942.2";"3560";"0";"";"";"";"-112";"-0.800000011920929";"11619";"1773538130580"
"6511";"2026-03-14 22:29:00";"23.01";"61.5";"942.24";"3560";"0";"";"";"";"-112";"-1";"11620";"1773538140562"
"6512";"2026-03-14 22:29:10";"23.01";"61.5";"942.1800000000001";"3580";"0";"";"";"";"-112";"-1.7999999523162842";"11621";"1773538150568"
"6513";"2026-03-14 22:29:20";"23.01";"61.5";"942.1800000000001";"3580";"0";"";"";"";"-112";"-1.2999999523162842";"11622";"1773538160572"
"6514";"2026-03-14 22:29:30";"23.01";"61.5";"942.16";"3600";"0";"";"";"";"-112";"-1";"11623";"1773538170563"
"6515";"2026-03-14 22:29:40";"23.01";"61.5";"942.1800000000001";"3600";"0";"";"";"";"-112";"-1.2999999523162842";"11624";"1773538180577"
"6516";"2026-03-14 22:29:50";"23.02";"61.5";"942.2";"3560";"0";"";"";"";"-112";"-1.5";"11625";"1773538190571"
"6517";"2026-03-14 22:30:00";"23.01";"61.5";"942.2";"3600";"0";"";"";"";"-112";"-1.5";"11626";"1773538200568"
"6518";"2026-03-14 22:30:10";"23.02";"61.5";"942.2";"3580";"0";"";"";"";"-112";"-1.5";"11627";"1773538210567"
"6519";"2026-03-14 22:30:20";"23.01";"61.5";"942.14";"3580";"0";"";"";"";"-112";"-1.2999999523162842";"11628";"1773538220595"
"6520";"2026-03-14 22:30:30";"23.01";"61.5";"942.16";"3580";"0";"";"";"";"-112";"-2.299999952316284";"11629";"1773538230564"
"6521";"2026-03-14 22:30:40";"23.02";"61.5";"942.1800000000001";"3560";"0";"";"";"";"-112";"-0.5";"11630";"1773538240579"
"6522";"2026-03-14 22:30:50";"23.02";"61.5";"942.16";"3580";"0";"";"";"";"-112";"-2";"11631";"1773538250561"
"6523";"2026-03-14 22:31:00";"23.02";"61.5";"942.22";"3600";"0";"";"";"";"-112";"-1";"11632";"1773538260564"
"6524";"2026-03-14 22:31:10";"23.02";"61.5";"942.2";"3560";"0";"";"";"";"-112";"-1.7999999523162842";"11633";"1773538270568"
"6525";"2026-03-14 22:31:20";"23.02";"61.5";"942.2";"3600";"0";"";"";"";"-112";"-2.5";"11634";"1773538280537"
"6526";"2026-03-14 22:31:30";"23.01";"61.5";"942.1800000000001";"3560";"0";"";"";"";"-112";"-2.5";"11635";"1773538290563"
"6527";"2026-03-14 22:31:40";"23.01";"61.5";"942.2";"3560";"0";"";"";"";"-112";"-2";"11636";"1773538300570"
"6528";"2026-03-14 22:31:50";"23.02";"61.5";"942.1800000000001";"3560";"0";"";"";"";"-112";"-0.800000011920929";"11637";"1773538310578"
"6529";"2026-03-14 22:32:00";"23.02";"61.5";"942.1800000000001";"3580";"0";"";"";"";"-112";"-1.2999999523162842";"11638";"1773538320562"
"6530";"2026-03-14 22:32:10";"23.02";"61.5";"942.16";"3560";"0";"";"";"";"-112";"-1";"11639";"1773538330564"
"6531";"2026-03-14 22:32:20";"23.02";"61.5";"942.2";"3560";"0";"";"";"";"-112";"-1.5";"11640";"1773538340535"
"6532";"2026-03-14 22:32:30";"23.02";"61.5";"942.16";"3560";"0";"";"";"";"-112";"-1.5";"11641";"1773538350554"
"6533";"2026-03-14 22:32:40";"23.02";"61.5";"942.16";"3600";"0";"";"";"";"-112";"-1.5";"11642";"1773538360528"
"6534";"2026-03-14 22:32:50";"23.02";"61.5";"942.1800000000001";"3600";"0";"";"";"";"-112";"-1.5";"11643";"1773538370564"
"6535";"2026-03-14 22:33:00";"23.02";"61.5";"942.1800000000001";"3580";"0";"";"";"";"-111";"-0.800000011920929";"11644";"1773538380574"
"6536";"2026-03-14 22:33:10";"23.02";"61.5";"942.1800000000001";"3560";"0";"";"";"";"-112";"-1.2999999523162842";"11645";"1773538390576"
"6537";"2026-03-14 22:33:20";"23.02";"61.5";"942.22";"3560";"0";"";"";"";"-112";"-1.2999999523162842";"11646";"1773538400564"
"6538";"2026-03-14 22:33:30";"23.02";"61.5";"942.2";"3580";"0";"";"";"";"-112";"-1.7999999523162842";"11647";"1773538410579"
"6539";"2026-03-14 22:33:40";"23.02";"61.5";"942.22";"3560";"0";"";"";"";"-112";"-2";"11648";"1773538420571"
"6540";"2026-03-14 22:33:50";"23.02";"61.5";"942.2";"3580";"0";"";"";"";"-112";"-1.2999999523162842";"11649";"1773538430572"
"6541";"2026-03-14 22:34:00";"23.01";"61.5";"942.16";"3560";"0";"";"";"";"-112";"-1";"11650";"1773538440569"
"6542";"2026-03-14 22:34:10";"23.01";"61.5";"942.16";"3580";"0";"";"";"";"-112";"-1";"11651";"1773538450573"
"6543";"2026-03-14 22:34:20";"23.02";"61.5";"942.2";"3560";"0";"";"";"";"-112";"-2.299999952316284";"11652";"1773538460561"
"6544";"2026-03-14 22:34:30";"23.02";"61.5";"942.1800000000001";"3560";"0";"";"";"";"-112";"-2.299999952316284";"11653";"1773538470563"
"6545";"2026-03-14 22:34:40";"23.02";"61.5";"942.1800000000001";"3600";"0";"";"";"";"-112";"-2.299999952316284";"11654";"1773538480576"
"6546";"2026-03-14 22:34:50";"23.02";"61.5";"942.1800000000001";"3560";"0";"";"";"";"-113";"-3";"11655";"1773538490552"
"6547";"2026-03-14 22:35:00";"23.02";"61.5";"942.22";"3580";"0";"";"";"";"-112";"-1.7999999523162842";"11656";"1773538500567"
"6548";"2026-03-14 22:35:10";"23.02";"61.5";"942.2";"3580";"0";"";"";"";"-112";"-2";"11657";"1773538510563"
"6549";"2026-03-14 22:35:20";"23.02";"61.5";"942.1800000000001";"3560";"0";"";"";"";"-112";"-2";"11658";"1773538520561"
"6550";"2026-03-14 22:35:30";"23.02";"61.5";"942.22";"3580";"0";"";"";"";"-112";"-1.2999999523162842";"11659";"1773538530557"
"6551";"2026-03-14 22:35:40";"23.02";"61.5";"942.2";"3600";"0";"";"";"";"-112";"-1.7999999523162842";"11660";"1773538540572"
"6552";"2026-03-14 22:35:50";"23.02";"61.5";"942.2";"3560";"0";"";"";"";"-112";"-0.800000011920929";"11661";"1773538550596"
"6553";"2026-03-14 22:36:00";"23.02";"61.5";"942.1800000000001";"3560";"0";"";"";"";"-112";"-1.7999999523162842";"11662";"1773538560591"
"6554";"2026-03-14 22:36:10";"23.02";"61.5";"942.22";"3600";"0";"";"";"";"-112";"-1";"11663";"1773538570566"
"6555";"2026-03-14 22:36:20";"23.02";"61.5";"942.22";"3580";"0";"";"";"";"-112";"-0.800000011920929";"11664";"1773538580564"
"6556";"2026-03-14 22:36:30";"23.02";"61.5";"942.24";"3580";"0";"";"";"";"-112";"-2";"11665";"1773538590562"
"6557";"2026-03-14 22:36:40";"23.02";"61.5";"942.22";"3600";"0";"";"";"";"-112";"-1.2999999523162842";"11666";"1773538600570"
"6558";"2026-03-14 22:36:50";"23.02";"61.5";"942.22";"3560";"0";"";"";"";"-111";"-0.800000011920929";"11667";"1773538610576"
"6559";"2026-03-14 22:37:00";"23.02";"61.5";"942.2";"3580";"0";"";"";"";"-111";"-0.5";"11668";"1773538620562"
"6560";"2026-03-14 22:37:10";"23.03";"61.5";"942.22";"3600";"0";"";"";"";"-111";"-0.800000011920929";"11669";"1773538630584"
"6561";"2026-03-14 22:37:20";"23.02";"61.5";"942.2";"3580";"0";"";"";"";"-112";"-1";"11670";"1773538640586"
"6562";"2026-03-14 22:37:30";"23.02";"61.5";"942.22";"3580";"0";"";"";"";"-112";"-1";"11671";"1773538650582"
"6563";"2026-03-14 22:37:40";"23.03";"61.5";"942.2";"3560";"0";"";"";"";"-112";"-1";"11672";"1773538660577"
"6564";"2026-03-14 22:37:50";"23.02";"61.5";"942.2";"3580";"0";"";"";"";"-112";"-0.800000011920929";"11673";"1773538670575"
"6565";"2026-03-14 22:38:00";"23.02";"61.5";"942.24";"3600";"0";"";"";"";"-112";"-0.800000011920929";"11674";"1773538680576"
"6566";"2026-03-14 22:38:10";"23.02";"61.5";"942.24";"3580";"0";"";"";"";"-112";"-1.2999999523162842";"11675";"1773538690570"
"6567";"2026-03-14 22:38:20";"23.02";"61.5";"942.2";"3600";"0";"";"";"";"-112";"-1.5";"11676";"1773538700568"
"6568";"2026-03-14 22:38:30";"23.02";"61.5";"942.22";"3580";"0";"";"";"";"-112";"-0.800000011920929";"11677";"1773538710564"
"6569";"2026-03-14 22:38:40";"23.03";"61.5";"942.24";"3580";"0";"";"";"";"-112";"-1.5";"11678";"1773538720568"
"6570";"2026-03-14 22:38:50";"23.03";"61.5";"942.2";"3580";"0";"";"";"";"-112";"-1";"11679";"1773538730602"
"6571";"2026-03-14 22:39:00";"23.03";"61.5";"942.22";"3580";"0";"";"";"";"-112";"-1";"11680";"1773538740534"
"6572";"2026-03-14 22:39:10";"23.02";"61.5";"942.24";"3580";"0";"";"";"";"-112";"-1";"11681";"1773538750567"
"6573";"2026-03-14 22:39:20";"23.03";"61.5";"942.22";"3600";"0";"";"";"";"-112";"-1.2999999523162842";"11682";"1773538760565"
"6574";"2026-03-14 22:39:30";"23.02";"61.5";"942.24";"3560";"0";"";"";"";"-111";"-0.800000011920929";"11683";"1773538770565"
"6575";"2026-03-14 22:39:40";"23.02";"61.5";"942.2";"3580";"0";"";"";"";"-112";"-1.5";"11684";"1773538780573"
"6576";"2026-03-14 22:39:50";"23.02";"61.5";"942.22";"3560";"0";"";"";"";"-112";"-1.5";"11685";"1773538790574"
"6577";"2026-03-14 22:40:00";"23.02";"61.5";"942.22";"3600";"0";"";"";"";"-112";"-1";"11686";"1773538800579"
"6578";"2026-03-14 22:40:10";"23.02";"61.5";"942.24";"3580";"0";"";"";"";"-112";"-1.7999999523162842";"11687";"1773538810571"
"6579";"2026-03-14 22:40:20";"23.02";"61.5";"942.22";"3560";"0";"";"";"";"-112";"-1.5";"11688";"1773538820563"
"6580";"2026-03-14 22:40:30";"23.02";"61.5";"942.26";"3600";"0";"";"";"";"-112";"-1.2999999523162842";"11689";"1773538830556"
"6581";"2026-03-14 22:40:40";"23.02";"61.5";"942.24";"3560";"0";"";"";"";"-112";"-1.2999999523162842";"11690";"1773538840565"
"6582";"2026-03-14 22:40:50";"23.02";"61.5";"942.22";"3600";"0";"";"";"";"-112";"-1.2999999523162842";"11691";"1773538850585"
"6583";"2026-03-14 22:41:00";"23.01";"61.5";"942.22";"3560";"0";"";"";"";"-112";"-1.5";"11692";"1773538860577"
"6584";"2026-03-14 22:41:10";"23.01";"61.5";"942.24";"3580";"0";"";"";"";"-112";"-1.7999999523162842";"11693";"1773538870566"
"6585";"2026-03-14 22:41:20";"23.02";"61.5";"942.28";"3580";"0";"";"";"";"-112";"-0.800000011920929";"11694";"1773538880575"
"6586";"2026-03-14 22:41:30";"23.01";"61.5";"942.22";"3560";"0";"";"";"";"-112";"-1.2999999523162842";"11695";"1773538890560"
"6587";"2026-03-14 22:41:40";"23.01";"61.5";"942.22";"3560";"0";"";"";"";"-112";"-1.2999999523162842";"11696";"1773538900564"
"6588";"2026-03-14 22:41:50";"23";"61.5";"942.22";"3560";"0";"";"";"";"-112";"-1";"11697";"1773538910574"
"6589";"2026-03-14 22:42:00";"23";"61.5";"942.22";"3600";"0";"";"";"";"-112";"-1.5";"11698";"1773538920573"
"6590";"2026-03-14 22:42:10";"23";"61.5";"942.2";"3580";"0";"";"";"";"-112";"-1.2999999523162842";"11699";"1773538930568"
"6591";"2026-03-14 22:42:20";"22.99";"61.5";"942.2";"3600";"0";"";"";"";"-112";"-1.5";"11700";"1773538940570"
"6592";"2026-03-14 22:42:30";"22.99";"61.5";"942.22";"3560";"0";"";"";"";"-112";"-1.5";"11701";"1773538950565"
"6593";"2026-03-14 22:42:40";"22.99";"61.5";"942.2";"3600";"0";"";"";"";"-112";"-0.800000011920929";"11702";"1773538960573"
"6594";"2026-03-14 22:42:50";"22.99";"61.5";"942.2";"3600";"0";"";"";"";"-112";"-1.5";"11703";"1773538970574"
"6595";"2026-03-14 22:43:00";"22.99";"61.5";"942.2";"3580";"0";"";"";"";"-112";"-1.7999999523162842";"11704";"1773538980572"
"6596";"2026-03-14 22:43:10";"22.98";"61.5";"942.2";"3580";"0";"";"";"";"-112";"-1.5";"11705";"1773538990534"
"6597";"2026-03-14 22:43:20";"22.98";"61.5";"942.2";"3560";"0";"";"";"";"-112";"-1.5";"11706";"1773539000570"
"6598";"2026-03-14 22:43:30";"22.98";"61.5";"942.2";"3560";"0";"";"";"";"-112";"-1.5";"11707";"1773539010566"
"6599";"2026-03-14 22:43:40";"22.98";"61.5";"942.2";"3600";"0";"";"";"";"-112";"-1.2999999523162842";"11708";"1773539020559"
"6600";"2026-03-14 22:43:50";"22.97";"61.5";"942.1800000000001";"3560";"0";"";"";"";"-112";"-1";"11709";"1773539030572"
"6601";"2026-03-14 22:44:00";"22.97";"61.5";"942.2";"3580";"0";"";"";"";"-112";"-1.7999999523162842";"11710";"1773539040573"
"6602";"2026-03-14 22:44:10";"22.97";"61.5";"942.22";"3600";"0";"";"";"";"-112";"-1.5";"11711";"1773539050572"
"6603";"2026-03-14 22:44:20";"22.96";"61.5";"942.2";"3560";"0";"";"";"";"-112";"-2";"11712";"1773539060572"
"6604";"2026-03-14 22:44:30";"22.96";"61.5";"942.22";"3580";"0";"";"";"";"-112";"-1.5";"11713";"1773539070568"
"6605";"2026-03-14 22:44:40";"22.96";"61.5";"942.24";"3580";"0";"";"";"";"-112";"-1.7999999523162842";"11714";"1773539080564"
"6606";"2026-03-14 22:44:50";"22.95";"61.5";"942.22";"3580";"0";"";"";"";"-112";"-1.2999999523162842";"11715";"1773539090573"
"6607";"2026-03-14 22:45:00";"22.94";"61.5";"942.2";"3560";"0";"";"";"";"-112";"-1.5";"11716";"1773539100562"
"6608";"2026-03-14 22:45:10";"22.94";"61.5";"942.24";"3560";"0";"";"";"";"-112";"-1.5";"11717";"1773539110538"
"6609";"2026-03-14 22:45:20";"22.94";"61.5";"942.24";"3600";"0";"";"";"";"-112";"-1.5";"11718";"1773539120537"
"6610";"2026-03-14 22:45:30";"22.93";"61.5";"942.22";"3560";"0";"";"";"";"-112";"-1.5";"11719";"1773539130572"
"6611";"2026-03-14 22:45:40";"22.93";"61.5";"942.2";"3580";"0";"";"";"";"-112";"-1.2999999523162842";"11720";"1773539140563"
"6612";"2026-03-14 22:45:50";"22.92";"61.5";"942.22";"3580";"0";"";"";"";"-112";"-1";"11721";"1773539150603"
"6613";"2026-03-14 22:46:00";"22.92";"61.5";"942.22";"3580";"0";"";"";"";"-112";"-1.2999999523162842";"11722";"1773539160570"
"6614";"2026-03-14 22:46:10";"22.91";"61.5";"942.22";"3560";"0";"";"";"";"-112";"-1.5";"11723";"1773539170533"
"6615";"2026-03-14 22:46:20";"22.91";"61.5";"942.24";"3580";"0";"";"";"";"-112";"-1.5";"11724";"1773539180566"
"6616";"2026-03-14 22:46:30";"22.91";"61.5";"942.24";"3600";"0";"";"";"";"-112";"-1.5";"11725";"1773539190566"
"6617";"2026-03-14 22:46:40";"22.9";"61.5";"942.24";"3560";"0";"";"";"";"-112";"-1.5";"11726";"1773539200562"
"6618";"2026-03-14 22:46:50";"22.9";"61.5";"942.26";"3560";"0";"";"";"";"-112";"-1.5";"11727";"1773539210577"
"6619";"2026-03-14 22:47:00";"22.89";"61.5";"942.22";"3560";"0";"";"";"";"-112";"-1";"11728";"1773539220565"
"6620";"2026-03-14 22:47:10";"22.89";"61.5";"942.22";"3600";"0";"";"";"";"-112";"-1.5";"11729";"1773539230559"
"6621";"2026-03-14 22:47:20";"22.88";"61.5";"942.24";"3580";"0";"";"";"";"-112";"-1.7999999523162842";"11730";"1773539240565"
"6622";"2026-03-14 22:47:30";"22.88";"61.5";"942.2";"3560";"0";"";"";"";"-112";"-1.5";"11731";"1773539250584"
"6623";"2026-03-14 22:47:40";"22.87";"61.5";"942.26";"3580";"0";"";"";"";"-112";"-1.5";"11732";"1773539260573"
"6624";"2026-03-14 22:47:50";"22.87";"61.5";"942.22";"3560";"0";"";"";"";"-112";"-1.5";"11733";"1773539270585"
"6625";"2026-03-14 22:48:00";"22.86";"61.5";"942.2";"3600";"0";"";"";"";"-112";"-1.5";"11734";"1773539280561"
"6626";"2026-03-14 22:48:10";"22.86";"61.5";"942.22";"3600";"0";"";"";"";"-112";"-1";"11735";"1773539290562"
"6627";"2026-03-14 22:48:20";"22.85";"61.5";"942.24";"3600";"0";"";"";"";"-112";"-1.5";"11736";"1773539300574"
"6628";"2026-03-14 22:48:30";"22.84";"61.5";"942.28";"3560";"0";"";"";"";"-112";"-1.5";"11737";"1773539310571"
"6629";"2026-03-14 22:48:40";"22.84";"61.5";"942.26";"3580";"0";"";"";"";"-112";"-1.2999999523162842";"11738";"1773539320559"
"6630";"2026-03-14 22:48:50";"22.84";"61.5";"942.24";"3560";"0";"";"";"";"-112";"-1.2999999523162842";"11739";"1773539330569"
"6631";"2026-03-14 22:49:00";"22.84";"61.5";"942.26";"3600";"0";"";"";"";"-112";"-1.7999999523162842";"11740";"1773539340528"
"6632";"2026-03-14 22:49:10";"22.83";"62";"942.22";"3560";"0";"";"";"";"-112";"-1.5";"11741";"1773539350573"
"6633";"2026-03-14 22:49:20";"22.82";"61.5";"942.22";"3560";"0";"";"";"";"-112";"-1.2999999523162842";"11742";"1773539360564"
"6634";"2026-03-14 22:49:30";"22.82";"61.5";"942.22";"3560";"0";"";"";"";"-112";"-1.2999999523162842";"11743";"1773539370565"
"6635";"2026-03-14 22:49:40";"22.81";"62";"942.24";"3560";"0";"";"";"";"-112";"-1";"11744";"1773539380564"
"6636";"2026-03-14 22:49:50";"22.8";"62";"942.22";"3580";"0";"";"";"";"-112";"-1.5";"11745";"1773539390566"
"6637";"2026-03-14 22:50:00";"22.8";"62";"942.24";"3600";"0";"";"";"";"-112";"-1.5";"11746";"1773539400563"
"6638";"2026-03-14 22:50:10";"22.79";"62";"942.22";"3580";"0";"";"";"";"-112";"-1.7999999523162842";"11747";"1773539410573"
"6639";"2026-03-14 22:50:20";"22.79";"62";"942.2";"3560";"0";"";"";"";"-112";"-1.2999999523162842";"11748";"1773539420567"
"6640";"2026-03-14 22:50:30";"22.78";"62";"942.26";"3580";"0";"";"";"";"-112";"-1.2999999523162842";"11749";"1773539430560"
"6641";"2026-03-14 22:50:40";"22.77";"62";"942.2";"3560";"0";"";"";"";"-112";"-1.2999999523162842";"11750";"1773539440557"
"6642";"2026-03-14 22:50:50";"22.77";"62";"942.1800000000001";"3560";"0";"";"";"";"-112";"-1.2999999523162842";"11751";"1773539450568"
"6643";"2026-03-14 22:51:00";"22.77";"62";"942.22";"3580";"0";"";"";"";"-112";"-1.2999999523162842";"11752";"1773539460572"
"6644";"2026-03-14 22:51:10";"22.77";"62";"942.2";"3580";"0";"";"";"";"-112";"-1.5";"11753";"1773539470564"
"6645";"2026-03-14 22:51:20";"22.76";"62";"942.22";"3580";"0";"";"";"";"-112";"-1.5";"11754";"1773539480565"
"6646";"2026-03-14 22:51:30";"22.75";"62";"942.1800000000001";"3580";"0";"";"";"";"-112";"-1";"11755";"1773539490576"
"6647";"2026-03-14 22:51:40";"22.74";"62";"942.22";"3560";"0";"";"";"";"-112";"-1.2999999523162842";"11756";"1773539500561"
"6648";"2026-03-14 22:51:50";"22.74";"62";"942.2";"3600";"0";"";"";"";"-112";"-1.2999999523162842";"11757";"1773539510600"
"6649";"2026-03-14 22:52:00";"22.73";"62";"942.1800000000001";"3560";"0";"";"";"";"-112";"-0.800000011920929";"11758";"1773539520563"
"6650";"2026-03-14 22:52:10";"22.73";"62";"942.1800000000001";"3560";"0";"";"";"";"-112";"-1.5";"11759";"1773539530562"
"6651";"2026-03-14 22:52:20";"22.73";"62";"942.1800000000001";"3560";"0";"";"";"";"-112";"-1.2999999523162842";"11760";"1773539540594"
"6652";"2026-03-14 22:52:30";"22.72";"62";"942.1800000000001";"3560";"0";"";"";"";"-112";"-1";"11761";"1773539550568"
"6653";"2026-03-14 22:52:40";"22.72";"62";"942.2";"3600";"0";"";"";"";"-112";"-1.5";"11762";"1773539560570"
"6654";"2026-03-14 22:52:50";"22.72";"62";"942.1800000000001";"3600";"0";"";"";"";"-112";"-1.2999999523162842";"11763";"1773539570566"
"6655";"2026-03-14 22:53:00";"22.71";"62";"942.1800000000001";"3580";"0";"";"";"";"-112";"-1.2999999523162842";"11764";"1773539580563"
"6656";"2026-03-14 22:53:10";"22.7";"62";"942.2";"3580";"0";"";"";"";"-112";"-1.2999999523162842";"11765";"1773539590558"
"6657";"2026-03-14 22:53:20";"22.69";"62";"942.1800000000001";"3600";"0";"";"";"";"-112";"-1.2999999523162842";"11766";"1773539600565"
"6658";"2026-03-14 22:53:30";"22.69";"62";"942.16";"3600";"0";"";"";"";"-112";"-1";"11767";"1773539610566"
"6659";"2026-03-14 22:53:40";"22.69";"62";"942.14";"3580";"0";"";"";"";"-112";"-1.7999999523162842";"11768";"1773539620563"
"6660";"2026-03-14 22:53:50";"22.68";"62";"942.1800000000001";"3560";"0";"";"";"";"-112";"-1.5";"11769";"1773539630576"
"6661";"2026-03-14 22:54:00";"22.68";"62";"942.16";"3580";"0";"";"";"";"-112";"-1";"11770";"1773539640553"
"6662";"2026-03-14 22:54:10";"22.67";"62";"942.16";"3600";"0";"";"";"";"-112";"-1.2999999523162842";"11771";"1773539650567"
"6663";"2026-03-14 22:54:20";"22.67";"62";"942.2";"3560";"0";"";"";"";"-112";"-1.2999999523162842";"11772";"1773539660569"
"6664";"2026-03-14 22:54:30";"22.66";"62";"942.14";"3600";"0";"";"";"";"-112";"-1.2999999523162842";"11773";"1773539670598"
"6665";"2026-03-14 22:54:40";"22.66";"62";"942.16";"3600";"0";"";"";"";"-112";"-1.5";"11774";"1773539680562"
"6666";"2026-03-14 22:54:50";"22.65";"62";"942.16";"3600";"0";"";"";"";"-112";"-1.5";"11775";"1773539690568"
"6667";"2026-03-14 22:55:00";"22.65";"62";"942.14";"3560";"0";"";"";"";"-112";"-1.5";"11776";"1773539700559"
"6668";"2026-03-14 22:55:10";"22.64";"62";"942.16";"3560";"0";"";"";"";"-112";"-1.2999999523162842";"11777";"1773539710562"
"6669";"2026-03-14 22:55:20";"22.64";"62";"942.16";"3560";"0";"";"";"";"-112";"-1.2999999523162842";"11778";"1773539720563"
"6670";"2026-03-14 22:55:30";"22.63";"62";"942.16";"3560";"0";"";"";"";"-112";"-1.7999999523162842";"11779";"1773539730579"
"6671";"2026-03-14 22:55:40";"22.63";"62";"942.16";"3580";"0";"";"";"";"-112";"-1";"11780";"1773539740573"
"6672";"2026-03-14 22:55:50";"22.63";"62";"942.16";"3600";"0";"";"";"";"-112";"-2";"11781";"1773539750563"
"6673";"2026-03-14 22:56:00";"22.63";"62";"942.16";"3580";"0";"";"";"";"-112";"-1.2999999523162842";"11782";"1773539760565"
"6674";"2026-03-14 22:56:10";"22.62";"62";"942.14";"3580";"0";"";"";"";"-112";"-1.5";"11783";"1773539770570"
"6675";"2026-03-14 22:56:20";"22.61";"62";"942.16";"3600";"0";"";"";"";"-112";"-1";"11784";"1773539780538"
"6676";"2026-03-14 22:56:30";"22.61";"62";"942.16";"3600";"0";"";"";"";"-112";"-1";"11785";"1773539790558"
"6677";"2026-03-14 22:56:40";"22.6";"62";"942.14";"3560";"0";"";"";"";"-112";"-1";"11786";"1773539800571"
"6678";"2026-03-14 22:56:50";"22.6";"62";"942.12";"3600";"0";"";"";"";"-112";"-1";"11787";"1773539810578"
"6679";"2026-03-14 22:57:00";"22.59";"62";"942.14";"3600";"0";"";"";"";"-112";"-1.2999999523162842";"11788";"1773539820568"
"6680";"2026-03-14 22:57:10";"22.59";"62";"942.16";"3560";"0";"";"";"";"-112";"-1.2999999523162842";"11789";"1773539830568"
"6681";"2026-03-14 22:57:20";"22.59";"62";"942.16";"3600";"0";"";"";"";"-112";"-1.2999999523162842";"11790";"1773539840565"
"6682";"2026-03-14 22:57:30";"22.58";"62";"942.1";"3560";"0";"";"";"";"-112";"-1";"11791";"1773539850562"
"6683";"2026-03-14 22:57:40";"22.58";"62";"942.14";"3560";"0";"";"";"";"-112";"-1.2999999523162842";"11792";"1773539860566"
"6684";"2026-03-14 22:57:50";"22.57";"62";"942.14";"3580";"0";"";"";"";"-112";"-1.5";"11793";"1773539870573"
"6685";"2026-03-14 22:58:00";"22.57";"62";"942.12";"3560";"0";"";"";"";"-112";"-1.5";"11794";"1773539880569"
"6686";"2026-03-14 22:58:10";"22.56";"62";"942.1";"3600";"0";"";"";"";"-112";"-1.7999999523162842";"11795";"1773539890560"
"6687";"2026-03-14 22:58:20";"22.56";"62";"942.16";"3560";"0";"";"";"";"-112";"-1.5";"11796";"1773539900565"
"6688";"2026-03-14 22:58:30";"22.56";"62";"942.16";"3560";"0";"";"";"";"-112";"-1";"11797";"1773539910561"
"6689";"2026-03-14 22:58:40";"22.56";"62";"942.14";"3560";"0";"";"";"";"-112";"-1.2999999523162842";"11798";"1773539920563"
"6690";"2026-03-14 22:58:50";"22.55";"62";"942.1";"3560";"0";"";"";"";"-112";"-1.2999999523162842";"11799";"1773539930539"
"6691";"2026-03-14 22:59:00";"22.54";"62";"942.12";"3580";"0";"";"";"";"-112";"-1.2999999523162842";"11800";"1773539940529"
"6692";"2026-03-14 22:59:10";"22.54";"62";"942.12";"3560";"0";"";"";"";"-112";"-1.2999999523162842";"11801";"1773539950566"
"6693";"2026-03-14 22:59:20";"22.54";"62";"942.14";"3560";"0";"";"";"";"-112";"-1.2999999523162842";"11802";"1773539960568"
"6694";"2026-03-14 22:59:30";"22.53";"62";"942.16";"3560";"0";"";"";"";"-112";"-1.2999999523162842";"11803";"1773539970606"
"6695";"2026-03-14 22:59:40";"22.53";"62";"942.16";"3560";"0";"";"";"";"-112";"-1.2999999523162842";"11804";"1773539980563"
"6696";"2026-03-14 22:59:50";"22.52";"62";"942.16";"3600";"0";"";"";"";"-112";"-1";"11805";"1773539990572"
"6697";"2026-03-14 23:00:00";"22.52";"62";"942.14";"3560";"0";"";"";"";"-112";"-1.5";"11806";"1773540000574"
"6698";"2026-03-14 23:00:10";"22.52";"62";"942.16";"3560";"0";"";"";"";"-112";"-2";"11807";"1773540010559"
"6699";"2026-03-14 23:00:20";"22.51";"62";"942.1800000000001";"3560";"0";"";"";"";"-112";"-1.5";"11808";"1773540020565"
"6700";"2026-03-14 23:00:30";"22.5";"62";"942.12";"3600";"0";"";"";"";"-112";"-1";"11809";"1773540030573"
"6701";"2026-03-14 23:00:40";"22.5";"62";"942.14";"3560";"0";"";"";"";"-112";"-1.5";"11810";"1773540040558"
"6702";"2026-03-14 23:00:50";"22.49";"62";"942.16";"3580";"0";"";"";"";"-112";"-1.2999999523162842";"11811";"1773540050581"
"6703";"2026-03-14 23:01:00";"22.49";"62";"942.14";"3560";"0";"";"";"";"-112";"-1.5";"11812";"1773540060566"
"6704";"2026-03-14 23:01:10";"22.48";"62";"942.08";"3560";"0";"";"";"";"-112";"-1.2999999523162842";"11813";"1773540070570"
"6705";"2026-03-14 23:01:20";"22.48";"62";"942.14";"3580";"0";"";"";"";"-112";"-1.2999999523162842";"11814";"1773540080561"
"6706";"2026-03-14 23:01:30";"22.48";"62";"942.14";"3560";"0";"";"";"";"-112";"-1";"11815";"1773540090581"
"6707";"2026-03-14 23:01:40";"22.48";"62";"942.16";"3600";"0";"";"";"";"-112";"-1";"11816";"1773540100569"
"6708";"2026-03-14 23:01:50";"22.47";"62";"942.14";"3560";"0";"";"";"";"-112";"-1";"11817";"1773540110545"
"6709";"2026-03-14 23:02:00";"22.47";"62";"942.16";"3560";"0";"";"";"";"-112";"-1";"11818";"1773540120566"
"6710";"2026-03-14 23:02:10";"22.46";"62";"942.14";"3560";"0";"";"";"";"-112";"-1.2999999523162842";"11819";"1773540130567"
"6711";"2026-03-14 23:02:20";"22.46";"62";"942.14";"3560";"0";"";"";"";"-112";"-1.2999999523162842";"11820";"1773540140566"
"6712";"2026-03-14 23:02:30";"22.46";"62.5";"942.14";"3580";"0";"";"";"";"-112";"-1.2999999523162842";"11821";"1773540150555"
"6713";"2026-03-14 23:02:40";"22.46";"62";"942.14";"3600";"0";"";"";"";"-112";"-1.2999999523162842";"11822";"1773540160566"
"6714";"2026-03-14 23:02:50";"22.45";"62.5";"942.14";"3580";"0";"";"";"";"-112";"-1.7999999523162842";"11823";"1773540170565"
"6715";"2026-03-14 23:03:00";"22.45";"62.5";"942.14";"3580";"0";"";"";"";"-112";"-1.2999999523162842";"11824";"1773540180559"
"6716";"2026-03-14 23:03:10";"22.45";"62.5";"942.16";"3580";"0";"";"";"";"-112";"-1.2999999523162842";"11825";"1773540190562"
"6717";"2026-03-14 23:03:20";"22.45";"62.5";"942.14";"3560";"0";"";"";"";"-112";"-1.2999999523162842";"11826";"1773540200569"
"6718";"2026-03-14 23:03:30";"22.45";"62.5";"942.14";"3580";"0";"";"";"";"-112";"-1.5";"11827";"1773540210536"
"6719";"2026-03-14 23:03:40";"22.44";"62.5";"942.1800000000001";"3580";"0";"";"";"";"-112";"-1";"11828";"1773540220562"
"6720";"2026-03-14 23:03:50";"22.44";"62.5";"942.1800000000001";"3560";"0";"";"";"";"-112";"-1.5";"11829";"1773540230565"
"6721";"2026-03-14 23:04:00";"22.44";"62.5";"942.16";"3580";"0";"";"";"";"-112";"-1.2999999523162842";"11830";"1773540240529"
"6722";"2026-03-14 23:04:10";"22.44";"62.5";"942.12";"3560";"0";"";"";"";"-112";"-1.2999999523162842";"11831";"1773540250536"
"6723";"2026-03-14 23:04:20";"22.43";"62.5";"942.16";"3560";"0";"";"";"";"-112";"-1.2999999523162842";"11832";"1773540260563"
"6724";"2026-03-14 23:04:30";"22.44";"62.5";"942.16";"3580";"0";"";"";"";"-112";"-1.2999999523162842";"11833";"1773540270570"
"6725";"2026-03-14 23:04:40";"22.43";"62.5";"942.1800000000001";"3580";"0";"";"";"";"-112";"-1.2999999523162842";"11834";"1773540280566"
"6726";"2026-03-14 23:04:50";"22.43";"62.5";"942.1800000000001";"3600";"0";"";"";"";"-112";"-1.7999999523162842";"11835";"1773540290544"
"6727";"2026-03-14 23:05:00";"22.43";"62.5";"942.16";"3560";"0";"";"";"";"-112";"-1.7999999523162842";"11836";"1773540300565"
"6728";"2026-03-14 23:05:10";"22.43";"62.5";"942.1800000000001";"3560";"0";"";"";"";"-112";"-1";"11837";"1773540310568"
"6729";"2026-03-14 23:05:20";"22.43";"62.5";"942.16";"3560";"0";"";"";"";"-112";"-1.7999999523162842";"11838";"1773540320558"
"6730";"2026-03-14 23:05:30";"22.43";"62.5";"942.1800000000001";"3580";"0";"";"";"";"-112";"-1.5";"11839";"1773540330578"
"6731";"2026-03-14 23:05:40";"22.43";"62.5";"942.2";"3560";"0";"";"";"";"-112";"-1.2999999523162842";"11840";"1773540340562"
"6732";"2026-03-14 23:05:50";"22.43";"62.5";"942.16";"3580";"0";"";"";"";"-112";"-1.2999999523162842";"11841";"1773540350555"
"6733";"2026-03-14 23:06:00";"22.43";"62.5";"942.2";"3560";"0";"";"";"";"-112";"-1";"11842";"1773540360559"
"6734";"2026-03-14 23:06:10";"22.42";"62.5";"942.1800000000001";"3580";"0";"";"";"";"-112";"-1.7999999523162842";"11843";"1773540370559"
"6735";"2026-03-14 23:06:20";"22.43";"62.5";"942.1800000000001";"3580";"0";"";"";"";"-112";"-1.2999999523162842";"11844";"1773540380564"
"6736";"2026-03-14 23:06:30";"22.42";"62.5";"942.16";"3580";"0";"";"";"";"-112";"-1.2999999523162842";"11845";"1773540390539"
"6737";"2026-03-14 23:06:40";"22.42";"62.5";"942.1800000000001";"3560";"0";"";"";"";"-112";"-1";"11846";"1773540400569"
"6738";"2026-03-14 23:06:50";"22.42";"62.5";"942.1800000000001";"3560";"0";"";"";"";"-112";"-1.5";"11847";"1773540410574"
"6739";"2026-03-14 23:07:00";"22.42";"62.5";"942.1800000000001";"3580";"0";"";"";"";"-112";"-1.2999999523162842";"11848";"1773540420556"
"6740";"2026-03-14 23:07:10";"22.43";"62.5";"942.1800000000001";"3600";"0";"";"";"";"-112";"-1.2999999523162842";"11849";"1773540430566"
"6741";"2026-03-14 23:07:20";"22.42";"62.5";"942.1800000000001";"3560";"0";"";"";"";"-112";"-1.5";"11850";"1773540440562"
"6742";"2026-03-14 23:07:30";"22.42";"62.5";"942.16";"3560";"0";"";"";"";"-112";"-1.2999999523162842";"11851";"1773540450562"
"6743";"2026-03-14 23:07:40";"22.42";"62.5";"942.16";"3580";"0";"";"";"";"-112";"-1";"11852";"1773540460552"
"6744";"2026-03-14 23:07:50";"22.42";"62.5";"942.16";"3600";"0";"";"";"";"-112";"-1.5";"11853";"1773540470571"
"6745";"2026-03-14 23:08:00";"22.42";"62";"942.16";"3580";"0";"";"";"";"-112";"-1.5";"11854";"1773540480569"
"6746";"2026-03-14 23:08:10";"22.42";"62.5";"942.1800000000001";"3580";"0";"";"";"";"-112";"-1";"11855";"1773540490558"
"6747";"2026-03-14 23:08:20";"22.42";"62.5";"942.16";"3580";"0";"";"";"";"-112";"-1";"11856";"1773540500558"
"6748";"2026-03-14 23:08:30";"22.43";"62.5";"942.1800000000001";"3600";"0";"";"";"";"-112";"-1.2999999523162842";"11857";"1773540510560"
"6749";"2026-03-14 23:08:40";"22.42";"62.5";"942.16";"3560";"0";"";"";"";"-112";"-1";"11858";"1773540520569"
"6750";"2026-03-14 23:08:50";"22.43";"62";"942.1800000000001";"3600";"0";"";"";"";"-112";"-1";"11859";"1773540530567"
"6751";"2026-03-14 23:09:00";"22.43";"62.5";"942.1800000000001";"3580";"0";"";"";"";"-112";"-1";"11860";"1773540540558"
"6752";"2026-03-14 23:09:10";"22.43";"62.5";"942.16";"3560";"0";"";"";"";"-112";"-1.5";"11861";"1773540550564"
"6753";"2026-03-14 23:09:20";"22.43";"62.5";"942.1800000000001";"3580";"0";"";"";"";"-112";"-1";"11862";"1773540560557"
"6754";"2026-03-14 23:09:30";"22.43";"62.5";"942.1800000000001";"3600";"0";"";"";"";"-111";"-0.800000011920929";"11863";"1773540570554"
"6755";"2026-03-14 23:09:40";"22.43";"62.5";"942.2";"3580";"0";"";"";"";"-112";"-1";"11864";"1773540580556"
"6756";"2026-03-14 23:09:50";"22.43";"62.5";"942.14";"3580";"0";"";"";"";"-112";"-0.800000011920929";"11865";"1773540590570"
"6757";"2026-03-14 23:10:00";"22.44";"62";"942.2";"3580";"0";"";"";"";"-112";"-0.800000011920929";"11866";"1773540600534"
"6758";"2026-03-14 23:10:10";"22.43";"62";"942.1800000000001";"3580";"0";"";"";"";"-112";"-1";"11867";"1773540610563"
"6759";"2026-03-14 23:10:20";"22.44";"62";"942.1800000000001";"3560";"0";"";"";"";"-112";"-1.2999999523162842";"11868";"1773540620564"
"6760";"2026-03-14 23:10:30";"22.44";"62";"942.22";"3560";"0";"";"";"";"-112";"-1.5";"11869";"1773540630559"
"6761";"2026-03-14 23:10:40";"22.44";"62.5";"942.1800000000001";"3560";"0";"";"";"";"-112";"-1.5";"11870";"1773540640557"
"6762";"2026-03-14 23:10:50";"22.44";"62";"942.1800000000001";"3600";"0";"";"";"";"-112";"-1.2999999523162842";"11871";"1773540650559"
"6763";"2026-03-14 23:11:00";"22.45";"62";"942.1800000000001";"3560";"0";"";"";"";"-112";"-1.2999999523162842";"11872";"1773540660559"
"6764";"2026-03-14 23:11:10";"22.44";"62";"942.1800000000001";"3580";"0";"";"";"";"-112";"-1.2999999523162842";"11873";"1773540670563"
"6765";"2026-03-14 23:11:20";"22.45";"62";"942.22";"3580";"0";"";"";"";"-112";"-1";"11874";"1773540680591"
"6766";"2026-03-14 23:11:30";"22.45";"62";"942.2";"3600";"0";"";"";"";"-112";"-1.7999999523162842";"11875";"1773540690556"
"6767";"2026-03-14 23:11:40";"22.45";"62";"942.2";"3580";"0";"";"";"";"-112";"-1.2999999523162842";"11876";"1773540700560"
"6768";"2026-03-14 23:11:50";"22.45";"62";"942.2";"3580";"0";"";"";"";"-112";"-1.5";"11877";"1773540710574"
"6769";"2026-03-14 23:12:00";"22.45";"62";"942.2";"3600";"0";"";"";"";"-112";"-1.2999999523162842";"11878";"1773540720559"
"6770";"2026-03-14 23:12:10";"22.46";"62";"942.2";"3580";"0";"";"";"";"-112";"-1.5";"11879";"1773540730566"
"6771";"2026-03-14 23:12:20";"22.46";"62";"942.2";"3580";"0";"";"";"";"-112";"-1.5";"11880";"1773540740561"
"6772";"2026-03-14 23:12:30";"22.45";"62";"942.16";"3560";"0";"";"";"";"-112";"-1.2999999523162842";"11881";"1773540750556"
"6773";"2026-03-14 23:12:40";"22.46";"62";"942.16";"3600";"0";"";"";"";"-112";"-1.2999999523162842";"11882";"1773540760529"
"6774";"2026-03-14 23:12:50";"22.46";"62";"942.1800000000001";"3560";"0";"";"";"";"-112";"-1";"11883";"1773540770553"
"6775";"2026-03-14 23:13:00";"22.46";"62";"942.2";"3560";"0";"";"";"";"-112";"-1.2999999523162842";"11884";"1773540780562"
"6776";"2026-03-14 23:13:10";"22.47";"62";"942.2";"3560";"0";"";"";"";"-112";"-1.2999999523162842";"11885";"1773540790550"
"6777";"2026-03-14 23:13:20";"22.47";"62";"942.1800000000001";"3560";"0";"";"";"";"-112";"-1.7999999523162842";"11886";"1773540800560"
"6778";"2026-03-14 23:13:30";"22.47";"62";"942.1800000000001";"3560";"0";"";"";"";"-112";"-1.5";"11887";"1773540810564"
"6779";"2026-03-14 23:13:40";"22.47";"62";"942.2";"3580";"0";"";"";"";"-112";"-1.2999999523162842";"11888";"1773540820557"
"6780";"2026-03-14 23:13:50";"22.47";"62";"942.2";"3560";"0";"";"";"";"-112";"-1.2999999523162842";"11889";"1773540830575"
"6781";"2026-03-14 23:14:00";"22.47";"62";"942.22";"3560";"0";"";"";"";"-112";"-1";"11890";"1773540840564"
"6782";"2026-03-14 23:14:10";"22.47";"62";"942.24";"3580";"0";"";"";"";"-112";"-1.2999999523162842";"11891";"1773540850564"
"6783";"2026-03-14 23:14:20";"22.47";"62";"942.1800000000001";"3560";"0";"";"";"";"-112";"-1.5";"11892";"1773540860556"
"6784";"2026-03-14 23:14:30";"22.48";"62";"942.22";"3580";"0";"";"";"";"-112";"-1.7999999523162842";"11893";"1773540870561"
"6785";"2026-03-14 23:14:40";"22.48";"62";"942.22";"3580";"0";"";"";"";"-112";"-1.5";"11894";"1773540880559"
"6786";"2026-03-14 23:14:50";"22.48";"62";"942.22";"3600";"0";"";"";"";"-112";"-1.2999999523162842";"11895";"1773540890521"
"6787";"2026-03-14 23:15:00";"22.48";"62";"942.22";"3560";"0";"";"";"";"-112";"-1.5";"11896";"1773540900561"
"6788";"2026-03-14 23:15:10";"22.48";"62";"942.22";"3560";"0";"";"";"";"-112";"-1.5";"11897";"1773540910554"
"6789";"2026-03-14 23:15:20";"22.49";"62";"942.22";"3560";"0";"";"";"";"-112";"-1.2999999523162842";"11898";"1773540920558"
"6790";"2026-03-14 23:15:30";"22.49";"62";"942.2";"3560";"0";"";"";"";"-112";"-1.2999999523162842";"11899";"1773540930556"
"6791";"2026-03-14 23:15:40";"22.49";"62";"942.22";"3580";"0";"";"";"";"-112";"-1.2999999523162842";"11900";"1773540940560"
"6792";"2026-03-14 23:15:50";"22.49";"62";"942.16";"3580";"0";"";"";"";"-112";"-1.2999999523162842";"11901";"1773540950566"
"6793";"2026-03-14 23:16:00";"22.49";"62";"942.1800000000001";"3600";"0";"";"";"";"-112";"-1";"11902";"1773540960556"
"6794";"2026-03-14 23:16:10";"22.5";"62";"942.22";"3600";"0";"";"";"";"-112";"-1.2999999523162842";"11903";"1773540970560"
"6795";"2026-03-14 23:16:20";"22.49";"62";"942.2";"3560";"0";"";"";"";"-112";"-1";"11904";"1773540980561"
"6796";"2026-03-14 23:16:30";"22.5";"62";"942.1800000000001";"3560";"0";"";"";"";"-112";"-1";"11905";"1773540990555"
"6797";"2026-03-14 23:16:40";"22.5";"62";"942.2";"3580";"0";"";"";"";"-112";"-1.2999999523162842";"11906";"1773541000556"
"6798";"2026-03-14 23:16:50";"22.5";"62";"942.22";"3600";"0";"";"";"";"-112";"-1.2999999523162842";"11907";"1773541010567"
"6799";"2026-03-14 23:17:00";"22.5";"62";"942.22";"3560";"0";"";"";"";"-112";"-1.2999999523162842";"11908";"1773541020560"
"6800";"2026-03-14 23:17:10";"22.5";"62";"942.22";"3580";"0";"";"";"";"-112";"-1.2999999523162842";"11909";"1773541030556"
"6801";"2026-03-14 23:17:20";"22.5";"62";"942.16";"3560";"0";"";"";"";"-112";"-1.5";"11910";"1773541040568"
"6802";"2026-03-14 23:17:30";"22.51";"62";"942.2";"3600";"0";"";"";"";"-112";"-1";"11911";"1773541050581"
"6803";"2026-03-14 23:17:40";"22.51";"62";"942.2";"3580";"0";"";"";"";"-112";"-1";"11912";"1773541060559"
"6804";"2026-03-14 23:17:50";"22.51";"62";"942.1800000000001";"3560";"0";"";"";"";"-112";"-1.2999999523162842";"11913";"1773541070569"
"6805";"2026-03-14 23:18:00";"22.51";"62";"942.2";"3560";"0";"";"";"";"-112";"-1";"11914";"1773541080560"
"6806";"2026-03-14 23:18:10";"22.52";"62";"942.2";"3580";"0";"";"";"";"-112";"-1.2999999523162842";"11915";"1773541090523"
"6807";"2026-03-14 23:18:20";"22.51";"62";"942.16";"3580";"0";"";"";"";"-112";"-1.2999999523162842";"11916";"1773541100562"
"6808";"2026-03-14 23:18:30";"22.52";"62";"942.2";"3560";"0";"";"";"";"-112";"-1.2999999523162842";"11917";"1773541110555"
"6809";"2026-03-14 23:18:40";"22.52";"62";"942.1800000000001";"3580";"0";"";"";"";"-112";"-1.2999999523162842";"11918";"1773541120580"
"6810";"2026-03-14 23:18:50";"22.52";"62";"942.1800000000001";"3580";"0";"";"";"";"-112";"-1.2999999523162842";"11919";"1773541130573"
"6811";"2026-03-14 23:19:00";"22.52";"62";"942.16";"3560";"0";"";"";"";"-112";"-1";"11920";"1773541140558"
"6812";"2026-03-14 23:19:10";"22.52";"62";"942.16";"3580";"0";"";"";"";"-112";"-1.2999999523162842";"11921";"1773541150556"
"6813";"2026-03-14 23:19:20";"22.52";"62";"942.16";"3560";"0";"";"";"";"-112";"-1";"11922";"1773541160558"
"6814";"2026-03-14 23:19:30";"22.53";"62";"942.16";"3560";"0";"";"";"";"-112";"-1.5";"11923";"1773541170556"
"6815";"2026-03-14 23:19:40";"22.53";"62";"942.14";"3560";"0";"";"";"";"-112";"-1.5";"11924";"1773541180562"
"6816";"2026-03-14 23:19:50";"22.53";"62";"942.16";"3560";"0";"";"";"";"-112";"-1.5";"11925";"1773541190568"
"6817";"2026-03-14 23:20:00";"22.53";"62";"942.1800000000001";"3580";"0";"";"";"";"-112";"-1.2999999523162842";"11926";"1773541200564"
"6818";"2026-03-14 23:20:10";"22.54";"62";"942.1800000000001";"3560";"0";"";"";"";"-112";"-1.5";"11927";"1773541210558"
"6819";"2026-03-14 23:20:20";"22.54";"62";"942.14";"3580";"0";"";"";"";"-112";"-1.2999999523162842";"11928";"1773541220558"
"6820";"2026-03-14 23:20:30";"22.54";"62";"942.16";"3580";"0";"";"";"";"-112";"-1.5";"11929";"1773541230559"
"6821";"2026-03-14 23:20:40";"22.54";"62";"942.14";"3560";"0";"";"";"";"-112";"-1";"11930";"1773541240562"
"6822";"2026-03-14 23:20:50";"22.54";"62";"942.14";"3560";"0";"";"";"";"-112";"-1.2999999523162842";"11931";"1773541250575"
"6823";"2026-03-14 23:21:00";"22.55";"62";"942.14";"3560";"0";"";"";"";"-112";"-2";"11932";"1773541260552"
"6824";"2026-03-14 23:21:10";"22.54";"62";"942.16";"3600";"0";"";"";"";"-112";"-1.7999999523162842";"11933";"1773541270553"
"6825";"2026-03-14 23:21:20";"22.55";"62";"942.1800000000001";"3560";"0";"";"";"";"-112";"-1.5";"11934";"1773541280563"
"6826";"2026-03-14 23:21:30";"22.55";"62";"942.16";"3560";"0";"";"";"";"-112";"-1.2999999523162842";"11935";"1773541290553"
"6827";"2026-03-14 23:21:40";"22.55";"62";"942.16";"3600";"0";"";"";"";"-112";"-1.2999999523162842";"11936";"1773541300568"
"6828";"2026-03-14 23:21:50";"22.56";"62";"942.16";"3580";"0";"";"";"";"-112";"-1.2999999523162842";"11937";"1773541310566"
"6829";"2026-03-14 23:22:00";"22.56";"62";"942.1800000000001";"3560";"0";"";"";"";"-112";"-1.2999999523162842";"11938";"1773541320554"
"6830";"2026-03-14 23:22:10";"22.56";"62";"942.2";"3560";"0";"";"";"";"-112";"-1";"11939";"1773541330561"
"6831";"2026-03-14 23:22:20";"22.56";"62";"942.16";"3560";"0";"";"";"";"-112";"-1.2999999523162842";"11940";"1773541340557"
"6832";"2026-03-14 23:22:30";"22.56";"62";"942.16";"3560";"0";"";"";"";"-112";"-1.2999999523162842";"11941";"1773541350556"
"6833";"2026-03-14 23:22:40";"22.57";"62";"942.16";"3560";"0";"";"";"";"-112";"-1.2999999523162842";"11942";"1773541360565"
"6834";"2026-03-14 23:22:50";"22.57";"62";"942.1800000000001";"3600";"0";"";"";"";"-112";"-1.2999999523162842";"11943";"1773541370524"
"6835";"2026-03-14 23:23:00";"22.57";"62";"942.1800000000001";"3560";"0";"";"";"";"-112";"-1.2999999523162842";"11944";"1773541380561"
"6836";"2026-03-14 23:23:10";"22.57";"62";"942.16";"3580";"0";"";"";"";"-112";"-2.299999952316284";"11945";"1773541390530"
"6837";"2026-03-14 23:23:20";"22.57";"62";"942.14";"3560";"0";"";"";"";"-112";"-2";"11946";"1773541400558"
"6838";"2026-03-14 23:23:30";"22.57";"62";"942.16";"3580";"0";"";"";"";"-112";"-1.7999999523162842";"11947";"1773541410524"
"6839";"2026-03-14 23:23:40";"22.58";"62";"942.2";"3600";"0";"";"";"";"-112";"-1.5";"11948";"1773541420564"
"6840";"2026-03-14 23:23:50";"22.57";"62";"942.2";"3560";"0";"";"";"";"-112";"-1.2999999523162842";"11949";"1773541430564"
"6841";"2026-03-14 23:24:00";"22.58";"62";"942.16";"3580";"0";"";"";"";"-112";"-1.5";"11950";"1773541440565"
"6842";"2026-03-14 23:24:10";"22.58";"62";"942.1800000000001";"3560";"0";"";"";"";"-112";"-1.7999999523162842";"11951";"1773541450563"
"6843";"2026-03-14 23:24:20";"22.58";"62";"942.1800000000001";"3580";"0";"";"";"";"-112";"-1.5";"11952";"1773541460559"
"6844";"2026-03-14 23:24:30";"22.57";"62";"942.16";"3560";"0";"";"";"";"-112";"-1.5";"11953";"1773541470579"
"6845";"2026-03-14 23:24:40";"22.58";"62";"942.22";"3580";"0";"";"";"";"-112";"-1.7999999523162842";"11954";"1773541480565"
"6846";"2026-03-14 23:24:50";"22.58";"62";"942.1800000000001";"3580";"0";"";"";"";"-112";"-1.5";"11955";"1773541490556"
"6847";"2026-03-14 23:25:00";"22.58";"62";"942.2";"3600";"0";"";"";"";"-112";"-1";"11956";"1773541500561"
"6848";"2026-03-14 23:25:10";"22.58";"62";"942.1800000000001";"3560";"0";"";"";"";"-112";"-1";"11957";"1773541510562"
"6849";"2026-03-14 23:25:20";"22.58";"62";"942.1800000000001";"3560";"0";"";"";"";"-112";"-1.5";"11958";"1773541520590"
"6850";"2026-03-14 23:25:30";"22.58";"62";"942.1800000000001";"3560";"0";"";"";"";"-112";"-1.7999999523162842";"11959";"1773541530548"
"6851";"2026-03-14 23:25:40";"22.59";"62";"942.1800000000001";"3600";"0";"";"";"";"-112";"-1.7999999523162842";"11960";"1773541540562"
"6852";"2026-03-14 23:25:50";"22.58";"62";"942.2";"3560";"0";"";"";"";"-112";"-1.7999999523162842";"11961";"1773541550572"
"6853";"2026-03-14 23:26:00";"22.59";"62";"942.2";"3560";"0";"";"";"";"-112";"-1.2999999523162842";"11962";"1773541560553"
"6854";"2026-03-14 23:26:10";"22.59";"62";"942.22";"3580";"0";"";"";"";"-112";"-1.7999999523162842";"11963";"1773541570559"
"6855";"2026-03-14 23:26:20";"22.59";"62";"942.22";"3600";"0";"";"";"";"-112";"-1.2999999523162842";"11964";"1773541580525"
"6856";"2026-03-14 23:26:30";"22.59";"62";"942.1800000000001";"3580";"0";"";"";"";"-112";"-1.7999999523162842";"11965";"1773541590550"
"6857";"2026-03-14 23:26:40";"22.59";"62";"942.2";"3600";"0";"";"";"";"-112";"-1.7999999523162842";"11966";"1773541600564"
"6858";"2026-03-14 23:26:50";"22.59";"62";"942.2";"3560";"0";"";"";"";"-112";"-1.7999999523162842";"11967";"1773541610537"
"6859";"2026-03-14 23:27:00";"22.59";"62";"942.2";"3560";"0";"";"";"";"-112";"-1.5";"11968";"1773541620560"
"6860";"2026-03-14 23:27:10";"22.59";"62";"942.22";"3560";"0";"";"";"";"-112";"-2";"11969";"1773541630570"
"6861";"2026-03-14 23:27:20";"22.59";"62";"942.2";"3560";"0";"";"";"";"-112";"-2.299999952316284";"11970";"1773541640555"
"6862";"2026-03-14 23:27:30";"22.59";"62";"942.22";"3580";"0";"";"";"";"-112";"-1.5";"11971";"1773541650555"
"6863";"2026-03-14 23:27:40";"22.59";"62";"942.2";"3600";"0";"";"";"";"-112";"-1.7999999523162842";"11972";"1773541660563"
"6864";"2026-03-14 23:27:50";"22.59";"62";"942.1800000000001";"3560";"0";"";"";"";"-112";"-1.7999999523162842";"11973";"1773541670557"
"6865";"2026-03-14 23:28:00";"22.59";"62";"942.1800000000001";"3600";"0";"";"";"";"-112";"-1.7999999523162842";"11974";"1773541680561"
"6866";"2026-03-14 23:28:10";"22.6";"62";"942.1800000000001";"3580";"0";"";"";"";"-112";"-2";"11975";"1773541690556"
"6867";"2026-03-14 23:28:20";"22.59";"62";"942.2";"3560";"0";"";"";"";"-112";"-1.7999999523162842";"11976";"1773541700553"
"6868";"2026-03-14 23:28:30";"22.6";"62";"942.1800000000001";"3560";"0";"";"";"";"-112";"-2";"11977";"1773541710550"
"6869";"2026-03-14 23:28:40";"22.6";"62";"942.2";"3560";"0";"";"";"";"-112";"-1.7999999523162842";"11978";"1773541720530"
"6870";"2026-03-14 23:28:50";"22.6";"62";"942.2";"3580";"0";"";"";"";"-112";"-1.7999999523162842";"11979";"1773541730543"
"6871";"2026-03-14 23:29:00";"22.6";"62";"942.16";"3560";"0";"";"";"";"-112";"-2.299999952316284";"11980";"1773541740524"
"6872";"2026-03-14 23:29:10";"22.6";"62";"942.2";"3580";"0";"";"";"";"-112";"-2.299999952316284";"11981";"1773541750558"
"6873";"2026-03-14 23:29:20";"22.6";"62";"942.2";"3560";"0";"";"";"";"-113";"-2.299999952316284";"11982";"1773541760562"
"6874";"2026-03-14 23:29:30";"22.6";"62";"942.1800000000001";"3560";"0";"";"";"";"-112";"-1.7999999523162842";"11983";"1773541770561"
"6875";"2026-03-14 23:29:40";"22.6";"62";"942.2";"3560";"0";"";"";"";"-112";"-2";"11984";"1773541780554"
"6876";"2026-03-14 23:29:50";"22.61";"62";"942.22";"3560";"0";"";"";"";"-112";"-1.2999999523162842";"11985";"1773541790563"
"6877";"2026-03-14 23:30:00";"22.6";"62";"942.1800000000001";"3580";"0";"";"";"";"-112";"-1.7999999523162842";"11986";"1773541800569"
"6878";"2026-03-14 23:30:10";"22.61";"62";"942.1800000000001";"3560";"0";"";"";"";"-112";"-1.7999999523162842";"11987";"1773541810562"
"6879";"2026-03-14 23:30:20";"22.61";"62";"942.2";"3580";"0";"";"";"";"-112";"-1.2999999523162842";"11988";"1773541820553"
"6880";"2026-03-14 23:30:30";"22.61";"62";"942.2";"3600";"0";"";"";"";"-112";"-1.5";"11989";"1773541830554"
"6881";"2026-03-14 23:30:40";"22.61";"62";"942.1800000000001";"3560";"0";"";"";"";"-112";"-1.7999999523162842";"11990";"1773541840557"
"6882";"2026-03-14 23:30:50";"22.61";"62";"942.1800000000001";"3560";"0";"";"";"";"-112";"-2.299999952316284";"11991";"1773541850568"
"6883";"2026-03-14 23:31:00";"22.61";"62";"942.1800000000001";"3560";"0";"";"";"";"-112";"-2";"11992";"1773541860557"
"6884";"2026-03-14 23:31:10";"22.61";"62";"942.16";"3560";"0";"";"";"";"-112";"-2.299999952316284";"11993";"1773541870547"
"6885";"2026-03-14 23:31:20";"22.61";"62";"942.16";"3560";"0";"";"";"";"-112";"-1.2999999523162842";"11994";"1773541880546"
"6886";"2026-03-14 23:31:30";"22.61";"62";"942.16";"3580";"0";"";"";"";"-112";"-1.5";"11995";"1773541890549"
"6887";"2026-03-14 23:31:40";"22.61";"62";"942.2";"3580";"0";"";"";"";"-112";"-1.7999999523162842";"11996";"1773541900554"
"6888";"2026-03-14 23:31:50";"22.61";"62";"942.1800000000001";"3600";"0";"";"";"";"-112";"-1.7999999523162842";"11997";"1773541910559"
"6889";"2026-03-14 23:32:00";"22.61";"62";"942.16";"3580";"0";"";"";"";"-112";"-1.7999999523162842";"11998";"1773541920549"
"6890";"2026-03-14 23:32:10";"22.61";"62";"942.16";"3560";"0";"";"";"";"-112";"-1.7999999523162842";"11999";"1773541930561"
"6891";"2026-03-14 23:32:20";"22.61";"62";"942.16";"3580";"0";"";"";"";"-112";"-1.7999999523162842";"12000";"1773541940563"
"6892";"2026-03-14 23:32:30";"22.61";"62";"942.2";"3560";"0";"";"";"";"-112";"-1.5";"12001";"1773541950556"
"6893";"2026-03-14 23:32:40";"22.62";"62";"942.2";"3580";"0";"";"";"";"-112";"-1.2999999523162842";"12002";"1773541960551"
"6894";"2026-03-14 23:32:50";"22.62";"62";"942.1800000000001";"3580";"0";"";"";"";"-112";"-1.2999999523162842";"12003";"1773541970558"
"6895";"2026-03-14 23:33:00";"22.61";"62";"942.1800000000001";"3560";"0";"";"";"";"-112";"-1";"12004";"1773541980563"
"6896";"2026-03-14 23:33:10";"22.62";"62";"942.22";"3600";"0";"";"";"";"-112";"-1.5";"12005";"1773541990559"
"6897";"2026-03-14 23:33:20";"22.62";"62";"942.2";"3560";"0";"";"";"";"-112";"-1.2999999523162842";"12006";"1773542000554"
"6898";"2026-03-14 23:33:30";"22.62";"62";"942.1800000000001";"3580";"0";"";"";"";"-112";"-1.2999999523162842";"12007";"1773542010526"
"6899";"2026-03-14 23:33:40";"22.62";"62";"942.2";"3560";"0";"";"";"";"-112";"-1.2999999523162842";"12008";"1773542020559"
"6900";"2026-03-14 23:33:50";"22.62";"62";"942.2";"3560";"0";"";"";"";"-112";"-1";"12009";"1773542030569"
"6901";"2026-03-14 23:34:00";"22.62";"62";"942.22";"3560";"0";"";"";"";"-112";"-1.2999999523162842";"12010";"1773542040562"
"6902";"2026-03-14 23:34:10";"22.62";"62";"942.2";"3580";"0";"";"";"";"-112";"-1.5";"12011";"1773542050557"
"6903";"2026-03-14 23:34:20";"22.63";"62";"942.24";"3580";"0";"";"";"";"-112";"-1.2999999523162842";"12012";"1773542060561"
"6904";"2026-03-14 23:34:30";"22.62";"62";"942.2";"3560";"0";"";"";"";"-112";"-1.5";"12013";"1773542070549"
"6905";"2026-03-14 23:34:40";"22.62";"62";"942.22";"3560";"0";"";"";"";"-112";"-1.2999999523162842";"12014";"1773542080550"
"6906";"2026-03-14 23:34:50";"22.63";"62";"942.22";"3560";"0";"";"";"";"-112";"-1";"12015";"1773542090563"
"6907";"2026-03-14 23:35:00";"22.63";"62";"942.26";"3580";"0";"";"";"";"-112";"-1.2999999523162842";"12016";"1773542100561"
"6908";"2026-03-14 23:35:10";"22.63";"62";"942.22";"3560";"0";"";"";"";"-112";"-1.2999999523162842";"12017";"1773542110561"
"6909";"2026-03-14 23:35:20";"22.63";"62";"942.2";"3580";"0";"";"";"";"-112";"-1.2999999523162842";"12018";"1773542120560"
"6910";"2026-03-14 23:35:30";"22.63";"62";"942.1800000000001";"3560";"0";"";"";"";"-112";"-1.5";"12019";"1773542130550"
"6911";"2026-03-14 23:35:40";"22.63";"62";"942.22";"3580";"0";"";"";"";"-112";"-1.2999999523162842";"12020";"1773542140553"
"6912";"2026-03-14 23:35:50";"22.63";"62";"942.2";"3580";"0";"";"";"";"-112";"-1.2999999523162842";"12021";"1773542150561"
"6913";"2026-03-14 23:36:00";"22.63";"62";"942.22";"3560";"0";"";"";"";"-112";"-1.2999999523162842";"12022";"1773542160550"
"6914";"2026-03-14 23:36:10";"22.63";"62";"942.22";"3560";"0";"";"";"";"-112";"-1.2999999523162842";"12023";"1773542170545"
"6915";"2026-03-14 23:36:20";"22.63";"62";"942.2";"3580";"0";"";"";"";"-112";"-1.2999999523162842";"12024";"1773542180544"
"6916";"2026-03-14 23:36:30";"22.63";"62";"942.2";"3560";"0";"";"";"";"-112";"-1.2999999523162842";"12025";"1773542190553"
"6917";"2026-03-14 23:36:40";"22.64";"62";"942.1800000000001";"3560";"0";"";"";"";"-112";"-1";"12026";"1773542200558"
"6918";"2026-03-14 23:36:50";"22.63";"62";"942.2";"3580";"0";"";"";"";"-112";"-1.7999999523162842";"12027";"1773542210557"
"6919";"2026-03-14 23:37:00";"22.63";"62";"942.1800000000001";"3560";"0";"";"";"";"-112";"-1.5";"12028";"1773542220557"
"6920";"2026-03-14 23:37:10";"22.63";"62";"942.2";"3560";"0";"";"";"";"-112";"-1.2999999523162842";"12029";"1773542230555"
"6921";"2026-03-14 23:37:20";"22.64";"62";"942.2";"3580";"0";"";"";"";"-112";"-1";"12030";"1773542240550"
"6922";"2026-03-14 23:37:30";"22.64";"62";"942.2";"3560";"0";"";"";"";"-112";"-1";"12031";"1773542250564"
"6923";"2026-03-14 23:37:40";"22.64";"62";"942.2";"3580";"0";"";"";"";"-112";"-1";"12032";"1773542260559"
"6924";"2026-03-14 23:37:50";"22.63";"62";"942.16";"3600";"0";"";"";"";"-112";"-1.5";"12033";"1773542270564"
"6925";"2026-03-14 23:38:00";"22.63";"62";"942.1800000000001";"3580";"0";"";"";"";"-112";"-1.5";"12034";"1773542280553"
"6926";"2026-03-14 23:38:10";"22.64";"62";"942.16";"3560";"0";"";"";"";"-112";"-1.2999999523162842";"12035";"1773542290558"
"6927";"2026-03-14 23:38:20";"22.64";"62";"942.1800000000001";"3560";"0";"";"";"";"-112";"-1.2999999523162842";"12036";"1773542300557"
"6928";"2026-03-14 23:38:30";"22.64";"62";"942.1800000000001";"3560";"0";"";"";"";"-112";"-1.5";"12037";"1773542310555"
"6929";"2026-03-14 23:38:40";"22.64";"62";"942.1800000000001";"3580";"0";"";"";"";"-112";"-1.5";"12038";"1773542320553"
"6930";"2026-03-14 23:38:50";"22.64";"62";"942.16";"3560";"0";"";"";"";"-112";"-1.2999999523162842";"12039";"1773542330558"
"6931";"2026-03-14 23:39:00";"22.64";"62";"942.14";"3560";"0";"";"";"";"-112";"-1.5";"12040";"1773542340561"
"6932";"2026-03-14 23:39:10";"22.64";"62";"942.14";"3560";"0";"";"";"";"-112";"-1.2999999523162842";"12041";"1773542350522"
"6933";"2026-03-14 23:39:20";"22.65";"62";"942.12";"3580";"0";"";"";"";"-112";"-1.2999999523162842";"12042";"1773542360549"
"6934";"2026-03-14 23:39:30";"22.65";"62";"942.14";"3560";"0";"";"";"";"-112";"-0.800000011920929";"12043";"1773542370572"
"6935";"2026-03-14 23:39:40";"22.65";"62";"942.12";"3580";"0";"";"";"";"-112";"-1.2999999523162842";"12044";"1773542380556"
"6936";"2026-03-14 23:39:50";"22.65";"62";"942.14";"3580";"0";"";"";"";"-112";"-1";"12045";"1773542390601"
"6937";"2026-03-14 23:40:00";"22.65";"62";"942.1";"3560";"0";"";"";"";"-112";"-0.800000011920929";"12046";"1773542400564"
"6938";"2026-03-14 23:40:10";"22.65";"62";"942.1";"3580";"0";"";"";"";"-112";"-1";"12047";"1773542410559"
"6939";"2026-03-14 23:40:20";"22.65";"62";"942.12";"3560";"0";"";"";"";"-112";"-1";"12048";"1773542420560"
"6940";"2026-03-14 23:40:30";"22.66";"62";"942.12";"3560";"0";"";"";"";"-111";"-0.800000011920929";"12049";"1773542430580"
"6941";"2026-03-14 23:40:40";"22.65";"62";"942.14";"3560";"0";"";"";"";"-112";"-0.800000011920929";"12050";"1773542440555"
"6942";"2026-03-14 23:40:50";"22.65";"62";"942.12";"3560";"0";"";"";"";"-112";"-1";"12051";"1773542450551"
"6943";"2026-03-14 23:41:00";"22.66";"62";"942.1";"3580";"0";"";"";"";"-112";"-1";"12052";"1773542460549"
"6944";"2026-03-14 23:41:10";"22.66";"62";"942.08";"3600";"0";"";"";"";"-112";"-1.2999999523162842";"12053";"1773542470560"
"6945";"2026-03-14 23:41:20";"22.65";"62";"942.12";"3580";"0";"";"";"";"-112";"-1.2999999523162842";"12054";"1773542480546"
"6946";"2026-03-14 23:41:30";"22.66";"62";"942.08";"3560";"0";"";"";"";"-112";"-1";"12055";"1773542490571"
"6947";"2026-03-14 23:41:40";"22.66";"62";"942.12";"3580";"0";"";"";"";"-112";"-1.5";"12056";"1773542500560"
"6948";"2026-03-14 23:41:50";"22.66";"62";"942.12";"3560";"0";"";"";"";"-112";"-1.5";"12057";"1773542510527"
"6949";"2026-03-14 23:42:00";"22.66";"62";"942.12";"3600";"0";"";"";"";"-112";"-1.2999999523162842";"12058";"1773542520559"
"6950";"2026-03-14 23:42:10";"22.66";"62";"942.1";"3560";"0";"";"";"";"-112";"-1.2999999523162842";"12059";"1773542530549"
"6951";"2026-03-14 23:42:20";"22.66";"62";"942.1";"3560";"0";"";"";"";"-112";"-1.2999999523162842";"12060";"1773542540549"
"6952";"2026-03-14 23:42:30";"22.66";"62";"942.12";"3580";"0";"";"";"";"-112";"-1.2999999523162842";"12061";"1773542550571"
"6953";"2026-03-14 23:42:40";"22.66";"62";"942.12";"3560";"0";"";"";"";"-112";"-1";"12062";"1773542560560"
"6954";"2026-03-14 23:42:50";"22.66";"62";"942.12";"3580";"0";"";"";"";"-112";"-1";"12063";"1773542570554"
"6955";"2026-03-14 23:43:00";"22.66";"62";"942.1";"3560";"0";"";"";"";"-112";"-1.2999999523162842";"12064";"1773542580554"
"6956";"2026-03-14 23:43:10";"22.66";"62";"942.1";"3560";"0";"";"";"";"-112";"-1.5";"12065";"1773542590542"
"6957";"2026-03-14 23:43:20";"22.67";"62";"942.1";"3560";"0";"";"";"";"-112";"-1.2999999523162842";"12066";"1773542600547"
"6958";"2026-03-14 23:43:30";"22.67";"62";"942.1";"3580";"0";"";"";"";"-111";"-0.800000011920929";"12067";"1773542610567"
"6959";"2026-03-14 23:43:40";"22.67";"62";"942.1";"3540";"0";"";"";"";"-112";"-1.2999999523162842";"12068";"1773542620546"
"6960";"2026-03-14 23:43:50";"22.66";"62";"942.1";"3580";"0";"";"";"";"-112";"-1";"12069";"1773542630548"
"6961";"2026-03-14 23:44:00";"22.66";"62";"942.1";"3580";"0";"";"";"";"-112";"-1";"12070";"1773542640560"
"6962";"2026-03-14 23:44:10";"22.67";"62";"942.1";"3560";"0";"";"";"";"-112";"-1.2999999523162842";"12071";"1773542650552"
"6963";"2026-03-14 23:44:20";"22.67";"62";"942.14";"3560";"0";"";"";"";"-112";"-0.800000011920929";"12072";"1773542660559"
"6964";"2026-03-14 23:44:30";"22.67";"62";"942.12";"3560";"0";"";"";"";"-112";"-1.5";"12073";"1773542670549"
"6965";"2026-03-14 23:44:40";"22.67";"62";"942.08";"3560";"0";"";"";"";"-112";"-1.5";"12074";"1773542680552"
"6966";"2026-03-14 23:44:50";"22.67";"62";"942.12";"3540";"0";"";"";"";"-112";"-0.800000011920929";"12075";"1773542690536"
"6967";"2026-03-14 23:45:00";"22.67";"62";"942.12";"3580";"0";"";"";"";"-112";"-0.800000011920929";"12076";"1773542700548"
"6968";"2026-03-14 23:45:10";"22.67";"62";"942.1";"3580";"0";"";"";"";"-112";"-1";"12077";"1773542710552"
"6969";"2026-03-14 23:45:20";"22.67";"62";"942.12";"3560";"0";"";"";"";"-112";"-1";"12078";"1773542720545"
"6970";"2026-03-14 23:45:30";"22.67";"62";"942.12";"3580";"0";"";"";"";"-112";"-1.2999999523162842";"12079";"1773542730546"
"6971";"2026-03-14 23:45:40";"22.67";"62";"942.12";"3560";"0";"";"";"";"-112";"-1";"12080";"1773542740555"
"6972";"2026-03-14 23:45:50";"22.67";"62";"942.12";"3560";"0";"";"";"";"-112";"-1";"12081";"1773542750566"
"6973";"2026-03-14 23:46:00";"22.67";"62";"942.14";"3600";"0";"";"";"";"-112";"-1.5";"12082";"1773542760551"
"6974";"2026-03-14 23:46:10";"22.68";"62";"942.16";"3560";"0";"";"";"";"-112";"-1.5";"12083";"1773542770558"
"6975";"2026-03-14 23:46:20";"22.68";"62";"942.16";"3560";"0";"";"";"";"-112";"-1.5";"12084";"1773542780551"
"6976";"2026-03-14 23:46:30";"22.67";"62";"942.14";"3580";"0";"";"";"";"-112";"-1.5";"12085";"1773542790542"
"6977";"2026-03-14 23:46:40";"22.68";"62";"942.14";"3580";"0";"";"";"";"-112";"-1.7999999523162842";"12086";"1773542800526"
"6978";"2026-03-14 23:46:50";"22.68";"62";"942.16";"3560";"0";"";"";"";"-112";"-1.2999999523162842";"12087";"1773542810552"
"6979";"2026-03-14 23:47:00";"22.67";"62";"942.14";"3560";"0";"";"";"";"-112";"-1";"12088";"1773542820552"
"6980";"2026-03-14 23:47:10";"22.68";"62";"942.1800000000001";"3580";"0";"";"";"";"-112";"-1.2999999523162842";"12089";"1773542830551"
"6981";"2026-03-14 23:47:20";"22.68";"62";"942.14";"3560";"0";"";"";"";"-112";"-1.2999999523162842";"12090";"1773542840553"
"6982";"2026-03-14 23:47:30";"22.68";"62";"942.16";"3580";"0";"";"";"";"-112";"-1";"12091";"1773542850568"
"6983";"2026-03-14 23:47:40";"22.68";"62";"942.16";"3540";"0";"";"";"";"-112";"-1.2999999523162842";"12092";"1773542860556"
"6984";"2026-03-14 23:47:50";"22.68";"62";"942.14";"3560";"0";"";"";"";"-112";"-1";"12093";"1773542870530"
"6985";"2026-03-14 23:48:00";"22.68";"62";"942.16";"3580";"0";"";"";"";"-112";"-1.2999999523162842";"12094";"1773542880564"
"6986";"2026-03-14 23:48:10";"22.68";"62";"942.14";"3560";"0";"";"";"";"-112";"-1";"12095";"1773542890556"
"6987";"2026-03-14 23:48:20";"22.68";"62";"942.14";"3540";"0";"";"";"";"-112";"-1.2999999523162842";"12096";"1773542900555"
"6988";"2026-03-14 23:48:30";"22.68";"62";"942.14";"3560";"0";"";"";"";"-112";"-1.2999999523162842";"12097";"1773542910550"
"6989";"2026-03-14 23:48:40";"22.69";"62";"942.1800000000001";"3580";"0";"";"";"";"-112";"-1";"12098";"1773542920545"
"6990";"2026-03-14 23:48:50";"22.68";"62";"942.14";"3560";"0";"";"";"";"-112";"-1.2999999523162842";"12099";"1773542930557"
"6991";"2026-03-14 23:49:00";"22.68";"62";"942.14";"3540";"0";"";"";"";"-112";"-1";"12100";"1773542940553"
"6992";"2026-03-14 23:49:10";"22.68";"62";"942.16";"3560";"0";"";"";"";"-112";"-1.2999999523162842";"12101";"1773542950553"
"6993";"2026-03-14 23:49:20";"22.68";"61.5";"942.14";"3560";"0";"";"";"";"-112";"-0.800000011920929";"12102";"1773542960557"
"6994";"2026-03-14 23:49:30";"22.68";"62";"942.1800000000001";"3540";"0";"";"";"";"-112";"-1";"12103";"1773542970565"
"6995";"2026-03-14 23:49:40";"22.69";"61.5";"942.14";"3580";"0";"";"";"";"-112";"-1";"12104";"1773542980557"
"6996";"2026-03-14 23:49:50";"22.69";"62";"942.14";"3560";"0";"";"";"";"-112";"-1";"12105";"1773542990548"
"6997";"2026-03-14 23:50:00";"22.69";"62";"942.14";"3580";"0";"";"";"";"-112";"-1";"12106";"1773543000557"
"6998";"2026-03-14 23:50:10";"22.69";"62";"942.1800000000001";"3540";"0";"";"";"";"-112";"-1.2999999523162842";"12107";"1773543010556"
"6999";"2026-03-14 23:50:20";"22.68";"62";"942.12";"3560";"0";"";"";"";"-112";"-1.2999999523162842";"12108";"1773543020552"
"7000";"2026-03-14 23:50:30";"22.69";"62";"942.16";"3560";"0";"";"";"";"-112";"-1.2999999523162842";"12109";"1773543030560"
"7001";"2026-03-14 23:50:40";"22.69";"61.5";"942.1800000000001";"3560";"0";"";"";"";"-112";"-1.2999999523162842";"12110";"1773543040551"
"7002";"2026-03-14 23:50:50";"22.69";"62";"942.14";"3560";"0";"";"";"";"-112";"-1.2999999523162842";"12111";"1773543050560"
"7003";"2026-03-14 23:51:00";"22.69";"62";"942.14";"3580";"0";"";"";"";"-112";"-0.800000011920929";"12112";"1773543060551"
"7004";"2026-03-14 23:51:10";"22.69";"62";"942.12";"3580";"0";"";"";"";"-112";"-1.2999999523162842";"12113";"1773543070558"
"7005";"2026-03-14 23:51:20";"22.69";"61.5";"942.16";"3580";"0";"";"";"";"-112";"-1.2999999523162842";"12114";"1773543080553"
"7006";"2026-03-14 23:51:30";"22.69";"62";"942.14";"3560";"0";"";"";"";"-112";"-1.2999999523162842";"12115";"1773543090581"
"7007";"2026-03-14 23:51:40";"22.69";"61.5";"942.14";"3540";"0";"";"";"";"-112";"-1";"12116";"1773543100562"
"7008";"2026-03-14 23:51:50";"22.69";"62";"942.14";"3560";"0";"";"";"";"-112";"-1.2999999523162842";"12117";"1773543110556"
"7009";"2026-03-14 23:52:00";"22.69";"61.5";"942.16";"3560";"0";"";"";"";"-112";"-1.5";"12118";"1773543120550"
"7010";"2026-03-14 23:52:10";"22.7";"61.5";"942.14";"3580";"0";"";"";"";"-112";"-1.2999999523162842";"12119";"1773543130543"
"7011";"2026-03-14 23:52:20";"22.7";"62";"942.16";"3580";"0";"";"";"";"-112";"-1.2999999523162842";"12120";"1773543140547"
"7012";"2026-03-14 23:52:30";"22.69";"61.5";"942.16";"3580";"0";"";"";"";"-112";"-1";"12121";"1773543150558"
"7013";"2026-03-14 23:52:40";"22.7";"62";"942.16";"3560";"0";"";"";"";"-112";"-0.800000011920929";"12122";"1773543160554"
"7014";"2026-03-14 23:52:50";"22.7";"61.5";"942.16";"3560";"0";"";"";"";"-112";"-1";"12123";"1773543170548"
"7015";"2026-03-14 23:53:00";"22.7";"62";"942.12";"3540";"0";"";"";"";"-112";"-1";"12124";"1773543180555"
"7016";"2026-03-14 23:53:10";"22.7";"62";"942.12";"3540";"0";"";"";"";"-112";"-1";"12125";"1773543190550"
"7017";"2026-03-14 23:53:20";"22.7";"61.5";"942.14";"3540";"0";"";"";"";"-112";"-1.2999999523162842";"12126";"1773543200550"
"7018";"2026-03-14 23:53:30";"22.7";"61.5";"942.16";"3560";"0";"";"";"";"-112";"-1.2999999523162842";"12127";"1773543210537"
"7019";"2026-03-14 23:53:40";"22.7";"62";"942.1800000000001";"3560";"0";"";"";"";"-112";"-1";"12128";"1773543220553"
"7020";"2026-03-14 23:53:50";"22.69";"62";"942.14";"3560";"0";"";"";"";"-112";"-1.2999999523162842";"12129";"1773543230557"
"7021";"2026-03-14 23:54:00";"22.69";"62";"942.14";"3560";"0";"";"";"";"-112";"-1";"12130";"1773543240558"
"7022";"2026-03-14 23:54:10";"22.7";"61.5";"942.12";"3540";"0";"";"";"";"-112";"-1";"12131";"1773543250557"
"7023";"2026-03-14 23:54:20";"22.7";"61.5";"942.16";"3580";"0";"";"";"";"-112";"-1";"12132";"1773543260554"
"7024";"2026-03-14 23:54:30";"22.7";"62";"942.14";"3560";"0";"";"";"";"-112";"-1";"12133";"1773543270544"
"7025";"2026-03-14 23:54:40";"22.7";"61.5";"942.12";"3560";"0";"";"";"";"-112";"-1";"12134";"1773543280568"
"7026";"2026-03-14 23:54:50";"22.7";"62";"942.12";"3580";"0";"";"";"";"-112";"-1";"12135";"1773543290564"
"7027";"2026-03-14 23:55:00";"22.7";"62";"942.12";"3580";"0";"";"";"";"-112";"-1.2999999523162842";"12136";"1773543300560"
"7028";"2026-03-14 23:55:10";"22.7";"62";"942.16";"3540";"0";"";"";"";"-112";"-1.2999999523162842";"12137";"1773543310552"
"7029";"2026-03-14 23:55:20";"22.7";"62";"942.12";"3540";"0";"";"";"";"-111";"-1";"12138";"1773543320538"
"7030";"2026-03-14 23:55:30";"22.7";"62";"942.1";"3580";"0";"";"";"";"-112";"-1.2999999523162842";"12139";"1773543330724"
"7031";"2026-03-14 23:55:40";"22.71";"62";"942.08";"3560";"0";"";"";"";"-112";"-2";"12140";"1773543340547"
"7032";"2026-03-14 23:55:50";"22.71";"61.5";"942.14";"3540";"0";"";"";"";"-112";"-1.7999999523162842";"12141";"1773543350567"
"7033";"2026-03-14 23:56:00";"22.7";"62";"942.1";"3560";"0";"";"";"";"-112";"-1";"12142";"1773543360552"
"7034";"2026-03-14 23:56:10";"22.7";"62";"942.1";"3560";"0";"";"";"";"-112";"-0.800000011920929";"12143";"1773543370552"
"7035";"2026-03-14 23:56:20";"22.7";"61.5";"942.1";"3560";"0";"";"";"";"-112";"-1";"12144";"1773543380557"
"7036";"2026-03-14 23:56:30";"22.71";"61.5";"942.08";"3560";"0";"";"";"";"-112";"-1.7999999523162842";"12145";"1773543390544"
"7037";"2026-03-14 23:56:40";"22.7";"62";"942.1";"3580";"0";"";"";"";"-112";"-1.2999999523162842";"12146";"1773543400548"
"7038";"2026-03-14 23:56:50";"22.7";"62";"942.1";"3580";"0";"";"";"";"-112";"-2";"12147";"1773543410547"
"7039";"2026-03-14 23:57:00";"22.7";"61.5";"942.1";"3580";"0";"";"";"";"-112";"-1.5";"12148";"1773543420558"
"7040";"2026-03-14 23:57:10";"22.7";"61.5";"942.1";"3540";"0";"";"";"";"-112";"-2";"12149";"1773543430548"
"7041";"2026-03-14 23:57:20";"22.7";"61.5";"942.12";"3560";"0";"";"";"";"-112";"-1.5";"12150";"1773543440548"
"7042";"2026-03-14 23:57:30";"22.71";"61.5";"942.12";"3560";"0";"";"";"";"-112";"-1.7999999523162842";"12151";"1773543450551"
"7043";"2026-03-14 23:57:40";"22.71";"61.5";"942.12";"3560";"0";"";"";"";"-112";"-1.2999999523162842";"12152";"1773543460565"
"7044";"2026-03-14 23:57:50";"22.7";"62";"942.14";"3580";"0";"";"";"";"-112";"-1.2999999523162842";"12153";"1773543470571"
"7045";"2026-03-14 23:58:00";"22.71";"61.5";"942.1";"3580";"0";"";"";"";"-112";"-1.2999999523162842";"12154";"1773543480553"
"7046";"2026-03-14 23:58:10";"22.71";"61.5";"942.14";"3540";"0";"";"";"";"-112";"-1";"12155";"1773543490552"
"7047";"2026-03-14 23:58:20";"22.71";"61.5";"942.12";"3540";"0";"";"";"";"-112";"-1.5";"12156";"1773543500556"
"7048";"2026-03-14 23:58:30";"22.71";"62";"942.12";"3560";"0";"";"";"";"-112";"-1.5";"12157";"1773543510545"
"7049";"2026-03-14 23:58:40";"22.71";"61.5";"942.12";"3560";"0";"";"";"";"-112";"-1.2999999523162842";"12158";"1773543520551"
"7050";"2026-03-14 23:58:50";"22.71";"61.5";"942.12";"3560";"0";"";"";"";"-112";"-1";"12159";"1773543530553"
"7051";"2026-03-14 23:59:00";"22.71";"61.5";"942.14";"3560";"0";"";"";"";"-112";"-1.2999999523162842";"12160";"1773543540549"
"7052";"2026-03-14 23:59:10";"22.71";"62";"942.1";"3560";"0";"";"";"";"-112";"-1.2999999523162842";"12161";"1773543550554"
"7053";"2026-03-14 23:59:20";"22.71";"61.5";"942.12";"3560";"0";"";"";"";"-112";"-1.2999999523162842";"12162";"1773543560549"
"7054";"2026-03-14 23:59:30";"22.71";"62";"942.14";"3540";"0";"";"";"";"-112";"-1.5";"12163";"1773543570541"
"7055";"2026-03-14 23:59:40";"22.71";"61.5";"942.16";"3580";"0";"";"";"";"-112";"-1.2999999523162842";"12164";"1773543580549"
"7056";"2026-03-14 23:59:50";"22.71";"61.5";"942.12";"3560";"0";"";"";"";"-112";"-1.2999999523162842";"12165";"1773543590553"
