"Nº","Data e Hora (America/Sao_Paulo)","Temperatura (°C)","Umidade Relativa (%)","Pressão Atmosférica (hPa)","Tensão do Sistema (mV)","Luminosidade (lux)","Latitude (°)","Longitude (°)","Altitude (m)","RSSI (dBm)","SNR (dB)","Frame Counter","Timestamp Aquisição (ms)"
"1","2026-03-08 00:00:00","23.37","59","943.24","3400","0","","","","-113","-4.800000190734863","32164","1772938800072"
"2","2026-03-08 00:00:10","23.37","59","943.26","3440","0","","","","-113","-4.5","32165","1772938810072"
"3","2026-03-08 00:00:20","23.38","59","943.22","3400","0","","","","-113","-5","32166","1772938820043"
"4","2026-03-08 00:00:30","23.37","59","943.26","3400","0","","","","-113","-5.300000190734863","32167","1772938830067"
"5","2026-03-08 00:00:40","23.37","59","943.28","3440","0","","","","-113","-5","32168","1772938840067"
"6","2026-03-08 00:00:50","23.37","59","943.26","3400","0","","","","-113","-5","32169","1772938850036"
"7","2026-03-08 00:01:00","23.37","59","943.28","3420","0","","","","-113","-4.800000190734863","32170","1772938860061"
"8","2026-03-08 00:01:10","23.38","59","943.28","3420","0","","","","-113","-5.300000190734863","32171","1772938870080"
"9","2026-03-08 00:01:20","23.38","59","943.3000000000001","3400","0","","","","-113","-4.5","32172","1772938880056"
"10","2026-03-08 00:01:30","23.37","59","943.26","3420","0","","","","-113","-4.5","32173","1772938890063"
"11","2026-03-08 00:01:40","23.37","59","943.28","3420","0","","","","-113","-5","32174","1772938900070"
"12","2026-03-08 00:01:50","23.37","59","943.28","3440","0","","","","-113","-4.800000190734863","32175","1772938910061"
"13","2026-03-08 00:02:00","23.37","59","943.26","3440","0","","","","-113","-4.5","32176","1772938920070"
"14","2026-03-08 00:02:10","23.36","59","943.26","3420","0","","","","-113","-4.800000190734863","32177","1772938930066"
"15","2026-03-08 00:02:20","23.37","59","943.28","3440","0","","","","-113","-5.300000190734863","32178","1772938940074"
"16","2026-03-08 00:02:30","23.37","59","943.3000000000001","3400","0","","","","-113","-5.5","32179","1772938950073"
"17","2026-03-08 00:02:40","23.37","59","943.28","3420","0","","","","-113","-5.5","32180","1772938960061"
"18","2026-03-08 00:02:50","23.36","59","943.26","3400","0","","","","-113","-5.5","32181","1772938970106"
"19","2026-03-08 00:03:00","23.37","59","943.28","3440","0","","","","-113","-5","32182","1772938980027"
"20","2026-03-08 00:03:10","23.37","59","943.26","3420","0","","","","-113","-5","32183","1772938990071"
"21","2026-03-08 00:03:20","23.37","59","943.28","3420","0","","","","-113","-5","32184","1772939000063"
"22","2026-03-08 00:03:30","23.37","59","943.28","3400","0","","","","-113","-4.800000190734863","32185","1772939010071"
"23","2026-03-08 00:03:40","23.37","59","943.26","3420","0","","","","-113","-4","32186","1772939020061"
"24","2026-03-08 00:03:50","23.36","59","943.3000000000001","3420","0","","","","-112","-3.5","32187","1772939030030"
"25","2026-03-08 00:04:00","23.36","59","943.24","3420","0","","","","-113","-4.800000190734863","32188","1772939040067"
"26","2026-03-08 00:04:10","23.37","59","943.3000000000001","3420","0","","","","-113","-4.800000190734863","32189","1772939050059"
"27","2026-03-08 00:04:20","23.36","59","943.3000000000001","3400","0","","","","-113","-5","32190","1772939060065"
"28","2026-03-08 00:04:30","23.37","59","943.28","3420","0","","","","-113","-5","32191","1772939070063"
"29","2026-03-08 00:04:40","23.36","59","943.24","3440","0","","","","-113","-4.300000190734863","32192","1772939080072"
"30","2026-03-08 00:04:50","23.36","59","943.28","3420","0","","","","-113","-4.800000190734863","32193","1772939090025"
"31","2026-03-08 00:05:00","23.36","59","943.24","3400","0","","","","-113","-4.5","32194","1772939100032"
"32","2026-03-08 00:05:10","23.36","59","943.26","3400","0","","","","-113","-4.300000190734863","32195","1772939110071"
"33","2026-03-08 00:05:20","23.36","59","943.28","3400","0","","","","-113","-4.5","32196","1772939120028"
"34","2026-03-08 00:05:30","23.36","59","943.28","3420","0","","","","-113","-4.800000190734863","32197","1772939130063"
"35","2026-03-08 00:05:40","23.37","59","943.28","3420","0","","","","-113","-5.5","32198","1772939140060"
"36","2026-03-08 00:05:50","23.37","59","943.3000000000001","3420","0","","","","-114","-7.300000190734863","32199","1772939150068"
"37","2026-03-08 00:06:00","23.36","59","943.26","3420","0","","","","-113","-6.300000190734863","32200","1772939160069"
"38","2026-03-08 00:06:10","23.36","59","943.28","3420","0","","","","-114","-6.800000190734863","32201","1772939170061"
"39","2026-03-08 00:06:20","23.36","59","943.28","3420","0","","","","-113","-6","32202","1772939180073"
"40","2026-03-08 00:06:30","23.36","59","943.28","3420","0","","","","-114","-7","32203","1772939190070"
"41","2026-03-08 00:06:40","23.36","59","943.3000000000001","3440","0","","","","-113","-4.800000190734863","32204","1772939200065"
"42","2026-03-08 00:06:50","23.37","59","943.28","3440","0","","","","-113","-7","32205","1772939210065"
"43","2026-03-08 00:07:00","23.36","59","943.3000000000001","3400","0","","","","-113","-5.800000190734863","32206","1772939220060"
"44","2026-03-08 00:07:10","23.36","59","943.3000000000001","3400","0","","","","-113","-6.300000190734863","32207","1772939230060"
"45","2026-03-08 00:07:20","23.36","59","943.28","3420","0","","","","-113","-6.5","32208","1772939240065"
"46","2026-03-08 00:07:30","23.36","59","943.26","3400","0","","","","-114","-7","32209","1772939250069"
"47","2026-03-08 00:07:40","23.36","59","943.28","3420","0","","","","-113","-6.300000190734863","32210","1772939260065"
"48","2026-03-08 00:07:50","23.36","59","943.28","3440","0","","","","-113","-4.800000190734863","32211","1772939270065"
"49","2026-03-08 00:08:00","23.36","59","943.26","3420","0","","","","-114","-8.5","32212","1772939280063"
"50","2026-03-08 00:08:10","23.36","59","943.28","3440","0","","","","-113","-7","32213","1772939290068"
"51","2026-03-08 00:08:20","23.36","59","943.3000000000001","3420","0","","","","-113","-4.5","32214","1772939300068"
"52","2026-03-08 00:08:30","23.36","59","943.28","3400","0","","","","-113","-5.300000190734863","32215","1772939310063"
"53","2026-03-08 00:08:40","23.36","59","943.26","3420","0","","","","-113","-4.5","32216","1772939320066"
"54","2026-03-08 00:08:50","23.36","59","943.26","3420","0","","","","-114","-6.800000190734863","32217","1772939330072"
"55","2026-03-08 00:09:00","23.36","59","943.26","3420","0","","","","-113","-5","32218","1772939340032"
"56","2026-03-08 00:09:10","23.36","59","943.24","3400","0","","","","-113","-4.800000190734863","32219","1772939350059"
"57","2026-03-08 00:09:20","23.36","59","943.26","3400","0","","","","-113","-5.800000190734863","32220","1772939360063"
"58","2026-03-08 00:09:30","23.36","59","943.24","3400","0","","","","-113","-6.5","32221","1772939370070"
"59","2026-03-08 00:09:40","23.36","59","943.24","3440","0","","","","-113","-6.5","32222","1772939380069"
"60","2026-03-08 00:09:50","23.36","59","943.22","3400","0","","","","-113","-5.5","32223","1772939390057"
"61","2026-03-08 00:10:00","23.36","59","943.24","3420","0","","","","-113","-6.5","32224","1772939400065"
"62","2026-03-08 00:10:10","23.35","59","943.22","3440","0","","","","-113","-6.800000190734863","32225","1772939410067"
"63","2026-03-08 00:10:20","23.36","59","943.1800000000001","3420","0","","","","-113","-6.5","32226","1772939420068"
"64","2026-03-08 00:10:30","23.35","59","943.22","3420","0","","","","-113","-4","32227","1772939430063"
"65","2026-03-08 00:10:40","23.35","59","943.2","3400","0","","","","-113","-6","32228","1772939440074"
"66","2026-03-08 00:10:50","23.35","59","943.22","3400","0","","","","-113","-4.800000190734863","32229","1772939450054"
"67","2026-03-08 00:11:00","23.35","59","943.1800000000001","3420","0","","","","-113","-5","32230","1772939460057"
"68","2026-03-08 00:11:10","23.35","59","943.2","3400","0","","","","-113","-5.5","32231","1772939470059"
"69","2026-03-08 00:11:20","23.35","59","943.1800000000001","3440","0","","","","-113","-7.300000190734863","32232","1772939480067"
"70","2026-03-08 00:11:30","23.35","59","943.1800000000001","3440","0","","","","-113","-4.5","32233","1772939490067"
"71","2026-03-08 00:11:40","23.35","59","943.2","3420","0","","","","-113","-3.5","32234","1772939500062"
"72","2026-03-08 00:11:50","23.35","59","943.2","3420","0","","","","-113","-3.5","32235","1772939510057"
"73","2026-03-08 00:12:00","23.35","59","943.1800000000001","3440","0","","","","-113","-6","32236","1772939520063"
"74","2026-03-08 00:12:10","23.35","59","943.2","3420","0","","","","-113","-5.5","32237","1772939530060"
"75","2026-03-08 00:12:20","23.35","59","943.1800000000001","3400","0","","","","-114","-6.800000190734863","32238","1772939540062"
"76","2026-03-08 00:12:30","23.35","59","943.1800000000001","3420","0","","","","-113","-5","32239","1772939550061"
"77","2026-03-08 00:12:40","23.35","59","943.22","3400","0","","","","-113","-5.5","32240","1772939560060"
"78","2026-03-08 00:12:50","23.35","59","943.22","3400","0","","","","-113","-4.800000190734863","32241","1772939570069"
"79","2026-03-08 00:13:00","23.35","59","943.2","3440","0","","","","-113","-6.5","32242","1772939580068"
"80","2026-03-08 00:13:10","23.35","59","943.2","3400","0","","","","-114","-6.5","32243","1772939590066"
"81","2026-03-08 00:13:20","23.35","59","943.2","3400","0","","","","-113","-6.5","32244","1772939600058"
"82","2026-03-08 00:13:30","23.35","59","943.2","3400","0","","","","-113","-4.300000190734863","32245","1772939610063"
"83","2026-03-08 00:13:40","23.35","59","943.2","3400","0","","","","-113","-6","32246","1772939620070"
"84","2026-03-08 00:13:50","23.35","59","943.1800000000001","3400","0","","","","-113","-4.300000190734863","32247","1772939630074"
"85","2026-03-08 00:14:00","23.35","59","943.2","3400","0","","","","-113","-5.300000190734863","32248","1772939640069"
"86","2026-03-08 00:14:10","23.35","59","943.1800000000001","3400","0","","","","-113","-6.300000190734863","32249","1772939650057"
"87","2026-03-08 00:14:20","23.34","59","943.16","3420","0","","","","-114","-6.5","32250","1772939660063"
"88","2026-03-08 00:14:30","23.34","59","943.2","3420","0","","","","-113","-6","32251","1772939670055"
"89","2026-03-08 00:14:40","23.35","59","943.16","3400","0","","","","-113","-4.800000190734863","32252","1772939680067"
"90","2026-03-08 00:14:50","23.34","59","943.14","3420","0","","","","-114","-6.800000190734863","32253","1772939690073"
"91","2026-03-08 00:15:00","23.35","59","943.1800000000001","3440","0","","","","-113","-3.5","32254","1772939700063"
"92","2026-03-08 00:15:10","23.35","59","943.1800000000001","3400","0","","","","-113","-6.5","32255","1772939710061"
"93","2026-03-08 00:15:20","23.35","59","943.16","3440","0","","","","-113","-4.800000190734863","32256","1772939720073"
"94","2026-03-08 00:15:30","23.35","59","943.14","3440","0","","","","-113","-4.300000190734863","32257","1772939730063"
"95","2026-03-08 00:15:40","23.35","59","943.1800000000001","3440","0","","","","-113","-6.300000190734863","32258","1772939740064"
"96","2026-03-08 00:15:50","23.35","59","943.1800000000001","3420","0","","","","-113","-5.5","32259","1772939750060"
"97","2026-03-08 00:16:00","23.34","59","943.1800000000001","3400","0","","","","-113","-5.300000190734863","32260","1772939760068"
"98","2026-03-08 00:16:10","23.34","59","943.16","3400","0","","","","-114","-5.800000190734863","32261","1772939770061"
"99","2026-03-08 00:16:20","23.34","59","943.1800000000001","3400","0","","","","-113","-3.299999952316284","32262","1772939780066"
"100","2026-03-08 00:16:30","23.34","59","943.16","3420","0","","","","-113","-4.5","32263","1772939790080"
"101","2026-03-08 00:16:40","23.35","59","943.1800000000001","3400","0","","","","-114","-7.5","32264","1772939800062"
"102","2026-03-08 00:16:50","23.34","59","943.1800000000001","3440","0","","","","-114","-6","32265","1772939810067"
"103","2026-03-08 00:17:00","23.34","59","943.1800000000001","3440","0","","","","-113","-7.300000190734863","32266","1772939820062"
"104","2026-03-08 00:17:10","23.34","59","943.2","3400","0","","","","-113","-6.5","32267","1772939830057"
"105","2026-03-08 00:17:20","23.34","59","943.16","3420","0","","","","-113","-4.800000190734863","32268","1772939840052"
"106","2026-03-08 00:17:30","23.34","59","943.2","3400","0","","","","-113","-3.799999952316284","32269","1772939850060"
"107","2026-03-08 00:17:40","23.34","59","943.2","3420","0","","","","-113","-5.800000190734863","32270","1772939860064"
"108","2026-03-08 00:17:50","23.34","59","943.1800000000001","3420","0","","","","-113","-6","32271","1772939870055"
"109","2026-03-08 00:18:00","23.34","59","943.1800000000001","3420","0","","","","-113","-5","32272","1772939880062"
"110","2026-03-08 00:18:10","23.34","59","943.1800000000001","3400","0","","","","-113","-5.800000190734863","32273","1772939890061"
"111","2026-03-08 00:18:20","23.34","59","943.16","3440","0","","","","-113","-5.5","32274","1772939900042"
"112","2026-03-08 00:18:30","23.34","59","943.16","3420","0","","","","-113","-5.5","32275","1772939910057"
"113","2026-03-08 00:18:40","23.34","59","943.1800000000001","3420","0","","","","-113","-5.300000190734863","32276","1772939920062"
"114","2026-03-08 00:18:50","23.34","59","943.1800000000001","3420","0","","","","-113","-6","32277","1772939930058"
"115","2026-03-08 00:19:00","23.34","59","943.16","3400","0","","","","-113","-6.800000190734863","32278","1772939940063"
"116","2026-03-08 00:19:10","23.34","59","943.16","3440","0","","","","-113","-6","32279","1772939950024"
"117","2026-03-08 00:19:20","23.34","59","943.16","3440","0","","","","-113","-6","32280","1772939960059"
"118","2026-03-08 00:19:30","23.34","59","943.16","3420","0","","","","-114","-6.800000190734863","32281","1772939970056"
"119","2026-03-08 00:19:40","23.34","59","943.1800000000001","3440","0","","","","-113","-6","32282","1772939980069"
"120","2026-03-08 00:19:50","23.34","59","943.14","3420","0","","","","-113","-6","32283","1772939990057"
"121","2026-03-08 00:20:00","23.34","59","943.16","3440","0","","","","-113","-4.5","32284","1772940000064"
"122","2026-03-08 00:20:10","23.34","59","943.14","3400","0","","","","-113","-5.300000190734863","32285","1772940010063"
"123","2026-03-08 00:20:20","23.34","59","943.1800000000001","3440","0","","","","-113","-5","32286","1772940020061"
"124","2026-03-08 00:20:30","23.34","59","943.14","3400","0","","","","-113","-4.300000190734863","32287","1772940030065"
"125","2026-03-08 00:20:40","23.33","59","943.14","3400","0","","","","-113","-3.799999952316284","32288","1772940040060"
"126","2026-03-08 00:20:50","23.34","59","943.1","3420","0","","","","-113","-6.800000190734863","32289","1772940050066"
"127","2026-03-08 00:21:00","23.34","59","943.12","3400","0","","","","-113","-7.300000190734863","32290","1772940060068"
"128","2026-03-08 00:21:10","23.34","59","943.1","3440","0","","","","-113","-5.300000190734863","32291","1772940070028"
"129","2026-03-08 00:21:20","23.34","59","943.1","3440","0","","","","-113","-5.800000190734863","32292","1772940080061"
"130","2026-03-08 00:21:30","23.33","59","943.12","3400","0","","","","-113","-5.5","32293","1772940090059"
"131","2026-03-08 00:21:40","23.34","59","943.1","3440","0","","","","-113","-4.5","32294","1772940100057"
"132","2026-03-08 00:21:50","23.33","59","943.08","3400","0","","","","-113","-4","32295","1772940110052"
"133","2026-03-08 00:22:00","23.33","59","943.0600000000001","3440","0","","","","-113","-3.799999952316284","32296","1772940120070"
"134","2026-03-08 00:22:10","23.33","59","943.08","3420","0","","","","-113","-4","32297","1772940130060"
"135","2026-03-08 00:22:20","23.33","59","943.04","3400","0","","","","-113","-4","32298","1772940140060"
"136","2026-03-08 00:22:30","23.33","59","943.08","3420","0","","","","-113","-3.799999952316284","32299","1772940150057"
"137","2026-03-08 00:22:40","23.33","59","943.04","3400","0","","","","-113","-4","32300","1772940160066"
"138","2026-03-08 00:22:50","23.34","59","943.08","3420","0","","","","-113","-3.5","32301","1772940170056"
"139","2026-03-08 00:23:00","23.34","59","943.0600000000001","3400","0","","","","-113","-3.5","32302","1772940180055"
"140","2026-03-08 00:23:10","23.33","59","943.0600000000001","3400","0","","","","-113","-3.5","32303","1772940190061"
"141","2026-03-08 00:23:20","23.34","59","943.08","3420","0","","","","-113","-3.799999952316284","32304","1772940200063"
"142","2026-03-08 00:23:30","23.33","59","943.04","3440","0","","","","-113","-4","32305","1772940210049"
"143","2026-03-08 00:23:40","23.34","59","943.04","3420","0","","","","-113","-3.799999952316284","32306","1772940220066"
"144","2026-03-08 00:23:50","23.33","59","943.02","3440","0","","","","-113","-4.300000190734863","32307","1772940230062"
"145","2026-03-08 00:24:00","23.33","59","943.02","3400","0","","","","-113","-4.800000190734863","32308","1772940240033"
"146","2026-03-08 00:24:10","23.33","59","943.02","3440","0","","","","-113","-4.5","32309","1772940250058"
"147","2026-03-08 00:24:20","23.33","59","943.02","3420","0","","","","-113","-5.5","32310","1772940260057"
"148","2026-03-08 00:24:30","23.33","59","943.04","3420","0","","","","-113","-4","32311","1772940270045"
"149","2026-03-08 00:24:40","23.33","59","943.02","3400","0","","","","-113","-5","32312","1772940280028"
"150","2026-03-08 00:24:50","23.33","59","943.02","3440","0","","","","-113","-4.5","32313","1772940290067"
"151","2026-03-08 00:25:00","23.33","59","943","3420","0","","","","-113","-5.300000190734863","32314","1772940300057"
"152","2026-03-08 00:25:10","23.33","59","943.02","3400","0","","","","-113","-4","32315","1772940310056"
"153","2026-03-08 00:25:20","23.33","59","943","3400","0","","","","-113","-3.799999952316284","32316","1772940320065"
"154","2026-03-08 00:25:30","23.33","59","943","3400","0","","","","-112","-3.299999952316284","32317","1772940330068"
"155","2026-03-08 00:25:40","23.33","59","943.02","3440","0","","","","-112","-3.299999952316284","32318","1772940340062"
"156","2026-03-08 00:25:50","23.33","59","943","3420","0","","","","-113","-6","32319","1772940350062"
"157","2026-03-08 00:26:00","23.33","59","943","3400","0","","","","-113","-6.300000190734863","32320","1772940360058"
"158","2026-03-08 00:26:10","23.33","59","943","3400","0","","","","-114","-7.300000190734863","32321","1772940370055"
"159","2026-03-08 00:26:20","23.33","59","942.98","3400","0","","","","-113","-5.800000190734863","32322","1772940380067"
"160","2026-03-08 00:26:30","23.33","59","943","3400","0","","","","-113","-4","32323","1772940390065"
"161","2026-03-08 00:26:40","23.33","59","942.96","3420","0","","","","-112","-3.299999952316284","32324","1772940400067"
"162","2026-03-08 00:26:50","23.32","59","942.96","3400","0","","","","-112","-3.799999952316284","32325","1772940410057"
"163","2026-03-08 00:27:00","23.33","59","942.96","3400","0","","","","-112","-3","32326","1772940420023"
"164","2026-03-08 00:27:10","23.33","59","942.96","3420","0","","","","-113","-4","32327","1772940430055"
"165","2026-03-08 00:27:20","23.33","59","942.98","3400","0","","","","-114","-6.5","32328","1772940440054"
"166","2026-03-08 00:27:30","23.33","59","942.96","3440","0","","","","-113","-3.299999952316284","32329","1772940450062"
"167","2026-03-08 00:27:40","23.33","59","942.98","3400","0","","","","-113","-4.5","32330","1772940460060"
"168","2026-03-08 00:28:00","23.32","59","942.96","3420","0","","","","-113","-6","32332","1772940480066"
"169","2026-03-08 00:28:10","23.32","59","942.98","3420","0","","","","-113","-5.800000190734863","32333","1772940490068"
"170","2026-03-08 00:28:20","23.32","59","942.96","3440","0","","","","-113","-4.300000190734863","32334","1772940500057"
"171","2026-03-08 00:28:30","23.32","59","942.96","3400","0","","","","-113","-3.299999952316284","32335","1772940510065"
"172","2026-03-08 00:28:40","23.32","59","942.98","3420","0","","","","-113","-4","32336","1772940520063"
"173","2026-03-08 00:28:50","23.32","59","942.9200000000001","3440","0","","","","-113","-6","32337","1772940530056"
"174","2026-03-08 00:29:10","23.32","59","942.94","3400","0","","","","-113","-5.300000190734863","32339","1772940550071"
"175","2026-03-08 00:29:20","23.32","59","942.94","3400","0","","","","-113","-5.5","32340","1772940560032"
"176","2026-03-08 00:29:30","23.32","59","942.94","3400","0","","","","-113","-4.800000190734863","32341","1772940570063"
"177","2026-03-08 00:29:40","23.32","59","942.94","3440","0","","","","-113","-5","32342","1772940580062"
"178","2026-03-08 00:29:50","23.32","59","942.94","3400","0","","","","-113","-4.300000190734863","32343","1772940590059"
"179","2026-03-08 00:30:00","23.32","59","942.94","3400","0","","","","-113","-6.300000190734863","32344","1772940600056"
"180","2026-03-08 00:30:10","23.32","59","942.9200000000001","3440","0","","","","-113","-6.5","32345","1772940610063"
"181","2026-03-08 00:30:20","23.32","59","942.9200000000001","3440","0","","","","-113","-4.5","32346","1772940620055"
"182","2026-03-08 00:30:30","23.32","59","942.94","3420","0","","","","-113","-5.5","32347","1772940630073"
"183","2026-03-08 00:30:40","23.32","59","942.9","3420","0","","","","-112","-3.5","32348","1772940640081"
"184","2026-03-08 00:30:50","23.32","59","942.9200000000001","3400","0","","","","-113","-3.299999952316284","32349","1772940650053"
"185","2026-03-08 00:31:00","23.31","59","942.94","3400","0","","","","-113","-4.300000190734863","32350","1772940660060"
"186","2026-03-08 00:31:10","23.32","59","942.88","3400","0","","","","-113","-3.799999952316284","32351","1772940670058"
"187","2026-03-08 00:31:20","23.32","59","942.94","3440","0","","","","-113","-5.800000190734863","32352","1772940680058"
"188","2026-03-08 00:31:30","23.32","59","942.9200000000001","3400","0","","","","-114","-6.800000190734863","32353","1772940690060"
"189","2026-03-08 00:31:40","23.32","59","942.9200000000001","3440","0","","","","-113","-6.300000190734863","32354","1772940700056"
"190","2026-03-08 00:31:50","23.32","59","942.9200000000001","3420","0","","","","-112","-3.799999952316284","32355","1772940710051"
"191","2026-03-08 00:32:00","23.32","59","942.9","3420","0","","","","-113","-5.300000190734863","32356","1772940720063"
"192","2026-03-08 00:32:10","23.32","59","942.9200000000001","3420","0","","","","-113","-5.5","32357","1772940730062"
"193","2026-03-08 00:32:20","23.31","59","942.9200000000001","3420","0","","","","-113","-5.800000190734863","32358","1772940740065"
"194","2026-03-08 00:32:30","23.31","59","942.9","3440","0","","","","-113","-7.300000190734863","32359","1772940750065"
"195","2026-03-08 00:32:40","23.31","59","942.9200000000001","3400","0","","","","-113","-5.800000190734863","32360","1772940760059"
"196","2026-03-08 00:32:50","23.31","59","942.94","3420","0","","","","-113","-5.5","32361","1772940770066"
"197","2026-03-08 00:33:00","23.31","59","942.9","3440","0","","","","-113","-5.300000190734863","32362","1772940780065"
"198","2026-03-08 00:33:10","23.31","59","942.9200000000001","3420","0","","","","-113","-4.800000190734863","32363","1772940790061"
"199","2026-03-08 00:33:20","23.32","59","942.94","3420","0","","","","-113","-4.5","32364","1772940800061"
"200","2026-03-08 00:33:30","23.31","59","942.94","3440","0","","","","-113","-4.5","32365","1772940810064"
"201","2026-03-08 00:33:40","23.31","59","942.9","3440","0","","","","-112","-3.799999952316284","32366","1772940820059"
"202","2026-03-08 00:33:50","23.31","59","942.9","3440","0","","","","-113","-4.300000190734863","32367","1772940830061"
"203","2026-03-08 00:34:00","23.31","59","942.9","3420","0","","","","-113","-4.300000190734863","32368","1772940840062"
"204","2026-03-08 00:34:10","23.31","59","942.94","3400","0","","","","-113","-4.5","32369","1772940850066"
"205","2026-03-08 00:34:20","23.31","59","942.94","3400","0","","","","-113","-4.300000190734863","32370","1772940860069"
"206","2026-03-08 00:34:30","23.31","59","942.94","3440","0","","","","-113","-4.300000190734863","32371","1772940870060"
"207","2026-03-08 00:34:40","23.31","59","942.9200000000001","3400","0","","","","-113","-4.5","32372","1772940880060"
"208","2026-03-08 00:34:50","23.31","59","942.9200000000001","3440","0","","","","-113","-4.300000190734863","32373","1772940890059"
"209","2026-03-08 00:35:00","23.31","59","942.9200000000001","3400","0","","","","-113","-4.800000190734863","32374","1772940900054"
"210","2026-03-08 00:35:10","23.31","59","942.9200000000001","3400","0","","","","-113","-4.800000190734863","32375","1772940910057"
"211","2026-03-08 00:35:20","23.31","59","942.9200000000001","3420","0","","","","-113","-5","32376","1772940920050"
"212","2026-03-08 00:35:30","23.31","59","942.94","3440","0","","","","-113","-4.5","32377","1772940930053"
"213","2026-03-08 00:35:40","23.3","59","942.9200000000001","3440","0","","","","-113","-4.5","32378","1772940940061"
"214","2026-03-08 00:35:50","23.31","59","942.96","3420","0","","","","-113","-4.5","32379","1772940950054"
"215","2026-03-08 00:36:00","23.31","59","942.98","3420","0","","","","-113","-4.5","32380","1772940960062"
"216","2026-03-08 00:36:10","23.31","59","942.96","3420","0","","","","-113","-4.300000190734863","32381","1772940970059"
"217","2026-03-08 00:36:20","23.31","59","942.9200000000001","3420","0","","","","-113","-4.300000190734863","32382","1772940980060"
"218","2026-03-08 00:36:30","23.31","59","942.96","3400","0","","","","-113","-4.300000190734863","32383","1772940990054"
"219","2026-03-08 00:36:40","23.31","59","942.96","3420","0","","","","-113","-4.5","32384","1772941000053"
"220","2026-03-08 00:36:50","23.31","59","942.98","3400","0","","","","-113","-3.799999952316284","32385","1772941010058"
"221","2026-03-08 00:37:00","23.31","59","943","3420","0","","","","-113","-4.5","32386","1772941020063"
"222","2026-03-08 00:37:10","23.31","59","942.98","3440","0","","","","-113","-4","32387","1772941030059"
"223","2026-03-08 00:37:20","23.31","59","942.96","3420","0","","","","-113","-4","32388","1772941040058"
"224","2026-03-08 00:37:30","23.31","59","942.96","3380","0","","","","-113","-4.300000190734863","32389","1772941050054"
"225","2026-03-08 00:37:40","23.31","59","943","3400","0","","","","-113","-4","32390","1772941060061"
"226","2026-03-08 00:37:50","23.31","59","942.98","3400","0","","","","-113","-4","32391","1772941070054"
"227","2026-03-08 00:38:00","23.31","59","942.98","3420","0","","","","-113","-4","32392","1772941080065"
"228","2026-03-08 00:38:10","23.31","59","943.02","3420","0","","","","-113","-4","32393","1772941090061"
"229","2026-03-08 00:38:20","23.31","59","943.02","3400","0","","","","-113","-4","32394","1772941100060"
"230","2026-03-08 00:38:30","23.31","59","943.02","3420","0","","","","-113","-4.5","32395","1772941110061"
"231","2026-03-08 00:38:40","23.31","59","943.02","3440","0","","","","-113","-4.5","32396","1772941120059"
"232","2026-03-08 00:38:50","23.31","59","943","3400","0","","","","-113","-4.300000190734863","32397","1772941130062"
"233","2026-03-08 00:39:00","23.3","59","943","3420","0","","","","-113","-5","32398","1772941140052"
"234","2026-03-08 00:39:10","23.31","59","943.02","3440","0","","","","-113","-4.300000190734863","32399","1772941150067"
"235","2026-03-08 00:39:20","23.3","59","942.98","3420","0","","","","-113","-4.800000190734863","32400","1772941160065"
"236","2026-03-08 00:39:30","23.31","59","943","3420","0","","","","-113","-5","32401","1772941170031"
"237","2026-03-08 00:39:40","23.31","59","943","3400","0","","","","-113","-4.300000190734863","32402","1772941180053"
"238","2026-03-08 00:39:50","23.3","59","942.98","3440","0","","","","-113","-4","32403","1772941190057"
"239","2026-03-08 00:40:00","23.3","59","942.96","3400","0","","","","-113","-4","32404","1772941200026"
"240","2026-03-08 00:40:10","23.3","59","943","3400","0","","","","-113","-4.300000190734863","32405","1772941210059"
"241","2026-03-08 00:40:20","23.31","59","943.02","3400","0","","","","-113","-4","32406","1772941220063"
"242","2026-03-08 00:40:30","23.31","59","943.02","3420","0","","","","-112","-3.799999952316284","32407","1772941230063"
"243","2026-03-08 00:40:40","23.3","59","943.02","3400","0","","","","-113","-4","32408","1772941240058"
"244","2026-03-08 00:40:50","23.3","59","943.02","3400","0","","","","-113","-3.799999952316284","32409","1772941250061"
"245","2026-03-08 00:41:00","23.31","59","943.02","3400","0","","","","-113","-3.5","32410","1772941260061"
"246","2026-03-08 00:41:10","23.3","59","942.98","3420","0","","","","-113","-3.5","32411","1772941270066"
"247","2026-03-08 00:41:20","23.3","59","943.02","3420","0","","","","-113","-3.5","32412","1772941280060"
"248","2026-03-08 00:41:30","23.3","59","943","3400","0","","","","-112","-3.5","32413","1772941290053"
"249","2026-03-08 00:41:40","23.3","59","943.02","3420","0","","","","-113","-4.5","32414","1772941300056"
"250","2026-03-08 00:41:50","23.3","59","943","3400","0","","","","-113","-4","32415","1772941310052"
"251","2026-03-08 00:42:00","23.3","59","943.02","3400","0","","","","-112","-3.5","32416","1772941320063"
"252","2026-03-08 00:42:10","23.3","59","943","3420","0","","","","-113","-3.5","32417","1772941330059"
"253","2026-03-08 00:42:20","23.3","59","943.02","3400","0","","","","-113","-4.300000190734863","32418","1772941340064"
"254","2026-03-08 00:42:30","23.3","59","943","3440","0","","","","-112","-3.799999952316284","32419","1772941350055"
"255","2026-03-08 00:42:40","23.3","59","943","3420","0","","","","-112","-4","32420","1772941360066"
"256","2026-03-08 00:42:50","23.3","59","943.02","3420","0","","","","-113","-3.799999952316284","32421","1772941370064"
"257","2026-03-08 00:43:00","23.3","59","942.98","3400","0","","","","-113","-4.300000190734863","32422","1772941380062"
"258","2026-03-08 00:43:10","23.3","59","943.02","3400","0","","","","-113","-4","32423","1772941390054"
"259","2026-03-08 00:43:20","23.3","59","943.04","3420","0","","","","-113","-4","32424","1772941400032"
"260","2026-03-08 00:43:30","23.3","59","942.98","3400","0","","","","-113","-3.799999952316284","32425","1772941410052"
"261","2026-03-08 00:43:40","23.3","59","943","3420","0","","","","-113","-4","32426","1772941420054"
"262","2026-03-08 00:43:50","23.3","59","943.04","3440","0","","","","-113","-4","32427","1772941430055"
"263","2026-03-08 00:44:00","23.3","59","943.02","3440","0","","","","-113","-4","32428","1772941440059"
"264","2026-03-08 00:44:10","23.3","59","943.02","3440","0","","","","-113","-4","32429","1772941450053"
"265","2026-03-08 00:44:20","23.3","59","942.98","3420","0","","","","-113","-3.799999952316284","32430","1772941460058"
"266","2026-03-08 00:44:30","23.3","59","942.98","3420","0","","","","-113","-4","32431","1772941470051"
"267","2026-03-08 00:44:40","23.3","59","943.02","3420","0","","","","-113","-4.300000190734863","32432","1772941480061"
"268","2026-03-08 00:44:50","23.3","59","942.98","3420","0","","","","-113","-4","32433","1772941490061"
"269","2026-03-08 00:45:00","23.3","59","942.98","3440","0","","","","-113","-3.799999952316284","32434","1772941500060"
"270","2026-03-08 00:45:10","23.3","59","943.02","3400","0","","","","-113","-4","32435","1772941510064"
"271","2026-03-08 00:45:20","23.3","59","943","3420","0","","","","-113","-3.299999952316284","32436","1772941520058"
"272","2026-03-08 00:45:30","23.3","59","943","3400","0","","","","-112","-3.299999952316284","32437","1772941530062"
"273","2026-03-08 00:45:40","23.3","59","943.02","3420","0","","","","-113","-3.799999952316284","32438","1772941540060"
"274","2026-03-08 00:45:50","23.3","59","943","3420","0","","","","-112","-3.5","32439","1772941550054"
"275","2026-03-08 00:46:00","23.3","59","942.98","3440","0","","","","-112","-3.299999952316284","32440","1772941560056"
"276","2026-03-08 00:46:10","23.3","59","942.98","3420","0","","","","-112","-4","32441","1772941570058"
"277","2026-03-08 00:46:20","23.3","59","942.98","3420","0","","","","-112","-3.5","32442","1772941580064"
"278","2026-03-08 00:46:30","23.3","59","943.02","3400","0","","","","-112","-3.5","32443","1772941590056"
"279","2026-03-08 00:46:40","23.3","59","943.02","3400","0","","","","-112","-4","32444","1772941600069"
"280","2026-03-08 00:46:50","23.3","59","943","3400","0","","","","-113","-4","32445","1772941610054"
"281","2026-03-08 00:47:00","23.3","59","942.98","3420","0","","","","-112","-3.799999952316284","32446","1772941620059"
"282","2026-03-08 00:47:10","23.3","59","942.98","3400","0","","","","-113","-4","32447","1772941630049"
"283","2026-03-08 00:47:20","23.3","59","942.98","3400","0","","","","-113","-3.5","32448","1772941640054"
"284","2026-03-08 00:47:30","23.3","59","942.96","3420","0","","","","-113","-4","32449","1772941650055"
"285","2026-03-08 00:47:40","23.3","59","942.96","3400","0","","","","-113","-4","32450","1772941660053"
"286","2026-03-08 00:47:50","23.29","59","942.96","3400","0","","","","-113","-4","32451","1772941670055"
"287","2026-03-08 00:48:00","23.3","59","942.98","3400","0","","","","-113","-4.5","32452","1772941680053"
"288","2026-03-08 00:48:10","23.29","59","942.94","3420","0","","","","-113","-4.800000190734863","32453","1772941690062"
"289","2026-03-08 00:48:20","23.3","59","942.98","3440","0","","","","-113","-4.800000190734863","32454","1772941700061"
"290","2026-03-08 00:48:30","23.29","59","942.96","3420","0","","","","-113","-4","32455","1772941710051"
"291","2026-03-08 00:48:40","23.3","59","942.9200000000001","3440","0","","","","-113","-4","32456","1772941720061"
"292","2026-03-08 00:48:50","23.3","59","942.94","3420","0","","","","-113","-4","32457","1772941730055"
"293","2026-03-08 00:49:00","23.3","59","942.94","3400","0","","","","-112","-4","32458","1772941740056"
"294","2026-03-08 00:49:10","23.3","59","942.96","3440","0","","","","-113","-4.5","32459","1772941750059"
"295","2026-03-08 00:49:20","23.29","59","942.94","3420","0","","","","-113","-4.300000190734863","32460","1772941760057"
"296","2026-03-08 00:49:30","23.3","59","942.96","3400","0","","","","-113","-4.5","32461","1772941770061"
"297","2026-03-08 00:49:40","23.3","59","942.94","3400","0","","","","-113","-4.300000190734863","32462","1772941780047"
"298","2026-03-08 00:49:50","23.3","59","942.94","3400","0","","","","-113","-4.300000190734863","32463","1772941790049"
"299","2026-03-08 00:50:00","23.29","59","942.96","3420","0","","","","-113","-4","32464","1772941800051"
"300","2026-03-08 00:50:10","23.3","59","942.9200000000001","3400","0","","","","-113","-4.5","32465","1772941810049"
"301","2026-03-08 00:50:20","23.3","59","942.9200000000001","3400","0","","","","-113","-4.800000190734863","32466","1772941820052"
"302","2026-03-08 00:50:30","23.3","59","942.9200000000001","3440","0","","","","-113","-4.300000190734863","32467","1772941830050"
"303","2026-03-08 00:50:40","23.3","59","942.94","3420","0","","","","-113","-4.300000190734863","32468","1772941840061"
"304","2026-03-08 00:50:50","23.29","59","942.9200000000001","3400","0","","","","-113","-4.5","32469","1772941850061"
"305","2026-03-08 00:51:00","23.3","59","942.96","3420","0","","","","-113","-4.5","32470","1772941860056"
"306","2026-03-08 00:51:10","23.3","59","942.94","3440","0","","","","-112","-4","32471","1772941870051"
"307","2026-03-08 00:51:20","23.29","59","942.9200000000001","3420","0","","","","-113","-4.300000190734863","32472","1772941880054"
"308","2026-03-08 00:51:30","23.29","59","942.94","3400","0","","","","-112","-4.300000190734863","32473","1772941890048"
"309","2026-03-08 00:51:40","23.29","59","942.88","3440","0","","","","-113","-4.5","32474","1772941900046"
"310","2026-03-08 00:51:50","23.29","59","942.9","3440","0","","","","-112","-4","32475","1772941910042"
"311","2026-03-08 00:52:00","23.29","59","942.9","3440","0","","","","-113","-4","32476","1772941920052"
"312","2026-03-08 00:52:10","23.29","59","942.9","3400","0","","","","-113","-3.799999952316284","32477","1772941930053"
"313","2026-03-08 00:52:20","23.29","59","942.86","3440","0","","","","-113","-4.800000190734863","32478","1772941940054"
"314","2026-03-08 00:52:30","23.29","59","942.88","3440","0","","","","-113","-4.800000190734863","32479","1772941950050"
"315","2026-03-08 00:52:40","23.29","59","942.88","3440","0","","","","-113","-4","32480","1772941960046"
"316","2026-03-08 00:52:50","23.29","59","942.88","3440","0","","","","-113","-4.800000190734863","32481","1772941970051"
"317","2026-03-08 00:53:00","23.29","59","942.9","3440","0","","","","-113","-4.5","32482","1772941980050"
"318","2026-03-08 00:53:10","23.29","59","942.88","3420","0","","","","-113","-6.300000190734863","32483","1772941990047"
"319","2026-03-08 00:53:20","23.29","59","942.88","3400","0","","","","-113","-6.300000190734863","32484","1772942000057"
"320","2026-03-08 00:53:30","23.29","59","942.84","3420","0","","","","-113","-6.300000190734863","32485","1772942010057"
"321","2026-03-08 00:53:40","23.29","59","942.84","3400","0","","","","-113","-5.5","32486","1772942020059"
"322","2026-03-08 00:53:50","23.29","59","942.86","3440","0","","","","-113","-5.800000190734863","32487","1772942030051"
"323","2026-03-08 00:54:00","23.29","59","942.84","3400","0","","","","-113","-6","32488","1772942040062"
"324","2026-03-08 00:54:10","23.29","59","942.84","3400","0","","","","-113","-5.800000190734863","32489","1772942050047"
"325","2026-03-08 00:54:20","23.28","59","942.82","3400","0","","","","-113","-6.5","32490","1772942060054"
"326","2026-03-08 00:54:30","23.29","59","942.84","3400","0","","","","-113","-6","32491","1772942070058"
"327","2026-03-08 00:54:40","23.29","59","942.84","3420","0","","","","-113","-6","32492","1772942080054"
"328","2026-03-08 00:54:50","23.29","59","942.86","3400","0","","","","-113","-4.5","32493","1772942090051"
"329","2026-03-08 00:55:00","23.28","59","942.8000000000001","3400","0","","","","-113","-4.5","32494","1772942100049"
"330","2026-03-08 00:55:10","23.28","59","942.8000000000001","3420","0","","","","-113","-5","32495","1772942110061"
"331","2026-03-08 00:55:20","23.28","59","942.8000000000001","3420","0","","","","-113","-4.5","32496","1772942120052"
"332","2026-03-08 00:55:30","23.28","59","942.82","3440","0","","","","-113","-4.300000190734863","32497","1772942130046"
"333","2026-03-08 00:55:40","23.29","59","942.82","3440","0","","","","-113","-4.300000190734863","32498","1772942140047"
"334","2026-03-08 00:55:50","23.28","59","942.78","3400","0","","","","-113","-4.5","32499","1772942150055"
"335","2026-03-08 00:56:00","23.28","59","942.8000000000001","3400","0","","","","-113","-4.800000190734863","32500","1772942160053"
"336","2026-03-08 00:56:10","23.28","59","942.82","3440","0","","","","-113","-5.300000190734863","32501","1772942170056"
"337","2026-03-08 00:56:20","23.29","59","942.82","3400","0","","","","-113","-4.800000190734863","32502","1772942180047"
"338","2026-03-08 00:56:30","23.28","59","942.84","3400","0","","","","-113","-5","32503","1772942190052"
"339","2026-03-08 00:56:40","23.28","59","942.84","3400","0","","","","-113","-4.300000190734863","32504","1772942200052"
"340","2026-03-08 00:56:50","23.28","59","942.84","3440","0","","","","-113","-4.300000190734863","32505","1772942210051"
"341","2026-03-08 00:57:00","23.28","59","942.84","3400","0","","","","-113","-4.5","32506","1772942220060"
"342","2026-03-08 00:57:10","23.28","59","942.84","3420","0","","","","-113","-4.5","32507","1772942230055"
"343","2026-03-08 00:57:20","23.28","59","942.84","3420","0","","","","-113","-4.5","32508","1772942240061"
"344","2026-03-08 00:57:30","23.28","59","942.82","3420","0","","","","-113","-6","32509","1772942250051"
"345","2026-03-08 00:57:40","23.28","59","942.86","3440","0","","","","-113","-5.5","32510","1772942260057"
"346","2026-03-08 00:57:50","23.28","59","942.84","3400","0","","","","-113","-6.800000190734863","32511","1772942270063"
"347","2026-03-08 00:58:00","23.28","59","942.86","3420","0","","","","-113","-5.5","32512","1772942280060"
"348","2026-03-08 00:58:10","23.28","59","942.86","3420","0","","","","-113","-5.300000190734863","32513","1772942290051"
"349","2026-03-08 00:58:20","23.28","59","942.84","3420","0","","","","-113","-5.5","32514","1772942300051"
"350","2026-03-08 00:58:30","23.28","59","942.84","3420","0","","","","-113","-5.5","32515","1772942310056"
"351","2026-03-08 00:58:40","23.29","59","942.86","3400","0","","","","-113","-5","32516","1772942320054"
"352","2026-03-08 00:58:50","23.28","59","942.82","3400","0","","","","-113","-5","32517","1772942330053"
"353","2026-03-08 00:59:00","23.28","59","942.84","3400","0","","","","-113","-5.5","32518","1772942340055"
"354","2026-03-08 00:59:10","23.28","59","942.82","3400","0","","","","-113","-4.800000190734863","32519","1772942350061"
"355","2026-03-08 00:59:20","23.28","59","942.86","3400","0","","","","-113","-5.5","32520","1772942360049"
"356","2026-03-08 00:59:30","23.28","59","942.82","3420","0","","","","-113","-5.300000190734863","32521","1772942370052"
"357","2026-03-08 00:59:40","23.28","59","942.86","3400","0","","","","-113","-4.5","32522","1772942380055"
"358","2026-03-08 00:59:50","23.28","59","942.82","3400","0","","","","-113","-4.300000190734863","32523","1772942390052"
"359","2026-03-08 01:00:00","23.28","59","942.84","3400","0","","","","-113","-4","32524","1772942400048"
"360","2026-03-08 01:00:10","23.28","59","942.86","3420","0","","","","-113","-4","32525","1772942410063"
"361","2026-03-08 01:00:20","23.28","59","942.82","3400","0","","","","-113","-4.300000190734863","32526","1772942420056"
"362","2026-03-08 01:00:30","23.28","59","942.84","3400","0","","","","-113","-4","32527","1772942430054"
"363","2026-03-08 01:00:40","23.28","59","942.8000000000001","3420","0","","","","-113","-5.300000190734863","32528","1772942440058"
"364","2026-03-08 01:00:50","23.28","59","942.82","3400","0","","","","-113","-4.800000190734863","32529","1772942450050"
"365","2026-03-08 01:01:00","23.28","59","942.82","3440","0","","","","-113","-4.5","32530","1772942460058"
"366","2026-03-08 01:01:10","23.28","59","942.8000000000001","3440","0","","","","-113","-4.800000190734863","32531","1772942470042"
"367","2026-03-08 01:01:20","23.28","59","942.82","3440","0","","","","-113","-4.800000190734863","32532","1772942480054"
"368","2026-03-08 01:01:30","23.28","59","942.8000000000001","3420","0","","","","-113","-5.300000190734863","32533","1772942490054"
"369","2026-03-08 01:01:40","23.28","59","942.8000000000001","3420","0","","","","-113","-4.800000190734863","32534","1772942500059"
"370","2026-03-08 01:01:50","23.28","59","942.76","3400","0","","","","-113","-4.800000190734863","32535","1772942510054"
"371","2026-03-08 01:02:00","23.28","59","942.78","3440","0","","","","-113","-5.5","32536","1772942520054"
"372","2026-03-08 01:02:10","23.27","59","942.76","3440","0","","","","-113","-5.5","32537","1772942530057"
"373","2026-03-08 01:02:20","23.28","59","942.76","3420","0","","","","-113","-5.800000190734863","32538","1772942540051"
"374","2026-03-08 01:02:30","23.28","59","942.76","3400","0","","","","-113","-4.800000190734863","32539","1772942550054"
"375","2026-03-08 01:02:40","23.27","59","942.74","3440","0","","","","-113","-4","32540","1772942560059"
"376","2026-03-08 01:02:50","23.27","59","942.74","3420","0","","","","-113","-3.799999952316284","32541","1772942570045"
"377","2026-03-08 01:03:00","23.27","59","942.74","3400","0","","","","-113","-4.300000190734863","32542","1772942580052"
"378","2026-03-08 01:03:10","23.28","59","942.74","3400","0","","","","-113","-4.5","32543","1772942590046"
"379","2026-03-08 01:03:20","23.28","59","942.74","3420","0","","","","-113","-4","32544","1772942600056"
"380","2026-03-08 01:03:30","23.27","59","942.74","3440","0","","","","-113","-4.800000190734863","32545","1772942610043"
"381","2026-03-08 01:03:40","23.27","59","942.74","3440","0","","","","-112","-3.299999952316284","32546","1772942620047"
"382","2026-03-08 01:03:50","23.28","59","942.72","3400","0","","","","-112","-3.799999952316284","32547","1772942630053"
"383","2026-03-08 01:04:00","23.28","59","942.72","3420","0","","","","-113","-4","32548","1772942640055"
"384","2026-03-08 01:04:10","23.27","59","942.72","3440","0","","","","-113","-4.5","32549","1772942650052"
"385","2026-03-08 01:04:20","23.27","59","942.7","3400","0","","","","-113","-4.300000190734863","32550","1772942660046"
"386","2026-03-08 01:04:30","23.27","59","942.74","3400","0","","","","-113","-4.300000190734863","32551","1772942670044"
"387","2026-03-08 01:04:40","23.27","59","942.72","3440","0","","","","-113","-5","32552","1772942680044"
"388","2026-03-08 01:04:50","23.27","59","942.72","3400","0","","","","-113","-4.300000190734863","32553","1772942690056"
"389","2026-03-08 01:05:00","23.27","59","942.7","3420","0","","","","-113","-5.300000190734863","32554","1772942700056"
"390","2026-03-08 01:05:10","23.27","59","942.7","3420","0","","","","-112","-4.5","32555","1772942710047"
"391","2026-03-08 01:05:20","23.27","59","942.72","3420","0","","","","-113","-5","32556","1772942720050"
"392","2026-03-08 01:05:30","23.27","59","942.72","3440","0","","","","-113","-4.5","32557","1772942730051"
"393","2026-03-08 01:05:40","23.27","59","942.7","3420","0","","","","-113","-5.800000190734863","32558","1772942740049"
"394","2026-03-08 01:05:50","23.27","59","942.7","3420","0","","","","-113","-4.300000190734863","32559","1772942750054"
"395","2026-03-08 01:06:00","23.26","59","942.72","3420","0","","","","-113","-4.5","32560","1772942760054"
"396","2026-03-08 01:06:10","23.26","59","942.7","3400","0","","","","-113","-5","32561","1772942770057"
"397","2026-03-08 01:06:20","23.26","59","942.7","3420","0","","","","-113","-4.5","32562","1772942780061"
"398","2026-03-08 01:06:30","23.26","59","942.72","3400","0","","","","-112","-3.799999952316284","32563","1772942790047"
"399","2026-03-08 01:06:40","23.27","59","942.6800000000001","3400","0","","","","-113","-4","32564","1772942800055"
"400","2026-03-08 01:06:50","23.26","59","942.7","3400","0","","","","-112","-2","32565","1772942810049"
"401","2026-03-08 01:07:00","23.26","59","942.7","3420","0","","","","-112","-3","32566","1772942820051"
"402","2026-03-08 01:07:10","23.26","59","942.7","3400","0","","","","-113","-4.5","32567","1772942830050"
"403","2026-03-08 01:07:20","23.26","59","942.66","3420","0","","","","-113","-4.800000190734863","32568","1772942840049"
"404","2026-03-08 01:07:30","23.27","59","942.7","3420","0","","","","-113","-3.5","32569","1772942850056"
"405","2026-03-08 01:07:40","23.26","59","942.6800000000001","3420","0","","","","-112","-4","32570","1772942860024"
"406","2026-03-08 01:07:50","23.26","59","942.74","3400","0","","","","-112","-4","32571","1772942870045"
"407","2026-03-08 01:08:00","23.26","59","942.72","3420","0","","","","-113","-5.800000190734863","32572","1772942880068"
"408","2026-03-08 01:08:10","23.26","59","942.6800000000001","3400","0","","","","-113","-5.5","32573","1772942890050"
"409","2026-03-08 01:08:20","23.26","59","942.7","3400","0","","","","-112","-4.300000190734863","32574","1772942900049"
"410","2026-03-08 01:08:30","23.26","59","942.7","3400","0","","","","-113","-3.799999952316284","32575","1772942910052"
"411","2026-03-08 01:08:40","23.26","59","942.72","3440","0","","","","-114","-6","32576","1772942920053"
"412","2026-03-08 01:08:50","23.26","59","942.6800000000001","3400","0","","","","-113","-5.5","32577","1772942930047"
"413","2026-03-08 01:09:00","23.26","59","942.74","3400","0","","","","-113","-4.5","32578","1772942940017"
"414","2026-03-08 01:09:10","23.26","59","942.72","3400","0","","","","-113","-6.300000190734863","32579","1772942950054"
"415","2026-03-08 01:09:20","23.26","59","942.72","3400","0","","","","-113","-5.5","32580","1772942960020"
"416","2026-03-08 01:09:30","23.25","59","942.7","3440","0","","","","-113","-4.5","32581","1772942970048"
"417","2026-03-08 01:09:40","23.26","59","942.7","3440","0","","","","-112","-4","32582","1772942980056"
"418","2026-03-08 01:09:50","23.26","59","942.7","3400","0","","","","-113","-4.800000190734863","32583","1772942990040"
"419","2026-03-08 01:10:00","23.26","59","942.6800000000001","3420","0","","","","-112","-3.299999952316284","32584","1772943000053"
"420","2026-03-08 01:10:10","23.26","59","942.72","3420","0","","","","-113","-5.300000190734863","32585","1772943010051"
"421","2026-03-08 01:10:20","23.26","59","942.7","3440","0","","","","-112","-4.5","32586","1772943020053"
"422","2026-03-08 01:10:30","23.26","59","942.72","3420","0","","","","-114","-7.5","32587","1772943030050"
"423","2026-03-08 01:10:40","23.26","59","942.7","3440","0","","","","-113","-4.5","32588","1772943040062"
"424","2026-03-08 01:10:50","23.26","59","942.72","3400","0","","","","-113","-4.800000190734863","32589","1772943050051"
"425","2026-03-08 01:11:00","23.25","59","942.72","3400","0","","","","-113","-4.800000190734863","32590","1772943060049"
"426","2026-03-08 01:11:10","23.25","59","942.72","3440","0","","","","-113","-4.300000190734863","32591","1772943070054"
"427","2026-03-08 01:11:20","23.26","59","942.72","3420","0","","","","-113","-5.300000190734863","32592","1772943080047"
"428","2026-03-08 01:11:30","23.25","59","942.72","3420","0","","","","-113","-4.5","32593","1772943090048"
"429","2026-03-08 01:11:40","23.25","59","942.72","3400","0","","","","-113","-5","32594","1772943100047"
"430","2026-03-08 01:11:50","23.26","59","942.7","3420","0","","","","-113","-4.5","32595","1772943110043"
"431","2026-03-08 01:12:00","23.25","59","942.6800000000001","3400","0","","","","-113","-4.300000190734863","32596","1772943120045"
"432","2026-03-08 01:12:10","23.25","59","942.6800000000001","3400","0","","","","-113","-5","32597","1772943130046"
"433","2026-03-08 01:12:20","23.25","59","942.7","3420","0","","","","-113","-5.800000190734863","32598","1772943140046"
"434","2026-03-08 01:12:30","23.25","59","942.72","3440","0","","","","-112","-4.300000190734863","32599","1772943150053"
"435","2026-03-08 01:12:40","23.25","59","942.72","3420","0","","","","-114","-6.5","32600","1772943160052"
"436","2026-03-08 01:12:50","23.25","59","942.7","3400","0","","","","-113","-5.5","32601","1772943170050"
"437","2026-03-08 01:13:00","23.25","59","942.72","3400","0","","","","-113","-5.5","32602","1772943180047"
"438","2026-03-08 01:13:10","23.25","59","942.72","3440","0","","","","-113","-5.300000190734863","32603","1772943190051"
"439","2026-03-08 01:13:20","23.25","59","942.72","3400","0","","","","-113","-6","32604","1772943200056"
"440","2026-03-08 01:13:30","23.25","59","942.7","3420","0","","","","-113","-7","32605","1772943210056"
"441","2026-03-08 01:13:40","23.24","59","942.72","3420","0","","","","-113","-5.800000190734863","32606","1772943220045"
"442","2026-03-08 01:13:50","23.24","59","942.7","3400","0","","","","-113","-5.5","32607","1772943230054"
"443","2026-03-08 01:14:10","23.24","59","942.7","3420","0","","","","-113","-7","32609","1772943250049"
"444","2026-03-08 01:14:20","23.25","59","942.7","3440","0","","","","-113","-5.300000190734863","32610","1772943260053"
"445","2026-03-08 01:14:30","23.25","59","942.6800000000001","3440","0","","","","-113","-5.800000190734863","32611","1772943270055"
"446","2026-03-08 01:14:40","23.24","59","942.7","3400","0","","","","-113","-7.300000190734863","32612","1772943280056"
"447","2026-03-08 01:14:50","23.24","59","942.6800000000001","3440","0","","","","-113","-6.5","32613","1772943290048"
"448","2026-03-08 01:15:00","23.24","59","942.72","3420","0","","","","-113","-6","32614","1772943300054"
"449","2026-03-08 01:15:10","23.24","59","942.6800000000001","3400","0","","","","-113","-4.800000190734863","32615","1772943310047"
"450","2026-03-08 01:15:20","23.24","59","942.7","3400","0","","","","-112","-4","32616","1772943320045"
"451","2026-03-08 01:15:30","23.24","59","942.76","3400","0","","","","-114","-7","32617","1772943330020"
"452","2026-03-08 01:15:40","23.24","59","942.72","3400","0","","","","-113","-5","32618","1772943340052"
"453","2026-03-08 01:15:50","23.24","59","942.72","3420","0","","","","-113","-5.800000190734863","32619","1772943350021"
"454","2026-03-08 01:16:00","23.24","59","942.72","3440","0","","","","-113","-7.300000190734863","32620","1772943360051"
"455","2026-03-08 01:16:10","23.24","59","942.7","3420","0","","","","-114","-7.5","32621","1772943370047"
"456","2026-03-08 01:16:20","23.24","59","942.7","3420","0","","","","-113","-6.5","32622","1772943380021"
"457","2026-03-08 01:16:30","23.24","59","942.74","3420","0","","","","-113","-4.800000190734863","32623","1772943390053"
"458","2026-03-08 01:16:40","23.24","59","942.7","3400","0","","","","-113","-5.300000190734863","32624","1772943400047"
"459","2026-03-08 01:16:50","23.24","59","942.7","3440","0","","","","-113","-4.800000190734863","32625","1772943410054"
"460","2026-03-08 01:17:00","23.24","59","942.7","3420","0","","","","-112","-4.300000190734863","32626","1772943420046"
"461","2026-03-08 01:17:10","23.24","59","942.7","3420","0","","","","-113","-4.800000190734863","32627","1772943430051"
"462","2026-03-08 01:17:20","23.24","59","942.7","3420","0","","","","-113","-4.5","32628","1772943440051"
"463","2026-03-08 01:17:30","23.23","59","942.72","3420","0","","","","-113","-5","32629","1772943450046"
"464","2026-03-08 01:17:40","23.23","59","942.6800000000001","3420","0","","","","-113","-5.300000190734863","32630","1772943460057"
"465","2026-03-08 01:17:50","23.23","59","942.6800000000001","3440","0","","","","-113","-4.800000190734863","32631","1772943470052"
"466","2026-03-08 01:18:00","23.23","59","942.72","3400","0","","","","-113","-5","32632","1772943480054"
"467","2026-03-08 01:18:10","23.24","59","942.7","3440","0","","","","-113","-4.5","32633","1772943490055"
"468","2026-03-08 01:18:20","23.23","59","942.7","3400","0","","","","-113","-5","32634","1772943500048"
"469","2026-03-08 01:18:30","23.23","59","942.7","3400","0","","","","-112","-4.800000190734863","32635","1772943510043"
"470","2026-03-08 01:18:40","23.23","59","942.72","3400","0","","","","-113","-4.300000190734863","32636","1772943520051"
"471","2026-03-08 01:18:50","23.23","59","942.72","3440","0","","","","-113","-4.5","32637","1772943530054"
"472","2026-03-08 01:19:00","23.23","59","942.72","3400","0","","","","-113","-4","32638","1772943540045"
"473","2026-03-08 01:19:10","23.23","59","942.72","3420","0","","","","-113","-5","32639","1772943550047"
"474","2026-03-08 01:19:20","23.23","59","942.72","3400","0","","","","-113","-5.800000190734863","32640","1772943560044"
"475","2026-03-08 01:19:30","23.23","59","942.72","3440","0","","","","-113","-4.800000190734863","32641","1772943570043"
"476","2026-03-08 01:19:40","23.23","59","942.72","3440","0","","","","-113","-3.799999952316284","32642","1772943580054"
"477","2026-03-08 01:19:50","23.23","59","942.7","3420","0","","","","-112","-2.5","32643","1772943590052"
"478","2026-03-08 01:20:00","23.23","59","942.7","3400","0","","","","-112","-3.799999952316284","32644","1772943600044"
"479","2026-03-08 01:20:10","23.23","59","942.7","3440","0","","","","-113","-5.300000190734863","32645","1772943610045"
"480","2026-03-08 01:20:20","23.23","59","942.6800000000001","3400","0","","","","-113","-5.5","32646","1772943620061"
"481","2026-03-08 01:20:30","23.23","59","942.7","3420","0","","","","-113","-4","32647","1772943630051"
"482","2026-03-08 01:20:40","23.23","59","942.72","3420","0","","","","-113","-4.300000190734863","32648","1772943640048"
"483","2026-03-08 01:20:50","23.23","59.5","942.6800000000001","3400","0","","","","-113","-4.5","32649","1772943650050"
"484","2026-03-08 01:21:00","23.23","59","942.6800000000001","3440","0","","","","-112","-2.799999952316284","32650","1772943660052"
"485","2026-03-08 01:21:10","23.23","59.5","942.6800000000001","3400","0","","","","-112","-3","32651","1772943670044"
"486","2026-03-08 01:21:20","23.23","59","942.7","3420","0","","","","-112","-5","32652","1772943680045"
"487","2026-03-08 01:21:30","23.23","59","942.6800000000001","3400","0","","","","-112","-3.5","32653","1772943690046"
"488","2026-03-08 01:21:40","23.23","59","942.6800000000001","3420","0","","","","-113","-4","32654","1772943700046"
"489","2026-03-08 01:21:50","23.23","59","942.6800000000001","3400","0","","","","-112","-3.299999952316284","32655","1772943710045"
"490","2026-03-08 01:22:00","23.22","59","942.64","3400","0","","","","-112","-3.299999952316284","32656","1772943720053"
"491","2026-03-08 01:22:10","23.22","59","942.66","3400","0","","","","-112","-3.5","32657","1772943730051"
"492","2026-03-08 01:22:20","23.23","59","942.6800000000001","3400","0","","","","-113","-3.799999952316284","32658","1772943740054"
"493","2026-03-08 01:22:30","23.23","59","942.6800000000001","3400","0","","","","-113","-4.300000190734863","32659","1772943750050"
"494","2026-03-08 01:22:40","23.22","59","942.66","3420","0","","","","-113","-5.800000190734863","32660","1772943760047"
"495","2026-03-08 01:22:50","23.22","59","942.66","3400","0","","","","-113","-4.5","32661","1772943770056"
"496","2026-03-08 01:23:00","23.23","59","942.66","3420","0","","","","-113","-4.5","32662","1772943780047"
"497","2026-03-08 01:23:10","23.23","59","942.62","3400","0","","","","-113","-4.5","32663","1772943790052"
"498","2026-03-08 01:23:20","23.22","59","942.64","3420","0","","","","-112","-3.799999952316284","32664","1772943800051"
"499","2026-03-08 01:23:30","23.23","59","942.66","3400","0","","","","-112","-2.5","32665","1772943810060"
"500","2026-03-08 01:23:40","23.22","59","942.62","3380","0","","","","-112","-3","32666","1772943820056"
"501","2026-03-08 01:23:50","23.22","59","942.64","3400","0","","","","-112","-4.300000190734863","32667","1772943830057"
"502","2026-03-08 01:24:00","23.22","59","942.6","3440","0","","","","-113","-5.300000190734863","32668","1772943840048"
"503","2026-03-08 01:24:10","23.22","59","942.6","3400","0","","","","-113","-5.5","32669","1772943850049"
"504","2026-03-08 01:24:20","23.22","59","942.62","3420","0","","","","-113","-3.799999952316284","32670","1772943860044"
"505","2026-03-08 01:24:30","23.22","59","942.5600000000001","3420","0","","","","-113","-4.5","32671","1772943870052"
"506","2026-03-08 01:24:40","23.22","59","942.58","3440","0","","","","-113","-4.800000190734863","32672","1772943880055"
"507","2026-03-08 01:24:50","23.22","59","942.62","3420","0","","","","-113","-5.800000190734863","32673","1772943890044"
"508","2026-03-08 01:25:00","23.22","59","942.58","3440","0","","","","-113","-6.800000190734863","32674","1772943900046"
"509","2026-03-08 01:25:10","23.22","59","942.58","3420","0","","","","-113","-3.799999952316284","32675","1772943910052"
"510","2026-03-08 01:25:20","23.22","59","942.5600000000001","3400","0","","","","-112","-4","32676","1772943920046"
"511","2026-03-08 01:25:30","23.22","59.5","942.58","3400","0","","","","-113","-5","32677","1772943930045"
"512","2026-03-08 01:25:40","23.22","59","942.62","3440","0","","","","-112","-3","32678","1772943940052"
"513","2026-03-08 01:25:50","23.21","59","942.58","3420","0","","","","-113","-4.300000190734863","32679","1772943950045"
"514","2026-03-08 01:26:00","23.21","59","942.58","3420","0","","","","-113","-5.300000190734863","32680","1772943960049"
"515","2026-03-08 01:26:10","23.22","59","942.6","3420","0","","","","-112","-3.299999952316284","32681","1772943970044"
"516","2026-03-08 01:26:20","23.21","59","942.58","3400","0","","","","-113","-5.300000190734863","32682","1772943980042"
"517","2026-03-08 01:26:30","23.22","59.5","942.6","3420","0","","","","-112","-3.299999952316284","32683","1772943990047"
"518","2026-03-08 01:26:40","23.22","59","942.58","3400","0","","","","-112","-3.5","32684","1772944000048"
"519","2026-03-08 01:26:50","23.21","59","942.58","3420","0","","","","-113","-5.800000190734863","32685","1772944010041"
"520","2026-03-08 01:27:00","23.22","59","942.5600000000001","3400","0","","","","-113","-7.5","32686","1772944020050"
"521","2026-03-08 01:27:10","23.21","59","942.58","3400","0","","","","-113","-3.5","32687","1772944030052"
"522","2026-03-08 01:27:20","23.21","59","942.6","3440","0","","","","-113","-5","32688","1772944040046"
"523","2026-03-08 01:27:30","23.21","59","942.58","3420","0","","","","-113","-6.300000190734863","32689","1772944050052"
"524","2026-03-08 01:27:40","23.21","59","942.6","3400","0","","","","-113","-6","32690","1772944060041"
"525","2026-03-08 01:27:50","23.21","59","942.6","3400","0","","","","-112","-4.5","32691","1772944070058"
"526","2026-03-08 01:28:00","23.21","59.5","942.6","3440","0","","","","-113","-4","32692","1772944080049"
"527","2026-03-08 01:28:10","23.21","59","942.58","3440","0","","","","-113","-5","32693","1772944090047"
"528","2026-03-08 01:28:20","23.21","59","942.5600000000001","3400","0","","","","-112","-3.5","32694","1772944100042"
"529","2026-03-08 01:28:30","23.21","59","942.6","3400","0","","","","-113","-4.800000190734863","32695","1772944110054"
"530","2026-03-08 01:28:40","23.21","59","942.6","3440","0","","","","-113","-5.800000190734863","32696","1772944120045"
"531","2026-03-08 01:28:50","23.21","59","942.6","3420","0","","","","-114","-7.5","32697","1772944130047"
"532","2026-03-08 01:29:00","23.21","59","942.62","3420","0","","","","-113","-5.5","32698","1772944140042"
"533","2026-03-08 01:29:10","23.21","59","942.58","3400","0","","","","-113","-6","32699","1772944150037"
"534","2026-03-08 01:29:20","23.2","59","942.58","3420","0","","","","-113","-5.5","32700","1772944160053"
"535","2026-03-08 01:29:30","23.2","59","942.54","3420","0","","","","-113","-4.800000190734863","32701","1772944170050"
"536","2026-03-08 01:29:40","23.2","59","942.58","3440","0","","","","-112","-4","32702","1772944180067"
"537","2026-03-08 01:29:50","23.2","59.5","942.5600000000001","3420","0","","","","-113","-3.5","32703","1772944190044"
"538","2026-03-08 01:30:00","23.2","59.5","942.5600000000001","3420","0","","","","-113","-4.800000190734863","32704","1772944200052"
"539","2026-03-08 01:30:10","23.2","59.5","942.58","3440","0","","","","-113","-4.300000190734863","32705","1772944210043"
"540","2026-03-08 01:30:20","23.2","59","942.6","3400","0","","","","-113","-3.799999952316284","32706","1772944220048"
"541","2026-03-08 01:30:30","23.19","59.5","942.58","3420","0","","","","-113","-4.5","32707","1772944230039"
"542","2026-03-08 01:30:40","23.2","59","942.6","3420","0","","","","-113","-5.300000190734863","32708","1772944240044"
"543","2026-03-08 01:30:50","23.2","59.5","942.58","3420","0","","","","-113","-3.5","32709","1772944250013"
"544","2026-03-08 01:31:00","23.19","59.5","942.5600000000001","3440","0","","","","-113","-4.5","32710","1772944260043"
"545","2026-03-08 01:31:10","23.19","59.5","942.5600000000001","3420","0","","","","-112","-2.799999952316284","32711","1772944270011"
"546","2026-03-08 01:31:20","23.19","59.5","942.54","3440","0","","","","-112","-1.7999999523162842","32712","1772944280050"
"547","2026-03-08 01:31:30","23.2","59.5","942.5600000000001","3420","0","","","","-112","-2.5","32713","1772944290042"
"548","2026-03-08 01:31:40","23.2","59.5","942.6","3400","0","","","","-113","-3.799999952316284","32714","1772944300051"
"549","2026-03-08 01:31:50","23.19","59.5","942.5600000000001","3400","0","","","","-113","-5.300000190734863","32715","1772944310063"
"550","2026-03-08 01:32:00","23.19","59.5","942.6","3400","0","","","","-113","-4.5","32716","1772944320042"
"551","2026-03-08 01:32:10","23.19","59.5","942.58","3400","0","","","","-113","-4.800000190734863","32717","1772944330059"
"552","2026-03-08 01:32:20","23.19","59.5","942.58","3440","0","","","","-113","-4.5","32718","1772944340043"
"553","2026-03-08 01:32:30","23.19","59.5","942.6","3420","0","","","","-112","-3.5","32719","1772944350008"
"554","2026-03-08 01:32:40","23.19","59.5","942.6","3400","0","","","","-113","-3.5","32720","1772944360043"
"555","2026-03-08 01:32:50","23.19","59.5","942.6","3420","0","","","","-113","-5","32721","1772944370049"
"556","2026-03-08 01:33:00","23.19","59.5","942.6","3400","0","","","","-113","-5.300000190734863","32722","1772944380050"
"557","2026-03-08 01:33:10","23.19","59.5","942.58","3420","0","","","","-112","-3.299999952316284","32723","1772944390041"
"558","2026-03-08 01:33:20","23.19","59","942.6","3400","0","","","","-113","-4.300000190734863","32724","1772944400050"
"559","2026-03-08 01:33:30","23.19","59.5","942.6","3420","0","","","","-113","-4.300000190734863","32725","1772944410043"
"560","2026-03-08 01:33:40","23.19","59.5","942.5600000000001","3420","0","","","","-113","-4","32726","1772944420044"
"561","2026-03-08 01:33:50","23.19","59.5","942.58","3440","0","","","","-113","-4.300000190734863","32727","1772944430045"
"562","2026-03-08 01:34:00","23.19","59.5","942.6","3400","0","","","","-112","-4.5","32728","1772944440020"
"563","2026-03-08 01:34:10","23.19","59.5","942.62","3420","0","","","","-112","-3.299999952316284","32729","1772944450040"
"564","2026-03-08 01:34:20","23.19","59.5","942.58","3440","0","","","","-113","-5.5","32730","1772944460018"
"565","2026-03-08 01:34:30","23.19","59","942.6","3440","0","","","","-113","-5.800000190734863","32731","1772944470050"
"566","2026-03-08 01:34:40","23.18","59.5","942.6","3440","0","","","","-114","-6.800000190734863","32732","1772944480044"
"567","2026-03-08 01:34:50","23.19","59.5","942.62","3420","0","","","","-113","-5.300000190734863","32733","1772944490047"
"568","2026-03-08 01:35:00","23.19","59.5","942.6","3400","0","","","","-113","-5.5","32734","1772944500041"
"569","2026-03-08 01:35:10","23.18","59.5","942.58","3440","0","","","","-112","-4.300000190734863","32735","1772944510049"
"570","2026-03-08 01:35:20","23.19","59.5","942.58","3440","0","","","","-112","-3.299999952316284","32736","1772944520052"
"571","2026-03-08 01:35:30","23.19","59.5","942.58","3400","0","","","","-113","-5","32737","1772944530043"
"572","2026-03-08 01:35:40","23.18","59.5","942.5600000000001","3420","0","","","","-112","-4.5","32738","1772944540039"
"573","2026-03-08 01:35:50","23.18","59.5","942.6","3400","0","","","","-113","-5.5","32739","1772944550043"
"574","2026-03-08 01:36:00","23.18","59.5","942.6","3420","0","","","","-112","-2.299999952316284","32740","1772944560041"
"575","2026-03-08 01:36:10","23.18","59.5","942.58","3440","0","","","","-111","-0.5","32741","1772944570045"
"576","2026-03-08 01:36:20","23.18","59.5","942.58","3400","0","","","","-113","-3.799999952316284","32742","1772944580009"
"577","2026-03-08 01:36:30","23.18","59.5","942.62","3400","0","","","","-112","-1.7999999523162842","32743","1772944590048"
"578","2026-03-08 01:36:40","23.18","59.5","942.6","3420","0","","","","-113","-5.300000190734863","32744","1772944600042"
"579","2026-03-08 01:36:50","23.18","59.5","942.64","3420","0","","","","-112","-2.299999952316284","32745","1772944610052"
"580","2026-03-08 01:37:00","23.18","59.5","942.58","3420","0","","","","-113","-6.300000190734863","32746","1772944620041"
"581","2026-03-08 01:37:10","23.18","59.5","942.6","3440","0","","","","-112","-3.799999952316284","32747","1772944630052"
"582","2026-03-08 01:37:20","23.18","59.5","942.5600000000001","3420","0","","","","-113","-3","32748","1772944640047"
"583","2026-03-08 01:37:30","23.18","59.5","942.58","3400","0","","","","-113","-5.5","32749","1772944650047"
"584","2026-03-08 01:37:40","23.18","59.5","942.58","3420","0","","","","-112","-3","32750","1772944660040"
"585","2026-03-08 01:37:50","23.18","59.5","942.62","3400","0","","","","-112","-2.299999952316284","32751","1772944670048"
"586","2026-03-08 01:38:00","23.18","59.5","942.58","3400","0","","","","-111","0","32752","1772944680034"
"587","2026-03-08 01:38:10","23.18","59.5","942.6","3440","0","","","","-112","-2.5","32753","1772944690053"
"588","2026-03-08 01:38:20","23.18","59.5","942.58","3400","0","","","","-112","-2.299999952316284","32754","1772944700042"
"589","2026-03-08 01:38:30","23.18","59.5","942.58","3420","0","","","","-112","-3","32755","1772944710046"
"590","2026-03-08 01:38:40","23.18","59.5","942.6","3400","0","","","","-113","-3.299999952316284","32756","1772944720051"
"591","2026-03-08 01:38:50","23.18","59.5","942.58","3400","0","","","","-111","-1","32757","1772944730048"
"592","2026-03-08 01:39:00","23.18","59.5","942.6","3400","0","","","","-112","-3.299999952316284","32758","1772944740020"
"593","2026-03-08 01:39:10","23.17","59.5","942.6","3420","0","","","","-112","-2.5","32759","1772944750046"
"594","2026-03-08 01:39:20","23.17","59.5","942.58","3400","0","","","","-112","-2","32760","1772944760047"
"595","2026-03-08 01:39:30","23.17","59.5","942.58","3400","0","","","","-112","-1","32761","1772944770040"
"596","2026-03-08 01:39:40","23.17","59.5","942.6","3400","0","","","","-112","-3.799999952316284","32762","1772944780046"
"597","2026-03-08 01:39:50","23.17","59.5","942.6","3400","0","","","","-112","-1.2999999523162842","32763","1772944790047"
"598","2026-03-08 01:40:00","23.17","59.5","942.6","3400","0","","","","-113","-4.800000190734863","32764","1772944800072"
"599","2026-03-08 01:40:10","23.17","59.5","942.58","3440","0","","","","-112","-3.299999952316284","32765","1772944810043"
"600","2026-03-08 01:40:20","23.17","59.5","942.58","3400","0","","","","-113","-5.5","32766","1772944820060"
"601","2026-03-08 01:40:30","23.17","59.5","942.58","3400","0","","","","-113","-5.300000190734863","32767","1772944830042"
"602","2026-03-08 01:40:40","23.17","59.5","942.6","3400","0","","","","-113","-6","32768","1772944840010"
"603","2026-03-08 01:40:50","23.17","59.5","942.58","3440","0","","","","-113","-4.300000190734863","32769","1772944850050"
"604","2026-03-08 01:41:00","23.17","59.5","942.6","3440","0","","","","-113","-3.799999952316284","32770","1772944860046"
"605","2026-03-08 01:41:10","23.17","59.5","942.6","3420","0","","","","-112","-3.5","32771","1772944870027"
"606","2026-03-08 01:41:20","23.17","59.5","942.6","3400","0","","","","-112","-3","32772","1772944880049"
"607","2026-03-08 01:41:30","23.17","59.5","942.5600000000001","3400","0","","","","-113","-4","32773","1772944890045"
"608","2026-03-08 01:41:40","23.17","59.5","942.5600000000001","3400","0","","","","-112","-2.299999952316284","32774","1772944900041"
"609","2026-03-08 01:41:50","23.16","59.5","942.58","3440","0","","","","-112","-3.5","32775","1772944910041"
"610","2026-03-08 01:42:00","23.17","59.5","942.62","3440","0","","","","-112","-2.5","32776","1772944920048"
"611","2026-03-08 01:42:10","23.17","59.5","942.58","3440","0","","","","-113","-3.5","32777","1772944930045"
"612","2026-03-08 01:42:20","23.16","59.5","942.58","3420","0","","","","-112","-3","32778","1772944940044"
"613","2026-03-08 01:42:30","23.16","59.5","942.58","3420","0","","","","-112","-3","32779","1772944950041"
"614","2026-03-08 01:42:40","23.16","59.5","942.58","3420","0","","","","-112","-3","32780","1772944960046"
"615","2026-03-08 01:42:50","23.16","59.5","942.58","3400","0","","","","-112","-3.299999952316284","32781","1772944970041"
"616","2026-03-08 01:43:00","23.15","59.5","942.5600000000001","3420","0","","","","-113","-4","32782","1772944980046"
"617","2026-03-08 01:43:10","23.16","59.5","942.54","3400","0","","","","-113","-4.5","32783","1772944990041"
"618","2026-03-08 01:43:20","23.15","59.5","942.58","3440","0","","","","-113","-5","32784","1772945000046"
"619","2026-03-08 01:43:30","23.16","59.5","942.58","3420","0","","","","-112","-2","32785","1772945010042"
"620","2026-03-08 01:43:40","23.15","59.5","942.54","3400","0","","","","-113","-3.799999952316284","32786","1772945020037"
"621","2026-03-08 01:43:50","23.15","59.5","942.54","3420","0","","","","-113","-4.300000190734863","32787","1772945030041"
"622","2026-03-08 01:44:00","23.15","59.5","942.54","3400","0","","","","-112","-2.5","32788","1772945040041"
"623","2026-03-08 01:44:10","23.15","59.5","942.5600000000001","3420","0","","","","-112","-2.5","32789","1772945050043"
"624","2026-03-08 01:44:20","23.15","59.5","942.5600000000001","3400","0","","","","-112","-2.299999952316284","32790","1772945060040"
"625","2026-03-08 01:44:30","23.15","59.5","942.5600000000001","3400","0","","","","-112","-3.299999952316284","32791","1772945070034"
"626","2026-03-08 01:44:40","23.15","59.5","942.54","3440","0","","","","-113","-3.299999952316284","32792","1772945080045"
"627","2026-03-08 01:44:50","23.14","59.5","942.5600000000001","3400","0","","","","-113","-3","32793","1772945090043"
"628","2026-03-08 01:45:00","23.14","59.5","942.5600000000001","3440","0","","","","-112","-3","32794","1772945100044"
"629","2026-03-08 01:45:10","23.14","59.5","942.54","3400","0","","","","-112","-2.799999952316284","32795","1772945110038"
"630","2026-03-08 01:45:20","23.14","59.5","942.5600000000001","3400","0","","","","-113","-5.5","32796","1772945120070"
"631","2026-03-08 01:45:30","23.14","59.5","942.52","3400","0","","","","-113","-6.300000190734863","32797","1772945130040"
"632","2026-03-08 01:45:40","23.14","59.5","942.58","3420","0","","","","-113","-3.5","32798","1772945140044"
"633","2026-03-08 01:45:50","23.14","59.5","942.5600000000001","3400","0","","","","-112","-2.5","32799","1772945150041"
"634","2026-03-08 01:46:00","23.14","59.5","942.5600000000001","3400","0","","","","-114","-7.300000190734863","32800","1772945160043"
"635","2026-03-08 01:46:10","23.13","59.5","942.54","3400","0","","","","-113","-4","32801","1772945170049"
"636","2026-03-08 01:46:20","23.14","59.5","942.52","3400","0","","","","-112","-1.2999999523162842","32802","1772945180042"
"637","2026-03-08 01:46:30","23.14","59.5","942.52","3420","0","","","","-112","-1.7999999523162842","32803","1772945190044"
"638","2026-03-08 01:46:40","23.14","59.5","942.5","3400","0","","","","-113","-3.5","32804","1772945200039"
"639","2026-03-08 01:46:50","23.13","59.5","942.52","3420","0","","","","-113","-3.799999952316284","32805","1772945210045"
"640","2026-03-08 01:47:00","23.14","59.5","942.52","3420","0","","","","-112","-4","32806","1772945220037"
"641","2026-03-08 01:47:10","23.13","59.5","942.52","3440","0","","","","-112","-3.299999952316284","32807","1772945230049"
"642","2026-03-08 01:47:20","23.13","59.5","942.52","3420","0","","","","-112","-1.2999999523162842","32808","1772945240039"
"643","2026-03-08 01:47:30","23.13","59.5","942.54","3420","0","","","","-112","-1.2999999523162842","32809","1772945250055"
"644","2026-03-08 01:47:40","23.13","59.5","942.48","3400","0","","","","-112","-3","32810","1772945260043"
"645","2026-03-08 01:47:50","23.12","59.5","942.48","3400","0","","","","-112","-3","32811","1772945270039"
"646","2026-03-08 01:48:00","23.12","59.5","942.5","3420","0","","","","-113","-3.5","32812","1772945280040"
"647","2026-03-08 01:48:10","23.13","59.5","942.5","3440","0","","","","-112","-2","32813","1772945290043"
"648","2026-03-08 01:48:20","23.12","59.5","942.48","3440","0","","","","-112","-2.299999952316284","32814","1772945300038"
"649","2026-03-08 01:48:30","23.12","59.5","942.48","3440","0","","","","-112","-3.5","32815","1772945310016"
"650","2026-03-08 01:48:40","23.12","59.5","942.46","3420","0","","","","-112","-3.5","32816","1772945320047"
"651","2026-03-08 01:48:50","23.12","59.5","942.5","3440","0","","","","-113","-4","32817","1772945330005"
"652","2026-03-08 01:49:00","23.12","59.5","942.52","3400","0","","","","-113","-4","32818","1772945340040"
"653","2026-03-08 01:49:10","23.12","59.5","942.46","3400","0","","","","-113","-5","32819","1772945350042"
"654","2026-03-08 01:49:20","23.12","59.5","942.48","3420","0","","","","-112","-2.5","32820","1772945360037"
"655","2026-03-08 01:49:30","23.11","59.5","942.46","3400","0","","","","-112","-3","32821","1772945370036"
"656","2026-03-08 01:49:40","23.12","59.5","942.44","3440","0","","","","-112","-2.799999952316284","32822","1772945380045"
"657","2026-03-08 01:49:50","23.11","59.5","942.46","3400","0","","","","-112","-2.799999952316284","32823","1772945390044"
"658","2026-03-08 01:50:00","23.12","59.5","942.46","3420","0","","","","-112","-3","32824","1772945400043"
"659","2026-03-08 01:50:10","23.11","59.5","942.48","3440","0","","","","-112","-3.5","32825","1772945410013"
"660","2026-03-08 01:50:20","23.11","59.5","942.5","3400","0","","","","-113","-4.300000190734863","32826","1772945420049"
"661","2026-03-08 01:50:30","23.11","59.5","942.52","3400","0","","","","-113","-5","32827","1772945430043"
"662","2026-03-08 01:50:40","23.11","59.5","942.5","3400","0","","","","-112","-3.299999952316284","32828","1772945440042"
"663","2026-03-08 01:50:50","23.11","59.5","942.52","3420","0","","","","-114","-6.5","32829","1772945450004"
"664","2026-03-08 01:51:00","23.11","59.5","942.5","3400","0","","","","-113","-6.800000190734863","32830","1772945460050"
"665","2026-03-08 01:51:10","23.11","59.5","942.5","3420","0","","","","-112","-4","32831","1772945470039"
"666","2026-03-08 01:51:20","23.11","59.5","942.5","3400","0","","","","-113","-4.300000190734863","32832","1772945480044"
"667","2026-03-08 01:51:30","23.11","59.5","942.5","3440","0","","","","-113","-4","32833","1772945490047"
"668","2026-03-08 01:51:40","23.11","59.5","942.52","3400","0","","","","-113","-4","32834","1772945500048"
"669","2026-03-08 01:51:50","23.1","59.5","942.54","3400","0","","","","-112","-3","32835","1772945510038"
"670","2026-03-08 01:52:00","23.1","59.5","942.52","3400","0","","","","-113","-5","32836","1772945520052"
"671","2026-03-08 01:52:10","23.11","59.5","942.54","3420","0","","","","-113","-3.799999952316284","32837","1772945530048"
"672","2026-03-08 01:52:20","23.11","59.5","942.54","3420","0","","","","-113","-4.800000190734863","32838","1772945540043"
"673","2026-03-08 01:52:30","23.1","59.5","942.54","3400","0","","","","-113","-3.299999952316284","32839","1772945550038"
"674","2026-03-08 01:52:40","23.11","59.5","942.52","3420","0","","","","-112","-3.299999952316284","32840","1772945560042"
"675","2026-03-08 01:52:50","23.1","59.5","942.54","3400","0","","","","-112","-3","32841","1772945570042"
"676","2026-03-08 01:53:00","23.1","59.5","942.54","3440","0","","","","-112","-3.299999952316284","32842","1772945580047"
"677","2026-03-08 01:53:10","23.1","59.5","942.54","3400","0","","","","-113","-4.5","32843","1772945590038"
"678","2026-03-08 01:53:20","23.1","59.5","942.52","3440","0","","","","-112","-3","32844","1772945600038"
"679","2026-03-08 01:53:30","23.1","59.5","942.5600000000001","3420","0","","","","-112","-3.5","32845","1772945610043"
"680","2026-03-08 01:53:40","23.1","59.5","942.54","3420","0","","","","-112","-2.799999952316284","32846","1772945620044"
"681","2026-03-08 01:53:50","23.11","59.5","942.5600000000001","3420","0","","","","-113","-3.799999952316284","32847","1772945630042"
"682","2026-03-08 01:54:00","23.1","59.5","942.58","3420","0","","","","-113","-4.5","32848","1772945640040"
"683","2026-03-08 01:54:10","23.1","59.5","942.58","3400","0","","","","-113","-4.300000190734863","32849","1772945650071"
"684","2026-03-08 01:54:20","23.1","59.5","942.6","3400","0","","","","-113","-6.800000190734863","32850","1772945660039"
"685","2026-03-08 01:54:30","23.1","59.5","942.6","3420","0","","","","-113","-5","32851","1772945670044"
"686","2026-03-08 01:54:40","23.1","59.5","942.5600000000001","3420","0","","","","-113","-6","32852","1772945680039"
"687","2026-03-08 01:54:50","23.1","59.5","942.5600000000001","3420","0","","","","-113","-5","32853","1772945690039"
"688","2026-03-08 01:55:00","23.1","59.5","942.6","3420","0","","","","-113","-3.799999952316284","32854","1772945700036"
"689","2026-03-08 01:55:10","23.1","59.5","942.58","3400","0","","","","-112","-3.299999952316284","32855","1772945710038"
"690","2026-03-08 01:55:20","23.09","59.5","942.58","3420","0","","","","-112","-3.299999952316284","32856","1772945720042"
"691","2026-03-08 01:55:30","23.1","59.5","942.62","3400","0","","","","-113","-5","32857","1772945730038"
"692","2026-03-08 01:55:40","23.1","59.5","942.58","3400","0","","","","-113","-4.300000190734863","32858","1772945740043"
"693","2026-03-08 01:55:50","23.1","59.5","942.58","3440","0","","","","-112","-2.299999952316284","32859","1772945750036"
"694","2026-03-08 01:56:00","23.09","59.5","942.6","3420","0","","","","-112","-2.5","32860","1772945760037"
"695","2026-03-08 01:56:10","23.09","59.5","942.6","3400","0","","","","-113","-4.300000190734863","32861","1772945770035"
"696","2026-03-08 01:56:20","23.09","59.5","942.58","3420","0","","","","-112","-3.299999952316284","32862","1772945779999"
"697","2026-03-08 01:56:30","23.09","59.5","942.6","3400","0","","","","-112","-2.5","32863","1772945790037"
"698","2026-03-08 01:56:40","23.09","59.5","942.62","3420","0","","","","-113","-4.300000190734863","32864","1772945800034"
"699","2026-03-08 01:56:50","23.08","59.5","942.5600000000001","3400","0","","","","-113","-5.800000190734863","32865","1772945810038"
"700","2026-03-08 01:57:00","23.09","59.5","942.6","3400","0","","","","-113","-4","32866","1772945820004"
"701","2026-03-08 01:57:10","23.09","59.5","942.6","3420","0","","","","-112","-3.299999952316284","32867","1772945830042"
"702","2026-03-08 01:57:20","23.09","59.5","942.6","3420","0","","","","-113","-3.799999952316284","32868","1772945840033"
"703","2026-03-08 01:57:30","23.09","59.5","942.58","3400","0","","","","-113","-4.5","32869","1772945850039"
"704","2026-03-08 01:57:40","23.08","59.5","942.58","3400","0","","","","-113","-4.5","32870","1772945860043"
"705","2026-03-08 01:57:50","23.09","59.5","942.6","3420","0","","","","-113","-4","32871","1772945870039"
"706","2026-03-08 01:58:00","23.08","59.5","942.58","3420","0","","","","-113","-4.300000190734863","32872","1772945880042"
"707","2026-03-08 01:58:10","23.09","59.5","942.64","3420","0","","","","-113","-4","32873","1772945890048"
"708","2026-03-08 01:58:20","23.08","59.5","942.62","3400","0","","","","-113","-3.5","32874","1772945900041"
"709","2026-03-08 01:58:30","23.08","59.5","942.62","3420","0","","","","-113","-4.300000190734863","32875","1772945910043"
"710","2026-03-08 01:58:40","23.08","59.5","942.62","3420","0","","","","-112","-3.799999952316284","32876","1772945920046"
"711","2026-03-08 01:58:50","23.08","59.5","942.58","3400","0","","","","-113","-5.300000190734863","32877","1772945930007"
"712","2026-03-08 01:59:00","23.08","59.5","942.5600000000001","3400","0","","","","-113","-4.800000190734863","32878","1772945940042"
"713","2026-03-08 01:59:10","23.08","59.5","942.6","3420","0","","","","-113","-4.5","32879","1772945950043"
"714","2026-03-08 01:59:20","23.08","59.5","942.64","3400","0","","","","-113","-4.800000190734863","32880","1772945960043"
"715","2026-03-08 01:59:30","23.08","59.5","942.62","3400","0","","","","-113","-5","32881","1772945970042"
"716","2026-03-08 01:59:40","23.08","59.5","942.6","3400","0","","","","-113","-4.5","32882","1772945980036"
"717","2026-03-08 01:59:50","23.08","59.5","942.6","3420","0","","","","-113","-4","32883","1772945990035"
"718","2026-03-08 02:00:00","23.08","59.5","942.58","3440","0","","","","-112","-3.5","32884","1772946000046"
"719","2026-03-08 02:00:10","23.08","59.5","942.6","3400","0","","","","-113","-4.300000190734863","32885","1772946010033"
"720","2026-03-08 02:00:20","23.08","59.5","942.6","3400","0","","","","-113","-4","32886","1772946020045"
"721","2026-03-08 02:00:30","23.08","59.5","942.64","3400","0","","","","-113","-4.300000190734863","32887","1772946030038"
"722","2026-03-08 02:00:40","23.08","59.5","942.6","3400","0","","","","-112","-3.5","32888","1772946040045"
"723","2026-03-08 02:00:50","23.08","59.5","942.62","3400","0","","","","-112","-3.5","32889","1772946050036"
"724","2026-03-08 02:01:00","23.07","59.5","942.6","3400","0","","","","-113","-3.299999952316284","32890","1772946060044"
"725","2026-03-08 02:01:10","23.08","59.5","942.6","3400","0","","","","-112","-2.5","32891","1772946070042"
"726","2026-03-08 02:01:20","23.07","59.5","942.62","3420","0","","","","-113","-4.5","32892","1772946080038"
"727","2026-03-08 02:01:30","23.07","59.5","942.6","3400","0","","","","-112","-4.300000190734863","32893","1772946090026"
"728","2026-03-08 02:01:40","23.07","59.5","942.6","3400","0","","","","-113","-4.5","32894","1772946100036"
"729","2026-03-08 02:01:50","23.07","59.5","942.58","3420","0","","","","-112","-3.5","32895","1772946110035"
"730","2026-03-08 02:02:00","23.08","59.5","942.6","3400","0","","","","-113","-4","32896","1772946120044"
"731","2026-03-08 02:02:10","23.07","59.5","942.6","3400","0","","","","-112","-3.799999952316284","32897","1772946130030"
"732","2026-03-08 02:02:20","23.07","59.5","942.58","3420","0","","","","-113","-4","32898","1772946140036"
"733","2026-03-08 02:02:30","23.07","59.5","942.6","3420","0","","","","-113","-4.300000190734863","32899","1772946150034"
"734","2026-03-08 02:02:40","23.07","59.5","942.58","3440","0","","","","-113","-4.300000190734863","32900","1772946160036"
"735","2026-03-08 02:02:50","23.07","59.5","942.58","3400","0","","","","-113","-4","32901","1772946170039"
"736","2026-03-08 02:03:00","23.07","59.5","942.62","3400","0","","","","-113","-3.799999952316284","32902","1772946180043"
"737","2026-03-08 02:03:10","23.07","59.5","942.58","3420","0","","","","-113","-3.799999952316284","32903","1772946190034"
"738","2026-03-08 02:03:20","23.07","59.5","942.58","3400","0","","","","-112","-4.300000190734863","32904","1772946200037"
"739","2026-03-08 02:03:30","23.07","59.5","942.58","3400","0","","","","-113","-3.299999952316284","32905","1772946210038"
"740","2026-03-08 02:03:40","23.07","59.5","942.5600000000001","3440","0","","","","-112","-4","32906","1772946220043"
"741","2026-03-08 02:03:50","23.07","59.5","942.6","3440","0","","","","-113","-4.300000190734863","32907","1772946230040"
"742","2026-03-08 02:04:00","23.07","59.5","942.5600000000001","3420","0","","","","-112","-3.799999952316284","32908","1772946240034"
"743","2026-03-08 02:04:10","23.07","59.5","942.5600000000001","3440","0","","","","-113","-4","32909","1772946250040"
"744","2026-03-08 02:04:20","23.07","59.5","942.54","3400","0","","","","-112","-3.5","32910","1772946260034"
"745","2026-03-08 02:04:30","23.07","59.5","942.5600000000001","3420","0","","","","-113","-3.799999952316284","32911","1772946270037"
"746","2026-03-08 02:04:40","23.07","59.5","942.54","3420","0","","","","-113","-4.300000190734863","32912","1772946280034"
"747","2026-03-08 02:04:50","23.07","59.5","942.52","3400","0","","","","-113","-4.5","32913","1772946290029"
"748","2026-03-08 02:05:00","23.07","59.5","942.54","3400","0","","","","-113","-4.300000190734863","32914","1772946300036"
"749","2026-03-08 02:05:10","23.07","59.5","942.52","3420","0","","","","-113","-4.5","32915","1772946310054"
"750","2026-03-08 02:05:20","23.07","59.5","942.5","3420","0","","","","-113","-4.800000190734863","32916","1772946320036"
"751","2026-03-08 02:05:30","23.07","59.5","942.52","3400","0","","","","-113","-4.300000190734863","32917","1772946330042"
"752","2026-03-08 02:05:40","23.07","59.5","942.5","3400","0","","","","-112","-3.5","32918","1772946340035"
"753","2026-03-08 02:05:50","23.07","59.5","942.5","3440","0","","","","-113","-3","32919","1772946350011"
"754","2026-03-08 02:06:00","23.07","59.5","942.5","3420","0","","","","-113","-3.799999952316284","32920","1772946360045"
"755","2026-03-08 02:06:10","23.07","59.5","942.48","3400","0","","","","-113","-3.799999952316284","32921","1772946370043"
"756","2026-03-08 02:06:20","23.07","59.5","942.48","3420","0","","","","-112","-3.299999952316284","32922","1772946380040"
"757","2026-03-08 02:06:30","23.06","59.5","942.48","3420","0","","","","-113","-4.5","32923","1772946390035"
"758","2026-03-08 02:06:40","23.07","59.5","942.46","3440","0","","","","-112","-3.299999952316284","32924","1772946400046"
"759","2026-03-08 02:06:50","23.06","59.5","942.46","3440","0","","","","-113","-3.5","32925","1772946410047"
"760","2026-03-08 02:07:00","23.07","59.5","942.44","3420","0","","","","-113","-4","32926","1772946420036"
"761","2026-03-08 02:07:10","23.06","59.5","942.4200000000001","3400","0","","","","-112","-2.299999952316284","32927","1772946430034"
"762","2026-03-08 02:07:20","23.06","59.5","942.44","3440","0","","","","-112","-2.5","32928","1772946440039"
"763","2026-03-08 02:07:30","23.06","59.5","942.44","3400","0","","","","-113","-4.300000190734863","32929","1772946450045"
"764","2026-03-08 02:07:40","23.06","59.5","942.44","3400","0","","","","-112","-2.5","32930","1772946460043"
"765","2026-03-08 02:07:50","23.06","59.5","942.46","3400","0","","","","-112","-2.799999952316284","32931","1772946470037"
"766","2026-03-08 02:08:00","23.06","59.5","942.4","3420","0","","","","-112","-2.799999952316284","32932","1772946480039"
"767","2026-03-08 02:08:10","23.06","59.5","942.4200000000001","3400","0","","","","-113","-3.799999952316284","32933","1772946490039"
"768","2026-03-08 02:08:20","23.06","59.5","942.4","3400","0","","","","-112","-3.5","32934","1772946500038"
"769","2026-03-08 02:08:30","23.06","59.5","942.4","3400","0","","","","-113","-3.299999952316284","32935","1772946510045"
"770","2026-03-08 02:08:40","23.06","59.5","942.4200000000001","3420","0","","","","-112","-3","32936","1772946520038"
"771","2026-03-08 02:08:50","23.06","59.5","942.4200000000001","3420","0","","","","-112","-3.799999952316284","32937","1772946530035"
"772","2026-03-08 02:09:00","23.05","59.5","942.38","3440","0","","","","-112","-2.299999952316284","32938","1772946540041"
"773","2026-03-08 02:09:10","23.06","59.5","942.4200000000001","3420","0","","","","-113","-3.299999952316284","32939","1772946550040"
"774","2026-03-08 02:09:20","23.05","59.5","942.4200000000001","3400","0","","","","-112","-3.299999952316284","32940","1772946560062"
"775","2026-03-08 02:09:30","23.05","59.5","942.38","3420","0","","","","-112","-3.5","32941","1772946570036"
"776","2026-03-08 02:09:40","23.05","59.5","942.4200000000001","3420","0","","","","-112","-3","32942","1772946580046"
"777","2026-03-08 02:09:50","23.05","59.5","942.38","3400","0","","","","-112","-2.799999952316284","32943","1772946590030"
"778","2026-03-08 02:10:00","23.04","59.5","942.38","3420","0","","","","-113","-3.799999952316284","32944","1772946600035"
"779","2026-03-08 02:10:10","23.05","59.5","942.38","3420","0","","","","-112","-2.799999952316284","32945","1772946610040"
"780","2026-03-08 02:10:20","23.04","59.5","942.4","3420","0","","","","-113","-5.300000190734863","32946","1772946620045"
"781","2026-03-08 02:10:30","23.04","59.5","942.38","3400","0","","","","-112","-4.300000190734863","32947","1772946630045"
"782","2026-03-08 02:10:40","23.05","59.5","942.4200000000001","3400","0","","","","-112","-3.299999952316284","32948","1772946640048"
"783","2026-03-08 02:10:50","23.04","59.5","942.4","3440","0","","","","-112","-4","32949","1772946650043"
"784","2026-03-08 02:11:00","23.04","59.5","942.4","3400","0","","","","-113","-4.800000190734863","32950","1772946660043"
"785","2026-03-08 02:11:10","23.04","59.5","942.38","3420","0","","","","-113","-4.300000190734863","32951","1772946670031"
"786","2026-03-08 02:11:20","23.04","59.5","942.4","3400","0","","","","-112","-2.799999952316284","32952","1772946680039"
"787","2026-03-08 02:11:30","23.04","59.5","942.38","3400","0","","","","-113","-6.800000190734863","32953","1772946690034"
"788","2026-03-08 02:11:40","23.04","59.5","942.38","3420","0","","","","-112","-2.299999952316284","32954","1772946700046"
"789","2026-03-08 02:11:50","23.03","59.5","942.38","3400","0","","","","-113","-4","32955","1772946710046"
"790","2026-03-08 02:12:00","23.04","59.5","942.38","3420","0","","","","-113","-4.800000190734863","32956","1772946720039"
"791","2026-03-08 02:12:10","23.04","59.5","942.38","3400","0","","","","-112","-3.799999952316284","32957","1772946730036"
"792","2026-03-08 02:12:20","23.04","59.5","942.38","3420","0","","","","-113","-4.800000190734863","32958","1772946740033"
"793","2026-03-08 02:12:30","23.04","59.5","942.38","3400","0","","","","-112","-3.799999952316284","32959","1772946750031"
"794","2026-03-08 02:12:40","23.03","59.5","942.36","3440","0","","","","-112","-3.5","32960","1772946760045"
"795","2026-03-08 02:12:50","23.03","59.5","942.36","3400","0","","","","-113","-4.5","32961","1772946770033"
"796","2026-03-08 02:13:00","23.03","59.5","942.36","3400","0","","","","-112","-3.299999952316284","32962","1772946780012"
"797","2026-03-08 02:13:10","23.03","59.5","942.36","3420","0","","","","-112","-4.300000190734863","32963","1772946790033"
"798","2026-03-08 02:13:20","23.03","59.5","942.38","3420","0","","","","-113","-5","32964","1772946800031"
"799","2026-03-08 02:13:30","23.03","59.5","942.34","3400","0","","","","-113","-4.5","32965","1772946810039"
"800","2026-03-08 02:13:40","23.03","59.5","942.34","3400","0","","","","-113","-5","32966","1772946820039"
"801","2026-03-08 02:13:50","23.03","59.5","942.36","3420","0","","","","-113","-3.5","32967","1772946830040"
"802","2026-03-08 02:14:00","23.03","59.5","942.36","3400","0","","","","-113","-4.300000190734863","32968","1772946840014"
"803","2026-03-08 02:14:10","23.03","59.5","942.36","3440","0","","","","-112","-3","32969","1772946850028"
"804","2026-03-08 02:14:20","23.03","59.5","942.34","3420","0","","","","-113","-4.300000190734863","32970","1772946860008"
"805","2026-03-08 02:14:30","23.03","59.5","942.34","3420","0","","","","-112","-4","32971","1772946870039"
"806","2026-03-08 02:14:40","23.03","59.5","942.3000000000001","3420","0","","","","-113","-3.799999952316284","32972","1772946880032"
"807","2026-03-08 02:14:50","23.03","59.5","942.34","3420","0","","","","-112","-4","32973","1772946890029"
"808","2026-03-08 02:15:00","23.03","59.5","942.34","3420","0","","","","-113","-4","32974","1772946900039"
"809","2026-03-08 02:15:10","23.03","59.5","942.34","3420","0","","","","-112","-3.299999952316284","32975","1772946910031"
"810","2026-03-08 02:15:20","23.03","59.5","942.32","3400","0","","","","-112","-3","32976","1772946920040"
"811","2026-03-08 02:15:30","23.03","59.5","942.32","3420","0","","","","-112","-3.5","32977","1772946930041"
"812","2026-03-08 02:15:40","23.03","59.5","942.36","3400","0","","","","-113","-4","32978","1772946940036"
"813","2026-03-08 02:15:50","23.03","59.5","942.3000000000001","3400","0","","","","-112","-4","32979","1772946950055"
"814","2026-03-08 02:16:00","23.03","59.5","942.34","3400","0","","","","-113","-4.300000190734863","32980","1772946960036"
"815","2026-03-08 02:16:10","23.03","59.5","942.3000000000001","3400","0","","","","-112","-3.299999952316284","32981","1772946970034"
"816","2026-03-08 02:16:20","23.03","59.5","942.26","3440","0","","","","-113","-6","32982","1772946980042"
"817","2026-03-08 02:16:40","23.03","59.5","942.3000000000001","3400","0","","","","-113","-5","32984","1772947000026"
"818","2026-03-08 02:16:50","23.03","59.5","942.28","3420","0","","","","-113","-4.5","32985","1772947010009"
"819","2026-03-08 02:17:00","23.03","59.5","942.3000000000001","3420","0","","","","-113","-3","32986","1772947020044"
"820","2026-03-08 02:17:10","23.03","59.5","942.3000000000001","3440","0","","","","-113","-4.800000190734863","32987","1772947030041"
"821","2026-03-08 02:17:20","23.03","59.5","942.3000000000001","3420","0","","","","-113","-4.800000190734863","32988","1772947040044"
"822","2026-03-08 02:17:30","23.03","59.5","942.28","3400","0","","","","-113","-4.800000190734863","32989","1772947050036"
"823","2026-03-08 02:17:40","23.03","59.5","942.28","3400","0","","","","-112","-3.799999952316284","32990","1772947060040"
"824","2026-03-08 02:17:50","23.03","59.5","942.24","3420","0","","","","-112","-1.7999999523162842","32991","1772947070044"
"825","2026-03-08 02:18:00","23.03","59.5","942.3000000000001","3440","0","","","","-113","-5","32992","1772947080045"
"826","2026-03-08 02:18:10","23.03","59.5","942.32","3420","0","","","","-113","-6.800000190734863","32993","1772947090031"
"827","2026-03-08 02:18:20","23.03","59.5","942.3000000000001","3400","0","","","","-113","-6.800000190734863","32994","1772947100037"
"828","2026-03-08 02:18:30","23.03","59.5","942.32","3420","0","","","","-113","-4","32995","1772947110033"
"829","2026-03-08 02:18:40","23.02","59.5","942.3000000000001","3400","0","","","","-112","-3.299999952316284","32996","1772947120030"
"830","2026-03-08 02:18:50","23.02","59.5","942.32","3400","0","","","","-112","-3.299999952316284","32997","1772947130038"
"831","2026-03-08 02:19:00","23.02","59.5","942.32","3420","0","","","","-113","-5.5","32998","1772947140043"
"832","2026-03-08 02:19:10","23.02","59.5","942.3000000000001","3420","0","","","","-113","-4.300000190734863","32999","1772947150038"
"833","2026-03-08 02:19:20","23.02","59.5","942.3000000000001","3420","0","","","","-112","-2.5","33000","1772947160031"
"834","2026-03-08 02:19:30","23.02","59.5","942.3000000000001","3400","0","","","","-111","-0.5","33001","1772947170042"
"835","2026-03-08 02:19:40","23.02","59.5","942.3000000000001","3400","0","","","","-113","-4.300000190734863","33002","1772947180031"
"836","2026-03-08 02:19:50","23.02","59.5","942.3000000000001","3400","0","","","","-113","-5","33003","1772947190032"
"837","2026-03-08 02:20:00","23.02","59.5","942.3000000000001","3400","0","","","","-113","-5","33004","1772947200041"
"838","2026-03-08 02:20:10","23.02","59.5","942.28","3400","0","","","","-113","-4.800000190734863","33005","1772947210031"
"839","2026-03-08 02:20:20","23.01","59.5","942.3000000000001","3420","0","","","","-112","-3.799999952316284","33006","1772947220039"
"840","2026-03-08 02:20:30","23.01","59.5","942.3000000000001","3400","0","","","","-113","-4.5","33007","1772947230038"
"841","2026-03-08 02:20:40","23.02","59.5","942.32","3420","0","","","","-113","-5.800000190734863","33008","1772947240043"
"842","2026-03-08 02:20:50","23.02","59.5","942.32","3440","0","","","","-113","-4.5","33009","1772947250034"
"843","2026-03-08 02:21:00","23.01","59.5","942.32","3420","0","","","","-112","-3.299999952316284","33010","1772947260039"
"844","2026-03-08 02:21:10","23.02","59.5","942.32","3420","0","","","","-112","-3.299999952316284","33011","1772947270011"
"845","2026-03-08 02:21:20","23.02","59.5","942.32","3420","0","","","","-113","-4.5","33012","1772947280034"
"846","2026-03-08 02:21:30","23.01","59.5","942.28","3400","0","","","","-113","-6.300000190734863","33013","1772947290047"
"847","2026-03-08 02:21:40","23.01","59.5","942.28","3420","0","","","","-113","-5.5","33014","1772947300037"
"848","2026-03-08 02:21:50","23.01","59.5","942.32","3420","0","","","","-113","-5.300000190734863","33015","1772947310035"
"849","2026-03-08 02:22:00","23.01","59.5","942.3000000000001","3400","0","","","","-113","-5.5","33016","1772947320033"
"850","2026-03-08 02:22:10","23.01","59.5","942.32","3400","0","","","","-113","-4.5","33017","1772947330040"
"851","2026-03-08 02:22:20","23.02","59.5","942.32","3420","0","","","","-113","-4.5","33018","1772947340038"
"852","2026-03-08 02:22:30","23.01","59.5","942.36","3420","0","","","","-113","-5.5","33019","1772947350078"
"853","2026-03-08 02:22:40","23.01","59.5","942.32","3420","0","","","","-113","-5.800000190734863","33020","1772947360038"
"854","2026-03-08 02:22:50","23.01","59.5","942.34","3420","0","","","","-113","-5.300000190734863","33021","1772947370035"
"855","2026-03-08 02:23:00","23.01","59.5","942.34","3400","0","","","","-113","-5.300000190734863","33022","1772947380035"
"856","2026-03-08 02:23:10","23.01","59.5","942.34","3420","0","","","","-113","-4.5","33023","1772947390039"
"857","2026-03-08 02:23:20","23.01","59.5","942.3000000000001","3440","0","","","","-113","-4.300000190734863","33024","1772947400040"
"858","2026-03-08 02:23:30","23.01","59.5","942.36","3420","0","","","","-114","-7.5","33025","1772947410030"
"859","2026-03-08 02:23:40","23.01","59.5","942.34","3400","0","","","","-113","-4.5","33026","1772947420033"
"860","2026-03-08 02:23:50","23.01","59.5","942.36","3400","0","","","","-113","-4.300000190734863","33027","1772947430030"
"861","2026-03-08 02:24:00","23.01","59.5","942.32","3420","0","","","","-113","-5.300000190734863","33028","1772947440031"
"862","2026-03-08 02:24:10","23.01","59.5","942.34","3420","0","","","","-113","-4.800000190734863","33029","1772947450042"
"863","2026-03-08 02:24:20","23.01","59.5","942.36","3420","0","","","","-113","-4.800000190734863","33030","1772947460032"
"864","2026-03-08 02:24:30","23.01","59.5","942.32","3420","0","","","","-113","-4.800000190734863","33031","1772947470033"
"865","2026-03-08 02:24:40","23.01","59.5","942.36","3420","0","","","","-113","-4.5","33032","1772947480042"
"866","2026-03-08 02:24:50","23.01","59.5","942.34","3400","0","","","","-113","-4.800000190734863","33033","1772947490036"
"867","2026-03-08 02:25:00","23.01","59.5","942.34","3420","0","","","","-113","-4.800000190734863","33034","1772947500040"
"868","2026-03-08 02:25:10","23.01","59.5","942.32","3400","0","","","","-113","-4.300000190734863","33035","1772947510032"
"869","2026-03-08 02:25:20","23.01","59.5","942.34","3400","0","","","","-113","-4.800000190734863","33036","1772947520034"
"870","2026-03-08 02:25:30","23.01","59.5","942.32","3440","0","","","","-113","-5.300000190734863","33037","1772947530035"
"871","2026-03-08 02:25:40","23.01","59.5","942.36","3420","0","","","","-113","-5","33038","1772947540036"
"872","2026-03-08 02:25:50","23.01","59.5","942.32","3420","0","","","","-113","-5.800000190734863","33039","1772947550003"
"873","2026-03-08 02:26:00","23.01","59.5","942.32","3420","0","","","","-113","-4.800000190734863","33040","1772947560025"
"874","2026-03-08 02:26:10","23.01","59.5","942.3000000000001","3420","0","","","","-113","-4.5","33041","1772947570041"
"875","2026-03-08 02:26:20","23.01","59.5","942.38","3420","0","","","","-113","-5.5","33042","1772947580040"
"876","2026-03-08 02:26:30","23.01","59.5","942.36","3400","0","","","","-113","-4.5","33043","1772947590029"
"877","2026-03-08 02:26:40","23.01","59.5","942.34","3400","0","","","","-113","-5.300000190734863","33044","1772947600041"
"878","2026-03-08 02:26:50","23.01","59.5","942.3000000000001","3420","0","","","","-113","-4.5","33045","1772947610030"
"879","2026-03-08 02:27:00","23.01","59.5","942.34","3420","0","","","","-113","-4.800000190734863","33046","1772947620030"
"880","2026-03-08 02:27:10","23.01","59.5","942.32","3420","0","","","","-113","-4.5","33047","1772947630035"
"881","2026-03-08 02:27:20","23.01","59.5","942.32","3420","0","","","","-113","-4.300000190734863","33048","1772947640031"
"882","2026-03-08 02:27:30","23.01","59.5","942.32","3400","0","","","","-113","-4.5","33049","1772947650045"
"883","2026-03-08 02:27:40","23.01","59.5","942.28","3440","0","","","","-113","-5.5","33050","1772947660035"
"884","2026-03-08 02:27:50","23.01","59.5","942.28","3420","0","","","","-113","-5","33051","1772947670041"
"885","2026-03-08 02:28:00","23.01","59.5","942.32","3400","0","","","","-113","-4.800000190734863","33052","1772947680045"
"886","2026-03-08 02:28:10","23.01","59.5","942.3000000000001","3400","0","","","","-113","-4.5","33053","1772947690034"
"887","2026-03-08 02:28:20","23.01","59.5","942.32","3400","0","","","","-113","-4.300000190734863","33054","1772947700029"
"888","2026-03-08 02:28:30","23","59.5","942.3000000000001","3400","0","","","","-113","-4.300000190734863","33055","1772947710029"
"889","2026-03-08 02:28:40","23","59.5","942.3000000000001","3400","0","","","","-113","-4.5","33056","1772947720029"
"890","2026-03-08 02:28:50","23.01","59.5","942.3000000000001","3420","0","","","","-113","-4.800000190734863","33057","1772947730021"
"891","2026-03-08 02:29:00","23","59.5","942.24","3420","0","","","","-113","-4.300000190734863","33058","1772947740031"
"892","2026-03-08 02:29:10","23","59.5","942.3000000000001","3420","0","","","","-113","-4.300000190734863","33059","1772947750025"
"893","2026-03-08 02:29:20","23","59.5","942.3000000000001","3380","0","","","","-113","-4.5","33060","1772947760025"
"894","2026-03-08 02:29:30","23","59.5","942.28","3420","0","","","","-113","-4.5","33061","1772947770024"
"895","2026-03-08 02:29:40","23","59.5","942.28","3420","0","","","","-113","-5.800000190734863","33062","1772947780026"
"896","2026-03-08 02:29:50","23","59.5","942.28","3400","0","","","","-113","-6.300000190734863","33063","1772947790027"
"897","2026-03-08 02:30:00","23","59.5","942.28","3420","0","","","","-113","-5","33064","1772947800037"
"898","2026-03-08 02:30:10","23","59.5","942.3000000000001","3420","0","","","","-113","-4","33065","1772947810027"
"899","2026-03-08 02:30:20","23","59.5","942.28","3420","0","","","","-113","-3.799999952316284","33066","1772947820037"
"900","2026-03-08 02:30:30","23","59.5","942.28","3400","0","","","","-113","-4.5","33067","1772947830026"
"901","2026-03-08 02:30:40","23","59.5","942.3000000000001","3420","0","","","","-113","-5.300000190734863","33068","1772947840026"
"902","2026-03-08 02:30:50","23.01","59.5","942.3000000000001","3420","0","","","","-113","-4.5","33069","1772947850025"
"903","2026-03-08 02:31:00","23","59.5","942.28","3420","0","","","","-113","-4.300000190734863","33070","1772947860025"
"904","2026-03-08 02:31:10","23","59.5","942.28","3400","0","","","","-113","-4","33071","1772947870033"
"905","2026-03-08 02:31:20","23","59.5","942.28","3420","0","","","","-113","-4.300000190734863","33072","1772947880037"
"906","2026-03-08 02:31:30","23","59.5","942.28","3440","0","","","","-113","-4.300000190734863","33073","1772947890032"
"907","2026-03-08 02:31:40","23","59.5","942.3000000000001","3440","0","","","","-113","-4.5","33074","1772947900030"
"908","2026-03-08 02:31:50","23","59.5","942.3000000000001","3400","0","","","","-113","-5.800000190734863","33075","1772947910036"
"909","2026-03-08 02:32:00","23","59.5","942.28","3420","0","","","","-113","-4.5","33076","1772947920030"
"910","2026-03-08 02:32:10","23","59.5","942.3000000000001","3420","0","","","","-113","-5.5","33077","1772947930028"
"911","2026-03-08 02:32:20","23","59.5","942.3000000000001","3380","0","","","","-113","-5.5","33078","1772947940029"
"912","2026-03-08 02:32:30","23","59.5","942.3000000000001","3400","0","","","","-113","-5.5","33079","1772947950032"
"913","2026-03-08 02:32:40","23","59.5","942.28","3420","0","","","","-113","-5.5","33080","1772947960040"
"914","2026-03-08 02:32:50","23","59.5","942.3000000000001","3420","0","","","","-113","-5.5","33081","1772947970034"
"915","2026-03-08 02:33:00","23","59.5","942.32","3420","0","","","","-113","-5.300000190734863","33082","1772947980034"
"916","2026-03-08 02:33:10","22.99","59.5","942.28","3400","0","","","","-113","-4.800000190734863","33083","1772947990031"
"917","2026-03-08 02:33:20","23","59.5","942.28","3400","0","","","","-113","-4","33084","1772948000031"
"918","2026-03-08 02:33:30","23","59.5","942.28","3420","0","","","","-113","-4.300000190734863","33085","1772948010029"
"919","2026-03-08 02:33:40","22.99","59.5","942.3000000000001","3420","0","","","","-113","-4.300000190734863","33086","1772948020047"
"920","2026-03-08 02:33:50","23","59.5","942.34","3400","0","","","","-113","-4.300000190734863","33087","1772948030030"
"921","2026-03-08 02:34:00","23","59.5","942.3000000000001","3420","0","","","","-113","-4.300000190734863","33088","1772948040029"
"922","2026-03-08 02:34:10","23","59.5","942.28","3420","0","","","","-113","-4.5","33089","1772948050029"
"923","2026-03-08 02:34:20","23","59.5","942.28","3380","0","","","","-113","-4.300000190734863","33090","1772948060036"
"924","2026-03-08 02:34:30","23","59.5","942.3000000000001","3420","0","","","","-113","-4.800000190734863","33091","1772948070038"
"925","2026-03-08 02:34:40","22.99","59.5","942.28","3420","0","","","","-113","-5","33092","1772948080034"
"926","2026-03-08 02:34:50","23","59.5","942.32","3420","0","","","","-113","-4.800000190734863","33093","1772948090035"
"927","2026-03-08 02:35:00","22.99","59.5","942.32","3420","0","","","","-113","-4","33094","1772948100032"
"928","2026-03-08 02:35:10","23","59.5","942.32","3420","0","","","","-113","-4","33095","1772948110037"
"929","2026-03-08 02:35:20","23","59.5","942.32","3400","0","","","","-113","-4.800000190734863","33096","1772948120029"
"930","2026-03-08 02:35:30","22.99","59.5","942.3000000000001","3400","0","","","","-113","-4.300000190734863","33097","1772948130028"
"931","2026-03-08 02:35:40","22.99","59.5","942.3000000000001","3400","0","","","","-113","-4.300000190734863","33098","1772948140030"
"932","2026-03-08 02:35:50","22.99","59.5","942.32","3400","0","","","","-113","-4.300000190734863","33099","1772948150002"
"933","2026-03-08 02:36:00","23","59.5","942.32","3420","0","","","","-113","-4.5","33100","1772948160026"
"934","2026-03-08 02:36:10","23","59.5","942.34","3400","0","","","","-113","-4.800000190734863","33101","1772948170032"
"935","2026-03-08 02:36:20","22.99","59.5","942.32","3400","0","","","","-113","-4.800000190734863","33102","1772948180035"
"936","2026-03-08 02:36:30","23","59.5","942.34","3420","0","","","","-113","-5.5","33103","1772948190033"
"937","2026-03-08 02:36:40","22.99","59.5","942.3000000000001","3400","0","","","","-113","-5.800000190734863","33104","1772948200037"
"938","2026-03-08 02:36:50","22.99","59.5","942.32","3420","0","","","","-113","-5.300000190734863","33105","1772948210032"
"939","2026-03-08 02:37:00","22.99","59.5","942.3000000000001","3420","0","","","","-113","-4.800000190734863","33106","1772948220027"
"940","2026-03-08 02:37:10","22.99","59.5","942.3000000000001","3420","0","","","","-113","-5","33107","1772948230014"
"941","2026-03-08 02:37:20","23","59.5","942.32","3420","0","","","","-113","-4.800000190734863","33108","1772948240032"
"942","2026-03-08 02:37:30","22.99","59.5","942.3000000000001","3420","0","","","","-113","-5","33109","1772948250021"
"943","2026-03-08 02:37:40","22.99","59.5","942.26","3420","0","","","","-113","-4.800000190734863","33110","1772948260028"
"944","2026-03-08 02:37:50","22.99","59.5","942.28","3400","0","","","","-113","-4.5","33111","1772948270004"
"945","2026-03-08 02:38:00","23","59.5","942.3000000000001","3420","0","","","","-113","-5","33112","1772948280007"
"946","2026-03-08 02:38:10","22.99","59.5","942.32","3400","0","","","","-113","-5.300000190734863","33113","1772948290038"
"947","2026-03-08 02:38:20","22.99","59.5","942.3000000000001","3400","0","","","","-113","-6.300000190734863","33114","1772948300036"
"948","2026-03-08 02:38:30","22.99","59.5","942.3000000000001","3420","0","","","","-113","-5.300000190734863","33115","1772948310036"
"949","2026-03-08 02:38:40","22.99","59.5","942.28","3380","0","","","","-113","-4.5","33116","1772948320034"
"950","2026-03-08 02:38:50","22.99","59.5","942.28","3400","0","","","","-113","-5.5","33117","1772948330033"
"951","2026-03-08 02:39:00","22.99","59.5","942.26","3420","0","","","","-113","-4.800000190734863","33118","1772948340025"
"952","2026-03-08 02:39:10","22.99","59.5","942.3000000000001","3420","0","","","","-113","-5","33119","1772948350027"
"953","2026-03-08 02:39:20","22.99","59.5","942.28","3400","0","","","","-113","-5.300000190734863","33120","1772948360028"
"954","2026-03-08 02:39:30","22.99","59.5","942.28","3440","0","","","","-113","-5","33121","1772948370025"
"955","2026-03-08 02:39:40","22.99","59.5","942.28","3420","0","","","","-113","-5","33122","1772948380028"
"956","2026-03-08 02:39:50","22.99","59.5","942.28","3420","0","","","","-113","-4.800000190734863","33123","1772948390032"
"957","2026-03-08 02:40:00","22.99","59.5","942.28","3420","0","","","","-113","-4.800000190734863","33124","1772948400036"
"958","2026-03-08 02:40:10","22.99","59.5","942.26","3420","0","","","","-113","-4.800000190734863","33125","1772948410030"
"959","2026-03-08 02:40:20","22.99","59.5","942.26","3400","0","","","","-113","-4.5","33126","1772948420032"
"960","2026-03-08 02:40:30","22.99","59.5","942.3000000000001","3420","0","","","","-113","-5.300000190734863","33127","1772948430032"
"961","2026-03-08 02:40:40","22.99","59.5","942.22","3400","0","","","","-113","-4.800000190734863","33128","1772948440033"
"962","2026-03-08 02:40:50","22.99","59.5","942.26","3420","0","","","","-113","-4.800000190734863","33129","1772948450032"
"963","2026-03-08 02:41:00","22.98","59.5","942.24","3420","0","","","","-113","-5.300000190734863","33130","1772948460031"
"964","2026-03-08 02:41:10","22.99","59.5","942.24","3400","0","","","","-113","-5","33131","1772948470033"
"965","2026-03-08 02:41:20","22.99","59.5","942.26","3400","0","","","","-113","-5.5","33132","1772948480029"
"966","2026-03-08 02:41:30","22.99","59.5","942.24","3400","0","","","","-113","-4.800000190734863","33133","1772948490026"
"967","2026-03-08 02:41:40","22.99","59.5","942.24","3400","0","","","","-113","-4.800000190734863","33134","1772948500026"
"968","2026-03-08 02:41:50","22.99","59.5","942.22","3400","0","","","","-113","-4.800000190734863","33135","1772948510035"
"969","2026-03-08 02:42:00","22.99","59.5","942.22","3400","0","","","","-113","-5","33136","1772948520063"
"970","2026-03-08 02:42:10","22.99","59.5","942.22","3400","0","","","","-113","-5","33137","1772948530016"
"971","2026-03-08 02:42:20","22.98","59.5","942.2","3440","0","","","","-113","-5.5","33138","1772948540026"
"972","2026-03-08 02:42:30","22.99","59.5","942.2","3380","0","","","","-113","-5.300000190734863","33139","1772948550032"
"973","2026-03-08 02:42:40","22.99","59.5","942.22","3420","0","","","","-113","-6","33140","1772948560037"
"974","2026-03-08 02:42:50","22.99","59.5","942.2","3400","0","","","","-113","-5","33141","1772948570032"
"975","2026-03-08 02:43:00","22.99","59.5","942.1800000000001","3400","0","","","","-113","-4","33142","1772948580002"
"976","2026-03-08 02:43:10","22.99","59.5","942.1800000000001","3420","0","","","","-113","-5.300000190734863","33143","1772948590029"
"977","2026-03-08 02:43:20","22.98","59.5","942.16","3420","0","","","","-113","-6.5","33144","1772948600026"
"978","2026-03-08 02:43:30","22.98","59.5","942.1800000000001","3420","0","","","","-113","-4.5","33145","1772948610026"
"979","2026-03-08 02:43:40","22.98","59.5","942.2","3420","0","","","","-113","-4.800000190734863","33146","1772948620029"
"980","2026-03-08 02:43:50","22.98","59.5","942.2","3400","0","","","","-113","-4.800000190734863","33147","1772948630034"
"981","2026-03-08 02:44:00","22.98","59.5","942.16","3420","0","","","","-113","-4.800000190734863","33148","1772948640003"
"982","2026-03-08 02:44:10","22.99","59.5","942.16","3420","0","","","","-113","-4.800000190734863","33149","1772948650029"
"983","2026-03-08 02:44:20","22.98","59.5","942.1800000000001","3420","0","","","","-113","-5","33150","1772948660028"
"984","2026-03-08 02:44:30","22.98","59.5","942.16","3400","0","","","","-113","-4.5","33151","1772948670029"
"985","2026-03-08 02:44:40","22.98","59.5","942.1800000000001","3400","0","","","","-113","-4.300000190734863","33152","1772948680039"
"986","2026-03-08 02:45:00","22.98","59.5","942.1800000000001","3420","0","","","","-113","-5.5","33154","1772948700012"
"987","2026-03-08 02:45:10","22.98","59.5","942.1800000000001","3400","0","","","","-113","-5.300000190734863","33155","1772948710036"
"988","2026-03-08 02:45:20","22.98","59.5","942.14","3420","0","","","","-113","-4.800000190734863","33156","1772948720025"
"989","2026-03-08 02:45:30","22.97","59.5","942.14","3420","0","","","","-113","-5","33157","1772948730025"
"990","2026-03-08 02:45:40","22.98","59.5","942.14","3420","0","","","","-113","-6.300000190734863","33158","1772948740030"
"991","2026-03-08 02:45:50","22.98","59.5","942.14","3400","0","","","","-113","-6.5","33159","1772948750023"
"992","2026-03-08 02:46:00","22.98","59.5","942.16","3400","0","","","","-113","-4.300000190734863","33160","1772948760000"
"993","2026-03-08 02:46:10","22.98","59.5","942.14","3400","0","","","","-113","-5","33161","1772948770030"
"994","2026-03-08 02:46:20","22.98","59.5","942.14","3440","0","","","","-113","-5.5","33162","1772948780031"
"995","2026-03-08 02:46:30","22.97","59.5","942.12","3420","0","","","","-113","-4.300000190734863","33163","1772948789989"
"996","2026-03-08 02:46:40","22.97","59.5","942.12","3420","0","","","","-112","-3.799999952316284","33164","1772948800035"
"997","2026-03-08 02:46:50","22.97","59.5","942.12","3400","0","","","","-113","-5.300000190734863","33165","1772948810030"
"998","2026-03-08 02:47:00","22.97","59.5","942.12","3420","0","","","","-112","-3.299999952316284","33166","1772948820020"
"999","2026-03-08 02:47:10","22.98","59.5","942.1","3380","0","","","","-113","-4.300000190734863","33167","1772948830036"
"1000","2026-03-08 02:47:20","22.97","59.5","942.12","3400","0","","","","-113","-5.300000190734863","33168","1772948840026"
"1001","2026-03-08 02:47:30","22.97","59.5","942.1","3420","0","","","","-113","-4.300000190734863","33169","1772948850036"
"1002","2026-03-08 02:47:40","22.97","59.5","942.1","3400","0","","","","-113","-5.300000190734863","33170","1772948860026"
"1003","2026-03-08 02:47:50","22.97","59.5","942.1","3420","0","","","","-113","-5.5","33171","1772948870036"
"1004","2026-03-08 02:48:00","22.97","59.5","942.1","3400","0","","","","-113","-6.800000190734863","33172","1772948880025"
"1005","2026-03-08 02:48:10","22.97","59.5","942.1","3420","0","","","","-114","-7","33173","1772948890034"
"1006","2026-03-08 02:48:20","22.97","59.5","942.1","3420","0","","","","-113","-6","33174","1772948900031"
"1007","2026-03-08 02:48:30","22.97","59.5","942.1","3380","0","","","","-113","-5.300000190734863","33175","1772948910026"
"1008","2026-03-08 02:48:40","22.97","59.5","942.1","3400","0","","","","-113","-6","33176","1772948920031"
"1009","2026-03-08 02:48:50","22.97","59.5","942.1","3420","0","","","","-113","-5","33177","1772948930024"
"1010","2026-03-08 02:49:00","22.97","59.5","942.08","3420","0","","","","-112","-4.300000190734863","33178","1772948940031"
"1011","2026-03-08 02:49:10","22.97","59.5","942.12","3420","0","","","","-112","-3.299999952316284","33179","1772948950003"
"1012","2026-03-08 02:49:20","22.97","59.5","942.1","3400","0","","","","-113","-3.5","33180","1772948960029"
"1013","2026-03-08 02:49:30","22.97","59.5","942.1","3420","0","","","","-113","-6.5","33181","1772948970032"
"1014","2026-03-08 02:49:40","22.97","59.5","942.1","3420","0","","","","-113","-7","33182","1772948980023"
"1015","2026-03-08 02:49:50","22.97","59.5","942.08","3400","0","","","","-113","-5","33183","1772948990020"
"1016","2026-03-08 02:50:00","22.97","59.5","942.08","3420","0","","","","-113","-5.5","33184","1772949000018"
"1017","2026-03-08 02:50:10","22.97","59.5","942.0600000000001","3420","0","","","","-113","-5.300000190734863","33185","1772949010030"
"1018","2026-03-08 02:50:20","22.97","59.5","942.0600000000001","3400","0","","","","-113","-4.800000190734863","33186","1772949020032"
"1019","2026-03-08 02:50:30","22.97","59.5","942.04","3420","0","","","","-113","-5.800000190734863","33187","1772949030035"
"1020","2026-03-08 02:50:40","22.97","59.5","942.08","3420","0","","","","-113","-5","33188","1772949040029"
"1021","2026-03-08 02:50:50","22.96","59.5","942.1","3440","0","","","","-113","-5.800000190734863","33189","1772949050000"
"1022","2026-03-08 02:51:00","22.96","59.5","942.08","3380","0","","","","-113","-4.800000190734863","33190","1772949060065"
"1023","2026-03-08 02:51:10","22.97","59.5","942.08","3380","0","","","","-113","-4.5","33191","1772949070030"
"1024","2026-03-08 02:51:20","22.97","59.5","942.0600000000001","3420","0","","","","-113","-7","33192","1772949080034"
"1025","2026-03-08 02:51:30","22.96","59.5","942.08","3420","0","","","","-113","-6.5","33193","1772949089997"
"1026","2026-03-08 02:51:40","22.96","59.5","942.0600000000001","3420","0","","","","-113","-6.300000190734863","33194","1772949100027"
"1027","2026-03-08 02:51:50","22.97","59.5","942.0600000000001","3420","0","","","","-113","-4.800000190734863","33195","1772949109984"
"1028","2026-03-08 02:52:00","22.97","59.5","942.04","3400","0","","","","-113","-4.300000190734863","33196","1772949119993"
"1029","2026-03-08 02:52:10","22.97","59.5","942.04","3400","0","","","","-113","-4.5","33197","1772949130034"
"1030","2026-03-08 02:52:20","22.96","59.5","942.04","3400","0","","","","-113","-4.300000190734863","33198","1772949140025"
"1031","2026-03-08 02:52:30","22.97","59.5","942.0600000000001","3400","0","","","","-113","-4.5","33199","1772949150021"
"1032","2026-03-08 02:52:40","22.96","59.5","942.04","3420","0","","","","-113","-6","33200","1772949160024"
"1033","2026-03-08 02:52:50","22.97","59.5","942.04","3400","0","","","","-113","-3.799999952316284","33201","1772949170032"
"1034","2026-03-08 02:53:00","22.96","59.5","942.04","3380","0","","","","-113","-5","33202","1772949179986"
"1035","2026-03-08 02:53:10","22.96","59.5","942.04","3420","0","","","","-113","-6.5","33203","1772949190029"
"1036","2026-03-08 02:53:20","22.96","59.5","942.04","3420","0","","","","-114","-7.5","33204","1772949200027"
"1037","2026-03-08 02:53:30","22.96","59.5","942.04","3420","0","","","","-113","-4.5","33205","1772949209993"
"1038","2026-03-08 02:53:40","22.96","59.5","942.04","3440","0","","","","-113","-4.800000190734863","33206","1772949220033"
"1039","2026-03-08 02:53:50","22.96","59.5","942.04","3420","0","","","","-113","-4","33207","1772949230025"
"1040","2026-03-08 02:54:00","22.96","59.5","942.04","3420","0","","","","-113","-6.800000190734863","33208","1772949240017"
"1041","2026-03-08 02:54:10","22.96","59.5","942.0600000000001","3380","0","","","","-113","-7.300000190734863","33209","1772949249998"
"1042","2026-03-08 02:54:20","22.96","59.5","942.02","3420","0","","","","-113","-3.799999952316284","33210","1772949260029"
"1043","2026-03-08 02:54:30","22.96","59.5","942.02","3420","0","","","","-113","-4.5","33211","1772949270016"
"1044","2026-03-08 02:54:40","22.96","59.5","942.02","3420","0","","","","-113","-5","33212","1772949280029"
"1045","2026-03-08 02:54:50","22.96","59.5","942.02","3420","0","","","","-113","-6","33213","1772949290030"
"1046","2026-03-08 02:55:00","22.95","59.5","942","3380","0","","","","-113","-4.800000190734863","33214","1772949300016"
"1047","2026-03-08 02:55:10","22.95","59.5","941.98","3420","0","","","","-113","-5.5","33215","1772949310034"
"1048","2026-03-08 02:55:20","22.96","59.5","942","3400","0","","","","-113","-5.300000190734863","33216","1772949320022"
"1049","2026-03-08 02:55:30","22.96","59.5","942","3420","0","","","","-113","-6.300000190734863","33217","1772949330024"
"1050","2026-03-08 02:55:40","22.95","59.5","942.02","3400","0","","","","-113","-4.300000190734863","33218","1772949340023"
"1051","2026-03-08 02:55:50","22.96","59.5","942.02","3400","0","","","","-113","-5.300000190734863","33219","1772949350024"
"1052","2026-03-08 02:56:10","22.95","59.5","942","3420","0","","","","-113","-5.300000190734863","33221","1772949370021"
"1053","2026-03-08 02:56:20","22.95","59.5","942.02","3400","0","","","","-113","-4","33222","1772949380024"
"1054","2026-03-08 02:56:40","22.96","59.5","942.04","3420","0","","","","-113","-5.800000190734863","33224","1772949400031"
"1055","2026-03-08 02:56:50","22.95","59.5","942.02","3400","0","","","","-113","-5.800000190734863","33225","1772949410032"
"1056","2026-03-08 02:57:00","22.95","59.5","942","3400","0","","","","-113","-6.5","33226","1772949419993"
"1057","2026-03-08 02:57:10","22.95","59.5","941.98","3400","0","","","","-112","-4","33227","1772949430033"
"1058","2026-03-08 02:57:30","22.95","59.5","942","3420","0","","","","-112","-4.300000190734863","33229","1772949450022"
"1059","2026-03-08 02:57:40","22.95","59.5","942","3400","0","","","","-113","-4.300000190734863","33230","1772949460028"
"1060","2026-03-08 02:57:50","22.95","59.5","942","3400","0","","","","-113","-5.800000190734863","33231","1772949470027"
"1061","2026-03-08 02:58:00","22.95","59.5","941.98","3380","0","","","","-112","-3.5","33232","1772949479996"
"1062","2026-03-08 02:58:10","22.95","59.5","942","3400","0","","","","-113","-3.799999952316284","33233","1772949490030"
"1063","2026-03-08 02:58:20","22.95","59.5","941.98","3420","0","","","","-113","-4.800000190734863","33234","1772949500022"
"1064","2026-03-08 02:58:30","22.95","59.5","942","3420","0","","","","-113","-6.300000190734863","33235","1772949510022"
"1065","2026-03-08 02:58:40","22.95","59.5","941.98","3380","0","","","","-113","-5.300000190734863","33236","1772949520027"
"1066","2026-03-08 02:58:50","22.94","59.5","941.98","3420","0","","","","-113","-5.300000190734863","33237","1772949530027"
"1067","2026-03-08 02:59:00","22.94","59.5","941.98","3420","0","","","","-113","-4.800000190734863","33238","1772949540019"
"1068","2026-03-08 02:59:10","22.95","59.5","942","3420","0","","","","-113","-5.5","33239","1772949550032"
"1069","2026-03-08 02:59:20","22.94","59.5","942","3400","0","","","","-113","-4","33240","1772949560032"
"1070","2026-03-08 02:59:30","22.94","59.5","942","3400","0","","","","-114","-6","33241","1772949570022"
"1071","2026-03-08 02:59:40","22.94","59.5","942","3400","0","","","","-113","-4","33242","1772949580029"
"1072","2026-03-08 02:59:50","22.94","59.5","942","3380","0","","","","-112","-3","33243","1772949590030"
"1073","2026-03-08 03:00:00","22.94","59.5","942","3380","0","","","","-113","-4.800000190734863","33244","1772949600023"
"1074","2026-03-08 03:00:10","22.94","59.5","941.98","3380","0","","","","-113","-4.300000190734863","33245","1772949610051"
"1075","2026-03-08 03:00:20","22.94","59.5","941.98","3420","0","","","","-113","-3","33246","1772949620030"
"1076","2026-03-08 03:00:30","22.94","59.5","942","3420","0","","","","-113","-6.300000190734863","33247","1772949630024"
"1077","2026-03-08 03:00:40","22.94","59.5","942","3420","0","","","","-113","-5.300000190734863","33248","1772949640031"
"1078","2026-03-08 03:00:50","22.94","59.5","941.98","3400","0","","","","-113","-4.800000190734863","33249","1772949650026"
"1079","2026-03-08 03:01:00","22.94","59.5","942","3420","0","","","","-114","-6.5","33250","1772949660020"
"1080","2026-03-08 03:01:10","22.94","59.5","941.98","3380","0","","","","-113","-5.300000190734863","33251","1772949670019"
"1081","2026-03-08 03:01:20","22.95","59.5","941.98","3420","0","","","","-113","-3.5","33252","1772949680032"
"1082","2026-03-08 03:01:30","22.94","59.5","942","3400","0","","","","-113","-4.800000190734863","33253","1772949690021"
"1083","2026-03-08 03:01:40","22.94","59.5","942","3420","0","","","","-113","-6","33254","1772949700046"
"1084","2026-03-08 03:01:50","22.94","59.5","941.98","3380","0","","","","-114","-6.800000190734863","33255","1772949710028"
"1085","2026-03-08 03:02:00","22.94","59.5","941.98","3380","0","","","","-113","-5","33256","1772949720018"
"1086","2026-03-08 03:02:10","22.94","59.5","942","3400","0","","","","-113","-5.300000190734863","33257","1772949730024"
"1087","2026-03-08 03:02:20","22.94","59.5","941.98","3400","0","","","","-113","-5.5","33258","1772949740026"
"1088","2026-03-08 03:02:30","22.94","59.5","941.96","3400","0","","","","-113","-5","33259","1772949750029"
"1089","2026-03-08 03:02:40","22.94","59.5","942","3420","0","","","","-113","-6","33260","1772949760021"
"1090","2026-03-08 03:02:50","22.94","59.5","941.98","3400","0","","","","-113","-4.800000190734863","33261","1772949770032"
"1091","2026-03-08 03:03:00","22.94","59.5","942","3420","0","","","","-113","-4.800000190734863","33262","1772949780029"
"1092","2026-03-08 03:03:10","22.94","59.5","941.96","3380","0","","","","-113","-5.300000190734863","33263","1772949790025"
"1093","2026-03-08 03:03:20","22.94","59.5","941.96","3400","0","","","","-113","-4.800000190734863","33264","1772949800021"
"1094","2026-03-08 03:03:30","22.94","59.5","941.96","3400","0","","","","-112","-3.5","33265","1772949810032"
"1095","2026-03-08 03:03:40","22.93","59.5","941.98","3400","0","","","","-114","-7.300000190734863","33266","1772949820031"
"1096","2026-03-08 03:03:50","22.94","59.5","941.94","3400","0","","","","-113","-6","33267","1772949830028"
"1097","2026-03-08 03:04:00","22.94","59.5","941.94","3380","0","","","","-113","-5.800000190734863","33268","1772949840032"
"1098","2026-03-08 03:04:10","22.94","59.5","941.94","3420","0","","","","-112","-4.5","33269","1772949850019"
"1099","2026-03-08 03:04:20","22.94","59.5","941.96","3400","0","","","","-112","-4.300000190734863","33270","1772949860042"
"1100","2026-03-08 03:04:30","22.94","59.5","941.94","3380","0","","","","-114","-6.300000190734863","33271","1772949870029"
"1101","2026-03-08 03:04:40","22.93","59.5","941.94","3420","0","","","","-113","-4.800000190734863","33272","1772949880044"
"1102","2026-03-08 03:04:50","22.94","59.5","941.94","3380","0","","","","-113","-5.5","33273","1772949890010"
"1103","2026-03-08 03:05:00","22.94","59.5","941.96","3380","0","","","","-113","-5.800000190734863","33274","1772949900027"
"1104","2026-03-08 03:05:10","22.93","59.5","941.96","3400","0","","","","-113","-6.300000190734863","33275","1772949910026"
"1105","2026-03-08 03:05:20","22.93","59.5","941.94","3440","0","","","","-113","-5","33276","1772949920024"
"1106","2026-03-08 03:05:40","22.93","59.5","941.9200000000001","3420","0","","","","-114","-7.5","33278","1772949940036"
"1107","2026-03-08 03:05:50","22.93","59.5","941.94","3400","0","","","","-113","-6","33279","1772949950020"
"1108","2026-03-08 03:06:00","22.93","59.5","941.94","3380","0","","","","-113","-4.800000190734863","33280","1772949960014"
"1109","2026-03-08 03:06:10","22.93","59.5","941.96","3400","0","","","","-112","-3.299999952316284","33281","1772949970043"
"1110","2026-03-08 03:06:20","22.93","59.5","941.94","3420","0","","","","-113","-5.300000190734863","33282","1772949980020"
"1111","2026-03-08 03:06:30","22.93","59.5","941.94","3420","0","","","","-113","-6.5","33283","1772949990022"
"1112","2026-03-08 03:06:40","22.93","59.5","941.9200000000001","3420","0","","","","-113","-5.5","33284","1772950000018"
"1113","2026-03-08 03:06:50","22.93","59.5","941.94","3400","0","","","","-112","-4.800000190734863","33285","1772950010025"
"1114","2026-03-08 03:07:00","22.93","59.5","941.94","3400","0","","","","-113","-5","33286","1772950020024"
"1115","2026-03-08 03:07:10","22.93","59.5","941.9200000000001","3360","0","","","","-113","-5.5","33287","1772950030028"
"1116","2026-03-08 03:07:20","22.93","59.5","941.94","3420","0","","","","-113","-7","33288","1772950040013"
"1117","2026-03-08 03:07:30","22.93","59.5","941.94","3380","0","","","","-113","-4.800000190734863","33289","1772950050026"
"1118","2026-03-08 03:07:40","22.93","59.5","941.94","3440","0","","","","-112","-5.5","33290","1772950060026"
"1119","2026-03-08 03:07:50","22.92","59.5","941.9","3400","0","","","","-113","-5.300000190734863","33291","1772950070021"
"1120","2026-03-08 03:08:00","22.93","59.5","941.98","3380","0","","","","-114","-6.800000190734863","33292","1772950080025"
"1121","2026-03-08 03:08:10","22.93","59.5","941.9200000000001","3400","0","","","","-113","-5.800000190734863","33293","1772950090033"
"1122","2026-03-08 03:08:20","22.93","59.5","941.94","3400","0","","","","-113","-4.5","33294","1772950100022"
"1123","2026-03-08 03:08:30","22.93","59.5","941.94","3420","0","","","","-113","-5.5","33295","1772950110026"
"1124","2026-03-08 03:08:40","22.93","59.5","941.96","3420","0","","","","-113","-6","33296","1772950120028"
"1125","2026-03-08 03:08:50","22.92","59.5","941.94","3420","0","","","","-112","-3.799999952316284","33297","1772950130023"
"1126","2026-03-08 03:09:00","22.92","59.5","941.96","3400","0","","","","-112","-2.799999952316284","33298","1772950140026"
"1127","2026-03-08 03:09:10","22.93","59.5","941.96","3380","0","","","","-113","-3.299999952316284","33299","1772950150031"
"1128","2026-03-08 03:09:20","22.92","59.5","941.96","3400","0","","","","-113","-4.800000190734863","33300","1772950160022"
"1129","2026-03-08 03:09:30","22.92","59.5","941.94","3380","0","","","","-113","-4.5","33301","1772950170023"
"1130","2026-03-08 03:09:40","22.92","59.5","941.98","3420","0","","","","-113","-5.300000190734863","33302","1772950180032"
"1131","2026-03-08 03:09:50","22.92","59.5","941.94","3420","0","","","","-113","-5.5","33303","1772950190024"
"1132","2026-03-08 03:10:00","22.92","59.5","941.94","3420","0","","","","-113","-5.300000190734863","33304","1772950200028"
"1133","2026-03-08 03:10:10","22.92","59.5","941.96","3400","0","","","","-112","-3.799999952316284","33305","1772950210018"
"1134","2026-03-08 03:10:20","22.92","59.5","941.96","3380","0","","","","-113","-5.5","33306","1772950220021"
"1135","2026-03-08 03:10:30","22.92","59.5","941.96","3400","0","","","","-113","-5.5","33307","1772950230000"
"1136","2026-03-08 03:10:40","22.92","59.5","941.94","3400","0","","","","-113","-7","33308","1772950240030"
"1137","2026-03-08 03:10:50","22.92","59.5","942.04","3440","0","","","","-113","-5.800000190734863","33309","1772950250033"
"1138","2026-03-08 03:11:00","22.92","59.5","941.96","3420","0","","","","-113","-5.5","33310","1772950260055"
"1139","2026-03-08 03:11:10","22.92","59.5","941.94","3400","0","","","","-113","-5","33311","1772950270019"
"1140","2026-03-08 03:11:20","22.92","59.5","941.94","3400","0","","","","-113","-5","33312","1772950280026"
"1141","2026-03-08 03:11:30","22.92","59.5","941.98","3380","0","","","","-113","-5.300000190734863","33313","1772950289985"
"1142","2026-03-08 03:11:40","22.92","59.5","941.98","3380","0","","","","-113","-6.300000190734863","33314","1772950300019"
"1143","2026-03-08 03:11:50","22.92","59.5","941.98","3420","0","","","","-113","-4.5","33315","1772950310018"
"1144","2026-03-08 03:12:00","22.92","59.5","941.96","3400","0","","","","-112","-4.300000190734863","33316","1772950320023"
"1145","2026-03-08 03:12:10","22.92","59.5","941.94","3400","0","","","","-113","-5","33317","1772950330030"
"1146","2026-03-08 03:12:20","22.92","59.5","941.94","3420","0","","","","-113","-6.5","33318","1772950340022"
"1147","2026-03-08 03:12:30","22.92","59.5","941.96","3400","0","","","","-113","-6.300000190734863","33319","1772950350021"
"1148","2026-03-08 03:12:40","22.92","59.5","941.96","3380","0","","","","-112","-4","33320","1772950360030"
"1149","2026-03-08 03:12:50","22.92","59.5","941.94","3400","0","","","","-113","-3.799999952316284","33321","1772950370029"
"1150","2026-03-08 03:13:00","22.92","59.5","941.9200000000001","3420","0","","","","-112","-3.299999952316284","33322","1772950380016"
"1151","2026-03-08 03:13:10","22.91","59.5","941.9200000000001","3420","0","","","","-112","-1.5","33323","1772950390025"
"1152","2026-03-08 03:13:20","22.92","59.5","941.94","3420","0","","","","-112","-3","33324","1772950400016"
"1153","2026-03-08 03:13:30","22.92","59.5","941.94","3420","0","","","","-112","-4.300000190734863","33325","1772950410018"
"1154","2026-03-08 03:13:40","22.92","59.5","941.9","3420","0","","","","-113","-5","33326","1772950420036"
"1155","2026-03-08 03:13:50","22.92","59.5","941.9","3420","0","","","","-112","-4.5","33327","1772950430026"
"1156","2026-03-08 03:14:00","22.92","59.5","941.9200000000001","3420","0","","","","-113","-5.300000190734863","33328","1772950440028"
"1157","2026-03-08 03:14:10","22.92","59.5","941.9200000000001","3420","0","","","","-113","-3.5","33329","1772950450019"
"1158","2026-03-08 03:14:20","22.92","59.5","941.9200000000001","3420","0","","","","-112","-2","33330","1772950460025"
"1159","2026-03-08 03:14:30","22.92","59.5","941.9","3420","0","","","","-113","-3.299999952316284","33331","1772950470028"
"1160","2026-03-08 03:14:40","22.92","59.5","941.9200000000001","3420","0","","","","-113","-5.300000190734863","33332","1772950480027"
"1161","2026-03-08 03:14:50","22.92","59.5","941.9","3380","0","","","","-113","-5.300000190734863","33333","1772950490016"
"1162","2026-03-08 03:15:00","22.92","59.5","941.9","3420","0","","","","-113","-4.300000190734863","33334","1772950500027"
"1163","2026-03-08 03:15:10","22.92","59.5","941.9200000000001","3420","0","","","","-113","-5.800000190734863","33335","1772950510040"
"1164","2026-03-08 03:15:20","22.91","59.5","941.86","3400","0","","","","-113","-4.300000190734863","33336","1772950520018"
"1165","2026-03-08 03:15:30","22.91","59.5","941.9200000000001","3420","0","","","","-113","-6.5","33337","1772950530024"
"1166","2026-03-08 03:15:40","22.92","59.5","941.88","3420","0","","","","-113","-5","33338","1772950540020"
"1167","2026-03-08 03:15:50","22.91","59.5","941.88","3420","0","","","","-113","-4.5","33339","1772950550027"
"1168","2026-03-08 03:16:00","22.91","59.5","941.9","3440","0","","","","-113","-3.299999952316284","33340","1772950560019"
"1169","2026-03-08 03:16:10","22.91","59.5","941.9","3420","0","","","","-113","-3.299999952316284","33341","1772950570016"
"1170","2026-03-08 03:16:20","22.91","59.5","941.88","3420","0","","","","-113","-5","33342","1772950580023"
"1171","2026-03-08 03:16:30","22.91","59.5","941.9200000000001","3400","0","","","","-113","-5","33343","1772950590020"
"1172","2026-03-08 03:16:40","22.92","59.5","941.9200000000001","3400","0","","","","-113","-4.800000190734863","33344","1772950600027"
"1173","2026-03-08 03:16:50","22.91","59.5","941.9","3420","0","","","","-113","-3.799999952316284","33345","1772950610022"
"1174","2026-03-08 03:17:00","22.92","59.5","941.88","3420","0","","","","-113","-4.300000190734863","33346","1772950620023"
"1175","2026-03-08 03:17:10","22.91","59.5","941.9","3400","0","","","","-113","-4.800000190734863","33347","1772950630021"
"1176","2026-03-08 03:17:20","22.92","59.5","941.9200000000001","3400","0","","","","-113","-4.5","33348","1772950640024"
"1177","2026-03-08 03:17:30","22.91","59.5","941.88","3400","0","","","","-113","-4","33349","1772950650025"
"1178","2026-03-08 03:17:40","22.91","59.5","941.9","3420","0","","","","-113","-3.299999952316284","33350","1772950660023"
"1179","2026-03-08 03:17:50","22.92","59.5","941.9","3400","0","","","","-113","-4","33351","1772950670018"
"1180","2026-03-08 03:18:00","22.91","59.5","941.9","3400","0","","","","-113","-4.300000190734863","33352","1772950680028"
"1181","2026-03-08 03:18:10","22.91","59.5","941.9","3400","0","","","","-113","-4.5","33353","1772950690024"
"1182","2026-03-08 03:18:20","22.91","59.5","941.9","3380","0","","","","-112","-3.299999952316284","33354","1772950700010"
"1183","2026-03-08 03:18:30","22.91","59.5","941.88","3400","0","","","","-113","-5.5","33355","1772950710017"
"1184","2026-03-08 03:18:40","22.91","59.5","941.88","3420","0","","","","-113","-4.300000190734863","33356","1772950720021"
"1185","2026-03-08 03:18:50","22.92","59.5","941.88","3400","0","","","","-113","-4","33357","1772950730018"
"1186","2026-03-08 03:19:00","22.91","59.5","941.88","3380","0","","","","-113","-5","33358","1772950740029"
"1187","2026-03-08 03:19:10","22.91","59.5","941.86","3420","0","","","","-113","-4.300000190734863","33359","1772950750020"
"1188","2026-03-08 03:19:20","22.91","59.5","941.9","3400","0","","","","-113","-4.300000190734863","33360","1772950760020"
"1189","2026-03-08 03:19:30","22.91","59.5","941.9","3420","0","","","","-113","-4.800000190734863","33361","1772950770015"
"1190","2026-03-08 03:19:40","22.91","59.5","941.9","3400","0","","","","-113","-4.300000190734863","33362","1772950780019"
"1191","2026-03-08 03:19:50","22.91","59.5","941.9","3420","0","","","","-113","-4.5","33363","1772950790016"
"1192","2026-03-08 03:20:00","22.91","59.5","941.88","3380","0","","","","-113","-4.5","33364","1772950800019"
"1193","2026-03-08 03:20:10","22.91","59.5","941.9","3420","0","","","","-113","-4.300000190734863","33365","1772950810021"
"1194","2026-03-08 03:20:20","22.91","59.5","941.9","3420","0","","","","-113","-4.5","33366","1772950820025"
"1195","2026-03-08 03:20:30","22.91","59.5","941.9200000000001","3420","0","","","","-113","-4.300000190734863","33367","1772950830023"
"1196","2026-03-08 03:20:40","22.91","59.5","941.9","3400","0","","","","-113","-5","33368","1772950840020"
"1197","2026-03-08 03:20:50","22.91","59.5","941.9200000000001","3420","0","","","","-113","-3.299999952316284","33369","1772950850022"
"1198","2026-03-08 03:21:00","22.91","59.5","941.9200000000001","3400","0","","","","-113","-5","33370","1772950860023"
"1199","2026-03-08 03:21:10","22.91","59.5","941.9","3420","0","","","","-113","-4","33371","1772950870023"
"1200","2026-03-08 03:21:20","22.91","59.5","941.9","3400","0","","","","-113","-4.300000190734863","33372","1772950880018"
"1201","2026-03-08 03:21:30","22.91","59.5","941.9200000000001","3400","0","","","","-113","-3.799999952316284","33373","1772950890022"
"1202","2026-03-08 03:21:40","22.9","59.5","941.9200000000001","3420","0","","","","-113","-3.799999952316284","33374","1772950900015"
"1203","2026-03-08 03:21:50","22.9","59.5","941.9","3420","0","","","","-113","-5.300000190734863","33375","1772950910026"
"1204","2026-03-08 03:22:00","22.9","59.5","941.9200000000001","3420","0","","","","-113","-5.5","33376","1772950920022"
"1205","2026-03-08 03:22:10","22.9","59.5","941.9","3420","0","","","","-113","-4.5","33377","1772950930029"
"1206","2026-03-08 03:22:20","22.9","59.5","941.9","3420","0","","","","-112","-3.799999952316284","33378","1772950940026"
"1207","2026-03-08 03:22:30","22.89","59.5","941.9200000000001","3400","0","","","","-113","-4.5","33379","1772950950022"
"1208","2026-03-08 03:22:40","22.9","59.5","941.9200000000001","3420","0","","","","-113","-4.800000190734863","33380","1772950960120"
"1209","2026-03-08 03:22:50","22.9","59.5","941.9","3420","0","","","","-113","-5.300000190734863","33381","1772950969995"
"1210","2026-03-08 03:23:00","22.9","59.5","941.9","3460","0","","","","-113","-6.5","33382","1772950980025"
"1211","2026-03-08 03:23:10","22.9","59.5","941.9200000000001","3380","0","","","","-113","-4.800000190734863","33383","1772950990017"
"1212","2026-03-08 03:23:20","22.9","59.5","941.9200000000001","3420","0","","","","-113","-4.300000190734863","33384","1772951000017"
"1213","2026-03-08 03:23:30","22.89","59.5","941.9","3400","0","","","","-113","-4.300000190734863","33385","1772951010021"
"1214","2026-03-08 03:23:40","22.89","59.5","941.9200000000001","3380","0","","","","-112","-3.5","33386","1772951020024"
"1215","2026-03-08 03:23:50","22.9","59.5","941.94","3400","0","","","","-113","-4.300000190734863","33387","1772951030016"
"1216","2026-03-08 03:24:00","22.9","59.5","941.9200000000001","3400","0","","","","-113","-4.5","33388","1772951040014"
"1217","2026-03-08 03:24:10","22.9","59.5","941.94","3400","0","","","","-113","-4.800000190734863","33389","1772951050023"
"1218","2026-03-08 03:24:20","22.9","59.5","941.9","3380","0","","","","-113","-6","33390","1772951060015"
"1219","2026-03-08 03:24:30","22.9","59.5","941.9","3400","0","","","","-113","-5.5","33391","1772951070025"
"1220","2026-03-08 03:24:40","22.89","59.5","941.9200000000001","3400","0","","","","-113","-4","33392","1772951080021"
"1221","2026-03-08 03:24:50","22.9","59.5","941.94","3420","0","","","","-113","-4.5","33393","1772951090024"
"1222","2026-03-08 03:25:00","22.89","59.5","941.94","3420","0","","","","-113","-5.5","33394","1772951100017"
"1223","2026-03-08 03:25:10","22.89","59.5","941.94","3380","0","","","","-113","-6.800000190734863","33395","1772951110020"
"1224","2026-03-08 03:25:20","22.89","59.5","941.94","3400","0","","","","-113","-4.5","33396","1772951120027"
"1225","2026-03-08 03:25:30","22.89","59.5","941.94","3420","0","","","","-113","-4.800000190734863","33397","1772951130020"
"1226","2026-03-08 03:25:40","22.89","59.5","941.96","3420","0","","","","-113","-5.300000190734863","33398","1772951140019"
"1227","2026-03-08 03:25:50","22.89","59.5","941.94","3400","0","","","","-113","-4.800000190734863","33399","1772951150023"
"1228","2026-03-08 03:26:00","22.89","59.5","941.9200000000001","3420","0","","","","-113","-6.300000190734863","33400","1772951160016"
"1229","2026-03-08 03:26:10","22.89","59.5","941.9200000000001","3420","0","","","","-113","-4.800000190734863","33401","1772951170024"
"1230","2026-03-08 03:26:20","22.89","59.5","941.96","3380","0","","","","-113","-4.300000190734863","33402","1772951180020"
"1231","2026-03-08 03:26:30","22.89","59.5","941.9200000000001","3400","0","","","","-113","-3.5","33403","1772951190018"
"1232","2026-03-08 03:26:40","22.89","59.5","941.96","3420","0","","","","-113","-3.299999952316284","33404","1772951200014"
"1233","2026-03-08 03:26:50","22.89","59.5","941.96","3400","0","","","","-113","-3.799999952316284","33405","1772951210017"
"1234","2026-03-08 03:27:00","22.89","59.5","941.98","3400","0","","","","-113","-3.5","33406","1772951220022"
"1235","2026-03-08 03:27:10","22.89","59.5","941.96","3400","0","","","","-113","-4","33407","1772951230019"
"1236","2026-03-08 03:27:20","22.89","59.5","941.94","3400","0","","","","-113","-3.799999952316284","33408","1772951240020"
"1237","2026-03-08 03:27:30","22.89","59.5","941.96","3400","0","","","","-113","-3","33409","1772951250024"
"1238","2026-03-08 03:27:40","22.89","59.5","941.98","3380","0","","","","-113","-4","33410","1772951260016"
"1239","2026-03-08 03:27:50","22.89","59.5","941.96","3380","0","","","","-113","-4.300000190734863","33411","1772951270021"
"1240","2026-03-08 03:28:00","22.89","59.5","941.98","3420","0","","","","-113","-4.300000190734863","33412","1772951280024"
"1241","2026-03-08 03:28:10","22.89","59.5","942","3420","0","","","","-113","-4.300000190734863","33413","1772951290025"
"1242","2026-03-08 03:28:20","22.89","59.5","941.96","3420","0","","","","-113","-4","33414","1772951300021"
"1243","2026-03-08 03:28:30","22.89","59.5","941.98","3400","0","","","","-113","-3.299999952316284","33415","1772951310026"
"1244","2026-03-08 03:28:40","22.89","59.5","942","3420","0","","","","-113","-5.300000190734863","33416","1772951320027"
"1245","2026-03-08 03:28:50","22.89","59.5","942","3420","0","","","","-113","-4.800000190734863","33417","1772951330029"
"1246","2026-03-08 03:29:00","22.89","59.5","942.04","3400","0","","","","-113","-5.300000190734863","33418","1772951340022"
"1247","2026-03-08 03:29:10","22.89","59.5","942.02","3400","0","","","","-113","-5","33419","1772951350024"
"1248","2026-03-08 03:29:20","22.89","59.5","941.98","3420","0","","","","-113","-5","33420","1772951360014"
"1249","2026-03-08 03:29:30","22.89","59.5","942.02","3400","0","","","","-113","-3","33421","1772951370011"
"1250","2026-03-08 03:29:40","22.89","59.5","942.02","3380","0","","","","-113","-4.300000190734863","33422","1772951380024"
"1251","2026-03-08 03:29:50","22.89","59.5","942.04","3400","0","","","","-113","-5","33423","1772951390015"
"1252","2026-03-08 03:30:00","22.89","59.5","941.98","3400","0","","","","-113","-4.800000190734863","33424","1772951400025"
"1253","2026-03-08 03:30:10","22.89","59.5","942.02","3400","0","","","","-113","-4.5","33425","1772951410026"
"1254","2026-03-08 03:30:20","22.89","59.5","942.02","3400","0","","","","-112","-3.799999952316284","33426","1772951420023"
"1255","2026-03-08 03:30:30","22.89","59.5","942.04","3420","0","","","","-113","-4","33427","1772951430025"
"1256","2026-03-08 03:30:40","22.89","59.5","942.04","3420","0","","","","-113","-4.800000190734863","33428","1772951440013"
"1257","2026-03-08 03:30:50","22.89","59.5","942.02","3420","0","","","","-113","-4.5","33429","1772951450022"
"1258","2026-03-08 03:31:00","22.89","59.5","942.08","3420","0","","","","-113","-5.300000190734863","33430","1772951460021"
"1259","2026-03-08 03:31:10","22.89","59.5","942.02","3400","0","","","","-113","-6.300000190734863","33431","1772951470037"
"1260","2026-03-08 03:31:20","22.88","59.5","942.02","3400","0","","","","-113","-5.300000190734863","33432","1772951479989"
"1261","2026-03-08 03:31:30","22.89","59.5","942.04","3400","0","","","","-113","-4.800000190734863","33433","1772951490016"
"1262","2026-03-08 03:31:40","22.88","59.5","942.04","3420","0","","","","-113","-4.800000190734863","33434","1772951500013"
"1263","2026-03-08 03:31:50","22.88","59.5","942.02","3420","0","","","","-113","-4.5","33435","1772951510021"
"1264","2026-03-08 03:32:00","22.89","59.5","942.02","3420","0","","","","-113","-4.5","33436","1772951520021"
"1265","2026-03-08 03:32:10","22.88","59.5","942.04","3380","0","","","","-112","-3.799999952316284","33437","1772951530050"
"1266","2026-03-08 03:32:20","22.88","59.5","942.02","3400","0","","","","-113","-3.299999952316284","33438","1772951540014"
"1267","2026-03-08 03:32:30","22.88","59.5","942.04","3420","0","","","","-113","-3.299999952316284","33439","1772951550017"
"1268","2026-03-08 03:32:40","22.88","59.5","942.04","3420","0","","","","-113","-4.300000190734863","33440","1772951560023"
"1269","2026-03-08 03:32:50","22.88","59.5","942.04","3400","0","","","","-113","-4.300000190734863","33441","1772951570017"
"1270","2026-03-08 03:33:00","22.88","59.5","942.04","3420","0","","","","-113","-4.5","33442","1772951580017"
"1271","2026-03-08 03:33:10","22.88","59.5","942.02","3400","0","","","","-113","-4.300000190734863","33443","1772951590016"
"1272","2026-03-08 03:33:20","22.88","59.5","942.04","3400","0","","","","-112","-2.799999952316284","33444","1772951600020"
"1273","2026-03-08 03:33:30","22.88","59.5","942","3420","0","","","","-113","-3.5","33445","1772951610015"
"1274","2026-03-08 03:33:40","22.89","59.5","942.0600000000001","3400","0","","","","-113","-5","33446","1772951620016"
"1275","2026-03-08 03:33:50","22.88","59.5","942.02","3400","0","","","","-113","-5.5","33447","1772951630024"
"1276","2026-03-08 03:34:00","22.88","59.5","942.02","3420","0","","","","-113","-5.5","33448","1772951640025"
"1277","2026-03-08 03:34:10","22.88","59.5","942.02","3380","0","","","","-113","-3.799999952316284","33449","1772951650022"
"1278","2026-03-08 03:34:20","22.88","59.5","942.04","3400","0","","","","-112","-3.299999952316284","33450","1772951660026"
"1279","2026-03-08 03:34:30","22.88","59.5","942","3420","0","","","","-112","-3.5","33451","1772951670051"
"1280","2026-03-08 03:34:40","22.88","59.5","942.04","3400","0","","","","-113","-3.5","33452","1772951680012"
"1281","2026-03-08 03:34:50","22.88","59.5","942.02","3420","0","","","","-113","-3.299999952316284","33453","1772951690017"
"1282","2026-03-08 03:35:00","22.87","59.5","941.98","3420","0","","","","-113","-3.5","33454","1772951700014"
"1283","2026-03-08 03:35:10","22.87","59.5","942","3420","0","","","","-112","-3.299999952316284","33455","1772951710022"
"1284","2026-03-08 03:35:20","22.87","59.5","942","3420","0","","","","-112","-3","33456","1772951720011"
"1285","2026-03-08 03:35:30","22.87","59.5","941.98","3380","0","","","","-112","-3","33457","1772951730020"
"1286","2026-03-08 03:35:40","22.87","59.5","941.98","3400","0","","","","-112","-3","33458","1772951740023"
"1287","2026-03-08 03:35:50","22.87","59.5","942","3420","0","","","","-112","-2.799999952316284","33459","1772951750024"
"1288","2026-03-08 03:36:00","22.87","59.5","942","3420","0","","","","-112","-3","33460","1772951759992"
"1289","2026-03-08 03:36:10","22.87","59.5","941.98","3400","0","","","","-113","-4.300000190734863","33461","1772951770017"
"1290","2026-03-08 03:36:20","22.87","59.5","942","3380","0","","","","-112","-3","33462","1772951780025"
"1291","2026-03-08 03:36:30","22.87","59.5","942.02","3440","0","","","","-112","-3.299999952316284","33463","1772951790017"
"1292","2026-03-08 03:36:40","22.87","59.5","942.02","3400","0","","","","-112","-3.299999952316284","33464","1772951800022"
"1293","2026-03-08 03:36:50","22.87","59.5","942","3400","0","","","","-113","-3","33465","1772951810017"
"1294","2026-03-08 03:37:00","22.87","59.5","942.02","3400","0","","","","-112","-3","33466","1772951820015"
"1295","2026-03-08 03:37:10","22.86","59.5","942","3380","0","","","","-112","-3.799999952316284","33467","1772951829984"
"1296","2026-03-08 03:37:20","22.86","59.5","942.02","3380","0","","","","-113","-4","33468","1772951840009"
"1297","2026-03-08 03:37:30","22.87","59.5","942.04","3420","0","","","","-113","-4","33469","1772951850022"
"1298","2026-03-08 03:37:40","22.87","59.5","942","3400","0","","","","-112","-4","33470","1772951860019"
"1299","2026-03-08 03:37:50","22.86","59.5","942","3420","0","","","","-113","-4","33471","1772951870019"
"1300","2026-03-08 03:38:00","22.86","59.5","942","3400","0","","","","-113","-4.800000190734863","33472","1772951880010"
"1301","2026-03-08 03:38:10","22.86","59.5","942","3420","0","","","","-112","-4.5","33473","1772951890020"
"1302","2026-03-08 03:38:20","22.86","59.5","942.02","3400","0","","","","-113","-4","33474","1772951900025"
"1303","2026-03-08 03:38:30","22.86","59.5","942.02","3400","0","","","","-113","-3.799999952316284","33475","1772951910013"
"1304","2026-03-08 03:38:40","22.86","59.5","942.02","3400","0","","","","-113","-4","33476","1772951920013"
"1305","2026-03-08 03:38:50","22.86","59.5","942.04","3420","0","","","","-113","-3.799999952316284","33477","1772951929993"
"1306","2026-03-08 03:39:00","22.86","59.5","942.04","3420","0","","","","-113","-4.800000190734863","33478","1772951940011"
"1307","2026-03-08 03:39:10","22.86","59.5","942","3420","0","","","","-113","-4.300000190734863","33479","1772951950011"
"1308","2026-03-08 03:39:20","22.86","59.5","942","3380","0","","","","-113","-3.5","33480","1772951959982"
"1309","2026-03-08 03:39:30","22.86","59.5","942.04","3400","0","","","","-113","-3.799999952316284","33481","1772951970009"
"1310","2026-03-08 03:39:40","22.86","59.5","942.02","3400","0","","","","-113","-3.799999952316284","33482","1772951980022"
"1311","2026-03-08 03:39:50","22.86","59.5","942.04","3420","0","","","","-112","-3.799999952316284","33483","1772951990016"
"1312","2026-03-08 03:40:00","22.86","59.5","942.04","3420","0","","","","-113","-4.800000190734863","33484","1772952000013"
"1313","2026-03-08 03:40:10","22.86","59.5","942.02","3400","0","","","","-113","-4","33485","1772952010014"
"1314","2026-03-08 03:40:20","22.86","59.5","942.02","3400","0","","","","-113","-4.5","33486","1772952020022"
"1315","2026-03-08 03:40:30","22.85","59.5","942.04","3400","0","","","","-113","-4","33487","1772952030013"
"1316","2026-03-08 03:40:40","22.86","59.5","942.04","3420","0","","","","-113","-3.299999952316284","33488","1772952040013"
"1317","2026-03-08 03:40:50","22.86","59.5","941.98","3380","0","","","","-113","-4","33489","1772952050010"
"1318","2026-03-08 03:41:00","22.85","59.5","942","3400","0","","","","-113","-4","33490","1772952059991"
"1319","2026-03-08 03:41:10","22.86","59.5","942.02","3400","0","","","","-113","-4.300000190734863","33491","1772952070012"
"1320","2026-03-08 03:41:20","22.86","59.5","942","3420","0","","","","-113","-5.300000190734863","33492","1772952080008"
"1321","2026-03-08 03:41:30","22.86","59.5","942.02","3420","0","","","","-113","-4.800000190734863","33493","1772952090035"
"1322","2026-03-08 03:41:40","22.86","59.5","942.02","3400","0","","","","-113","-4","33494","1772952100018"
"1323","2026-03-08 03:41:50","22.85","59.5","942","3420","0","","","","-113","-4","33495","1772952110023"
"1324","2026-03-08 03:42:00","22.85","59.5","942","3400","0","","","","-113","-4.5","33496","1772952120052"
"1325","2026-03-08 03:42:10","22.85","59.5","941.98","3380","0","","","","-112","-3.5","33497","1772952130013"
"1326","2026-03-08 03:42:20","22.85","59.5","942","3380","0","","","","-113","-3.5","33498","1772952140010"
"1327","2026-03-08 03:42:30","22.85","59.5","941.98","3400","0","","","","-113","-4.300000190734863","33499","1772952150057"
"1328","2026-03-08 03:42:40","22.85","59.5","942.02","3400","0","","","","-112","-3.299999952316284","33500","1772952160017"
"1329","2026-03-08 03:42:50","22.85","59.5","941.98","3380","0","","","","-112","-4","33501","1772952170019"
"1330","2026-03-08 03:43:00","22.85","59.5","942","3380","0","","","","-112","-3.299999952316284","33502","1772952179983"
"1331","2026-03-08 03:43:10","22.85","59.5","942","3420","0","","","","-113","-5","33503","1772952190016"
"1332","2026-03-08 03:43:20","22.85","59.5","941.98","3380","0","","","","-112","-3.5","33504","1772952200020"
"1333","2026-03-08 03:43:30","22.85","59.5","941.96","3400","0","","","","-112","-3.799999952316284","33505","1772952209988"
"1334","2026-03-08 03:43:40","22.85","59.5","941.96","3420","0","","","","-112","-3.299999952316284","33506","1772952220018"
"1335","2026-03-08 03:43:50","22.85","59.5","941.98","3400","0","","","","-113","-4.800000190734863","33507","1772952230012"
"1336","2026-03-08 03:44:00","22.85","59.5","941.98","3400","0","","","","-112","-4.300000190734863","33508","1772952239976"
"1337","2026-03-08 03:44:10","22.85","59.5","941.94","3400","0","","","","-112","-2.799999952316284","33509","1772952250011"
"1338","2026-03-08 03:44:20","22.85","59.5","941.94","3400","0","","","","-113","-4.5","33510","1772952260012"
"1339","2026-03-08 03:44:30","22.85","59.5","941.96","3400","0","","","","-113","-3.799999952316284","33511","1772952270003"
"1340","2026-03-08 03:44:40","22.85","59.5","941.96","3420","0","","","","-112","-4","33512","1772952280013"
"1341","2026-03-08 03:44:50","22.85","59.5","941.94","3400","0","","","","-113","-4.800000190734863","33513","1772952290020"
"1342","2026-03-08 03:45:00","22.85","59.5","941.9200000000001","3380","0","","","","-113","-3.799999952316284","33514","1772952300010"
"1343","2026-03-08 03:45:10","22.85","59.5","941.96","3420","0","","","","-113","-4","33515","1772952310019"
"1344","2026-03-08 03:45:20","22.85","59.5","941.94","3420","0","","","","-113","-4","33516","1772952320023"
"1345","2026-03-08 03:45:30","22.85","59.5","941.9200000000001","3400","0","","","","-112","-3","33517","1772952330007"
"1346","2026-03-08 03:45:40","22.85","59.5","941.94","3400","0","","","","-113","-4.5","33518","1772952340020"
"1347","2026-03-08 03:45:50","22.85","59.5","941.94","3420","0","","","","-112","-4","33519","1772952350012"
"1348","2026-03-08 03:46:00","22.85","59.5","941.9200000000001","3400","0","","","","-113","-4","33520","1772952360015"
"1349","2026-03-08 03:46:10","22.85","59.5","941.9","3420","0","","","","-113","-4.800000190734863","33521","1772952370016"
"1350","2026-03-08 03:46:20","22.85","59.5","941.9200000000001","3400","0","","","","-113","-4","33522","1772952380015"
"1351","2026-03-08 03:46:30","22.85","59.5","941.9","3400","0","","","","-113","-4.5","33523","1772952390011"
"1352","2026-03-08 03:46:40","22.85","59.5","941.9","3420","0","","","","-112","-2.5","33524","1772952400014"
"1353","2026-03-08 03:46:50","22.85","59.5","941.9200000000001","3420","0","","","","-113","-4.5","33525","1772952410014"
"1354","2026-03-08 03:47:00","22.85","59.5","941.9","3380","0","","","","-113","-4.800000190734863","33526","1772952420012"
"1355","2026-03-08 03:47:10","22.85","59.5","941.9","3420","0","","","","-113","-4.5","33527","1772952430009"
"1356","2026-03-08 03:47:20","22.85","59.5","941.9200000000001","3420","0","","","","-113","-4.300000190734863","33528","1772952440015"
"1357","2026-03-08 03:47:30","22.85","59.5","941.9","3400","0","","","","-113","-3.799999952316284","33529","1772952450007"
"1358","2026-03-08 03:47:40","22.84","59.5","941.9200000000001","3420","0","","","","-113","-4.300000190734863","33530","1772952460016"
"1359","2026-03-08 03:47:50","22.85","59.5","941.9200000000001","3400","0","","","","-113","-4.300000190734863","33531","1772952470020"
"1360","2026-03-08 03:48:00","22.85","59.5","941.9200000000001","3420","0","","","","-113","-4","33532","1772952480018"
"1361","2026-03-08 03:48:10","22.85","59.5","941.9","3400","0","","","","-113","-4","33533","1772952490010"
"1362","2026-03-08 03:48:20","22.85","59.5","941.94","3420","0","","","","-113","-3.5","33534","1772952500033"
"1363","2026-03-08 03:48:30","22.84","59.5","941.9","3380","0","","","","-113","-5","33535","1772952510009"
"1364","2026-03-08 03:48:40","22.85","59.5","941.9200000000001","3420","0","","","","-113","-4.5","33536","1772952520009"
"1365","2026-03-08 03:48:50","22.84","59.5","941.9","3420","0","","","","-113","-4.800000190734863","33537","1772952530008"
"1366","2026-03-08 03:49:00","22.84","59.5","941.88","3420","0","","","","-113","-3.5","33538","1772952540010"
"1367","2026-03-08 03:49:10","22.84","59.5","941.9200000000001","3420","0","","","","-113","-3.5","33539","1772952550012"
"1368","2026-03-08 03:49:20","22.84","59.5","941.88","3400","0","","","","-112","-3.299999952316284","33540","1772952560012"
"1369","2026-03-08 03:49:30","22.85","59.5","941.9200000000001","3420","0","","","","-113","-3.5","33541","1772952570009"
"1370","2026-03-08 03:49:40","22.84","59.5","941.9","3400","0","","","","-113","-3.799999952316284","33542","1772952580015"
"1371","2026-03-08 03:49:50","22.85","59.5","941.9200000000001","3400","0","","","","-113","-3.799999952316284","33543","1772952590011"
"1372","2026-03-08 03:50:00","22.84","59.5","941.9","3380","0","","","","-113","-3.799999952316284","33544","1772952600012"
"1373","2026-03-08 03:50:10","22.85","59.5","941.9","3420","0","","","","-113","-3.799999952316284","33545","1772952610012"
"1374","2026-03-08 03:50:20","22.85","59.5","941.9","3400","0","","","","-113","-3.299999952316284","33546","1772952620020"
"1375","2026-03-08 03:50:30","22.85","59.5","941.9","3400","0","","","","-112","-3.5","33547","1772952630010"
"1376","2026-03-08 03:50:40","22.85","59.5","941.88","3400","0","","","","-113","-4.300000190734863","33548","1772952640021"
"1377","2026-03-08 03:50:50","22.84","59.5","941.88","3380","0","","","","-113","-4.800000190734863","33549","1772952650011"
"1378","2026-03-08 03:51:00","22.84","59.5","941.88","3400","0","","","","-113","-4.5","33550","1772952660004"
"1379","2026-03-08 03:51:10","22.84","59.5","941.88","3400","0","","","","-112","-4.300000190734863","33551","1772952670013"
"1380","2026-03-08 03:51:20","22.85","60","941.9200000000001","3420","0","","","","-112","-3.5","33552","1772952680013"
"1381","2026-03-08 03:51:30","22.84","59.5","941.86","3400","0","","","","-113","-4","33553","1772952690021"
"1382","2026-03-08 03:51:40","22.84","59.5","941.88","3400","0","","","","-113","-4.800000190734863","33554","1772952699988"
"1383","2026-03-08 03:51:50","22.84","59.5","941.86","3380","0","","","","-112","-4","33555","1772952710021"
"1384","2026-03-08 03:52:00","22.85","59.5","941.9","3420","0","","","","-113","-4.5","33556","1772952720045"
"1385","2026-03-08 03:52:10","22.84","59.5","941.86","3380","0","","","","-113","-4.5","33557","1772952730012"
"1386","2026-03-08 03:52:20","22.84","59.5","941.84","3420","0","","","","-113","-6.300000190734863","33558","1772952740022"
"1387","2026-03-08 03:52:30","22.84","59.5","941.86","3400","0","","","","-113","-5","33559","1772952749985"
"1388","2026-03-08 03:52:40","22.84","59.5","941.86","3420","0","","","","-112","-4.300000190734863","33560","1772952760015"
"1389","2026-03-08 03:52:50","22.84","59.5","941.82","3420","0","","","","-113","-3.5","33561","1772952770022"
"1390","2026-03-08 03:53:00","22.84","59.5","941.84","3380","0","","","","-112","-3.5","33562","1772952779978"
"1391","2026-03-08 03:53:10","22.84","59.5","941.82","3420","0","","","","-113","-3.5","33563","1772952790009"
"1392","2026-03-08 03:53:20","22.84","59.5","941.84","3400","0","","","","-112","-4","33564","1772952800015"
"1393","2026-03-08 03:53:30","22.84","59.5","941.82","3420","0","","","","-112","-4","33565","1772952809975"
"1394","2026-03-08 03:53:40","22.84","59.5","941.86","3420","0","","","","-112","-3.799999952316284","33566","1772952820009"
"1395","2026-03-08 03:53:50","22.84","59.5","941.8000000000001","3400","0","","","","-112","-3","33567","1772952830007"
"1396","2026-03-08 03:54:00","22.84","59.5","941.82","3380","0","","","","-113","-3.799999952316284","33568","1772952839974"
"1397","2026-03-08 03:54:10","22.84","59.5","941.82","3400","0","","","","-112","-2.799999952316284","33569","1772952850017"
"1398","2026-03-08 03:54:20","22.84","59.5","941.8000000000001","3420","0","","","","-113","-4","33570","1772952860007"
"1399","2026-03-08 03:54:30","22.83","59.5","941.8000000000001","3380","0","","","","-112","-2.5","33571","1772952869977"
"1400","2026-03-08 03:54:40","22.83","59.5","941.78","3380","0","","","","-113","-3.799999952316284","33572","1772952880022"
"1401","2026-03-08 03:54:50","22.84","59.5","941.8000000000001","3380","0","","","","-112","-2.799999952316284","33573","1772952890016"
"1402","2026-03-08 03:55:00","22.83","59.5","941.78","3420","0","","","","-113","-4.5","33574","1772952899976"
"1403","2026-03-08 03:55:10","22.83","59.5","941.8000000000001","3420","0","","","","-113","-3.299999952316284","33575","1772952910010"
"1404","2026-03-08 03:55:20","22.83","59.5","941.78","3380","0","","","","-113","-3.799999952316284","33576","1772952920010"
"1405","2026-03-08 03:55:30","22.83","59.5","941.76","3400","0","","","","-112","-4.300000190734863","33577","1772952929977"
"1406","2026-03-08 03:55:40","22.83","59.5","941.78","3420","0","","","","-113","-4.300000190734863","33578","1772952940011"
"1407","2026-03-08 03:55:50","22.82","59.5","941.74","3400","0","","","","-112","-3.299999952316284","33579","1772952950014"
"1408","2026-03-08 03:56:00","22.83","59.5","941.76","3420","0","","","","-112","-2.5","33580","1772952960003"
"1409","2026-03-08 03:56:10","22.83","59.5","941.76","3420","0","","","","-112","-3.299999952316284","33581","1772952970017"
"1410","2026-03-08 03:56:20","22.83","59.5","941.76","3420","0","","","","-112","-2.299999952316284","33582","1772952980021"
"1411","2026-03-08 03:56:30","22.83","59.5","941.78","3420","0","","","","-112","-3.5","33583","1772952990011"
"1412","2026-03-08 03:56:40","22.82","59.5","941.72","3400","0","","","","-113","-3.799999952316284","33584","1772953000011"
"1413","2026-03-08 03:56:50","22.82","59.5","941.74","3400","0","","","","-112","-3.299999952316284","33585","1772953010022"
"1414","2026-03-08 03:57:00","22.82","59.5","941.78","3400","0","","","","-113","-4.300000190734863","33586","1772953020018"
"1415","2026-03-08 03:57:10","22.82","60","941.76","3380","0","","","","-112","-3.299999952316284","33587","1772953030010"
"1416","2026-03-08 03:57:20","22.83","59.5","941.78","3400","0","","","","-112","-3","33588","1772953040010"
"1417","2026-03-08 03:57:30","22.82","59.5","941.76","3420","0","","","","-112","-3.5","33589","1772953050018"
"1418","2026-03-08 03:57:40","22.82","60","941.76","3420","0","","","","-113","-3.5","33590","1772953060010"
"1419","2026-03-08 03:57:50","22.82","59.5","941.74","3400","0","","","","-113","-4.5","33591","1772953070007"
"1420","2026-03-08 03:58:00","22.82","59.5","941.74","3400","0","","","","-113","-3.799999952316284","33592","1772953080016"
"1421","2026-03-08 03:58:10","22.82","60","941.74","3380","0","","","","-112","-2.299999952316284","33593","1772953090016"
"1422","2026-03-08 03:58:20","22.82","60","941.76","3420","0","","","","-113","-3.299999952316284","33594","1772953100016"
"1423","2026-03-08 03:58:30","22.81","59.5","941.74","3420","0","","","","-112","-1.2999999523162842","33595","1772953110014"
"1424","2026-03-08 03:58:40","22.81","59.5","941.72","3400","0","","","","-112","-3.5","33596","1772953120009"
"1425","2026-03-08 03:58:50","22.81","60","941.76","3380","0","","","","-113","-4.5","33597","1772953130008"
"1426","2026-03-08 03:59:00","22.81","59.5","941.74","3420","0","","","","-112","-1.5","33598","1772953140006"
"1427","2026-03-08 03:59:10","22.81","59.5","941.7","3420","0","","","","-112","-3.299999952316284","33599","1772953150016"
"1428","2026-03-08 03:59:20","22.81","59.5","941.7","3380","0","","","","-112","-3.5","33600","1772953160008"
"1429","2026-03-08 03:59:30","22.81","59.5","941.7","3400","0","","","","-112","-2.299999952316284","33601","1772953170015"
"1430","2026-03-08 03:59:40","22.81","60","941.72","3380","0","","","","-112","-3.299999952316284","33602","1772953180013"
"1431","2026-03-08 03:59:50","22.81","60","941.74","3420","0","","","","-112","-2.799999952316284","33603","1772953190011"
"1432","2026-03-08 04:00:00","22.81","60","941.74","3420","0","","","","-112","-3","33604","1772953200006"
"1433","2026-03-08 04:00:10","22.81","60","941.74","3420","0","","","","-112","-3.299999952316284","33605","1772953210018"
"1434","2026-03-08 04:00:20","22.81","60","941.74","3400","0","","","","-112","-2.799999952316284","33606","1772953220012"
"1435","2026-03-08 04:00:30","22.81","59.5","941.72","3400","0","","","","-113","-4.300000190734863","33607","1772953230018"
"1436","2026-03-08 04:00:40","22.81","59.5","941.72","3420","0","","","","-112","-3.799999952316284","33608","1772953240010"
"1437","2026-03-08 04:00:50","22.8","59.5","941.72","3380","0","","","","-112","-2.5","33609","1772953249975"
"1438","2026-03-08 04:01:00","22.81","60","941.72","3420","0","","","","-112","-2.5","33610","1772953260017"
"1439","2026-03-08 04:01:10","22.81","59.5","941.72","3380","0","","","","-112","-3.299999952316284","33611","1772953270018"
"1440","2026-03-08 04:01:20","22.81","60","941.74","3420","0","","","","-112","-3","33612","1772953280011"
"1441","2026-03-08 04:01:30","22.81","59.5","941.72","3420","0","","","","-112","-2.5","33613","1772953290011"
"1442","2026-03-08 04:01:40","22.81","59.5","941.72","3380","0","","","","-112","-3.5","33614","1772953300019"
"1443","2026-03-08 04:01:50","22.8","60","941.72","3400","0","","","","-113","-4","33615","1772953309984"
"1444","2026-03-08 04:02:00","22.8","59.5","941.7","3420","0","","","","-112","-3.5","33616","1772953320008"
"1445","2026-03-08 04:02:10","22.81","60","941.72","3400","0","","","","-112","-2.799999952316284","33617","1772953330020"
"1446","2026-03-08 04:02:20","22.81","59.5","941.72","3400","0","","","","-113","-5","33618","1772953340009"
"1447","2026-03-08 04:02:30","22.8","60","941.72","3400","0","","","","-113","-3.299999952316284","33619","1772953350013"
"1448","2026-03-08 04:02:40","22.8","60","941.7","3420","0","","","","-112","-3.5","33620","1772953360011"
"1449","2026-03-08 04:02:50","22.8","60","941.72","3420","0","","","","-113","-4","33621","1772953370008"
"1450","2026-03-08 04:03:00","22.8","60","941.72","3420","0","","","","-112","-3.5","33622","1772953379999"
"1451","2026-03-08 04:03:10","22.81","59.5","941.7","3400","0","","","","-112","-2.799999952316284","33623","1772953390021"
"1452","2026-03-08 04:03:20","22.8","60","941.6800000000001","3380","0","","","","-112","-3.299999952316284","33624","1772953400012"
"1453","2026-03-08 04:03:30","22.8","60","941.74","3400","0","","","","-112","-3.5","33625","1772953410010"
"1454","2026-03-08 04:03:40","22.8","60","941.72","3400","0","","","","-112","-3","33626","1772953420007"
"1455","2026-03-08 04:03:50","22.8","60","941.72","3400","0","","","","-112","-3.5","33627","1772953429997"
"1456","2026-03-08 04:04:00","22.8","59.5","941.7","3380","0","","","","-111","0","33628","1772953440003"
"1457","2026-03-08 04:04:10","22.79","60","941.7","3400","0","","","","-113","-3.5","33629","1772953449999"
"1458","2026-03-08 04:04:20","22.79","60","941.72","3400","0","","","","-111","-1","33630","1772953460009"
"1459","2026-03-08 04:04:30","22.8","60","941.72","3420","0","","","","-112","-3.5","33631","1772953470011"
"1460","2026-03-08 04:04:40","22.8","59.5","941.74","3420","0","","","","-112","-3.299999952316284","33632","1772953480012"
"1461","2026-03-08 04:04:50","22.79","60","941.72","3400","0","","","","-112","-2.799999952316284","33633","1772953490014"
"1462","2026-03-08 04:05:00","22.79","59.5","941.6800000000001","3420","0","","","","-112","-3.5","33634","1772953500017"
"1463","2026-03-08 04:05:10","22.79","60","941.74","3400","0","","","","-112","-3","33635","1772953510010"
"1464","2026-03-08 04:05:20","22.8","60","941.72","3420","0","","","","-112","-3.299999952316284","33636","1772953520013"
"1465","2026-03-08 04:05:30","22.79","60","941.72","3400","0","","","","-112","-2.799999952316284","33637","1772953530013"
"1466","2026-03-08 04:05:40","22.79","60","941.74","3380","0","","","","-112","-3.799999952316284","33638","1772953540005"
"1467","2026-03-08 04:05:50","22.79","60","941.7","3400","0","","","","-112","-3.299999952316284","33639","1772953550011"
"1468","2026-03-08 04:06:00","22.8","60","941.74","3420","0","","","","-112","-2.299999952316284","33640","1772953560001"
"1469","2026-03-08 04:06:10","22.79","60","941.7","3420","0","","","","-112","-3.299999952316284","33641","1772953570018"
"1470","2026-03-08 04:06:20","22.79","60","941.74","3420","0","","","","-113","-4.800000190734863","33642","1772953579977"
"1471","2026-03-08 04:06:30","22.79","60","941.7","3380","0","","","","-112","-2.799999952316284","33643","1772953590008"
"1472","2026-03-08 04:06:40","22.79","60","941.6800000000001","3400","0","","","","-112","-2.299999952316284","33644","1772953600004"
"1473","2026-03-08 04:06:50","22.79","60","941.66","3380","0","","","","-113","-5.800000190734863","33645","1772953610000"
"1474","2026-03-08 04:07:00","22.79","60","941.7","3420","0","","","","-112","-2.799999952316284","33646","1772953620013"
"1475","2026-03-08 04:07:10","22.79","60","941.66","3400","0","","","","-113","-5.5","33647","1772953630006"
"1476","2026-03-08 04:07:20","22.79","60","941.66","3380","0","","","","-113","-6","33648","1772953640008"
"1477","2026-03-08 04:07:30","22.79","59.5","941.7","3420","0","","","","-112","-3.799999952316284","33649","1772953650012"
"1478","2026-03-08 04:07:40","22.79","60","941.66","3420","0","","","","-113","-4.5","33650","1772953660010"
"1479","2026-03-08 04:07:50","22.79","60","941.6800000000001","3420","0","","","","-113","-3.5","33651","1772953670013"
"1480","2026-03-08 04:08:00","22.78","60","941.64","3400","0","","","","-112","-3.799999952316284","33652","1772953680013"
"1481","2026-03-08 04:08:10","22.78","60","941.64","3400","0","","","","-112","-3.799999952316284","33653","1772953690011"
"1482","2026-03-08 04:08:20","22.78","60","941.64","3460","0","","","","-112","-3.5","33654","1772953700012"
"1483","2026-03-08 04:08:30","22.78","60","941.64","3400","0","","","","-112","-2.5","33655","1772953710012"
"1484","2026-03-08 04:08:40","22.78","60","941.66","3420","0","","","","-112","-2.799999952316284","33656","1772953719976"
"1485","2026-03-08 04:08:50","22.78","60","941.62","3400","0","","","","-112","-1.5","33657","1772953730007"
"1486","2026-03-08 04:09:00","22.78","60","941.62","3400","0","","","","-112","-2","33658","1772953740005"
"1487","2026-03-08 04:09:10","22.78","60","941.64","3380","0","","","","-112","-2.799999952316284","33659","1772953750011"
"1488","2026-03-08 04:09:20","22.78","60","941.6","3380","0","","","","-112","-3","33660","1772953760009"
"1489","2026-03-08 04:09:30","22.78","60","941.62","3380","0","","","","-112","-3.299999952316284","33661","1772953770016"
"1490","2026-03-08 04:09:40","22.78","59.5","941.64","3380","0","","","","-112","-3.5","33662","1772953780012"
"1491","2026-03-08 04:09:50","22.78","60","941.62","3400","0","","","","-112","-2.799999952316284","33663","1772953790004"
"1492","2026-03-08 04:10:00","22.78","60","941.62","3400","0","","","","-112","-2.799999952316284","33664","1772953800008"
"1493","2026-03-08 04:10:10","22.78","60","941.62","3400","0","","","","-112","-2.799999952316284","33665","1772953810016"
"1494","2026-03-08 04:10:20","22.77","60","941.62","3380","0","","","","-112","-2","33666","1772953820008"
"1495","2026-03-08 04:10:30","22.77","60","941.6","3380","0","","","","-112","-2.5","33667","1772953830006"
"1496","2026-03-08 04:10:40","22.77","60","941.6","3380","0","","","","-113","-5.300000190734863","33668","1772953840004"
"1497","2026-03-08 04:10:50","22.77","60","941.62","3400","0","","","","-113","-3.5","33669","1772953850009"
"1498","2026-03-08 04:11:00","22.77","60","941.58","3400","0","","","","-113","-5","33670","1772953860014"
"1499","2026-03-08 04:11:10","22.77","60","941.6","3380","0","","","","-112","-4.5","33671","1772953870007"
"1500","2026-03-08 04:11:20","22.77","60","941.6","3380","0","","","","-112","-3.5","33672","1772953880006"
"1501","2026-03-08 04:11:30","22.77","60","941.64","3420","0","","","","-112","-2.5","33673","1772953890003"
"1502","2026-03-08 04:11:40","22.77","60","941.62","3400","0","","","","-113","-3.299999952316284","33674","1772953900008"
"1503","2026-03-08 04:11:50","22.77","60","941.6","3380","0","","","","-112","-3","33675","1772953910021"
"1504","2026-03-08 04:12:00","22.77","60","941.64","3380","0","","","","-112","-3.5","33676","1772953919975"
"1505","2026-03-08 04:12:10","22.76","60","941.62","3400","0","","","","-112","-2.5","33677","1772953930018"
"1506","2026-03-08 04:12:20","22.77","60","941.64","3380","0","","","","-112","-3.299999952316284","33678","1772953940014"
"1507","2026-03-08 04:12:30","22.77","60","941.62","3380","0","","","","-112","-2.799999952316284","33679","1772953950011"
"1508","2026-03-08 04:12:40","22.76","60","941.62","3380","0","","","","-112","-2.799999952316284","33680","1772953960011"
"1509","2026-03-08 04:12:50","22.77","60","941.62","3420","0","","","","-112","-3.5","33681","1772953970014"
"1510","2026-03-08 04:13:00","22.77","60","941.62","3420","0","","","","-112","-3.299999952316284","33682","1772953980007"
"1511","2026-03-08 04:13:10","22.76","60","941.64","3400","0","","","","-112","-3","33683","1772953990002"
"1512","2026-03-08 04:13:20","22.76","60","941.64","3380","0","","","","-112","-4.5","33684","1772954000022"
"1513","2026-03-08 04:13:30","22.76","60","941.6800000000001","3420","0","","","","-112","-4","33685","1772954010010"
"1514","2026-03-08 04:13:40","22.76","60","941.6800000000001","3400","0","","","","-112","-3.5","33686","1772954020018"
"1515","2026-03-08 04:13:50","22.76","60","941.66","3400","0","","","","-112","-4.800000190734863","33687","1772954030006"
"1516","2026-03-08 04:14:00","22.76","60","941.6800000000001","3400","0","","","","-113","-4.800000190734863","33688","1772954040022"
"1517","2026-03-08 04:14:10","22.76","60","941.66","3420","0","","","","-112","-3.5","33689","1772954050006"
"1518","2026-03-08 04:14:20","22.76","60","941.66","3400","0","","","","-113","-3.5","33690","1772954060013"
"1519","2026-03-08 04:14:30","22.76","60","941.72","3380","0","","","","-112","-3.5","33691","1772954069975"
"1520","2026-03-08 04:14:40","22.76","60","941.6800000000001","3400","0","","","","-113","-3.5","33692","1772954080008"
"1521","2026-03-08 04:14:50","22.76","60","941.66","3380","0","","","","-113","-4.800000190734863","33693","1772954090008"
"1522","2026-03-08 04:15:00","22.76","60","941.6800000000001","3420","0","","","","-113","-4","33694","1772954100015"
"1523","2026-03-08 04:15:10","22.76","60","941.66","3380","0","","","","-113","-4","33695","1772954109995"
"1524","2026-03-08 04:15:20","22.76","60","941.6800000000001","3400","0","","","","-113","-4.5","33696","1772954120017"
"1525","2026-03-08 04:15:30","22.76","60","941.6800000000001","3380","0","","","","-112","-4","33697","1772954130005"
"1526","2026-03-08 04:15:40","22.76","60","941.7","3400","0","","","","-112","-3.5","33698","1772954140009"
"1527","2026-03-08 04:15:50","22.76","60","941.7","3400","0","","","","-113","-4.300000190734863","33699","1772954150006"
"1528","2026-03-08 04:16:00","22.76","60","941.72","3400","0","","","","-112","-2.299999952316284","33700","1772954160013"
"1529","2026-03-08 04:16:10","22.76","60","941.72","3380","0","","","","-113","-4.300000190734863","33701","1772954170008"
"1530","2026-03-08 04:16:20","22.76","60","941.6800000000001","3400","0","","","","-113","-3.799999952316284","33702","1772954180021"
"1531","2026-03-08 04:16:30","22.76","60","941.6800000000001","3420","0","","","","-112","-3.5","33703","1772954190015"
"1532","2026-03-08 04:16:40","22.76","60","941.7","3380","0","","","","-112","-2.5","33704","1772954200009"
"1533","2026-03-08 04:16:50","22.76","60","941.7","3400","0","","","","-113","-3.799999952316284","33705","1772954210004"
"1534","2026-03-08 04:17:00","22.76","60","941.7","3380","0","","","","-112","-2.5","33706","1772954219997"
"1535","2026-03-08 04:17:10","22.76","60","941.7","3400","0","","","","-112","-3","33707","1772954230004"
"1536","2026-03-08 04:17:20","22.76","60","941.6800000000001","3380","0","","","","-112","-3.5","33708","1772954240003"
"1537","2026-03-08 04:17:30","22.76","60","941.72","3380","0","","","","-113","-4","33709","1772954250010"
"1538","2026-03-08 04:17:40","22.76","60","941.7","3420","0","","","","-112","-4","33710","1772954260007"
"1539","2026-03-08 04:17:50","22.75","60","941.72","3380","0","","","","-113","-3.799999952316284","33711","1772954270001"
"1540","2026-03-08 04:18:00","22.75","60","941.6800000000001","3420","0","","","","-112","-4.5","33712","1772954280009"
"1541","2026-03-08 04:18:10","22.76","60","941.6800000000001","3420","0","","","","-112","-4","33713","1772954290010"
"1542","2026-03-08 04:18:20","22.75","60","941.6800000000001","3420","0","","","","-113","-4.800000190734863","33714","1772954300015"
"1543","2026-03-08 04:18:30","22.75","60","941.7","3400","0","","","","-112","-4","33715","1772954310005"
"1544","2026-03-08 04:18:40","22.75","60","941.72","3380","0","","","","-112","-3.5","33716","1772954320004"
"1545","2026-03-08 04:18:50","22.75","60","941.7","3400","0","","","","-112","-3.799999952316284","33717","1772954330010"
"1546","2026-03-08 04:19:00","22.75","60","941.6800000000001","3400","0","","","","-112","-3","33718","1772954340008"
"1547","2026-03-08 04:19:10","22.75","60","941.7","3380","0","","","","-112","-2.799999952316284","33719","1772954350004"
"1548","2026-03-08 04:19:20","22.75","60","941.6800000000001","3380","0","","","","-113","-3.5","33720","1772954360003"
"1549","2026-03-08 04:19:30","22.75","60","941.7","3400","0","","","","-113","-3.799999952316284","33721","1772954369972"
"1550","2026-03-08 04:19:40","22.75","60","941.6800000000001","3400","0","","","","-112","-3.5","33722","1772954380012"
"1551","2026-03-08 04:19:50","22.76","60","941.7","3400","0","","","","-113","-3.5","33723","1772954390005"
"1552","2026-03-08 04:20:00","22.75","60","941.7","3420","0","","","","-113","-3.799999952316284","33724","1772954400009"
"1553","2026-03-08 04:20:10","22.75","60","941.7","3380","0","","","","-112","-3.5","33725","1772954410000"
"1554","2026-03-08 04:20:20","22.75","60","941.66","3380","0","","","","-113","-4.800000190734863","33726","1772954420005"
"1555","2026-03-08 04:20:30","22.75","60","941.7","3380","0","","","","-113","-4.5","33727","1772954430011"
"1556","2026-03-08 04:20:40","22.75","60","941.66","3420","0","","","","-113","-4.300000190734863","33728","1772954440003"
"1557","2026-03-08 04:20:50","22.75","60","941.6800000000001","3400","0","","","","-113","-5","33729","1772954450003"
"1558","2026-03-08 04:21:00","22.75","60","941.6800000000001","3420","0","","","","-113","-4.800000190734863","33730","1772954460004"
"1559","2026-03-08 04:21:10","22.75","60","941.7","3380","0","","","","-113","-4.5","33731","1772954470005"
"1560","2026-03-08 04:21:20","22.75","60","941.7","3400","0","","","","-113","-4.5","33732","1772954480002"
"1561","2026-03-08 04:21:30","22.74","60","941.66","3420","0","","","","-113","-5","33733","1772954490007"
"1562","2026-03-08 04:21:40","22.74","60","941.7","3400","0","","","","-113","-4.5","33734","1772954500010"
"1563","2026-03-08 04:21:50","22.74","60","941.6800000000001","3380","0","","","","-112","-3.5","33735","1772954510001"
"1564","2026-03-08 04:22:00","22.74","60","941.7","3380","0","","","","-112","-4","33736","1772954520012"
"1565","2026-03-08 04:22:10","22.75","60","941.7","3380","0","","","","-112","-2.299999952316284","33737","1772954529981"
"1566","2026-03-08 04:22:20","22.74","60","941.6800000000001","3380","0","","","","-113","-4.300000190734863","33738","1772954540011"
"1567","2026-03-08 04:22:30","22.74","60","941.6800000000001","3400","0","","","","-112","-3.799999952316284","33739","1772954549976"
"1568","2026-03-08 04:22:40","22.75","60","941.7","3380","0","","","","-113","-3","33740","1772954560007"
"1569","2026-03-08 04:22:50","22.74","60","941.66","3400","0","","","","-112","-4","33741","1772954570006"
"1570","2026-03-08 04:23:00","22.74","60","941.6800000000001","3380","0","","","","-113","-4.300000190734863","33742","1772954580006"
"1571","2026-03-08 04:23:10","22.74","60","941.6800000000001","3380","0","","","","-112","-3","33743","1772954590005"
"1572","2026-03-08 04:23:20","22.74","60","941.66","3420","0","","","","-113","-3.5","33744","1772954599997"
"1573","2026-03-08 04:23:30","22.74","60","941.6800000000001","3400","0","","","","-112","-2.5","33745","1772954610004"
"1574","2026-03-08 04:23:40","22.74","60","941.6800000000001","3400","0","","","","-112","-4","33746","1772954619976"
"1575","2026-03-08 04:23:50","22.74","60","941.64","3400","0","","","","-112","-3.299999952316284","33747","1772954630002"
"1576","2026-03-08 04:24:00","22.73","60","941.66","3380","0","","","","-112","-3","33748","1772954640014"
"1577","2026-03-08 04:24:10","22.74","60","941.6800000000001","3420","0","","","","-112","-3.5","33749","1772954650005"
"1578","2026-03-08 04:24:20","22.73","60","941.6800000000001","3420","0","","","","-112","-3.299999952316284","33750","1772954660004"
"1579","2026-03-08 04:24:30","22.73","60","941.66","3420","0","","","","-113","-4","33751","1772954669998"
"1580","2026-03-08 04:24:40","22.74","60","941.6800000000001","3400","0","","","","-113","-4.800000190734863","33752","1772954680013"
"1581","2026-03-08 04:24:50","22.74","60","941.6800000000001","3420","0","","","","-113","-3.799999952316284","33753","1772954690009"
"1582","2026-03-08 04:25:00","22.74","60","941.66","3380","0","","","","-113","-4.800000190734863","33754","1772954700002"
"1583","2026-03-08 04:25:10","22.73","60","941.6800000000001","3420","0","","","","-113","-4.800000190734863","33755","1772954710002"
"1584","2026-03-08 04:25:20","22.74","60","941.66","3420","0","","","","-113","-4","33756","1772954720015"
"1585","2026-03-08 04:25:30","22.73","60","941.6800000000001","3400","0","","","","-112","-3.5","33757","1772954729969"
"1586","2026-03-08 04:25:40","22.74","60","941.64","3420","0","","","","-112","-3","33758","1772954740012"
"1587","2026-03-08 04:25:50","22.73","60","941.6800000000001","3420","0","","","","-112","-3.5","33759","1772954750001"
"1588","2026-03-08 04:26:00","22.73","60","941.66","3420","0","","","","-112","-3.799999952316284","33760","1772954760016"
"1589","2026-03-08 04:26:10","22.74","60","941.6800000000001","3400","0","","","","-112","-2.299999952316284","33761","1772954770013"
"1590","2026-03-08 04:26:20","22.73","60","941.6800000000001","3420","0","","","","-113","-3.799999952316284","33762","1772954780005"
"1591","2026-03-08 04:26:30","22.73","60","941.66","3400","0","","","","-112","-3","33763","1772954790007"
"1592","2026-03-08 04:26:40","22.73","60","941.66","3420","0","","","","-113","-4.300000190734863","33764","1772954800006"
"1593","2026-03-08 04:26:50","22.73","60","941.66","3400","0","","","","-112","-3.299999952316284","33765","1772954810009"
"1594","2026-03-08 04:27:00","22.73","60","941.6800000000001","3380","0","","","","-112","-2.299999952316284","33766","1772954819999"
"1595","2026-03-08 04:27:10","22.73","60","941.66","3400","0","","","","-112","-3.299999952316284","33767","1772954830007"
"1596","2026-03-08 04:27:20","22.73","60","941.6800000000001","3380","0","","","","-113","-4.300000190734863","33768","1772954840008"
"1597","2026-03-08 04:27:30","22.73","60","941.66","3380","0","","","","-112","-3.5","33769","1772954850022"
"1598","2026-03-08 04:27:40","22.73","60","941.6800000000001","3380","0","","","","-113","-4.5","33770","1772954860004"
"1599","2026-03-08 04:27:50","22.73","60","941.66","3380","0","","","","-112","-3","33771","1772954870011"
"1600","2026-03-08 04:28:00","22.73","60","941.6800000000001","3400","0","","","","-113","-4.300000190734863","33772","1772954880008"
"1601","2026-03-08 04:28:10","22.73","60","941.6800000000001","3380","0","","","","-112","-3.5","33773","1772954890007"
"1602","2026-03-08 04:28:20","22.73","60","941.6800000000001","3400","0","","","","-112","-3.299999952316284","33774","1772954900001"
"1603","2026-03-08 04:28:30","22.73","60","941.6800000000001","3380","0","","","","-113","-4","33775","1772954910011"
"1604","2026-03-08 04:28:40","22.73","60","941.66","3380","0","","","","-112","-3.5","33776","1772954920002"
"1605","2026-03-08 04:28:50","22.73","60","941.6800000000001","3400","0","","","","-112","-3","33777","1772954929999"
"1606","2026-03-08 04:29:00","22.73","60","941.7","3380","0","","","","-113","-4.800000190734863","33778","1772954940007"
"1607","2026-03-08 04:29:10","22.73","60","941.66","3400","0","","","","-113","-4.800000190734863","33779","1772954950003"
"1608","2026-03-08 04:29:20","22.73","60","941.7","3420","0","","","","-112","-4","33780","1772954959998"
"1609","2026-03-08 04:29:30","22.73","60","941.66","3420","0","","","","-112","-3.799999952316284","33781","1772954970002"
"1610","2026-03-08 04:29:40","22.72","60","941.6800000000001","3400","0","","","","-113","-5.300000190734863","33782","1772954980014"
"1611","2026-03-08 04:29:50","22.73","60","941.6800000000001","3400","0","","","","-113","-4.5","33783","1772954990012"
"1612","2026-03-08 04:30:00","22.72","60","941.66","3400","0","","","","-112","-2.5","33784","1772954999996"
"1613","2026-03-08 04:30:10","22.73","60","941.66","3420","0","","","","-113","-3.5","33785","1772955010009"
"1614","2026-03-08 04:30:20","22.72","60","941.7","3420","0","","","","-113","-4","33786","1772955019999"
"1615","2026-03-08 04:30:30","22.72","60","941.66","3420","0","","","","-112","-3.299999952316284","33787","1772955030010"
"1616","2026-03-08 04:30:40","22.72","60","941.6800000000001","3400","0","","","","-112","-3.5","33788","1772955040006"
"1617","2026-03-08 04:30:50","22.73","60","941.66","3400","0","","","","-112","-3.799999952316284","33789","1772955050006"
"1618","2026-03-08 04:31:00","22.72","60","941.66","3420","0","","","","-113","-4.800000190734863","33790","1772955060012"
"1619","2026-03-08 04:31:10","22.72","60","941.66","3400","0","","","","-112","-4.300000190734863","33791","1772955070015"
"1620","2026-03-08 04:31:20","22.73","60","941.6800000000001","3400","0","","","","-113","-4.300000190734863","33792","1772955080004"
"1621","2026-03-08 04:31:30","22.73","60","941.66","3420","0","","","","-113","-3.5","33793","1772955090003"
"1622","2026-03-08 04:31:40","22.72","60","941.7","3380","0","","","","-113","-4.300000190734863","33794","1772955100011"
"1623","2026-03-08 04:31:50","22.72","60","941.66","3420","0","","","","-112","-4.5","33795","1772955110005"
"1624","2026-03-08 04:32:00","22.73","60","941.66","3400","0","","","","-113","-4.800000190734863","33796","1772955120006"
"1625","2026-03-08 04:32:10","22.72","60","941.66","3380","0","","","","-112","-4","33797","1772955129996"
"1626","2026-03-08 04:32:20","22.73","60","941.6800000000001","3420","0","","","","-113","-6.5","33798","1772955139973"
"1627","2026-03-08 04:32:40","22.73","60","941.64","3420","0","","","","-113","-5.5","33800","1772955160002"
"1628","2026-03-08 04:32:50","22.73","60","941.64","3420","0","","","","-113","-5.5","33801","1772955170007"
"1629","2026-03-08 04:33:00","22.72","60","941.6","3420","0","","","","-112","-4.5","33802","1772955180010"
"1630","2026-03-08 04:33:10","22.72","60","941.6","3400","0","","","","-112","-3.5","33803","1772955190007"
"1631","2026-03-08 04:33:20","22.73","60","941.62","3420","0","","","","-112","-3","33804","1772955200008"
"1632","2026-03-08 04:33:30","22.72","60","941.62","3420","0","","","","-112","-3.5","33805","1772955210006"
"1633","2026-03-08 04:33:40","22.72","60","941.64","3420","0","","","","-112","-4.300000190734863","33806","1772955220011"
"1634","2026-03-08 04:33:50","22.73","60","941.62","3400","0","","","","-113","-3.799999952316284","33807","1772955230001"
"1635","2026-03-08 04:34:00","22.72","60","941.62","3420","0","","","","-112","-3.5","33808","1772955239999"
"1636","2026-03-08 04:34:10","22.73","60","941.6","3400","0","","","","-113","-4.5","33809","1772955250008"
"1637","2026-03-08 04:34:20","22.73","60","941.62","3400","0","","","","-113","-4.300000190734863","33810","1772955260007"
"1638","2026-03-08 04:34:30","22.72","60","941.62","3380","0","","","","-113","-4.5","33811","1772955270000"
"1639","2026-03-08 04:34:40","22.73","60","941.58","3400","0","","","","-113","-4.5","33812","1772955280004"
"1640","2026-03-08 04:34:50","22.72","60","941.6","3400","0","","","","-113","-4","33813","1772955289998"
"1641","2026-03-08 04:35:00","22.73","60","941.58","3400","0","","","","-112","-4","33814","1772955300010"
"1642","2026-03-08 04:35:10","22.73","60","941.58","3400","0","","","","-113","-5.800000190734863","33815","1772955310010"
"1643","2026-03-08 04:35:20","22.72","60","941.6","3380","0","","","","-113","-5","33816","1772955319999"
"1644","2026-03-08 04:35:30","22.73","60","941.5600000000001","3420","0","","","","-113","-5","33817","1772955329999"
"1645","2026-03-08 04:35:40","22.73","60","941.6","3380","0","","","","-113","-4.300000190734863","33818","1772955340008"
"1646","2026-03-08 04:35:50","22.73","60","941.58","3420","0","","","","-112","-4","33819","1772955350009"
"1647","2026-03-08 04:36:00","22.73","60","941.58","3380","0","","","","-113","-4.300000190734863","33820","1772955360006"
"1648","2026-03-08 04:36:10","22.73","60","941.62","3420","0","","","","-112","-3.5","33821","1772955370007"
"1649","2026-03-08 04:36:20","22.73","60","941.6","3420","0","","","","-113","-3.799999952316284","33822","1772955380001"
"1650","2026-03-08 04:36:30","22.72","60","941.5600000000001","3380","0","","","","-113","-3.299999952316284","33823","1772955390021"
"1651","2026-03-08 04:36:40","22.73","60","941.62","3420","0","","","","-113","-4","33824","1772955400004"
"1652","2026-03-08 04:36:50","22.72","60","941.6","3380","0","","","","-113","-3.5","33825","1772955409999"
"1653","2026-03-08 04:37:00","22.73","60","941.6","3420","0","","","","-113","-4","33826","1772955420013"
"1654","2026-03-08 04:37:10","22.73","60","941.6","3400","0","","","","-112","-3.299999952316284","33827","1772955430011"
"1655","2026-03-08 04:37:20","22.73","60","941.58","3400","0","","","","-112","-3.299999952316284","33828","1772955440005"
"1656","2026-03-08 04:37:30","22.73","60","941.62","3400","0","","","","-112","-3.799999952316284","33829","1772955449999"
"1657","2026-03-08 04:37:40","22.72","60","941.5600000000001","3400","0","","","","-113","-3.799999952316284","33830","1772955460000"
"1658","2026-03-08 04:37:50","22.72","60","941.6","3400","0","","","","-113","-4.300000190734863","33831","1772955470007"
"1659","2026-03-08 04:38:00","22.73","60","941.62","3400","0","","","","-112","-3.799999952316284","33832","1772955480007"
"1660","2026-03-08 04:38:10","22.73","60","941.6","3420","0","","","","-113","-4.300000190734863","33833","1772955489998"
"1661","2026-03-08 04:38:20","22.72","60","941.6","3420","0","","","","-112","-4","33834","1772955499996"
"1662","2026-03-08 04:38:30","22.72","60","941.6","3420","0","","","","-112","-4","33835","1772955509995"
"1663","2026-03-08 04:38:40","22.72","60","941.62","3380","0","","","","-113","-4.5","33836","1772955520002"
"1664","2026-03-08 04:38:50","22.72","60","941.62","3380","0","","","","-113","-4.300000190734863","33837","1772955530004"
"1665","2026-03-08 04:39:00","22.73","60","941.64","3380","0","","","","-112","-3.5","33838","1772955540009"
"1666","2026-03-08 04:39:10","22.73","60","941.66","3380","0","","","","-112","-4.300000190734863","33839","1772955550007"
"1667","2026-03-08 04:39:20","22.72","60","941.58","3420","0","","","","-113","-3.799999952316284","33840","1772955560004"
"1668","2026-03-08 04:39:30","22.72","60","941.64","3380","0","","","","-113","-4.800000190734863","33841","1772955570001"
"1669","2026-03-08 04:39:40","22.72","60","941.62","3400","0","","","","-113","-4","33842","1772955579972"
"1670","2026-03-08 04:39:50","22.72","60","941.64","3420","0","","","","-112","-4","33843","1772955590010"
"1671","2026-03-08 04:40:00","22.72","60","941.6","3420","0","","","","-112","-3.5","33844","1772955600008"
"1672","2026-03-08 04:40:10","22.72","60","941.6","3420","0","","","","-113","-3.799999952316284","33845","1772955609998"
"1673","2026-03-08 04:40:20","22.72","60","941.66","3420","0","","","","-113","-4","33846","1772955620005"
"1674","2026-03-08 04:40:30","22.73","60","941.64","3380","0","","","","-113","-4.300000190734863","33847","1772955629965"
"1675","2026-03-08 04:40:40","22.72","60","941.64","3420","0","","","","-113","-4","33848","1772955639997"
"1676","2026-03-08 04:40:50","22.72","60","941.64","3420","0","","","","-113","-4.300000190734863","33849","1772955650004"
"1677","2026-03-08 04:41:00","22.72","60","941.66","3420","0","","","","-113","-4","33850","1772955660002"
"1678","2026-03-08 04:41:10","22.72","60","941.64","3380","0","","","","-113","-3.299999952316284","33851","1772955670001"
"1679","2026-03-08 04:41:20","22.72","60","941.64","3420","0","","","","-113","-4.300000190734863","33852","1772955680008"
"1680","2026-03-08 04:41:30","22.72","60","941.64","3420","0","","","","-113","-4","33853","1772955690000"
"1681","2026-03-08 04:41:40","22.72","60","941.66","3400","0","","","","-113","-4.800000190734863","33854","1772955700005"
"1682","2026-03-08 04:41:50","22.72","60","941.64","3400","0","","","","-113","-4.800000190734863","33855","1772955709998"
"1683","2026-03-08 04:42:00","22.73","60","941.66","3420","0","","","","-112","-4","33856","1772955720000"
"1684","2026-03-08 04:42:10","22.72","60","941.64","3420","0","","","","-113","-4","33857","1772955729999"
"1685","2026-03-08 04:42:20","22.72","60","941.64","3420","0","","","","-112","-3.799999952316284","33858","1772955739998"
"1686","2026-03-08 04:42:30","22.72","60","941.62","3380","0","","","","-113","-4","33859","1772955749987"
"1687","2026-03-08 04:42:40","22.72","60","941.64","3420","0","","","","-113","-4.5","33860","1772955760010"
"1688","2026-03-08 04:42:50","22.72","60","941.66","3400","0","","","","-113","-4","33861","1772955769999"
"1689","2026-03-08 04:43:00","22.72","60","941.64","3420","0","","","","-114","-5.5","33862","1772955779997"
"1690","2026-03-08 04:43:10","22.72","60","941.66","3380","0","","","","-114","-5","33863","1772955789997"
"1691","2026-03-08 04:43:20","22.72","60","941.64","3420","0","","","","-114","-5.300000190734863","33864","1772955800007"
"1692","2026-03-08 04:43:30","22.72","60","941.6","3420","0","","","","-113","-5.300000190734863","33865","1772955809995"
"1693","2026-03-08 04:43:40","22.72","60","941.66","3420","0","","","","-113","-5","33866","1772955820000"
"1694","2026-03-08 04:43:50","22.72","60","941.62","3400","0","","","","-113","-5.300000190734863","33867","1772955830004"
"1695","2026-03-08 04:44:00","22.72","60","941.66","3380","0","","","","-113","-4","33868","1772955839964"
"1696","2026-03-08 04:44:10","22.72","60","941.66","3420","0","","","","-112","-3.799999952316284","33869","1772955850001"
"1697","2026-03-08 04:44:20","22.72","60","941.66","3380","0","","","","-113","-4.300000190734863","33870","1772955860010"
"1698","2026-03-08 04:44:30","22.72","60","941.66","3380","0","","","","-112","-4.300000190734863","33871","1772955869999"
"1699","2026-03-08 04:44:40","22.72","60","941.6","3400","0","","","","-112","-4.5","33872","1772955880002"
"1700","2026-03-08 04:44:50","22.72","60","941.62","3380","0","","","","-113","-4.300000190734863","33873","1772955889993"
"1701","2026-03-08 04:45:00","22.72","60","941.64","3420","0","","","","-113","-4.5","33874","1772955899997"
"1702","2026-03-08 04:45:10","22.72","60","941.62","3420","0","","","","-113","-4.5","33875","1772955910008"
"1703","2026-03-08 04:45:20","22.72","60","941.62","3420","0","","","","-113","-4.300000190734863","33876","1772955920005"
"1704","2026-03-08 04:45:30","22.71","60","941.62","3420","0","","","","-112","-4","33877","1772955929997"
"1705","2026-03-08 04:45:40","22.72","60","941.6","3420","0","","","","-113","-3.5","33878","1772955940000"
"1706","2026-03-08 04:45:50","22.72","60","941.58","3400","0","","","","-113","-4","33879","1772955950002"
"1707","2026-03-08 04:46:00","22.72","60","941.58","3380","0","","","","-113","-3.799999952316284","33880","1772955959998"
"1708","2026-03-08 04:46:10","22.71","60","941.6","3400","0","","","","-113","-3.299999952316284","33881","1772955969998"
"1709","2026-03-08 04:46:20","22.72","60","941.6","3400","0","","","","-112","-4.800000190734863","33882","1772955980011"
"1710","2026-03-08 04:46:30","22.71","60","941.58","3380","0","","","","-113","-4.800000190734863","33883","1772955990006"
"1711","2026-03-08 04:46:40","22.71","60","941.58","3400","0","","","","-113","-5.5","33884","1772956000008"
"1712","2026-03-08 04:46:50","22.71","60","941.5600000000001","3420","0","","","","-113","-5","33885","1772956010001"
"1713","2026-03-08 04:47:00","22.71","60","941.58","3400","0","","","","-113","-4.300000190734863","33886","1772956020009"
"1714","2026-03-08 04:47:10","22.71","60","941.54","3420","0","","","","-113","-4.300000190734863","33887","1772956029999"
"1715","2026-03-08 04:47:20","22.71","60","941.54","3380","0","","","","-113","-4.5","33888","1772956040010"
"1716","2026-03-08 04:47:30","22.71","60","941.5600000000001","3400","0","","","","-114","-4","33889","1772956050002"
"1717","2026-03-08 04:47:40","22.71","60","941.5600000000001","3400","0","","","","-113","-3","33890","1772956060000"
"1718","2026-03-08 04:47:50","22.71","60","941.5600000000001","3380","0","","","","-114","-3.5","33891","1772956069996"
"1719","2026-03-08 04:48:00","22.7","60","941.58","3380","0","","","","-113","-3.799999952316284","33892","1772956080002"
"1720","2026-03-08 04:48:10","22.7","60","941.54","3420","0","","","","-113","-4","33893","1772956090005"
"1721","2026-03-08 04:48:20","22.7","60","941.5600000000001","3420","0","","","","-113","-4.5","33894","1772956100004"
"1722","2026-03-08 04:48:30","22.7","60","941.5600000000001","3420","0","","","","-113","-4.300000190734863","33895","1772956109996"
"1723","2026-03-08 04:48:40","22.7","60","941.5600000000001","3400","0","","","","-112","-3.299999952316284","33896","1772956119996"
"1724","2026-03-08 04:48:50","22.7","60","941.54","3380","0","","","","-113","-4.5","33897","1772956129997"
"1725","2026-03-08 04:49:00","22.7","60","941.52","3420","0","","","","-113","-3","33898","1772956139998"
"1726","2026-03-08 04:49:10","22.7","60","941.5600000000001","3400","0","","","","-113","-3.799999952316284","33899","1772956150001"
"1727","2026-03-08 04:49:20","22.69","60","941.54","3380","0","","","","-112","-3.299999952316284","33900","1772956160001"
"1728","2026-03-08 04:49:30","22.69","60","941.58","3400","0","","","","-113","-3.799999952316284","33901","1772956170003"
"1729","2026-03-08 04:49:40","22.7","60","941.54","3380","0","","","","-112","-3","33902","1772956180001"
"1730","2026-03-08 04:49:50","22.7","60","941.58","3400","0","","","","-113","-4.300000190734863","33903","1772956190002"
"1731","2026-03-08 04:50:00","22.7","60","941.54","3380","0","","","","-113","-4.5","33904","1772956199988"
"1732","2026-03-08 04:50:10","22.7","60","941.58","3400","0","","","","-112","-3.5","33905","1772956209990"
"1733","2026-03-08 04:50:20","22.7","60","941.58","3380","0","","","","-114","-4.300000190734863","33906","1772956219995"
"1734","2026-03-08 04:50:30","22.7","60","941.62","3400","0","","","","-114","-4.800000190734863","33907","1772956229997"
"1735","2026-03-08 04:50:40","22.69","60","941.6","3400","0","","","","-114","-4.5","33908","1772956239993"
"1736","2026-03-08 04:50:50","22.69","60","941.58","3420","0","","","","-114","-4.300000190734863","33909","1772956250001"
"1737","2026-03-08 04:51:00","22.69","60","941.6","3420","0","","","","-114","-5","33910","1772956260003"
"1738","2026-03-08 04:51:10","22.69","60","941.6","3400","0","","","","-114","-5.300000190734863","33911","1772956269992"
"1739","2026-03-08 04:51:20","22.69","60","941.62","3380","0","","","","-114","-4.5","33912","1772956280000"
"1740","2026-03-08 04:51:30","22.69","60","941.62","3420","0","","","","-114","-5","33913","1772956289999"
"1741","2026-03-08 04:51:40","22.69","60","941.62","3400","0","","","","-113","-3.799999952316284","33914","1772956299997"
"1742","2026-03-08 04:51:50","22.69","60","941.66","3400","0","","","","-112","-4.5","33915","1772956310001"
"1743","2026-03-08 04:52:00","22.69","60","941.6","3380","0","","","","-113","-5.300000190734863","33916","1772956320004"
"1744","2026-03-08 04:52:10","22.69","60","941.66","3400","0","","","","-113","-3.799999952316284","33917","1772956330002"
"1745","2026-03-08 04:52:20","22.69","60","941.66","3400","0","","","","-114","-3.799999952316284","33918","1772956340004"
"1746","2026-03-08 04:52:30","22.69","60","941.66","3400","0","","","","-114","-4.800000190734863","33919","1772956350003"
"1747","2026-03-08 04:52:40","22.69","60","941.6800000000001","3380","0","","","","-114","-4.800000190734863","33920","1772956359999"
"1748","2026-03-08 04:52:50","22.69","60","941.66","3380","0","","","","-114","-4.800000190734863","33921","1772956370000"
"1749","2026-03-08 04:53:00","22.69","60","941.66","3380","0","","","","-113","-4.800000190734863","33922","1772956380018"
"1750","2026-03-08 04:53:10","22.69","60","941.66","3400","0","","","","-114","-4.5","33923","1772956389996"
"1751","2026-03-08 04:53:20","22.69","60","941.6800000000001","3380","0","","","","-114","-4.300000190734863","33924","1772956399994"
"1752","2026-03-08 04:53:30","22.69","60","941.6800000000001","3400","0","","","","-112","-4.800000190734863","33925","1772956409996"
"1753","2026-03-08 04:53:40","22.69","60","941.6800000000001","3380","0","","","","-113","-3.799999952316284","33926","1772956419998"
"1754","2026-03-08 04:53:50","22.69","60","941.7","3400","0","","","","-113","-5","33927","1772956429992"
"1755","2026-03-08 04:54:00","22.69","60","941.7","3400","0","","","","-113","-5.300000190734863","33928","1772956440005"
"1756","2026-03-08 04:54:10","22.69","60","941.72","3400","0","","","","-112","-4.300000190734863","33929","1772956449994"
"1757","2026-03-08 04:54:20","22.69","60","941.74","3420","0","","","","-113","-3.799999952316284","33930","1772956460000"
"1758","2026-03-08 04:54:30","22.69","60","941.74","3400","0","","","","-113","-5.300000190734863","33931","1772956469994"
"1759","2026-03-08 04:54:40","22.69","60","941.74","3400","0","","","","-113","-4","33932","1772956480011"
"1760","2026-03-08 04:54:50","22.69","60","941.76","3420","0","","","","-114","-4.5","33933","1772956489998"
"1761","2026-03-08 04:55:00","22.69","60","941.76","3400","0","","","","-114","-4.800000190734863","33934","1772956499999"
"1762","2026-03-08 04:55:10","22.69","60","941.76","3380","0","","","","-114","-4.5","33935","1772956510000"
"1763","2026-03-08 04:55:20","22.69","60","941.76","3400","0","","","","-114","-5.300000190734863","33936","1772956519998"
"1764","2026-03-08 04:55:30","22.68","60","941.76","3380","0","","","","-114","-5.300000190734863","33937","1772956530002"
"1765","2026-03-08 04:55:40","22.69","60","941.78","3400","0","","","","-114","-5.5","33938","1772956540003"
"1766","2026-03-08 04:55:50","22.69","60","941.76","3400","0","","","","-114","-4.800000190734863","33939","1772956549993"
"1767","2026-03-08 04:56:00","22.69","60","941.78","3380","0","","","","-114","-5","33940","1772956559996"
"1768","2026-03-08 04:56:10","22.68","60","941.78","3400","0","","","","-114","-5","33941","1772956570002"
"1769","2026-03-08 04:56:20","22.69","60","941.78","3380","0","","","","-114","-5.5","33942","1772956580015"
"1770","2026-03-08 04:56:30","22.69","60","941.78","3420","0","","","","-114","-5","33943","1772956590001"
"1771","2026-03-08 04:56:40","22.69","60","941.78","3400","0","","","","-114","-4.300000190734863","33944","1772956600000"
"1772","2026-03-08 04:56:50","22.69","60","941.8000000000001","3400","0","","","","-114","-4.5","33945","1772956610002"
"1773","2026-03-08 04:57:00","22.69","60","941.8000000000001","3380","0","","","","-114","-4.800000190734863","33946","1772956620004"
"1774","2026-03-08 04:57:10","22.69","60","941.82","3420","0","","","","-113","-4.5","33947","1772956629994"
"1775","2026-03-08 04:57:20","22.69","60","941.82","3380","0","","","","-113","-4.800000190734863","33948","1772956639998"
"1776","2026-03-08 04:57:30","22.69","60","941.82","3380","0","","","","-114","-4.5","33949","1772956649966"
"1777","2026-03-08 04:57:40","22.69","60","941.82","3380","0","","","","-114","-4.300000190734863","33950","1772956659995"
"1778","2026-03-08 04:57:50","22.69","60","941.8000000000001","3420","0","","","","-114","-4.800000190734863","33951","1772956669996"
"1779","2026-03-08 04:58:00","22.69","60","941.8000000000001","3380","0","","","","-114","-4.300000190734863","33952","1772956680010"
"1780","2026-03-08 04:58:10","22.69","60","941.78","3420","0","","","","-114","-3.799999952316284","33953","1772956689999"
"1781","2026-03-08 04:58:20","22.69","60","941.82","3380","0","","","","-114","-4.5","33954","1772956699996"
"1782","2026-03-08 04:58:30","22.69","60","941.8000000000001","3400","0","","","","-114","-4.800000190734863","33955","1772956710007"
"1783","2026-03-08 04:58:40","22.69","60","941.84","3380","0","","","","-114","-5","33956","1772956719998"
"1784","2026-03-08 04:58:50","22.69","60","941.82","3400","0","","","","-114","-5.300000190734863","33957","1772956730004"
"1785","2026-03-08 04:59:00","22.69","60","941.84","3380","0","","","","-114","-5","33958","1772956739997"
"1786","2026-03-08 04:59:10","22.69","60","941.84","3420","0","","","","-114","-4.300000190734863","33959","1772956749967"
"1787","2026-03-08 04:59:20","22.69","60","941.82","3380","0","","","","-114","-4.800000190734863","33960","1772956759995"
"1788","2026-03-08 04:59:30","22.69","60","941.86","3420","0","","","","-114","-4.5","33961","1772956769998"
"1789","2026-03-08 04:59:40","22.69","60","941.82","3380","0","","","","-114","-4.800000190734863","33962","1772956779996"
"1790","2026-03-08 04:59:50","22.69","60","941.84","3400","0","","","","-114","-4.5","33963","1772956789984"
"1791","2026-03-08 05:00:00","22.69","60","941.84","3400","0","","","","-114","-4.800000190734863","33964","1772956799989"
"1792","2026-03-08 05:00:10","22.69","60","941.86","3400","0","","","","-114","-4.300000190734863","33965","1772956810001"
"1793","2026-03-08 05:00:20","22.69","60","941.84","3380","0","","","","-113","-4.5","33966","1772956819992"
"1794","2026-03-08 05:00:30","22.69","60","941.84","3400","0","","","","-114","-5.300000190734863","33967","1772956830011"
"1795","2026-03-08 05:00:40","22.69","60","941.84","3400","0","","","","-113","-4.300000190734863","33968","1772956839996"
"1796","2026-03-08 05:00:50","22.69","60","941.86","3400","0","","","","-114","-4.800000190734863","33969","1772956850002"
"1797","2026-03-08 05:01:00","22.69","60","941.86","3400","0","","","","-114","-4.300000190734863","33970","1772956859995"
"1798","2026-03-08 05:01:10","22.69","60","941.86","3380","0","","","","-114","-5","33971","1772956869989"
"1799","2026-03-08 05:01:20","22.69","60","941.88","3400","0","","","","-113","-4.300000190734863","33972","1772956880001"
"1800","2026-03-08 05:01:30","22.68","60","941.82","3400","0","","","","-114","-5.300000190734863","33973","1772956889994"
"1801","2026-03-08 05:01:40","22.69","60","941.88","3380","0","","","","-114","-4.800000190734863","33974","1772956899992"
"1802","2026-03-08 05:01:50","22.68","60","941.86","3400","0","","","","-114","-4.5","33975","1772956909993"
"1803","2026-03-08 05:02:00","22.69","60","941.86","3420","0","","","","-114","-4.5","33976","1772956919996"
"1804","2026-03-08 05:02:10","22.69","60","941.82","3420","0","","","","-114","-4.300000190734863","33977","1772956930014"
"1805","2026-03-08 05:02:20","22.69","60","941.86","3420","0","","","","-114","-4.300000190734863","33978","1772956939996"
"1806","2026-03-08 05:02:30","22.68","60","941.86","3380","0","","","","-114","-4.5","33979","1772956949992"
"1807","2026-03-08 05:02:40","22.69","60","941.88","3400","0","","","","-113","-4.300000190734863","33980","1772956960004"
"1808","2026-03-08 05:02:50","22.69","60","941.88","3400","0","","","","-113","-4.300000190734863","33981","1772956969988"
"1809","2026-03-08 05:03:00","22.69","60","941.86","3400","0","","","","-113","-4","33982","1772956979991"
"1810","2026-03-08 05:03:10","22.69","60","941.86","3400","0","","","","-114","-4.300000190734863","33983","1772956989991"
"1811","2026-03-08 05:03:20","22.69","60","941.9200000000001","3400","0","","","","-114","-4","33984","1772957000002"
"1812","2026-03-08 05:03:30","22.69","60","941.9","3380","0","","","","-114","-4.300000190734863","33985","1772957009992"
"1813","2026-03-08 05:03:40","22.69","60","941.9200000000001","3420","0","","","","-114","-5","33986","1772957019998"
"1814","2026-03-08 05:03:50","22.69","60","941.9200000000001","3420","0","","","","-113","-3.799999952316284","33987","1772957029996"
"1815","2026-03-08 05:04:00","22.69","60","941.9200000000001","3400","0","","","","-114","-4.300000190734863","33988","1772957039992"
"1816","2026-03-08 05:04:10","22.69","60","941.9200000000001","3400","0","","","","-114","-4","33989","1772957049968"
"1817","2026-03-08 05:04:20","22.69","60","941.96","3400","0","","","","-114","-4.300000190734863","33990","1772957060001"
"1818","2026-03-08 05:04:30","22.69","60","941.9200000000001","3400","0","","","","-114","-4.800000190734863","33991","1772957070027"
"1819","2026-03-08 05:04:40","22.69","60","941.94","3420","0","","","","-114","-4","33992","1772957079996"
"1820","2026-03-08 05:04:50","22.69","60","941.94","3400","0","","","","-114","-4.5","33993","1772957090005"
"1821","2026-03-08 05:05:00","22.69","60","941.96","3380","0","","","","-114","-4.5","33994","1772957099999"
"1822","2026-03-08 05:05:10","22.69","60","941.96","3380","0","","","","-114","-4.5","33995","1772957110000"
"1823","2026-03-08 05:05:20","22.69","60","941.98","3420","0","","","","-114","-4.800000190734863","33996","1772957119993"
"1824","2026-03-08 05:05:30","22.69","60","941.96","3420","0","","","","-114","-4.800000190734863","33997","1772957130000"
"1825","2026-03-08 05:05:40","22.69","60","941.96","3420","0","","","","-114","-4.800000190734863","33998","1772957139993"
"1826","2026-03-08 05:05:50","22.69","60","941.98","3380","0","","","","-114","-3.799999952316284","33999","1772957150003"
"1827","2026-03-08 05:06:00","22.69","60","941.96","3380","0","","","","-114","-4.800000190734863","34000","1772957160005"
"1828","2026-03-08 05:06:10","22.69","60","941.98","3380","0","","","","-114","-4.800000190734863","34001","1772957169958"
"1829","2026-03-08 05:06:20","22.69","60","941.98","3420","0","","","","-113","-4.5","34002","1772957180001"
"1830","2026-03-08 05:06:30","22.68","60","942.02","3420","0","","","","-113","-4.300000190734863","34003","1772957189996"
"1831","2026-03-08 05:06:40","22.69","60","942.02","3420","0","","","","-112","-4","34004","1772957199994"
"1832","2026-03-08 05:06:50","22.68","60","941.98","3400","0","","","","-114","-4.300000190734863","34005","1772957209990"
"1833","2026-03-08 05:07:00","22.69","60","942","3380","0","","","","-114","-4","34006","1772957220005"
"1834","2026-03-08 05:07:10","22.69","60","941.98","3400","0","","","","-113","-4.800000190734863","34007","1772957229994"
"1835","2026-03-08 05:07:20","22.69","60","942","3380","0","","","","-114","-4.800000190734863","34008","1772957240001"
"1836","2026-03-08 05:07:30","22.69","60","941.98","3420","0","","","","-114","-4.800000190734863","34009","1772957249993"
"1837","2026-03-08 05:07:40","22.69","60","942","3420","0","","","","-114","-5","34010","1772957259996"
"1838","2026-03-08 05:07:50","22.68","60","942","3420","0","","","","-114","-5.5","34011","1772957269995"
"1839","2026-03-08 05:08:00","22.68","60","942.02","3400","0","","","","-114","-4.300000190734863","34012","1772957279991"
"1840","2026-03-08 05:08:10","22.69","60","942.04","3420","0","","","","-114","-4.5","34013","1772957289992"
"1841","2026-03-08 05:08:20","22.69","60","941.98","3380","0","","","","-114","-4.800000190734863","34014","1772957300003"
"1842","2026-03-08 05:08:30","22.69","60","942.04","3380","0","","","","-114","-4.5","34015","1772957309991"
"1843","2026-03-08 05:08:40","22.69","60","942.02","3400","0","","","","-114","-4.5","34016","1772957319984"
"1844","2026-03-08 05:08:50","22.69","60","942.02","3380","0","","","","-114","-4.800000190734863","34017","1772957329999"
"1845","2026-03-08 05:09:00","22.69","60","942.02","3420","0","","","","-114","-3.799999952316284","34018","1772957339996"
"1846","2026-03-08 05:09:10","22.69","60","942.02","3380","0","","","","-114","-3.5","34019","1772957349999"
"1847","2026-03-08 05:09:20","22.68","60","942","3380","0","","","","-114","-4","34020","1772957359997"
"1848","2026-03-08 05:09:30","22.68","60","942","3400","0","","","","-113","-4.5","34021","1772957369999"
"1849","2026-03-08 05:09:40","22.69","60","942.04","3400","0","","","","-113","-4.300000190734863","34022","1772957380003"
"1850","2026-03-08 05:09:50","22.68","60","942.08","3420","0","","","","-113","-4.300000190734863","34023","1772957389999"
"1851","2026-03-08 05:10:00","22.68","60","942.04","3380","0","","","","-113","-4","34024","1772957399999"
"1852","2026-03-08 05:10:10","22.68","60","942.02","3400","0","","","","-113","-4","34025","1772957409999"
"1853","2026-03-08 05:10:20","22.69","60","942.04","3420","0","","","","-113","-4.800000190734863","34026","1772957419999"
"1854","2026-03-08 05:10:30","22.68","60","942.02","3420","0","","","","-114","-5","34027","1772957429998"
"1855","2026-03-08 05:10:40","22.68","60","942.02","3420","0","","","","-114","-4.300000190734863","34028","1772957439996"
"1856","2026-03-08 05:10:50","22.68","60","942.02","3400","0","","","","-113","-3.5","34029","1772957450000"
"1857","2026-03-08 05:11:00","22.68","60","942.02","3400","0","","","","-113","-3.799999952316284","34030","1772957460003"
"1858","2026-03-08 05:11:10","22.68","60","942.0600000000001","3380","0","","","","-114","-4.800000190734863","34031","1772957469988"
"1859","2026-03-08 05:11:20","22.68","60","942.08","3380","0","","","","-114","-4.300000190734863","34032","1772957479999"
"1860","2026-03-08 05:11:30","22.68","60","942.08","3380","0","","","","-114","-4.5","34033","1772957490002"
"1861","2026-03-08 05:11:40","22.68","60","942.08","3400","0","","","","-114","-4.5","34034","1772957499998"
"1862","2026-03-08 05:11:50","22.68","60","942.0600000000001","3380","0","","","","-114","-4","34035","1772957509995"
"1863","2026-03-08 05:12:00","22.68","60","942.08","3380","0","","","","-114","-4.5","34036","1772957519995"
"1864","2026-03-08 05:12:10","22.68","60","942.1","3420","0","","","","-114","-4.800000190734863","34037","1772957530012"
"1865","2026-03-08 05:12:20","22.68","60","942.12","3380","0","","","","-114","-4.5","34038","1772957539992"
"1866","2026-03-08 05:12:30","22.68","60","942.08","3400","0","","","","-114","-4.5","34039","1772957549964"
"1867","2026-03-08 05:12:40","22.68","60","942.1","3380","0","","","","-114","-4.300000190734863","34040","1772957560000"
"1868","2026-03-08 05:12:50","22.68","60","942.08","3400","0","","","","-114","-4","34041","1772957569971"
"1869","2026-03-08 05:13:00","22.68","60","942.08","3400","0","","","","-114","-4.800000190734863","34042","1772957579994"
"1870","2026-03-08 05:13:10","22.68","60","942.12","3420","0","","","","-114","-4.300000190734863","34043","1772957589995"
"1871","2026-03-08 05:13:20","22.68","60","942.1","3400","0","","","","-114","-4","34044","1772957599993"
"1872","2026-03-08 05:13:30","22.68","60","942.12","3400","0","","","","-114","-4.300000190734863","34045","1772957609993"
"1873","2026-03-08 05:13:40","22.69","60","942.12","3420","0","","","","-114","-4.800000190734863","34046","1772957620001"
"1874","2026-03-08 05:13:50","22.68","60","942.0600000000001","3420","0","","","","-114","-5.300000190734863","34047","1772957629990"
"1875","2026-03-08 05:14:00","22.68","60","942.08","3400","0","","","","-114","-4.800000190734863","34048","1772957639984"
"1876","2026-03-08 05:14:10","22.68","60","942.08","3400","0","","","","-114","-4.800000190734863","34049","1772957649999"
"1877","2026-03-08 05:14:20","22.68","60","942.0600000000001","3400","0","","","","-114","-4","34050","1772957659995"
"1878","2026-03-08 05:14:30","22.68","60","942.08","3380","0","","","","-113","-4.800000190734863","34051","1772957669991"
"1879","2026-03-08 05:14:40","22.68","60","942.08","3400","0","","","","-113","-5.5","34052","1772957680000"
"1880","2026-03-08 05:14:50","22.68","60","942.1","3380","0","","","","-113","-5","34053","1772957689997"
"1881","2026-03-08 05:15:00","22.68","60","942.08","3380","0","","","","-114","-5","34054","1772957699994"
"1882","2026-03-08 05:15:10","22.67","60","942.08","3400","0","","","","-114","-4.800000190734863","34055","1772957709999"
"1883","2026-03-08 05:15:20","22.68","60","942.08","3380","0","","","","-114","-4.800000190734863","34056","1772957719989"
"1884","2026-03-08 05:15:30","22.68","60","942.1","3380","0","","","","-114","-4.800000190734863","34057","1772957729996"
"1885","2026-03-08 05:15:40","22.68","60","942.08","3380","0","","","","-114","-5","34058","1772957740000"
"1886","2026-03-08 05:15:50","22.68","60","942.1","3420","0","","","","-114","-5.300000190734863","34059","1772957749986"
"1887","2026-03-08 05:16:00","22.68","60","942.0600000000001","3400","0","","","","-114","-4.800000190734863","34060","1772957759989"
"1888","2026-03-08 05:16:10","22.68","60","942.0600000000001","3420","0","","","","-114","-4.300000190734863","34061","1772957769992"
"1889","2026-03-08 05:16:20","22.68","60","942.08","3400","0","","","","-113","-4.5","34062","1772957780013"
"1890","2026-03-08 05:16:30","22.68","60","942.1","3400","0","","","","-113","-5","34063","1772957789999"
"1891","2026-03-08 05:16:40","22.68","60","942.1","3420","0","","","","-113","-4.800000190734863","34064","1772957799992"
"1892","2026-03-08 05:16:50","22.68","60","942.1","3400","0","","","","-114","-4.5","34065","1772957809987"
"1893","2026-03-08 05:17:00","22.68","60","942.08","3400","0","","","","-114","-5.300000190734863","34066","1772957819995"
"1894","2026-03-08 05:17:10","22.68","60","942.12","3400","0","","","","-114","-5","34067","1772957830004"
"1895","2026-03-08 05:17:20","22.68","60","942.1","3400","0","","","","-114","-5","34068","1772957839993"
"1896","2026-03-08 05:17:30","22.68","60","942.12","3420","0","","","","-114","-4.300000190734863","34069","1772957850001"
"1897","2026-03-08 05:17:40","22.68","60","942.12","3400","0","","","","-114","-4.800000190734863","34070","1772957860001"
"1898","2026-03-08 05:17:50","22.68","60","942.14","3380","0","","","","-114","-4.800000190734863","34071","1772957870000"
"1899","2026-03-08 05:18:00","22.68","60","942.14","3420","0","","","","-113","-4","34072","1772957879991"
"1900","2026-03-08 05:18:10","22.68","60","942.14","3380","0","","","","-113","-5","34073","1772957889991"
"1901","2026-03-08 05:18:20","22.68","60","942.16","3400","0","","","","-113","-4.5","34074","1772957899998"
"1902","2026-03-08 05:18:30","22.68","60","942.14","3400","0","","","","-113","-4.300000190734863","34075","1772957909994"
"1903","2026-03-08 05:18:40","22.68","60","942.14","3380","0","","","","-114","-4.800000190734863","34076","1772957919992"
"1904","2026-03-08 05:18:50","22.68","60","942.1800000000001","3380","0","","","","-114","-4.800000190734863","34077","1772957929999"
"1905","2026-03-08 05:19:00","22.68","60","942.1800000000001","3400","0","","","","-114","-4.800000190734863","34078","1772957939998"
"1906","2026-03-08 05:19:10","22.68","60","942.1800000000001","3400","0","","","","-114","-4.5","34079","1772957950000"
"1907","2026-03-08 05:19:20","22.68","60","942.16","3400","0","","","","-114","-4.5","34080","1772957960007"
"1908","2026-03-08 05:19:30","22.68","60","942.1800000000001","3420","0","","","","-114","-4.300000190734863","34081","1772957970035"
"1909","2026-03-08 05:19:40","22.68","60","942.22","3400","0","","","","-114","-4.800000190734863","34082","1772957979994"
"1910","2026-03-08 05:19:50","22.68","60","942.22","3420","0","","","","-114","-5.300000190734863","34083","1772957989982"
"1911","2026-03-08 05:20:00","22.68","60","942.2","3380","0","","","","-114","-4.5","34084","1772957999990"
"1912","2026-03-08 05:20:10","22.68","60","942.24","3380","0","","","","-114","-5","34085","1772958009995"
"1913","2026-03-08 05:20:20","22.67","60","942.2","3400","0","","","","-114","-4.800000190734863","34086","1772958019988"
"1914","2026-03-08 05:20:30","22.67","60","942.22","3420","0","","","","-113","-4.5","34087","1772958029978"
"1915","2026-03-08 05:20:40","22.67","60","942.24","3400","0","","","","-114","-4.5","34088","1772958039995"
"1916","2026-03-08 05:20:50","22.68","60","942.22","3400","0","","","","-114","-4.5","34089","1772958049957"
"1917","2026-03-08 05:21:00","22.68","60","942.24","3380","0","","","","-113","-4","34090","1772958060022"
"1918","2026-03-08 05:21:10","22.68","60","942.24","3420","0","","","","-113","-5","34091","1772958069999"
"1919","2026-03-08 05:21:20","22.68","60","942.24","3380","0","","","","-113","-4.5","34092","1772958079992"
"1920","2026-03-08 05:21:30","22.68","60","942.26","3400","0","","","","-114","-4.5","34093","1772958090000"
"1921","2026-03-08 05:21:40","22.68","60","942.22","3400","0","","","","-114","-5","34094","1772958099997"
"1922","2026-03-08 05:21:50","22.68","60","942.28","3380","0","","","","-113","-5","34095","1772958109999"
"1923","2026-03-08 05:22:00","22.67","60","942.24","3380","0","","","","-113","-4.300000190734863","34096","1772958119994"
"1924","2026-03-08 05:22:10","22.68","60","942.26","3400","0","","","","-113","-4","34097","1772958129999"
"1925","2026-03-08 05:22:20","22.68","60","942.26","3380","0","","","","-114","-4","34098","1772958139962"
"1926","2026-03-08 05:22:30","22.68","60","942.28","3420","0","","","","-114","-4.800000190734863","34099","1772958149994"
"1927","2026-03-08 05:22:40","22.68","60","942.26","3400","0","","","","-114","-5","34100","1772958159995"
"1928","2026-03-08 05:22:50","22.68","60","942.28","3420","0","","","","-114","-4.300000190734863","34101","1772958169990"
"1929","2026-03-08 05:23:00","22.68","60","942.26","3380","0","","","","-114","-5","34102","1772958180002"
"1930","2026-03-08 05:23:10","22.68","60","942.28","3420","0","","","","-114","-5","34103","1772958189990"
"1931","2026-03-08 05:23:20","22.68","60","942.26","3420","0","","","","-114","-5","34104","1772958199989"
"1932","2026-03-08 05:23:30","22.68","60","942.32","3400","0","","","","-114","-4.300000190734863","34105","1772958209951"
"1933","2026-03-08 05:23:40","22.68","60","942.3000000000001","3400","0","","","","-114","-4","34106","1772958219988"
"1934","2026-03-08 05:23:50","22.68","60","942.26","3380","0","","","","-114","-4","34107","1772958230005"
"1935","2026-03-08 05:24:00","22.68","60","942.28","3400","0","","","","-114","-4.300000190734863","34108","1772958239994"
"1936","2026-03-08 05:24:10","22.68","60","942.28","3380","0","","","","-114","-4.5","34109","1772958249995"
"1937","2026-03-08 05:24:20","22.68","60","942.26","3400","0","","","","-114","-4.300000190734863","34110","1772958259984"
"1938","2026-03-08 05:24:30","22.68","60","942.24","3380","0","","","","-114","-4.300000190734863","34111","1772958269986"
"1939","2026-03-08 05:24:40","22.68","60","942.28","3420","0","","","","-114","-4.800000190734863","34112","1772958279986"
"1940","2026-03-08 05:24:50","22.68","60","942.26","3400","0","","","","-114","-4.5","34113","1772958289987"
"1941","2026-03-08 05:25:00","22.68","60","942.28","3400","0","","","","-114","-4.800000190734863","34114","1772958299988"
"1942","2026-03-08 05:25:10","22.68","60","942.28","3420","0","","","","-114","-4.5","34115","1772958309988"
"1943","2026-03-08 05:25:20","22.68","60","942.28","3420","0","","","","-114","-4.800000190734863","34116","1772958319985"
"1944","2026-03-08 05:25:30","22.67","60","942.28","3400","0","","","","-114","-4.800000190734863","34117","1772958329991"
"1945","2026-03-08 05:25:40","22.68","60","942.28","3380","0","","","","-114","-4.300000190734863","34118","1772958339991"
"1946","2026-03-08 05:25:50","22.68","60","942.28","3400","0","","","","-114","-4.5","34119","1772958349992"
"1947","2026-03-08 05:26:00","22.68","60","942.28","3420","0","","","","-114","-4.5","34120","1772958359979"
"1948","2026-03-08 05:26:10","22.68","60","942.3000000000001","3380","0","","","","-114","-4.5","34121","1772958369997"
"1949","2026-03-08 05:26:20","22.68","60","942.28","3420","0","","","","-114","-4.300000190734863","34122","1772958379992"
"1950","2026-03-08 05:26:30","22.68","60","942.3000000000001","3380","0","","","","-114","-4.5","34123","1772958389994"
"1951","2026-03-08 05:26:40","22.68","60","942.3000000000001","3400","0","","","","-114","-4","34124","1772958399999"
"1952","2026-03-08 05:26:50","22.68","60","942.28","3400","0","","","","-114","-4.5","34125","1772958409987"
"1953","2026-03-08 05:27:00","22.67","60","942.3000000000001","3420","0","","","","-114","-4.5","34126","1772958420033"
"1954","2026-03-08 05:27:10","22.68","60","942.28","3400","0","","","","-114","-4.800000190734863","34127","1772958429953"
"1955","2026-03-08 05:27:20","22.67","60","942.26","3400","0","","","","-114","-4.800000190734863","34128","1772958439998"
"1956","2026-03-08 05:27:30","22.67","60","942.26","3420","0","","","","-114","-4.5","34129","1772958449994"
"1957","2026-03-08 05:27:40","22.68","60","942.28","3420","0","","","","-114","-4","34130","1772958459992"
"1958","2026-03-08 05:27:50","22.67","60","942.26","3400","0","","","","-114","-4.800000190734863","34131","1772958469988"
"1959","2026-03-08 05:28:00","22.67","60","942.26","3400","0","","","","-114","-4.5","34132","1772958479986"
"1960","2026-03-08 05:28:10","22.67","60","942.3000000000001","3400","0","","","","-114","-4.800000190734863","34133","1772958489995"
"1961","2026-03-08 05:28:20","22.68","60","942.34","3380","0","","","","-114","-4.5","34134","1772958499995"
"1962","2026-03-08 05:28:30","22.67","60","942.3000000000001","3420","0","","","","-114","-4.5","34135","1772958509996"
"1963","2026-03-08 05:28:40","22.67","60","942.32","3380","0","","","","-114","-4.800000190734863","34136","1772958519987"
"1964","2026-03-08 05:28:50","22.67","60","942.3000000000001","3400","0","","","","-114","-4.300000190734863","34137","1772958529989"
"1965","2026-03-08 05:29:00","22.68","60","942.32","3380","0","","","","-114","-4.800000190734863","34138","1772958539992"
"1966","2026-03-08 05:29:10","22.67","60","942.3000000000001","3400","0","","","","-114","-5","34139","1772958549989"
"1967","2026-03-08 05:29:20","22.67","60","942.32","3400","0","","","","-114","-5","34140","1772958559992"
"1968","2026-03-08 05:29:30","22.67","60","942.32","3420","0","","","","-114","-4.5","34141","1772958569994"
"1969","2026-03-08 05:29:40","22.67","60","942.3000000000001","3400","0","","","","-114","-4.300000190734863","34142","1772958579983"
"1970","2026-03-08 05:29:50","22.67","60","942.32","3400","0","","","","-114","-5","34143","1772958589992"
"1971","2026-03-08 05:30:00","22.67","60","942.3000000000001","3400","0","","","","-114","-4.800000190734863","34144","1772958599990"
"1972","2026-03-08 05:30:10","22.67","60","942.34","3400","0","","","","-114","-5","34145","1772958609987"
"1973","2026-03-08 05:30:20","22.67","60","942.3000000000001","3400","0","","","","-114","-4.5","34146","1772958619999"
"1974","2026-03-08 05:30:30","22.67","60","942.3000000000001","3380","0","","","","-114","-4.5","34147","1772958629987"
"1975","2026-03-08 05:30:40","22.67","60","942.32","3380","0","","","","-114","-4.300000190734863","34148","1772958639990"
"1976","2026-03-08 05:30:50","22.66","60","942.32","3380","0","","","","-114","-4","34149","1772958649996"
"1977","2026-03-08 05:30:59","22.67","60","942.34","3400","0","","","","-114","-4.300000190734863","34150","1772958659947"
"1978","2026-03-08 05:31:10","22.67","60","942.34","3400","0","","","","-114","-4.300000190734863","34151","1772958669991"
"1979","2026-03-08 05:31:20","22.66","60","942.36","3420","0","","","","-114","-4.300000190734863","34152","1772958679989"
"1980","2026-03-08 05:31:30","22.67","60","942.34","3400","0","","","","-114","-4.300000190734863","34153","1772958689988"
"1981","2026-03-08 05:31:40","22.66","60","942.34","3400","0","","","","-114","-4.800000190734863","34154","1772958699987"
"1982","2026-03-08 05:31:50","22.66","60","942.36","3420","0","","","","-114","-4.800000190734863","34155","1772958709991"
"1983","2026-03-08 05:32:00","22.66","60","942.36","3400","0","","","","-114","-4.800000190734863","34156","1772958719984"
"1984","2026-03-08 05:32:10","22.67","60","942.38","3400","0","","","","-114","-4.5","34157","1772958729985"
"1985","2026-03-08 05:32:20","22.67","60","942.4","3420","0","","","","-114","-4.5","34158","1772958739995"
"1986","2026-03-08 05:32:30","22.66","60","942.36","3400","0","","","","-114","-3.799999952316284","34159","1772958749991"
"1987","2026-03-08 05:32:40","22.66","60","942.36","3380","0","","","","-114","-4.800000190734863","34160","1772958759989"
"1988","2026-03-08 05:33:00","22.66","60","942.38","3400","0","","","","-114","-4.5","34162","1772958779992"
"1989","2026-03-08 05:33:10","22.66","60","942.4","3440","0","","","","-114","-4.800000190734863","34163","1772958789993"
"1990","2026-03-08 05:33:20","22.66","60","942.4","3420","0","","","","-114","-4.5","34164","1772958799991"
"1991","2026-03-08 05:33:30","22.67","60","942.44","3400","0","","","","-114","-5","34165","1772958809990"
"1992","2026-03-08 05:33:40","22.66","60","942.4200000000001","3380","0","","","","-114","-5","34166","1772958819990"
"1993","2026-03-08 05:33:50","22.66","60","942.4200000000001","3380","0","","","","-114","-4.300000190734863","34167","1772958829989"
"1994","2026-03-08 05:34:00","22.66","60","942.4200000000001","3400","0","","","","-114","-4.300000190734863","34168","1772958839989"
"1995","2026-03-08 05:34:10","22.66","60","942.44","3380","0","","","","-114","-5","34169","1772958849994"
"1996","2026-03-08 05:34:20","22.66","60","942.44","3400","0","","","","-114","-5.300000190734863","34170","1772958859993"
"1997","2026-03-08 05:34:30","22.66","60","942.44","3420","0","","","","-114","-4.800000190734863","34171","1772958869987"
"1998","2026-03-08 05:34:40","22.66","60","942.48","3380","0","","","","-114","-5","34172","1772958880013"
"1999","2026-03-08 05:34:50","22.66","60","942.46","3420","0","","","","-114","-4","34173","1772958889992"
"2000","2026-03-08 05:35:00","22.66","60","942.48","3420","0","","","","-114","-4.800000190734863","34174","1772958899983"
"2001","2026-03-08 05:35:10","22.66","60","942.48","3400","0","","","","-114","-4.5","34175","1772958910012"
"2002","2026-03-08 05:35:20","22.66","60","942.46","3400","0","","","","-114","-5","34176","1772958919987"
"2003","2026-03-08 05:35:30","22.66","60","942.48","3420","0","","","","-114","-4.300000190734863","34177","1772958929997"
"2004","2026-03-08 05:35:40","22.66","60","942.46","3380","0","","","","-114","-4.5","34178","1772958939993"
"2005","2026-03-08 05:35:50","22.65","60","942.48","3380","0","","","","-114","-4.800000190734863","34179","1772958949992"
"2006","2026-03-08 05:36:00","22.66","60","942.48","3400","0","","","","-114","-5.300000190734863","34180","1772958959983"
"2007","2026-03-08 05:36:10","22.66","60","942.46","3380","0","","","","-114","-4.5","34181","1772958969962"
"2008","2026-03-08 05:36:20","22.66","60","942.48","3400","0","","","","-114","-4.5","34182","1772958979987"
"2009","2026-03-08 05:36:30","22.66","60","942.48","3420","0","","","","-114","-5","34183","1772958989960"
"2010","2026-03-08 05:36:40","22.65","60","942.5","3420","0","","","","-114","-5","34184","1772958999984"
"2011","2026-03-08 05:36:50","22.66","60","942.48","3420","0","","","","-114","-4.5","34185","1772959009990"
"2012","2026-03-08 05:37:00","22.66","60","942.5","3380","0","","","","-114","-4.800000190734863","34186","1772959019986"
"2013","2026-03-08 05:37:10","22.66","60","942.48","3420","0","","","","-114","-4.5","34187","1772959029957"
"2014","2026-03-08 05:37:20","22.66","60","942.5","3380","0","","","","-114","-5.300000190734863","34188","1772959039995"
"2015","2026-03-08 05:37:30","22.66","60","942.48","3380","0","","","","-114","-4.300000190734863","34189","1772959049994"
"2016","2026-03-08 05:37:40","22.65","60","942.48","3380","0","","","","-114","-4.300000190734863","34190","1772959059998"
"2017","2026-03-08 05:37:50","22.65","60","942.5","3400","0","","","","-114","-4.800000190734863","34191","1772959069987"
"2018","2026-03-08 05:38:00","22.66","60","942.48","3380","0","","","","-114","-5","34192","1772959079992"
"2019","2026-03-08 05:38:10","22.66","60","942.48","3420","0","","","","-114","-4.800000190734863","34193","1772959089979"
"2020","2026-03-08 05:38:20","22.66","60","942.46","3420","0","","","","-114","-4.800000190734863","34194","1772959099995"
"2021","2026-03-08 05:38:30","22.66","60","942.48","3400","0","","","","-114","-5","34195","1772959109997"
"2022","2026-03-08 05:38:40","22.65","60","942.5","3380","0","","","","-114","-4.800000190734863","34196","1772959119990"
"2023","2026-03-08 05:38:50","22.65","60","942.48","3400","0","","","","-114","-4.800000190734863","34197","1772959129995"
"2024","2026-03-08 05:39:00","22.65","60","942.46","3380","0","","","","-114","-5","34198","1772959139993"
"2025","2026-03-08 05:39:10","22.66","60","942.48","3380","0","","","","-114","-4","34199","1772959149986"
"2026","2026-03-08 05:39:20","22.65","60","942.48","3400","0","","","","-114","-4.5","34200","1772959159987"
"2027","2026-03-08 05:39:30","22.66","60","942.46","3400","0","","","","-114","-5.5","34201","1772959169984"
"2028","2026-03-08 05:39:40","22.66","60","942.46","3400","0","","","","-114","-5","34202","1772959179989"
"2029","2026-03-08 05:39:50","22.66","60","942.46","3380","0","","","","-114","-4.800000190734863","34203","1772959189995"
"2030","2026-03-08 05:40:00","22.65","60","942.46","3400","0","","","","-114","-5","34204","1772959199985"
"2031","2026-03-08 05:40:10","22.65","60","942.48","3420","0","","","","-114","-4.800000190734863","34205","1772959209977"
"2032","2026-03-08 05:40:20","22.65","60","942.48","3400","0","","","","-114","-4.800000190734863","34206","1772959219983"
"2033","2026-03-08 05:40:30","22.65","60","942.5","3380","0","","","","-114","-4.5","34207","1772959229994"
"2034","2026-03-08 05:40:40","22.66","60","942.48","3380","0","","","","-114","-5","34208","1772959239986"
"2035","2026-03-08 05:40:50","22.65","60","942.5","3420","0","","","","-114","-4.300000190734863","34209","1772959249981"
"2036","2026-03-08 05:41:00","22.65","60","942.48","3380","0","","","","-114","-5.300000190734863","34210","1772959259953"
"2037","2026-03-08 05:41:10","22.65","60","942.52","3420","0","","","","-114","-4.800000190734863","34211","1772959269977"
"2038","2026-03-08 05:41:20","22.65","60","942.5","3380","0","","","","-114","-5","34212","1772959279989"
"2039","2026-03-08 05:41:30","22.65","60","942.48","3420","0","","","","-114","-5","34213","1772959289994"
"2040","2026-03-08 05:41:40","22.65","60","942.46","3380","0","","","","-114","-4.800000190734863","34214","1772959299994"
"2041","2026-03-08 05:41:50","22.66","60","942.5","3400","0","","","","-114","-4.5","34215","1772959309996"
"2042","2026-03-08 05:42:00","22.65","60","942.5","3400","0","","","","-113","-4.800000190734863","34216","1772959319995"
"2043","2026-03-08 05:42:10","22.66","60","942.48","3400","0","","","","-114","-4.800000190734863","34217","1772959329983"
"2044","2026-03-08 05:42:20","22.65","60","942.48","3380","0","","","","-114","-5","34218","1772959339990"
"2045","2026-03-08 05:42:30","22.65","60","942.48","3400","0","","","","-114","-4.800000190734863","34219","1772959349983"
"2046","2026-03-08 05:42:40","22.65","60","942.5","3400","0","","","","-114","-4.5","34220","1772959359985"
"2047","2026-03-08 05:42:50","22.65","60","942.5","3380","0","","","","-114","-4.800000190734863","34221","1772959369985"
"2048","2026-03-08 05:43:00","22.65","60","942.48","3380","0","","","","-114","-4.800000190734863","34222","1772959379990"
"2049","2026-03-08 05:43:10","22.65","60","942.52","3420","0","","","","-114","-4.300000190734863","34223","1772959389982"
"2050","2026-03-08 05:43:20","22.65","60","942.5","3400","0","","","","-114","-4.800000190734863","34224","1772959399994"
"2051","2026-03-08 05:43:30","22.65","60","942.5","3420","0","","","","-114","-4.5","34225","1772959409978"
"2052","2026-03-08 05:43:40","22.66","60","942.52","3420","0","","","","-114","-4.5","34226","1772959419988"
"2053","2026-03-08 05:43:50","22.65","60","942.52","3380","0","","","","-114","-4.800000190734863","34227","1772959429996"
"2054","2026-03-08 05:44:00","22.65","60","942.48","3420","0","","","","-114","-4.800000190734863","34228","1772959439983"
"2055","2026-03-08 05:44:10","22.65","60","942.52","3420","0","","","","-114","-5","34229","1772959449989"
"2056","2026-03-08 05:44:20","22.65","60","942.52","3420","0","","","","-114","-4.300000190734863","34230","1772959459993"
"2057","2026-03-08 05:44:30","22.66","60","942.54","3380","0","","","","-114","-5","34231","1772959469985"
"2058","2026-03-08 05:44:40","22.65","60","942.54","3400","0","","","","-114","-4.800000190734863","34232","1772959479987"
"2059","2026-03-08 05:44:50","22.65","60","942.54","3380","0","","","","-114","-4.800000190734863","34233","1772959489983"
"2060","2026-03-08 05:45:00","22.65","60","942.5","3380","0","","","","-114","-5","34234","1772959499982"
"2061","2026-03-08 05:45:10","22.65","60","942.5600000000001","3400","0","","","","-114","-4.800000190734863","34235","1772959509948"
"2062","2026-03-08 05:45:20","22.65","60","942.5600000000001","3420","0","","","","-114","-4.5","34236","1772959519949"
"2063","2026-03-08 05:45:30","22.65","60","942.54","3380","0","","","","-114","-5","34237","1772959529952"
"2064","2026-03-08 05:45:40","22.65","60","942.52","3380","0","","","","-114","-4.5","34238","1772959539990"
"2065","2026-03-08 05:45:50","22.65","60","942.54","3420","0","","","","-114","-4.5","34239","1772959549978"
"2066","2026-03-08 05:46:00","22.65","60","942.52","3420","0","","","","-114","-4.300000190734863","34240","1772959560019"
"2067","2026-03-08 05:46:10","22.65","60","942.54","3380","0","","","","-114","-4.5","34241","1772959569945"
"2068","2026-03-08 05:46:20","22.65","60","942.6","3420","0","","","","-114","-4.5","34242","1772959579992"
"2069","2026-03-08 05:46:30","22.65","60","942.5600000000001","3380","0","","","","-114","-4.300000190734863","34243","1772959589988"
"2070","2026-03-08 05:46:40","22.65","60","942.6","3400","0","","","","-114","-4.800000190734863","34244","1772959599981"
"2071","2026-03-08 05:46:50","22.65","60","942.62","3380","0","","","","-114","-4.300000190734863","34245","1772959609988"
"2072","2026-03-08 05:47:00","22.65","60","942.58","3400","0","","","","-114","-4","34246","1772959619981"
"2073","2026-03-08 05:47:10","22.65","60","942.6","3400","0","","","","-114","-4.300000190734863","34247","1772959629967"
"2074","2026-03-08 05:47:20","22.65","60","942.6","3400","0","","","","-114","-4.300000190734863","34248","1772959639990"
"2075","2026-03-08 05:47:40","22.65","60","942.6","3400","0","","","","-114","-3.799999952316284","34250","1772959659988"
"2076","2026-03-08 05:47:50","22.65","60","942.6","3380","0","","","","-114","-4.300000190734863","34251","1772959669990"
"2077","2026-03-08 05:48:00","22.65","60","942.6","3380","0","","","","-114","-4","34252","1772959679980"
"2078","2026-03-08 05:48:10","22.65","60","942.58","3420","0","","","","-114","-4.5","34253","1772959689989"
"2079","2026-03-08 05:48:20","22.65","60","942.6","3380","0","","","","-114","-4.300000190734863","34254","1772959699986"
"2080","2026-03-08 05:48:30","22.65","60","942.62","3400","0","","","","-113","-4.5","34255","1772959709994"
"2081","2026-03-08 05:48:40","22.65","60","942.6","3420","0","","","","-114","-4.5","34256","1772959719983"
"2082","2026-03-08 05:48:50","22.65","60","942.62","3400","0","","","","-113","-4.800000190734863","34257","1772959729986"
"2083","2026-03-08 05:49:00","22.65","60","942.6","3420","0","","","","-114","-4.5","34258","1772959739992"
"2084","2026-03-08 05:49:10","22.65","60","942.6","3380","0","","","","-114","-4.300000190734863","34259","1772959750027"
"2085","2026-03-08 05:49:20","22.65","60","942.58","3400","0","","","","-114","-5","34260","1772959759991"
"2086","2026-03-08 05:49:30","22.65","60","942.62","3420","0","","","","-114","-4.5","34261","1772959769992"
"2087","2026-03-08 05:49:40","22.64","60","942.6","3400","0","","","","-114","-4.300000190734863","34262","1772959779982"
"2088","2026-03-08 05:49:50","22.65","60","942.6","3400","0","","","","-114","-4.5","34263","1772959789993"
"2089","2026-03-08 05:50:00","22.65","60","942.6","3380","0","","","","-114","-4.5","34264","1772959799988"
"2090","2026-03-08 05:50:09","22.65","60","942.6","3380","0","","","","-114","-5.300000190734863","34265","1772959809949"
"2091","2026-03-08 05:50:20","22.65","60","942.62","3380","0","","","","-114","-5","34266","1772959819988"
"2092","2026-03-08 05:50:30","22.65","60","942.58","3400","0","","","","-114","-4.800000190734863","34267","1772959829958"
"2093","2026-03-08 05:50:40","22.64","60","942.58","3380","0","","","","-114","-4.5","34268","1772959839978"
"2094","2026-03-08 05:50:50","22.65","60","942.58","3400","0","","","","-114","-5.300000190734863","34269","1772959849990"
"2095","2026-03-08 05:51:00","22.64","60","942.58","3400","0","","","","-114","-5","34270","1772959859988"
"2096","2026-03-08 05:51:10","22.65","60","942.58","3380","0","","","","-114","-4.5","34271","1772959869955"
"2097","2026-03-08 05:51:20","22.64","60","942.5600000000001","3400","0","","","","-114","-5","34272","1772959879988"
"2098","2026-03-08 05:51:30","22.64","60","942.5600000000001","3380","0","","","","-114","-4.800000190734863","34273","1772959889994"
"2099","2026-03-08 05:51:40","22.65","60","942.5600000000001","3380","0","","","","-114","-5","34274","1772959899984"
"2100","2026-03-08 05:51:50","22.64","60","942.5600000000001","3380","0","","","","-114","-5.300000190734863","34275","1772959909978"
"2101","2026-03-08 05:52:00","22.65","60","942.5600000000001","3380","0","","","","-114","-4.800000190734863","34276","1772959919991"
"2102","2026-03-08 05:52:10","22.64","60","942.5600000000001","3400","0","","","","-114","-5.5","34277","1772959929981"
"2103","2026-03-08 05:52:20","22.64","60","942.58","3400","0","","","","-114","-5","34278","1772959939989"
"2104","2026-03-08 05:52:30","22.64","60","942.54","3420","0","","","","-114","-5","34279","1772959949984"
"2105","2026-03-08 05:52:40","22.65","60","942.5600000000001","3420","0","","","","-114","-5","34280","1772959959988"
"2106","2026-03-08 05:52:50","22.64","60","942.5600000000001","3420","0","","","","-114","-5","34281","1772959969985"
"2107","2026-03-08 05:53:00","22.64","60","942.58","3400","0","","","","-114","-5","34282","1772959979990"
"2108","2026-03-08 05:53:10","22.64","60","942.54","3400","0","","","","-114","-4.800000190734863","34283","1772959989982"
"2109","2026-03-08 05:53:20","22.64","60","942.58","3400","0","","","","-114","-5","34284","1772959999981"
"2110","2026-03-08 05:53:30","22.64","60","942.6","3380","0","","","","-114","-5","34285","1772960009991"
"2111","2026-03-08 05:53:40","22.64","60","942.58","3420","0","","","","-114","-5","34286","1772960019984"
"2112","2026-03-08 05:53:50","22.64","60","942.58","3380","0","","","","-114","-5","34287","1772960030023"
"2113","2026-03-08 05:54:00","22.64","60","942.6","3380","0","","","","-114","-4.800000190734863","34288","1772960039972"
"2114","2026-03-08 05:54:10","22.64","60","942.64","3400","0","","","","-114","-4.800000190734863","34289","1772960049982"
"2115","2026-03-08 05:54:20","22.64","60","942.6","3400","0","","","","-114","-5","34290","1772960059986"
"2116","2026-03-08 05:54:30","22.64","60","942.6","3420","0","","","","-114","-5","34291","1772960070001"
"2117","2026-03-08 05:54:40","22.63","60","942.6","3420","0","","","","-114","-4.5","34292","1772960079992"
"2118","2026-03-08 05:54:50","22.64","60","942.6","3380","0","","","","-114","-4.800000190734863","34293","1772960089975"
"2119","2026-03-08 05:55:00","22.64","60","942.62","3420","0","","","","-114","-5","34294","1772960099980"
"2120","2026-03-08 05:55:10","22.64","60","942.64","3400","0","","","","-114","-5","34295","1772960109983"
"2121","2026-03-08 05:55:20","22.63","60","942.64","3380","0","","","","-114","-4.5","34296","1772960119992"
"2122","2026-03-08 05:55:30","22.63","60","942.64","3420","0","","","","-114","-4.300000190734863","34297","1772960129992"
"2123","2026-03-08 05:55:40","22.64","60","942.66","3400","0","","","","-114","-4.800000190734863","34298","1772960139989"
"2124","2026-03-08 05:55:50","22.64","60","942.6800000000001","3380","0","","","","-114","-3.799999952316284","34299","1772960149982"
"2125","2026-03-08 05:56:00","22.64","60","942.64","3420","0","","","","-113","-3.799999952316284","34300","1772960159987"
"2126","2026-03-08 05:56:10","22.63","60","942.6800000000001","3380","0","","","","-113","-3.799999952316284","34301","1772960169952"
"2127","2026-03-08 05:56:20","22.63","60","942.7","3420","0","","","","-114","-3.799999952316284","34302","1772960179988"
"2128","2026-03-08 05:56:30","22.64","60","942.7","3400","0","","","","-113","-3.5","34303","1772960189990"
"2129","2026-03-08 05:56:40","22.63","60","942.66","3380","0","","","","-114","-4","34304","1772960199982"
"2130","2026-03-08 05:56:50","22.63","60","942.72","3420","0","","","","-114","-3.5","34305","1772960209991"
"2131","2026-03-08 05:57:00","22.63","60","942.72","3380","0","","","","-114","-4.300000190734863","34306","1772960219997"
"2132","2026-03-08 05:57:10","22.63","60","942.7","3400","0","","","","-113","-3.5","34307","1772960229991"
"2133","2026-03-08 05:57:20","22.63","60","942.72","3380","0","","","","-113","-3.799999952316284","34308","1772960239986"
"2134","2026-03-08 05:57:30","22.63","60","942.74","3380","0","","","","-113","-3.5","34309","1772960249987"
"2135","2026-03-08 05:57:40","22.63","60","942.74","3400","0","","","","-113","-3.5","34310","1772960259992"
"2136","2026-03-08 05:57:50","22.63","60","942.7","3380","0","","","","-114","-4","34311","1772960269984"
"2137","2026-03-08 05:58:00","22.63","60","942.7","3380","0","","","","-114","-3.799999952316284","34312","1772960279989"
"2138","2026-03-08 05:58:10","22.63","60","942.7","3380","0","","","","-113","-3.799999952316284","34313","1772960289983"
"2139","2026-03-08 05:58:20","22.64","60","942.74","3400","0","","","","-113","-3.799999952316284","34314","1772960299985"
"2140","2026-03-08 05:58:30","22.63","60","942.7","3420","0","","","","-113","-3.799999952316284","34315","1772960309987"
"2141","2026-03-08 05:58:40","22.64","60","942.74","3420","0","","","","-114","-3.799999952316284","34316","1772960319981"
"2142","2026-03-08 05:58:50","22.63","60","942.72","3420","0","","","","-114","-3.799999952316284","34317","1772960329987"
"2143","2026-03-08 05:59:00","22.63","60","942.72","3400","0","","","","-114","-4","34318","1772960339986"
"2144","2026-03-08 05:59:10","22.63","60","942.72","3400","0","","","","-113","-3.299999952316284","34319","1772960349992"
"2145","2026-03-08 05:59:20","22.63","60","942.72","3420","0","","","","-114","-4.5","34320","1772960359990"
"2146","2026-03-08 05:59:30","22.63","60","942.76","3380","0","","","","-114","-4.5","34321","1772960369982"
"2147","2026-03-08 05:59:40","22.63","60","942.74","3400","0","","","","-114","-5.300000190734863","34322","1772960379986"
"2148","2026-03-08 05:59:50","22.63","60","942.7","3420","0","","","","-114","-5.5","34323","1772960389989"
"2149","2026-03-08 06:00:00","22.63","60","942.74","3420","0","","","","-114","-5.5","34324","1772960399991"
"2150","2026-03-08 06:00:10","22.63","60","942.6800000000001","3420","0","","","","-114","-5.300000190734863","34325","1772960409978"
"2151","2026-03-08 06:00:20","22.63","60","942.74","3400","0","","","","-114","-5.300000190734863","34326","1772960419984"
"2152","2026-03-08 06:00:30","22.63","60","942.72","3380","0","","","","-114","-5.300000190734863","34327","1772960429985"
"2153","2026-03-08 06:00:40","22.63","60","942.72","3380","0","","","","-114","-5","34328","1772960439991"
"2154","2026-03-08 06:00:50","22.63","60","942.72","3400","0","","","","-114","-5.800000190734863","34329","1772960449979"
"2155","2026-03-08 06:01:00","22.63","60","942.72","3420","0","","","","-114","-5.300000190734863","34330","1772960459982"
"2156","2026-03-08 06:01:10","22.62","60","942.6800000000001","3380","0","","","","-114","-5.5","34331","1772960469979"
"2157","2026-03-08 06:01:20","22.62","60","942.72","3400","0","","","","-114","-6","34332","1772960479974"
"2158","2026-03-08 06:01:30","22.62","60","942.7","3400","0","","","","-114","-6","34333","1772960489989"
"2159","2026-03-08 06:01:40","22.62","60","942.7","3400","0","","","","-114","-5.300000190734863","34334","1772960499985"
"2160","2026-03-08 06:01:50","22.62","60","942.6800000000001","3380","0","","","","-114","-5.5","34335","1772960509981"
"2161","2026-03-08 06:02:00","22.62","60","942.6800000000001","3400","0","","","","-114","-5.800000190734863","34336","1772960519983"
"2162","2026-03-08 06:02:10","22.62","60","942.6800000000001","3380","0","","","","-114","-4.300000190734863","34337","1772960529984"
"2163","2026-03-08 06:02:20","22.62","60","942.66","3380","0","","","","-114","-4.5","34338","1772960539992"
"2164","2026-03-08 06:02:30","22.61","60","942.66","3420","0","","","","-114","-6","34339","1772960549988"
"2165","2026-03-08 06:02:40","22.62","60","942.6800000000001","3420","0","","","","-114","-5.800000190734863","34340","1772960559987"
"2166","2026-03-08 06:02:50","22.62","60","942.64","3380","0","","","","-114","-5.5","34341","1772960569960"
"2167","2026-03-08 06:03:00","22.62","60","942.6800000000001","3380","0","","","","-114","-5.300000190734863","34342","1772960579986"
"2168","2026-03-08 06:03:10","22.62","60","942.66","3380","0","","","","-114","-4.800000190734863","34343","1772960589952"
"2169","2026-03-08 06:03:20","22.62","60","942.7","3420","0","","","","-114","-4.800000190734863","34344","1772960599981"
"2170","2026-03-08 06:03:30","22.62","60","942.66","3380","0","","","","-114","-4.800000190734863","34345","1772960609967"
"2171","2026-03-08 06:03:40","22.61","60","942.66","3380","0","","","","-114","-4.800000190734863","34346","1772960619985"
"2172","2026-03-08 06:03:50","22.62","60","942.64","3400","0","","","","-114","-5.5","34347","1772960629978"
"2173","2026-03-08 06:04:00","22.62","60","942.6800000000001","3380","0","","","","-114","-5.5","34348","1772960639952"
"2174","2026-03-08 06:04:10","22.62","60","942.66","3400","0","","","","-114","-5","34349","1772960649978"
"2175","2026-03-08 06:04:20","22.62","60","942.66","3380","0","","","","-114","-4.800000190734863","34350","1772960659979"
"2176","2026-03-08 06:04:30","22.62","60","942.66","3420","0","","","","-114","-4.800000190734863","34351","1772960669982"
"2177","2026-03-08 06:04:40","22.62","60","942.66","3400","0","","","","-114","-4.5","34352","1772960679988"
"2178","2026-03-08 06:04:50","22.62","60","942.64","3400","0","","","","-114","-4.5","34353","1772960689984"
"2179","2026-03-08 06:05:00","22.61","60","942.66","3400","0","","","","-114","-4.300000190734863","34354","1772960699979"
"2180","2026-03-08 06:05:10","22.62","60","942.64","3380","0","","","","-114","-4.5","34355","1772960709979"
"2181","2026-03-08 06:05:20","22.61","60","942.64","3400","0","","","","-114","-4.800000190734863","34356","1772960719987"
"2182","2026-03-08 06:05:30","22.62","60","942.66","3380","0","","","","-114","-5","34357","1772960729988"
"2183","2026-03-08 06:05:40","22.62","60","942.64","3420","0","","","","-114","-5","34358","1772960739993"
"2184","2026-03-08 06:05:50","22.62","60","942.66","3380","0","","","","-114","-4.800000190734863","34359","1772960749979"
"2185","2026-03-08 06:06:00","22.61","60","942.66","3400","0","","","","-114","-5","34360","1772960759990"
"2186","2026-03-08 06:06:10","22.61","60","942.62","3400","0","","","","-114","-5","34361","1772960769982"
"2187","2026-03-08 06:06:20","22.61","60","942.64","3400","0","","","","-114","-4.800000190734863","34362","1772960779985"
"2188","2026-03-08 06:06:30","22.61","60","942.64","3380","0","","","","-114","-5","34363","1772960789977"
"2189","2026-03-08 06:06:40","22.61","60","942.64","3380","0","","","","-114","-5","34364","1772960799990"
"2190","2026-03-08 06:06:50","22.61","60","942.66","3400","0","","","","-114","-5.300000190734863","34365","1772960809986"
"2191","2026-03-08 06:07:00","22.61","60","942.64","3380","0","","","","-114","-5","34366","1772960819981"
"2192","2026-03-08 06:07:10","22.61","60","942.64","3400","0","","","","-114","-5","34367","1772960830018"
"2193","2026-03-08 06:07:20","22.61","60","942.62","3380","0","","","","-114","-4.800000190734863","34368","1772960839978"
"2194","2026-03-08 06:07:30","22.61","60","942.7","3380","0","","","","-114","-5","34369","1772960849991"
"2195","2026-03-08 06:07:40","22.61","60","942.64","3380","0","","","","-114","-4.800000190734863","34370","1772960859982"
"2196","2026-03-08 06:07:50","22.61","60","942.64","3380","0","","","","-114","-5","34371","1772960869987"
"2197","2026-03-08 06:08:00","22.61","60","942.66","3380","0","","","","-113","-5.300000190734863","34372","1772960879989"
"2198","2026-03-08 06:08:10","22.61","60","942.64","3380","0","","","","-114","-5.5","34373","1772960889977"
"2199","2026-03-08 06:08:20","22.61","60","942.66","3420","0","","","","-114","-5.300000190734863","34374","1772960899988"
"2200","2026-03-08 06:08:30","22.61","60","942.66","3380","0","","","","-114","-5","34375","1772960909987"
"2201","2026-03-08 06:08:40","22.61","60","942.62","3380","0","","","","-114","-4.300000190734863","34376","1772960919980"
"2202","2026-03-08 06:08:50","22.61","60","942.66","3380","0","","","","-114","-4.800000190734863","34377","1772960929990"
"2203","2026-03-08 06:09:00","22.61","60","942.66","3420","0","","","","-114","-4.800000190734863","34378","1772960939988"
"2204","2026-03-08 06:09:10","22.61","60","942.64","3380","0","","","","-114","-4.800000190734863","34379","1772960949976"
"2205","2026-03-08 06:09:20","22.61","60","942.66","3380","0","","","","-114","-5.5","34380","1772960959983"
"2206","2026-03-08 06:09:30","22.61","60","942.66","3380","0","","","","-114","-4.300000190734863","34381","1772960969975"
"2207","2026-03-08 06:09:40","22.61","60","942.62","3380","0","","","","-114","-4.300000190734863","34382","1772960979989"
"2208","2026-03-08 06:09:50","22.61","60","942.64","3420","0","","","","-114","-4.800000190734863","34383","1772960989951"
"2209","2026-03-08 06:10:00","22.6","60","942.64","3380","0","","","","-114","-5.300000190734863","34384","1772960999987"
"2210","2026-03-08 06:10:10","22.61","60","942.66","3400","0","","","","-114","-5.5","34385","1772961009971"
"2211","2026-03-08 06:10:20","22.61","60","942.64","3380","0","","","","-114","-4.5","34386","1772961019987"
"2212","2026-03-08 06:10:30","22.61","60","942.64","3400","0","","","","-113","-5","34387","1772961029974"
"2213","2026-03-08 06:10:40","22.61","60","942.62","3380","0","","","","-114","-4.5","34388","1772961039977"
"2214","2026-03-08 06:10:50","22.61","60","942.64","3400","0","","","","-114","-4.800000190734863","34389","1772961049994"
"2215","2026-03-08 06:11:00","22.61","60","942.66","3380","0","","","","-114","-4.800000190734863","34390","1772961059979"
"2216","2026-03-08 06:11:10","22.61","60","942.64","3400","0","","","","-114","-4.5","34391","1772961069980"
"2217","2026-03-08 06:11:20","22.61","60","942.62","3420","0","","","","-114","-4.5","34392","1772961079977"
"2218","2026-03-08 06:11:30","22.61","60","942.6","3420","0","","","","-114","-4.5","34393","1772961089982"
"2219","2026-03-08 06:11:40","22.61","60","942.62","3400","0","","","","-114","-4.300000190734863","34394","1772961099981"
"2220","2026-03-08 06:11:50","22.6","60","942.58","3400","0","","","","-113","-4.5","34395","1772961109979"
"2221","2026-03-08 06:12:00","22.61","60","942.62","3380","0","","","","-114","-4.5","34396","1772961119978"
"2222","2026-03-08 06:12:10","22.6","60","942.6","3380","0","","","","-113","-4","34397","1772961129987"
"2223","2026-03-08 06:12:20","22.6","60","942.6","3400","0","","","","-113","-4","34398","1772961139977"
"2224","2026-03-08 06:12:30","22.6","60","942.6","3400","0","","","","-114","-4.5","34399","1772961149984"
"2225","2026-03-08 06:12:40","22.61","60","942.58","3400","0","","","","-113","-4.5","34400","1772961159978"
"2226","2026-03-08 06:12:50","22.6","60","942.58","3380","0","","","","-114","-4.300000190734863","34401","1772961169978"
"2227","2026-03-08 06:13:00","22.61","60","942.58","3380","0","","","","-114","-4.300000190734863","34402","1772961179980"
"2228","2026-03-08 06:13:10","22.61","60","942.6","3380","0","","","","-114","-4.300000190734863","34403","1772961189979"
"2229","2026-03-08 06:13:20","22.61","60","942.62","3420","0","","","","-114","-4","34404","1772961199984"
"2230","2026-03-08 06:13:30","22.61","60","942.62","3380","0","","","","-113","-4.5","34405","1772961209983"
"2231","2026-03-08 06:13:40","22.61","60","942.6","3400","0","","","","-114","-4.5","34406","1772961219983"
"2232","2026-03-08 06:13:50","22.61","60","942.6","3380","0","","","","-114","-4","34407","1772961229984"
"2233","2026-03-08 06:14:00","22.61","60","942.6","3380","0","","","","-114","-4.5","34408","1772961239972"
"2234","2026-03-08 06:14:10","22.6","60","942.6","3420","0","","","","-114","-4","34409","1772961249975"
"2235","2026-03-08 06:14:20","22.6","60","942.58","3380","0","","","","-114","-4","34410","1772961259974"
"2236","2026-03-08 06:14:30","22.61","60","942.62","3420","0","","","","-114","-4.800000190734863","34411","1772961269985"
"2237","2026-03-08 06:14:40","22.61","60","942.62","3400","0","","","","-113","-4.5","34412","1772961279985"
"2238","2026-03-08 06:14:50","22.6","60","942.62","3420","0","","","","-114","-4.300000190734863","34413","1772961289978"
"2239","2026-03-08 06:15:00","22.6","60","942.62","3400","0","","","","-114","-4.300000190734863","34414","1772961299983"
"2240","2026-03-08 06:15:10","22.6","60","942.64","3380","0","","","","-113","-3.799999952316284","34415","1772961309983"
"2241","2026-03-08 06:15:20","22.6","60","942.64","3420","0","","","","-114","-4.800000190734863","34416","1772961319986"
"2242","2026-03-08 06:15:30","22.6","60","942.6","3380","0","","","","-113","-3.5","34417","1772961329981"
"2243","2026-03-08 06:15:40","22.6","60","942.62","3380","0","","","","-114","-3.799999952316284","34418","1772961339984"
"2244","2026-03-08 06:15:50","22.6","60","942.64","3380","0","","","","-113","-4.300000190734863","34419","1772961349972"
"2245","2026-03-08 06:16:00","22.6","60","942.58","3380","0","","","","-113","-4.300000190734863","34420","1772961359948"
"2246","2026-03-08 06:16:10","22.6","60","942.62","3400","0","","","","-114","-4","34421","1772961369975"
"2247","2026-03-08 06:16:20","22.6","60","942.6","3380","0","","","","-113","-4.5","34422","1772961379978"
"2248","2026-03-08 06:16:30","22.6","60","942.62","3380","0","","","","-113","-4","34423","1772961389978"
"2249","2026-03-08 06:16:40","22.61","60","942.62","3400","0","","","","-113","-4","34424","1772961399983"
"2250","2026-03-08 06:16:50","22.6","60","942.62","3400","0","","","","-113","-4","34425","1772961409978"
"2251","2026-03-08 06:17:00","22.6","60","942.6","3420","0","","","","-114","-4.300000190734863","34426","1772961419982"
"2252","2026-03-08 06:17:10","22.61","60","942.62","3380","0","","","","-114","-4.5","34427","1772961429978"
"2253","2026-03-08 06:17:20","22.6","60","942.62","3420","0","","","","-114","-4.300000190734863","34428","1772961439988"
"2254","2026-03-08 06:17:30","22.6","60","942.62","3400","0","","","","-114","-4","34429","1772961449987"
"2255","2026-03-08 06:17:40","22.6","60","942.62","3420","0","","","","-114","-4.800000190734863","34430","1772961459969"
"2256","2026-03-08 06:17:50","22.6","60","942.62","3400","0","","","","-113","-4.800000190734863","34431","1772961469979"
"2257","2026-03-08 06:18:00","22.6","60","942.6","3400","0","","","","-113","-4","34432","1772961479951"
"2258","2026-03-08 06:18:10","22.6","60","942.62","3380","0","","","","-113","-4.800000190734863","34433","1772961489977"
"2259","2026-03-08 06:18:20","22.6","60","942.62","3380","0","","","","-113","-4.300000190734863","34434","1772961499976"
"2260","2026-03-08 06:18:30","22.6","60","942.62","3380","0","","","","-114","-3.799999952316284","34435","1772961509986"
"2261","2026-03-08 06:18:40","22.61","60","942.64","3380","0","","","","-113","-3.799999952316284","34436","1772961519974"
"2262","2026-03-08 06:18:50","22.6","60","942.64","3400","0","","","","-114","-4","34437","1772961529976"
"2263","2026-03-08 06:19:00","22.6","60","942.64","3400","0","","","","-114","-4.300000190734863","34438","1772961539979"
"2264","2026-03-08 06:19:10","22.6","60","942.64","3400","0","","","","-114","-4.300000190734863","34439","1772961549983"
"2265","2026-03-08 06:19:20","22.61","60","942.62","3400","0","","","","-114","-4.800000190734863","34440","1772961559981"
"2266","2026-03-08 06:19:30","22.61","60","942.6800000000001","3380","0","","","","-113","-4","34441","1772961569982"
"2267","2026-03-08 06:19:40","22.61","60","942.66","3380","0","","","","-113","-3.799999952316284","34442","1772961579978"
"2268","2026-03-08 06:19:50","22.6","60","942.64","3380","0","","","","-113","-4","34443","1772961589984"
"2269","2026-03-08 06:20:00","22.6","60","942.66","3380","0","","","","-113","-3.5","34444","1772961599976"
"2270","2026-03-08 06:20:10","22.61","60","942.66","3380","0","","","","-113","-3.299999952316284","34445","1772961609975"
"2271","2026-03-08 06:20:20","22.6","60","942.66","3380","0","","","","-113","-3.799999952316284","34446","1772961619987"
"2272","2026-03-08 06:20:30","22.61","60","942.6800000000001","3380","0","","","","-113","-4","34447","1772961629987"
"2273","2026-03-08 06:20:40","22.61","60","942.6800000000001","3420","0","","","","-113","-3.299999952316284","34448","1772961639987"
"2274","2026-03-08 06:20:50","22.61","60","942.72","3380","0","","","","-113","-3.799999952316284","34449","1772961649973"
"2275","2026-03-08 06:21:00","22.61","60","942.6800000000001","3400","0","","","","-113","-4","34450","1772961659977"
"2276","2026-03-08 06:21:10","22.61","60","942.66","3420","0","","","","-114","-4","34451","1772961669985"
"2277","2026-03-08 06:21:20","22.61","60","942.66","3420","0","","","","-113","-4","34452","1772961679985"
"2278","2026-03-08 06:21:30","22.61","60","942.7","3400","0","","","","-114","-4.5","34453","1772961689985"
"2279","2026-03-08 06:21:40","22.61","60","942.6800000000001","3420","0","","","","-114","-4","34454","1772961699977"
"2280","2026-03-08 06:21:50","22.61","60","942.66","3420","0","","","","-113","-4.800000190734863","34455","1772961709977"
"2281","2026-03-08 06:22:00","22.61","60","942.6800000000001","3420","0","","","","-113","-3.799999952316284","34456","1772961719982"
"2282","2026-03-08 06:22:10","22.61","60","942.6800000000001","3420","0","","","","-113","-4","34457","1772961729978"
"2283","2026-03-08 06:22:20","22.61","60","942.72","3420","0","","","","-113","-4","34458","1772961739977"
"2284","2026-03-08 06:22:30","22.61","60","942.7","3420","0","","","","-113","-4","34459","1772961749981"
"2285","2026-03-08 06:22:40","22.61","60","942.72","3420","0","","","","-113","-4","34460","1772961759977"
"2286","2026-03-08 06:22:50","22.61","60","942.7","3420","0","","","","-113","-4","34461","1772961769974"
"2287","2026-03-08 06:23:00","22.61","60","942.72","3400","0","","","","-114","-4","34462","1772961779981"
"2288","2026-03-08 06:23:10","22.62","60","942.74","3400","0","","","","-114","-4.300000190734863","34463","1772961789975"
"2289","2026-03-08 06:23:20","22.61","60","942.74","3400","0","","","","-114","-4","34464","1772961799980"
"2290","2026-03-08 06:23:30","22.62","60","942.76","3400","0","","","","-113","-3.5","34465","1772961809978"
"2291","2026-03-08 06:23:40","22.62","60","942.74","3420","0","","","","-114","-3.799999952316284","34466","1772961819984"
"2292","2026-03-08 06:23:50","22.62","60","942.76","3400","0","","","","-114","-3.799999952316284","34467","1772961829974"
"2293","2026-03-08 06:24:00","22.62","60","942.76","3400","0","","","","-113","-4.300000190734863","34468","1772961839976"
"2294","2026-03-08 06:24:10","22.61","60","942.74","3420","0","","","","-114","-4.5","34469","1772961849947"
"2295","2026-03-08 06:24:20","22.61","60","942.72","3400","0","","","","-114","-4","34470","1772961859975"
"2296","2026-03-08 06:24:30","22.62","60","942.72","3420","0","","","","-114","-4","34471","1772961869979"
"2297","2026-03-08 06:24:40","22.62","60","942.74","3380","0","","","","-114","-4.300000190734863","34472","1772961879983"
"2298","2026-03-08 06:24:50","22.61","60","942.74","3380","0","","","","-114","-4","34473","1772961889984"
"2299","2026-03-08 06:25:00","22.62","60","942.74","3380","4","","","","-114","-4.5","34474","1772961899974"
"2300","2026-03-08 06:25:10","22.62","60","942.76","3420","4","","","","-113","-4.5","34475","1772961909975"
"2301","2026-03-08 06:25:20","22.62","60","942.72","3380","4","","","","-114","-4.300000190734863","34476","1772961919984"
"2302","2026-03-08 06:25:30","22.62","60","942.76","3420","4","","","","-113","-3.799999952316284","34477","1772961929985"
"2303","2026-03-08 06:25:40","22.62","60","942.76","3420","4","","","","-114","-4.800000190734863","34478","1772961939978"
"2304","2026-03-08 06:25:50","22.62","60","942.74","3400","4","","","","-114","-4.300000190734863","34479","1772961949979"
"2305","2026-03-08 06:26:00","22.62","60","942.76","3380","4","","","","-113","-4.300000190734863","34480","1772961959971"
"2306","2026-03-08 06:26:10","22.62","60","942.78","3420","4","","","","-114","-4.300000190734863","34481","1772961969967"
"2307","2026-03-08 06:26:20","22.62","60","942.78","3380","4","","","","-114","-4.800000190734863","34482","1772961979979"
"2308","2026-03-08 06:26:30","22.62","60","942.8000000000001","3400","4","","","","-114","-4","34483","1772961989969"
"2309","2026-03-08 06:26:40","22.63","60","942.78","3400","4","","","","-113","-3.799999952316284","34484","1772961999979"
"2310","2026-03-08 06:26:50","22.62","60","942.78","3420","4","","","","-113","-4","34485","1772962009981"
"2311","2026-03-08 06:27:00","22.63","60","942.76","3380","4","","","","-114","-4.5","34486","1772962019977"
"2312","2026-03-08 06:27:10","22.63","60","942.8000000000001","3420","4","","","","-114","-4.300000190734863","34487","1772962029981"
"2313","2026-03-08 06:27:20","22.62","60","942.8000000000001","3420","4","","","","-114","-4.5","34488","1772962039977"
"2314","2026-03-08 06:27:30","22.63","60","942.78","3420","4","","","","-114","-4.5","34489","1772962049982"
"2315","2026-03-08 06:27:40","22.63","60","942.78","3380","4","","","","-114","-4.5","34490","1772962059978"
"2316","2026-03-08 06:27:50","22.63","60","942.8000000000001","3400","4","","","","-113","-4","34491","1772962069977"
"2317","2026-03-08 06:28:00","22.62","60","942.78","3380","4","","","","-114","-4.5","34492","1772962079977"
"2318","2026-03-08 06:28:10","22.63","60","942.78","3400","8","","","","-114","-4.300000190734863","34493","1772962089980"
"2319","2026-03-08 06:28:20","22.63","60","942.8000000000001","3420","8","","","","-114","-4.5","34494","1772962099974"
"2320","2026-03-08 06:28:30","22.63","60","942.82","3420","8","","","","-114","-4.5","34495","1772962109975"
"2321","2026-03-08 06:28:40","22.63","60","942.82","3380","8","","","","-114","-4","34496","1772962119973"
"2322","2026-03-08 06:28:50","22.64","60","942.82","3420","8","","","","-113","-3.799999952316284","34497","1772962129972"
"2323","2026-03-08 06:29:00","22.64","60","942.8000000000001","3380","8","","","","-114","-4","34498","1772962139980"
"2324","2026-03-08 06:29:10","22.64","60","942.78","3400","8","","","","-114","-4.5","34499","1772962149980"
"2325","2026-03-08 06:29:20","22.64","60","942.8000000000001","3400","8","","","","-113","-4.5","34500","1772962160170"
"2326","2026-03-08 06:29:30","22.64","60","942.82","3400","8","","","","-113","-4.300000190734863","34501","1772962169979"
"2327","2026-03-08 06:29:40","22.64","60","942.82","3400","8","","","","-114","-4.5","34502","1772962179975"
"2328","2026-03-08 06:29:50","22.64","60","942.8000000000001","3380","8","","","","-114","-4.800000190734863","34503","1772962189975"
"2329","2026-03-08 06:30:00","22.64","60","942.82","3380","8","","","","-114","-4.300000190734863","34504","1772962199978"
"2330","2026-03-08 06:30:10","22.64","60","942.82","3420","12","","","","-114","-4","34505","1772962209978"
"2331","2026-03-08 06:30:20","22.65","60","942.82","3420","12","","","","-114","-4.300000190734863","34506","1772962219982"
"2332","2026-03-08 06:30:30","22.64","60","942.8000000000001","3400","12","","","","-114","-3.5","34507","1772962229971"
"2333","2026-03-08 06:30:40","22.64","60","942.82","3400","12","","","","-113","-4","34508","1772962239978"
"2334","2026-03-08 06:30:50","22.65","60","942.8000000000001","3380","12","","","","-114","-4.800000190734863","34509","1772962249975"
"2335","2026-03-08 06:31:00","22.65","60","942.82","3380","12","","","","-114","-5","34510","1772962259936"
"2336","2026-03-08 06:31:10","22.65","60","942.84","3400","12","","","","-114","-5","34511","1772962269980"
"2337","2026-03-08 06:31:20","22.65","60","942.82","3380","12","","","","-114","-5","34512","1772962279984"
"2338","2026-03-08 06:31:30","22.65","60","942.82","3380","12","","","","-113","-4.300000190734863","34513","1772962289979"
"2339","2026-03-08 06:31:40","22.65","60","942.84","3380","12","","","","-114","-3.799999952316284","34514","1772962299980"
"2340","2026-03-08 06:32:00","22.66","60","942.84","3480","16","","","","-114","-5","34516","1772962319973"
"2341","2026-03-08 06:32:10","22.66","60","942.84","3380","16","","","","-114","-5","34517","1772962329976"
"2342","2026-03-08 06:32:20","22.65","60","942.82","3380","16","","","","-114","-4.800000190734863","34518","1772962339978"
"2343","2026-03-08 06:32:30","22.65","60","942.84","3400","16","","","","-113","-4.5","34519","1772962349982"
"2344","2026-03-08 06:32:40","22.66","60","942.84","3400","16","","","","-114","-4","34520","1772962359973"
"2345","2026-03-08 06:32:50","22.66","60","942.86","3380","16","","","","-114","-4.5","34521","1772962369968"
"2346","2026-03-08 06:33:00","22.66","60","942.82","3380","16","","","","-113","-4.300000190734863","34522","1772962379976"
"2347","2026-03-08 06:33:10","22.66","60","942.82","3380","16","","","","-113","-4.5","34523","1772962389979"
"2348","2026-03-08 06:33:20","22.66","60","942.86","3400","16","","","","-114","-4.300000190734863","34524","1772962399974"
"2349","2026-03-08 06:33:30","22.66","60","942.88","3380","16","","","","-114","-4","34525","1772962409982"
"2350","2026-03-08 06:33:40","22.66","60","942.86","3380","16","","","","-114","-4","34526","1772962419986"
"2351","2026-03-08 06:33:50","22.66","60","942.86","3420","16","","","","-114","-4.300000190734863","34527","1772962429969"
"2352","2026-03-08 06:34:00","22.67","60","942.88","3400","16","","","","-114","-4.5","34528","1772962439968"
"2353","2026-03-08 06:34:10","22.66","60","942.88","3380","16","","","","-114","-4.800000190734863","34529","1772962449981"
"2354","2026-03-08 06:34:20","22.67","60","942.9","3400","16","","","","-114","-4.300000190734863","34530","1772962459945"
"2355","2026-03-08 06:34:30","22.67","60","942.9","3380","16","","","","-113","-5","34531","1772962469983"
"2356","2026-03-08 06:34:40","22.67","60","942.9","3400","16","","","","-113","-4.5","34532","1772962479978"
"2357","2026-03-08 06:34:50","22.67","60","942.9200000000001","3420","16","","","","-114","-5","34533","1772962489979"
"2358","2026-03-08 06:35:00","22.67","60","942.9200000000001","3400","16","","","","-113","-4.800000190734863","34534","1772962499970"
"2359","2026-03-08 06:35:10","22.67","60","942.9200000000001","3400","16","","","","-114","-4.800000190734863","34535","1772962509969"
"2360","2026-03-08 06:35:20","22.67","60","942.96","3380","16","","","","-113","-4.5","34536","1772962519974"
"2361","2026-03-08 06:35:30","22.67","60","942.96","3420","16","","","","-114","-4.5","34537","1772962529973"
"2362","2026-03-08 06:35:40","22.68","60","942.96","3380","16","","","","-114","-4.5","34538","1772962539972"
"2363","2026-03-08 06:35:50","22.68","60","942.98","3400","16","","","","-113","-4.300000190734863","34539","1772962549967"
"2364","2026-03-08 06:36:00","22.68","60","942.96","3420","16","","","","-114","-4","34540","1772962559948"
"2365","2026-03-08 06:36:10","22.68","60","942.96","3400","20","","","","-113","-4.5","34541","1772962569977"
"2366","2026-03-08 06:36:20","22.69","60","943","3380","20","","","","-113","-3.5","34542","1772962579974"
"2367","2026-03-08 06:36:30","22.68","60","942.98","3400","20","","","","-113","-4","34543","1772962589985"
"2368","2026-03-08 06:36:40","22.68","60","942.98","3380","20","","","","-114","-4.300000190734863","34544","1772962599978"
"2369","2026-03-08 06:36:50","22.68","60","942.98","3420","20","","","","-114","-4.5","34545","1772962609978"
"2370","2026-03-08 06:37:00","22.69","60","943","3400","20","","","","-114","-4","34546","1772962619980"
"2371","2026-03-08 06:37:10","22.69","60","942.98","3380","20","","","","-114","-4.5","34547","1772962629975"
"2372","2026-03-08 06:37:20","22.69","60","943.04","3400","20","","","","-113","-4.800000190734863","34548","1772962639982"
"2373","2026-03-08 06:37:30","22.69","60","943.02","3400","24","","","","-114","-3.799999952316284","34549","1772962649972"
"2374","2026-03-08 06:37:40","22.69","60","943.04","3380","24","","","","-114","-3.799999952316284","34550","1772962659982"
"2375","2026-03-08 06:37:50","22.7","60","943.04","3420","24","","","","-114","-4","34551","1772962669975"
"2376","2026-03-08 06:38:00","22.69","60","943.02","3380","24","","","","-114","-4","34552","1772962679971"
"2377","2026-03-08 06:38:10","22.7","60","943","3380","24","","","","-113","-4","34553","1772962689974"
"2378","2026-03-08 06:38:20","22.69","60","943.04","3420","24","","","","-114","-4","34554","1772962699973"
"2379","2026-03-08 06:38:30","22.7","60","943.0600000000001","3400","24","","","","-114","-3.799999952316284","34555","1772962709981"
"2380","2026-03-08 06:38:40","22.7","60","943.04","3380","24","","","","-114","-4","34556","1772962719979"
"2381","2026-03-08 06:38:50","22.7","60","943.02","3420","24","","","","-114","-3.799999952316284","34557","1772962729985"
"2382","2026-03-08 06:39:00","22.7","60","943.04","3400","28","","","","-114","-4","34558","1772962739976"
"2383","2026-03-08 06:39:10","22.7","60","943.08","3400","28","","","","-113","-4","34559","1772962749976"
"2384","2026-03-08 06:39:20","22.7","60","943.0600000000001","3420","28","","","","-114","-4.5","34560","1772962759977"
"2385","2026-03-08 06:39:30","22.7","60","943.0600000000001","3420","28","","","","-113","-3.799999952316284","34561","1772962769981"
"2386","2026-03-08 06:39:40","22.71","60","943.08","3400","28","","","","-113","-4.300000190734863","34562","1772962779972"
"2387","2026-03-08 06:39:50","22.71","60","943.0600000000001","3380","28","","","","-114","-4.5","34563","1772962789976"
"2388","2026-03-08 06:40:00","22.71","60","943.12","3380","28","","","","-113","-3.799999952316284","34564","1772962799976"
"2389","2026-03-08 06:40:10","22.71","60","943.08","3400","28","","","","-113","-3.799999952316284","34565","1772962809974"
"2390","2026-03-08 06:40:20","22.71","60","943.0600000000001","3400","28","","","","-113","-3.799999952316284","34566","1772962819977"
"2391","2026-03-08 06:40:30","22.72","60","943.1","3400","28","","","","-113","-3.299999952316284","34567","1772962829969"
"2392","2026-03-08 06:40:40","22.72","60","943.08","3380","28","","","","-114","-3.799999952316284","34568","1772962839973"
"2393","2026-03-08 06:40:50","22.72","60","943.1","3380","28","","","","-113","-3.799999952316284","34569","1772962849974"
"2394","2026-03-08 06:41:00","22.72","60","943.14","3380","32","","","","-114","-4.800000190734863","34570","1772962859970"
"2395","2026-03-08 06:41:10","22.72","60","943.12","3380","32","","","","-113","-3.799999952316284","34571","1772962869972"
"2396","2026-03-08 06:41:20","22.72","60","943.1","3400","36","","","","-114","-3.799999952316284","34572","1772962879978"
"2397","2026-03-08 06:41:30","22.72","60","943.08","3380","36","","","","-114","-5","34573","1772962889970"
"2398","2026-03-08 06:41:40","22.72","60","943.08","3400","40","","","","-113","-4.5","34574","1772962899970"
"2399","2026-03-08 06:41:50","22.72","60","943.1","3420","40","","","","-114","-3.799999952316284","34575","1772962909972"
"2400","2026-03-08 06:42:00","22.73","60","943.12","3380","40","","","","-113","-5","34576","1772962919979"
"2401","2026-03-08 06:42:10","22.73","60","943.12","3380","44","","","","-113","-4.5","34577","1772962929967"
"2402","2026-03-08 06:42:20","22.73","60","943.1","3420","44","","","","-114","-4.300000190734863","34578","1772962939978"
"2403","2026-03-08 06:42:30","22.72","60","943.1","3380","44","","","","-114","-4","34579","1772962949957"
"2404","2026-03-08 06:42:40","22.73","60","943.12","3380","48","","","","-114","-4.800000190734863","34580","1772962959983"
"2405","2026-03-08 06:42:50","22.73","60","943.14","3420","48","","","","-113","-4.800000190734863","34581","1772962969971"
"2406","2026-03-08 06:43:00","22.73","60","943.14","3380","48","","","","-114","-4.5","34582","1772962979974"
"2407","2026-03-08 06:43:10","22.73","60","943.12","3400","48","","","","-114","-4.5","34583","1772962989975"
"2408","2026-03-08 06:43:20","22.73","60","943.16","3400","52","","","","-114","-4.5","34584","1772962999978"
"2409","2026-03-08 06:43:30","22.73","60","943.14","3400","52","","","","-113","-4.5","34585","1772963009973"
"2410","2026-03-08 06:43:40","22.73","60","943.1","3400","52","","","","-114","-4.800000190734863","34586","1772963019969"
"2411","2026-03-08 06:43:50","22.73","60","943.14","3380","56","","","","-114","-4.5","34587","1772963029975"
"2412","2026-03-08 06:44:00","22.73","60","943.12","3380","64","","","","-113","-4.5","34588","1772963039974"
"2413","2026-03-08 06:44:10","22.73","60","943.14","3400","72","","","","-114","-4.800000190734863","34589","1772963049975"
"2414","2026-03-08 06:44:20","22.73","60","943.14","3400","84","","","","-113","-4.300000190734863","34590","1772963059971"
"2415","2026-03-08 06:44:30","22.74","60","943.14","3380","100","","","","-114","-4.5","34591","1772963069961"
"2416","2026-03-08 06:44:40","22.74","60","943.16","3380","120","","","","-114","-4.300000190734863","34592","1772963079974"
"2417","2026-03-08 06:44:50","22.74","60","943.1800000000001","3380","136","","","","-113","-4.300000190734863","34593","1772963089975"
"2418","2026-03-08 06:45:00","22.75","60","943.14","3400","152","","","","-113","-4","34594","1772963099979"
"2419","2026-03-08 06:45:10","22.75","60","943.1800000000001","3380","160","","","","-114","-4.300000190734863","34595","1772963109976"
"2420","2026-03-08 06:45:20","22.76","60","943.1800000000001","3400","160","","","","-113","-4.300000190734863","34596","1772963119967"
"2421","2026-03-08 06:45:30","22.76","60","943.16","3380","160","","","","-114","-4.5","34597","1772963129974"
"2422","2026-03-08 06:45:40","22.76","60","943.1800000000001","3420","156","","","","-114","-4.5","34598","1772963139982"
"2423","2026-03-08 06:45:50","22.76","60","943.1800000000001","3420","152","","","","-114","-4","34599","1772963149941"
"2424","2026-03-08 06:46:00","22.77","60","943.1800000000001","3380","152","","","","-114","-4.300000190734863","34600","1772963159948"
"2425","2026-03-08 06:46:10","22.77","60","943.16","3380","152","","","","-114","-4.5","34601","1772963169970"
"2426","2026-03-08 06:46:20","22.78","60","943.1800000000001","3380","156","","","","-113","-4.300000190734863","34602","1772963179978"
"2427","2026-03-08 06:46:30","22.78","60","943.16","3420","164","","","","-114","-4.300000190734863","34603","1772963189973"
"2428","2026-03-08 06:46:40","22.78","60","943.14","3400","164","","","","-114","-4.5","34604","1772963199972"
"2429","2026-03-08 06:46:50","22.79","60","943.14","3420","164","","","","-114","-4.300000190734863","34605","1772963209969"
"2430","2026-03-08 06:47:00","22.79","59.5","943.14","3400","152","","","","-114","-5.300000190734863","34606","1772963219970"
"2431","2026-03-08 06:47:10","22.79","60","943.16","3400","140","","","","-114","-4.5","34607","1772963229946"
"2432","2026-03-08 06:47:20","22.79","60","943.14","3380","124","","","","-113","-3.799999952316284","34608","1772963239969"
"2433","2026-03-08 06:47:30","22.8","59.5","943.2","3380","104","","","","-114","-4.300000190734863","34609","1772963249973"
"2434","2026-03-08 06:47:40","22.8","60","943.14","3400","84","","","","-114","-4","34610","1772963259977"
"2435","2026-03-08 06:47:50","22.81","59.5","943.14","3420","72","","","","-114","-4.5","34611","1772963269984"
"2436","2026-03-08 06:48:00","22.81","59.5","943.1800000000001","3420","56","","","","-114","-4.300000190734863","34612","1772963279976"
"2437","2026-03-08 06:48:10","22.82","59.5","943.14","3420","48","","","","-114","-5","34613","1772963289970"
"2438","2026-03-08 06:48:20","22.82","59.5","943.14","3380","44","","","","-114","-4.300000190734863","34614","1772963299979"
"2439","2026-03-08 06:48:30","22.82","59.5","943.14","3380","40","","","","-114","-5.300000190734863","34615","1772963309969"
"2440","2026-03-08 06:48:40","22.83","59.5","943.16","3420","36","","","","-114","-4.300000190734863","34616","1772963319967"
"2441","2026-03-08 06:48:50","22.83","59.5","943.1800000000001","3420","32","","","","-114","-4.5","34617","1772963329967"
"2442","2026-03-08 06:49:00","22.84","59.5","943.16","3400","32","","","","-113","-5.300000190734863","34618","1772963339974"
"2443","2026-03-08 06:49:10","22.84","59.5","943.1800000000001","3420","28","","","","-113","-5","34619","1772963349961"
"2444","2026-03-08 06:49:20","22.84","59.5","943.14","3420","28","","","","-114","-4.5","34620","1772963359937"
"2445","2026-03-08 06:49:30","22.84","59.5","943.1800000000001","3400","28","","","","-114","-5.300000190734863","34621","1772963369981"
"2446","2026-03-08 06:49:40","22.85","60","943.14","3380","28","","","","-113","-4.300000190734863","34622","1772963379972"
"2447","2026-03-08 06:49:50","22.85","59.5","943.1800000000001","3400","32","","","","-114","-4.5","34623","1772963389975"
"2448","2026-03-08 06:50:00","22.85","59.5","943.16","3400","32","","","","-114","-4.5","34624","1772963399970"
"2449","2026-03-08 06:50:10","22.85","59.5","943.16","3420","36","","","","-114","-4.800000190734863","34625","1772963409973"
"2450","2026-03-08 06:50:20","22.86","59.5","943.1800000000001","3420","40","","","","-113","-4.5","34626","1772963419966"
"2451","2026-03-08 06:50:30","22.86","59.5","943.16","3400","44","","","","-114","-4.300000190734863","34627","1772963429969"
"2452","2026-03-08 06:50:40","22.86","59.5","943.1800000000001","3420","48","","","","-114","-4.5","34628","1772963439977"
"2453","2026-03-08 06:50:50","22.86","59.5","943.1800000000001","3400","56","","","","-114","-5.300000190734863","34629","1772963449975"
"2454","2026-03-08 06:51:00","22.86","59.5","943.1800000000001","3400","60","","","","-114","-4.800000190734863","34630","1772963459976"
"2455","2026-03-08 06:51:10","22.87","59.5","943.14","3380","68","","","","-114","-4.300000190734863","34631","1772963469968"
"2456","2026-03-08 06:51:20","22.87","59.5","943.1800000000001","3420","76","","","","-113","-4.5","34632","1772963479947"
"2457","2026-03-08 06:51:30","22.87","59.5","943.1800000000001","3400","80","","","","-114","-4.800000190734863","34633","1772963489975"
"2458","2026-03-08 06:51:40","22.88","59.5","943.2","3400","88","","","","-113","-4.800000190734863","34634","1772963499977"
"2459","2026-03-08 06:51:50","22.88","59.5","943.2","3420","92","","","","-114","-4.5","34635","1772963509977"
"2460","2026-03-08 06:52:00","22.88","59.5","943.1800000000001","3380","96","","","","-114","-5.300000190734863","34636","1772963519970"
"2461","2026-03-08 06:52:10","22.88","59.5","943.2","3400","100","","","","-114","-5.300000190734863","34637","1772963529968"
"2462","2026-03-08 06:52:20","22.89","59.5","943.2","3400","100","","","","-114","-5.5","34638","1772963539973"
"2463","2026-03-08 06:52:30","22.89","59.5","943.1800000000001","3380","100","","","","-114","-4.800000190734863","34639","1772963549969"
"2464","2026-03-08 06:52:40","22.89","59.5","943.1800000000001","3400","104","","","","-114","-4.800000190734863","34640","1772963559965"
"2465","2026-03-08 06:52:50","22.9","59.5","943.22","3400","112","","","","-114","-4.800000190734863","34641","1772963569964"
"2466","2026-03-08 06:53:00","22.9","59.5","943.2","3420","120","","","","-114","-4.5","34642","1772963579971"
"2467","2026-03-08 06:53:10","22.91","59.5","943.24","3400","132","","","","-114","-5","34643","1772963589975"
"2468","2026-03-08 06:53:20","22.91","59.5","943.22","3400","144","","","","-114","-4.800000190734863","34644","1772963599971"
"2469","2026-03-08 06:53:30","22.91","59.5","943.2","3400","160","","","","-114","-4.5","34645","1772963609968"
"2470","2026-03-08 06:53:40","22.92","59.5","943.22","3400","172","","","","-114","-4.800000190734863","34646","1772963619975"
"2471","2026-03-08 06:53:50","22.93","59.5","943.2","3380","176","","","","-114","-4.5","34647","1772963629966"
"2472","2026-03-08 06:54:00","22.93","59.5","943.22","3400","176","","","","-113","-4.5","34648","1772963639970"
"2473","2026-03-08 06:54:10","22.94","59.5","943.22","3380","172","","","","-114","-5","34649","1772963649949"
"2474","2026-03-08 06:54:20","22.95","59.5","943.22","3420","168","","","","-114","-5","34650","1772963659967"
"2475","2026-03-08 06:54:29","22.95","59.5","943.24","3400","160","","","","-113","-4.5","34651","1772963669933"
"2476","2026-03-08 06:54:40","22.96","59.5","943.24","3420","152","","","","-114","-4.5","34652","1772963679992"
"2477","2026-03-08 06:54:50","22.97","59.5","943.24","3380","140","","","","-114","-4.5","34653","1772963689974"
"2478","2026-03-08 06:55:00","22.97","59.5","943.2","3380","136","","","","-114","-4.300000190734863","34654","1772963699977"
"2479","2026-03-08 06:55:10","22.98","59.5","943.2","3400","124","","","","-114","-5.300000190734863","34655","1772963709967"
"2480","2026-03-08 06:55:20","22.99","59.5","943.22","3380","116","","","","-114","-4.5","34656","1772963719972"
"2481","2026-03-08 06:55:30","23","59.5","943.22","3380","100","","","","-114","-4.800000190734863","34657","1772963729962"
"2482","2026-03-08 06:55:40","23","59.5","943.22","3400","84","","","","-114","-4.5","34658","1772963739977"
"2483","2026-03-08 06:55:50","23.01","59.5","943.2","3420","72","","","","-114","-5.300000190734863","34659","1772963749979"
"2484","2026-03-08 06:56:00","23.02","59.5","943.2","3400","60","","","","-114","-5","34660","1772963759968"
"2485","2026-03-08 06:56:10","23.03","59.5","943.22","3380","48","","","","-114","-4.800000190734863","34661","1772963769970"
"2486","2026-03-08 06:56:20","23.03","59.5","943.22","3380","44","","","","-114","-5.300000190734863","34662","1772963779966"
"2487","2026-03-08 06:56:30","23.03","59.5","943.2","3380","44","","","","-114","-4.800000190734863","34663","1772963789968"
"2488","2026-03-08 06:56:40","23.04","59.5","943.22","3420","44","","","","-114","-5.300000190734863","34664","1772963799969"
"2489","2026-03-08 06:56:50","23.05","59.5","943.22","3380","44","","","","-114","-4.800000190734863","34665","1772963809938"
"2490","2026-03-08 06:57:00","23.05","59.5","943.22","3420","44","","","","-114","-5.300000190734863","34666","1772963820005"
"2491","2026-03-08 06:57:10","23.06","59.5","943.24","3400","44","","","","-113","-4.800000190734863","34667","1772963829936"
"2492","2026-03-08 06:57:20","23.07","59.5","943.24","3400","40","","","","-113","-4.800000190734863","34668","1772963839967"
"2493","2026-03-08 06:57:30","23.07","59.5","943.22","3380","40","","","","-114","-5","34669","1772963849961"
"2494","2026-03-08 06:57:40","23.07","59.5","943.2","3420","36","","","","-113","-4.5","34670","1772963859971"
"2495","2026-03-08 06:57:50","23.08","59.5","943.24","3420","36","","","","-114","-4.300000190734863","34671","1772963869965"
"2496","2026-03-08 06:58:00","23.08","59.5","943.1800000000001","3420","36","","","","-114","-5","34672","1772963879975"
"2497","2026-03-08 06:58:10","23.09","59.5","943.2","3400","36","","","","-114","-5.5","34673","1772963889974"
"2498","2026-03-08 06:58:20","23.1","59.5","943.22","3400","36","","","","-114","-5","34674","1772963899966"
"2499","2026-03-08 06:58:30","23.1","59.5","943.2","3420","36","","","","-114","-4.800000190734863","34675","1772963909977"
"2500","2026-03-08 06:58:40","23.1","59.5","943.16","3380","40","","","","-114","-5","34676","1772963919971"
"2501","2026-03-08 06:58:50","23.1","59.5","943.16","3420","40","","","","-114","-4.300000190734863","34677","1772963929969"
"2502","2026-03-08 06:59:00","23.11","59.5","943.2","3400","44","","","","-114","-5.300000190734863","34678","1772963939973"
"2503","2026-03-08 06:59:10","23.11","59.5","943.22","3420","48","","","","-114","-5","34679","1772963949955"
"2504","2026-03-08 06:59:20","23.12","59.5","943.22","3380","52","","","","-114","-5.5","34680","1772963959969"
"2505","2026-03-08 06:59:30","23.12","59.5","943.2","3380","56","","","","-114","-4.800000190734863","34681","1772963969976"
"2506","2026-03-08 06:59:40","23.12","59.5","943.1800000000001","3420","64","","","","-113","-4.5","34682","1772963979968"
"2507","2026-03-08 06:59:50","23.13","59.5","943.22","3380","68","","","","-114","-5","34683","1772963989968"
"2508","2026-03-08 07:00:00","23.13","59.5","943.1800000000001","3380","72","","","","-114","-4.800000190734863","34684","1772963999975"
"2509","2026-03-08 07:00:10","23.14","59.5","943.22","3380","76","","","","-114","-5.300000190734863","34685","1772964009968"
"2510","2026-03-08 07:00:20","23.13","59.5","943.1800000000001","3380","84","","","","-114","-5.300000190734863","34686","1772964019968"
"2511","2026-03-08 07:00:30","23.14","59.5","943.1800000000001","3420","92","","","","-114","-4.800000190734863","34687","1772964029967"
"2512","2026-03-08 07:00:40","23.15","59.5","943.1800000000001","3420","100","","","","-114","-4.5","34688","1772964039979"
"2513","2026-03-08 07:00:50","23.15","59.5","943.1800000000001","3420","108","","","","-114","-5","34689","1772964049979"
"2514","2026-03-08 07:01:00","23.16","59.5","943.2","3400","120","","","","-114","-4.800000190734863","34690","1772964059928"
"2515","2026-03-08 07:01:10","23.17","59.5","943.2","3420","128","","","","-113","-4.300000190734863","34691","1772964069959"
"2516","2026-03-08 07:01:20","23.17","59.5","943.2","3380","136","","","","-113","-4.5","34692","1772964079968"
"2517","2026-03-08 07:01:30","23.17","59.5","943.1800000000001","3380","144","","","","-114","-4.5","34693","1772964089976"
"2518","2026-03-08 07:01:40","23.18","59.5","943.16","3380","148","","","","-114","-5","34694","1772964099974"
"2519","2026-03-08 07:01:50","23.18","59.5","943.2","3400","152","","","","-113","-4.800000190734863","34695","1772964109967"
"2520","2026-03-08 07:02:00","23.19","59.5","943.1800000000001","3420","160","","","","-113","-4.5","34696","1772964119964"
"2521","2026-03-08 07:02:10","23.2","59.5","943.2","3420","164","","","","-114","-5.300000190734863","34697","1772964129969"
"2522","2026-03-08 07:02:19","23.21","59.5","943.1800000000001","3380","168","","","","-114","-5.300000190734863","34698","1772964139932"
"2523","2026-03-08 07:02:30","23.21","59.5","943.1800000000001","3380","172","","","","-113","-5.300000190734863","34699","1772964149971"
"2524","2026-03-08 07:02:40","23.22","59.5","943.2","3420","172","","","","-114","-5.300000190734863","34700","1772964159966"
"2525","2026-03-08 07:02:50","23.22","59.5","943.2","3380","172","","","","-114","-5.300000190734863","34701","1772964169968"
"2526","2026-03-08 07:03:00","23.23","59.5","943.1800000000001","3400","168","","","","-114","-5.800000190734863","34702","1772964179973"
"2527","2026-03-08 07:03:10","23.24","59.5","943.16","3380","160","","","","-114","-5","34703","1772964189967"
"2528","2026-03-08 07:03:20","23.25","59.5","943.22","3380","152","","","","-114","-5.5","34704","1772964199967"
"2529","2026-03-08 07:03:30","23.26","59.5","943.22","3380","148","","","","-114","-5.300000190734863","34705","1772964209973"
"2530","2026-03-08 07:03:40","23.26","59.5","943.1800000000001","3380","140","","","","-114","-5.5","34706","1772964219969"
"2531","2026-03-08 07:03:50","23.27","59","943.2","3400","136","","","","-114","-4.800000190734863","34707","1772964229960"
"2532","2026-03-08 07:04:00","23.28","59.5","943.2","3380","132","","","","-114","-5.5","34708","1772964239974"
"2533","2026-03-08 07:04:10","23.28","59","943.22","3400","136","","","","-114","-5.5","34709","1772964249972"
"2534","2026-03-08 07:04:20","23.29","59","943.22","3420","136","","","","-114","-5.800000190734863","34710","1772964259968"
"2535","2026-03-08 07:04:30","23.3","59","943.1800000000001","3380","136","","","","-114","-5.5","34711","1772964269976"
"2536","2026-03-08 07:04:40","23.31","59.5","943.22","3400","140","","","","-114","-4.800000190734863","34712","1772964279967"
"2537","2026-03-08 07:04:50","23.32","59","943.22","3380","140","","","","-114","-5.5","34713","1772964289939"
"2538","2026-03-08 07:05:00","23.32","59","943.2","3420","140","","","","-114","-5.300000190734863","34714","1772964299965"
"2539","2026-03-08 07:05:10","23.33","59","943.16","3400","140","","","","-114","-5.800000190734863","34715","1772964309971"
"2540","2026-03-08 07:05:19","23.34","59","943.2","3420","140","","","","-114","-5","34716","1772964319934"
"2541","2026-03-08 07:05:30","23.35","59","943.2","3380","136","","","","-114","-4.800000190734863","34717","1772964329966"
"2542","2026-03-08 07:05:40","23.36","59","943.2","3420","136","","","","-114","-5","34718","1772964339970"
"2543","2026-03-08 07:05:50","23.37","59","943.22","3420","132","","","","-114","-5.5","34719","1772964349960"
"2544","2026-03-08 07:06:00","23.38","59","943.22","3400","132","","","","-114","-5.5","34720","1772964359987"
"2545","2026-03-08 07:06:09","23.39","59","943.2","3400","128","","","","-114","-5.800000190734863","34721","1772964369943"
"2546","2026-03-08 07:06:20","23.39","59","943.2","3400","124","","","","-114","-5.5","34722","1772964379958"
"2547","2026-03-08 07:06:30","23.4","59","943.2","3420","124","","","","-114","-5.5","34723","1772964389968"
"2548","2026-03-08 07:06:40","23.41","59","943.2","3380","120","","","","-114","-5.300000190734863","34724","1772964399960"
"2549","2026-03-08 07:06:50","23.42","59","943.1800000000001","3380","116","","","","-114","-5","34725","1772964409968"
"2550","2026-03-08 07:06:59","23.43","59","943.16","3380","112","","","","-114","-5.800000190734863","34726","1772964419958"
"2551","2026-03-08 07:07:10","23.43","59","943.1800000000001","3400","112","","","","-114","-6","34727","1772964429961"
"2552","2026-03-08 07:07:20","23.45","59","943.2","3420","108","","","","-114","-5.5","34728","1772964439964"
"2553","2026-03-08 07:07:30","23.45","59","943.1800000000001","3400","104","","","","-114","-5","34729","1772964449966"
"2554","2026-03-08 07:07:40","23.46","59","943.16","3400","100","","","","-114","-5.300000190734863","34730","1772964459966"
"2555","2026-03-08 07:07:50","23.47","59","943.1800000000001","3400","100","","","","-114","-5.800000190734863","34731","1772964469970"
"2556","2026-03-08 07:08:00","23.47","59","943.16","3380","96","","","","-114","-5.800000190734863","34732","1772964479962"
"2557","2026-03-08 07:08:10","23.48","59","943.14","3380","88","","","","-114","-5.5","34733","1772964489965"
"2558","2026-03-08 07:08:20","23.5","59","943.16","3420","84","","","","-114","-5.300000190734863","34734","1772964499970"
"2559","2026-03-08 07:08:30","23.5","59","943.14","3400","80","","","","-114","-5.5","34735","1772964509962"
"2560","2026-03-08 07:08:40","23.51","59","943.16","3400","80","","","","-114","-5.800000190734863","34736","1772964519965"
"2561","2026-03-08 07:08:50","23.52","59","943.16","3420","76","","","","-114","-5.300000190734863","34737","1772964529982"
"2562","2026-03-08 07:09:00","23.53","59","943.2","3380","76","","","","-114","-5.5","34738","1772964539965"
"2563","2026-03-08 07:09:10","23.54","59","943.14","3380","76","","","","-114","-6","34739","1772964549965"
"2564","2026-03-08 07:09:20","23.55","59","943.16","3400","76","","","","-114","-5.300000190734863","34740","1772964559962"
"2565","2026-03-08 07:09:30","23.55","59","943.14","3380","76","","","","-114","-5.5","34741","1772964569958"
"2566","2026-03-08 07:09:40","23.56","59","943.14","3420","72","","","","-114","-5.300000190734863","34742","1772964579964"
"2567","2026-03-08 07:09:50","23.57","59","943.1800000000001","3400","72","","","","-114","-5.300000190734863","34743","1772964589964"
"2568","2026-03-08 07:10:00","23.57","59","943.1800000000001","3420","72","","","","-114","-5.300000190734863","34744","1772964599960"
"2569","2026-03-08 07:10:10","23.58","59","943.1800000000001","3400","72","","","","-114","-5.5","34745","1772964609973"
"2570","2026-03-08 07:10:20","23.59","59","943.1800000000001","3400","68","","","","-114","-5.800000190734863","34746","1772964619965"
"2571","2026-03-08 07:10:30","23.59","59","943.2","3420","68","","","","-114","-5","34747","1772964629959"
"2572","2026-03-08 07:10:40","23.6","59","943.1800000000001","3420","68","","","","-114","-5.800000190734863","34748","1772964639968"
"2573","2026-03-08 07:10:50","23.61","59","943.1800000000001","3420","68","","","","-114","-5.800000190734863","34749","1772964649962"
"2574","2026-03-08 07:11:00","23.61","59","943.2","3380","64","","","","-114","-5.5","34750","1772964659967"
"2575","2026-03-08 07:11:10","23.62","59","943.2","3420","64","","","","-114","-5.300000190734863","34751","1772964669972"
"2576","2026-03-08 07:11:20","23.63","59","943.2","3400","60","","","","-114","-5","34752","1772964679962"
"2577","2026-03-08 07:11:30","23.63","59","943.2","3380","60","","","","-114","-5.5","34753","1772964689965"
"2578","2026-03-08 07:11:40","23.64","59","943.22","3400","64","","","","-114","-5.300000190734863","34754","1772964699971"
"2579","2026-03-08 07:11:50","23.65","59","943.22","3380","64","","","","-114","-5.300000190734863","34755","1772964709964"
"2580","2026-03-08 07:12:00","23.66","59","943.22","3400","64","","","","-114","-5.5","34756","1772964719966"
"2581","2026-03-08 07:12:10","23.66","59","943.22","3380","64","","","","-114","-5.800000190734863","34757","1772964729975"
"2582","2026-03-08 07:12:20","23.66","59","943.26","3380","60","","","","-114","-5.5","34758","1772964739963"
"2583","2026-03-08 07:12:30","23.67","59","943.22","3400","56","","","","-114","-6.300000190734863","34759","1772964749965"
"2584","2026-03-08 07:12:40","23.68","59","943.2","3420","56","","","","-114","-5.800000190734863","34760","1772964759965"
"2585","2026-03-08 07:12:50","23.68","59","943.24","3400","56","","","","-114","-5.800000190734863","34761","1772964769963"
"2586","2026-03-08 07:13:00","23.68","59","943.22","3420","56","","","","-114","-6","34762","1772964779969"
"2587","2026-03-08 07:13:10","23.69","59","943.28","3400","56","","","","-114","-6","34763","1772964789970"
"2588","2026-03-08 07:13:20","23.69","59","943.24","3400","60","","","","-114","-5.800000190734863","34764","1772964799969"
"2589","2026-03-08 07:13:30","23.69","59","943.24","3420","60","","","","-114","-6","34765","1772964809972"
"2590","2026-03-08 07:13:40","23.7","59","943.24","3380","60","","","","-114","-6","34766","1772964819971"
"2591","2026-03-08 07:13:50","23.7","59","943.24","3380","56","","","","-114","-5.800000190734863","34767","1772964829968"
"2592","2026-03-08 07:14:00","23.71","59","943.26","3400","56","","","","-114","-5.800000190734863","34768","1772964839965"
"2593","2026-03-08 07:14:10","23.71","59","943.3000000000001","3380","56","","","","-114","-5.5","34769","1772964849980"
"2594","2026-03-08 07:14:20","23.72","59","943.26","3400","56","","","","-114","-6","34770","1772964859962"
"2595","2026-03-08 07:14:30","23.72","59","943.3000000000001","3380","56","","","","-114","-6.300000190734863","34771","1772964869973"
"2596","2026-03-08 07:14:40","23.72","59","943.28","3380","56","","","","-114","-5.800000190734863","34772","1772964879967"
"2597","2026-03-08 07:14:50","23.73","59","943.26","3400","56","","","","-114","-6.5","34773","1772964889965"
"2598","2026-03-08 07:15:00","23.73","59","943.26","3400","56","","","","-114","-5.800000190734863","34774","1772964899959"
"2599","2026-03-08 07:15:10","23.73","58.5","943.26","3380","56","","","","-114","-5.800000190734863","34775","1772964909969"
"2600","2026-03-08 07:15:20","23.74","59","943.28","3420","56","","","","-114","-5.800000190734863","34776","1772964919964"
"2601","2026-03-08 07:15:30","23.74","59","943.32","3420","56","","","","-114","-6.800000190734863","34777","1772964929967"
"2602","2026-03-08 07:15:40","23.75","59","943.3000000000001","3420","56","","","","-114","-6.5","34778","1772964939974"
"2603","2026-03-08 07:15:50","23.75","58.5","943.34","3380","56","","","","-114","-6.300000190734863","34779","1772964949974"
"2604","2026-03-08 07:16:00","23.75","59","943.3000000000001","3420","56","","","","-114","-7","34780","1772964959971"
"2605","2026-03-08 07:16:10","23.76","59","943.32","3380","56","","","","-114","-6.5","34781","1772964969970"
"2606","2026-03-08 07:16:20","23.76","58.5","943.34","3420","52","","","","-114","-6","34782","1772964979972"
"2607","2026-03-08 07:16:30","23.76","58.5","943.32","3380","52","","","","-114","-6","34783","1772964989963"
"2608","2026-03-08 07:16:40","23.76","59","943.36","3380","52","","","","-114","-6.5","34784","1772964999972"
"2609","2026-03-08 07:16:50","23.77","59","943.34","3380","48","","","","-114","-6.300000190734863","34785","1772965009960"
"2610","2026-03-08 07:17:00","23.77","59","943.34","3420","48","","","","-114","-6","34786","1772965019971"
"2611","2026-03-08 07:17:10","23.78","58.5","943.38","3380","52","","","","-114","-6.300000190734863","34787","1772965029969"
"2612","2026-03-08 07:17:20","23.78","58.5","943.36","3380","52","","","","-114","-5.800000190734863","34788","1772965039953"
"2613","2026-03-08 07:17:30","23.78","59","943.36","3380","52","","","","-114","-6","34789","1772965049967"
"2614","2026-03-08 07:17:40","23.78","59","943.36","3400","48","","","","-114","-6","34790","1772965059968"
"2615","2026-03-08 07:17:50","23.78","58.5","943.36","3420","48","","","","-114","-7","34791","1772965069965"
"2616","2026-03-08 07:18:00","23.79","58.5","943.4","3400","48","","","","-114","-6.300000190734863","34792","1772965079970"
"2617","2026-03-08 07:18:20","23.79","59","943.38","3380","52","","","","-114","-6.5","34794","1772965099968"
"2618","2026-03-08 07:18:30","23.8","59","943.4","3420","52","","","","-114","-6.300000190734863","34795","1772965109963"
"2619","2026-03-08 07:18:40","23.8","58.5","943.38","3400","52","","","","-114","-6.5","34796","1772965119964"
"2620","2026-03-08 07:18:50","23.81","59","943.38","3380","52","","","","-114","-6.5","34797","1772965129973"
"2621","2026-03-08 07:19:00","23.81","58.5","943.38","3380","52","","","","-114","-6.5","34798","1772965139973"
"2622","2026-03-08 07:19:10","23.82","59","943.38","3400","52","","","","-114","-6.300000190734863","34799","1772965149960"
"2623","2026-03-08 07:19:20","23.81","59","943.38","3420","52","","","","-114","-6.300000190734863","34800","1772965159969"
"2624","2026-03-08 07:19:30","23.82","58.5","943.4200000000001","3420","52","","","","-114","-6.300000190734863","34801","1772965169972"
"2625","2026-03-08 07:19:40","23.82","58.5","943.44","3400","52","","","","-114","-6.5","34802","1772965179961"
"2626","2026-03-08 07:19:50","23.82","59","943.44","3400","52","","","","-114","-6.300000190734863","34803","1772965189960"
"2627","2026-03-08 07:20:00","23.82","58.5","943.38","3380","52","","","","-114","-6.5","34804","1772965199969"
"2628","2026-03-08 07:20:10","23.83","58.5","943.4","3380","52","","","","-114","-5.5","34805","1772965209959"
"2629","2026-03-08 07:20:20","23.83","59","943.4","3400","52","","","","-114","-6.300000190734863","34806","1772965219963"
"2630","2026-03-08 07:20:30","23.83","58.5","943.4200000000001","3420","48","","","","-114","-6.5","34807","1772965229973"
"2631","2026-03-08 07:20:40","23.83","59","943.4","3380","48","","","","-114","-6.800000190734863","34808","1772965239970"
"2632","2026-03-08 07:20:50","23.84","58.5","943.38","3420","52","","","","-114","-6.800000190734863","34809","1772965249964"
"2633","2026-03-08 07:21:00","23.84","58.5","943.4","3400","52","","","","-114","-5.800000190734863","34810","1772965259965"
"2634","2026-03-08 07:21:10","23.84","58.5","943.4200000000001","3400","52","","","","-114","-6.800000190734863","34811","1772965269966"
"2635","2026-03-08 07:21:20","23.84","59","943.4200000000001","3420","52","","","","-114","-6.300000190734863","34812","1772965279964"
"2636","2026-03-08 07:21:30","23.84","59","943.44","3400","52","","","","-114","-6.5","34813","1772965289963"
"2637","2026-03-08 07:21:40","23.85","58.5","943.4200000000001","3420","52","","","","-114","-6","34814","1772965299961"
"2638","2026-03-08 07:21:50","23.85","59","943.4","3400","52","","","","-114","-6","34815","1772965309959"
"2639","2026-03-08 07:22:00","23.85","58.5","943.4200000000001","3400","52","","","","-114","-7","34816","1772965319965"
"2640","2026-03-08 07:22:10","23.85","58.5","943.4","3380","52","","","","-114","-6.300000190734863","34817","1772965329967"
"2641","2026-03-08 07:22:20","23.85","58.5","943.4","3420","52","","","","-114","-5.5","34818","1772965339997"
"2642","2026-03-08 07:22:30","23.85","59","943.4","3380","56","","","","-114","-6.300000190734863","34819","1772965349971"
"2643","2026-03-08 07:22:40","23.85","59","943.4200000000001","3380","56","","","","-114","-6.300000190734863","34820","1772965359969"
"2644","2026-03-08 07:22:50","23.86","59","943.4","3400","56","","","","-114","-6.5","34821","1772965369961"
"2645","2026-03-08 07:23:00","23.85","59","943.4","3400","56","","","","-114","-6.5","34822","1772965379964"
"2646","2026-03-08 07:23:10","23.86","58.5","943.44","3420","56","","","","-114","-6.5","34823","1772965389967"
"2647","2026-03-08 07:23:20","23.86","58.5","943.4200000000001","3380","56","","","","-114","-6.800000190734863","34824","1772965399963"
"2648","2026-03-08 07:23:30","23.86","58.5","943.4200000000001","3420","56","","","","-114","-6.300000190734863","34825","1772965409980"
"2649","2026-03-08 07:23:40","23.86","59","943.4200000000001","3380","56","","","","-114","-5.800000190734863","34826","1772965419970"
"2650","2026-03-08 07:23:50","23.87","59","943.44","3420","56","","","","-114","-6.300000190734863","34827","1772965429961"
"2651","2026-03-08 07:24:00","23.87","59","943.44","3380","56","","","","-114","-6.800000190734863","34828","1772965439960"
"2652","2026-03-08 07:24:10","23.87","59","943.44","3400","56","","","","-114","-6.800000190734863","34829","1772965449967"
"2653","2026-03-08 07:24:20","23.87","59","943.44","3420","56","","","","-114","-5.800000190734863","34830","1772965459961"
"2654","2026-03-08 07:24:30","23.87","58.5","943.4200000000001","3380","56","","","","-114","-6.800000190734863","34831","1772965469968"
"2655","2026-03-08 07:24:40","23.88","59","943.44","3420","56","","","","-114","-6.800000190734863","34832","1772965479968"
"2656","2026-03-08 07:24:50","23.87","58.5","943.4200000000001","3380","56","","","","-114","-6.5","34833","1772965489963"
"2657","2026-03-08 07:25:00","23.87","58.5","943.44","3380","56","","","","-114","-6.300000190734863","34834","1772965499970"
"2658","2026-03-08 07:25:09","23.88","59","943.46","3380","56","","","","-115","-7","34835","1772965509928"
"2659","2026-03-08 07:25:20","23.88","59","943.44","3400","56","","","","-115","-5.800000190734863","34836","1772965519972"
"2660","2026-03-08 07:25:30","23.88","58.5","943.4200000000001","3380","56","","","","-114","-6","34837","1772965529964"
"2661","2026-03-08 07:25:40","23.88","59","943.46","3420","56","","","","-114","-6.800000190734863","34838","1772965539964"
"2662","2026-03-08 07:25:50","23.88","59","943.46","3420","56","","","","-114","-5.800000190734863","34839","1772965549970"
"2663","2026-03-08 07:26:00","23.88","59","943.5","3420","56","","","","-114","-6.5","34840","1772965559958"
"2664","2026-03-08 07:26:10","23.88","59","943.48","3420","56","","","","-114","-6.5","34841","1772965569970"
"2665","2026-03-08 07:26:19","23.88","59","943.5","3380","56","","","","-114","-6.5","34842","1772965579923"
"2666","2026-03-08 07:26:40","23.89","59","943.5","3380","52","","","","-114","-6.300000190734863","34844","1772965599970"
"2667","2026-03-08 07:26:50","23.89","59","943.52","3380","52","","","","-114","-6.800000190734863","34845","1772965609958"
"2668","2026-03-08 07:27:00","23.89","58.5","943.48","3380","52","","","","-114","-6.800000190734863","34846","1772965619957"
"2669","2026-03-08 07:27:10","23.89","59","943.5","3400","52","","","","-114","-7","34847","1772965629955"
"2670","2026-03-08 07:27:20","23.89","59","943.48","3420","52","","","","-114","-6.800000190734863","34848","1772965639957"
"2671","2026-03-08 07:27:30","23.89","59","943.52","3420","56","","","","-114","-6.800000190734863","34849","1772965649951"
"2672","2026-03-08 07:27:40","23.89","59","943.5","3420","56","","","","-114","-6.5","34850","1772965659961"
"2673","2026-03-08 07:27:50","23.89","59","943.5","3400","56","","","","-114","-5.800000190734863","34851","1772965669961"
"2674","2026-03-08 07:28:00","23.89","59","943.54","3400","56","","","","-114","-6.800000190734863","34852","1772965679953"
"2675","2026-03-08 07:28:10","23.89","59","943.5","3380","56","","","","-114","-6.300000190734863","34853","1772965689956"
"2676","2026-03-08 07:28:20","23.9","59","943.52","3380","56","","","","-114","-6","34854","1772965699964"
"2677","2026-03-08 07:28:30","23.9","59","943.52","3380","56","","","","-114","-6.5","34855","1772965709973"
"2678","2026-03-08 07:28:40","23.89","59","943.5","3400","56","","","","-114","-6.800000190734863","34856","1772965719956"
"2679","2026-03-08 07:28:50","23.9","59","943.5","3420","52","","","","-114","-6.300000190734863","34857","1772965729956"
"2680","2026-03-08 07:29:00","23.9","59","943.5600000000001","3400","52","","","","-114","-6.5","34858","1772965739961"
"2681","2026-03-08 07:29:10","23.9","59","943.52","3400","52","","","","-114","-5.800000190734863","34859","1772965749968"
"2682","2026-03-08 07:29:20","23.9","59","943.54","3420","52","","","","-114","-6.300000190734863","34860","1772965759970"
"2683","2026-03-08 07:29:30","23.9","59","943.54","3380","52","","","","-114","-5.800000190734863","34861","1772965769968"
"2684","2026-03-08 07:29:40","23.9","59","943.5600000000001","3380","52","","","","-114","-6.5","34862","1772965779964"
"2685","2026-03-08 07:29:50","23.9","59","943.5600000000001","3400","52","","","","-114","-6.300000190734863","34863","1772965789968"
"2686","2026-03-08 07:30:00","23.9","59","943.5600000000001","3400","52","","","","-114","-6.5","34864","1772965799966"
"2687","2026-03-08 07:30:10","23.91","59","943.58","3400","56","","","","-114","-6.300000190734863","34865","1772965809958"
"2688","2026-03-08 07:30:20","23.9","59","943.5600000000001","3420","56","","","","-114","-6.300000190734863","34866","1772965819959"
"2689","2026-03-08 07:30:30","23.91","59","943.58","3400","56","","","","-114","-6.5","34867","1772965829962"
"2690","2026-03-08 07:30:40","23.91","59","943.58","3380","56","","","","-114","-6.800000190734863","34868","1772965839963"
"2691","2026-03-08 07:30:50","23.91","59","943.58","3380","56","","","","-114","-6.5","34869","1772965849965"
"2692","2026-03-08 07:31:10","23.91","59","943.6","3380","56","","","","-115","-7.300000190734863","34871","1772965869959"
"2693","2026-03-08 07:31:20","23.91","59","943.6","3420","56","","","","-114","-7","34872","1772965879972"
"2694","2026-03-08 07:31:50","23.91","59","943.5600000000001","3420","56","","","","-114","-7","34875","1772965909968"
"2695","2026-03-08 07:32:00","23.91","59","943.58","3400","60","","","","-114","-6.5","34876","1772965919966"
"2696","2026-03-08 07:32:10","23.92","59","943.62","3400","60","","","","-114","-6","34877","1772965929972"
"2697","2026-03-08 07:32:20","23.92","59","943.6","3380","60","","","","-114","-6.300000190734863","34878","1772965939967"
"2698","2026-03-08 07:32:30","23.92","59","943.62","3420","60","","","","-114","-7.800000190734863","34879","1772965949957"
"2699","2026-03-08 07:32:40","23.92","59","943.58","3400","60","","","","-114","-6.5","34880","1772965959961"
"2700","2026-03-08 07:32:50","23.92","59","943.62","3380","60","","","","-114","-6.5","34881","1772965969964"
"2701","2026-03-08 07:33:00","23.92","59","943.6","3380","60","","","","-114","-6.300000190734863","34882","1772965979961"
"2702","2026-03-08 07:33:20","23.92","59","943.66","3420","60","","","","-114","-6.5","34884","1772965999961"
"2703","2026-03-08 07:33:30","23.92","59","943.64","3420","64","","","","-114","-6","34885","1772966009955"
"2704","2026-03-08 07:33:40","23.92","59","943.66","3400","64","","","","-114","-6.5","34886","1772966019965"
"2705","2026-03-08 07:33:50","23.92","59","943.62","3420","64","","","","-114","-6.800000190734863","34887","1772966029961"
"2706","2026-03-08 07:34:00","23.92","59","943.64","3420","64","","","","-114","-7","34888","1772966039969"
"2707","2026-03-08 07:34:10","23.92","59","943.62","3400","64","","","","-115","-7.300000190734863","34889","1772966049957"
"2708","2026-03-08 07:34:20","23.92","59","943.66","3380","64","","","","-115","-6.800000190734863","34890","1772966059962"
"2709","2026-03-08 07:34:30","23.92","59","943.6800000000001","3380","68","","","","-114","-6.800000190734863","34891","1772966069957"
"2710","2026-03-08 07:34:40","23.93","59","943.64","3400","68","","","","-114","-7","34892","1772966079971"
"2711","2026-03-08 07:34:50","23.93","59","943.66","3380","68","","","","-114","-6.800000190734863","34893","1772966089957"
"2712","2026-03-08 07:35:00","23.93","59","943.66","3400","68","","","","-114","-6.5","34894","1772966099968"
"2713","2026-03-08 07:35:10","23.92","59","943.66","3400","68","","","","-114","-7.300000190734863","34895","1772966109965"
"2714","2026-03-08 07:35:20","23.93","59","943.7","3380","68","","","","-114","-6.300000190734863","34896","1772966119954"
"2715","2026-03-08 07:35:30","23.93","59","943.6800000000001","3380","72","","","","-114","-6.800000190734863","34897","1772966129967"
"2716","2026-03-08 07:35:40","23.93","59","943.66","3380","72","","","","-114","-6","34898","1772966139959"
"2717","2026-03-08 07:35:50","23.93","59","943.6800000000001","3420","72","","","","-114","-7","34899","1772966149956"
"2718","2026-03-08 07:36:00","23.94","59","943.6800000000001","3420","72","","","","-114","-7.300000190734863","34900","1772966159958"
"2719","2026-03-08 07:36:10","23.94","59","943.6800000000001","3400","76","","","","-114","-7","34901","1772966169962"
"2720","2026-03-08 07:36:20","23.94","59","943.6800000000001","3420","76","","","","-114","-6.800000190734863","34902","1772966179959"
"2721","2026-03-08 07:36:30","23.94","59","943.6800000000001","3380","76","","","","-114","-6.800000190734863","34903","1772966189958"
"2722","2026-03-08 07:36:40","23.94","59","943.66","3400","76","","","","-114","-7.300000190734863","34904","1772966199959"
"2723","2026-03-08 07:36:50","23.95","59","943.6800000000001","3420","76","","","","-114","-7","34905","1772966209968"
"2724","2026-03-08 07:37:00","23.94","59","943.7","3380","76","","","","-114","-6","34906","1772966219957"
"2725","2026-03-08 07:37:20","23.95","59","943.6800000000001","3400","76","","","","-114","-7.300000190734863","34908","1772966239930"
"2726","2026-03-08 07:37:29","23.95","59","943.72","3420","76","","","","-114","-7","34909","1772966249956"
"2727","2026-03-08 07:37:40","23.95","59","943.6800000000001","3380","76","","","","-114","-6.800000190734863","34910","1772966259958"
"2728","2026-03-08 07:37:50","23.95","59","943.72","3380","76","","","","-115","-7.5","34911","1772966269955"
"2729","2026-03-08 07:38:00","23.95","59","943.7","3380","76","","","","-114","-7","34912","1772966279959"
"2730","2026-03-08 07:38:10","23.96","59","943.7","3420","76","","","","-114","-7","34913","1772966289962"
"2731","2026-03-08 07:38:20","23.96","59","943.72","3380","76","","","","-114","-7.5","34914","1772966299956"
"2732","2026-03-08 07:38:30","23.96","59","943.7","3400","76","","","","-114","-6.800000190734863","34915","1772966309966"
"2733","2026-03-08 07:38:40","23.96","59","943.7","3400","72","","","","-114","-6.800000190734863","34916","1772966319964"
"2734","2026-03-08 07:38:50","23.96","59","943.74","3420","72","","","","-114","-7","34917","1772966329956"
"2735","2026-03-08 07:39:00","23.96","59","943.72","3400","72","","","","-115","-7.300000190734863","34918","1772966339961"
"2736","2026-03-08 07:39:10","23.96","59","943.7","3420","72","","","","-115","-7.300000190734863","34919","1772966349961"
"2737","2026-03-08 07:39:20","23.97","59","943.7","3400","68","","","","-114","-6.5","34920","1772966359959"
"2738","2026-03-08 07:39:30","23.97","59","943.72","3400","68","","","","-114","-7.300000190734863","34921","1772966369963"
"2739","2026-03-08 07:39:40","23.96","59","943.66","3400","68","","","","-114","-7","34922","1772966379964"
"2740","2026-03-08 07:39:50","23.97","59","943.72","3380","68","","","","-114","-6.800000190734863","34923","1772966389930"
"2741","2026-03-08 07:40:00","23.97","59","943.7","3400","68","","","","-114","-7","34924","1772966399966"
"2742","2026-03-08 07:40:10","23.97","59","943.72","3420","68","","","","-114","-6.800000190734863","34925","1772966409976"
"2743","2026-03-08 07:40:20","23.97","59","943.72","3400","68","","","","-114","-6.800000190734863","34926","1772966419971"
"2744","2026-03-08 07:40:30","23.97","59","943.72","3420","68","","","","-114","-7.5","34927","1772966429954"
"2745","2026-03-08 07:40:40","23.97","59","943.74","3380","68","","","","-114","-6.800000190734863","34928","1772966439982"
"2746","2026-03-08 07:40:50","23.97","59","943.72","3400","68","","","","-114","-7.300000190734863","34929","1772966449962"
"2747","2026-03-08 07:41:00","23.97","59","943.7","3380","68","","","","-114","-6.800000190734863","34930","1772966459967"
"2748","2026-03-08 07:41:20","23.97","59","943.72","3380","68","","","","-114","-8.300000190734863","34932","1772966479958"
"2749","2026-03-08 07:41:39","23.98","59","943.7","3380","68","","","","-115","-8","34934","1772966499928"
"2750","2026-03-08 07:42:00","23.98","59","943.72","3420","68","","","","-115","-8.800000190734863","34936","1772966519966"
"2751","2026-03-08 07:42:09","23.98","59","943.74","3400","68","","","","-115","-9.300000190734863","34937","1772966529935"
"2752","2026-03-08 07:42:20","23.98","59","943.74","3400","68","","","","-114","-9.300000190734863","34938","1772966539960"
"2753","2026-03-08 07:42:39","23.99","59","943.76","3380","68","","","","-115","-8.5","34940","1772966559931"
"2754","2026-03-08 07:42:50","23.99","59","943.72","3400","68","","","","-114","-8.800000190734863","34941","1772966569968"
"2755","2026-03-08 07:43:30","23.99","59","943.72","3380","68","","","","-114","-7.5","34945","1772966609962"
"2756","2026-03-08 07:44:00","23.99","59","943.72","3380","72","","","","-115","-8.300000190734863","34948","1772966639957"
"2757","2026-03-08 07:44:10","23.99","59","943.72","3380","72","","","","-114","-7.800000190734863","34949","1772966649959"
"2758","2026-03-08 07:44:20","23.99","59","943.7","3380","72","","","","-115","-8.800000190734863","34950","1772966659960"
"2759","2026-03-08 07:44:30","23.99","59","943.74","3380","72","","","","-114","-7.800000190734863","34951","1772966669954"
"2760","2026-03-08 07:44:40","23.99","59","943.74","3380","72","","","","-114","-7.5","34952","1772966679953"
"2761","2026-03-08 07:44:50","23.99","59","943.76","3400","72","","","","-114","-7.300000190734863","34953","1772966689965"
"2762","2026-03-08 07:45:00","23.99","59","943.74","3380","72","","","","-115","-8.800000190734863","34954","1772966699970"
"2763","2026-03-08 07:45:20","23.99","59","943.74","3380","76","","","","-114","-8","34956","1772966719963"
"2764","2026-03-08 07:45:30","23.99","59","943.72","3400","76","","","","-114","-7","34957","1772966730004"
"2765","2026-03-08 07:45:40","24","59","943.74","3380","76","","","","-114","-7.300000190734863","34958","1772966739952"
"2766","2026-03-08 07:45:50","24","59","943.74","3380","76","","","","-114","-8.300000190734863","34959","1772966749959"
"2767","2026-03-08 07:46:20","24","59","943.72","3420","76","","","","-115","-8.800000190734863","34962","1772966779963"
"2768","2026-03-08 07:46:30","24","59","943.72","3380","76","","","","-114","-8.800000190734863","34963","1772966789960"
"2769","2026-03-08 07:47:10","24.01","59","943.7","3400","80","","","","-115","-7.800000190734863","34967","1772966829946"
"2770","2026-03-08 07:47:20","24","59","943.7","3380","80","","","","-114","-7.800000190734863","34968","1772966839961"
"2771","2026-03-08 07:47:40","24.01","59","943.6800000000001","3380","84","","","","-114","-7.5","34970","1772966859921"
"2772","2026-03-08 07:47:50","24.01","59","943.6800000000001","3420","84","","","","-114","-7.800000190734863","34971","1772966869949"
"2773","2026-03-08 07:48:00","24.01","59","943.7","3400","84","","","","-114","-6.800000190734863","34972","1772966879954"
"2774","2026-03-08 07:48:10","24.01","59","943.7","3400","84","","","","-114","-7","34973","1772966889950"
"2775","2026-03-08 07:48:20","24.01","59","943.6800000000001","3380","84","","","","-114","-7.5","34974","1772966899960"
"2776","2026-03-08 07:48:30","24.01","59","943.6800000000001","3380","84","","","","-114","-7","34975","1772966909957"
"2777","2026-03-08 07:48:40","24.01","59","943.7","3380","84","","","","-115","-8","34976","1772966919954"
"2778","2026-03-08 07:48:50","24.02","59","943.7","3400","84","","","","-114","-7","34977","1772966929963"
"2779","2026-03-08 07:49:00","24.02","59","943.7","3400","84","","","","-115","-8","34978","1772966939959"
"2780","2026-03-08 07:49:10","24.01","59","943.7","3380","84","","","","-114","-7","34979","1772966949956"
"2781","2026-03-08 07:49:30","24.02","59","943.72","3400","84","","","","-115","-7.300000190734863","34981","1772966969966"
"2782","2026-03-08 07:49:50","24.02","59","943.72","3380","84","","","","-114","-7.5","34983","1772966989954"
"2783","2026-03-08 07:50:00","24.03","59","943.72","3400","84","","","","-115","-8.300000190734863","34984","1772966999959"
"2784","2026-03-08 07:50:10","24.02","59","943.74","3380","84","","","","-114","-8","34985","1772967009957"
"2785","2026-03-08 07:50:20","24.03","59","943.72","3380","84","","","","-115","-7.5","34986","1772967019959"
"2786","2026-03-08 07:50:30","24.03","59","943.74","3400","80","","","","-115","-8","34987","1772967029957"
"2787","2026-03-08 07:50:40","24.03","59","943.72","3400","80","","","","-114","-7.800000190734863","34988","1772967039958"
"2788","2026-03-08 07:50:50","24.03","59","943.72","3420","80","","","","-114","-8","34989","1772967049963"
"2789","2026-03-08 07:51:00","24.03","59","943.74","3380","80","","","","-114","-8","34990","1772967060002"
"2790","2026-03-08 07:51:10","24.03","59","943.72","3400","80","","","","-114","-7","34991","1772967069953"
"2791","2026-03-08 07:51:20","24.03","59","943.72","3400","80","","","","-114","-8.5","34992","1772967079960"
"2792","2026-03-08 07:51:30","24.03","59","943.76","3420","80","","","","-114","-8.300000190734863","34993","1772967089958"
"2793","2026-03-08 07:51:40","24.03","59","943.72","3400","84","","","","-115","-8.5","34994","1772967099966"
"2794","2026-03-08 07:51:50","24.03","59","943.74","3380","84","","","","-114","-7.5","34995","1772967109961"
"2795","2026-03-08 07:52:00","24.03","59","943.76","3380","84","","","","-114","-7.800000190734863","34996","1772967119955"
"2796","2026-03-08 07:52:10","24.03","59","943.74","3420","84","","","","-115","-9.300000190734863","34997","1772967129953"
"2797","2026-03-08 07:52:20","24.04","59","943.76","3380","84","","","","-115","-8","34998","1772967139957"
"2798","2026-03-08 07:52:30","24.04","59","943.76","3420","88","","","","-114","-7.5","34999","1772967149958"
"2799","2026-03-08 07:52:40","24.04","59","943.76","3400","88","","","","-115","-8","35000","1772967159961"
"2800","2026-03-08 07:53:00","24.04","59","943.74","3380","92","","","","-114","-7","35002","1772967179960"
"2801","2026-03-08 07:53:10","24.04","59","943.74","3400","92","","","","-115","-8","35003","1772967189972"
"2802","2026-03-08 07:53:20","24.04","59","943.76","3400","92","","","","-115","-7.800000190734863","35004","1772967199949"
"2803","2026-03-08 07:53:29","24.05","59","943.76","3420","96","","","","-114","-8.300000190734863","35005","1772967209921"
"2804","2026-03-08 07:53:40","24.05","59","943.74","3380","96","","","","-114","-7.300000190734863","35006","1772967219997"
"2805","2026-03-08 07:54:00","24.05","59","943.78","3380","100","","","","-115","-8.300000190734863","35008","1772967239964"
"2806","2026-03-08 07:54:10","24.05","59","943.76","3420","100","","","","-114","-7.300000190734863","35009","1772967249942"
"2807","2026-03-08 07:54:20","24.05","59","943.76","3420","100","","","","-115","-7.800000190734863","35010","1772967259952"
"2808","2026-03-08 07:54:40","24.05","59","943.76","3380","104","","","","-114","-8.300000190734863","35012","1772967279927"
"2809","2026-03-08 07:54:49","24.05","59","943.78","3380","104","","","","-114","-8","35013","1772967289951"
"2810","2026-03-08 07:55:00","24.06","59","943.76","3420","108","","","","-114","-8.5","35014","1772967299963"
"2811","2026-03-08 07:55:10","24.05","59","943.8000000000001","3380","112","","","","-115","-9","35015","1772967309923"
"2812","2026-03-08 07:55:50","24.06","59","943.8000000000001","3400","120","","","","-115","-8.800000190734863","35019","1772967349925"
"2813","2026-03-08 07:56:00","24.06","59","943.82","3380","120","","","","-115","-9.800000190734863","35020","1772967359976"
"2814","2026-03-08 07:56:10","24.06","59","943.82","3420","124","","","","-115","-8.300000190734863","35021","1772967369924"
"2815","2026-03-08 07:57:10","24.08","58.5","943.82","3380","136","","","","-114","-7.800000190734863","35027","1772967429968"
"2816","2026-03-08 07:57:20","24.07","59","943.84","3380","136","","","","-114","-7.5","35028","1772967439962"
"2817","2026-03-08 07:57:30","24.08","59","943.86","3380","136","","","","-114","-7.5","35029","1772967449961"
"2818","2026-03-08 07:58:30","24.09","58.5","943.86","3380","152","","","","-114","-6.800000190734863","35035","1772967509954"
"2819","2026-03-08 07:58:40","24.09","58.5","943.88","3380","152","","","","-114","-7.800000190734863","35036","1772967519956"
"2820","2026-03-08 07:59:10","24.1","58.5","943.9200000000001","3380","156","","","","-115","-8.5","35039","1772967549951"
"2821","2026-03-08 07:59:20","24.1","58.5","943.9","3380","156","","","","-114","-9","35040","1772967559959"
"2822","2026-03-08 07:59:30","24.1","58.5","943.88","3400","156","","","","-115","-9","35041","1772967569953"
"2823","2026-03-08 07:59:50","24.11","58.5","943.86","3420","160","","","","-114","-8.5","35043","1772967589964"
"2824","2026-03-08 08:00:10","24.11","58.5","943.88","3380","164","","","","-115","-9.300000190734863","35045","1772967609951"
"2825","2026-03-08 08:00:30","24.11","58.5","943.86","3420","168","","","","-115","-7.5","35047","1772967629947"
"2826","2026-03-08 08:00:40","24.12","58.5","943.86","3420","172","","","","-114","-7.5","35048","1772967639959"
"2827","2026-03-08 08:00:50","24.12","58.5","943.9","3420","172","","","","-114","-7.300000190734863","35049","1772967649961"
"2828","2026-03-08 08:01:00","24.13","58.5","943.86","3380","176","","","","-115","-7.800000190734863","35050","1772967659934"
"2829","2026-03-08 08:01:10","24.13","58.5","943.9","3420","176","","","","-114","-7.800000190734863","35051","1772967669961"
"2830","2026-03-08 08:01:20","24.14","58.5","943.88","3380","180","","","","-114","-7.5","35052","1772967679954"
"2831","2026-03-08 08:01:40","24.14","58.5","943.88","3380","184","","","","-114","-8.300000190734863","35054","1772967699957"
"2832","2026-03-08 08:01:50","24.15","58.5","943.86","3400","188","","","","-114","-7.800000190734863","35055","1772967709955"
"2833","2026-03-08 08:02:00","24.14","58.5","943.86","3380","188","","","","-115","-7.800000190734863","35056","1772967719959"
"2834","2026-03-08 08:02:20","24.15","58.5","943.88","3380","196","","","","-114","-8","35058","1772967739955"
"2835","2026-03-08 08:04:10","24.19","58.5","943.88","3400","228","","","","-115","-10.300000190734863","35069","1772967849949"
"2836","2026-03-08 08:04:20","24.2","58.5","943.86","3380","228","","","","-115","-10.5","35070","1772967859955"
"2837","2026-03-08 08:05:40","24.23","58.5","943.9","3380","264","","","","-115","-9.800000190734863","35078","1772967939950"
"2838","2026-03-08 08:06:10","24.24","58.5","943.88","3380","280","","","","-115","-9","35081","1772967969959"
"2839","2026-03-08 08:06:50","24.27","58.5","943.9","3380","296","","","","-115","-9.800000190734863","35085","1772968009947"
"2840","2026-03-08 08:07:20","24.29","58.5","943.9","3400","308","","","","-114","-7.300000190734863","35088","1772968039957"
"2841","2026-03-08 08:07:30","24.29","58.5","943.9200000000001","3380","316","","","","-114","-8","35089","1772968049958"
"2842","2026-03-08 08:07:40","24.3","58.5","943.9","3380","320","","","","-115","-7.5","35090","1772968059954"
"2843","2026-03-08 08:08:10","24.33","58.5","943.9200000000001","3380","340","","","","-115","-9.5","35093","1772968089944"
"2844","2026-03-08 08:08:50","24.37","58","943.94","3380","372","","","","-115","-9.800000190734863","35097","1772968129949"
"2845","2026-03-08 08:09:00","24.38","58","943.96","3380","376","","","","-114","-7.800000190734863","35098","1772968139964"
"2846","2026-03-08 08:09:20","24.4","58","943.94","3400","392","","","","-115","-10","35100","1772968159957"
"2847","2026-03-08 08:09:40","24.43","58","943.94","3380","408","","","","-115","-9.5","35102","1772968179958"
"2848","2026-03-08 08:10:00","24.46","58","943.98","3380","428","","","","-115","-9.300000190734863","35104","1772968199958"
"2849","2026-03-08 08:10:20","24.49","58","943.98","3420","452","","","","-114","-7.800000190734863","35106","1772968219952"
"2850","2026-03-08 08:10:40","24.52","58","943.96","3400","476","","","","-115","-9","35108","1772968239955"
"2851","2026-03-08 08:14:40","25.13","56.5","944.08","3340","612","","","","-115","-8.800000190734863","35132","1772968479951"
"2852","2026-03-08 08:15:40","25.32","56.5","944.12","3380","620","","","","-115","-9.800000190734863","35138","1772968539952"
"2853","2026-03-08 08:19:30","26.06","55","944.12","3420","672","","","","-115","-8.5","35161","1772968769954"
"2854","2026-03-08 08:19:49","26.13","55","944.1800000000001","3400","676","","","","-114","-8.300000190734863","35163","1772968789949"
"2855","2026-03-08 08:20:00","26.16","55","944.16","3420","676","","","","-115","-7.800000190734863","35164","1772968799940"
"2856","2026-03-08 08:20:10","26.2","54.5","944.2","3440","680","","","","-115","-7.5","35165","1772968809955"
"2857","2026-03-08 08:20:30","26.26","54.5","944.1800000000001","3420","684","","","","-115","-10","35167","1772968829949"
"2858","2026-03-08 08:20:40","26.3","54.5","944.1800000000001","3440","684","","","","-115","-10.5","35168","1772968839954"
"2859","2026-03-08 08:21:50","26.52","54.5","944.2","3420","688","","","","-114","-9.800000190734863","35175","1772968909943"
"2860","2026-03-08 08:24:20","26.99","53.5","944.22","3440","696","","","","-114","-9.5","35190","1772969059950"
"2861","2026-03-08 08:25:50","27.26","53","944.22","3440","696","","","","-115","-9.5","35199","1772969149942"
"2862","2026-03-08 08:26:00","27.3","53","944.2","3420","696","","","","-114","-9","35200","1772969159946"
"2863","2026-03-08 08:26:40","27.41","53","944.22","3440","696","","","","-115","-9.5","35204","1772969199951"
"2864","2026-03-08 08:26:50","27.45","53","944.26","3420","696","","","","-114","-8.800000190734863","35205","1772969209936"
"2865","2026-03-08 08:27:00","27.48","53","944.26","3460","700","","","","-114","-9","35206","1772969219947"
"2866","2026-03-08 08:27:40","27.59","53","944.26","3420","700","","","","-114","-9.5","35210","1772969259947"
"2867","2026-03-08 08:28:00","27.65","52.5","944.3000000000001","3420","696","","","","-114","-9","35212","1772969279958"
"2868","2026-03-08 08:28:49","27.81","52.5","944.32","3420","696","","","","-114","-9.300000190734863","35217","1772969329948"
"2869","2026-03-08 08:29:50","27.97","52.5","944.3000000000001","3460","696","","","","-114","-9.300000190734863","35223","1772969389950"
"2870","2026-03-08 08:30:10","28.02","52.5","944.28","3440","696","","","","-114","-9.800000190734863","35225","1772969409945"
"2871","2026-03-08 08:30:20","28.06","52","944.34","3420","696","","","","-114","-8.300000190734863","35226","1772969419927"
"2872","2026-03-08 08:30:30","28.09","52","944.3000000000001","3440","696","","","","-114","-10.300000190734863","35227","1772969429950"
"2873","2026-03-08 08:30:40","28.11","52","944.3000000000001","3420","696","","","","-114","-9.800000190734863","35228","1772969439958"
"2874","2026-03-08 08:30:59","28.17","52","944.3000000000001","3420","700","","","","-114","-8.5","35230","1772969459916"
"2875","2026-03-08 08:31:10","28.2","52","944.28","3420","700","","","","-114","-8.800000190734863","35231","1772969469948"
"2876","2026-03-08 08:32:00","28.34","52","944.32","3440","708","","","","-113","-9","35236","1772969519954"
"2877","2026-03-08 08:32:10","28.36","52","944.3000000000001","3420","708","","","","-114","-9.300000190734863","35237","1772969529946"
"2878","2026-03-08 08:33:00","28.5","51.5","944.3000000000001","3460","712","","","","-114","-10.300000190734863","35242","1772969579947"
"2879","2026-03-08 08:33:40","28.6","51.5","944.3000000000001","3460","720","","","","-114","-9.300000190734863","35246","1772969619943"
"2880","2026-03-08 08:37:20","29.2","51","944.32","3420","756","","","","-114","-10","35268","1772969839939"
"2881","2026-03-08 08:38:10","29.32","51","944.28","3440","764","","","","-114","-10","35273","1772969889919"
"2882","2026-03-08 08:42:40","29.98","50","944.3000000000001","3460","760","","","","-114","-10.300000190734863","35300","1772970159948"
"2883","2026-03-08 08:43:10","30.04","50","944.34","3440","760","","","","-114","-9.300000190734863","35303","1772970189938"
"2884","2026-03-08 08:46:00","30.44","49.5","944.36","3460","760","","","","-113","-9","35320","1772970359945"
"2885","2026-03-08 08:46:40","30.53","49.5","944.34","3440","760","","","","-114","-10","35324","1772970399949"
"2886","2026-03-08 08:47:00","30.57","49.5","944.38","3460","764","","","","-114","-10","35326","1772970419951"
"2887","2026-03-08 08:47:59","30.7","49.5","944.38","3440","764","","","","-114","-10.300000190734863","35332","1772970479946"
"2888","2026-03-08 08:48:30","30.77","49","944.36","3460","764","","","","-114","-10","35335","1772970509952"
"2889","2026-03-08 08:48:49","30.82","49","944.4","3420","764","","","","-114","-10.5","35337","1772970529939"
"2890","2026-03-08 08:49:40","30.92","49","944.44","3420","760","","","","-114","-9.800000190734863","35342","1772970579954"
"2891","2026-03-08 08:57:10","31.85","48","944.5600000000001","3480","712","","","","-114","-9.5","35387","1772971029952"
"2892","2026-03-08 08:57:40","31.9","48","944.52","3440","716","","","","-114","-10","35390","1772971059949"
"2893","2026-03-08 09:00:19","32.2","47.5","944.64","3420","728","","","","-114","-9.5","35406","1772971219945"
"2894","2026-03-08 09:00:40","32.24","47.5","944.62","3480","728","","","","-114","-9.800000190734863","35408","1772971239919"
"2895","2026-03-08 09:01:10","32.29","47.5","944.6800000000001","3480","720","","","","-114","-9.800000190734863","35411","1772971269986"
"2896","2026-03-08 09:05:50","32.74","47","944.64","3460","688","","","","-113","-8.5","35439","1772971549940"
"2897","2026-03-08 09:05:59","32.75","47","944.66","3460","688","","","","-114","-10.300000190734863","35440","1772971559934"
"2898","2026-03-08 09:06:20","32.79","47","944.7","3480","688","","","","-114","-10.300000190734863","35442","1772971579948"
"2899","2026-03-08 09:06:30","32.8","47","944.66","3440","688","","","","-114","-9.5","35443","1772971589948"
"2900","2026-03-08 09:34:00","32.71","48.5","944.84","3460","332","","","","-114","-9.300000190734863","35608","1772973239948"
"2901","2026-03-08 09:34:20","32.73","48.5","944.82","3460","416","","","","-114","-7.5","35610","1772973259932"
"2902","2026-03-08 09:34:39","32.76","48.5","944.88","3480","672","","","","-114","-9","35612","1772973279938"
"2903","2026-03-08 09:35:30","32.83","48.5","944.88","3480","648","","","","-114","-9.5","35617","1772973329939"
"2904","2026-03-08 09:40:40","33.31","47.5","944.9200000000001","3440","640","","","","-114","-9.300000190734863","35648","1772973639938"
"2905","2026-03-08 09:41:10","33.35","47.5","944.9","3460","624","","","","-114","-8.800000190734863","35651","1772973669929"
"2906","2026-03-08 09:44:30","33.6","47","944.9","3460","568","","","","-113","-8.300000190734863","35671","1772973869937"
"2907","2026-03-08 09:48:20","33.78","46.5","944.96","3440","500","","","","-114","-9.300000190734863","35694","1772974099936"
"2908","2026-03-08 09:52:59","33.59","47.5","944.96","3480","564","","","","-114","-8.800000190734863","35722","1772974379939"
"2909","2026-03-08 09:54:20","33.57","47.5","944.9200000000001","3480","756","","","","-113","-6.800000190734863","35730","1772974459948"
"2910","2026-03-08 09:56:00","33.53","47.5","944.9200000000001","3420","412","","","","-114","-9.800000190734863","35740","1772974559932"
"2911","2026-03-08 10:02:39","33.25","48","944.88","3480","380","","","","-114","-8.5","35780","1772974959932"
"2912","2026-03-08 10:02:49","33.24","48.5","944.88","3440","432","","","","-114","-6.800000190734863","35781","1772974969921"
"2913","2026-03-08 10:02:59","33.24","48","944.88","3480","600","","","","-114","-8.5","35782","1772974979935"
"2914","2026-03-08 10:03:10","33.25","48","944.9","3460","496","","","","-114","-9.300000190734863","35783","1772974989939"
"2915","2026-03-08 10:03:20","33.24","48.5","944.9200000000001","3440","364","","","","-114","-9.5","35784","1772974999933"
"2916","2026-03-08 10:04:30","33.2","48.5","944.9","3480","384","","","","-114","-10.5","35791","1772975069990"
"2917","2026-03-08 10:08:20","33.23","48.5","944.84","3440","424","","","","-114","-9.5","35814","1772975299941"
"2918","2026-03-08 10:09:30","33.26","48.5","944.84","3460","544","","","","-114","-9.300000190734863","35821","1772975369931"
"2919","2026-03-08 10:19:40","33.48","48","944.78","3440","336","","","","-114","-10.300000190734863","35882","1772975979932"
"2920","2026-03-08 10:23:20","33.49","48","944.74","3480","508","","","","-114","-9","35904","1772976199936"
"2921","2026-03-08 10:23:30","33.49","48","944.74","3480","496","","","","-114","-8.800000190734863","35905","1772976209933"
"2922","2026-03-08 10:29:10","33.58","48","944.72","3460","512","","","","-114","-9","35939","1772976549928"
"2923","2026-03-08 10:29:20","33.58","48","944.72","3460","512","","","","-114","-7.800000190734863","35940","1772976559932"
"2924","2026-03-08 10:29:40","33.59","48","944.72","3440","512","","","","-114","-10.5","35942","1772976579930"
"2925","2026-03-08 10:31:30","33.63","48","944.7","3460","504","","","","-114","-8.300000190734863","35953","1772976689935"
"2926","2026-03-08 10:34:00","33.69","48","944.66","3480","492","","","","-114","-9.800000190734863","35968","1772976839934"
"2927","2026-03-08 10:36:10","33.73","47.5","944.6","3440","476","","","","-114","-8.800000190734863","35981","1772976969947"
"2928","2026-03-08 10:49:39","33.7","48","944.44","3460","424","","","","-114","-10.300000190734863","36062","1772977779923"
"2929","2026-03-08 10:51:09","33.68","48","944.46","3480","424","","","","-114","-9.300000190734863","36071","1772977869923"
"2930","2026-03-08 10:55:19","33.63","48","944.44","3460","408","","","","-114","-9","36096","1772978119888"
"2931","2026-03-08 11:06:50","33.45","48.5","944.32","3440","400","","","","-114","-9.5","36165","1772978809915"
"2932","2026-03-08 11:07:09","33.45","48.5","944.28","3440","388","","","","-114","-8","36167","1772978829934"
"2933","2026-03-08 11:07:39","33.44","48.5","944.3000000000001","3440","392","","","","-114","-9.300000190734863","36170","1772978859924"
"2934","2026-03-08 11:08:19","33.43","49","944.3000000000001","3440","388","","","","-114","-7.5","36174","1772978899921"
"2935","2026-03-08 11:08:29","33.42","49","944.3000000000001","3480","388","","","","-114","-8.300000190734863","36175","1772978909926"
"2936","2026-03-08 11:08:49","33.42","48.5","944.28","3460","384","","","","-114","-10.300000190734863","36177","1772978929921"
"2937","2026-03-08 11:08:59","33.41","49","944.28","3440","380","","","","-114","-8.300000190734863","36178","1772978939930"
"2938","2026-03-08 11:09:10","33.41","49","944.28","3440","380","","","","-114","-9.300000190734863","36179","1772978949931"
"2939","2026-03-08 11:15:20","33.24","49","944.24","3440","364","","","","-114","-8.800000190734863","36216","1772979319922"
"2940","2026-03-08 11:21:30","33.05","49.5","944.2","3440","344","","","","-114","-9.800000190734863","36253","1772979689926"
"2941","2026-03-08 11:22:29","33.02","49.5","944.2","3460","344","","","","-114","-10","36259","1772979749922"
"2942","2026-03-08 11:24:40","32.95","49.5","944.1800000000001","3440","336","","","","-114","-7","36272","1772979879929"
"2943","2026-03-08 11:24:50","32.94","49.5","944.1800000000001","3440","336","","","","-114","-9.300000190734863","36273","1772979889928"
"2944","2026-03-08 11:25:10","32.93","50","944.1800000000001","3440","328","","","","-114","-10","36275","1772979909916"
"2945","2026-03-08 11:25:19","32.92","50","944.2","3480","328","","","","-114","-9.5","36276","1772979919889"
"2946","2026-03-08 11:29:39","32.79","50","944.14","3440","364","","","","-114","-9","36302","1772980179923"
"2947","2026-03-08 11:30:19","32.77","50","944.12","3440","332","","","","-114","-9.5","36306","1772980219913"
"2948","2026-03-08 11:33:20","32.67","50","944.12","3440","316","","","","-114","-9.800000190734863","36324","1772980399918"
"2949","2026-03-08 11:33:29","32.67","50.5","944.14","3440","308","","","","-113","-8.300000190734863","36325","1772980409888"
"2950","2026-03-08 11:33:39","32.66","50.5","944.1","3420","216","","","","-114","-8.5","36326","1772980419932"
"2951","2026-03-08 11:36:49","32.52","50.5","944.04","3460","380","","","","-113","-7.800000190734863","36345","1772980609888"
"2952","2026-03-08 11:37:29","32.5","50.5","944.02","3440","372","","","","-114","-8.5","36349","1772980649890"
"2953","2026-03-08 11:37:40","32.5","50.5","944","3440","376","","","","-114","-9","36350","1772980659926"
"2954","2026-03-08 11:38:10","32.49","50.5","944.02","3440","368","","","","-114","-9.300000190734863","36353","1772980689922"
"2955","2026-03-08 11:38:29","32.48","50.5","944","3480","360","","","","-114","-9.300000190734863","36355","1772980709883"
"2956","2026-03-08 11:38:39","32.48","50.5","944","3440","360","","","","-114","-7","36356","1772980719920"
"2957","2026-03-08 11:39:40","32.46","50.5","943.98","3460","344","","","","-114","-10","36362","1772980779920"
"2958","2026-03-08 11:40:00","32.45","50.5","943.94","3480","340","","","","-113","-6.5","36364","1772980799927"
"2959","2026-03-08 11:40:30","32.45","50.5","943.96","3480","332","","","","-113","-7","36367","1772980829923"
"2960","2026-03-08 11:41:50","32.42","50.5","943.96","3440","320","","","","-114","-7.5","36375","1772980909950"
"2961","2026-03-08 11:42:19","32.4","51","943.94","3440","316","","","","-114","-8.800000190734863","36378","1772980939923"
"2962","2026-03-08 11:42:59","32.38","51","943.96","3440","308","","","","-113","-7.5","36382","1772980979921"
"2963","2026-03-08 11:43:09","32.37","51","943.9200000000001","3440","308","","","","-114","-6.5","36383","1772980989922"
"2964","2026-03-08 11:43:20","32.36","51","943.96","3440","308","","","","-114","-7.800000190734863","36384","1772980999923"
"2965","2026-03-08 11:43:29","32.37","51","943.9200000000001","3480","308","","","","-113","-5.800000190734863","36385","1772981009915"
"2966","2026-03-08 11:43:39","32.36","51","943.9","3440","308","","","","-114","-7.800000190734863","36386","1772981019920"
"2967","2026-03-08 11:43:59","32.35","51","943.9200000000001","3440","304","","","","-114","-8.800000190734863","36388","1772981039918"
"2968","2026-03-08 11:45:49","32.29","51","943.88","3440","308","","","","-114","-8","36399","1772981149919"
"2969","2026-03-08 11:46:09","32.29","51","943.88","3480","324","","","","-114","-9.5","36401","1772981169916"
"2970","2026-03-08 11:47:19","32.25","51","943.88","3460","236","","","","-114","-8.800000190734863","36408","1772981239914"
"2971","2026-03-08 11:47:30","32.24","51","943.86","3440","204","","","","-113","-6.800000190734863","36409","1772981249917"
"2972","2026-03-08 11:47:49","32.23","51","943.88","3440","184","","","","-114","-9.800000190734863","36411","1772981269917"
"2973","2026-03-08 11:47:59","32.22","51","943.86","3440","252","","","","-114","-6.5","36412","1772981279924"
"2974","2026-03-08 11:48:20","32.21","51","943.9200000000001","3480","252","","","","-113","-7.300000190734863","36414","1772981299924"
"2975","2026-03-08 11:48:29","32.2","51","943.9","3440","240","","","","-114","-7.5","36415","1772981309925"
"2976","2026-03-08 11:48:49","32.19","51","943.9","3420","256","","","","-114","-8.800000190734863","36417","1772981329881"
"2977","2026-03-08 11:49:29","32.16","51","943.9","3420","180","","","","-113","-6.300000190734863","36421","1772981369912"
"2978","2026-03-08 11:58:00","31.54","52.5","943.84","3460","168","","","","-113","-10.300000190734863","36472","1772981879913"
"2979","2026-03-08 11:59:29","31.44","52.5","943.82","3440","280","","","","-113","-6.300000190734863","36481","1772981969917"
"2980","2026-03-08 12:02:29","31.29","52.5","943.74","3460","156","","","","-114","-9.5","36499","1772982149914"
"2981","2026-03-08 12:02:59","31.27","52.5","943.76","3420","156","","","","-113","-5.800000190734863","36502","1772982179923"
"2982","2026-03-08 12:03:09","31.25","53","943.74","3440","152","","","","-114","-7","36503","1772982189925"
"2983","2026-03-08 12:07:09","31.03","53","943.7","3460","148","","","","-114","-8.300000190734863","36527","1772982429917"
"2984","2026-03-08 12:10:49","30.82","53.5","943.6800000000001","3420","252","","","","-114","-10.300000190734863","36549","1772982649928"
"2985","2026-03-08 12:11:09","30.81","53.5","943.64","3480","232","","","","-114","-9.5","36551","1772982669913"
"2986","2026-03-08 12:12:59","30.74","53.5","943.62","3480","260","","","","-113","-6.5","36562","1772982779917"
"2987","2026-03-08 12:13:09","30.73","53.5","943.6","3440","184","","","","-114","-9.800000190734863","36563","1772982789919"
"2988","2026-03-08 12:14:29","30.68","53.5","943.62","3420","200","","","","-113","-6.800000190734863","36571","1772982869911"
"2989","2026-03-08 12:17:40","30.55","54","943.5600000000001","3440","172","","","","-114","-7","36590","1772983059908"
"2990","2026-03-08 12:17:49","30.55","54","943.5600000000001","3440","172","","","","-114","-9.5","36591","1772983069905"
"2991","2026-03-08 12:17:59","30.54","54","943.5600000000001","3460","144","","","","-114","-9.5","36592","1772983079921"
"2992","2026-03-08 12:18:09","30.53","54","943.54","3420","156","","","","-114","-9.300000190734863","36593","1772983089888"
"2993","2026-03-08 12:18:39","30.51","54","943.54","3420","120","","","","-114","-10.300000190734863","36596","1772983119919"
"2994","2026-03-08 12:20:39","30.43","54","943.54","3420","120","","","","-114","-8.5","36608","1772983239906"
"2995","2026-03-08 12:20:59","30.42","54","943.54","3420","116","","","","-113","-6.300000190734863","36610","1772983259910"
"2996","2026-03-08 12:21:19","30.4","54","943.5","3420","112","","","","-114","-8.300000190734863","36612","1772983279917"
"2997","2026-03-08 12:21:59","30.37","54","943.48","3440","172","","","","-114","-9.300000190734863","36616","1772983319913"
"2998","2026-03-08 12:23:10","30.33","54","943.5","3420","124","","","","-114","-10.800000190734863","36623","1772983389909"
"2999","2026-03-08 12:25:49","30.23","54.5","943.4200000000001","3420","188","","","","-114","-8","36639","1772983549911"
"3000","2026-03-08 12:26:19","30.21","54.5","943.44","3460","196","","","","-114","-6.5","36642","1772983579909"
"3001","2026-03-08 12:26:29","30.2","54.5","943.4200000000001","3440","196","","","","-114","-7.300000190734863","36643","1772983589931"
"3002","2026-03-08 12:26:39","30.2","54.5","943.4200000000001","3460","196","","","","-114","-8.5","36644","1772983599912"
"3003","2026-03-08 12:26:50","30.19","54.5","943.4200000000001","3440","192","","","","-114","-9","36645","1772983609916"
"3004","2026-03-08 12:28:09","30.15","54.5","943.4","3440","188","","","","-114","-8.5","36653","1772983689928"
"3005","2026-03-08 12:28:20","30.14","54.5","943.38","3440","188","","","","-114","-10.300000190734863","36654","1772983699916"
"3006","2026-03-08 12:28:30","30.13","54.5","943.38","3440","184","","","","-114","-9","36655","1772983709905"
"3007","2026-03-08 12:28:40","30.13","54.5","943.4","3440","184","","","","-113","-6.5","36656","1772983719908"
"3008","2026-03-08 12:31:19","30.06","54.5","943.34","3460","176","","","","-114","-8","36672","1772983879909"
"3009","2026-03-08 12:31:29","30.05","54.5","943.32","3440","176","","","","-114","-6.300000190734863","36673","1772983889919"
"3010","2026-03-08 12:31:39","30.05","54.5","943.34","3460","176","","","","-113","-8","36674","1772983899915"
"3011","2026-03-08 12:31:49","30.04","54.5","943.3000000000001","3420","172","","","","-114","-8.800000190734863","36675","1772983909910"
"3012","2026-03-08 12:32:29","30.02","54.5","943.34","3420","176","","","","-114","-9.800000190734863","36679","1772983949916"
"3013","2026-03-08 12:32:49","30.01","54.5","943.3000000000001","3460","180","","","","-114","-8.300000190734863","36681","1772983969878"
"3014","2026-03-08 12:32:59","30.01","54.5","943.32","3460","180","","","","-114","-8.800000190734863","36682","1772983979909"
"3015","2026-03-08 12:34:49","29.96","54.5","943.3000000000001","3460","180","","","","-114","-8.5","36693","1772984089911"
"3016","2026-03-08 12:35:49","29.93","54.5","943.3000000000001","3440","176","","","","-114","-9.800000190734863","36699","1772984149918"
"3017","2026-03-08 12:36:10","29.92","54.5","943.3000000000001","3440","184","","","","-114","-7.800000190734863","36701","1772984169909"
"3018","2026-03-08 12:36:29","29.91","54.5","943.32","3460","184","","","","-113","-5.300000190734863","36703","1772984189918"
"3019","2026-03-08 12:36:49","29.91","54.5","943.3000000000001","3420","184","","","","-114","-7.800000190734863","36705","1772984209923"
"3020","2026-03-08 12:37:39","29.89","54.5","943.3000000000001","3420","188","","","","-114","-7","36710","1772984259912"
"3021","2026-03-08 12:38:09","29.88","54.5","943.26","3420","184","","","","-114","-8.5","36713","1772984289916"
"3022","2026-03-08 12:38:20","29.88","54.5","943.26","3440","184","","","","-114","-9","36714","1772984299912"
"3023","2026-03-08 12:38:30","29.87","54.5","943.26","3440","184","","","","-114","-9","36715","1772984309909"
"3024","2026-03-08 12:38:39","29.87","54.5","943.28","3460","184","","","","-114","-7.5","36716","1772984319914"
"3025","2026-03-08 12:38:49","29.87","54.5","943.24","3440","188","","","","-113","-6.300000190734863","36717","1772984329927"
"3026","2026-03-08 12:38:59","29.86","54.5","943.28","3420","188","","","","-114","-8.800000190734863","36718","1772984339908"
"3027","2026-03-08 12:39:09","29.86","54.5","943.26","3440","188","","","","-114","-10","36719","1772984349917"
"3028","2026-03-08 12:39:29","29.85","54.5","943.26","3440","180","","","","-113","-6.300000190734863","36721","1772984369918"
"3029","2026-03-08 12:39:39","29.85","54.5","943.26","3420","176","","","","-114","-8","36722","1772984379907"
"3030","2026-03-08 12:39:50","29.85","54.5","943.24","3420","176","","","","-114","-8.5","36723","1772984389929"
"3031","2026-03-08 12:39:59","29.85","54.5","943.3000000000001","3420","168","","","","-114","-8.5","36724","1772984399918"
"3032","2026-03-08 12:40:09","29.85","54.5","943.26","3420","168","","","","-113","-6.300000190734863","36725","1772984409902"
"3033","2026-03-08 12:40:59","29.83","54.5","943.3000000000001","3440","144","","","","-113","-6.5","36730","1772984459908"
"3034","2026-03-08 12:42:20","29.8","54.5","943.22","3420","124","","","","-114","-9.5","36738","1772984539900"
"3035","2026-03-08 12:42:39","29.79","54.5","943.24","3460","120","","","","-113","-6.800000190734863","36740","1772984559904"
"3036","2026-03-08 12:42:50","29.78","55","943.22","3420","124","","","","-114","-8.800000190734863","36741","1772984569932"
"3037","2026-03-08 12:42:59","29.78","54.5","943.24","3460","120","","","","-114","-7","36742","1772984579898"
"3038","2026-03-08 12:43:09","29.77","54.5","943.22","3440","116","","","","-114","-8","36743","1772984589909"
"3039","2026-03-08 12:43:19","29.77","55","943.22","3460","128","","","","-114","-7.300000190734863","36744","1772984599914"
"3040","2026-03-08 12:43:29","29.76","54.5","943.22","3460","140","","","","-114","-7.300000190734863","36745","1772984609912"
"3041","2026-03-08 12:43:39","29.76","55","943.2","3420","132","","","","-114","-6.800000190734863","36746","1772984619906"
"3042","2026-03-08 12:43:49","29.76","55","943.24","3420","120","","","","-114","-6.800000190734863","36747","1772984629909"
"3043","2026-03-08 12:44:39","29.74","55","943.2","3440","148","","","","-114","-6.5","36752","1772984679902"
"3044","2026-03-08 12:44:49","29.73","55","943.1800000000001","3440","136","","","","-114","-8.300000190734863","36753","1772984689915"
"3045","2026-03-08 12:44:59","29.73","55","943.2","3460","144","","","","-113","-8.300000190734863","36754","1772984699908"
"3046","2026-03-08 12:45:19","29.72","55","943.16","3420","152","","","","-114","-9.300000190734863","36756","1772984719912"
"3047","2026-03-08 12:45:29","29.71","55","943.1800000000001","3460","152","","","","-114","-10.300000190734863","36757","1772984729907"
"3048","2026-03-08 12:46:50","29.69","55","943.16","3440","160","","","","-114","-7.300000190734863","36765","1772984809946"
"3049","2026-03-08 12:47:09","29.68","55","943.14","3440","168","","","","-114","-7","36767","1772984829906"
"3050","2026-03-08 12:47:19","29.68","55","943.16","3460","164","","","","-114","-8.300000190734863","36768","1772984839907"
"3051","2026-03-08 12:47:29","29.67","55","943.14","3440","164","","","","-114","-9.5","36769","1772984849901"
"3052","2026-03-08 12:47:50","29.66","55","943.12","3440","160","","","","-114","-8.300000190734863","36771","1772984869937"
"3053","2026-03-08 12:48:39","29.64","55","943.12","3440","112","","","","-114","-8.300000190734863","36776","1772984919907"
"3054","2026-03-08 12:48:59","29.64","55","943.12","3440","88","","","","-113","-5.300000190734863","36778","1772984939910"
"3055","2026-03-08 12:49:09","29.63","55","943.12","3420","88","","","","-114","-7.5","36779","1772984949882"
"3056","2026-03-08 12:50:20","29.6","55","943.12","3420","100","","","","-114","-8.5","36786","1772985019912"
"3057","2026-03-08 12:50:59","29.58","55","943.1","3420","140","","","","-114","-8.800000190734863","36790","1772985059904"
"3058","2026-03-08 12:51:19","29.57","55","943.1","3440","136","","","","-114","-9.5","36792","1772985079910"
"3059","2026-03-08 12:51:39","29.56","55","943.0600000000001","3460","136","","","","-114","-9.300000190734863","36794","1772985099902"
"3060","2026-03-08 12:51:50","29.56","55","943.08","3420","136","","","","-114","-8","36795","1772985109962"
"3061","2026-03-08 12:52:29","29.54","55","943.08","3460","132","","","","-114","-8.5","36799","1772985149911"
"3062","2026-03-08 12:52:39","29.53","55","943.0600000000001","3420","132","","","","-114","-7.800000190734863","36800","1772985159906"
"3063","2026-03-08 12:53:09","29.52","55","943.0600000000001","3440","132","","","","-114","-9","36803","1772985189910"
"3064","2026-03-08 12:53:19","29.52","55","943.04","3460","132","","","","-114","-9","36804","1772985199909"
"3065","2026-03-08 12:53:39","29.51","55","943.0600000000001","3460","132","","","","-114","-7.5","36806","1772985219915"
"3066","2026-03-08 12:53:49","29.5","55","943.08","3440","136","","","","-114","-9.800000190734863","36807","1772985229903"
"3067","2026-03-08 12:54:10","29.49","55","943.04","3440","136","","","","-114","-7.5","36809","1772985249907"
"3068","2026-03-08 12:54:49","29.47","55","943.02","3440","140","","","","-114","-9.300000190734863","36813","1772985289910"
"3069","2026-03-08 12:54:59","29.47","55","943.02","3420","140","","","","-114","-7","36814","1772985299910"
"3070","2026-03-08 12:55:09","29.46","55","943.02","3420","140","","","","-113","-6.300000190734863","36815","1772985309909"
"3071","2026-03-08 12:55:19","29.46","55","943","3460","140","","","","-114","-7.5","36816","1772985319898"
"3072","2026-03-08 12:56:30","29.43","55","942.98","3420","144","","","","-114","-9.5","36823","1772985389908"
"3073","2026-03-08 12:56:40","29.42","55","942.96","3420","144","","","","-114","-9.300000190734863","36824","1772985399912"
"3074","2026-03-08 12:56:59","29.42","55","943","3420","144","","","","-114","-10.300000190734863","36826","1772985419907"
"3075","2026-03-08 12:57:29","29.4","55","943","3420","144","","","","-114","-8.300000190734863","36829","1772985449911"
"3076","2026-03-08 12:57:39","29.4","55","943","3420","144","","","","-114","-9","36830","1772985459906"
"3077","2026-03-08 12:58:00","29.39","55","942.98","3420","148","","","","-114","-9.5","36832","1772985479909"
"3078","2026-03-08 12:58:20","29.38","55","942.96","3420","148","","","","-114","-9","36834","1772985499907"
"3079","2026-03-08 12:58:50","29.37","55","942.98","3420","92","","","","-114","-8","36837","1772985529924"
"3080","2026-03-08 12:59:19","29.36","55","942.98","3420","80","","","","-114","-8.300000190734863","36840","1772985559913"
"3081","2026-03-08 12:59:49","29.33","55","942.96","3420","92","","","","-114","-8","36843","1772985589902"
"3082","2026-03-08 13:00:19","29.32","55","943","3420","100","","","","-114","-8.800000190734863","36846","1772985619901"
"3083","2026-03-08 13:00:29","29.31","55","942.96","3420","112","","","","-114","-9","36847","1772985629905"
"3084","2026-03-08 13:00:40","29.3","55","942.94","3420","108","","","","-114","-8","36848","1772985639907"
"3085","2026-03-08 13:01:19","29.29","55.5","942.9200000000001","3460","108","","","","-114","-8.5","36852","1772985679905"
"3086","2026-03-08 13:01:29","29.29","55.5","942.9200000000001","3420","120","","","","-114","-9.800000190734863","36853","1772985689905"
"3087","2026-03-08 13:01:40","29.28","55.5","942.9200000000001","3420","132","","","","-114","-9.300000190734863","36854","1772985699911"
"3088","2026-03-08 13:01:50","29.27","55.5","942.9","3460","136","","","","-114","-8.5","36855","1772985709906"
"3089","2026-03-08 13:02:29","29.26","55.5","942.9200000000001","3440","140","","","","-114","-8.800000190734863","36859","1772985749906"
"3090","2026-03-08 13:02:50","29.26","55.5","942.94","3480","136","","","","-114","-8","36861","1772985769929"
"3091","2026-03-08 13:03:59","29.23","55.5","942.9","3420","136","","","","-114","-9","36868","1772985839908"
"3092","2026-03-08 13:04:39","29.22","55.5","942.9","3440","144","","","","-114","-10.300000190734863","36872","1772985879909"
"3093","2026-03-08 13:04:50","29.22","55.5","942.88","3420","144","","","","-114","-9.300000190734863","36873","1772985889903"
"3094","2026-03-08 13:04:59","29.21","55.5","942.9","3460","144","","","","-114","-8.5","36874","1772985899899"
"3095","2026-03-08 13:05:09","29.22","55.5","942.88","3440","140","","","","-114","-7.300000190734863","36875","1772985909908"
"3096","2026-03-08 13:05:20","29.21","55.5","942.86","3420","140","","","","-114","-8","36876","1772985919911"
"3097","2026-03-08 13:05:30","29.21","55.5","942.88","3440","144","","","","-114","-7.800000190734863","36877","1772985929901"
"3098","2026-03-08 13:06:30","29.19","55.5","942.86","3420","140","","","","-113","-5.300000190734863","36883","1772985989912"
"3099","2026-03-08 13:06:39","29.19","55.5","942.86","3440","140","","","","-114","-7.300000190734863","36884","1772985999905"
"3100","2026-03-08 13:07:09","29.19","55.5","942.88","3440","140","","","","-114","-6.5","36887","1772986029908"
"3101","2026-03-08 13:07:19","29.18","55.5","942.86","3440","88","","","","-114","-9.300000190734863","36888","1772986039912"
"3102","2026-03-08 13:08:39","29.17","55.5","942.88","3420","132","","","","-113","-6.5","36896","1772986119901"
"3103","2026-03-08 13:08:59","29.16","55.5","942.82","3420","132","","","","-114","-6.800000190734863","36898","1772986139904"
"3104","2026-03-08 13:09:19","29.15","55.5","942.84","3440","128","","","","-114","-6.5","36900","1772986159904"
"3105","2026-03-08 13:09:39","29.15","55.5","942.84","3460","128","","","","-113","-5","36902","1772986179907"
"3106","2026-03-08 13:09:50","29.15","55.5","942.84","3460","128","","","","-114","-8.5","36903","1772986189888"
"3107","2026-03-08 13:10:19","29.14","55.5","942.84","3420","124","","","","-114","-6","36906","1772986219906"
"3108","2026-03-08 13:10:49","29.13","55.5","942.86","3420","124","","","","-114","-9.5","36909","1772986249890"
"3109","2026-03-08 13:11:49","29.11","55.5","942.84","3440","124","","","","-114","-7.800000190734863","36915","1772986309894"
"3110","2026-03-08 13:11:59","29.11","55.5","942.84","3440","124","","","","-114","-10","36916","1772986319911"
"3111","2026-03-08 13:13:49","29.08","55.5","942.8000000000001","3460","124","","","","-114","-8.800000190734863","36927","1772986429906"
"3112","2026-03-08 13:13:59","29.08","55.5","942.78","3420","124","","","","-114","-7.800000190734863","36928","1772986439906"
"3113","2026-03-08 13:14:30","29.07","55.5","942.82","3460","120","","","","-114","-8.300000190734863","36931","1772986469905"
"3114","2026-03-08 13:15:19","29.06","55.5","942.82","3420","116","","","","-114","-7.800000190734863","36936","1772986519907"
"3115","2026-03-08 13:15:29","29.05","55.5","942.8000000000001","3420","116","","","","-114","-6.5","36937","1772986529892"
"3116","2026-03-08 13:15:40","29.05","55.5","942.78","3420","116","","","","-114","-8.800000190734863","36938","1772986539903"
"3117","2026-03-08 13:15:49","29.05","55.5","942.76","3440","116","","","","-114","-8.800000190734863","36939","1772986549907"
"3118","2026-03-08 13:17:09","29.02","55.5","942.76","3420","108","","","","-114","-8.5","36947","1772986629906"
"3119","2026-03-08 13:20:39","28.94","55.5","942.7","3420","100","","","","-114","-6","36968","1772986839905"
"3120","2026-03-08 13:20:50","28.94","55.5","942.7","3420","100","","","","-114","-6.5","36969","1772986849920"
"3121","2026-03-08 13:21:09","28.93","55.5","942.72","3420","92","","","","-114","-10.300000190734863","36971","1772986869896"
"3122","2026-03-08 13:22:00","28.91","55.5","942.66","3420","100","","","","-114","-7.300000190734863","36976","1772986919905"
"3123","2026-03-08 13:22:09","28.9","55.5","942.66","3420","84","","","","-114","-7.800000190734863","36977","1772986929870"
"3124","2026-03-08 13:22:19","28.9","55.5","942.66","3420","92","","","","-114","-9.300000190734863","36978","1772986939899"
"3125","2026-03-08 13:22:50","28.89","55.5","942.6800000000001","3420","36","","","","-112","-2.5","36981","1772986969915"
"3126","2026-03-08 13:23:09","28.88","55.5","942.6800000000001","3420","40","","","","-114","-6.800000190734863","36983","1772986989906"
"3127","2026-03-08 13:23:30","28.87","55.5","942.64","3460","92","","","","-114","-5.800000190734863","36985","1772987009909"
"3128","2026-03-08 13:23:39","28.86","55.5","942.64","3420","76","","","","-114","-7","36986","1772987019904"
"3129","2026-03-08 13:24:09","28.84","55.5","942.6800000000001","3420","44","","","","-113","-5","36989","1772987049909"
"3130","2026-03-08 13:24:50","28.82","55.5","942.62","3420","88","","","","-114","-7.800000190734863","36993","1772987089920"
"3131","2026-03-08 13:25:39","28.8","55.5","942.64","3420","44","","","","-114","-8","36998","1772987139907"
"3132","2026-03-08 13:25:50","28.79","55.5","942.6","3400","44","","","","-114","-8.5","36999","1772987149915"
"3133","2026-03-08 13:26:50","28.76","55.5","942.6","3420","56","","","","-114","-7.5","37005","1772987209899"
"3134","2026-03-08 13:27:00","28.75","55.5","942.6","3420","48","","","","-114","-8.5","37006","1772987219905"
"3135","2026-03-08 13:27:09","28.75","55.5","942.6","3420","48","","","","-114","-7","37007","1772987229902"
"3136","2026-03-08 13:27:49","28.72","55.5","942.6","3420","44","","","","-114","-7.800000190734863","37011","1772987269890"
"3137","2026-03-08 13:30:09","28.64","56","942.58","3440","104","","","","-114","-8","37025","1772987409862"
"3138","2026-03-08 13:30:19","28.64","56","942.58","3460","104","","","","-114","-7.800000190734863","37026","1772987419906"
"3139","2026-03-08 13:30:50","28.63","56","942.5600000000001","3440","104","","","","-114","-7.5","37029","1772987449934"
"3140","2026-03-08 13:31:29","28.62","56","942.5600000000001","3400","104","","","","-114","-9.800000190734863","37033","1772987489898"
"3141","2026-03-08 13:31:49","28.61","56","942.5600000000001","3420","104","","","","-114","-6.800000190734863","37035","1772987509907"
"3142","2026-03-08 13:31:59","28.61","56","942.5600000000001","3440","104","","","","-115","-10.300000190734863","37036","1772987519909"
"3143","2026-03-08 13:32:09","28.6","56","942.5600000000001","3460","104","","","","-114","-7","37037","1772987529901"
"3144","2026-03-08 13:32:20","28.61","56","942.58","3420","104","","","","-113","-4.5","37038","1772987539904"
"3145","2026-03-08 13:32:59","28.59","56","942.62","3400","104","","","","-114","-8","37042","1772987579897"
"3146","2026-03-08 13:33:19","28.59","56","942.58","3460","104","","","","-114","-8.800000190734863","37044","1772987599916"
"3147","2026-03-08 13:33:40","28.58","56","942.6","3440","104","","","","-113","-6.300000190734863","37046","1772987619914"
"3148","2026-03-08 13:33:49","28.58","56","942.6","3420","104","","","","-114","-8.300000190734863","37047","1772987629868"
"3149","2026-03-08 13:33:59","28.58","56","942.58","3440","104","","","","-114","-8","37048","1772987639898"
"3150","2026-03-08 13:34:09","28.57","56","942.6","3420","104","","","","-113","-4.800000190734863","37049","1772987649912"
"3151","2026-03-08 13:34:19","28.57","56","942.6","3420","104","","","","-114","-7.800000190734863","37050","1772987659897"
"3152","2026-03-08 13:34:29","28.57","56","942.6","3400","104","","","","-114","-8.800000190734863","37051","1772987669864"
"3153","2026-03-08 13:34:39","28.57","56","942.6","3400","104","","","","-113","-5.300000190734863","37052","1772987679905"
"3154","2026-03-08 13:35:19","28.55","56","942.5600000000001","3420","104","","","","-114","-10.300000190734863","37056","1772987719901"
"3155","2026-03-08 13:35:29","28.55","56","942.58","3440","104","","","","-114","-6.5","37057","1772987729916"
"3156","2026-03-08 13:36:39","28.55","56","942.54","3440","104","","","","-114","-9.800000190734863","37064","1772987799918"
"3157","2026-03-08 13:36:49","28.54","56","942.54","3440","104","","","","-113","-4.800000190734863","37065","1772987809866"
"3158","2026-03-08 13:36:59","28.54","56","942.5600000000001","3420","104","","","","-114","-7","37066","1772987819891"
"3159","2026-03-08 13:37:09","28.54","56","942.54","3440","104","","","","-114","-8.5","37067","1772987829903"
"3160","2026-03-08 13:37:19","28.53","56","942.52","3420","104","","","","-114","-9.5","37068","1772987839905"
"3161","2026-03-08 13:37:29","28.53","56","942.54","3440","104","","","","-114","-7.5","37069","1772987849909"
"3162","2026-03-08 13:37:39","28.53","56","942.54","3460","104","","","","-114","-8.300000190734863","37070","1772987859906"
"3163","2026-03-08 13:38:09","28.53","56","942.54","3420","104","","","","-114","-8.300000190734863","37073","1772987889898"
"3164","2026-03-08 13:38:59","28.52","56","942.52","3420","104","","","","-114","-7.800000190734863","37078","1772987939904"
"3165","2026-03-08 13:39:09","28.52","56","942.5600000000001","3400","104","","","","-115","-9.800000190734863","37079","1772987949894"
"3166","2026-03-08 13:39:19","28.51","56","942.54","3420","92","","","","-114","-8.5","37080","1772987959897"
"3167","2026-03-08 13:40:09","28.5","56","942.52","3420","56","","","","-114","-8.800000190734863","37085","1772988009899"
"3168","2026-03-08 13:40:50","28.49","56","942.52","3400","72","","","","-114","-8.300000190734863","37089","1772988049930"
"3169","2026-03-08 13:40:59","28.49","56","942.5","3420","80","","","","-114","-7.800000190734863","37090","1772988059903"
"3170","2026-03-08 13:41:19","28.48","56","942.48","3420","68","","","","-113","-5.800000190734863","37092","1772988079893"
"3171","2026-03-08 13:41:59","28.47","56","942.5","3400","48","","","","-113","-3.5","37096","1772988119903"
"3172","2026-03-08 13:42:49","28.45","56","942.5","3400","44","","","","-114","-6.300000190734863","37101","1772988169908"
"3173","2026-03-08 13:42:59","28.45","56","942.46","3460","44","","","","-113","-3.799999952316284","37102","1772988179893"
"3174","2026-03-08 13:43:09","28.44","56","942.48","3420","44","","","","-110","2","37103","1772988189893"
"3175","2026-03-08 13:43:29","28.44","56","942.46","3420","48","","","","-113","-5","37105","1772988209898"
"3176","2026-03-08 13:44:19","28.42","56","942.44","3420","100","","","","-114","-6.300000190734863","37110","1772988259900"
"3177","2026-03-08 13:44:29","28.42","56","942.48","3440","100","","","","-114","-7","37111","1772988269904"
"3178","2026-03-08 13:44:50","28.41","56","942.46","3440","100","","","","-114","-5.800000190734863","37113","1772988289913"
"3179","2026-03-08 13:45:09","28.4","56","942.44","3420","96","","","","-114","-9.800000190734863","37115","1772988309889"
"3180","2026-03-08 13:45:39","28.4","56","942.46","3440","60","","","","-113","-4.800000190734863","37118","1772988339900"
"3181","2026-03-08 13:45:59","28.39","56","942.44","3440","68","","","","-114","-8.5","37120","1772988359899"
"3182","2026-03-08 13:46:09","28.39","56","942.44","3400","92","","","","-112","-1.5","37121","1772988369864"
"3183","2026-03-08 13:46:19","28.39","56","942.44","3400","96","","","","-113","-4.5","37122","1772988379898"
"3184","2026-03-08 13:47:19","28.37","56","942.4200000000001","3420","92","","","","-114","-8.5","37128","1772988439896"
"3185","2026-03-08 13:47:29","28.37","56","942.4","3440","92","","","","-114","-6","37129","1772988449906"
"3186","2026-03-08 13:47:50","28.36","56","942.38","3440","92","","","","-114","-9.800000190734863","37131","1772988469930"
"3187","2026-03-08 13:48:09","28.36","56","942.4","3420","92","","","","-114","-7.5","37133","1772988489898"
"3188","2026-03-08 13:48:50","28.35","56","942.38","3420","92","","","","-114","-7","37137","1772988529886"
"3189","2026-03-08 13:49:59","28.33","56","942.4","3400","88","","","","-114","-8","37144","1772988599903"
"3190","2026-03-08 13:50:19","28.32","56","942.34","3420","88","","","","-114","-6.5","37146","1772988619907"
"3191","2026-03-08 13:50:29","28.32","56","942.36","3440","88","","","","-114","-8.300000190734863","37147","1772988629891"
"3192","2026-03-08 13:50:39","28.31","56","942.34","3440","88","","","","-114","-8.800000190734863","37148","1772988639899"
"3193","2026-03-08 13:50:49","28.31","56","942.34","3460","84","","","","-114","-6.800000190734863","37149","1772988649912"
"3194","2026-03-08 13:50:59","28.31","56","942.34","3440","88","","","","-114","-7.5","37150","1772988659901"
"3195","2026-03-08 13:51:19","28.3","56","942.32","3420","84","","","","-114","-7.800000190734863","37152","1772988679905"
"3196","2026-03-08 13:51:29","28.3","56","942.32","3420","84","","","","-114","-5.800000190734863","37153","1772988689896"
"3197","2026-03-08 13:51:39","28.3","56","942.34","3420","84","","","","-114","-8","37154","1772988699902"
"3198","2026-03-08 13:51:50","28.29","56","942.32","3400","84","","","","-114","-7.5","37155","1772988709929"
"3199","2026-03-08 13:51:59","28.29","56","942.32","3440","84","","","","-114","-8.5","37156","1772988719893"
"3200","2026-03-08 13:52:09","28.29","56","942.28","3420","84","","","","-114","-9.5","37157","1772988729900"
"3201","2026-03-08 13:52:19","28.29","56","942.32","3440","80","","","","-114","-10.800000190734863","37158","1772988739900"
"3202","2026-03-08 13:53:20","28.27","56","942.28","3420","80","","","","-114","-7.800000190734863","37164","1772988799893"
"3203","2026-03-08 13:55:00","28.25","56","942.3000000000001","3420","76","","","","-114","-6.800000190734863","37174","1772988899900"
"3204","2026-03-08 13:55:10","28.24","56","942.28","3440","76","","","","-114","-6.300000190734863","37175","1772988909896"
"3205","2026-03-08 13:55:20","28.24","56","942.28","3440","56","","","","-114","-5.800000190734863","37176","1772988919906"
"3206","2026-03-08 13:55:49","28.23","56","942.28","3420","32","","","","-114","-10.300000190734863","37179","1772988949897"
"3207","2026-03-08 13:57:50","28.19","56","942.26","3420","36","","","","-114","-7.300000190734863","37191","1772989069930"
"3208","2026-03-08 13:57:59","28.19","56","942.26","3420","48","","","","-113","-4.5","37192","1772989079895"
"3209","2026-03-08 13:58:09","28.19","56","942.28","3440","64","","","","-114","-6.800000190734863","37193","1772989089886"
"3210","2026-03-08 13:58:29","28.18","56","942.26","3400","76","","","","-114","-7.5","37195","1772989109895"
"3211","2026-03-08 13:58:39","28.18","56","942.26","3420","76","","","","-114","-9","37196","1772989119902"
"3212","2026-03-08 13:58:59","28.17","56","942.26","3420","76","","","","-114","-7","37198","1772989139900"
"3213","2026-03-08 13:59:09","28.17","56","942.28","3440","76","","","","-114","-6.800000190734863","37199","1772989149898"
"3214","2026-03-08 13:59:39","28.16","56","942.28","3440","36","","","","-114","-9.300000190734863","37202","1772989179895"
"3215","2026-03-08 13:59:50","28.16","56","942.26","3420","32","","","","-114","-6.5","37203","1772989189920"
"3216","2026-03-08 13:59:59","28.16","56","942.26","3440","32","","","","-114","-7.300000190734863","37204","1772989199896"
"3217","2026-03-08 14:00:09","28.16","56","942.26","3400","32","","","","-114","-7.5","37205","1772989209897"
"3218","2026-03-08 14:00:40","28.14","56","942.26","3400","36","","","","-114","-7","37208","1772989239894"
"3219","2026-03-08 14:01:00","28.14","56","942.24","3400","48","","","","-115","-8.800000190734863","37210","1772989259895"
"3220","2026-03-08 14:01:09","28.13","56","942.26","3440","60","","","","-114","-7.800000190734863","37211","1772989269858"
"3221","2026-03-08 14:01:20","28.13","56","942.3000000000001","3420","56","","","","-114","-8.800000190734863","37212","1772989279903"
"3222","2026-03-08 14:01:39","28.12","56","942.28","3440","72","","","","-114","-9.5","37214","1772989299893"
"3223","2026-03-08 14:02:29","28.11","56","942.26","3420","72","","","","-113","-5.300000190734863","37219","1772989349878"
"3224","2026-03-08 14:02:39","28.11","56","942.26","3420","68","","","","-114","-6.300000190734863","37220","1772989359901"
"3225","2026-03-08 14:02:59","28.1","56","942.24","3440","68","","","","-114","-8","37222","1772989379899"
"3226","2026-03-08 14:03:20","28.1","56","942.28","3400","68","","","","-115","-9.800000190734863","37224","1772989399893"
"3227","2026-03-08 14:03:29","28.09","56.5","942.26","3420","68","","","","-114","-8","37225","1772989409894"
"3228","2026-03-08 14:03:59","28.08","56","942.24","3440","64","","","","-114","-10.300000190734863","37228","1772989439899"
"3229","2026-03-08 14:04:39","28.07","56","942.24","3440","64","","","","-114","-7.800000190734863","37232","1772989479894"
"3230","2026-03-08 14:04:49","28.07","56","942.24","3420","64","","","","-114","-6.800000190734863","37233","1772989489892"
"3231","2026-03-08 14:04:59","28.06","56","942.24","3440","64","","","","-113","-5.5","37234","1772989499894"
"3232","2026-03-08 14:05:09","28.06","56","942.2","3420","64","","","","-113","-3.5","37235","1772989509899"
"3233","2026-03-08 14:05:19","28.06","56","942.24","3420","64","","","","-113","-5","37236","1772989519891"
"3234","2026-03-08 14:05:39","28.06","56","942.22","3400","60","","","","-114","-5.800000190734863","37238","1772989539892"
"3235","2026-03-08 14:06:30","28.04","56","942.1800000000001","3440","60","","","","-114","-8.5","37243","1772989589904"
"3236","2026-03-08 14:06:40","28.04","56","942.1800000000001","3420","60","","","","-114","-8.5","37244","1772989599893"
"3237","2026-03-08 14:06:49","28.03","56","942.2","3440","60","","","","-114","-5.5","37245","1772989609892"
"3238","2026-03-08 14:06:59","28.03","56","942.1800000000001","3400","60","","","","-114","-7","37246","1772989619899"
"3239","2026-03-08 14:07:10","28.03","56","942.2","3420","60","","","","-114","-6.5","37247","1772989629895"
"3240","2026-03-08 14:07:19","28.03","56.5","942.1800000000001","3440","60","","","","-114","-7.300000190734863","37248","1772989639898"
"3241","2026-03-08 14:07:30","28.03","56.5","942.1800000000001","3440","60","","","","-113","-4.300000190734863","37249","1772989649900"
"3242","2026-03-08 14:07:39","28.02","56.5","942.16","3440","60","","","","-114","-5.800000190734863","37250","1772989659902"
"3243","2026-03-08 14:07:50","28.02","56","942.1800000000001","3420","60","","","","-114","-8.300000190734863","37251","1772989669920"
"3244","2026-03-08 14:08:09","28.01","56","942.14","3400","60","","","","-113","-2","37253","1772989689893"
"3245","2026-03-08 14:08:30","28.01","56.5","942.16","3400","60","","","","-113","-4.5","37255","1772989709900"
"3246","2026-03-08 14:08:50","28","56.5","942.16","3400","60","","","","-114","-8.5","37257","1772989729911"
"3247","2026-03-08 14:08:59","28","56","942.16","3400","60","","","","-114","-7.800000190734863","37258","1772989739902"
"3248","2026-03-08 14:09:09","28","56.5","942.16","3440","60","","","","-114","-7.300000190734863","37259","1772989749900"
"3249","2026-03-08 14:09:29","27.99","56","942.16","3420","60","","","","-114","-7.5","37261","1772989769903"
"3250","2026-03-08 14:09:39","27.99","56.5","942.12","3420","56","","","","-114","-8.300000190734863","37262","1772989779887"
"3251","2026-03-08 14:09:59","27.98","56.5","942.12","3420","56","","","","-114","-7.300000190734863","37264","1772989799892"
"3252","2026-03-08 14:10:09","27.98","56.5","942.14","3420","56","","","","-114","-8.300000190734863","37265","1772989809888"
"3253","2026-03-08 14:10:29","27.97","56.5","942.14","3440","56","","","","-115","-9.5","37267","1772989829894"
"3254","2026-03-08 14:10:50","27.97","56.5","942.12","3400","56","","","","-114","-7","37269","1772989849919"
"3255","2026-03-08 14:11:09","27.97","56.5","942.12","3420","56","","","","-114","-7.300000190734863","37271","1772989869897"
"3256","2026-03-08 14:11:19","27.97","56.5","942.12","3400","56","","","","-114","-5.800000190734863","37272","1772989879863"
"3257","2026-03-08 14:11:59","27.95","56.5","942.12","3420","56","","","","-114","-7","37276","1772989919897"
"3258","2026-03-08 14:12:09","27.95","56","942.12","3420","56","","","","-114","-8","37277","1772989929900"
"3259","2026-03-08 14:12:19","27.95","56.5","942.12","3420","56","","","","-113","-3.799999952316284","37278","1772989939893"
"3260","2026-03-08 14:12:29","27.95","56.5","942.1","3400","56","","","","-114","-7.800000190734863","37279","1772989949893"
"3261","2026-03-08 14:12:50","27.95","56.5","942.14","3400","56","","","","-115","-9.300000190734863","37281","1772989969927"
"3262","2026-03-08 14:13:00","27.94","56.5","942.14","3420","56","","","","-114","-6.800000190734863","37282","1772989979886"
"3263","2026-03-08 14:13:19","27.94","56.5","942.14","3440","56","","","","-114","-7.800000190734863","37284","1772989999867"
"3264","2026-03-08 14:13:29","27.93","56.5","942.2","3420","56","","","","-113","-4.5","37285","1772990009892"
"3265","2026-03-08 14:13:39","27.93","56.5","942.14","3420","52","","","","-114","-7.300000190734863","37286","1772990019890"
"3266","2026-03-08 14:13:49","27.93","56.5","942.16","3420","52","","","","-114","-5.800000190734863","37287","1772990029895"
"3267","2026-03-08 14:13:59","27.93","56.5","942.16","3420","52","","","","-114","-6.800000190734863","37288","1772990039900"
"3268","2026-03-08 14:14:09","27.93","56.5","942.14","3400","52","","","","-113","-5","37289","1772990049888"
"3269","2026-03-08 14:14:19","27.92","56.5","942.1800000000001","3440","52","","","","-114","-6.300000190734863","37290","1772990059892"
"3270","2026-03-08 14:14:29","27.92","56.5","942.1800000000001","3420","52","","","","-114","-5","37291","1772990069901"
"3271","2026-03-08 14:14:49","27.91","56.5","942.16","3400","52","","","","-114","-7.300000190734863","37293","1772990089895"
"3272","2026-03-08 14:14:59","27.91","56.5","942.16","3440","52","","","","-115","-8","37294","1772990099891"
"3273","2026-03-08 14:15:09","27.91","56.5","942.16","3400","52","","","","-114","-6.5","37295","1772990109907"
"3274","2026-03-08 14:15:50","27.9","56.5","942.1800000000001","3400","52","","","","-114","-6.300000190734863","37299","1772990149927"
"3275","2026-03-08 14:15:59","27.9","56.5","942.16","3400","52","","","","-113","-4.5","37300","1772990159896"
"3276","2026-03-08 14:16:20","27.9","56.5","942.14","3440","52","","","","-114","-7.800000190734863","37302","1772990179899"
"3277","2026-03-08 14:16:39","27.89","56.5","942.14","3420","52","","","","-114","-9","37304","1772990199894"
"3278","2026-03-08 14:16:49","27.88","56.5","942.16","3400","52","","","","-114","-7.800000190734863","37305","1772990209902"
"3279","2026-03-08 14:17:09","27.88","56.5","942.16","3400","52","","","","-114","-6.300000190734863","37307","1772990229900"
"3280","2026-03-08 14:17:19","27.88","56.5","942.16","3400","48","","","","-114","-8","37308","1772990239891"
"3281","2026-03-08 14:17:29","27.88","56.5","942.12","3440","52","","","","-114","-6","37309","1772990249893"
"3282","2026-03-08 14:17:50","27.86","56.5","942.12","3420","48","","","","-114","-6.800000190734863","37311","1772990269923"
"3283","2026-03-08 14:17:59","27.86","56.5","942.14","3400","48","","","","-114","-8.300000190734863","37312","1772990279901"
"3284","2026-03-08 14:18:09","27.86","56.5","942.14","3440","48","","","","-114","-8.300000190734863","37313","1772990289903"
"3285","2026-03-08 14:18:19","27.86","56.5","942.14","3420","48","","","","-114","-7.5","37314","1772990299898"
"3286","2026-03-08 14:18:29","27.86","56.5","942.12","3420","48","","","","-114","-7.300000190734863","37315","1772990309893"
"3287","2026-03-08 14:18:39","27.85","56.5","942.1","3420","48","","","","-114","-7.800000190734863","37316","1772990319871"
"3288","2026-03-08 14:18:59","27.85","56.5","942.08","3400","48","","","","-114","-7.300000190734863","37318","1772990339911"
"3289","2026-03-08 14:19:09","27.85","56.5","942.1","3420","48","","","","-114","-6.300000190734863","37319","1772990349899"
"3290","2026-03-08 14:19:29","27.85","56.5","942.1","3440","48","","","","-114","-9.5","37321","1772990369901"
"3291","2026-03-08 14:19:50","27.84","56.5","942.0600000000001","3440","48","","","","-114","-8.300000190734863","37323","1772990389892"
"3292","2026-03-08 14:19:59","27.84","56.5","942.1","3400","48","","","","-114","-9","37324","1772990399895"
"3293","2026-03-08 14:20:09","27.85","56.5","942.1","3440","48","","","","-114","-7.300000190734863","37325","1772990409890"
"3294","2026-03-08 14:20:19","27.83","56.5","942.0600000000001","3440","48","","","","-114","-8","37326","1772990419893"
"3295","2026-03-08 14:20:29","27.84","56.5","942.08","3460","48","","","","-114","-7.800000190734863","37327","1772990429890"
"3296","2026-03-08 14:20:40","27.83","56.5","942.0600000000001","3420","48","","","","-115","-9.5","37328","1772990439899"
"3297","2026-03-08 14:20:49","27.83","56.5","942.0600000000001","3420","48","","","","-113","-4.5","37329","1772990449907"
"3298","2026-03-08 14:20:59","27.83","56.5","942.1","3400","48","","","","-114","-8.5","37330","1772990459860"
"3299","2026-03-08 14:21:09","27.82","56.5","942.04","3440","48","","","","-114","-8.300000190734863","37331","1772990469901"
"3300","2026-03-08 14:21:19","27.82","56.5","942.0600000000001","3420","48","","","","-114","-5.800000190734863","37332","1772990479891"
"3301","2026-03-08 14:21:29","27.83","56.5","942.0600000000001","3420","48","","","","-114","-7.300000190734863","37333","1772990489895"
"3302","2026-03-08 14:21:39","27.83","56.5","942.1","3440","48","","","","-114","-6.5","37334","1772990499879"
"3303","2026-03-08 14:21:49","27.82","56.5","942.04","3440","48","","","","-114","-5.5","37335","1772990509894"
"3304","2026-03-08 14:21:59","27.82","56.5","942.02","3440","48","","","","-114","-5","37336","1772990519887"
"3305","2026-03-08 14:22:09","27.82","56.5","942.08","3420","48","","","","-114","-6","37337","1772990529885"
"3306","2026-03-08 14:22:19","27.82","56.5","942.04","3440","48","","","","-114","-6.800000190734863","37338","1772990539889"
"3307","2026-03-08 14:22:29","27.81","56.5","942.0600000000001","3440","48","","","","-114","-7.300000190734863","37339","1772990549884"
"3308","2026-03-08 14:22:39","27.81","56.5","942.04","3420","48","","","","-114","-7.5","37340","1772990559884"
"3309","2026-03-08 14:22:49","27.81","56.5","942.04","3400","48","","","","-114","-6.5","37341","1772990569891"
"3310","2026-03-08 14:22:59","27.81","56.5","942.02","3420","48","","","","-114","-7","37342","1772990579861"
"3311","2026-03-08 14:23:49","27.8","56.5","942.0600000000001","3420","48","","","","-114","-8.800000190734863","37347","1772990629897"
"3312","2026-03-08 14:24:09","27.79","56.5","942","3400","48","","","","-114","-8.800000190734863","37349","1772990649893"
"3313","2026-03-08 14:24:19","27.79","56.5","942.02","3420","48","","","","-114","-7","37350","1772990659885"
"3314","2026-03-08 14:24:29","27.79","56.5","942.02","3420","48","","","","-114","-7.800000190734863","37351","1772990669899"
"3315","2026-03-08 14:24:39","27.79","56.5","942","3440","48","","","","-114","-9","37352","1772990679885"
"3316","2026-03-08 14:24:49","27.78","56.5","942.02","3440","48","","","","-113","-5.5","37353","1772990689908"
"3317","2026-03-08 14:24:59","27.79","56.5","942","3440","48","","","","-113","-4.800000190734863","37354","1772990699897"
"3318","2026-03-08 14:25:09","27.78","56.5","941.98","3440","48","","","","-114","-9.5","37355","1772990709893"
"3319","2026-03-08 14:25:19","27.78","56.5","942.04","3400","48","","","","-114","-9.300000190734863","37356","1772990719896"
"3320","2026-03-08 14:25:29","27.78","56.5","942","3400","48","","","","-114","-7.800000190734863","37357","1772990729894"
"3321","2026-03-08 14:25:39","27.77","56.5","942","3420","48","","","","-114","-6.800000190734863","37358","1772990739886"
"3322","2026-03-08 14:26:19","27.77","56.5","942","3440","48","","","","-114","-4.5","37362","1772990779863"
"3323","2026-03-08 14:26:29","27.76","56.5","942","3440","48","","","","-114","-8","37363","1772990789890"
"3324","2026-03-08 14:26:39","27.76","56.5","942","3440","48","","","","-114","-6.300000190734863","37364","1772990799925"
"3325","2026-03-08 14:26:50","27.76","56.5","942.0600000000001","3400","48","","","","-115","-8.5","37365","1772990809912"
"3326","2026-03-08 14:26:59","27.76","56.5","942.04","3440","48","","","","-114","-9.5","37366","1772990819865"
"3327","2026-03-08 14:28:39","27.74","56.5","941.98","3440","48","","","","-114","-5.800000190734863","37376","1772990919862"
"3328","2026-03-08 14:28:49","27.74","56.5","941.96","3440","48","","","","-114","-7.800000190734863","37377","1772990929899"
"3329","2026-03-08 14:29:09","27.74","56.5","941.94","3440","48","","","","-114","-8.5","37379","1772990949886"
"3330","2026-03-08 14:29:19","27.74","56.5","941.98","3440","48","","","","-114","-7.300000190734863","37380","1772990959914"
"3331","2026-03-08 14:30:09","27.73","56.5","941.96","3420","44","","","","-114","-7","37385","1772991009891"
"3332","2026-03-08 14:30:20","27.72","56.5","941.94","3420","44","","","","-114","-6.5","37386","1772991019894"
"3333","2026-03-08 14:30:29","27.72","56.5","941.94","3420","44","","","","-115","-9.300000190734863","37387","1772991029888"
"3334","2026-03-08 14:30:39","27.72","56.5","941.9200000000001","3420","44","","","","-114","-8","37388","1772991039895"
"3335","2026-03-08 14:31:59","27.71","56.5","941.9","3420","28","","","","-114","-7","37396","1772991119891"
"3336","2026-03-08 14:32:10","27.7","56.5","941.9","3440","44","","","","-114","-6.800000190734863","37397","1772991129890"
"3337","2026-03-08 14:32:29","27.7","56.5","941.9","3420","40","","","","-114","-7.800000190734863","37399","1772991149889"
"3338","2026-03-08 14:32:39","27.7","56.5","941.88","3420","40","","","","-114","-7.300000190734863","37400","1772991159856"
"3339","2026-03-08 14:33:19","27.68","56.5","941.86","3440","40","","","","-114","-6.300000190734863","37404","1772991199891"
"3340","2026-03-08 14:33:29","27.68","56.5","941.86","3440","44","","","","-114","-8.5","37405","1772991209892"
"3341","2026-03-08 14:33:39","27.68","56.5","941.86","3440","44","","","","-114","-5.300000190734863","37406","1772991219873"
"3342","2026-03-08 14:33:59","27.68","56.5","941.84","3420","44","","","","-114","-7.800000190734863","37408","1772991239889"
"3343","2026-03-08 14:34:09","27.67","56.5","941.86","3400","44","","","","-114","-8.300000190734863","37409","1772991249886"
"3344","2026-03-08 14:34:19","27.67","56.5","941.84","3420","44","","","","-115","-8","37410","1772991259902"
"3345","2026-03-08 14:34:29","27.67","56.5","941.84","3420","44","","","","-114","-6.300000190734863","37411","1772991269896"
"3346","2026-03-08 14:34:39","27.67","56.5","941.84","3440","44","","","","-113","-4.5","37412","1772991279894"
"3347","2026-03-08 14:34:49","27.67","56.5","941.88","3440","44","","","","-114","-7.800000190734863","37413","1772991289919"
"3348","2026-03-08 14:34:59","27.67","56.5","941.84","3400","44","","","","-114","-5.800000190734863","37414","1772991299897"
"3349","2026-03-08 14:35:09","27.66","56.5","941.84","3420","44","","","","-114","-6.5","37415","1772991309886"
"3350","2026-03-08 14:35:19","27.66","56.5","941.82","3440","44","","","","-114","-6.300000190734863","37416","1772991319880"
"3351","2026-03-08 14:35:30","27.66","56.5","941.82","3440","44","","","","-114","-7","37417","1772991329887"
"3352","2026-03-08 14:35:39","27.65","56.5","941.78","3420","44","","","","-114","-7.300000190734863","37418","1772991339896"
"3353","2026-03-08 14:35:50","27.66","56.5","941.82","3440","24","","","","-114","-6","37419","1772991349898"
"3354","2026-03-08 14:35:59","27.65","56.5","941.8000000000001","3440","16","","","","-114","-5.800000190734863","37420","1772991359891"
"3355","2026-03-08 14:36:09","27.65","56.5","941.82","3400","16","","","","-114","-7","37421","1772991369887"
"3356","2026-03-08 14:36:19","27.65","56.5","941.82","3400","16","","","","-114","-8.300000190734863","37422","1772991379886"
"3357","2026-03-08 14:36:29","27.65","56.5","941.8000000000001","3420","16","","","","-114","-7.300000190734863","37423","1772991389887"
"3358","2026-03-08 14:36:39","27.64","56.5","941.76","3420","16","","","","-114","-8.5","37424","1772991399893"
"3359","2026-03-08 14:36:49","27.64","56.5","941.8000000000001","3420","16","","","","-114","-6.5","37425","1772991409901"
"3360","2026-03-08 14:36:59","27.64","56.5","941.78","3440","16","","","","-114","-5.800000190734863","37426","1772991419897"
"3361","2026-03-08 14:37:09","27.63","56.5","941.8000000000001","3420","16","","","","-114","-6.800000190734863","37427","1772991429889"
"3362","2026-03-08 14:37:19","27.64","56.5","941.82","3400","16","","","","-114","-7","37428","1772991439912"
"3363","2026-03-08 14:38:29","27.61","56.5","941.8000000000001","3420","16","","","","-114","-7","37435","1772991509887"
"3364","2026-03-08 14:38:39","27.62","56.5","941.8000000000001","3400","16","","","","-114","-6.5","37436","1772991519891"
"3365","2026-03-08 14:38:59","27.61","56.5","941.8000000000001","3400","16","","","","-115","-9.800000190734863","37438","1772991539889"
"3366","2026-03-08 14:39:09","27.6","56.5","941.78","3420","16","","","","-114","-8.300000190734863","37439","1772991549890"
"3367","2026-03-08 14:39:39","27.6","56.5","941.8000000000001","3460","16","","","","-114","-8","37442","1772991579891"
"3368","2026-03-08 14:40:00","27.59","56.5","941.76","3400","16","","","","-114","-8.300000190734863","37444","1772991599890"
"3369","2026-03-08 14:40:09","27.59","56.5","941.76","3400","16","","","","-114","-10.800000190734863","37445","1772991609892"
"3370","2026-03-08 14:40:39","27.58","56.5","941.78","3400","16","","","","-114","-7.5","37448","1772991639900"
"3371","2026-03-08 14:41:49","27.56","56.5","941.74","3420","40","","","","-115","-9.800000190734863","37455","1772991709893"
"3372","2026-03-08 14:41:59","27.56","56.5","941.76","3440","40","","","","-114","-6.800000190734863","37456","1772991719890"
"3373","2026-03-08 14:42:09","27.56","56.5","941.74","3400","40","","","","-114","-7.300000190734863","37457","1772991729898"
"3374","2026-03-08 14:42:19","27.55","56.5","941.72","3400","40","","","","-114","-8","37458","1772991739894"
"3375","2026-03-08 14:42:29","27.55","56.5","941.74","3440","40","","","","-114","-8","37459","1772991749885"
"3376","2026-03-08 14:42:39","27.54","56.5","941.72","3400","40","","","","-114","-7.300000190734863","37460","1772991759893"
"3377","2026-03-08 14:42:50","27.54","56.5","941.72","3420","40","","","","-114","-5.800000190734863","37461","1772991769903"
"3378","2026-03-08 14:42:59","27.54","56.5","941.6800000000001","3440","40","","","","-114","-5.300000190734863","37462","1772991779887"
"3379","2026-03-08 14:43:09","27.53","56.5","941.7","3420","40","","","","-114","-7.5","37463","1772991789902"
"3380","2026-03-08 14:43:19","27.54","56.5","941.7","3440","40","","","","-114","-5.300000190734863","37464","1772991799884"
"3381","2026-03-08 14:43:29","27.53","56.5","941.6800000000001","3440","40","","","","-114","-6","37465","1772991809890"
"3382","2026-03-08 14:43:39","27.53","56.5","941.7","3420","40","","","","-114","-6","37466","1772991819886"
"3383","2026-03-08 14:43:49","27.53","56.5","941.7","3440","40","","","","-114","-5.800000190734863","37467","1772991829905"
"3384","2026-03-08 14:43:59","27.52","56.5","941.6800000000001","3400","40","","","","-114","-5.800000190734863","37468","1772991839895"
"3385","2026-03-08 14:44:10","27.53","56.5","941.6800000000001","3400","40","","","","-114","-6","37469","1772991849893"
"3386","2026-03-08 14:44:19","27.52","56.5","941.66","3420","40","","","","-113","-4.800000190734863","37470","1772991859898"
"3387","2026-03-08 14:44:29","27.51","56.5","941.66","3440","40","","","","-114","-5","37471","1772991869885"
"3388","2026-03-08 14:44:39","27.52","56.5","941.66","3440","40","","","","-114","-5","37472","1772991879885"
"3389","2026-03-08 14:44:50","27.51","56.5","941.66","3400","40","","","","-114","-5.5","37473","1772991889908"
"3390","2026-03-08 14:44:59","27.52","56.5","941.64","3420","40","","","","-114","-5.800000190734863","37474","1772991899894"
"3391","2026-03-08 14:45:09","27.51","56.5","941.64","3440","40","","","","-114","-6.5","37475","1772991909882"
"3392","2026-03-08 14:45:19","27.51","56.5","941.64","3420","40","","","","-114","-6.800000190734863","37476","1772991919884"
"3393","2026-03-08 14:45:29","27.5","56.5","941.6","3400","40","","","","-114","-7","37477","1772991929890"
"3394","2026-03-08 14:45:39","27.5","56.5","941.62","3400","40","","","","-114","-6","37478","1772991939888"
"3395","2026-03-08 14:45:50","27.5","56.5","941.6","3420","40","","","","-113","-5.300000190734863","37479","1772991949918"
"3396","2026-03-08 14:45:59","27.5","56.5","941.6","3420","40","","","","-113","-6","37480","1772991959895"
"3397","2026-03-08 14:46:09","27.5","56.5","941.58","3440","40","","","","-114","-6.5","37481","1772991969891"
"3398","2026-03-08 14:46:19","27.5","56.5","941.6","3420","40","","","","-114","-6.300000190734863","37482","1772991979858"
"3399","2026-03-08 14:46:29","27.49","56.5","941.58","3420","40","","","","-114","-6.800000190734863","37483","1772991989887"
"3400","2026-03-08 14:46:39","27.49","56.5","941.5600000000001","3440","40","","","","-114","-6.300000190734863","37484","1772991999893"
"3401","2026-03-08 14:46:49","27.49","56.5","941.5600000000001","3420","40","","","","-114","-6.5","37485","1772992009878"
"3402","2026-03-08 14:46:59","27.49","56.5","941.5600000000001","3440","40","","","","-114","-7.800000190734863","37486","1772992019889"
"3403","2026-03-08 14:47:09","27.49","56.5","941.5600000000001","3400","40","","","","-114","-6.5","37487","1772992029892"
"3404","2026-03-08 14:47:19","27.49","56.5","941.54","3400","40","","","","-114","-6.5","37488","1772992039884"
"3405","2026-03-08 14:47:29","27.48","56.5","941.52","3420","40","","","","-114","-6.5","37489","1772992049886"
"3406","2026-03-08 14:47:39","27.48","56.5","941.5","3420","40","","","","-114","-7.300000190734863","37490","1772992059879"
"3407","2026-03-08 14:47:49","27.48","56.5","941.5","3440","40","","","","-114","-7.800000190734863","37491","1772992069904"
"3408","2026-03-08 14:47:59","27.47","56.5","941.48","3400","40","","","","-114","-9.5","37492","1772992079891"
"3409","2026-03-08 14:48:09","27.47","56.5","941.5","3420","40","","","","-114","-7.800000190734863","37493","1772992089886"
"3410","2026-03-08 14:48:30","27.47","56.5","941.48","3420","40","","","","-114","-7.300000190734863","37495","1772992109892"
"3411","2026-03-08 14:48:39","27.47","56.5","941.48","3420","40","","","","-114","-6.800000190734863","37496","1772992119890"
"3412","2026-03-08 14:48:49","27.46","56.5","941.48","3400","40","","","","-114","-6.800000190734863","37497","1772992129904"
"3413","2026-03-08 14:48:59","27.47","56.5","941.48","3440","40","","","","-114","-6","37498","1772992139891"
"3414","2026-03-08 14:49:09","27.46","56.5","941.48","3420","40","","","","-114","-4","37499","1772992149891"
"3415","2026-03-08 14:49:19","27.46","56.5","941.48","3400","40","","","","-114","-5.800000190734863","37500","1772992159882"
"3416","2026-03-08 14:50:29","27.45","56.5","941.46","3440","44","","","","-114","-6.800000190734863","37507","1772992229883"
"3417","2026-03-08 14:50:39","27.45","56.5","941.44","3420","44","","","","-114","-6.300000190734863","37508","1772992239894"
"3418","2026-03-08 14:50:49","27.45","56.5","941.4","3440","44","","","","-114","-7.800000190734863","37509","1772992249893"
"3419","2026-03-08 14:50:59","27.45","56.5","941.4200000000001","3420","44","","","","-114","-5.5","37510","1772992259885"
"3420","2026-03-08 14:51:09","27.45","56.5","941.4","3420","44","","","","-114","-5.5","37511","1772992269890"
"3421","2026-03-08 14:51:19","27.44","56.5","941.36","3420","44","","","","-114","-4.5","37512","1772992279889"
"3422","2026-03-08 14:51:29","27.44","56.5","941.36","3400","44","","","","-114","-7.5","37513","1772992289888"
"3423","2026-03-08 14:51:39","27.44","56.5","941.34","3420","44","","","","-114","-6.800000190734863","37514","1772992299892"
"3424","2026-03-08 14:51:49","27.44","56.5","941.38","3420","44","","","","-114","-6.5","37515","1772992309856"
"3425","2026-03-08 14:51:59","27.44","56.5","941.36","3400","44","","","","-114","-5.300000190734863","37516","1772992319885"
"3426","2026-03-08 14:52:09","27.43","56.5","941.34","3400","44","","","","-113","-5.5","37517","1772992329894"
"3427","2026-03-08 14:52:19","27.44","56.5","941.32","3400","44","","","","-113","-4.5","37518","1772992339888"
"3428","2026-03-08 14:52:29","27.43","56.5","941.34","3420","44","","","","-114","-7.5","37519","1772992349897"
"3429","2026-03-08 14:52:39","27.43","56.5","941.34","3420","44","","","","-114","-7.800000190734863","37520","1772992359885"
"3430","2026-03-08 14:52:50","27.43","56.5","941.32","3420","44","","","","-114","-6.300000190734863","37521","1772992369917"
"3431","2026-03-08 14:52:59","27.43","56.5","941.3000000000001","3400","44","","","","-114","-6.300000190734863","37522","1772992379893"
"3432","2026-03-08 14:53:09","27.43","56.5","941.32","3420","44","","","","-114","-6","37523","1772992389893"
"3433","2026-03-08 14:53:29","27.43","56.5","941.32","3400","44","","","","-114","-6.300000190734863","37525","1772992409878"
"3434","2026-03-08 14:53:49","27.42","56.5","941.3000000000001","3400","44","","","","-114","-8","37527","1772992429902"
"3435","2026-03-08 14:53:59","27.42","56.5","941.26","3440","44","","","","-114","-6.800000190734863","37528","1772992439880"
"3436","2026-03-08 14:54:09","27.42","56.5","941.3000000000001","3420","44","","","","-114","-9","37529","1772992449891"
"3437","2026-03-08 14:54:19","27.42","56.5","941.3000000000001","3440","44","","","","-114","-6.800000190734863","37530","1772992459890"
"3438","2026-03-08 14:54:59","27.41","56.5","941.24","3420","44","","","","-114","-5.800000190734863","37534","1772992499896"
"3439","2026-03-08 14:55:09","27.41","56.5","941.22","3420","44","","","","-114","-6.300000190734863","37535","1772992509881"
"3440","2026-03-08 14:55:29","27.41","56.5","941.22","3440","44","","","","-114","-7.300000190734863","37537","1772992529886"
"3441","2026-03-08 14:55:39","27.41","56.5","941.24","3440","44","","","","-114","-8","37538","1772992539885"
"3442","2026-03-08 14:55:50","27.41","56.5","941.24","3400","44","","","","-113","-4.5","37539","1772992549911"
"3443","2026-03-08 14:55:59","27.41","56.5","941.24","3460","44","","","","-114","-9.300000190734863","37540","1772992559895"
"3444","2026-03-08 14:56:09","27.4","56.5","941.24","3440","44","","","","-114","-7.5","37541","1772992569887"
"3445","2026-03-08 14:56:19","27.4","56.5","941.22","3420","44","","","","-114","-7","37542","1772992579882"
"3446","2026-03-08 14:56:29","27.4","56.5","941.2","3420","44","","","","-114","-8","37543","1772992589891"
"3447","2026-03-08 14:56:39","27.4","56.5","941.2","3400","44","","","","-114","-8.800000190734863","37544","1772992599895"
"3448","2026-03-08 14:56:59","27.4","56.5","941.2","3400","44","","","","-114","-9.300000190734863","37546","1772992619887"
"3449","2026-03-08 14:57:09","27.4","56.5","941.1800000000001","3400","44","","","","-114","-6","37547","1772992629884"
"3450","2026-03-08 14:57:29","27.4","56.5","941.2","3440","44","","","","-114","-9","37549","1772992649893"
"3451","2026-03-08 14:57:49","27.4","56.5","941.22","3400","44","","","","-114","-5.800000190734863","37551","1772992669901"
"3452","2026-03-08 14:58:09","27.39","56.5","941.1800000000001","3420","44","","","","-114","-6.5","37553","1772992689894"
"3453","2026-03-08 14:58:39","27.38","56.5","941.16","3400","44","","","","-113","-4.300000190734863","37556","1772992719883"
"3454","2026-03-08 14:58:50","27.39","56.5","941.16","3400","44","","","","-114","-5.800000190734863","37557","1772992729917"
"3455","2026-03-08 14:58:59","27.38","56.5","941.14","3420","44","","","","-114","-6","37558","1772992739880"
"3456","2026-03-08 14:59:09","27.38","56.5","941.16","3420","44","","","","-114","-6.800000190734863","37559","1772992749895"
"3457","2026-03-08 14:59:19","27.38","56.5","941.16","3440","44","","","","-114","-6.5","37560","1772992759889"
"3458","2026-03-08 14:59:29","27.37","56.5","941.12","3420","44","","","","-114","-6.5","37561","1772992769882"
"3459","2026-03-08 14:59:40","27.38","56.5","941.14","3420","44","","","","-114","-5","37562","1772992779878"
"3460","2026-03-08 14:59:50","27.38","56.5","941.1","3400","44","","","","-114","-6.800000190734863","37563","1772992789908"
"3461","2026-03-08 14:59:59","27.37","56.5","941.12","3420","44","","","","-114","-7.300000190734863","37564","1772992799849"
"3462","2026-03-08 15:00:19","27.37","56.5","941.12","3440","48","","","","-114","-8.300000190734863","37566","1772992819880"
"3463","2026-03-08 15:00:29","27.37","56.5","941.12","3440","48","","","","-114","-5","37567","1772992829882"
"3464","2026-03-08 15:00:39","27.37","56.5","941.08","3400","48","","","","-114","-8.300000190734863","37568","1772992839883"
"3465","2026-03-08 15:00:49","27.37","56.5","941.1","3400","48","","","","-114","-5.800000190734863","37569","1772992849908"
"3466","2026-03-08 15:01:09","27.36","56.5","941.1","3420","44","","","","-114","-7","37571","1772992869879"
"3467","2026-03-08 15:01:19","27.36","56.5","941.12","3400","44","","","","-114","-9.800000190734863","37572","1772992879894"
"3468","2026-03-08 15:01:29","27.36","56.5","941.12","3440","44","","","","-114","-7","37573","1772992889894"
"3469","2026-03-08 15:01:39","27.36","56.5","941.1","3400","44","","","","-115","-9.5","37574","1772992899885"
"3470","2026-03-08 15:02:09","27.36","56.5","941.08","3440","44","","","","-114","-7.300000190734863","37577","1772992929882"
"3471","2026-03-08 15:02:19","27.36","56.5","941.1","3420","44","","","","-114","-5.5","37578","1772992939884"
"3472","2026-03-08 15:02:29","27.36","56.5","941.0600000000001","3420","44","","","","-114","-6.5","37579","1772992949883"
"3473","2026-03-08 15:02:40","27.36","56.5","941.04","3420","44","","","","-114","-8.300000190734863","37580","1772992959887"
"3474","2026-03-08 15:02:50","27.36","56.5","941.0600000000001","3420","44","","","","-114","-6.5","37581","1772992969908"
"3475","2026-03-08 15:02:59","27.36","56.5","941.04","3400","44","","","","-114","-7.800000190734863","37582","1772992979894"
"3476","2026-03-08 15:03:09","27.36","56.5","941.0600000000001","3420","44","","","","-115","-8.5","37583","1772992989878"
"3477","2026-03-08 15:03:19","27.35","56.5","941.04","3460","44","","","","-114","-6","37584","1772992999890"
"3478","2026-03-08 15:03:29","27.36","56.5","941.04","3400","44","","","","-114","-6.5","37585","1772993009886"
"3479","2026-03-08 15:03:39","27.36","56.5","941.08","3400","44","","","","-114","-6","37586","1772993019895"
"3480","2026-03-08 15:03:50","27.36","56.5","941.0600000000001","3440","44","","","","-114","-5.800000190734863","37587","1772993029905"
"3481","2026-03-08 15:03:59","27.35","56.5","941.0600000000001","3420","44","","","","-114","-6.300000190734863","37588","1772993039885"
"3482","2026-03-08 15:04:09","27.35","56.5","941.0600000000001","3400","44","","","","-114","-6.300000190734863","37589","1772993049889"
"3483","2026-03-08 15:04:19","27.35","56.5","941.08","3400","44","","","","-114","-5.5","37590","1772993059885"
"3484","2026-03-08 15:04:29","27.35","56.5","941.0600000000001","3400","44","","","","-114","-5","37591","1772993069890"
"3485","2026-03-08 15:04:39","27.36","56.5","941.0600000000001","3440","44","","","","-115","-8","37592","1772993079887"
"3486","2026-03-08 15:04:49","27.35","56.5","941.04","3400","44","","","","-113","-4.5","37593","1772993089879"
"3487","2026-03-08 15:04:59","27.36","56.5","941.02","3440","44","","","","-114","-7","37594","1772993099880"
"3488","2026-03-08 15:05:09","27.35","56.5","941.0600000000001","3420","44","","","","-114","-7.800000190734863","37595","1772993109882"
"3489","2026-03-08 15:05:19","","","","","","","","","-114","-6","37596","1772993119558"
"3490","2026-03-08 15:05:19","27.35","56.5","941.02","3420","44","","","","-113","-5.300000190734863","37596","1772993119847"
"3491","2026-03-08 15:05:29","27.36","56.5","941.02","3400","44","","","","-114","-6.5","37597","1772993129881"
"3492","2026-03-08 15:05:39","27.35","56.5","941.04","3400","44","","","","-114","-8","37598","1772993139889"
"3493","2026-03-08 15:05:59","27.35","56.5","941","3400","44","","","","-114","-7.300000190734863","37600","1772993159888"
"3494","2026-03-08 15:06:09","27.35","56.5","941.04","3440","44","","","","-114","-7.300000190734863","37601","1772993169888"
"3495","2026-03-08 15:06:19","27.35","56.5","941.02","3420","44","","","","-114","-5.300000190734863","37602","1772993179891"
"3496","2026-03-08 15:06:29","27.35","56.5","941.02","3400","44","","","","-114","-6.800000190734863","37603","1772993189880"
"3497","2026-03-08 15:06:39","27.35","56.5","941.02","3400","44","","","","-113","-3","37604","1772993199885"
"3498","2026-03-08 15:06:49","27.35","56.5","941.02","3400","44","","","","-113","-4.5","37605","1772993209882"
"3499","2026-03-08 15:06:59","27.35","56.5","941.04","3440","44","","","","-115","-8.300000190734863","37606","1772993219887"
"3500","2026-03-08 15:07:09","27.35","56.5","941.02","3440","44","","","","-114","-5.800000190734863","37607","1772993229893"
"3501","2026-03-08 15:07:19","27.35","56.5","941","3420","44","","","","-114","-7.5","37608","1772993239887"
"3502","2026-03-08 15:07:39","27.35","56.5","940.98","3420","44","","","","-113","-3.5","37610","1772993259893"
"3503","2026-03-08 15:07:49","27.35","56.5","941","3400","44","","","","-114","-4.5","37611","1772993269879"
"3504","2026-03-08 15:07:59","27.35","56.5","941.02","3420","44","","","","-113","-3","37612","1772993279892"
"3505","2026-03-08 15:08:09","27.35","56.5","941.02","3400","44","","","","-113","-3.5","37613","1772993289885"
"3506","2026-03-08 15:08:20","27.34","56.5","940.98","3420","44","","","","-114","-4.800000190734863","37614","1772993299892"
"3507","2026-03-08 15:08:29","27.35","56.5","940.96","3440","44","","","","-114","-3.799999952316284","37615","1772993309889"
"3508","2026-03-08 15:08:50","27.34","56.5","940.96","3400","44","","","","-113","-4.5","37617","1772993329900"
"3509","2026-03-08 15:09:00","27.35","56.5","940.98","3400","44","","","","-113","-4.800000190734863","37618","1772993339885"
"3510","2026-03-08 15:09:09","27.34","56.5","940.98","3440","44","","","","-113","-1.7999999523162842","37619","1772993349886"
"3511","2026-03-08 15:09:19","27.35","56.5","941","3440","44","","","","-113","-3.799999952316284","37620","1772993359891"
"3512","2026-03-08 15:09:29","27.34","56.5","940.96","3440","44","","","","-114","-4.300000190734863","37621","1772993369889"
"3513","2026-03-08 15:09:59","27.34","56.5","941","3420","40","","","","-114","-7.5","37624","1772993399888"
"3514","2026-03-08 15:10:09","27.34","56.5","940.98","3420","40","","","","-114","-7.800000190734863","37625","1772993409897"
"3515","2026-03-08 15:10:19","27.34","56.5","941","3400","40","","","","-114","-6","37626","1772993419888"
"3516","2026-03-08 15:10:29","27.34","56.5","940.96","3440","40","","","","-113","-4","37627","1772993429880"
"3517","2026-03-08 15:11:19","27.34","56.5","941","3440","40","","","","-111","1","37632","1772993479860"
"3518","2026-03-08 15:11:29","27.35","56.5","941.02","3440","40","","","","-114","-6","37633","1772993489879"
"3519","2026-03-08 15:11:39","27.34","56.5","940.98","3420","40","","","","-114","-7.300000190734863","37634","1772993499884"
"3520","2026-03-08 15:11:49","27.35","56.5","941","3440","40","","","","-115","-9.5","37635","1772993509906"
"3521","2026-03-08 15:12:39","27.34","56.5","941","3440","40","","","","-114","-7.300000190734863","37640","1772993559877"
"3522","2026-03-08 15:12:59","27.35","56.5","941.02","3420","40","","","","-113","-4","37642","1772993579891"
"3523","2026-03-08 15:13:49","27.34","56.5","941","3420","40","","","","-114","-6.800000190734863","37647","1772993629883"
"3524","2026-03-08 15:13:59","27.34","56.5","941","3420","40","","","","-114","-8.5","37648","1772993639883"
"3525","2026-03-08 15:14:09","27.34","56.5","941.02","3420","40","","","","-113","-3.5","37649","1772993649892"
"3526","2026-03-08 15:14:19","27.34","56.5","940.98","3400","40","","","","-114","-6.300000190734863","37650","1772993659885"
"3527","2026-03-08 15:14:29","27.33","56.5","941","3420","40","","","","-114","-5.300000190734863","37651","1772993669880"
"3528","2026-03-08 15:14:39","27.34","56.5","940.98","3420","40","","","","-113","-4","37652","1772993679879"
"3529","2026-03-08 15:14:49","27.34","56.5","940.98","3440","40","","","","-114","-6.5","37653","1772993689913"
"3530","2026-03-08 15:14:59","27.34","56.5","940.98","3400","40","","","","-114","-9.5","37654","1772993699881"
"3531","2026-03-08 15:15:09","27.34","56.5","940.96","3440","36","","","","-114","-5.800000190734863","37655","1772993709873"
"3532","2026-03-08 15:15:29","27.34","56.5","940.96","3440","36","","","","-114","-7.300000190734863","37657","1772993729897"
"3533","2026-03-08 15:15:39","27.34","56.5","940.96","3420","36","","","","-114","-7.5","37658","1772993739888"
"3534","2026-03-08 15:16:49","27.33","56.5","940.9200000000001","3420","36","","","","-113","-4.800000190734863","37665","1772993809896"
"3535","2026-03-08 15:16:59","27.33","56.5","940.96","3440","36","","","","-114","-7.5","37666","1772993819880"
"3536","2026-03-08 15:17:09","27.33","56.5","940.96","3440","36","","","","-114","-5.800000190734863","37667","1772993829886"
"3537","2026-03-08 15:17:19","27.33","56.5","940.94","3420","36","","","","-114","-7","37668","1772993839878"
"3538","2026-03-08 15:17:29","27.33","56.5","940.9200000000001","3420","36","","","","-114","-7.5","37669","1772993849887"
"3539","2026-03-08 15:17:39","27.33","56.5","940.94","3400","36","","","","-114","-7","37670","1772993859875"
"3540","2026-03-08 15:17:49","27.33","56.5","940.96","3400","36","","","","-114","-5.800000190734863","37671","1772993869910"
"3541","2026-03-08 15:18:09","27.32","56.5","940.96","3440","36","","","","-114","-8.5","37673","1772993889884"
"3542","2026-03-08 15:18:39","27.32","56.5","940.94","3420","36","","","","-114","-7.300000190734863","37676","1772993919881"
"3543","2026-03-08 15:18:59","27.33","56.5","940.96","3420","36","","","","-113","-2.299999952316284","37678","1772993939894"
"3544","2026-03-08 15:19:09","27.33","56.5","940.98","3420","36","","","","-114","-8.5","37679","1772993949880"
"3545","2026-03-08 15:19:29","27.32","56.5","940.98","3420","36","","","","-114","-7","37681","1772993969899"
"3546","2026-03-08 15:19:39","27.32","56.5","940.94","3420","36","","","","-114","-7.5","37682","1772993979876"
"3547","2026-03-08 15:19:59","27.32","56.5","940.94","3400","36","","","","-115","-8.800000190734863","37684","1772993999857"
"3548","2026-03-08 15:20:09","27.32","56.5","940.98","3400","36","","","","-114","-6","37685","1772994009881"
"3549","2026-03-08 15:20:19","27.31","56.5","940.94","3420","36","","","","-114","-7.5","37686","1772994019878"
"3550","2026-03-08 15:20:29","27.32","56.5","940.94","3420","36","","","","-113","-4","37687","1772994029920"
"3551","2026-03-08 15:20:39","27.32","56.5","940.96","3420","36","","","","-113","-4","37688","1772994039889"
"3552","2026-03-08 15:21:09","27.31","56.5","940.94","3420","36","","","","-114","-6","37691","1772994069844"
"3553","2026-03-08 15:21:29","27.31","56.5","940.9200000000001","3400","36","","","","-115","-7.800000190734863","37693","1772994089886"
"3554","2026-03-08 15:21:39","27.31","56.5","940.94","3420","36","","","","-115","-9","37694","1772994099875"
"3555","2026-03-08 15:21:49","27.31","56.5","940.9200000000001","3400","36","","","","-114","-4.800000190734863","37695","1772994109901"
"3556","2026-03-08 15:22:09","27.31","56.5","940.9200000000001","3440","36","","","","-114","-6","37697","1772994129881"
"3557","2026-03-08 15:22:19","27.31","56.5","940.9200000000001","3400","36","","","","-113","-4","37698","1772994139889"
"3558","2026-03-08 15:22:29","27.31","56.5","940.9200000000001","3420","36","","","","-114","-6.300000190734863","37699","1772994149879"
"3559","2026-03-08 15:22:39","27.31","56.5","940.9200000000001","3440","36","","","","-114","-8","37700","1772994159887"
"3560","2026-03-08 15:22:59","27.3","56.5","940.9","3440","32","","","","-114","-7.800000190734863","37702","1772994179878"
"3561","2026-03-08 15:23:09","27.3","56.5","940.9200000000001","3400","32","","","","-113","-4.300000190734863","37703","1772994189879"
"3562","2026-03-08 15:23:19","27.3","56.5","940.9","3420","32","","","","-114","-5.800000190734863","37704","1772994199881"
"3563","2026-03-08 15:23:29","27.3","56.5","940.9","3440","32","","","","-114","-6.800000190734863","37705","1772994209887"
"3564","2026-03-08 15:23:39","27.3","56.5","940.9200000000001","3440","32","","","","-114","-7.5","37706","1772994219883"
"3565","2026-03-08 15:23:49","27.3","56.5","940.9200000000001","3420","32","","","","-114","-5","37707","1772994229912"
"3566","2026-03-08 15:23:59","27.29","56.5","940.9","3420","32","","","","-114","-7.300000190734863","37708","1772994239880"
"3567","2026-03-08 15:24:19","27.3","56.5","940.9200000000001","3440","32","","","","-115","-9.300000190734863","37710","1772994259875"
"3568","2026-03-08 15:24:39","27.3","56.5","940.9","3400","32","","","","-114","-8","37712","1772994279887"
"3569","2026-03-08 15:24:50","27.29","56.5","940.9","3420","32","","","","-114","-8","37713","1772994289902"
"3570","2026-03-08 15:24:59","27.29","56.5","940.88","3400","32","","","","-114","-7","37714","1772994299887"
"3571","2026-03-08 15:25:19","27.29","56.5","940.88","3420","32","","","","-114","-6","37716","1772994319887"
"3572","2026-03-08 15:25:39","27.29","56.5","940.86","3400","32","","","","-114","-7.300000190734863","37718","1772994339875"
"3573","2026-03-08 15:25:49","27.29","56.5","940.9","3400","32","","","","-113","-5.800000190734863","37719","1772994349901"
"3574","2026-03-08 15:25:59","27.29","56.5","940.84","3420","32","","","","-114","-8.800000190734863","37720","1772994359883"
"3575","2026-03-08 15:26:09","27.29","56.5","940.84","3440","32","","","","-115","-9.800000190734863","37721","1772994369912"
"3576","2026-03-08 15:26:19","27.29","56.5","940.86","3440","32","","","","-114","-5.800000190734863","37722","1772994379855"
"3577","2026-03-08 15:26:39","27.28","56.5","940.82","3420","32","","","","-112","-2.5","37724","1772994399875"
"3578","2026-03-08 15:26:49","27.28","56.5","940.84","3400","32","","","","-114","-5.5","37725","1772994409883"
"3579","2026-03-08 15:26:59","27.28","56.5","940.82","3400","32","","","","-115","-9","37726","1772994419874"
"3580","2026-03-08 15:27:39","27.28","56.5","940.82","3400","32","","","","-114","-7.800000190734863","37730","1772994459875"
"3581","2026-03-08 15:27:59","27.27","56.5","940.82","3440","32","","","","-113","-4","37732","1772994479882"
"3582","2026-03-08 15:28:19","27.27","56.5","940.84","3440","32","","","","-114","-6.800000190734863","37734","1772994499886"
"3583","2026-03-08 15:28:29","27.27","56.5","940.84","3400","32","","","","-114","-8.800000190734863","37735","1772994509880"
"3584","2026-03-08 15:28:39","27.27","56.5","940.8000000000001","3400","32","","","","-114","-6.800000190734863","37736","1772994519882"
"3585","2026-03-08 15:28:50","27.27","56.5","940.82","3420","32","","","","-114","-7.300000190734863","37737","1772994529877"
"3586","2026-03-08 15:29:00","27.27","56.5","940.82","3440","32","","","","-115","-10.800000190734863","37738","1772994539885"
"3587","2026-03-08 15:29:29","27.27","56.5","940.82","3400","32","","","","-115","-8.800000190734863","37741","1772994569883"
"3588","2026-03-08 15:29:49","27.26","56.5","940.82","3420","32","","","","-114","-8.800000190734863","37743","1772994589878"
"3589","2026-03-08 15:29:59","27.27","56.5","940.8000000000001","3420","32","","","","-114","-8.5","37744","1772994599878"
"3590","2026-03-08 15:30:19","27.27","56.5","940.84","3420","32","","","","-114","-5.5","37746","1772994619883"
"3591","2026-03-08 15:30:39","27.26","56.5","940.8000000000001","3400","32","","","","-115","-7.5","37748","1772994639877"
"3592","2026-03-08 15:31:20","27.26","56.5","940.78","3400","32","","","","-114","-6.300000190734863","37752","1772994679887"
"3593","2026-03-08 15:31:29","27.26","56.5","940.78","3400","32","","","","-114","-7.800000190734863","37753","1772994689880"
"3594","2026-03-08 15:31:39","27.26","56.5","940.78","3420","32","","","","-114","-9.300000190734863","37754","1772994699881"
"3595","2026-03-08 15:31:49","27.26","56.5","940.82","3440","32","","","","-114","-8.800000190734863","37755","1772994709885"
"3596","2026-03-08 15:32:49","27.25","56.5","940.78","3440","32","","","","-114","-8","37761","1772994769900"
"3597","2026-03-08 15:32:59","27.25","56.5","940.78","3420","32","","","","-114","-7","37762","1772994779881"
"3598","2026-03-08 15:33:09","27.26","56.5","940.78","3420","32","","","","-115","-8.300000190734863","37763","1772994789873"
"3599","2026-03-08 15:33:19","27.25","56.5","940.76","3400","32","","","","-114","-6.5","37764","1772994799880"
"3600","2026-03-08 15:33:29","27.25","56.5","940.78","3420","32","","","","-114","-7.300000190734863","37765","1772994809874"
"3601","2026-03-08 15:33:39","27.25","56.5","940.8000000000001","3440","32","","","","-114","-6.5","37766","1772994819883"
"3602","2026-03-08 15:33:50","27.25","56.5","940.8000000000001","3440","32","","","","-115","-9.300000190734863","37767","1772994829912"
"3603","2026-03-08 15:33:59","27.25","56.5","940.8000000000001","3420","32","","","","-114","-8.800000190734863","37768","1772994839887"
"3604","2026-03-08 15:34:09","27.25","56.5","940.78","3440","32","","","","-115","-7","37769","1772994849889"
"3605","2026-03-08 15:34:19","27.25","56.5","940.76","3420","32","","","","-115","-7.800000190734863","37770","1772994859881"
"3606","2026-03-08 15:34:29","27.25","56.5","940.74","3400","32","","","","-114","-5","37771","1772994869885"
"3607","2026-03-08 15:34:39","27.24","56.5","940.7","3400","32","","","","-114","-5.300000190734863","37772","1772994879880"
"3608","2026-03-08 15:34:49","27.24","56.5","940.74","3420","32","","","","-114","-7","37773","1772994889872"
"3609","2026-03-08 15:34:59","27.25","56.5","940.74","3420","28","","","","-114","-7.800000190734863","37774","1772994899875"
"3610","2026-03-08 15:35:29","27.24","56.5","940.72","3420","32","","","","-114","-8.300000190734863","37777","1772994929893"
"3611","2026-03-08 15:35:39","27.24","56.5","940.72","3420","32","","","","-114","-6.300000190734863","37778","1772994939875"
"3612","2026-03-08 15:35:49","27.24","56.5","940.74","3440","32","","","","-114","-5.300000190734863","37779","1772994949891"
"3613","2026-03-08 15:35:59","27.24","56.5","940.74","3400","28","","","","-114","-4.800000190734863","37780","1772994959878"
"3614","2026-03-08 15:36:09","27.24","56.5","940.7","3420","32","","","","-114","-8","37781","1772994969879"
"3615","2026-03-08 15:36:19","27.24","56.5","940.72","3420","32","","","","-114","-8","37782","1772994979882"
"3616","2026-03-08 15:36:30","27.24","56.5","940.72","3420","32","","","","-114","-9","37783","1772994989896"
"3617","2026-03-08 15:36:39","27.24","56.5","940.74","3400","32","","","","-114","-7.5","37784","1772994999878"
"3618","2026-03-08 15:36:49","27.24","56.5","940.7","3420","32","","","","-114","-6.5","37785","1772995009900"
"3619","2026-03-08 15:36:59","27.23","56.5","940.7","3400","32","","","","-115","-9.800000190734863","37786","1772995019873"
"3620","2026-03-08 15:37:09","27.24","56.5","940.72","3400","32","","","","-115","-8.300000190734863","37787","1772995029877"
"3621","2026-03-08 15:37:19","27.24","56.5","940.72","3440","32","","","","-114","-6.800000190734863","37788","1772995039882"
"3622","2026-03-08 15:37:29","27.23","56.5","940.72","3400","32","","","","-114","-8","37789","1772995049877"
"3623","2026-03-08 15:37:49","27.23","56.5","940.7","3420","32","","","","-114","-6.5","37791","1772995069889"
"3624","2026-03-08 15:37:59","27.23","56.5","940.7","3400","28","","","","-114","-7.300000190734863","37792","1772995079887"
"3625","2026-03-08 15:38:09","27.23","56.5","940.72","3420","28","","","","-114","-8","37793","1772995089872"
"3626","2026-03-08 15:38:19","27.23","56.5","940.6800000000001","3440","32","","","","-115","-9.300000190734863","37794","1772995099882"
"3627","2026-03-08 15:38:29","27.23","56.5","940.66","3420","32","","","","-114","-7.800000190734863","37795","1772995109885"
"3628","2026-03-08 15:38:50","27.23","56.5","940.6800000000001","3400","28","","","","-115","-8","37797","1772995129914"
"3629","2026-03-08 15:38:59","27.23","56.5","940.6800000000001","3420","28","","","","-114","-8","37798","1772995139880"
"3630","2026-03-08 15:39:09","27.23","56.5","940.6800000000001","3400","28","","","","-114","-5","37799","1772995149896"
"3631","2026-03-08 15:39:19","27.22","56.5","940.66","3440","28","","","","-114","-6.300000190734863","37800","1772995159881"
"3632","2026-03-08 15:39:29","27.23","56.5","940.7","3440","28","","","","-114","-7.5","37801","1772995169874"
"3633","2026-03-08 15:39:59","27.23","56.5","940.6800000000001","3400","28","","","","-114","-7","37804","1772995199877"
"3634","2026-03-08 15:40:09","27.22","56.5","940.66","3440","28","","","","-114","-7.300000190734863","37805","1772995209886"
"3635","2026-03-08 15:40:19","27.23","56.5","940.6800000000001","3440","28","","","","-114","-6.800000190734863","37806","1772995219851"
"3636","2026-03-08 15:40:29","27.22","56.5","940.64","3440","28","","","","-114","-7.300000190734863","37807","1772995229881"
"3637","2026-03-08 15:40:39","27.22","56.5","940.66","3440","28","","","","-114","-6.300000190734863","37808","1772995239872"
"3638","2026-03-08 15:40:50","27.22","56.5","940.64","3420","28","","","","-114","-6.800000190734863","37809","1772995249897"
"3639","2026-03-08 15:40:59","27.23","56.5","940.64","3440","28","","","","-114","-8","37810","1772995259878"
"3640","2026-03-08 15:41:19","27.22","56.5","940.64","3420","28","","","","-115","-10","37812","1772995279876"
"3641","2026-03-08 15:41:39","27.23","56.5","940.64","3440","28","","","","-115","-7.800000190734863","37814","1772995299876"
"3642","2026-03-08 15:41:50","27.22","56.5","940.6","3420","28","","","","-114","-7.800000190734863","37815","1772995309903"
"3643","2026-03-08 15:41:59","27.23","56.5","940.62","3400","28","","","","-114","-5.5","37816","1772995319873"
"3644","2026-03-08 15:42:09","27.22","56.5","940.58","3420","28","","","","-114","-6.300000190734863","37817","1772995329880"
"3645","2026-03-08 15:42:20","27.23","56.5","940.6","3400","28","","","","-114","-7","37818","1772995339876"
"3646","2026-03-08 15:42:29","27.22","56.5","940.64","3440","28","","","","-114","-5","37819","1772995349874"
"3647","2026-03-08 15:42:39","27.23","56.5","940.64","3420","28","","","","-114","-6.300000190734863","37820","1772995359879"
"3648","2026-03-08 15:42:49","27.22","56.5","940.62","3440","28","","","","-114","-5.800000190734863","37821","1772995369867"
"3649","2026-03-08 15:42:59","27.22","56.5","940.6","3420","28","","","","-114","-7","37822","1772995379878"
"3650","2026-03-08 15:43:09","27.22","56.5","940.58","3420","28","","","","-114","-5.800000190734863","37823","1772995389881"
"3651","2026-03-08 15:43:19","27.22","56.5","940.6","3400","28","","","","-114","-7.800000190734863","37824","1772995399883"
"3652","2026-03-08 15:43:29","27.22","56.5","940.6","3440","28","","","","-114","-6.300000190734863","37825","1772995409882"
"3653","2026-03-08 15:43:39","27.22","56.5","940.6","3400","28","","","","-114","-6.5","37826","1772995419874"
"3654","2026-03-08 15:43:49","27.22","56.5","940.62","3420","28","","","","-114","-6.5","37827","1772995429871"
"3655","2026-03-08 15:43:59","27.22","56.5","940.62","3420","28","","","","-114","-6","37828","1772995439873"
"3656","2026-03-08 15:44:09","27.22","56.5","940.6","3420","28","","","","-114","-6.300000190734863","37829","1772995449877"
"3657","2026-03-08 15:44:19","27.22","56.5","940.58","3440","28","","","","-114","-7.300000190734863","37830","1772995459872"
"3658","2026-03-08 15:44:29","27.22","56.5","940.6","3400","28","","","","-114","-7","37831","1772995469884"
"3659","2026-03-08 15:44:39","27.22","56.5","940.6","3420","28","","","","-114","-6.800000190734863","37832","1772995479880"
"3660","2026-03-08 15:44:49","27.21","56.5","940.58","3400","28","","","","-114","-6.5","37833","1772995489872"
"3661","2026-03-08 15:44:59","27.22","56.5","940.62","3400","28","","","","-114","-6","37834","1772995499879"
"3662","2026-03-08 15:45:09","27.22","56.5","940.58","3420","28","","","","-114","-5.5","37835","1772995509873"
"3663","2026-03-08 15:45:19","27.22","56.5","940.58","3420","28","","","","-114","-4.800000190734863","37836","1772995519877"
"3664","2026-03-08 15:45:29","27.21","56.5","940.58","3400","28","","","","-114","-5.300000190734863","37837","1772995529885"
"3665","2026-03-08 15:45:39","27.22","56.5","940.6","3400","28","","","","-114","-8.5","37838","1772995539881"
"3666","2026-03-08 15:45:59","27.22","56.5","940.6","3440","28","","","","-114","-7","37840","1772995559873"
"3667","2026-03-08 15:46:19","27.22","56.5","940.6","3420","28","","","","-115","-9.5","37842","1772995579883"
"3668","2026-03-08 15:46:39","27.22","56.5","940.5600000000001","3400","28","","","","-114","-8.800000190734863","37844","1772995599872"
"3669","2026-03-08 15:46:49","27.22","56.5","940.58","3400","28","","","","-115","-9","37845","1772995609877"
"3670","2026-03-08 15:46:59","27.21","56.5","940.58","3440","28","","","","-114","-7.300000190734863","37846","1772995619871"
"3671","2026-03-08 15:47:09","27.21","56.5","940.58","3400","28","","","","-113","-3.299999952316284","37847","1772995629877"
"3672","2026-03-08 15:47:29","27.21","56.5","940.58","3400","28","","","","-114","-5.5","37849","1772995649879"
"3673","2026-03-08 15:47:39","27.21","56.5","940.58","3420","28","","","","-114","-7","37850","1772995659879"
"3674","2026-03-08 15:47:59","27.21","56.5","940.6","3420","28","","","","-114","-6.5","37852","1772995679873"
"3675","2026-03-08 15:48:09","27.21","56.5","940.5600000000001","3400","28","","","","-114","-8.300000190734863","37853","1772995689875"
"3676","2026-03-08 15:48:19","27.21","56.5","940.5600000000001","3400","28","","","","-114","-7.5","37854","1772995699885"
"3677","2026-03-08 15:48:29","27.21","56.5","940.58","3440","28","","","","-115","-7","37855","1772995709850"
"3678","2026-03-08 15:48:39","27.21","56.5","940.58","3420","28","","","","-114","-7","37856","1772995719878"
"3679","2026-03-08 15:50:19","27.2","56.5","940.58","3440","28","","","","-115","-9","37866","1772995819880"
"3680","2026-03-08 15:52:09","27.2","56.5","940.6","3420","32","","","","-114","-6.300000190734863","37877","1772995929875"
"3681","2026-03-08 15:52:19","27.2","56.5","940.6","3420","32","","","","-115","-8.5","37878","1772995939876"
"3682","2026-03-08 15:52:29","27.2","56.5","940.6","3420","32","","","","-115","-9.5","37879","1772995949871"
"3683","2026-03-08 15:52:39","27.2","56.5","940.64","3400","32","","","","-114","-8","37880","1772995959869"
"3684","2026-03-08 15:53:09","27.2","56.5","940.6","3420","32","","","","-115","-8","37883","1772995989884"
"3685","2026-03-08 15:53:29","27.2","56.5","940.62","3420","32","","","","-114","-8","37885","1772996009879"
"3686","2026-03-08 15:53:39","27.2","56.5","940.6","3420","32","","","","-115","-9.800000190734863","37886","1772996019870"
"3687","2026-03-08 15:53:49","27.2","56.5","940.6","3400","32","","","","-114","-5.300000190734863","37887","1772996029877"
"3688","2026-03-08 15:54:09","27.2","56.5","940.62","3440","32","","","","-114","-5.800000190734863","37889","1772996049876"
"3689","2026-03-08 15:54:19","27.2","56.5","940.62","3420","32","","","","-114","-6.800000190734863","37890","1772996059875"
"3690","2026-03-08 15:54:49","27.2","56.5","940.6","3440","32","","","","-114","-5.5","37893","1772996089892"
"3691","2026-03-08 15:54:59","27.2","56.5","940.62","3440","32","","","","-114","-5","37894","1772996099874"
"3692","2026-03-08 15:55:09","27.2","56.5","940.62","3420","32","","","","-114","-6.5","37895","1772996109883"
"3693","2026-03-08 15:55:19","27.2","56.5","940.6","3420","32","","","","-113","-4.300000190734863","37896","1772996119884"
"3694","2026-03-08 15:55:29","27.2","56.5","940.6","3400","32","","","","-114","-7.5","37897","1772996129875"
"3695","2026-03-08 15:55:49","27.19","56.5","940.58","3400","32","","","","-114","-8.5","37899","1772996149890"
"3696","2026-03-08 15:55:59","27.19","56.5","940.5600000000001","3400","32","","","","-115","-8","37900","1772996159882"
"3697","2026-03-08 15:56:29","27.19","56.5","940.6","3400","32","","","","-114","-7.300000190734863","37903","1772996189878"
"3698","2026-03-08 15:56:39","27.19","56.5","940.58","3420","32","","","","-113","-2.5","37904","1772996199870"
"3699","2026-03-08 15:56:49","27.19","56.5","940.6","3400","32","","","","-113","-4","37905","1772996209874"
"3700","2026-03-08 15:56:59","27.19","56.5","940.6","3420","32","","","","-113","-4","37906","1772996219854"
"3701","2026-03-08 15:57:09","27.19","56.5","940.58","3400","32","","","","-114","-4.800000190734863","37907","1772996229875"
"3702","2026-03-08 15:57:19","27.19","56.5","940.6","3400","32","","","","-113","-3.5","37908","1772996239872"
"3703","2026-03-08 15:57:29","27.19","56.5","940.6","3440","32","","","","-114","-3.5","37909","1772996249881"
"3704","2026-03-08 15:57:39","27.2","56.5","940.58","3420","32","","","","-114","-4.5","37910","1772996259840"
"3705","2026-03-08 15:57:49","27.19","56.5","940.58","3440","32","","","","-114","-5.5","37911","1772996269887"
"3706","2026-03-08 15:57:59","27.19","56.5","940.58","3440","32","","","","-114","-4.800000190734863","37912","1772996279873"
"3707","2026-03-08 15:58:09","27.19","56.5","940.6","3440","32","","","","-114","-4.300000190734863","37913","1772996289847"
"3708","2026-03-08 15:58:19","27.19","56.5","940.6","3420","32","","","","-113","-3.299999952316284","37914","1772996299870"
"3709","2026-03-08 15:58:29","27.19","56.5","940.6","3400","32","","","","-113","-3.799999952316284","37915","1772996309870"
"3710","2026-03-08 15:58:39","27.19","56.5","940.58","3420","32","","","","-113","-4.5","37916","1772996319874"
"3711","2026-03-08 15:58:49","27.19","56.5","940.54","3420","32","","","","-114","-7","37917","1772996329896"
"3712","2026-03-08 15:58:59","27.19","56.5","940.58","3440","28","","","","-115","-8.800000190734863","37918","1772996339874"
"3713","2026-03-08 15:59:09","27.19","56.5","940.58","3440","28","","","","-114","-7","37919","1772996349877"
"3714","2026-03-08 15:59:19","27.19","56.5","940.58","3420","28","","","","-113","-5.300000190734863","37920","1772996359877"
"3715","2026-03-08 15:59:29","27.19","56.5","940.5600000000001","3440","28","","","","-112","-1.7999999523162842","37921","1772996369880"
"3716","2026-03-08 15:59:39","27.18","56.5","940.52","3400","28","","","","-114","-6.300000190734863","37922","1772996379879"
"3717","2026-03-08 15:59:49","27.18","56.5","940.58","3440","28","","","","-114","-5.5","37923","1772996389870"
"3718","2026-03-08 15:59:59","27.18","56.5","940.5600000000001","3440","28","","","","-115","-7.300000190734863","37924","1772996399884"
"3719","2026-03-08 16:00:09","27.19","56.5","940.5600000000001","3420","28","","","","-114","-5.5","37925","1772996409874"
"3720","2026-03-08 16:00:19","27.18","56.5","940.5600000000001","3400","28","","","","-114","-5.800000190734863","37926","1772996419878"
"3721","2026-03-08 16:00:29","27.18","56.5","940.54","3420","28","","","","-114","-7.300000190734863","37927","1772996429879"
"3722","2026-03-08 16:00:49","27.18","56.5","940.5600000000001","3420","28","","","","-114","-7.300000190734863","37929","1772996449903"
"3723","2026-03-08 16:00:59","27.18","56.5","940.5600000000001","3420","28","","","","-114","-8.5","37930","1772996459869"
"3724","2026-03-08 16:01:09","27.18","56.5","940.58","3400","28","","","","-115","-8","37931","1772996469870"
"3725","2026-03-08 16:01:19","27.18","56.5","940.58","3420","28","","","","-114","-7.300000190734863","37932","1772996479874"
"3726","2026-03-08 16:01:29","27.18","56.5","940.5600000000001","3440","28","","","","-114","-5.800000190734863","37933","1772996489867"
"3727","2026-03-08 16:01:39","27.17","56.5","940.5600000000001","3440","28","","","","-114","-5","37934","1772996499873"
"3728","2026-03-08 16:01:49","27.17","56.5","940.54","3420","28","","","","-114","-4.800000190734863","37935","1772996509901"
"3729","2026-03-08 16:01:59","27.17","56.5","940.5600000000001","3420","28","","","","-114","-5","37936","1772996519869"
"3730","2026-03-08 16:02:09","27.17","56.5","940.5600000000001","3420","28","","","","-114","-6.5","37937","1772996529876"
"3731","2026-03-08 16:02:19","27.18","56.5","940.6","3420","28","","","","-114","-5.5","37938","1772996539876"
"3732","2026-03-08 16:02:29","27.17","56.5","940.5600000000001","3420","32","","","","-114","-6.5","37939","1772996549868"
"3733","2026-03-08 16:02:39","27.17","56.5","940.58","3420","32","","","","-114","-7","37940","1772996559865"
"3734","2026-03-08 16:02:49","27.17","56.5","940.5600000000001","3420","32","","","","-114","-4.5","37941","1772996569880"
"3735","2026-03-08 16:02:59","27.17","56.5","940.58","3420","32","","","","-113","-3","37942","1772996579882"
"3736","2026-03-08 16:03:09","27.17","56.5","940.5600000000001","3420","32","","","","-113","-3.799999952316284","37943","1772996589877"
"3737","2026-03-08 16:03:19","27.17","56.5","940.54","3420","32","","","","-114","-5.800000190734863","37944","1772996599880"
"3738","2026-03-08 16:03:29","27.17","56.5","940.5600000000001","3440","28","","","","-114","-8.800000190734863","37945","1772996609875"
"3739","2026-03-08 16:03:39","27.17","56.5","940.58","3420","28","","","","-115","-8.800000190734863","37946","1772996619877"
"3740","2026-03-08 16:03:50","27.17","56.5","940.58","3420","28","","","","-114","-5","37947","1772996629894"
"3741","2026-03-08 16:03:59","27.17","56.5","940.58","3440","28","","","","-114","-7.800000190734863","37948","1772996639870"
"3742","2026-03-08 16:04:09","27.16","56.5","940.58","3420","32","","","","-115","-7","37949","1772996649878"
"3743","2026-03-08 16:04:29","27.16","56.5","940.5600000000001","3400","28","","","","-114","-6.300000190734863","37951","1772996669869"
"3744","2026-03-08 16:04:39","27.16","56.5","940.58","3420","28","","","","-115","-9","37952","1772996679874"
"3745","2026-03-08 16:04:49","27.16","56.5","940.5600000000001","3400","28","","","","-115","-7.800000190734863","37953","1772996689870"
"3746","2026-03-08 16:04:59","27.16","56.5","940.5600000000001","3440","28","","","","-113","-3.799999952316284","37954","1772996699880"
"3747","2026-03-08 16:05:09","27.17","56.5","940.5600000000001","3400","28","","","","-114","-6","37955","1772996709841"
"3748","2026-03-08 16:05:19","27.16","56.5","940.58","3400","28","","","","-114","-8","37956","1772996719871"
"3749","2026-03-08 16:05:29","27.16","56.5","940.58","3420","28","","","","-113","-4","37957","1772996729878"
"3750","2026-03-08 16:05:39","27.16","56.5","940.58","3440","28","","","","-114","-7.800000190734863","37958","1772996739881"
"3751","2026-03-08 16:05:49","27.16","56.5","940.58","3420","28","","","","-114","-5","37959","1772996749887"
"3752","2026-03-08 16:05:59","27.16","56.5","940.5600000000001","3440","32","","","","-114","-6.800000190734863","37960","1772996759869"
"3753","2026-03-08 16:06:09","27.16","56.5","940.58","3420","32","","","","-114","-8.800000190734863","37961","1772996769881"
"3754","2026-03-08 16:06:19","27.16","56.5","940.54","3440","32","","","","-114","-5.300000190734863","37962","1772996779871"
"3755","2026-03-08 16:06:29","27.16","56.5","940.54","3420","32","","","","-115","-9.800000190734863","37963","1772996789867"
"3756","2026-03-08 16:06:50","27.15","56.5","940.5600000000001","3420","32","","","","-114","-7.5","37965","1772996809910"
"3757","2026-03-08 16:06:59","27.16","56.5","940.58","3400","32","","","","-114","-5.5","37966","1772996819869"
"3758","2026-03-08 16:07:19","27.15","56.5","940.58","3400","32","","","","-115","-9","37968","1772996839869"
"3759","2026-03-08 16:07:29","27.15","56.5","940.54","3400","32","","","","-114","-9.5","37969","1772996849877"
"3760","2026-03-08 16:07:39","27.15","56.5","940.52","3440","32","","","","-114","-8","37970","1772996859876"
"3761","2026-03-08 16:07:49","27.15","56.5","940.5600000000001","3420","32","","","","-114","-6","37971","1772996869865"
"3762","2026-03-08 16:07:59","27.16","56.5","940.5600000000001","3400","32","","","","-113","-4.5","37972","1772996879868"
"3763","2026-03-08 16:08:09","27.15","56.5","940.54","3420","32","","","","-114","-6","37973","1772996889838"
"3764","2026-03-08 16:08:29","27.15","56.5","940.54","3440","36","","","","-114","-6","37975","1772996909879"
"3765","2026-03-08 16:08:39","27.15","56.5","940.5600000000001","3420","32","","","","-115","-10","37976","1772996919872"
"3766","2026-03-08 16:08:49","27.15","56.5","940.5600000000001","3400","32","","","","-115","-8.5","37977","1772996929877"
"3767","2026-03-08 16:09:09","27.15","56.5","940.5600000000001","3420","32","","","","-115","-9.5","37979","1772996949871"
"3768","2026-03-08 16:09:19","27.15","56.5","940.58","3440","32","","","","-114","-8.5","37980","1772996959879"
"3769","2026-03-08 16:09:29","27.15","56.5","940.54","3440","36","","","","-114","-8","37981","1772996969872"
"3770","2026-03-08 16:09:59","27.15","56.5","940.5600000000001","3420","36","","","","-114","-6","37984","1772996999862"
"3771","2026-03-08 16:10:19","27.15","56.5","940.54","3420","36","","","","-114","-5.300000190734863","37986","1772997019868"
"3772","2026-03-08 16:10:29","27.15","56.5","940.5600000000001","3440","36","","","","-114","-9.800000190734863","37987","1772997029879"
"3773","2026-03-08 16:10:39","27.15","56.5","940.54","3400","36","","","","-114","-7","37988","1772997039880"
"3774","2026-03-08 16:10:59","27.14","56.5","940.52","3400","36","","","","-114","-6.300000190734863","37990","1772997059879"
"3775","2026-03-08 16:11:09","27.15","56.5","940.52","3400","36","","","","-114","-6.5","37991","1772997069867"
"3776","2026-03-08 16:11:19","27.14","56.5","940.54","3440","36","","","","-114","-7.300000190734863","37992","1772997079866"
"3777","2026-03-08 16:11:39","27.14","56.5","940.52","3400","32","","","","-114","-8.300000190734863","37994","1772997099871"
"3778","2026-03-08 16:11:49","27.14","56.5","940.54","3420","32","","","","-113","-4.5","37995","1772997109882"
"3779","2026-03-08 16:11:59","27.15","56.5","940.5","3400","32","","","","-114","-8.800000190734863","37996","1772997119871"
"3780","2026-03-08 16:12:19","27.14","56.5","940.52","3400","36","","","","-115","-10.300000190734863","37998","1772997139869"
"3781","2026-03-08 16:12:29","27.14","56.5","940.54","3420","36","","","","-114","-9.5","37999","1772997149869"
"3782","2026-03-08 16:12:49","27.15","56.5","940.54","3400","36","","","","-114","-8.5","38001","1772997169862"
"3783","2026-03-08 16:12:59","27.15","56.5","940.52","3440","36","","","","-114","-7.800000190734863","38002","1772997179863"
"3784","2026-03-08 16:13:09","27.14","56.5","940.54","3400","36","","","","-114","-7","38003","1772997189872"
"3785","2026-03-08 16:13:19","27.14","56","940.52","3400","36","","","","-114","-8.5","38004","1772997199834"
"3786","2026-03-08 16:13:39","27.15","56.5","940.5","3400","36","","","","-114","-8.800000190734863","38006","1772997219872"
"3787","2026-03-08 16:13:49","27.14","56.5","940.52","3440","36","","","","-114","-5.5","38007","1772997229886"
"3788","2026-03-08 16:13:59","27.15","56.5","940.54","3400","36","","","","-114","-6.5","38008","1772997239871"
"3789","2026-03-08 16:14:09","27.14","56.5","940.54","3440","36","","","","-114","-7.800000190734863","38009","1772997249878"
"3790","2026-03-08 16:14:39","27.14","56.5","940.52","3400","36","","","","-115","-10","38012","1772997279873"
"3791","2026-03-08 16:14:49","27.14","56.5","940.52","3440","36","","","","-114","-9.5","38013","1772997289867"
"3792","2026-03-08 16:15:09","27.14","56.5","940.52","3400","36","","","","-114","-6.300000190734863","38015","1772997309882"
"3793","2026-03-08 16:15:19","27.15","56.5","940.52","3440","32","","","","-114","-8.300000190734863","38016","1772997319865"
"3794","2026-03-08 16:15:29","27.14","56.5","940.54","3420","32","","","","-114","-7.300000190734863","38017","1772997329868"
"3795","2026-03-08 16:15:39","27.15","56.5","940.52","3440","32","","","","-114","-6","38018","1772997339877"
"3796","2026-03-08 16:15:49","27.15","56.5","940.52","3440","32","","","","-114","-7.5","38019","1772997349902"
"3797","2026-03-08 16:15:59","27.15","56.5","940.54","3440","32","","","","-114","-5.300000190734863","38020","1772997359867"
"3798","2026-03-08 16:16:09","27.15","56.5","940.52","3420","32","","","","-114","-7.300000190734863","38021","1772997369870"
"3799","2026-03-08 16:16:19","27.15","56.5","940.52","3440","32","","","","-114","-6.5","38022","1772997379874"
"3800","2026-03-08 16:16:39","27.15","56.5","940.54","3420","32","","","","-114","-6.800000190734863","38024","1772997399864"
"3801","2026-03-08 16:16:50","27.14","56.5","940.5","3440","32","","","","-115","-9.5","38025","1772997409891"
"3802","2026-03-08 16:17:09","27.15","56.5","940.54","3440","32","","","","-114","-9.300000190734863","38027","1772997429866"
"3803","2026-03-08 16:17:19","27.14","56.5","940.5","3440","32","","","","-115","-9","38028","1772997439872"
"3804","2026-03-08 16:17:39","27.15","56.5","940.54","3420","32","","","","-114","-8.800000190734863","38030","1772997459868"
"3805","2026-03-08 16:17:59","27.14","56.5","940.5","3440","32","","","","-114","-9","38032","1772997479869"
"3806","2026-03-08 16:18:09","27.15","56.5","940.52","3440","36","","","","-114","-7","38033","1772997489876"
"3807","2026-03-08 16:18:29","27.14","56.5","940.5","3420","36","","","","-115","-9","38035","1772997509877"
"3808","2026-03-08 16:18:50","27.14","56.5","940.5","3420","36","","","","-114","-6.300000190734863","38037","1772997529888"
"3809","2026-03-08 16:18:59","27.14","56.5","940.5","3440","36","","","","-114","-6.5","38038","1772997539866"
"3810","2026-03-08 16:19:09","27.14","56.5","940.5","3400","36","","","","-114","-6.5","38039","1772997549867"
"3811","2026-03-08 16:19:19","27.14","56.5","940.52","3440","36","","","","-114","-7.300000190734863","38040","1772997559878"
"3812","2026-03-08 16:20:19","27.15","56.5","940.48","3440","36","","","","-115","-10.300000190734863","38046","1772997619868"
"3813","2026-03-08 16:20:39","27.15","56.5","940.46","3440","36","","","","-115","-9.300000190734863","38048","1772997639870"
"3814","2026-03-08 16:20:59","27.14","56.5","940.48","3420","36","","","","-114","-9","38050","1772997659878"
"3815","2026-03-08 16:21:09","27.14","56.5","940.5","3400","36","","","","-114","-9.5","38051","1772997669863"
"3816","2026-03-08 16:21:29","27.14","56.5","940.48","3440","36","","","","-115","-8.800000190734863","38053","1772997689829"
"3817","2026-03-08 16:21:50","27.14","56.5","940.46","3420","36","","","","-115","-9","38055","1772997710297"
"3818","2026-03-08 16:21:59","27.15","56.5","940.5","3420","36","","","","-114","-9.300000190734863","38056","1772997719878"
"3819","2026-03-08 16:22:09","27.14","56","940.48","3440","36","","","","-114","-9.300000190734863","38057","1772997729864"
"3820","2026-03-08 16:23:19","27.15","56.5","940.46","3420","36","","","","-115","-8","38064","1772997799869"
"3821","2026-03-08 16:23:29","27.15","56.5","940.48","3420","36","","","","-114","-6","38065","1772997809875"
"3822","2026-03-08 16:23:39","27.14","56.5","940.44","3400","40","","","","-114","-5.800000190734863","38066","1772997819868"
"3823","2026-03-08 16:23:49","27.14","56.5","940.46","3420","36","","","","-114","-5.5","38067","1772997829867"
"3824","2026-03-08 16:23:59","27.14","56.5","940.48","3420","40","","","","-114","-6","38068","1772997839868"
"3825","2026-03-08 16:24:09","27.14","56","940.44","3420","40","","","","-114","-5.300000190734863","38069","1772997849870"
"3826","2026-03-08 16:24:19","27.15","56","940.46","3400","40","","","","-114","-5.5","38070","1772997859874"
"3827","2026-03-08 16:24:29","27.14","56.5","940.48","3420","40","","","","-114","-6","38071","1772997869879"
"3828","2026-03-08 16:24:39","27.14","56.5","940.46","3420","40","","","","-114","-5.300000190734863","38072","1772997879875"
"3829","2026-03-08 16:24:49","27.15","56.5","940.46","3400","40","","","","-114","-6","38073","1772997889893"
"3830","2026-03-08 16:24:59","27.15","56","940.48","3420","40","","","","-114","-5.5","38074","1772997899870"
"3831","2026-03-08 16:25:09","27.14","56.5","940.46","3400","40","","","","-114","-5.5","38075","1772997909875"
"3832","2026-03-08 16:25:19","27.15","56","940.46","3420","40","","","","-114","-5.300000190734863","38076","1772997919868"
"3833","2026-03-08 16:25:29","27.15","56.5","940.46","3400","40","","","","-113","-4.300000190734863","38077","1772997929861"
"3834","2026-03-08 16:25:39","27.15","56.5","940.44","3420","40","","","","-114","-7.800000190734863","38078","1772997939862"
"3835","2026-03-08 16:25:49","27.15","56","940.44","3400","40","","","","-114","-8.5","38079","1772997949870"
"3836","2026-03-08 16:25:59","27.15","56","940.44","3400","40","","","","-114","-5","38080","1772997959876"
"3837","2026-03-08 16:26:10","27.15","56.5","940.46","3420","40","","","","-115","-8.800000190734863","38081","1772997969874"
"3838","2026-03-08 16:26:49","27.15","56.5","940.44","3440","36","","","","-114","-6.800000190734863","38085","1772998009866"
"3839","2026-03-08 16:27:19","27.15","56","940.44","3440","36","","","","-114","-9","38088","1772998039872"
"3840","2026-03-08 16:27:29","27.15","56","940.44","3400","36","","","","-114","-6.300000190734863","38089","1772998049886"
"3841","2026-03-08 16:27:49","27.15","56","940.46","3440","40","","","","-113","-4","38091","1772998069866"
"3842","2026-03-08 16:27:59","27.15","56","940.46","3400","40","","","","-115","-9.300000190734863","38092","1772998079877"
"3843","2026-03-08 16:28:09","27.15","56","940.44","3420","40","","","","-114","-7.800000190734863","38093","1772998089874"
"3844","2026-03-08 16:28:29","27.15","56.5","940.48","3420","40","","","","-115","-7.800000190734863","38095","1772998109868"
"3845","2026-03-08 16:28:49","27.16","56","940.46","3400","40","","","","-114","-7.800000190734863","38097","1772998129851"
"3846","2026-03-08 16:28:59","27.16","56","940.44","3440","36","","","","-114","-5","38098","1772998139866"
"3847","2026-03-08 16:29:29","27.15","56","940.46","3420","36","","","","-114","-9","38101","1772998169871"
"3848","2026-03-08 16:29:39","27.16","56.5","940.46","3400","36","","","","-114","-5.800000190734863","38102","1772998179833"
"3849","2026-03-08 16:29:49","27.15","56.5","940.46","3420","36","","","","-114","-6.300000190734863","38103","1772998189856"
"3850","2026-03-08 16:30:19","27.15","56","940.48","3400","36","","","","-114","-8.800000190734863","38106","1772998219869"
"3851","2026-03-08 16:30:49","27.16","56","940.5","3440","36","","","","-114","-8.800000190734863","38109","1772998249871"
"3852","2026-03-08 16:30:59","27.16","56","940.5","3420","36","","","","-114","-5.800000190734863","38110","1772998259867"
"3853","2026-03-08 16:31:19","27.16","56","940.48","3420","36","","","","-114","-5.5","38112","1772998279838"
"3854","2026-03-08 16:31:39","27.16","56","940.52","3440","40","","","","-114","-8.800000190734863","38114","1772998299832"
"3855","2026-03-08 16:31:59","27.16","56","940.48","3400","36","","","","-114","-7.800000190734863","38116","1772998319870"
"3856","2026-03-08 16:32:09","27.16","56","940.48","3400","36","","","","-114","-7.300000190734863","38117","1772998329871"
"3857","2026-03-08 16:32:19","27.16","56","940.48","3400","40","","","","-115","-8","38118","1772998339838"
"3858","2026-03-08 16:33:09","27.16","56","940.48","3440","40","","","","-114","-10","38123","1772998389878"
"3859","2026-03-08 16:33:50","27.16","56","940.48","3400","40","","","","-114","-7.300000190734863","38127","1772998429902"
"3860","2026-03-08 16:33:59","27.16","56","940.48","3420","40","","","","-114","-8","38128","1772998439866"
"3861","2026-03-08 16:34:09","27.16","56","940.52","3400","40","","","","-114","-9","38129","1772998449870"
"3862","2026-03-08 16:34:19","27.17","56","940.52","3400","36","","","","-114","-7.300000190734863","38130","1772998459876"
"3863","2026-03-08 16:34:29","27.16","56","940.54","3400","36","","","","-114","-4.800000190734863","38131","1772998469866"
"3864","2026-03-08 16:34:39","27.16","56","940.52","3440","36","","","","-115","-7.800000190734863","38132","1772998479867"
"3865","2026-03-08 16:34:49","27.17","56","940.52","3440","36","","","","-114","-6.5","38133","1772998489859"
"3866","2026-03-08 16:34:59","27.16","56","940.48","3420","36","","","","-114","-6.300000190734863","38134","1772998499873"
"3867","2026-03-08 16:35:09","27.16","56","940.5","3440","36","","","","-114","-6.800000190734863","38135","1772998509874"
"3868","2026-03-08 16:35:19","27.16","56","940.5","3400","36","","","","-114","-6.5","38136","1772998519883"
"3869","2026-03-08 16:35:29","27.17","56","940.52","3400","36","","","","-114","-6","38137","1772998529872"
"3870","2026-03-08 16:35:39","27.17","56","940.52","3420","36","","","","-114","-6.5","38138","1772998539864"
"3871","2026-03-08 16:35:49","27.16","56","940.52","3420","36","","","","-115","-9.300000190734863","38139","1772998549897"
"3872","2026-03-08 16:36:09","27.17","56","940.52","3420","36","","","","-114","-8.5","38141","1772998569871"
"3873","2026-03-08 16:36:19","27.17","56","940.5","3400","36","","","","-114","-6.800000190734863","38142","1772998579841"
"3874","2026-03-08 16:36:29","27.16","56","940.5","3400","36","","","","-114","-8","38143","1772998589868"
"3875","2026-03-08 16:36:39","27.16","56","940.5","3400","32","","","","-114","-7.5","38144","1772998599838"
"3876","2026-03-08 16:37:49","27.16","56","940.5","3400","32","","","","-114","-7.800000190734863","38151","1772998669887"
"3877","2026-03-08 16:37:59","27.17","56","940.52","3440","32","","","","-114","-10","38152","1772998679865"
"3878","2026-03-08 16:38:09","27.17","56","940.52","3400","32","","","","-114","-7.800000190734863","38153","1772998689867"
"3879","2026-03-08 16:38:19","27.16","56","940.5","3400","32","","","","-114","-7.5","38154","1772998699871"
"3880","2026-03-08 16:38:29","27.16","56","940.52","3420","32","","","","-114","-7.5","38155","1772998709863"
"3881","2026-03-08 16:38:39","27.17","56","940.52","3400","32","","","","-114","-9","38156","1772998719870"
"3882","2026-03-08 16:38:49","27.17","56","940.54","3400","32","","","","-114","-9","38157","1772998729888"
"3883","2026-03-08 16:39:09","27.16","56","940.52","3400","32","","","","-114","-8.300000190734863","38159","1772998749864"
"3884","2026-03-08 16:39:19","27.16","56","940.5","3420","32","","","","-114","-10.300000190734863","38160","1772998759871"
"3885","2026-03-08 16:39:29","27.16","56","940.54","3400","32","","","","-114","-9","38161","1772998769865"
"3886","2026-03-08 16:39:39","27.16","56","940.52","3420","32","","","","-114","-7.300000190734863","38162","1772998779870"
"3887","2026-03-08 16:39:49","27.16","56","940.5","3440","32","","","","-114","-7","38163","1772998789887"
"3888","2026-03-08 16:39:59","27.17","56","940.52","3440","32","","","","-114","-5.800000190734863","38164","1772998799872"
"3889","2026-03-08 16:40:09","27.17","56","940.48","3440","32","","","","-113","-5","38165","1772998809872"
"3890","2026-03-08 16:40:19","27.16","56","940.52","3440","32","","","","-113","-4.800000190734863","38166","1772998819857"
"3891","2026-03-08 16:40:29","27.16","56","940.48","3420","32","","","","-113","-5.300000190734863","38167","1772998829861"
"3892","2026-03-08 16:40:39","27.16","56","940.52","3400","32","","","","-114","-5.800000190734863","38168","1772998839869"
"3893","2026-03-08 16:40:49","27.16","56","940.5","3400","32","","","","-114","-8.5","38169","1772998849867"
"3894","2026-03-08 16:41:29","27.16","56","940.48","3420","32","","","","-114","-4.800000190734863","38173","1772998889876"
"3895","2026-03-08 16:41:39","27.16","56","940.46","3420","32","","","","-113","-5.5","38174","1772998899872"
"3896","2026-03-08 16:41:49","27.16","56","940.5","3400","32","","","","-113","-5.300000190734863","38175","1772998909862"
"3897","2026-03-08 16:41:59","27.16","56","940.48","3440","32","","","","-113","-4.800000190734863","38176","1772998919861"
"3898","2026-03-08 16:42:09","27.16","56","940.48","3400","32","","","","-114","-8","38177","1772998929866"
"3899","2026-03-08 16:42:29","27.16","56","940.48","3440","32","","","","-114","-7","38179","1772998949865"
"3900","2026-03-08 16:42:49","27.16","56","940.48","3440","32","","","","-114","-7","38181","1772998969892"
"3901","2026-03-08 16:42:59","27.16","56","940.48","3420","32","","","","-114","-7.5","38182","1772998979863"
"3902","2026-03-08 16:43:09","27.16","56","940.5","3400","32","","","","-114","-8.5","38183","1772998989866"
"3903","2026-03-08 16:43:19","27.15","56","940.44","3440","32","","","","-113","-4","38184","1772998999900"
"3904","2026-03-08 16:43:29","27.16","56","940.5","3420","32","","","","-114","-5.5","38185","1772999009866"
"3905","2026-03-08 16:43:39","27.16","56","940.46","3440","32","","","","-114","-5.800000190734863","38186","1772999019875"
"3906","2026-03-08 16:43:59","27.16","56","940.48","3420","32","","","","-114","-7","38188","1772999039859"
"3907","2026-03-08 16:44:09","27.16","56","940.46","3420","32","","","","-114","-7.800000190734863","38189","1772999049871"
"3908","2026-03-08 16:44:19","27.16","56","940.48","3420","32","","","","-115","-8.300000190734863","38190","1772999059867"
"3909","2026-03-08 16:44:49","27.16","56","940.46","3420","32","","","","-114","-7.800000190734863","38193","1772999089884"
"3910","2026-03-08 16:44:59","27.16","56","940.46","3400","32","","","","-114","-7.800000190734863","38194","1772999099860"
"3911","2026-03-08 16:45:09","27.16","56","940.4200000000001","3400","32","","","","-113","-5","38195","1772999109868"
"3912","2026-03-08 16:45:19","27.16","56","940.48","3400","32","","","","-113","-5","38196","1772999119867"
"3913","2026-03-08 16:45:29","27.16","56","940.44","3400","32","","","","-113","-5.800000190734863","38197","1772999129846"
"3914","2026-03-08 16:45:39","27.15","56","940.44","3420","32","","","","-114","-5","38198","1772999139836"
"3915","2026-03-08 16:45:50","27.15","56","940.4","3400","32","","","","-114","-5.800000190734863","38199","1772999149870"
"3916","2026-03-08 16:45:59","27.15","56","940.4200000000001","3400","32","","","","-114","-5","38200","1772999159872"
"3917","2026-03-08 16:46:09","27.15","56","940.4200000000001","3440","32","","","","-114","-5","38201","1772999169873"
"3918","2026-03-08 16:46:19","27.15","56","940.46","3420","32","","","","-114","-5.5","38202","1772999179861"
"3919","2026-03-08 16:46:29","27.16","56","940.46","3400","32","","","","-113","-4","38203","1772999189868"
"3920","2026-03-08 16:46:39","27.16","56","940.44","3400","32","","","","-113","-4.800000190734863","38204","1772999199857"
"3921","2026-03-08 16:46:49","27.15","56","940.44","3400","32","","","","-114","-5.5","38205","1772999209878"
"3922","2026-03-08 16:46:59","27.15","56","940.48","3440","32","","","","-114","-6","38206","1772999219868"
"3923","2026-03-08 16:47:09","27.15","56","940.4200000000001","3420","32","","","","-114","-5.5","38207","1772999229871"
"3924","2026-03-08 16:47:19","27.15","56","940.46","3440","32","","","","-114","-6","38208","1772999239867"
"3925","2026-03-08 16:47:29","27.15","56","940.44","3420","32","","","","-114","-5.5","38209","1772999249867"
"3926","2026-03-08 16:47:39","27.15","56","940.44","3400","32","","","","-114","-8.800000190734863","38210","1772999259864"
"3927","2026-03-08 16:47:49","27.15","56","940.4200000000001","3440","32","","","","-114","-7.5","38211","1772999269890"
"3928","2026-03-08 16:47:59","27.14","56","940.44","3400","32","","","","-114","-9.800000190734863","38212","1772999279862"
"3929","2026-03-08 16:48:09","27.14","56","940.4200000000001","3400","32","","","","-114","-7.800000190734863","38213","1772999289832"
"3930","2026-03-08 16:48:19","27.15","56","940.44","3420","32","","","","-114","-6.300000190734863","38214","1772999299869"
"3931","2026-03-08 16:48:29","27.15","56","940.44","3420","32","","","","-114","-6.5","38215","1772999309866"
"3932","2026-03-08 16:48:39","27.15","56","940.4200000000001","3420","32","","","","-114","-5.5","38216","1772999319870"
"3933","2026-03-08 16:48:49","27.15","56","940.4200000000001","3420","36","","","","-114","-6.5","38217","1772999329887"
"3934","2026-03-08 16:48:59","27.15","56","940.4","3400","36","","","","-114","-6.300000190734863","38218","1772999339864"
"3935","2026-03-08 16:49:09","27.15","56","940.44","3420","36","","","","-114","-6.5","38219","1772999349865"
"3936","2026-03-08 16:49:19","27.15","56","940.4200000000001","3400","36","","","","-114","-6.5","38220","1772999359865"
"3937","2026-03-08 16:49:29","27.14","56","940.4200000000001","3420","36","","","","-114","-6.800000190734863","38221","1772999369866"
"3938","2026-03-08 16:49:39","27.15","56","940.4200000000001","3420","36","","","","-114","-6","38222","1772999379860"
"3939","2026-03-08 16:49:49","27.15","56","940.4200000000001","3420","36","","","","-114","-5","38223","1772999389857"
"3940","2026-03-08 16:49:59","27.14","56","940.4200000000001","3440","36","","","","-113","-5","38224","1772999399860"
"3941","2026-03-08 16:50:09","27.15","56","940.44","3400","36","","","","-113","-4.5","38225","1772999409865"
"3942","2026-03-08 16:50:19","27.14","56","940.4200000000001","3400","36","","","","-113","-4","38226","1772999419866"
"3943","2026-03-08 16:50:29","27.14","56","940.4200000000001","3440","36","","","","-113","-5.5","38227","1772999429865"
"3944","2026-03-08 16:50:39","27.14","56","940.4200000000001","3400","36","","","","-114","-5.800000190734863","38228","1772999439863"
"3945","2026-03-08 16:51:09","27.15","56","940.4200000000001","3400","36","","","","-115","-9.5","38231","1772999469858"
"3946","2026-03-08 16:51:39","27.15","56","940.4200000000001","3440","36","","","","-114","-8.300000190734863","38234","1772999499872"
"3947","2026-03-08 16:52:19","27.14","56","940.4200000000001","3420","36","","","","-115","-7.800000190734863","38238","1772999539861"
"3948","2026-03-08 16:52:39","27.15","56","940.44","3400","36","","","","-114","-8.800000190734863","38240","1772999559865"
"3949","2026-03-08 16:53:19","27.15","56","940.4200000000001","3420","36","","","","-114","-8.300000190734863","38244","1772999599858"
"3950","2026-03-08 16:54:19","27.14","56","940.4200000000001","3400","32","","","","-114","-8.300000190734863","38250","1772999659860"
"3951","2026-03-08 16:54:29","27.15","56","940.38","3400","32","","","","-114","-8.300000190734863","38251","1772999669866"
"3952","2026-03-08 16:55:39","27.14","56","940.44","3400","32","","","","-114","-6.800000190734863","38258","1772999739864"
"3953","2026-03-08 16:56:19","27.14","56","940.44","3400","32","","","","-114","-7.800000190734863","38262","1772999779864"
"3954","2026-03-08 16:56:39","27.14","56","940.46","3440","32","","","","-114","-6.800000190734863","38264","1772999799829"
"3955","2026-03-08 16:56:49","27.14","56","940.48","3440","32","","","","-114","-6.5","38265","1772999809874"
"3956","2026-03-08 16:56:59","27.14","56","940.44","3440","32","","","","-114","-6.5","38266","1772999819867"
"3957","2026-03-08 16:57:09","27.14","56","940.44","3420","32","","","","-114","-7","38267","1772999829867"
"3958","2026-03-08 16:57:19","27.14","56","940.46","3420","32","","","","-114","-7.300000190734863","38268","1772999839862"
"3959","2026-03-08 16:57:29","27.14","56","940.48","3400","32","","","","-114","-8","38269","1772999849863"
"3960","2026-03-08 16:57:39","27.14","56","940.46","3400","32","","","","-114","-8.300000190734863","38270","1772999859870"
"3961","2026-03-08 16:57:49","27.14","56","940.46","3440","32","","","","-114","-9.300000190734863","38271","1772999869881"
"3962","2026-03-08 16:57:59","27.14","56","940.44","3440","32","","","","-114","-7.5","38272","1772999879860"
"3963","2026-03-08 16:58:09","27.14","56","940.44","3420","32","","","","-114","-6","38273","1772999889863"
"3964","2026-03-08 16:58:19","27.14","56","940.46","3400","32","","","","-113","-5.300000190734863","38274","1772999899866"
"3965","2026-03-08 16:58:29","27.14","56","940.46","3400","32","","","","-113","-3","38275","1772999909870"
"3966","2026-03-08 16:58:39","27.14","56","940.48","3400","32","","","","-114","-5.5","38276","1772999919835"
"3967","2026-03-08 16:58:49","27.14","56","940.46","3400","32","","","","-113","-4.300000190734863","38277","1772999929873"
"3968","2026-03-08 16:58:59","27.14","56","940.46","3400","28","","","","-114","-6.800000190734863","38278","1772999939865"
"3969","2026-03-08 16:59:09","27.14","56","940.44","3440","28","","","","-113","-5.300000190734863","38279","1772999949861"
"3970","2026-03-08 16:59:19","27.14","56","940.46","3440","28","","","","-113","-4.5","38280","1772999959876"
"3971","2026-03-08 16:59:29","27.14","56","940.46","3420","28","","","","-113","-4","38281","1772999969864"
"3972","2026-03-08 16:59:39","27.14","56","940.48","3400","28","","","","-114","-9.300000190734863","38282","1772999979852"
"3973","2026-03-08 16:59:49","27.14","56","940.48","3400","28","","","","-114","-7","38283","1772999989860"
"3974","2026-03-08 16:59:59","27.14","56","940.48","3440","28","","","","-114","-6.5","38284","1772999999858"
"3975","2026-03-08 17:00:09","27.14","56","940.46","3440","28","","","","-114","-8.5","38285","1773000009866"
"3976","2026-03-08 17:00:19","27.14","56","940.46","3400","28","","","","-114","-7.300000190734863","38286","1773000019862"
"3977","2026-03-08 17:00:29","27.14","56","940.48","3420","28","","","","-114","-7.800000190734863","38287","1773000029863"
"3978","2026-03-08 17:00:39","27.14","56","940.5","3400","28","","","","-113","-5.800000190734863","38288","1773000039830"
"3979","2026-03-08 17:00:49","27.14","56","940.5","3400","28","","","","-114","-8.800000190734863","38289","1773000049861"
"3980","2026-03-08 17:00:59","27.14","56","940.5","3420","28","","","","-114","-8.5","38290","1773000059866"
"3981","2026-03-08 17:01:09","27.14","56","940.48","3420","28","","","","-114","-6.800000190734863","38291","1773000069859"
"3982","2026-03-08 17:01:19","27.14","56","940.52","3400","28","","","","-114","-6.800000190734863","38292","1773000079865"
"3983","2026-03-08 17:01:29","27.14","56","940.48","3420","28","","","","-114","-8.5","38293","1773000089862"
"3984","2026-03-08 17:01:39","27.14","56","940.48","3400","28","","","","-114","-7","38294","1773000099859"
"3985","2026-03-08 17:01:49","27.14","56","940.48","3420","28","","","","-114","-5.5","38295","1773000109877"
"3986","2026-03-08 17:01:59","27.13","56","940.48","3420","28","","","","-114","-5.800000190734863","38296","1773000119854"
"3987","2026-03-08 17:02:09","27.14","56","940.52","3420","28","","","","-113","-4.800000190734863","38297","1773000129858"
"3988","2026-03-08 17:02:19","27.13","56","940.5","3420","28","","","","-114","-6.800000190734863","38298","1773000139834"
"3989","2026-03-08 17:02:29","27.14","56","940.54","3420","28","","","","-114","-7.800000190734863","38299","1773000149867"
"3990","2026-03-08 17:04:19","27.13","56","940.5600000000001","3440","28","","","","-114","-8","38310","1773000259859"
"3991","2026-03-08 17:04:29","27.13","56","940.52","3420","28","","","","-114","-7","38311","1773000269857"
"3992","2026-03-08 17:04:39","27.13","56","940.54","3420","28","","","","-114","-7.300000190734863","38312","1773000279865"
"3993","2026-03-08 17:04:49","27.13","56","940.52","3440","28","","","","-114","-7.800000190734863","38313","1773000289868"
"3994","2026-03-08 17:04:59","27.13","56","940.52","3440","28","","","","-114","-7","38314","1773000299859"
"3995","2026-03-08 17:05:09","27.13","56","940.54","3400","28","","","","-114","-8","38315","1773000309860"
"3996","2026-03-08 17:05:19","27.13","56","940.54","3400","28","","","","-114","-7.800000190734863","38316","1773000319866"
"3997","2026-03-08 17:05:29","27.13","56","940.54","3400","28","","","","-114","-7.800000190734863","38317","1773000329861"
"3998","2026-03-08 17:05:49","27.13","56","940.5","3440","28","","","","-114","-8.300000190734863","38319","1773000349833"
"3999","2026-03-08 17:06:19","27.13","56","940.52","3400","28","","","","-114","-7","38322","1773000379865"
"4000","2026-03-08 17:06:59","27.13","56","940.5","3400","28","","","","-114","-9.5","38326","1773000419851"
"4001","2026-03-08 17:07:19","27.13","56","940.52","3440","28","","","","-114","-7.800000190734863","38328","1773000439857"
"4002","2026-03-08 17:07:39","27.13","56","940.48","3440","28","","","","-114","-7.5","38330","1773000459856"
"4003","2026-03-08 17:07:49","27.13","56","940.5","3400","28","","","","-114","-5.300000190734863","38331","1773000469856"
"4004","2026-03-08 17:07:59","27.13","56","940.46","3420","28","","","","-114","-7.800000190734863","38332","1773000479866"
"4005","2026-03-08 17:08:09","27.13","56","940.46","3400","28","","","","-114","-8","38333","1773000489859"
"4006","2026-03-08 17:08:19","27.13","56","940.46","3420","28","","","","-115","-9.800000190734863","38334","1773000499861"
"4007","2026-03-08 17:08:29","27.13","56","940.46","3440","28","","","","-114","-7","38335","1773000509868"
"4008","2026-03-08 17:08:49","27.13","56","940.48","3400","28","","","","-114","-8.800000190734863","38337","1773000529860"
"4009","2026-03-08 17:08:59","27.13","56","940.48","3440","28","","","","-114","-6.300000190734863","38338","1773000539858"
"4010","2026-03-08 17:09:09","27.13","56","940.44","3400","28","","","","-114","-5.5","38339","1773000549824"
"4011","2026-03-08 17:09:19","27.13","56","940.44","3400","28","","","","-114","-6.5","38340","1773000559869"
"4012","2026-03-08 17:09:39","27.12","56","940.4200000000001","3400","28","","","","-114","-7.5","38342","1773000579868"
"4013","2026-03-08 17:09:49","27.13","56","940.44","3400","28","","","","-114","-8","38343","1773000589859"
"4014","2026-03-08 17:10:49","27.12","56","940.4200000000001","3420","28","","","","-114","-6.300000190734863","38349","1773000649928"
"4015","2026-03-08 17:10:59","27.12","56","940.4200000000001","3420","28","","","","-114","-6.5","38350","1773000659868"
"4016","2026-03-08 17:11:09","27.12","56","940.44","3400","28","","","","-114","-7.800000190734863","38351","1773000669833"
"4017","2026-03-08 17:11:19","27.12","56","940.4200000000001","3400","24","","","","-114","-8.800000190734863","38352","1773000679859"
"4018","2026-03-08 17:11:29","27.12","56","940.4","3420","24","","","","-114","-6","38353","1773000689861"
"4019","2026-03-08 17:11:39","27.12","56","940.4","3440","24","","","","-114","-7.5","38354","1773000699860"
"4020","2026-03-08 17:12:29","27.12","56","940.4200000000001","3400","24","","","","-113","-5.800000190734863","38359","1773000749865"
"4021","2026-03-08 17:12:39","27.12","56","940.44","3400","24","","","","-114","-5.5","38360","1773000759861"
"4022","2026-03-08 17:12:49","27.12","56","940.44","3400","24","","","","-114","-7.300000190734863","38361","1773000769848"
"4023","2026-03-08 17:12:59","27.12","56","940.4200000000001","3420","24","","","","-114","-7.800000190734863","38362","1773000779857"
"4024","2026-03-08 17:13:39","27.12","56","940.4200000000001","3440","24","","","","-114","-8.5","38366","1773000819855"
"4025","2026-03-08 17:13:49","27.12","56","940.46","3400","24","","","","-114","-7.5","38367","1773000829827"
"4026","2026-03-08 17:13:59","27.11","56","940.44","3420","24","","","","-115","-8.800000190734863","38368","1773000839862"
"4027","2026-03-08 17:14:09","27.12","56","940.46","3400","24","","","","-114","-7","38369","1773000849867"
"4028","2026-03-08 17:14:19","27.11","56","940.44","3420","24","","","","-114","-5.800000190734863","38370","1773000859857"
"4029","2026-03-08 17:14:29","27.11","56","940.44","3400","24","","","","-113","-4","38371","1773000869861"
"4030","2026-03-08 17:14:39","27.11","56","940.4200000000001","3400","24","","","","-113","-4.5","38372","1773000879859"
"4031","2026-03-08 17:14:49","27.11","56","940.4200000000001","3420","24","","","","-114","-7.300000190734863","38373","1773000889846"
"4032","2026-03-08 17:14:59","27.11","56","940.4200000000001","3400","24","","","","-113","-4.800000190734863","38374","1773000899864"
"4033","2026-03-08 17:15:09","27.12","56","940.46","3440","24","","","","-113","-4.5","38375","1773000909863"
"4034","2026-03-08 17:15:19","27.11","56","940.44","3420","24","","","","-114","-8.800000190734863","38376","1773000919865"
"4035","2026-03-08 17:15:29","27.11","56","940.46","3440","24","","","","-114","-6.5","38377","1773000929861"
"4036","2026-03-08 17:15:39","27.11","56","940.48","3400","24","","","","-114","-5.800000190734863","38378","1773000939861"
"4037","2026-03-08 17:15:49","27.11","56","940.44","3440","24","","","","-113","-3.5","38379","1773000949879"
"4038","2026-03-08 17:15:59","27.11","56","940.46","3420","24","","","","-113","-4.800000190734863","38380","1773000959852"
"4039","2026-03-08 17:16:09","27.11","56","940.48","3420","24","","","","-114","-4.800000190734863","38381","1773000969855"
"4040","2026-03-08 17:16:19","27.11","56","940.44","3440","24","","","","-113","-5.800000190734863","38382","1773000979823"
"4041","2026-03-08 17:16:29","27.11","56","940.48","3400","24","","","","-114","-5.800000190734863","38383","1773000989858"
"4042","2026-03-08 17:16:39","27.1","56","940.4","3420","24","","","","-114","-6","38384","1773000999855"
"4043","2026-03-08 17:16:49","27.11","56","940.46","3400","24","","","","-114","-4.5","38385","1773001009848"
"4044","2026-03-08 17:17:29","27.1","56","940.44","3400","24","","","","-114","-9.800000190734863","38389","1773001049864"
"4045","2026-03-08 17:17:39","27.1","56","940.4200000000001","3420","24","","","","-114","-5.300000190734863","38390","1773001059865"
"4046","2026-03-08 17:17:49","27.1","56","940.44","3420","24","","","","-114","-5","38391","1773001069856"
"4047","2026-03-08 17:17:59","27.1","56","940.4200000000001","3420","20","","","","-114","-8.300000190734863","38392","1773001079861"
"4048","2026-03-08 17:18:19","27.1","56","940.44","3400","20","","","","-114","-6.800000190734863","38394","1773001099852"
"4049","2026-03-08 17:18:29","27.1","56","940.4200000000001","3420","20","","","","-114","-6.800000190734863","38395","1773001109858"
"4050","2026-03-08 17:18:39","27.1","56","940.46","3440","20","","","","-114","-8","38396","1773001119857"
"4051","2026-03-08 17:18:49","27.1","56","940.46","3420","20","","","","-114","-7.800000190734863","38397","1773001129845"
"4052","2026-03-08 17:19:09","27.1","56","940.48","3400","20","","","","-114","-6.800000190734863","38399","1773001149868"
"4053","2026-03-08 17:19:19","27.1","56","940.44","3420","20","","","","-114","-6.5","38400","1773001159863"
"4054","2026-03-08 17:19:29","27.09","56","940.46","3400","20","","","","-113","-4","38401","1773001169858"
"4055","2026-03-08 17:19:39","27.09","56","940.4200000000001","3400","20","","","","-114","-7.300000190734863","38402","1773001179860"
"4056","2026-03-08 17:19:49","27.09","56","940.46","3420","20","","","","-114","-6.800000190734863","38403","1773001189823"
"4057","2026-03-08 17:19:59","27.1","56","940.44","3400","20","","","","-114","-6.300000190734863","38404","1773001199862"
"4058","2026-03-08 17:20:19","27.09","56","940.44","3400","20","","","","-115","-9","38406","1773001219873"
"4059","2026-03-08 17:20:29","27.09","56","940.44","3420","16","","","","-115","-9.800000190734863","38407","1773001229900"
"4060","2026-03-08 17:20:59","27.09","56","940.44","3400","16","","","","-115","-9.800000190734863","38410","1773001259848"
"4061","2026-03-08 17:21:09","27.09","56","940.46","3400","16","","","","-114","-7","38411","1773001269859"
"4062","2026-03-08 17:21:19","27.09","56","940.46","3440","16","","","","-114","-7.5","38412","1773001279863"
"4063","2026-03-08 17:21:29","27.08","56","940.46","3400","16","","","","-114","-5.300000190734863","38413","1773001289858"
"4064","2026-03-08 17:21:39","27.08","56","940.44","3400","16","","","","-114","-5","38414","1773001299858"
"4065","2026-03-08 17:21:49","27.09","56","940.5","3420","16","","","","-114","-6","38415","1773001309833"
"4066","2026-03-08 17:21:59","27.09","56","940.48","3400","16","","","","-114","-5.800000190734863","38416","1773001319839"
"4067","2026-03-08 17:22:09","27.08","56","940.5","3400","16","","","","-114","-5.800000190734863","38417","1773001329864"
"4068","2026-03-08 17:22:19","27.08","56","940.48","3420","16","","","","-113","-4.300000190734863","38418","1773001339854"
"4069","2026-03-08 17:22:29","27.08","56","940.46","3420","12","","","","-114","-6.5","38419","1773001349866"
"4070","2026-03-08 17:22:49","27.08","56","940.46","3420","12","","","","-114","-8.800000190734863","38421","1773001369883"
"4071","2026-03-08 17:22:59","27.08","56","940.5","3400","12","","","","-115","-8.5","38422","1773001379851"
"4072","2026-03-08 17:23:09","27.09","56","940.48","3420","12","","","","-114","-7.300000190734863","38423","1773001389865"
"4073","2026-03-08 17:23:19","27.08","56","940.5","3420","12","","","","-114","-9.800000190734863","38424","1773001399865"
"4074","2026-03-08 17:23:29","27.08","56","940.48","3400","12","","","","-114","-6.300000190734863","38425","1773001409856"
"4075","2026-03-08 17:23:39","27.08","56","940.48","3400","12","","","","-114","-6.800000190734863","38426","1773001419858"
"4076","2026-03-08 17:23:49","27.08","56","940.48","3420","12","","","","-114","-7.5","38427","1773001429871"
"4077","2026-03-08 17:23:59","27.07","56","940.5","3400","12","","","","-114","-6.800000190734863","38428","1773001439826"
"4078","2026-03-08 17:24:09","27.07","56","940.48","3400","12","","","","-114","-7","38429","1773001449864"
"4079","2026-03-08 17:24:19","27.08","56","940.52","3400","12","","","","-114","-7","38430","1773001459854"
"4080","2026-03-08 17:24:29","27.07","56","940.48","3420","12","","","","-114","-6.300000190734863","38431","1773001469854"
"4081","2026-03-08 17:24:39","27.07","56","940.5","3420","12","","","","-114","-6.300000190734863","38432","1773001479827"
"4082","2026-03-08 17:24:49","27.07","56","940.5","3440","12","","","","-114","-7","38433","1773001489819"
"4083","2026-03-08 17:24:59","27.06","56","940.48","3400","12","","","","-114","-6.800000190734863","38434","1773001499856"
"4084","2026-03-08 17:25:29","27.06","56","940.48","3400","8","","","","-114","-6.5","38437","1773001529865"
"4085","2026-03-08 17:25:39","27.06","56","940.54","3400","8","","","","-113","-5.5","38438","1773001539861"
"4086","2026-03-08 17:25:49","27.06","56","940.52","3420","8","","","","-114","-6","38439","1773001549822"
"4087","2026-03-08 17:25:59","27.06","56","940.46","3400","8","","","","-114","-5.5","38440","1773001559866"
"4088","2026-03-08 17:26:09","27.06","56","940.5","3400","8","","","","-114","-6.300000190734863","38441","1773001569861"
"4089","2026-03-08 17:26:19","27.06","56","940.54","3420","8","","","","-114","-9","38442","1773001579854"
"4090","2026-03-08 17:26:59","27.05","56","940.52","3440","12","","","","-114","-9.300000190734863","38446","1773001619858"
"4091","2026-03-08 17:27:09","27.05","56","940.5600000000001","3440","12","","","","-114","-8","38447","1773001629867"
"4092","2026-03-08 17:27:29","27.05","56","940.52","3440","12","","","","-114","-7.5","38449","1773001649861"
"4093","2026-03-08 17:27:59","27.04","56","940.54","3400","8","","","","-114","-7.800000190734863","38452","1773001679852"
"4094","2026-03-08 17:30:09","27.03","56","940.54","3380","8","","","","-114","-9.300000190734863","38465","1773001809853"
"4095","2026-03-08 17:30:29","27.03","56","940.54","3420","8","","","","-114","-6.800000190734863","38467","1773001829860"
"4096","2026-03-08 17:30:39","27.03","56","940.52","3420","8","","","","-114","-7","38468","1773001839857"
"4097","2026-03-08 17:31:09","27.03","56","940.54","3400","8","","","","-114","-7.5","38471","1773001869852"
"4098","2026-03-08 17:31:39","27.02","56","940.5","3400","8","","","","-114","-7","38474","1773001899854"
"4099","2026-03-08 17:32:19","27.02","56","940.48","3420","8","","","","-115","-9.5","38478","1773001939862"
"4100","2026-03-08 17:32:29","27.02","56","940.52","3400","8","","","","-114","-7","38479","1773001949851"
"4101","2026-03-08 17:32:39","27.02","56","940.54","3440","8","","","","-113","-3.5","38480","1773001959854"
"4102","2026-03-08 17:32:59","27.01","56","940.52","3420","8","","","","-113","-4.800000190734863","38482","1773001979855"
"4103","2026-03-08 17:33:59","27.01","56","940.52","3400","8","","","","-115","-10.300000190734863","38488","1773002039857"
"4104","2026-03-08 17:34:19","27.01","56","940.54","3420","8","","","","-114","-7.800000190734863","38490","1773002059861"
"4105","2026-03-08 17:34:59","27.01","56","940.5600000000001","3400","8","","","","-114","-8.5","38494","1773002099815"
"4106","2026-03-08 17:35:09","27","56","940.54","3420","8","","","","-114","-6.300000190734863","38495","1773002109824"
"4107","2026-03-08 17:35:29","27","56","940.54","3420","8","","","","-115","-8.800000190734863","38497","1773002129857"
"4108","2026-03-08 17:36:09","27","56","940.6","3440","4","","","","-114","-8.5","38501","1773002169862"
"4109","2026-03-08 17:36:19","27","56","940.58","3440","4","","","","-114","-8","38502","1773002179863"
"4110","2026-03-08 17:36:29","27","56","940.5600000000001","3420","4","","","","-113","-4","38503","1773002189848"
"4111","2026-03-08 17:37:59","26.99","56","940.66","3400","8","","","","-115","-9.5","38512","1773002279852"
"4112","2026-03-08 17:38:19","26.98","56","940.62","3420","8","","","","-114","-7.5","38514","1773002299824"
"4113","2026-03-08 17:38:49","26.99","56","940.6","3400","8","","","","-114","-8.300000190734863","38517","1773002329869"
"4114","2026-03-08 17:39:29","26.98","56","940.58","3420","4","","","","-115","-9","38521","1773002369851"
"4115","2026-03-08 17:39:39","26.98","56","940.6","3400","4","","","","-114","-8.5","38522","1773002379853"
"4116","2026-03-08 17:39:49","26.98","56","940.6","3440","4","","","","-114","-5.5","38523","1773002389877"
"4117","2026-03-08 17:39:59","26.98","56","940.6","3400","4","","","","-114","-7.800000190734863","38524","1773002399853"
"4118","2026-03-08 17:40:09","26.97","56","940.6","3400","4","","","","-112","-1.7999999523162842","38525","1773002409861"
"4119","2026-03-08 17:40:29","26.98","56","940.62","3400","4","","","","-114","-10","38527","1773002429860"
"4120","2026-03-08 17:40:39","26.98","56","940.64","3420","4","","","","-115","-8.800000190734863","38528","1773002439856"
"4121","2026-03-08 17:40:49","26.97","56","940.64","3400","4","","","","-114","-6.300000190734863","38529","1773002449853"
"4122","2026-03-08 17:41:19","26.98","56","940.6800000000001","3400","4","","","","-114","-8.300000190734863","38532","1773002479853"
"4123","2026-03-08 17:41:59","26.97","56","940.66","3400","4","","","","-114","-9","38536","1773002519850"
"4124","2026-03-08 17:42:09","26.97","56","940.66","3420","8","","","","-114","-6.800000190734863","38537","1773002529853"
"4125","2026-03-08 17:42:39","26.97","56","940.62","3440","4","","","","-114","-5.300000190734863","38540","1773002559849"
"4126","2026-03-08 17:42:59","26.97","56","940.66","3420","4","","","","-114","-8.800000190734863","38542","1773002579845"
"4127","2026-03-08 17:43:09","26.97","56","940.64","3420","4","","","","-114","-6.800000190734863","38543","1773002589836"
"4128","2026-03-08 17:43:29","26.96","56","940.62","3400","4","","","","-115","-9.300000190734863","38545","1773002609853"
"4129","2026-03-08 17:43:39","26.97","56","940.62","3420","4","","","","-114","-7.5","38546","1773002619846"
"4130","2026-03-08 17:44:09","26.96","56","940.6800000000001","3400","4","","","","-114","-5.800000190734863","38549","1773002649855"
"4131","2026-03-08 17:44:19","26.96","56","940.66","3400","4","","","","-114","-8.300000190734863","38550","1773002659811"
"4132","2026-03-08 17:44:29","26.96","56","940.62","3400","4","","","","-113","-3","38551","1773002669892"
"4133","2026-03-08 17:44:49","26.96","56","940.58","3400","4","","","","-114","-6.5","38553","1773002689849"
"4134","2026-03-08 17:45:09","26.96","56","940.6","3420","4","","","","-114","-7.300000190734863","38555","1773002709858"
"4135","2026-03-08 17:45:49","26.96","56","940.6","3440","4","","","","-113","-3.5","38559","1773002749856"
"4136","2026-03-08 17:45:59","26.96","56","940.58","3420","4","","","","-114","-4.5","38560","1773002759855"
"4137","2026-03-08 17:46:09","26.96","56","940.62","3420","4","","","","-113","-4.300000190734863","38561","1773002769849"
"4138","2026-03-08 17:46:19","26.96","56","940.6","3400","4","","","","-114","-6.800000190734863","38562","1773002779826"
"4139","2026-03-08 17:46:59","26.96","56","940.54","3400","4","","","","-114","-5.5","38566","1773002819849"
"4140","2026-03-08 17:47:19","26.95","56","940.54","3420","4","","","","-114","-7.800000190734863","38568","1773002839849"
"4141","2026-03-08 17:47:49","26.96","56","940.5600000000001","3400","4","","","","-114","-7.5","38571","1773002869848"
"4142","2026-03-08 17:47:59","26.95","56","940.58","3400","4","","","","-114","-4.300000190734863","38572","1773002879859"
"4143","2026-03-08 17:48:39","26.95","56","940.5600000000001","3400","4","","","","-114","-5","38576","1773002919855"
"4144","2026-03-08 17:48:59","26.96","56","940.58","3400","4","","","","-114","-5.5","38578","1773002939856"
"4145","2026-03-08 17:49:09","26.95","56","940.54","3420","4","","","","-114","-9.5","38579","1773002949851"
"4146","2026-03-08 17:49:59","26.95","56","940.5600000000001","3420","4","","","","-114","-5.5","38584","1773002999858"
"4147","2026-03-08 17:50:09","26.95","56","940.5600000000001","3440","4","","","","-114","-6","38585","1773003009925"
"4148","2026-03-08 17:50:29","26.95","56","940.5600000000001","3420","4","","","","-115","-9.5","38587","1773003029858"
"4149","2026-03-08 17:50:39","26.95","56","940.54","3400","4","","","","-114","-5.5","38588","1773003039845"
"4150","2026-03-08 17:50:59","26.95","56","940.5600000000001","3420","4","","","","-114","-7.800000190734863","38590","1773003059850"
"4151","2026-03-08 17:51:19","26.95","56","940.5600000000001","3420","4","","","","-114","-6.300000190734863","38592","1773003079843"
"4152","2026-03-08 17:51:49","26.94","56","940.6","3400","4","","","","-114","-8","38595","1773003109869"
"4153","2026-03-08 17:51:59","26.95","56","940.58","3420","4","","","","-115","-8","38596","1773003119857"
"4154","2026-03-08 17:52:49","26.94","56","940.5600000000001","3400","4","","","","-114","-5","38601","1773003169856"
"4155","2026-03-08 17:52:59","26.94","56","940.5600000000001","3440","4","","","","-114","-6.5","38602","1773003179854"
"4156","2026-03-08 17:53:09","26.95","56","940.6","3400","4","","","","-114","-6.5","38603","1773003189857"
"4157","2026-03-08 17:53:29","26.94","56","940.58","3400","4","","","","-114","-6.800000190734863","38605","1773003209851"
"4158","2026-03-08 17:53:39","26.94","56","940.62","3420","4","","","","-114","-5.5","38606","1773003219850"
"4159","2026-03-08 17:53:59","26.94","56","940.5600000000001","3380","4","","","","-114","-7.300000190734863","38608","1773003239812"
"4160","2026-03-08 17:54:29","26.94","56","940.58","3400","4","","","","-113","-4","38611","1773003269823"
"4161","2026-03-08 17:54:39","26.94","56","940.58","3420","4","","","","-113","-3.299999952316284","38612","1773003279858"
"4162","2026-03-08 17:54:49","26.94","56","940.6","3400","4","","","","-114","-6.800000190734863","38613","1773003289851"
"4163","2026-03-08 17:54:59","26.94","56","940.6","3420","8","","","","-114","-7","38614","1773003299854"
"4164","2026-03-08 17:55:09","26.94","56","940.64","3420","8","","","","-113","-1.7999999523162842","38615","1773003309844"
"4165","2026-03-08 17:55:19","26.94","56","940.64","3420","8","","","","-113","-2.5","38616","1773003319850"
"4166","2026-03-08 17:55:29","26.94","56","940.62","3420","8","","","","-112","-2.299999952316284","38617","1773003329853"
"4167","2026-03-08 17:55:39","26.94","56","940.64","3440","8","","","","-115","-8.300000190734863","38618","1773003339851"
"4168","2026-03-08 17:55:59","26.94","56","940.66","3420","8","","","","-115","-8.300000190734863","38620","1773003359856"
"4169","2026-03-08 17:56:19","26.94","56","940.62","3400","8","","","","-113","-2.799999952316284","38622","1773003379869"
"4170","2026-03-08 17:56:29","26.94","56","940.66","3400","8","","","","-114","-6.5","38623","1773003389854"
"4171","2026-03-08 17:56:39","26.94","56","940.66","3400","8","","","","-115","-9.300000190734863","38624","1773003399850"
"4172","2026-03-08 17:56:49","26.93","56","940.62","3400","8","","","","-115","-8.300000190734863","38625","1773003409855"
"4173","2026-03-08 17:57:39","26.94","56","940.64","3420","8","","","","-114","-6","38630","1773003459858"
"4174","2026-03-08 17:57:49","26.94","56","940.6800000000001","3420","8","","","","-114","-6.800000190734863","38631","1773003469885"
"4175","2026-03-08 17:57:59","26.94","56","940.66","3380","8","","","","-114","-6.800000190734863","38632","1773003479859"
"4176","2026-03-08 17:58:39","26.94","56","940.66","3420","8","","","","-114","-8","38636","1773003519853"
"4177","2026-03-08 17:58:49","26.93","56","940.6800000000001","3400","8","","","","-114","-7.5","38637","1773003529882"
"4178","2026-03-08 17:59:29","26.94","56","940.7","3420","8","","","","-114","-7.300000190734863","38641","1773003569854"
"4179","2026-03-08 18:00:19","26.94","56","940.6800000000001","3400","4","","","","-113","-2.299999952316284","38646","1773003619850"
"4180","2026-03-08 18:00:29","26.94","56","940.7","3420","4","","","","-114","-7","38647","1773003629854"
"4181","2026-03-08 18:00:49","26.93","56","940.6800000000001","3420","4","","","","-114","-6.800000190734863","38649","1773003649865"
"4182","2026-03-08 18:01:29","26.93","56","940.72","3380","4","","","","-114","-6","38653","1773003689850"
"4183","2026-03-08 18:01:39","26.93","56","940.72","3420","4","","","","-113","-2.5","38654","1773003699843"
"4184","2026-03-08 18:01:49","26.93","56","940.7","3420","4","","","","-114","-6.300000190734863","38655","1773003709861"
"4185","2026-03-08 18:01:59","26.93","56","940.6800000000001","3440","4","","","","-114","-7.5","38656","1773003719849"
"4186","2026-03-08 18:02:29","26.94","56","940.66","3400","4","","","","-114","-9","38659","1773003749855"
"4187","2026-03-08 18:02:59","26.93","56","940.6800000000001","3400","4","","","","-114","-7","38662","1773003779827"
"4188","2026-03-08 18:03:19","26.93","56","940.7","3400","4","","","","-112","-1","38664","1773003799857"
"4189","2026-03-08 18:03:29","26.93","56","940.6800000000001","3440","4","","","","-113","-2.799999952316284","38665","1773003809857"
"4190","2026-03-08 18:04:09","26.93","56","940.6800000000001","3400","4","","","","-114","-6.300000190734863","38669","1773003849855"
"4191","2026-03-08 18:04:29","26.93","56","940.64","3440","4","","","","-114","-7.5","38671","1773003869855"
"4192","2026-03-08 18:04:39","26.93","56","940.64","3380","4","","","","-114","-7","38672","1773003879817"
"4193","2026-03-08 18:04:49","26.93","56","940.6","3400","4","","","","-114","-7","38673","1773003889854"
"4194","2026-03-08 18:05:39","26.93","56","940.64","3420","0","","","","-114","-6.5","38678","1773003939848"
"4195","2026-03-08 18:05:49","26.93","56","940.6800000000001","3400","0","","","","-114","-4.800000190734863","38679","1773003949843"
"4196","2026-03-08 18:05:59","26.93","56","940.66","3420","0","","","","-114","-6.800000190734863","38680","1773003959847"
"4197","2026-03-08 18:06:09","26.92","56","940.62","3440","0","","","","-114","-7","38681","1773003969840"
"4198","2026-03-08 18:06:19","26.93","56","940.66","3440","0","","","","-114","-7.300000190734863","38682","1773003979853"
"4199","2026-03-08 18:06:29","26.92","56","940.62","3400","0","","","","-114","-7.300000190734863","38683","1773003989849"
"4200","2026-03-08 18:06:39","26.92","56","940.6800000000001","3400","0","","","","-113","-2.5","38684","1773003999854"
"4201","2026-03-08 18:06:49","26.92","56","940.64","3420","0","","","","-114","-5.800000190734863","38685","1773004009883"
"4202","2026-03-08 18:06:59","26.93","56","940.66","3400","0","","","","-114","-7.300000190734863","38686","1773004019836"
"4203","2026-03-08 18:07:39","26.92","56","940.6800000000001","3420","0","","","","-113","-3.799999952316284","38690","1773004059852"
"4204","2026-03-08 18:07:59","26.92","56","940.7","3400","0","","","","-114","-6.300000190734863","38692","1773004079851"
"4205","2026-03-08 18:08:09","26.92","56","940.7","3380","0","","","","-114","-7.800000190734863","38693","1773004089847"
"4206","2026-03-08 18:08:19","26.92","56","940.7","3400","0","","","","-113","-4.5","38694","1773004099855"
"4207","2026-03-08 18:08:39","26.92","56","940.76","3400","0","","","","-114","-4.5","38696","1773004119819"
"4208","2026-03-08 18:09:09","26.92","56","940.74","3400","0","","","","-113","-3.799999952316284","38699","1773004149848"
"4209","2026-03-08 18:09:19","26.92","56","940.74","3380","0","","","","-112","-1.2999999523162842","38700","1773004159856"
"4210","2026-03-08 18:09:29","26.91","56","940.76","3400","0","","","","-113","-3.799999952316284","38701","1773004169851"
"4211","2026-03-08 18:09:39","26.92","56","940.8000000000001","3400","0","","","","-113","-4.5","38702","1773004179854"
"4212","2026-03-08 18:10:09","26.91","56","940.8000000000001","3420","0","","","","-113","-5.300000190734863","38705","1773004209849"
"4213","2026-03-08 18:10:19","26.91","56","940.74","3420","0","","","","-113","-4","38706","1773004219854"
"4214","2026-03-08 18:10:29","26.91","56","940.8000000000001","3380","0","","","","-114","-6.800000190734863","38707","1773004229848"
"4215","2026-03-08 18:10:39","26.91","56","940.82","3440","0","","","","-113","-2.299999952316284","38708","1773004239856"
"4216","2026-03-08 18:10:49","26.91","56","940.78","3380","0","","","","-114","-6.800000190734863","38709","1773004249855"
"4217","2026-03-08 18:11:09","26.91","56","940.78","3420","0","","","","-114","-8.300000190734863","38711","1773004269854"
"4218","2026-03-08 18:11:29","26.91","56","940.82","3420","0","","","","-114","-8.5","38713","1773004289847"
"4219","2026-03-08 18:11:49","26.9","56","940.8000000000001","3440","0","","","","-114","-7.5","38715","1773004309851"
"4220","2026-03-08 18:12:49","26.9","56","940.82","3420","0","","","","-115","-9.5","38721","1773004369848"
"4221","2026-03-08 18:12:59","26.89","56","940.8000000000001","3420","0","","","","-114","-6.800000190734863","38722","1773004379853"
"4222","2026-03-08 18:13:39","26.89","56","940.84","3420","0","","","","-114","-7","38726","1773004419850"
"4223","2026-03-08 18:13:59","26.89","56","940.84","3400","0","","","","-114","-6.800000190734863","38728","1773004439851"
"4224","2026-03-08 18:14:29","26.89","56","940.82","3380","0","","","","-114","-7.300000190734863","38731","1773004469845"
"4225","2026-03-08 18:14:49","26.89","56","940.88","3420","0","","","","-114","-6.5","38733","1773004489823"
"4226","2026-03-08 18:15:19","26.89","56","940.84","3400","0","","","","-114","-6","38736","1773004519861"
"4227","2026-03-08 18:15:59","26.88","56","940.88","3400","0","","","","-114","-6","38740","1773004559849"
"4228","2026-03-08 18:16:09","26.88","56","940.86","3380","0","","","","-114","-8","38741","1773004569843"
"4229","2026-03-08 18:16:19","26.87","56.5","940.86","3420","0","","","","-115","-10","38742","1773004579849"
"4230","2026-03-08 18:16:59","26.87","56","940.86","3400","0","","","","-112","-2.5","38746","1773004619856"
"4231","2026-03-08 18:17:59","26.86","56.5","940.88","3420","0","","","","-114","-9","38752","1773004679854"
"4232","2026-03-08 18:18:09","26.86","56","940.86","3420","0","","","","-113","-4.300000190734863","38753","1773004689841"
"4233","2026-03-08 18:18:19","26.86","56","940.86","3420","0","","","","-113","-4","38754","1773004699841"
"4234","2026-03-08 18:18:29","26.86","56.5","940.88","3400","0","","","","-114","-7.300000190734863","38755","1773004709844"
"4235","2026-03-08 18:18:59","26.85","56.5","940.86","3400","0","","","","-113","-2.799999952316284","38758","1773004739850"
"4236","2026-03-08 18:19:09","26.86","56","940.88","3420","0","","","","-114","-7.800000190734863","38759","1773004749856"
"4237","2026-03-08 18:19:29","26.85","56","940.86","3400","0","","","","-114","-9.800000190734863","38761","1773004769855"
"4238","2026-03-08 18:19:39","26.85","56","940.84","3400","0","","","","-113","-5.300000190734863","38762","1773004779854"
"4239","2026-03-08 18:19:49","26.85","56","940.82","3400","0","","","","-114","-8.800000190734863","38763","1773004789858"
"4240","2026-03-08 18:19:59","26.85","56.5","940.86","3400","0","","","","-114","-5","38764","1773004799838"
"4241","2026-03-08 18:20:09","26.85","56.5","940.84","3440","0","","","","-113","-4","38765","1773004809855"
"4242","2026-03-08 18:20:19","26.85","56.5","940.84","3400","0","","","","-113","-4","38766","1773004819849"
"4243","2026-03-08 18:20:39","26.84","56.5","940.82","3380","0","","","","-114","-8.300000190734863","38768","1773004839852"
"4244","2026-03-08 18:20:49","26.84","56.5","940.84","3400","0","","","","-114","-8.800000190734863","38769","1773004849845"
"4245","2026-03-08 18:21:09","26.84","56.5","940.84","3420","0","","","","-114","-8","38771","1773004869825"
"4246","2026-03-08 18:21:19","26.83","56","940.8000000000001","3420","0","","","","-114","-7.800000190734863","38772","1773004879822"
"4247","2026-03-08 18:21:39","26.83","56.5","940.84","3420","0","","","","-110","1.7999999523162842","38774","1773004899841"
"4248","2026-03-08 18:22:09","26.83","56.5","940.78","3420","0","","","","-114","-5.300000190734863","38777","1773004929852"
"4249","2026-03-08 18:22:19","26.83","56.5","940.82","3380","0","","","","-113","-2.5","38778","1773004939847"
"4250","2026-03-08 18:22:29","26.83","56.5","940.82","3400","0","","","","-114","-7.5","38779","1773004949852"
"4251","2026-03-08 18:22:39","26.82","56.5","940.82","3380","0","","","","-114","-5","38780","1773004959848"
"4252","2026-03-08 18:24:19","26.82","56.5","940.86","3380","0","","","","-115","-10.300000190734863","38790","1773005059851"
"4253","2026-03-08 18:24:29","26.81","56.5","940.8000000000001","3400","0","","","","-114","-8.300000190734863","38791","1773005069810"
"4254","2026-03-08 18:24:39","26.81","56.5","940.84","3400","0","","","","-113","-5","38792","1773005079842"
"4255","2026-03-08 18:24:49","26.81","56.5","940.86","3400","0","","","","-112","-0.5","38793","1773005089845"
"4256","2026-03-08 18:24:59","26.81","56.5","940.86","3380","0","","","","-113","-4.5","38794","1773005099836"
"4257","2026-03-08 18:25:29","26.8","56.5","940.82","3420","0","","","","-114","-8.5","38797","1773005129855"
"4258","2026-03-08 18:25:39","26.81","56.5","940.84","3400","0","","","","-114","-7.5","38798","1773005139844"
"4259","2026-03-08 18:26:09","26.79","56.5","940.82","3420","0","","","","-114","-7","38801","1773005169836"
"4260","2026-03-08 18:26:19","26.8","56.5","940.88","3400","0","","","","-114","-4.800000190734863","38802","1773005179853"
"4261","2026-03-08 18:26:29","26.8","56.5","940.86","3380","0","","","","-114","-5.800000190734863","38803","1773005189845"
"4262","2026-03-08 18:26:39","26.79","56.5","940.9","3400","0","","","","-114","-4.5","38804","1773005199851"
"4263","2026-03-08 18:26:49","26.79","56.5","940.86","3400","0","","","","-111","0.30000001192092896","38805","1773005209848"
"4264","2026-03-08 18:26:59","26.79","56.5","940.9200000000001","3420","0","","","","-114","-4.800000190734863","38806","1773005219845"
"4265","2026-03-08 18:27:09","26.79","56.5","940.9","3400","0","","","","-114","-4.5","38807","1773005229885"
"4266","2026-03-08 18:27:19","26.79","56.5","940.88","3400","0","","","","-115","-7.800000190734863","38808","1773005239835"
"4267","2026-03-08 18:27:29","26.79","56.5","940.9200000000001","3400","0","","","","-114","-5","38809","1773005249847"
"4268","2026-03-08 18:27:39","26.78","56.5","940.9","3380","0","","","","-114","-5.300000190734863","38810","1773005259849"
"4269","2026-03-08 18:27:59","26.78","56.5","940.9200000000001","3400","0","","","","-113","-4","38812","1773005279848"
"4270","2026-03-08 18:28:09","26.78","56.5","940.9200000000001","3400","0","","","","-114","-4.5","38813","1773005289850"
"4271","2026-03-08 18:28:19","26.77","56.5","940.86","3400","0","","","","-114","-6.300000190734863","38814","1773005299849"
"4272","2026-03-08 18:28:29","26.78","56.5","940.9200000000001","3420","0","","","","-115","-10","38815","1773005309843"
"4273","2026-03-08 18:28:39","26.77","56.5","940.9200000000001","3400","0","","","","-115","-11.5","38816","1773005319841"
"4274","2026-03-08 18:29:09","26.77","56.5","940.9200000000001","3400","0","","","","-114","-9","38819","1773005349845"
"4275","2026-03-08 18:29:19","26.76","56.5","940.9","3380","0","","","","-114","-6.5","38820","1773005359851"
"4276","2026-03-08 18:29:29","26.76","56.5","940.94","3440","0","","","","-112","-1.2999999523162842","38821","1773005369842"
"4277","2026-03-08 18:29:39","26.76","56.5","940.96","3400","0","","","","-114","-7.300000190734863","38822","1773005379839"
"4278","2026-03-08 18:29:59","26.76","56.5","940.98","3400","0","","","","-113","-4.5","38824","1773005399839"
"4279","2026-03-08 18:30:09","26.76","56.5","941","3400","0","","","","-114","-7.5","38825","1773005409864"
"4280","2026-03-08 18:30:19","26.76","56.5","940.98","3380","0","","","","-114","-7.800000190734863","38826","1773005419812"
"4281","2026-03-08 18:30:29","26.76","56.5","940.98","3380","0","","","","-113","-2","38827","1773005429845"
"4282","2026-03-08 18:30:39","26.75","56.5","940.98","3420","0","","","","-113","-3","38828","1773005439842"
"4283","2026-03-08 18:30:49","26.75","56.5","941","3420","0","","","","-114","-8","38829","1773005449842"
"4284","2026-03-08 18:31:09","26.76","56.5","941","3380","0","","","","-113","-4.300000190734863","38831","1773005469821"
"4285","2026-03-08 18:31:29","26.75","56.5","941","3400","0","","","","-113","-5","38833","1773005489841"
"4286","2026-03-08 18:31:49","26.75","56.5","941","3400","0","","","","-114","-6.800000190734863","38835","1773005509842"
"4287","2026-03-08 18:31:59","26.75","56.5","941.02","3400","0","","","","-114","-5.300000190734863","38836","1773005519814"
"4288","2026-03-08 18:32:09","26.74","56.5","941.04","3400","0","","","","-113","-2","38837","1773005529815"
"4289","2026-03-08 18:32:29","26.74","56.5","941.02","3420","0","","","","-115","-8.800000190734863","38839","1773005549841"
"4290","2026-03-08 18:32:39","26.74","56.5","941.02","3420","0","","","","-114","-6.800000190734863","38840","1773005559848"
"4291","2026-03-08 18:32:49","26.74","56.5","941.02","3420","0","","","","-114","-7.300000190734863","38841","1773005569843"
"4292","2026-03-08 18:33:09","26.73","56.5","941.0600000000001","3380","0","","","","-112","-1.5","38843","1773005589851"
"4293","2026-03-08 18:33:29","26.73","56.5","941.0600000000001","3400","0","","","","-115","-9.300000190734863","38845","1773005609842"
"4294","2026-03-08 18:33:39","26.73","56.5","941.02","3420","0","","","","-113","-4.300000190734863","38846","1773005619840"
"4295","2026-03-08 18:33:49","26.72","56.5","941.04","3420","0","","","","-114","-5","38847","1773005629849"
"4296","2026-03-08 18:33:59","26.72","56.5","941.0600000000001","3420","0","","","","-113","-4","38848","1773005639848"
"4297","2026-03-08 18:34:39","26.72","56.5","941.08","3420","0","","","","-114","-6.5","38852","1773005679838"
"4298","2026-03-08 18:35:19","26.71","56.5","941.0600000000001","3420","0","","","","-113","-4.300000190734863","38856","1773005719852"
"4299","2026-03-08 18:35:49","26.7","56.5","941.08","3400","0","","","","-114","-8.300000190734863","38859","1773005749860"
"4300","2026-03-08 18:35:59","26.71","56.5","941.0600000000001","3440","0","","","","-114","-6","38860","1773005759846"
"4301","2026-03-08 18:36:09","26.7","56.5","941.04","3380","0","","","","-114","-8.5","38861","1773005769844"
"4302","2026-03-08 18:36:19","26.7","56.5","941.0600000000001","3420","0","","","","-114","-7.800000190734863","38862","1773005779844"
"4303","2026-03-08 18:36:29","26.69","56.5","941.0600000000001","3400","0","","","","-115","-8.5","38863","1773005789837"
"4304","2026-03-08 18:36:39","26.7","56.5","941.1","3420","0","","","","-114","-8.800000190734863","38864","1773005799842"
"4305","2026-03-08 18:36:49","26.69","56.5","941.08","3400","0","","","","-113","-4","38865","1773005809843"
"4306","2026-03-08 18:36:59","26.7","56.5","941.1","3380","0","","","","-114","-6","38866","1773005819843"
"4307","2026-03-08 18:37:09","26.69","56.5","941.12","3400","0","","","","-114","-7","38867","1773005829844"
"4308","2026-03-08 18:37:19","26.7","56.5","941.12","3400","0","","","","-113","-3.799999952316284","38868","1773005839844"
"4309","2026-03-08 18:37:29","26.69","56.5","941.1","3420","0","","","","-113","-4.800000190734863","38869","1773005849849"
"4310","2026-03-08 18:37:39","26.69","56.5","941.1","3420","0","","","","-113","-3","38870","1773005859840"
"4311","2026-03-08 18:37:49","26.69","56.5","941.12","3420","0","","","","-114","-4.300000190734863","38871","1773005869842"
"4312","2026-03-08 18:37:59","26.68","56.5","941.1","3400","0","","","","-113","-3.5","38872","1773005879848"
"4313","2026-03-08 18:38:09","26.68","56.5","941.12","3380","0","","","","-112","-1.7999999523162842","38873","1773005889846"
"4314","2026-03-08 18:38:19","26.68","56.5","941.12","3400","0","","","","-114","-6.300000190734863","38874","1773005899844"
"4315","2026-03-08 18:38:39","26.68","56.5","941.12","3420","0","","","","-114","-6.300000190734863","38876","1773005919846"
"4316","2026-03-08 18:39:09","26.68","56.5","941.1","3420","0","","","","-114","-8.5","38879","1773005949840"
"4317","2026-03-08 18:39:29","26.67","56.5","941.1","3420","0","","","","-114","-8.5","38881","1773005969843"
"4318","2026-03-08 18:40:39","26.65","56.5","941.1","3380","0","","","","-114","-6.300000190734863","38888","1773006039849"
"4319","2026-03-08 18:40:59","26.65","56.5","941.14","3380","0","","","","-114","-8.300000190734863","38890","1773006059832"
"4320","2026-03-08 18:41:09","26.65","56.5","941.14","3380","0","","","","-114","-7.300000190734863","38891","1773006069843"
"4321","2026-03-08 18:41:19","26.65","56.5","941.16","3400","0","","","","-114","-7.5","38892","1773006079845"
"4322","2026-03-08 18:41:39","26.65","56.5","941.16","3420","0","","","","-114","-7","38894","1773006099850"
"4323","2026-03-08 18:41:59","26.64","56.5","941.16","3420","0","","","","-114","-5.300000190734863","38896","1773006119836"
"4324","2026-03-08 18:42:09","26.64","56.5","941.16","3400","0","","","","-113","-4.300000190734863","38897","1773006129840"
"4325","2026-03-08 18:42:29","26.64","56.5","941.2","3400","0","","","","-114","-7.5","38899","1773006149847"
"4326","2026-03-08 18:42:39","26.64","56.5","941.22","3400","0","","","","-114","-7.300000190734863","38900","1773006159814"
"4327","2026-03-08 18:42:49","26.63","56.5","941.24","3420","0","","","","-113","-2","38901","1773006169845"
"4328","2026-03-08 18:42:59","26.63","56.5","941.22","3400","0","","","","-114","-7.300000190734863","38902","1773006179845"
"4329","2026-03-08 18:43:09","26.63","56.5","941.22","3420","0","","","","-112","-0.800000011920929","38903","1773006189815"
"4330","2026-03-08 18:43:19","26.63","56.5","941.2","3420","0","","","","-114","-9.300000190734863","38904","1773006199837"
"4331","2026-03-08 18:43:29","26.63","56.5","941.1800000000001","3400","0","","","","-113","-3","38905","1773006209842"
"4332","2026-03-08 18:43:39","26.63","56.5","941.2","3400","0","","","","-112","-0.30000001192092896","38906","1773006219816"
"4333","2026-03-08 18:44:09","26.62","56.5","941.28","3400","0","","","","-114","-6.300000190734863","38909","1773006249840"
"4334","2026-03-08 18:44:39","26.62","56.5","941.22","3380","0","","","","-114","-7","38912","1773006279813"
"4335","2026-03-08 18:44:49","26.61","56.5","941.22","3420","0","","","","-115","-9.300000190734863","38913","1773006289841"
"4336","2026-03-08 18:44:59","26.61","56.5","941.1800000000001","3400","0","","","","-113","-2.299999952316284","38914","1773006299837"
"4337","2026-03-08 18:45:19","26.61","56.5","941.2","3400","0","","","","-114","-6.5","38916","1773006319818"
"4338","2026-03-08 18:45:49","26.6","56.5","941.2","3420","0","","","","-114","-4.800000190734863","38919","1773006349846"
"4339","2026-03-08 18:45:59","26.6","56.5","941.2","3420","0","","","","-114","-4.800000190734863","38920","1773006359845"
"4340","2026-03-08 18:46:19","26.59","56.5","941.26","3420","0","","","","-114","-7.800000190734863","38922","1773006379843"
"4341","2026-03-08 18:46:29","26.59","56.5","941.26","3400","0","","","","-113","-3.5","38923","1773006389833"
"4342","2026-03-08 18:46:49","26.59","56.5","941.2","3400","0","","","","-113","-3.299999952316284","38925","1773006409868"
"4343","2026-03-08 18:47:09","26.59","56.5","941.2","3420","0","","","","-114","-7.800000190734863","38927","1773006429839"
"4344","2026-03-08 18:47:19","26.59","56.5","941.2","3420","0","","","","-114","-6.800000190734863","38928","1773006439846"
"4345","2026-03-08 18:47:59","26.58","56.5","941.22","3400","0","","","","-112","-1.5","38932","1773006479802"
"4346","2026-03-08 18:48:09","26.58","56.5","941.2","3420","0","","","","-114","-6.800000190734863","38933","1773006489831"
"4347","2026-03-08 18:48:19","26.58","56.5","941.22","3420","0","","","","-115","-9.300000190734863","38934","1773006499841"
"4348","2026-03-08 18:48:49","26.57","56.5","941.24","3380","0","","","","-114","-4.300000190734863","38937","1773006529839"
"4349","2026-03-08 18:48:59","26.57","56.5","941.2","3400","0","","","","-115","-9.5","38938","1773006539842"
"4350","2026-03-08 18:49:49","26.56","56.5","941.24","3380","0","","","","-115","-10.300000190734863","38943","1773006589833"
"4351","2026-03-08 18:49:59","26.56","56.5","941.3000000000001","3420","0","","","","-114","-9.5","38944","1773006599840"
"4352","2026-03-08 18:50:09","26.56","56.5","941.28","3400","0","","","","-114","-6.800000190734863","38945","1773006609832"
"4353","2026-03-08 18:50:29","26.56","57","941.32","3420","0","","","","-114","-5.5","38947","1773006629803"
"4354","2026-03-08 18:50:39","26.55","56.5","941.26","3420","0","","","","-113","-3.299999952316284","38948","1773006639828"
"4355","2026-03-08 18:50:49","26.55","56.5","941.32","3420","0","","","","-114","-5.800000190734863","38949","1773006649835"
"4356","2026-03-08 18:50:59","26.56","57","941.32","3400","0","","","","-114","-5.300000190734863","38950","1773006659843"
"4357","2026-03-08 18:51:09","26.55","56.5","941.34","3420","0","","","","-114","-8.5","38951","1773006669835"
"4358","2026-03-08 18:51:39","26.54","56.5","941.34","3400","0","","","","-115","-7.300000190734863","38954","1773006699838"
"4359","2026-03-08 18:51:59","26.54","56.5","941.36","3400","0","","","","-113","-5","38956","1773006719859"
"4360","2026-03-08 18:52:10","26.54","56.5","941.36","3400","0","","","","-114","-5","38957","1773006729960"
"4361","2026-03-08 18:52:19","26.54","56.5","941.36","3420","0","","","","-113","-3.299999952316284","38958","1773006739838"
"4362","2026-03-08 18:52:29","26.54","56.5","941.4","3380","0","","","","-114","-5.800000190734863","38959","1773006749838"
"4363","2026-03-08 18:52:59","26.53","57","941.38","3380","0","","","","-114","-6.300000190734863","38962","1773006779838"
"4364","2026-03-08 18:53:19","26.53","57","941.38","3420","0","","","","-114","-6.5","38964","1773006799838"
"4365","2026-03-08 18:53:29","26.53","57","941.38","3400","0","","","","-114","-6.300000190734863","38965","1773006809840"
"4366","2026-03-08 18:53:59","26.53","57","941.4200000000001","3420","0","","","","-114","-5.300000190734863","38968","1773006839844"
"4367","2026-03-08 18:54:09","26.52","57","941.34","3420","0","","","","-114","-5.300000190734863","38969","1773006849865"
"4368","2026-03-08 18:54:29","26.52","57","941.4","3420","0","","","","-113","-3","38971","1773006869840"
"4369","2026-03-08 18:54:39","26.52","57","941.36","3400","0","","","","-114","-7","38972","1773006879846"
"4370","2026-03-08 18:54:49","26.52","57","941.4","3400","0","","","","-115","-9","38973","1773006889866"
"4371","2026-03-08 18:55:09","26.51","57","941.4","3420","0","","","","-113","-4.300000190734863","38975","1773006909846"
"4372","2026-03-08 18:55:19","26.51","57","941.38","3400","0","","","","-113","-5.5","38976","1773006919839"
"4373","2026-03-08 18:55:49","26.51","57","941.38","3420","0","","","","-114","-5","38979","1773006949862"
"4374","2026-03-08 18:56:19","26.5","57","941.38","3380","0","","","","-113","-4.800000190734863","38982","1773006979840"
"4375","2026-03-08 18:56:29","26.5","57","941.38","3400","0","","","","-115","-9.300000190734863","38983","1773006989840"
"4376","2026-03-08 18:56:39","26.5","57","941.38","3400","0","","","","-114","-9.5","38984","1773006999849"
"4377","2026-03-08 18:57:09","26.49","57","941.38","3400","0","","","","-113","-3.799999952316284","38987","1773007029843"
"4378","2026-03-08 18:57:19","26.49","57","941.36","3400","0","","","","-114","-8.300000190734863","38988","1773007039853"
"4379","2026-03-08 18:57:29","26.49","57","941.38","3400","0","","","","-114","-6","38989","1773007049848"
"4380","2026-03-08 18:57:39","26.49","57","941.36","3420","0","","","","-114","-5.300000190734863","38990","1773007059836"
"4381","2026-03-08 18:57:49","26.48","57","941.36","3380","0","","","","-114","-6.800000190734863","38991","1773007069840"
"4382","2026-03-08 18:57:59","26.49","57","941.34","3420","0","","","","-114","-6.300000190734863","38992","1773007079836"
"4383","2026-03-08 18:58:29","26.48","57","941.38","3380","0","","","","-114","-6.300000190734863","38995","1773007109849"
"4384","2026-03-08 18:58:49","26.48","57","941.36","3420","0","","","","-114","-5.800000190734863","38997","1773007129847"
"4385","2026-03-08 18:58:59","26.48","57","941.36","3420","0","","","","-114","-8.800000190734863","38998","1773007139836"
"4386","2026-03-08 18:59:09","26.47","57","941.34","3420","0","","","","-114","-9","38999","1773007149841"
"4387","2026-03-08 18:59:29","26.47","57","941.36","3400","0","","","","-115","-9.5","39001","1773007169844"
"4388","2026-03-08 18:59:39","26.47","57","941.36","3420","0","","","","-114","-6.5","39002","1773007179833"
"4389","2026-03-08 18:59:59","26.46","57","941.36","3420","0","","","","-114","-6","39004","1773007199837"
"4390","2026-03-08 19:00:09","26.46","57","941.34","3420","0","","","","-113","-5.300000190734863","39005","1773007209844"
"4391","2026-03-08 19:00:39","26.46","57","941.36","3400","0","","","","-114","-7.800000190734863","39008","1773007239832"
"4392","2026-03-08 19:01:19","26.45","57","941.38","3420","0","","","","-114","-6.5","39012","1773007279843"
"4393","2026-03-08 19:01:29","26.45","57","941.38","3400","0","","","","-114","-7.5","39013","1773007289840"
"4394","2026-03-08 19:01:49","26.44","57","941.38","3420","0","","","","-114","-5.800000190734863","39015","1773007309835"
"4395","2026-03-08 19:01:59","26.45","57","941.38","3380","0","","","","-114","-8.800000190734863","39016","1773007319828"
"4396","2026-03-08 19:02:29","26.44","57","941.44","3420","0","","","","-114","-5.300000190734863","39019","1773007349834"
"4397","2026-03-08 19:02:39","26.44","57","941.44","3400","0","","","","-114","-6","39020","1773007359834"
"4398","2026-03-08 19:02:59","26.44","57","941.44","3420","0","","","","-114","-6.300000190734863","39022","1773007379841"
"4399","2026-03-08 19:03:19","26.43","57","941.48","3420","0","","","","-114","-5.800000190734863","39024","1773007399841"
"4400","2026-03-08 19:03:29","26.43","57","941.48","3380","0","","","","-114","-4.5","39025","1773007409839"
"4401","2026-03-08 19:03:39","26.43","57","941.46","3400","0","","","","-113","-4","39026","1773007419846"
"4402","2026-03-08 19:03:59","26.42","57","941.5","3380","0","","","","-114","-8.5","39028","1773007439834"
"4403","2026-03-08 19:04:19","26.42","57","941.52","3420","0","","","","-114","-6","39030","1773007459846"
"4404","2026-03-08 19:04:29","26.42","57","941.54","3400","0","","","","-114","-7.800000190734863","39031","1773007469830"
"4405","2026-03-08 19:04:49","26.42","57","941.5","3420","0","","","","-114","-6.800000190734863","39033","1773007489859"
"4406","2026-03-08 19:05:09","26.42","57","941.52","3380","0","","","","-113","-2.5","39035","1773007509856"
"4407","2026-03-08 19:05:19","26.41","57","941.5","3420","0","","","","-114","-9","39036","1773007519831"
"4408","2026-03-08 19:05:29","26.42","57","941.54","3420","0","","","","-114","-9","39037","1773007529834"
"4409","2026-03-08 19:05:59","26.41","57","941.5600000000001","3420","0","","","","-112","-0.30000001192092896","39040","1773007559841"
"4410","2026-03-08 19:06:09","26.41","57","941.54","3420","0","","","","-112","-2","39041","1773007569803"
"4411","2026-03-08 19:06:19","26.41","57","941.5600000000001","3400","0","","","","-114","-5.5","39042","1773007579834"
"4412","2026-03-08 19:06:29","26.41","57","941.58","3420","0","","","","-113","-4.300000190734863","39043","1773007589840"
"4413","2026-03-08 19:06:39","26.4","57","941.58","3420","0","","","","-114","-7.5","39044","1773007599832"
"4414","2026-03-08 19:06:49","26.4","57","941.5600000000001","3420","0","","","","-114","-4.800000190734863","39045","1773007609826"
"4415","2026-03-08 19:07:09","26.4","57","941.5600000000001","3420","0","","","","-114","-8.5","39047","1773007629846"
"4416","2026-03-08 19:08:19","26.38","57","941.5600000000001","3420","0","","","","-115","-8.5","39054","1773007699840"
"4417","2026-03-08 19:08:29","26.38","57","941.5600000000001","3400","0","","","","-114","-8.800000190734863","39055","1773007709842"
"4418","2026-03-08 19:08:39","26.38","57","941.58","3380","0","","","","-114","-6.5","39056","1773007719828"
"4419","2026-03-08 19:09:09","26.37","57","941.54","3400","0","","","","-114","-7","39059","1773007749835"
"4420","2026-03-08 19:09:39","26.37","57","941.58","3380","0","","","","-113","-5.300000190734863","39062","1773007779837"
"4421","2026-03-08 19:09:49","26.37","57","941.5600000000001","3400","0","","","","-114","-8.300000190734863","39063","1773007789840"
"4422","2026-03-08 19:09:59","26.37","57","941.58","3420","0","","","","-114","-5.300000190734863","39064","1773007799842"
"4423","2026-03-08 19:10:29","26.37","57","941.5600000000001","3400","0","","","","-114","-6.300000190734863","39067","1773007829841"
"4424","2026-03-08 19:10:39","26.36","57","941.5600000000001","3420","0","","","","-114","-6","39068","1773007839838"
"4425","2026-03-08 19:10:49","26.36","57","941.54","3380","0","","","","-114","-4.800000190734863","39069","1773007849830"
"4426","2026-03-08 19:11:09","26.36","57","941.54","3380","0","","","","-113","-3.299999952316284","39071","1773007869835"
"4427","2026-03-08 19:11:39","26.36","57","941.52","3380","0","","","","-113","-2.799999952316284","39074","1773007899844"
"4428","2026-03-08 19:11:49","26.35","57","941.5600000000001","3400","0","","","","-113","-4.5","39075","1773007909826"
"4429","2026-03-08 19:11:59","26.35","57","941.5600000000001","3400","0","","","","-114","-7","39076","1773007919838"
"4430","2026-03-08 19:12:09","26.35","57","941.54","3400","0","","","","-114","-6","39077","1773007929844"
"4431","2026-03-08 19:12:19","26.35","57","941.54","3400","0","","","","-114","-5","39078","1773007939840"
"4432","2026-03-08 19:12:29","26.35","57","941.58","3400","0","","","","-113","-4.300000190734863","39079","1773007949831"
"4433","2026-03-08 19:12:39","26.35","57","941.62","3420","0","","","","-115","-8.5","39080","1773007959844"
"4434","2026-03-08 19:12:59","26.35","57","941.5600000000001","3420","0","","","","-113","-3.5","39082","1773007979837"
"4435","2026-03-08 19:13:19","26.34","57","941.5600000000001","3400","0","","","","-114","-6.5","39084","1773007999843"
"4436","2026-03-08 19:13:29","26.34","57","941.58","3380","0","","","","-114","-8","39085","1773008009840"
"4437","2026-03-08 19:13:39","26.35","57","941.58","3380","0","","","","-114","-5.300000190734863","39086","1773008019831"
"4438","2026-03-08 19:13:49","26.34","57","941.5600000000001","3420","0","","","","-112","-3","39087","1773008029828"
"4439","2026-03-08 19:13:59","26.34","57","941.58","3420","0","","","","-113","-3.299999952316284","39088","1773008039842"
"4440","2026-03-08 19:14:09","26.34","57","941.58","3400","0","","","","-114","-7","39089","1773008049845"
"4441","2026-03-08 19:14:19","26.34","57","941.58","3420","0","","","","-114","-7.5","39090","1773008059845"
"4442","2026-03-08 19:14:39","26.34","57","941.62","3420","0","","","","-114","-4.800000190734863","39092","1773008079831"
"4443","2026-03-08 19:14:49","26.34","57","941.62","3420","0","","","","-114","-8.5","39093","1773008089831"
"4444","2026-03-08 19:15:09","26.33","57","941.58","3400","0","","","","-114","-6.300000190734863","39095","1773008109804"
"4445","2026-03-08 19:15:29","26.33","57","941.64","3400","0","","","","-114","-8.300000190734863","39097","1773008129840"
"4446","2026-03-08 19:15:39","26.32","57","941.62","3400","0","","","","-114","-7.5","39098","1773008139837"
"4447","2026-03-08 19:16:19","26.32","57","941.64","3420","0","","","","-113","-2.5","39102","1773008179826"
"4448","2026-03-08 19:16:29","26.32","57","941.64","3400","0","","","","-114","-8","39103","1773008189840"
"4449","2026-03-08 19:16:39","26.32","57","941.66","3420","0","","","","-114","-4.800000190734863","39104","1773008199852"
"4450","2026-03-08 19:16:59","26.32","57","941.64","3400","0","","","","-114","-6","39106","1773008219843"
"4451","2026-03-08 19:17:09","26.31","57","941.6800000000001","3380","0","","","","-115","-9.300000190734863","39107","1773008229834"
"4452","2026-03-08 19:17:29","26.32","57","941.6800000000001","3420","0","","","","-114","-6.300000190734863","39109","1773008249842"
"4453","2026-03-08 19:17:39","26.32","57","941.7","3420","0","","","","-111","0","39110","1773008259838"
"4454","2026-03-08 19:17:59","26.31","57","941.72","3420","0","","","","-112","-1.7999999523162842","39112","1773008279842"
"4455","2026-03-08 19:18:09","26.31","57","941.7","3420","0","","","","-114","-6.300000190734863","39113","1773008289838"
"4456","2026-03-08 19:18:19","26.31","57","941.6800000000001","3400","0","","","","-114","-5","39114","1773008299832"
"4457","2026-03-08 19:18:49","26.31","57","941.76","3420","0","","","","-113","-3.799999952316284","39117","1773008329824"
"4458","2026-03-08 19:18:59","26.3","57","941.7","3400","0","","","","-114","-6.5","39118","1773008339832"
"4459","2026-03-08 19:19:09","26.3","57","941.76","3420","0","","","","-113","-2.799999952316284","39119","1773008349829"
"4460","2026-03-08 19:19:29","26.3","57","941.76","3400","0","","","","-114","-6","39121","1773008369842"
"4461","2026-03-08 19:19:39","26.3","57","941.76","3420","0","","","","-113","-2.5","39122","1773008379831"
"4462","2026-03-08 19:19:49","26.3","57","941.8000000000001","3420","0","","","","-113","-3.5","39123","1773008389827"
"4463","2026-03-08 19:19:59","26.3","57","941.72","3400","0","","","","-114","-6","39124","1773008399834"
"4464","2026-03-08 19:21:39","26.29","57","941.8000000000001","3380","0","","","","-114","-7.5","39134","1773008499832"
"4465","2026-03-08 19:21:49","26.28","57","941.86","3400","0","","","","-114","-6.300000190734863","39135","1773008509829"
"4466","2026-03-08 19:22:09","26.29","57","941.84","3380","0","","","","-114","-6","39137","1773008529803"
"4467","2026-03-08 19:22:19","26.28","57","941.84","3400","0","","","","-114","-7","39138","1773008539826"
"4468","2026-03-08 19:22:29","26.28","57","941.86","3420","0","","","","-114","-8.5","39139","1773008549839"
"4469","2026-03-08 19:22:39","26.28","57","941.82","3420","0","","","","-114","-10.300000190734863","39140","1773008559831"
"4470","2026-03-08 19:22:50","26.28","57","941.84","3420","0","","","","-113","-2.5","39141","1773008570008"
"4471","2026-03-08 19:22:59","26.28","57","941.82","3420","0","","","","-114","-7","39142","1773008579828"
"4472","2026-03-08 19:23:19","26.28","57","941.88","3380","0","","","","-112","-0.800000011920929","39144","1773008599834"
"4473","2026-03-08 19:24:19","26.27","57","941.9","3400","0","","","","-114","-8","39150","1773008659828"
"4474","2026-03-08 19:24:39","26.27","57","941.9","3420","0","","","","-114","-6.300000190734863","39152","1773008679831"
"4475","2026-03-08 19:24:49","26.27","57","941.94","3420","0","","","","-113","-3.5","39153","1773008689831"
"4476","2026-03-08 19:25:09","26.27","57","941.9200000000001","3380","0","","","","-114","-7","39155","1773008709835"
"4477","2026-03-08 19:25:19","26.27","57","941.9200000000001","3420","0","","","","-114","-6.800000190734863","39156","1773008719839"
"4478","2026-03-08 19:25:39","26.26","57","941.9","3420","0","","","","-114","-4.800000190734863","39158","1773008739830"
"4479","2026-03-08 19:25:49","26.26","57","941.94","3380","0","","","","-114","-7.300000190734863","39159","1773008749831"
"4480","2026-03-08 19:25:59","26.26","57","941.96","3380","0","","","","-113","-3.5","39160","1773008759837"
"4481","2026-03-08 19:26:29","26.26","57","941.94","3400","0","","","","-114","-6.300000190734863","39163","1773008789836"
"4482","2026-03-08 19:26:39","26.25","57","941.9200000000001","3400","0","","","","-114","-8.800000190734863","39164","1773008799837"
"4483","2026-03-08 19:26:49","26.24","57","941.94","3380","0","","","","-114","-6.800000190734863","39165","1773008809842"
"4484","2026-03-08 19:26:59","26.25","57","941.96","3420","0","","","","-114","-7.5","39166","1773008819834"
"4485","2026-03-08 19:27:09","26.25","57","941.96","3380","0","","","","-114","-9","39167","1773008829838"
"4486","2026-03-08 19:27:39","26.25","57","942","3380","0","","","","-115","-8.800000190734863","39170","1773008859837"
"4487","2026-03-08 19:28:19","26.24","57","942.0600000000001","3420","0","","","","-113","-3.5","39174","1773008899838"
"4488","2026-03-08 19:28:29","26.24","57","941.98","3380","0","","","","-113","-4.5","39175","1773008909839"
"4489","2026-03-08 19:28:49","26.24","57","942.04","3420","0","","","","-115","-8.300000190734863","39177","1773008929857"
"4490","2026-03-08 19:28:59","26.24","57","942.02","3380","0","","","","-114","-5.5","39178","1773008939809"
"4491","2026-03-08 19:29:09","26.24","57","942.0600000000001","3380","0","","","","-114","-7.5","39179","1773008949834"
"4492","2026-03-08 19:29:19","26.24","57","942.04","3400","0","","","","-114","-6","39180","1773008959825"
"4493","2026-03-08 19:29:29","26.23","57","942.04","3420","0","","","","-114","-5","39181","1773008969832"
"4494","2026-03-08 19:29:49","26.23","57","942.0600000000001","3400","0","","","","-113","-4.5","39183","1773008989830"
"4495","2026-03-08 19:29:59","26.24","57","942.0600000000001","3400","0","","","","-114","-6.800000190734863","39184","1773008999836"
"4496","2026-03-08 19:30:09","26.23","57","942.04","3380","0","","","","-114","-6.300000190734863","39185","1773009009831"
"4497","2026-03-08 19:30:19","26.23","57","942.14","3380","0","","","","-112","-2.299999952316284","39186","1773009019832"
"4498","2026-03-08 19:30:29","26.23","57","942.16","3420","0","","","","-113","-5","39187","1773009029833"
"4499","2026-03-08 19:30:49","26.22","57","942.12","3380","0","","","","-114","-4.5","39189","1773009049827"
"4500","2026-03-08 19:30:59","26.23","57","942.12","3420","0","","","","-114","-7.300000190734863","39190","1773009059805"
"4501","2026-03-08 19:31:09","26.22","57","942.12","3380","0","","","","-114","-6.5","39191","1773009069820"
"4502","2026-03-08 19:31:19","26.22","57","942.1","3400","0","","","","-114","-8.5","39192","1773009079837"
"4503","2026-03-08 19:31:39","26.22","57","942.12","3380","0","","","","-114","-8.300000190734863","39194","1773009099834"
"4504","2026-03-08 19:32:39","26.21","57","942.1","3420","0","","","","-114","-7.800000190734863","39200","1773009159831"
"4505","2026-03-08 19:32:49","26.21","57","942.14","3400","0","","","","-114","-7.800000190734863","39201","1773009169837"
"4506","2026-03-08 19:32:59","26.21","57","942.1","3400","0","","","","-114","-6.5","39202","1773009179835"
"4507","2026-03-08 19:33:09","26.21","57","942.1800000000001","3420","0","","","","-114","-6.5","39203","1773009189798"
"4508","2026-03-08 19:33:19","26.21","57","942.16","3420","0","","","","-113","-4.800000190734863","39204","1773009199830"
"4509","2026-03-08 19:33:49","26.21","57","942.14","3380","0","","","","-113","-4.800000190734863","39207","1773009229809"
"4510","2026-03-08 19:34:29","26.21","57","942.12","3380","0","","","","-112","-1.5","39211","1773009269834"
"4511","2026-03-08 19:35:09","26.2","57","942.12","3400","0","","","","-114","-7","39215","1773009309829"
"4512","2026-03-08 19:35:19","26.2","57","942.12","3400","0","","","","-113","-5.800000190734863","39216","1773009319835"
"4513","2026-03-08 19:35:29","26.2","57","942.14","3420","0","","","","-114","-6.5","39217","1773009329830"
"4514","2026-03-08 19:35:49","26.19","57","942.12","3380","0","","","","-114","-8.300000190734863","39219","1773009349790"
"4515","2026-03-08 19:35:59","26.19","57","942.16","3400","0","","","","-114","-8.800000190734863","39220","1773009359832"
"4516","2026-03-08 19:36:09","26.19","57","942.1800000000001","3380","0","","","","-114","-7.300000190734863","39221","1773009369830"
"4517","2026-03-08 19:36:19","26.19","57","942.1","3380","0","","","","-113","-4.800000190734863","39222","1773009379835"
"4518","2026-03-08 19:36:29","26.19","57","942.14","3420","0","","","","-112","-1.2999999523162842","39223","1773009389839"
"4519","2026-03-08 19:36:49","26.18","57","942.12","3420","0","","","","-114","-7.5","39225","1773009409836"
"4520","2026-03-08 19:37:19","26.19","57","942.16","3380","0","","","","-114","-5.800000190734863","39228","1773009439813"
"4521","2026-03-08 19:37:29","26.19","57","942.14","3420","0","","","","-113","-3.5","39229","1773009449826"
"4522","2026-03-08 19:37:39","26.19","57","942.12","3400","0","","","","-113","-2.799999952316284","39230","1773009459827"
"4523","2026-03-08 19:37:49","26.18","57","942.1","3400","0","","","","-113","-3.5","39231","1773009469828"
"4524","2026-03-08 19:38:19","26.18","57","942.12","3400","0","","","","-114","-8.800000190734863","39234","1773009499836"
"4525","2026-03-08 19:39:09","26.18","57","942.16","3380","0","","","","-114","-5","39239","1773009549832"
"4526","2026-03-08 19:39:19","26.18","57","942.12","3420","0","","","","-114","-6.300000190734863","39240","1773009559829"
"4527","2026-03-08 19:39:29","26.17","57","942.08","3400","0","","","","-113","-5","39241","1773009569826"
"4528","2026-03-08 19:40:39","26.17","57","942.2","3400","0","","","","-114","-5.5","39248","1773009639830"
"4529","2026-03-08 19:40:49","26.17","57","942.08","3380","0","","","","-113","-5","39249","1773009649834"
"4530","2026-03-08 19:41:09","26.16","57","942.14","3380","0","","","","-113","-2.799999952316284","39251","1773009669850"
"4531","2026-03-08 19:41:19","26.17","57","942.14","3400","0","","","","-114","-8","39252","1773009679823"
"4532","2026-03-08 19:41:39","26.17","57","942.1","3420","0","","","","-113","-3.799999952316284","39254","1773009699830"
"4533","2026-03-08 19:41:59","26.16","57","942.08","3380","0","","","","-114","-7.300000190734863","39256","1773009719836"
"4534","2026-03-08 19:42:09","26.16","57.5","942.1","3420","0","","","","-113","-6","39257","1773009729855"
"4535","2026-03-08 19:42:19","26.16","57","942.0600000000001","3380","0","","","","-114","-8","39258","1773009739839"
"4536","2026-03-08 19:42:29","26.16","57","942.1","3420","0","","","","-114","-7.800000190734863","39259","1773009749826"
"4537","2026-03-08 19:42:49","26.16","57","942.12","3380","0","","","","-113","-2.5","39261","1773009769841"
"4538","2026-03-08 19:42:59","26.16","57","942.1","3380","0","","","","-114","-6.300000190734863","39262","1773009779827"
"4539","2026-03-08 19:43:59","26.15","57","942.1800000000001","3400","0","","","","-114","-7.300000190734863","39268","1773009839841"
"4540","2026-03-08 19:44:09","26.14","57","942.14","3420","0","","","","-114","-7.300000190734863","39269","1773009849835"
"4541","2026-03-08 19:44:19","26.15","57","942.1800000000001","3420","0","","","","-113","-5","39270","1773009859838"
"4542","2026-03-08 19:44:49","26.15","57","942.2","3380","0","","","","-113","-5","39273","1773009889861"
"4543","2026-03-08 19:44:59","26.14","57","942.2","3420","0","","","","-112","-0.800000011920929","39274","1773009899831"
"4544","2026-03-08 19:45:09","26.15","57.5","942.22","3380","0","","","","-113","-3.5","39275","1773009909822"
"4545","2026-03-08 19:45:19","26.14","57","942.24","3380","0","","","","-114","-7.300000190734863","39276","1773009919834"
"4546","2026-03-08 19:45:29","26.14","57","942.24","3420","0","","","","-113","-5.5","39277","1773009929829"
"4547","2026-03-08 19:45:49","26.14","57","942.24","3420","0","","","","-113","-4.300000190734863","39279","1773009949831"
"4548","2026-03-08 19:45:59","26.14","57","942.24","3420","0","","","","-114","-5.300000190734863","39280","1773009959835"
"4549","2026-03-08 19:46:29","26.14","57.5","942.24","3420","0","","","","-112","-0.800000011920929","39283","1773009989832"
"4550","2026-03-08 19:46:59","26.13","57.5","942.3000000000001","3380","0","","","","-112","-2","39286","1773010019833"
"4551","2026-03-08 19:47:09","26.13","57.5","942.24","3420","0","","","","-114","-8.5","39287","1773010029825"
"4552","2026-03-08 19:47:29","26.13","57.5","942.3000000000001","3380","0","","","","-114","-7.800000190734863","39289","1773010049837"
"4553","2026-03-08 19:47:59","26.13","57","942.28","3420","0","","","","-113","-2.799999952316284","39292","1773010079830"
"4554","2026-03-08 19:48:09","26.12","57.5","942.26","3400","0","","","","-114","-8.800000190734863","39293","1773010089828"
"4555","2026-03-08 19:48:29","26.13","57","942.26","3400","0","","","","-114","-7.300000190734863","39295","1773010109837"
"4556","2026-03-08 19:48:39","26.13","57","942.26","3380","0","","","","-114","-6.800000190734863","39296","1773010119831"
"4557","2026-03-08 19:48:59","26.12","57","942.28","3380","0","","","","-114","-6","39298","1773010139817"
"4558","2026-03-08 19:49:19","26.12","57.5","942.22","3400","0","","","","-114","-7.800000190734863","39300","1773010159836"
"4559","2026-03-08 19:49:29","26.12","57.5","942.28","3400","0","","","","-114","-5","39301","1773010169835"
"4560","2026-03-08 19:49:39","26.12","57.5","942.26","3400","0","","","","-114","-8.300000190734863","39302","1773010179831"
"4561","2026-03-08 19:49:49","26.12","57","942.3000000000001","3380","0","","","","-114","-7.800000190734863","39303","1773010189823"
"4562","2026-03-08 19:50:09","26.11","57.5","942.26","3380","0","","","","-112","-1.2999999523162842","39305","1773010209863"
"4563","2026-03-08 19:50:19","26.12","57.5","942.26","3380","0","","","","-113","-3.5","39306","1773010219829"
"4564","2026-03-08 19:50:49","26.12","57.5","942.32","3380","0","","","","-114","-6","39309","1773010249833"
"4565","2026-03-08 19:50:59","26.11","57.5","942.3000000000001","3380","0","","","","-114","-8.300000190734863","39310","1773010259836"
"4566","2026-03-08 19:51:09","26.11","57","942.28","3380","0","","","","-114","-5.800000190734863","39311","1773010269830"
"4567","2026-03-08 19:51:19","26.11","57.5","942.24","3380","0","","","","-114","-8.800000190734863","39312","1773010279832"
"4568","2026-03-08 19:51:29","26.11","57.5","942.28","3420","0","","","","-112","-1.2999999523162842","39313","1773010289825"
"4569","2026-03-08 19:51:39","26.11","57.5","942.24","3400","0","","","","-112","-3.299999952316284","39314","1773010299831"
"4570","2026-03-08 19:51:49","26.11","57","942.24","3400","0","","","","-112","-2.5","39315","1773010309792"
"4571","2026-03-08 19:52:19","26.1","57.5","942.26","3420","0","","","","-114","-8.5","39318","1773010339838"
"4572","2026-03-08 19:52:39","26.11","57.5","942.24","3400","0","","","","-114","-7.5","39320","1773010359830"
"4573","2026-03-08 19:52:49","26.11","57.5","942.28","3420","0","","","","-114","-6.300000190734863","39321","1773010369829"
"4574","2026-03-08 19:52:59","26.1","57.5","942.26","3380","0","","","","-114","-7.300000190734863","39322","1773010379832"
"4575","2026-03-08 19:53:09","26.1","57.5","942.28","3380","0","","","","-114","-4.5","39323","1773010389835"
"4576","2026-03-08 19:53:19","26.1","57.5","942.24","3420","0","","","","-114","-9","39324","1773010399829"
"4577","2026-03-08 19:53:39","26.1","57.5","942.3000000000001","3380","0","","","","-114","-7.300000190734863","39326","1773010419827"
"4578","2026-03-08 19:53:59","26.09","57.5","942.26","3400","0","","","","-114","-8.5","39328","1773010439834"
"4579","2026-03-08 19:54:19","26.09","57.5","942.26","3400","0","","","","-113","-4.5","39330","1773010459833"
"4580","2026-03-08 19:54:29","26.09","57.5","942.28","3400","0","","","","-113","-4","39331","1773010469836"
"4581","2026-03-08 19:54:39","26.09","57.5","942.26","3380","0","","","","-114","-8.800000190734863","39332","1773010479828"
"4582","2026-03-08 19:54:59","26.09","57","942.28","3380","0","","","","-114","-6.5","39334","1773010499800"
"4583","2026-03-08 19:55:09","26.09","57.5","942.36","3420","0","","","","-113","-5","39335","1773010509837"
"4584","2026-03-08 19:55:19","26.09","57.5","942.3000000000001","3400","0","","","","-113","-3","39336","1773010519833"
"4585","2026-03-08 19:55:29","26.09","57.5","942.34","3380","0","","","","-112","-2.5","39337","1773010529825"
"4586","2026-03-08 19:55:39","26.09","57.5","942.28","3420","0","","","","-114","-5.300000190734863","39338","1773010539825"
"4587","2026-03-08 19:55:49","26.09","57.5","942.34","3380","0","","","","-113","-3.5","39339","1773010549825"
"4588","2026-03-08 19:55:59","26.08","57.5","942.3000000000001","3420","0","","","","-114","-7.300000190734863","39340","1773010559826"
"4589","2026-03-08 19:56:19","26.08","57.5","942.3000000000001","3420","0","","","","-114","-5.300000190734863","39342","1773010579828"
"4590","2026-03-08 19:56:29","26.08","57.5","942.36","3400","0","","","","-113","-4.5","39343","1773010589824"
"4591","2026-03-08 19:56:49","26.08","57.5","942.34","3380","0","","","","-113","-6","39345","1773010609830"
"4592","2026-03-08 19:56:59","26.07","57.5","942.36","3400","0","","","","-114","-8","39346","1773010619820"
"4593","2026-03-08 19:57:19","26.08","57.5","942.38","3420","0","","","","-112","-2.299999952316284","39348","1773010639832"
"4594","2026-03-08 19:57:29","26.07","57.5","942.32","3400","0","","","","-113","-3.799999952316284","39349","1773010649826"
"4595","2026-03-08 19:57:39","26.08","57.5","942.3000000000001","3400","0","","","","-112","-1","39350","1773010659831"
"4596","2026-03-08 19:57:49","26.07","57.5","942.32","3420","0","","","","-114","-8","39351","1773010669820"
"4597","2026-03-08 19:58:09","26.07","57.5","942.36","3380","0","","","","-114","-5.800000190734863","39353","1773010689855"
"4598","2026-03-08 19:58:29","26.06","57.5","942.38","3380","0","","","","-114","-7.300000190734863","39355","1773010709831"
"4599","2026-03-08 19:58:39","26.06","57.5","942.34","3400","0","","","","-114","-6","39356","1773010719832"
"4600","2026-03-08 19:58:49","26.07","57.5","942.32","3420","0","","","","-114","-6","39357","1773010729834"
"4601","2026-03-08 19:58:59","26.06","57.5","942.36","3420","0","","","","-114","-8","39358","1773010739826"
"4602","2026-03-08 19:59:19","26.06","57.5","942.34","3380","0","","","","-114","-7.800000190734863","39360","1773010759833"
"4603","2026-03-08 19:59:29","26.06","57.5","942.36","3400","0","","","","-114","-7.800000190734863","39361","1773010769825"
"4604","2026-03-08 19:59:39","26.06","57.5","942.36","3380","0","","","","-114","-7.800000190734863","39362","1773010779827"
"4605","2026-03-08 19:59:49","26.06","57.5","942.38","3420","0","","","","-114","-8.5","39363","1773010789845"
"4606","2026-03-08 20:00:19","26.06","57.5","942.38","3380","0","","","","-115","-9","39366","1773010819830"
"4607","2026-03-08 20:00:29","26.06","57.5","942.38","3400","0","","","","-114","-8","39367","1773010829834"
"4608","2026-03-08 20:01:19","26.05","57.5","942.44","3380","0","","","","-114","-5.5","39372","1773010879825"
"4609","2026-03-08 20:01:49","26.04","57.5","942.4","3420","0","","","","-114","-5","39375","1773010909835"
"4610","2026-03-08 20:01:59","26.05","57.5","942.4200000000001","3380","0","","","","-113","-5","39376","1773010919786"
"4611","2026-03-08 20:02:29","26.04","57.5","942.36","3380","0","","","","-114","-5.800000190734863","39379","1773010949825"
"4612","2026-03-08 20:02:39","26.04","57.5","942.36","3420","0","","","","-114","-6.5","39380","1773010959832"
"4613","2026-03-08 20:03:09","26.03","57.5","942.4","3400","0","","","","-114","-8.5","39383","1773010989831"
"4614","2026-03-08 20:03:19","26.04","57.5","942.36","3380","0","","","","-114","-7.300000190734863","39384","1773010999831"
"4615","2026-03-08 20:03:29","26.03","57.5","942.38","3400","0","","","","-113","-4.5","39385","1773011009825"
"4616","2026-03-08 20:03:39","26.03","57.5","942.4","3420","0","","","","-114","-6.5","39386","1773011019833"
"4617","2026-03-08 20:03:49","26.03","57.5","942.4","3380","0","","","","-114","-8","39387","1773011029820"
"4618","2026-03-08 20:03:59","26.03","57.5","942.4","3380","0","","","","-114","-9.300000190734863","39388","1773011039841"
"4619","2026-03-08 20:04:39","26.03","57.5","942.38","3420","0","","","","-114","-9.300000190734863","39392","1773011079836"
"4620","2026-03-08 20:05:19","26.02","57.5","942.34","3420","0","","","","-114","-7","39396","1773011119816"
"4621","2026-03-08 20:05:29","26.02","57.5","942.38","3380","0","","","","-113","-4.300000190734863","39397","1773011129828"
"4622","2026-03-08 20:05:39","26.02","57.5","942.38","3380","0","","","","-114","-8.5","39398","1773011139824"
"4623","2026-03-08 20:05:49","26.02","57.5","942.36","3380","0","","","","-113","-3.799999952316284","39399","1773011149826"
"4624","2026-03-08 20:05:59","26.02","57.5","942.36","3380","0","","","","-114","-5.5","39400","1773011159790"
"4625","2026-03-08 20:06:09","26.02","57.5","942.36","3420","0","","","","-114","-4.5","39401","1773011169795"
"4626","2026-03-08 20:06:19","26.02","57.5","942.4","3420","0","","","","-115","-7.800000190734863","39402","1773011179835"
"4627","2026-03-08 20:06:49","26.01","57.5","942.4200000000001","3400","0","","","","-114","-9.300000190734863","39405","1773011209825"
"4628","2026-03-08 20:07:09","26.01","57.5","942.34","3400","0","","","","-112","-2.299999952316284","39407","1773011229827"
"4629","2026-03-08 20:07:19","26.01","57.5","942.34","3400","0","","","","-114","-4.800000190734863","39408","1773011239824"
"4630","2026-03-08 20:07:29","26.01","57.5","942.36","3400","0","","","","-113","-3.799999952316284","39409","1773011249824"
"4631","2026-03-08 20:07:39","26.01","57.5","942.36","3380","0","","","","-113","-3.799999952316284","39410","1773011259813"
"4632","2026-03-08 20:07:49","26.01","57.5","942.32","3400","0","","","","-113","-3.5","39411","1773011269792"
"4633","2026-03-08 20:07:59","26.01","57.5","942.38","3420","0","","","","-111","0","39412","1773011279823"
"4634","2026-03-08 20:08:09","26.01","57.5","942.38","3380","0","","","","-112","-0.800000011920929","39413","1773011289826"
"4635","2026-03-08 20:08:19","26.01","57.5","942.38","3380","0","","","","-113","-4.300000190734863","39414","1773011299825"
"4636","2026-03-08 20:08:29","26.01","57.5","942.38","3420","0","","","","-113","-4","39415","1773011309828"
"4637","2026-03-08 20:08:49","26","57.5","942.36","3380","0","","","","-114","-10","39417","1773011329853"
"4638","2026-03-08 20:09:59","26","57.5","942.4200000000001","3380","0","","","","-114","-7","39424","1773011399816"
"4639","2026-03-08 20:10:09","26","57.5","942.44","3420","0","","","","-114","-5.5","39425","1773011409832"
"4640","2026-03-08 20:10:29","26","57.5","942.46","3420","0","","","","-114","-6","39427","1773011429839"
"4641","2026-03-08 20:10:39","25.99","57.5","942.46","3380","0","","","","-112","-2.299999952316284","39428","1773011439830"
"4642","2026-03-08 20:11:09","25.99","57.5","942.5","3420","0","","","","-113","-4.300000190734863","39431","1773011469791"
"4643","2026-03-08 20:11:19","25.99","57.5","942.44","3380","0","","","","-113","-3.5","39432","1773011479830"
"4644","2026-03-08 20:11:39","25.99","57.5","942.5","3420","0","","","","-113","-5","39434","1773011499831"
"4645","2026-03-08 20:11:49","25.98","57.5","942.5","3420","0","","","","-113","-2.799999952316284","39435","1773011509826"
"4646","2026-03-08 20:12:19","25.98","57.5","942.5","3420","0","","","","-114","-6.5","39438","1773011539821"
"4647","2026-03-08 20:12:39","25.99","57.5","942.52","3420","0","","","","-113","-5","39440","1773011559827"
"4648","2026-03-08 20:12:49","25.98","57.5","942.58","3420","0","","","","-114","-6.300000190734863","39441","1773011569828"
"4649","2026-03-08 20:12:59","25.98","57.5","942.58","3380","0","","","","-114","-6","39442","1773011579853"
"4650","2026-03-08 20:13:29","25.98","57.5","942.5600000000001","3420","0","","","","-114","-8.800000190734863","39445","1773011609821"
"4651","2026-03-08 20:13:49","25.98","57.5","942.58","3420","0","","","","-114","-7.300000190734863","39447","1773011629826"
"4652","2026-03-08 20:14:09","25.98","57.5","942.6","3400","0","","","","-114","-8.300000190734863","39449","1773011649856"
"4653","2026-03-08 20:14:19","25.97","57.5","942.62","3380","0","","","","-113","-2.5","39450","1773011659828"
"4654","2026-03-08 20:14:49","25.97","57.5","942.64","3380","0","","","","-114","-7","39453","1773011689835"
"4655","2026-03-08 20:15:19","25.97","57.5","942.62","3420","0","","","","-114","-5.800000190734863","39456","1773011719824"
"4656","2026-03-08 20:15:29","25.96","57.5","942.64","3380","0","","","","-113","-3","39457","1773011729827"
"4657","2026-03-08 20:15:59","25.96","57.5","942.66","3400","0","","","","-114","-5","39460","1773011759825"
"4658","2026-03-08 20:16:09","25.97","57.5","942.64","3420","0","","","","-114","-4.5","39461","1773011769862"
"4659","2026-03-08 20:16:19","25.96","57.5","942.64","3400","0","","","","-113","-3","39462","1773011779827"
"4660","2026-03-08 20:16:39","25.96","57.5","942.6800000000001","3380","0","","","","-112","-2.299999952316284","39464","1773011799827"
"4661","2026-03-08 20:16:49","25.96","57.5","942.64","3380","0","","","","-114","-8.5","39465","1773011809829"
"4662","2026-03-08 20:16:59","25.96","57.5","942.66","3380","0","","","","-114","-6.800000190734863","39466","1773011819822"
"4663","2026-03-08 20:17:09","25.95","57.5","942.66","3420","0","","","","-113","-5.800000190734863","39467","1773011829824"
"4664","2026-03-08 20:17:19","25.96","57.5","942.64","3400","0","","","","-114","-6","39468","1773011839824"
"4665","2026-03-08 20:17:29","25.95","57.5","942.6800000000001","3420","0","","","","-114","-7.800000190734863","39469","1773011849820"
"4666","2026-03-08 20:17:39","25.96","57.5","942.6800000000001","3420","0","","","","-113","-5.5","39470","1773011859831"
"4667","2026-03-08 20:17:59","25.96","57.5","942.74","3380","0","","","","-111","0","39472","1773011879845"
"4668","2026-03-08 20:18:09","25.96","57.5","942.6800000000001","3380","0","","","","-114","-5.800000190734863","39473","1773011889824"
"4669","2026-03-08 20:18:49","25.95","57.5","942.66","3380","0","","","","-113","-4.5","39477","1773011929820"
"4670","2026-03-08 20:19:09","25.95","57.5","942.62","3400","0","","","","-114","-10.800000190734863","39479","1773011949821"
"4671","2026-03-08 20:19:19","25.95","57.5","942.7","3420","0","","","","-114","-7","39480","1773011959826"
"4672","2026-03-08 20:19:39","25.95","57.5","942.6800000000001","3420","0","","","","-114","-6.800000190734863","39482","1773011979828"
"4673","2026-03-08 20:19:49","25.94","57.5","942.6800000000001","3400","0","","","","-111","0.5","39483","1773011989827"
"4674","2026-03-08 20:20:09","25.94","57.5","942.66","3400","0","","","","-113","-3.799999952316284","39485","1773012009821"
"4675","2026-03-08 20:20:39","25.94","57.5","942.7","3420","0","","","","-113","-3.299999952316284","39488","1773012039829"
"4676","2026-03-08 20:20:59","25.94","57.5","942.6800000000001","3420","0","","","","-112","-1.2999999523162842","39490","1773012059829"
"4677","2026-03-08 20:21:29","25.93","57.5","942.7","3400","0","","","","-114","-7.5","39493","1773012089827"
"4678","2026-03-08 20:21:39","25.94","57.5","942.66","3380","0","","","","-112","-2","39494","1773012099820"
"4679","2026-03-08 20:22:09","25.94","57.5","942.66","3400","0","","","","-113","-4.300000190734863","39497","1773012129823"
"4680","2026-03-08 20:22:49","25.93","57.5","942.74","3420","0","","","","-112","-1.2999999523162842","39501","1773012169824"
"4681","2026-03-08 20:22:59","25.93","57.5","942.7","3420","0","","","","-114","-10","39502","1773012179838"
"4682","2026-03-08 20:23:29","25.92","57.5","942.7","3420","0","","","","-114","-9.300000190734863","39505","1773012209815"
"4683","2026-03-08 20:23:39","25.92","57.5","942.64","3420","0","","","","-114","-7.5","39506","1773012219826"
"4684","2026-03-08 20:23:49","25.92","57.5","942.7","3400","0","","","","-115","-9.800000190734863","39507","1773012229823"
"4685","2026-03-08 20:23:59","25.92","57.5","942.7","3400","0","","","","-114","-7","39508","1773012239819"
"4686","2026-03-08 20:24:09","25.92","57.5","942.72","3420","0","","","","-115","-9.5","39509","1773012249820"
"4687","2026-03-08 20:24:39","25.92","57.5","942.7","3400","0","","","","-113","-4.5","39512","1773012279828"
"4688","2026-03-08 20:24:49","25.92","57.5","942.72","3420","0","","","","-114","-5.300000190734863","39513","1773012289815"
"4689","2026-03-08 20:25:09","25.92","57.5","942.6800000000001","3420","0","","","","-114","-7","39515","1773012309794"
"4690","2026-03-08 20:25:39","25.91","57.5","942.7","3420","0","","","","-111","-0.30000001192092896","39518","1773012339827"
"4691","2026-03-08 20:25:59","25.92","57.5","942.7","3380","0","","","","-114","-8","39520","1773012359829"
"4692","2026-03-08 20:26:09","25.91","57.5","942.72","3420","0","","","","-114","-8.5","39521","1773012369788"
"4693","2026-03-08 20:26:29","25.91","57.5","942.72","3380","0","","","","-114","-5.300000190734863","39523","1773012389822"
"4694","2026-03-08 20:26:49","25.9","57.5","942.7","3420","0","","","","-114","-5.5","39525","1773012409783"
"4695","2026-03-08 20:27:39","25.91","57.5","942.72","3420","0","","","","-114","-7","39530","1773012459826"
"4696","2026-03-08 20:27:49","25.9","57.5","942.72","3420","0","","","","-114","-10","39531","1773012469819"
"4697","2026-03-08 20:27:59","25.9","57.5","942.76","3420","0","","","","-113","-4.5","39532","1773012479817"
"4698","2026-03-08 20:28:09","25.9","57.5","942.74","3420","0","","","","-114","-10","39533","1773012489827"
"4699","2026-03-08 20:28:19","25.9","57.5","942.8000000000001","3380","0","","","","-114","-5.800000190734863","39534","1773012499829"
"4700","2026-03-08 20:28:29","25.9","57.5","942.78","3420","0","","","","-113","-3.799999952316284","39535","1773012509818"
"4701","2026-03-08 20:28:39","25.9","57.5","942.8000000000001","3400","0","","","","-114","-5.800000190734863","39536","1773012519818"
"4702","2026-03-08 20:28:49","25.89","57.5","942.78","3400","0","","","","-114","-6.300000190734863","39537","1773012529824"
"4703","2026-03-08 20:28:59","25.9","57.5","942.76","3400","0","","","","-114","-6.800000190734863","39538","1773012539823"
"4704","2026-03-08 20:29:19","25.9","57.5","942.78","3420","0","","","","-111","0.30000001192092896","39540","1773012559829"
"4705","2026-03-08 20:29:29","25.9","57.5","942.78","3420","0","","","","-111","0.5","39541","1773012569823"
"4706","2026-03-08 20:29:49","25.89","57.5","942.76","3420","0","","","","-113","-4.5","39543","1773012589795"
"4707","2026-03-08 20:29:59","25.89","57.5","942.8000000000001","3400","0","","","","-114","-7.5","39544","1773012599825"
"4708","2026-03-08 20:30:09","25.89","57.5","942.78","3400","0","","","","-114","-5.5","39545","1773012609826"
"4709","2026-03-08 20:30:19","25.89","57.5","942.78","3420","0","","","","-114","-8.5","39546","1773012619815"
"4710","2026-03-08 20:30:29","25.89","57.5","942.74","3380","0","","","","-114","-6.800000190734863","39547","1773012629820"
"4711","2026-03-08 20:30:49","25.89","57.5","942.82","3380","0","","","","-114","-5.5","39549","1773012649828"
"4712","2026-03-08 20:30:59","25.89","57.5","942.78","3380","0","","","","-114","-6.5","39550","1773012659790"
"4713","2026-03-08 20:31:09","25.88","57.5","942.82","3420","0","","","","-113","-4.300000190734863","39551","1773012669826"
"4714","2026-03-08 20:31:29","25.88","57.5","942.84","3400","0","","","","-114","-8","39553","1773012689799"
"4715","2026-03-08 20:31:39","25.89","57.5","942.82","3440","0","","","","-114","-6","39554","1773012699823"
"4716","2026-03-08 20:31:49","25.88","57.5","942.84","3420","0","","","","-112","-0.800000011920929","39555","1773012709814"
"4717","2026-03-08 20:31:59","25.88","57.5","942.82","3420","0","","","","-114","-7","39556","1773012719828"
"4718","2026-03-08 20:32:09","25.88","57.5","942.86","3420","0","","","","-112","-1.5","39557","1773012729827"
"4719","2026-03-08 20:32:19","25.88","57.5","942.88","3380","0","","","","-112","-1","39558","1773012739817"
"4720","2026-03-08 20:32:29","25.87","57.5","942.84","3380","0","","","","-113","-5.800000190734863","39559","1773012749829"
"4721","2026-03-08 20:32:59","25.88","57.5","942.86","3420","0","","","","-114","-9.300000190734863","39562","1773012779820"
"4722","2026-03-08 20:33:09","25.88","57.5","942.84","3420","0","","","","-114","-9","39563","1773012789829"
"4723","2026-03-08 20:33:19","25.87","57.5","942.82","3420","0","","","","-114","-6","39564","1773012799828"
"4724","2026-03-08 20:33:29","25.87","57.5","942.9","3400","0","","","","-113","-5.300000190734863","39565","1773012809831"
"4725","2026-03-08 20:33:39","25.87","57.5","942.86","3380","0","","","","-114","-9.5","39566","1773012819823"
"4726","2026-03-08 20:33:59","25.87","57.5","942.88","3380","0","","","","-114","-7.5","39568","1773012839826"
"4727","2026-03-08 20:34:09","25.87","57.5","942.94","3380","0","","","","-114","-6.5","39569","1773012849800"
"4728","2026-03-08 20:34:19","25.87","57.5","942.9","3380","0","","","","-114","-7.5","39570","1773012859821"
"4729","2026-03-08 20:34:29","25.87","57.5","942.9200000000001","3380","0","","","","-113","-2.5","39571","1773012869821"
"4730","2026-03-08 20:34:39","25.87","57.5","942.94","3400","0","","","","-111","0","39572","1773012879822"
"4731","2026-03-08 20:34:49","25.86","57.5","942.9200000000001","3400","0","","","","-112","-1.5","39573","1773012889830"
"4732","2026-03-08 20:34:59","25.87","57.5","942.96","3400","0","","","","-114","-8","39574","1773012899820"
"4733","2026-03-08 20:35:29","25.86","57.5","942.94","3380","0","","","","-113","-2","39577","1773012929819"
"4734","2026-03-08 20:35:39","25.86","57.5","942.98","3380","0","","","","-113","-4.800000190734863","39578","1773012939827"
"4735","2026-03-08 20:35:49","25.86","57.5","942.96","3400","0","","","","-114","-6.800000190734863","39579","1773012949816"
"4736","2026-03-08 20:35:59","25.86","57.5","942.94","3380","0","","","","-114","-8.300000190734863","39580","1773012959814"
"4737","2026-03-08 20:36:19","25.86","57.5","942.9200000000001","3380","0","","","","-114","-9.300000190734863","39582","1773012979822"
"4738","2026-03-08 20:36:49","25.85","57.5","942.94","3420","0","","","","-114","-6.300000190734863","39585","1773013009818"
"4739","2026-03-08 20:36:59","25.85","57.5","942.96","3380","0","","","","-113","-5.5","39586","1773013019818"
"4740","2026-03-08 20:37:09","25.85","57.5","942.98","3400","0","","","","-113","-4.5","39587","1773013029818"
"4741","2026-03-08 20:37:29","25.85","57.5","942.98","3380","0","","","","-114","-6.5","39589","1773013049815"
"4742","2026-03-08 20:38:19","25.84","57.5","942.96","3400","0","","","","-114","-5.300000190734863","39594","1773013099822"
"4743","2026-03-08 20:38:29","25.84","57.5","942.96","3420","0","","","","-114","-8.800000190734863","39595","1773013109796"
"4744","2026-03-08 20:38:59","25.84","57.5","942.96","3420","0","","","","-114","-7.5","39598","1773013139815"
"4745","2026-03-08 20:39:09","25.84","57.5","942.94","3400","0","","","","-114","-8","39599","1773013149821"
"4746","2026-03-08 20:39:19","25.84","57.5","942.96","3400","0","","","","-114","-8.5","39600","1773013159815"
"4747","2026-03-08 20:39:29","25.83","57.5","942.98","3380","0","","","","-114","-9","39601","1773013169815"
"4748","2026-03-08 20:39:39","25.83","57.5","942.98","3400","0","","","","-114","-7.300000190734863","39602","1773013179826"
"4749","2026-03-08 20:39:59","25.83","57.5","942.96","3380","0","","","","-113","-3.799999952316284","39604","1773013199816"
"4750","2026-03-08 20:40:19","25.83","57.5","943","3380","0","","","","-114","-6.800000190734863","39606","1773013219821"
"4751","2026-03-08 20:40:29","25.83","57.5","943","3420","0","","","","-114","-8.5","39607","1773013229825"
"4752","2026-03-08 20:40:39","25.83","57.5","943","3380","0","","","","-114","-6.300000190734863","39608","1773013239827"
"4753","2026-03-08 20:40:49","25.82","57.5","942.98","3380","0","","","","-114","-7","39609","1773013249825"
"4754","2026-03-08 20:40:59","25.82","57.5","942.96","3420","0","","","","-113","-2.799999952316284","39610","1773013259826"
"4755","2026-03-08 20:41:09","25.82","57.5","942.96","3400","0","","","","-112","-1.2999999523162842","39611","1773013269810"
"4756","2026-03-08 20:41:19","25.82","57.5","943.04","3380","0","","","","-114","-8.300000190734863","39612","1773013279785"
"4757","2026-03-08 20:41:29","25.82","57.5","942.96","3420","0","","","","-114","-7.5","39613","1773013289781"
"4758","2026-03-08 20:41:39","25.81","57.5","942.98","3380","0","","","","-112","-0.800000011920929","39614","1773013299818"
"4759","2026-03-08 20:41:59","25.81","57.5","942.98","3420","0","","","","-114","-6.5","39616","1773013319837"
"4760","2026-03-08 20:42:09","25.81","57.5","943","3400","0","","","","-114","-7.800000190734863","39617","1773013329818"
"4761","2026-03-08 20:42:39","25.81","57.5","943.04","3380","0","","","","-114","-6.300000190734863","39620","1773013359830"
"4762","2026-03-08 20:42:49","25.81","57.5","943","3380","0","","","","-113","-5.300000190734863","39621","1773013369813"
"4763","2026-03-08 20:42:59","25.81","57.5","943.0600000000001","3380","0","","","","-114","-6.5","39622","1773013379823"
"4764","2026-03-08 20:43:09","25.81","57.5","943.02","3380","0","","","","-114","-7","39623","1773013389825"
"4765","2026-03-08 20:43:19","25.8","57.5","943.02","3400","0","","","","-113","-3.799999952316284","39624","1773013399817"
"4766","2026-03-08 20:43:29","25.8","57.5","943.04","3420","0","","","","-114","-6.800000190734863","39625","1773013409813"
"4767","2026-03-08 20:43:39","25.8","57.5","943.0600000000001","3400","0","","","","-113","-2.799999952316284","39626","1773013419850"
"4768","2026-03-08 20:43:59","25.8","57.5","943.08","3420","0","","","","-113","-3.299999952316284","39628","1773013439820"
"4769","2026-03-08 20:44:19","25.8","57.5","943.1","3380","0","","","","-114","-7.800000190734863","39630","1773013459814"
"4770","2026-03-08 20:44:29","25.8","57.5","943.1","3380","0","","","","-114","-7.300000190734863","39631","1773013469826"
"4771","2026-03-08 20:44:39","25.8","57.5","943.08","3420","0","","","","-115","-10.300000190734863","39632","1773013479822"
"4772","2026-03-08 20:44:49","25.79","57.5","943.1","3380","0","","","","-112","-2.5","39633","1773013489826"
"4773","2026-03-08 20:44:59","25.79","57.5","943.12","3420","0","","","","-114","-5.5","39634","1773013499814"
"4774","2026-03-08 20:45:09","25.79","57.5","943.08","3380","0","","","","-114","-5.800000190734863","39635","1773013509821"
"4775","2026-03-08 20:45:39","25.78","57.5","943.14","3400","0","","","","-114","-6.300000190734863","39638","1773013539820"
"4776","2026-03-08 20:45:49","25.79","57.5","943.12","3420","0","","","","-113","-5","39639","1773013549814"
"4777","2026-03-08 20:45:59","25.78","57.5","943.12","3420","0","","","","-113","-3.799999952316284","39640","1773013559827"
"4778","2026-03-08 20:46:19","25.78","57.5","943.14","3380","0","","","","-114","-7","39642","1773013579815"
"4779","2026-03-08 20:46:29","25.78","57.5","943.1800000000001","3380","0","","","","-114","-8","39643","1773013589821"
"4780","2026-03-08 20:46:49","25.78","57.5","943.16","3420","0","","","","-111","-0.30000001192092896","39645","1773013609815"
"4781","2026-03-08 20:46:59","25.78","57.5","943.1800000000001","3380","0","","","","-114","-5.800000190734863","39646","1773013619815"
"4782","2026-03-08 20:47:09","25.78","57.5","943.16","3380","0","","","","-114","-8.300000190734863","39647","1773013629815"
"4783","2026-03-08 20:47:19","25.77","57.5","943.12","3400","0","","","","-114","-7","39648","1773013639813"
"4784","2026-03-08 20:47:29","25.77","57.5","943.12","3380","0","","","","-114","-7.800000190734863","39649","1773013649824"
"4785","2026-03-08 20:48:09","25.77","57.5","943.1800000000001","3380","0","","","","-113","-3.299999952316284","39653","1773013689816"
"4786","2026-03-08 20:48:29","25.77","57.5","943.22","3400","0","","","","-113","-3","39655","1773013709822"
"4787","2026-03-08 20:48:39","25.77","57.5","943.16","3380","0","","","","-113","-2.299999952316284","39656","1773013719817"
"4788","2026-03-08 20:48:49","25.77","57.5","943.16","3380","0","","","","-112","0","39657","1773013729850"
"4789","2026-03-08 20:48:59","25.76","57.5","943.2","3380","0","","","","-113","-4.300000190734863","39658","1773013739820"
"4790","2026-03-08 20:49:09","25.76","57.5","943.1800000000001","3400","0","","","","-114","-7.300000190734863","39659","1773013749829"
"4791","2026-03-08 20:49:19","25.76","57.5","943.22","3380","0","","","","-114","-7.300000190734863","39660","1773013759824"
"4792","2026-03-08 20:49:49","25.76","57.5","943.1800000000001","3420","0","","","","-114","-6","39663","1773013789819"
"4793","2026-03-08 20:49:59","25.75","57.5","943.2","3380","0","","","","-113","-3.799999952316284","39664","1773013799812"
"4794","2026-03-08 20:50:09","25.75","57.5","943.2","3400","0","","","","-113","-5.5","39665","1773013809823"
"4795","2026-03-08 20:50:19","25.75","57.5","943.1800000000001","3380","0","","","","-111","0","39666","1773013819812"
"4796","2026-03-08 20:50:29","25.75","57.5","943.2","3380","0","","","","-114","-7","39667","1773013829821"
"4797","2026-03-08 20:50:39","25.75","58","943.2","3380","0","","","","-112","-2.5","39668","1773013839809"
"4798","2026-03-08 20:50:49","25.75","58","943.22","3400","0","","","","-113","-5.5","39669","1773013849822"
"4799","2026-03-08 20:50:59","25.74","58","943.16","3380","0","","","","-114","-9.300000190734863","39670","1773013859796"
"4800","2026-03-08 20:51:09","25.74","57.5","943.14","3380","0","","","","-114","-5","39671","1773013869827"
"4801","2026-03-08 20:51:19","25.75","57.5","943.2","3380","0","","","","-114","-5.5","39672","1773013879821"
"4802","2026-03-08 20:51:29","25.74","57.5","943.16","3420","0","","","","-112","-1.7999999523162842","39673","1773013889796"
"4803","2026-03-08 20:51:39","25.74","58","943.1800000000001","3380","0","","","","-114","-6.5","39674","1773013899815"
"4804","2026-03-08 20:51:49","25.74","57.5","943.16","3400","0","","","","-113","-3.799999952316284","39675","1773013909851"
"4805","2026-03-08 20:51:59","25.74","57.5","943.16","3380","0","","","","-114","-6.5","39676","1773013919813"
"4806","2026-03-08 20:52:49","25.73","57.5","943.16","3380","0","","","","-114","-6.300000190734863","39681","1773013969824"
"4807","2026-03-08 20:52:59","25.73","57.5","943.14","3420","0","","","","-113","-4.5","39682","1773013979819"
"4808","2026-03-08 20:53:19","25.72","57.5","943.12","3420","0","","","","-113","-3.299999952316284","39684","1773013999835"
"4809","2026-03-08 20:53:49","25.72","57.5","943.14","3400","0","","","","-114","-9","39687","1773014029817"
"4810","2026-03-08 20:53:59","25.72","57.5","943.16","3380","0","","","","-114","-8.300000190734863","39688","1773014039818"
"4811","2026-03-08 20:54:09","25.72","58","943.14","3380","0","","","","-113","-4","39689","1773014049821"
"4812","2026-03-08 20:54:19","25.71","57.5","943.12","3400","0","","","","-114","-7.5","39690","1773014059821"
"4813","2026-03-08 20:54:29","25.71","58","943.14","3420","0","","","","-114","-7.5","39691","1773014069814"
"4814","2026-03-08 20:54:39","25.72","57.5","943.1","3380","0","","","","-114","-9.300000190734863","39692","1773014079823"
"4815","2026-03-08 20:54:49","25.71","58","943.14","3400","0","","","","-114","-7","39693","1773014089823"
"4816","2026-03-08 20:54:59","25.71","58","943.1","3420","0","","","","-113","-3.5","39694","1773014099823"
"4817","2026-03-08 20:55:09","25.71","58","943.16","3380","0","","","","-113","-3.799999952316284","39695","1773014109816"
"4818","2026-03-08 20:55:29","25.7","58","943.1800000000001","3400","0","","","","-113","-5","39697","1773014129814"
"4819","2026-03-08 20:55:39","25.71","58","943.14","3400","0","","","","-112","-1.7999999523162842","39698","1773014139827"
"4820","2026-03-08 20:55:59","25.7","58","943.12","3400","0","","","","-113","-3.5","39700","1773014159781"
"4821","2026-03-08 20:56:09","25.69","58","943.1","3380","0","","","","-112","-1","39701","1773014169816"
"4822","2026-03-08 20:56:29","25.69","58","943.12","3380","0","","","","-114","-6.800000190734863","39703","1773014189810"
"4823","2026-03-08 20:56:39","25.7","58","943.12","3380","0","","","","-114","-5.800000190734863","39704","1773014199815"
"4824","2026-03-08 20:56:59","25.69","58","943.12","3400","0","","","","-114","-9","39706","1773014219811"
"4825","2026-03-08 20:57:09","25.69","58","943.12","3420","0","","","","-111","0","39707","1773014229824"
"4826","2026-03-08 20:57:19","25.69","58","943.1800000000001","3420","0","","","","-114","-4.800000190734863","39708","1773014239816"
"4827","2026-03-08 20:57:49","25.69","58","943.14","3400","0","","","","-114","-8.5","39711","1773014269821"
"4828","2026-03-08 20:58:19","25.68","58","943.14","3400","0","","","","-114","-6.5","39714","1773014299820"
"4829","2026-03-08 20:58:29","25.68","58","943.1800000000001","3380","0","","","","-114","-7.5","39715","1773014309809"
"4830","2026-03-08 20:58:39","25.68","58","943.1","3420","0","","","","-113","-3","39716","1773014319818"
"4831","2026-03-08 20:58:49","25.68","58","943.1800000000001","3380","0","","","","-113","-4.300000190734863","39717","1773014329788"
"4832","2026-03-08 20:58:59","25.68","58","943.1800000000001","3400","0","","","","-114","-6.800000190734863","39718","1773014339784"
"4833","2026-03-08 20:59:19","25.68","58","943.1800000000001","3420","0","","","","-114","-10.5","39720","1773014359812"
"4834","2026-03-08 20:59:29","25.68","58","943.16","3380","0","","","","-113","-4.300000190734863","39721","1773014369811"
"4835","2026-03-08 20:59:39","25.68","58","943.1800000000001","3420","0","","","","-113","-2.5","39722","1773014379814"
"4836","2026-03-08 20:59:49","25.67","58","943.22","3400","0","","","","-112","-0.800000011920929","39723","1773014389816"
"4837","2026-03-08 20:59:59","25.67","58","943.16","3380","0","","","","-114","-7.800000190734863","39724","1773014399822"
"4838","2026-03-08 21:00:19","25.67","58","943.16","3420","0","","","","-114","-6.800000190734863","39726","1773014419823"
"4839","2026-03-08 21:00:39","25.67","58","943.16","3420","0","","","","-113","-3.299999952316284","39728","1773014439823"
"4840","2026-03-08 21:00:49","25.67","58","943.2","3380","0","","","","-114","-5.5","39729","1773014449816"
"4841","2026-03-08 21:01:19","25.66","58","943.16","3380","0","","","","-112","-1.5","39732","1773014479814"
"4842","2026-03-08 21:01:29","25.66","58","943.16","3420","0","","","","-113","-5.300000190734863","39733","1773014489786"
"4843","2026-03-08 21:02:09","25.66","58","943.1800000000001","3380","0","","","","-113","-4","39737","1773014529811"
"4844","2026-03-08 21:02:19","25.65","58","943.16","3420","0","","","","-113","-3.299999952316284","39738","1773014539819"
"4845","2026-03-08 21:02:29","25.65","58","943.14","3380","0","","","","-114","-6","39739","1773014549818"
"4846","2026-03-08 21:02:39","25.65","58","943.14","3400","0","","","","-114","-5","39740","1773014559819"
"4847","2026-03-08 21:02:59","25.65","58","943.2","3380","0","","","","-114","-8","39742","1773014579815"
"4848","2026-03-08 21:03:59","25.64","58","943.22","3400","0","","","","-113","-5.300000190734863","39748","1773014639811"
"4849","2026-03-08 21:04:29","25.64","58","943.22","3420","0","","","","-114","-6.5","39751","1773014669818"
"4850","2026-03-08 21:04:49","25.64","58","943.22","3380","0","","","","-114","-8","39753","1773014689822"
"4851","2026-03-08 21:04:59","25.64","58","943.2","3380","0","","","","-113","-3.299999952316284","39754","1773014699819"
"4852","2026-03-08 21:05:09","25.64","58","943.1800000000001","3400","0","","","","-114","-5.800000190734863","39755","1773014709820"
"4853","2026-03-08 21:05:19","25.64","58","943.1800000000001","3400","0","","","","-114","-6.300000190734863","39756","1773014719815"
"4854","2026-03-08 21:05:29","25.63","58","943.1800000000001","3400","0","","","","-114","-8","39757","1773014729811"
"4855","2026-03-08 21:05:39","25.63","58","943.2","3400","0","","","","-114","-6.300000190734863","39758","1773014739817"
"4856","2026-03-08 21:06:09","25.63","58","943.24","3400","0","","","","-113","-5.300000190734863","39761","1773014769815"
"4857","2026-03-08 21:06:19","25.63","58","943.2","3380","0","","","","-114","-6","39762","1773014779819"
"4858","2026-03-08 21:06:29","25.63","58","943.22","3380","0","","","","-113","-2.5","39763","1773014789807"
"4859","2026-03-08 21:06:49","25.62","58","943.24","3400","0","","","","-114","-7","39765","1773014809818"
"4860","2026-03-08 21:07:09","25.62","58","943.2","3400","0","","","","-114","-7.800000190734863","39767","1773014829817"
"4861","2026-03-08 21:07:19","25.62","58","943.28","3420","0","","","","-114","-8.5","39768","1773014839817"
"4862","2026-03-08 21:07:29","25.62","58","943.24","3380","0","","","","-113","-4.300000190734863","39769","1773014849817"
"4863","2026-03-08 21:07:39","25.62","58","943.22","3400","0","","","","-114","-6.800000190734863","39770","1773014859814"
"4864","2026-03-08 21:07:49","25.62","58","943.24","3380","0","","","","-113","-4.5","39771","1773014869806"
"4865","2026-03-08 21:07:59","25.61","58","943.28","3380","0","","","","-114","-6.5","39772","1773014879822"
"4866","2026-03-08 21:08:19","25.61","58","943.28","3380","0","","","","-114","-9.300000190734863","39774","1773014899814"
"4867","2026-03-08 21:08:39","25.61","58","943.28","3400","0","","","","-113","-3.5","39776","1773014919817"
"4868","2026-03-08 21:08:59","25.61","58","943.28","3380","0","","","","-114","-5","39778","1773014939820"
"4869","2026-03-08 21:09:19","25.6","58","943.3000000000001","3420","0","","","","-113","-4.5","39780","1773014959808"
"4870","2026-03-08 21:09:29","25.6","58","943.28","3420","0","","","","-113","-4","39781","1773014969813"
"4871","2026-03-08 21:09:39","25.6","58","943.22","3400","0","","","","-114","-6.800000190734863","39782","1773014979811"
"4872","2026-03-08 21:09:49","25.59","58","943.2","3400","0","","","","-114","-6.300000190734863","39783","1773014989812"
"4873","2026-03-08 21:09:59","25.6","58","943.22","3420","0","","","","-113","-3","39784","1773014999819"
"4874","2026-03-08 21:10:09","25.59","58","943.24","3380","0","","","","-115","-9.5","39785","1773015009818"
"4875","2026-03-08 21:10:29","25.6","58","943.26","3420","0","","","","-113","-4","39787","1773015029821"
"4876","2026-03-08 21:10:39","25.59","58","943.28","3380","0","","","","-113","-5","39788","1773015039809"
"4877","2026-03-08 21:10:49","25.59","58","943.3000000000001","3400","0","","","","-115","-8.800000190734863","39789","1773015049813"
"4878","2026-03-08 21:10:59","25.59","58","943.28","3380","0","","","","-114","-4.800000190734863","39790","1773015059817"
"4879","2026-03-08 21:11:39","25.59","58","943.28","3380","0","","","","-114","-6.5","39794","1773015099814"
"4880","2026-03-08 21:11:49","25.58","58","943.28","3380","0","","","","-113","-2.5","39795","1773015109813"
"4881","2026-03-08 21:11:59","25.59","58","943.26","3380","0","","","","-113","-5","39796","1773015119822"
"4882","2026-03-08 21:12:59","25.58","58","943.32","3420","0","","","","-114","-7.300000190734863","39802","1773015179810"
"4883","2026-03-08 21:13:09","25.58","58","943.34","3380","0","","","","-113","-5.300000190734863","39803","1773015189818"
"4884","2026-03-08 21:13:19","25.58","58","943.36","3380","0","","","","-113","-4.5","39804","1773015199808"
"4885","2026-03-08 21:13:29","25.58","58","943.3000000000001","3380","0","","","","-113","-4.5","39805","1773015209812"
"4886","2026-03-08 21:13:49","25.58","58","943.36","3380","0","","","","-113","-3.5","39807","1773015229821"
"4887","2026-03-08 21:13:59","25.57","58","943.34","3400","0","","","","-112","-1","39808","1773015239807"
"4888","2026-03-08 21:14:19","25.57","58","943.34","3380","0","","","","-114","-5.300000190734863","39810","1773015259822"
"4889","2026-03-08 21:14:49","25.56","58","943.36","3420","0","","","","-114","-4.5","39813","1773015289814"
"4890","2026-03-08 21:15:59","25.56","58","943.4","3400","0","","","","-112","-1.7999999523162842","39820","1773015359814"
"4891","2026-03-08 21:16:09","25.56","58","943.44","3400","0","","","","-113","-3.5","39821","1773015369815"
"4892","2026-03-08 21:16:19","25.56","58","943.4200000000001","3380","0","","","","-114","-3.5","39822","1773015379776"
"4893","2026-03-08 21:16:39","25.55","58","943.4200000000001","3400","0","","","","-114","-6.5","39824","1773015399808"
"4894","2026-03-08 21:16:49","25.56","58","943.44","3400","0","","","","-113","-4.800000190734863","39825","1773015409838"
"4895","2026-03-08 21:17:29","25.55","58","943.4","3400","0","","","","-114","-7.300000190734863","39829","1773015449812"
"4896","2026-03-08 21:17:59","25.55","58","943.44","3380","0","","","","-114","-9.5","39832","1773015479811"
"4897","2026-03-08 21:18:09","25.54","58","943.4200000000001","3400","0","","","","-115","-10.300000190734863","39833","1773015489807"
"4898","2026-03-08 21:18:19","25.55","58","943.4","3420","0","","","","-114","-7.300000190734863","39834","1773015499812"
"4899","2026-03-08 21:18:39","25.54","58","943.4200000000001","3420","0","","","","-114","-6.5","39836","1773015519813"
"4900","2026-03-08 21:18:49","25.54","58","943.4200000000001","3380","0","","","","-114","-7.300000190734863","39837","1773015529807"
"4901","2026-03-08 21:19:19","25.54","58","943.44","3380","0","","","","-113","-4.300000190734863","39840","1773015559810"
"4902","2026-03-08 21:19:39","25.54","58","943.48","3420","0","","","","-114","-9","39842","1773015579808"
"4903","2026-03-08 21:19:49","25.53","58","943.5","3400","0","","","","-113","-2.5","39843","1773015589813"
"4904","2026-03-08 21:19:59","25.53","58","943.44","3380","0","","","","-113","-3.799999952316284","39844","1773015599811"
"4905","2026-03-08 21:20:09","25.53","58","943.44","3420","0","","","","-112","-1.2999999523162842","39845","1773015609812"
"4906","2026-03-08 21:20:19","25.53","58","943.48","3400","0","","","","-113","-3","39846","1773015619779"
"4907","2026-03-08 21:20:29","25.53","58","943.48","3380","0","","","","-113","-5.300000190734863","39847","1773015629820"
"4908","2026-03-08 21:20:39","25.52","58","943.5","3380","0","","","","-112","-0.5","39848","1773015639811"
"4909","2026-03-08 21:20:49","25.52","58","943.5","3400","0","","","","-114","-8.5","39849","1773015649813"
"4910","2026-03-08 21:21:09","25.52","58","943.5","3380","0","","","","-114","-5.5","39851","1773015669813"
"4911","2026-03-08 21:21:19","25.52","58","943.46","3380","0","","","","-112","-1.7999999523162842","39852","1773015679781"
"4912","2026-03-08 21:21:29","25.52","58","943.48","3400","0","","","","-114","-8.300000190734863","39853","1773015689813"
"4913","2026-03-08 21:21:39","25.51","58","943.46","3380","0","","","","-114","-7.5","39854","1773015699815"
"4914","2026-03-08 21:21:49","25.52","58","943.46","3420","0","","","","-112","-2","39855","1773015709809"
"4915","2026-03-08 21:21:59","25.51","58","943.52","3380","0","","","","-113","-2","39856","1773015719815"
"4916","2026-03-08 21:22:09","25.51","58","943.5","3400","0","","","","-114","-5.800000190734863","39857","1773015729807"
"4917","2026-03-08 21:22:19","25.51","58","943.52","3380","0","","","","-114","-6.300000190734863","39858","1773015739806"
"4918","2026-03-08 21:22:39","25.51","58","943.48","3420","0","","","","-114","-6","39860","1773015759804"
"4919","2026-03-08 21:23:09","25.5","58","943.52","3400","0","","","","-114","-8.5","39863","1773015789773"
"4920","2026-03-08 21:23:39","25.5","58","943.54","3420","0","","","","-111","0","39866","1773015819806"
"4921","2026-03-08 21:23:49","25.5","58","943.52","3420","0","","","","-114","-6.800000190734863","39867","1773015829811"
"4922","2026-03-08 21:24:29","25.49","58","943.5","3380","0","","","","-115","-8.800000190734863","39871","1773015869815"
"4923","2026-03-08 21:24:39","25.49","58","943.54","3420","0","","","","-114","-7","39872","1773015879816"
"4924","2026-03-08 21:24:49","25.5","58","943.5600000000001","3380","0","","","","-114","-6","39873","1773015889814"
"4925","2026-03-08 21:24:59","25.49","58","943.58","3420","0","","","","-114","-7.800000190734863","39874","1773015899808"
"4926","2026-03-08 21:25:09","25.49","58","943.62","3380","0","","","","-114","-7.300000190734863","39875","1773015909810"
"4927","2026-03-08 21:25:19","25.49","58","943.5600000000001","3380","0","","","","-113","-5","39876","1773015919806"
"4928","2026-03-08 21:25:29","25.49","58","943.58","3380","0","","","","-114","-6.5","39877","1773015929808"
"4929","2026-03-08 21:25:59","25.48","58","943.64","3400","0","","","","-114","-8.5","39880","1773015959810"
"4930","2026-03-08 21:26:09","25.48","58","943.58","3380","0","","","","-113","-4.5","39881","1773015969816"
"4931","2026-03-08 21:26:39","25.48","58","943.62","3420","0","","","","-113","-5","39884","1773015999804"
"4932","2026-03-08 21:26:49","25.48","58","943.58","3420","0","","","","-113","-3.5","39885","1773016009811"
"4933","2026-03-08 21:26:59","25.48","58","943.58","3380","0","","","","-114","-8.300000190734863","39886","1773016019785"
"4934","2026-03-08 21:27:19","25.47","58","943.62","3380","0","","","","-114","-5.800000190734863","39888","1773016039811"
"4935","2026-03-08 21:27:29","25.47","58","943.58","3420","0","","","","-114","-9","39889","1773016049815"
"4936","2026-03-08 21:27:49","25.47","58","943.6","3420","0","","","","-112","-0.800000011920929","39891","1773016069806"
"4937","2026-03-08 21:27:59","25.47","58","943.6","3380","0","","","","-113","-4","39892","1773016079808"
"4938","2026-03-08 21:28:19","25.46","58","943.62","3380","0","","","","-113","-3.5","39894","1773016099809"
"4939","2026-03-08 21:28:29","25.46","58","943.62","3380","0","","","","-111","0.30000001192092896","39895","1773016109817"
"4940","2026-03-08 21:28:39","25.46","58","943.6","3400","0","","","","-113","-2.799999952316284","39896","1773016119808"
"4941","2026-03-08 21:28:49","25.46","58","943.64","3380","0","","","","-114","-5","39897","1773016129782"
"4942","2026-03-08 21:29:19","25.46","58","943.66","3420","0","","","","-114","-7.300000190734863","39900","1773016159810"
"4943","2026-03-08 21:29:59","25.45","58","943.62","3380","0","","","","-114","-5.800000190734863","39904","1773016199807"
"4944","2026-03-08 21:30:09","25.46","58","943.64","3380","0","","","","-113","-6","39905","1773016209818"
"4945","2026-03-08 21:30:19","25.45","58","943.6","3420","0","","","","-114","-7.300000190734863","39906","1773016219806"
"4946","2026-03-08 21:30:29","25.45","58","943.6","3400","0","","","","-115","-9","39907","1773016229814"
"4947","2026-03-08 21:30:39","25.45","58","943.58","3380","0","","","","-113","-3.5","39908","1773016239811"
"4948","2026-03-08 21:30:49","25.45","58","943.6","3400","0","","","","-114","-7","39909","1773016249803"
"4949","2026-03-08 21:30:59","25.45","58","943.6","3400","0","","","","-113","-3","39910","1773016259813"
"4950","2026-03-08 21:31:09","25.45","58","943.64","3400","0","","","","-113","-4.300000190734863","39911","1773016269841"
"4951","2026-03-08 21:31:19","25.44","58","943.6800000000001","3380","0","","","","-114","-6.300000190734863","39912","1773016279779"
"4952","2026-03-08 21:31:49","25.44","58","943.64","3420","0","","","","-112","-0.5","39915","1773016309830"
"4953","2026-03-08 21:31:59","25.45","58","943.6","3380","0","","","","-113","-4.5","39916","1773016319810"
"4954","2026-03-08 21:32:29","25.44","58","943.62","3440","0","","","","-113","-4.800000190734863","39919","1773016349781"
"4955","2026-03-08 21:32:39","25.44","58","943.64","3380","0","","","","-114","-7","39920","1773016359813"
"4956","2026-03-08 21:32:49","25.44","58","943.64","3380","0","","","","-114","-8.800000190734863","39921","1773016369807"
"4957","2026-03-08 21:32:59","25.43","58","943.64","3380","0","","","","-112","-2.799999952316284","39922","1773016379813"
"4958","2026-03-08 21:33:09","25.43","58","943.64","3380","0","","","","-113","-4.5","39923","1773016389817"
"4959","2026-03-08 21:33:19","25.43","58","943.62","3380","0","","","","-112","-2.299999952316284","39924","1773016399811"
"4960","2026-03-08 21:33:29","25.43","58","943.62","3380","0","","","","-113","-3.799999952316284","39925","1773016409819"
"4961","2026-03-08 21:33:39","25.43","58","943.66","3380","0","","","","-114","-7","39926","1773016419810"
"4962","2026-03-08 21:34:39","25.43","58","943.62","3380","0","","","","-112","-2.799999952316284","39932","1773016479810"
"4963","2026-03-08 21:34:59","25.43","58","943.66","3420","0","","","","-113","-5.5","39934","1773016499817"
"4964","2026-03-08 21:35:19","25.43","58","943.66","3400","0","","","","-114","-7.300000190734863","39936","1773016519814"
"4965","2026-03-08 21:35:39","25.42","58","943.7","3400","0","","","","-113","-3.5","39938","1773016539810"
"4966","2026-03-08 21:35:49","25.42","58","943.64","3400","0","","","","-114","-7.300000190734863","39939","1773016549813"
"4967","2026-03-08 21:36:09","25.42","58","943.64","3400","0","","","","-114","-9","39941","1773016569809"
"4968","2026-03-08 21:36:29","25.42","58","943.64","3400","0","","","","-114","-8","39943","1773016589808"
"4969","2026-03-08 21:36:39","25.42","58","943.64","3380","0","","","","-113","-3.299999952316284","39944","1773016599816"
"4970","2026-03-08 21:36:59","25.41","58","943.6800000000001","3380","0","","","","-114","-7.300000190734863","39946","1773016619800"
"4971","2026-03-08 21:37:19","25.41","58","943.66","3380","0","","","","-114","-9.300000190734863","39948","1773016639814"
"4972","2026-03-08 21:37:29","25.41","58","943.64","3380","0","","","","-114","-7.5","39949","1773016649804"
"4973","2026-03-08 21:37:39","25.41","58","943.6800000000001","3380","0","","","","-113","-4","39950","1773016659807"
"4974","2026-03-08 21:37:49","25.41","58","943.6800000000001","3420","0","","","","-113","-3.799999952316284","39951","1773016669808"
"4975","2026-03-08 21:37:59","25.41","58","943.74","3420","0","","","","-114","-6.300000190734863","39952","1773016679815"
"4976","2026-03-08 21:38:09","25.4","58","943.64","3380","0","","","","-114","-5","39953","1773016689809"
"4977","2026-03-08 21:38:29","25.41","58","943.62","3420","0","","","","-114","-5.300000190734863","39955","1773016709812"
"4978","2026-03-08 21:38:39","25.4","58","943.6800000000001","3400","0","","","","-114","-8.300000190734863","39956","1773016719819"
"4979","2026-03-08 21:38:59","25.4","58","943.7","3380","0","","","","-113","-4.800000190734863","39958","1773016739810"
"4980","2026-03-08 21:39:09","25.4","58","943.64","3420","0","","","","-113","-4","39959","1773016749785"
"4981","2026-03-08 21:39:39","25.39","58","943.6800000000001","3420","0","","","","-114","-4.800000190734863","39962","1773016779807"
"4982","2026-03-08 21:39:49","25.39","58","943.64","3400","0","","","","-114","-6.5","39963","1773016789803"
"4983","2026-03-08 21:39:59","25.39","58","943.64","3400","0","","","","-114","-8","39964","1773016799806"
"4984","2026-03-08 21:40:09","25.39","58","943.64","3380","0","","","","-114","-6.300000190734863","39965","1773016809806"
"4985","2026-03-08 21:40:29","25.39","58","943.66","3380","0","","","","-114","-8","39967","1773016829809"
"4986","2026-03-08 21:40:49","25.39","58","943.7","3400","0","","","","-114","-5.5","39969","1773016849805"
"4987","2026-03-08 21:41:19","25.38","58","943.66","3380","0","","","","-112","-2.299999952316284","39972","1773016879798"
"4988","2026-03-08 21:41:29","25.39","58","943.66","3420","0","","","","-114","-8.5","39973","1773016889776"
"4989","2026-03-08 21:41:39","25.38","58","943.72","3400","0","","","","-113","-5","39974","1773016899809"
"4990","2026-03-08 21:41:49","25.38","58","943.7","3420","0","","","","-111","0.5","39975","1773016909809"
"4991","2026-03-08 21:41:59","25.38","58","943.66","3420","0","","","","-113","-4","39976","1773016919810"
"4992","2026-03-08 21:42:09","25.38","58","943.72","3420","0","","","","-113","-4.300000190734863","39977","1773016929807"
"4993","2026-03-08 21:42:19","25.38","58","943.74","3400","0","","","","-114","-7.5","39978","1773016939805"
"4994","2026-03-08 21:42:29","25.38","58","943.7","3420","0","","","","-114","-7.300000190734863","39979","1773016949834"
"4995","2026-03-08 21:42:49","25.38","58","943.7","3380","0","","","","-114","-6.800000190734863","39981","1773016969801"
"4996","2026-03-08 21:42:59","25.38","58","943.7","3400","0","","","","-113","-4.300000190734863","39982","1773016979807"
"4997","2026-03-08 21:43:09","25.38","58","943.7","3420","0","","","","-113","-2","39983","1773016989807"
"4998","2026-03-08 21:43:49","25.37","58","943.72","3400","0","","","","-113","-4","39987","1773017029805"
"4999","2026-03-08 21:43:59","25.37","58","943.72","3420","0","","","","-114","-7.5","39988","1773017039806"
"5000","2026-03-08 21:44:09","25.38","58","943.72","3400","0","","","","-114","-8.800000190734863","39989","1773017049812"
"5001","2026-03-08 21:44:19","25.38","58","943.6800000000001","3420","0","","","","-114","-7.800000190734863","39990","1773017059812"
"5002","2026-03-08 21:44:29","25.37","58","943.66","3380","0","","","","-113","-4","39991","1773017069808"
"5003","2026-03-08 21:44:59","25.37","58","943.7","3380","0","","","","-112","-1.7999999523162842","39994","1773017099803"
"5004","2026-03-08 21:45:09","25.37","58","943.66","3420","0","","","","-113","-4.800000190734863","39995","1773017109811"
"5005","2026-03-08 21:45:29","25.37","58","943.7","3380","0","","","","-114","-6","39997","1773017129804"
"5006","2026-03-08 21:45:39","25.37","58","943.76","3420","0","","","","-114","-7.800000190734863","39998","1773017139809"
"5007","2026-03-08 21:45:49","25.37","58","943.6800000000001","3420","0","","","","-113","-2.799999952316284","39999","1773017149805"
"5008","2026-03-08 21:45:59","25.37","58","943.7","3400","0","","","","-113","-5","40000","1773017159813"
"5009","2026-03-08 21:46:09","25.37","58","943.6800000000001","3420","0","","","","-113","-5","40001","1773017169805"
"5010","2026-03-08 21:46:59","25.37","58","943.6800000000001","3420","0","","","","-113","-3","40006","1773017219801"
"5011","2026-03-08 21:47:09","25.37","58","943.66","3400","0","","","","-113","-4","40007","1773017229777"
"5012","2026-03-08 21:47:19","25.37","58","943.72","3380","0","","","","-112","-2.5","40008","1773017239776"
"5013","2026-03-08 21:47:29","25.36","58","943.64","3380","0","","","","-115","-8.800000190734863","40009","1773017249800"
"5014","2026-03-08 21:47:49","25.36","58","943.6800000000001","3400","0","","","","-113","-2","40011","1773017269807"
"5015","2026-03-08 21:47:59","25.36","58","943.7","3380","0","","","","-114","-7.300000190734863","40012","1773017279814"
"5016","2026-03-08 21:48:09","25.36","58","943.6","3400","0","","","","-114","-6.5","40013","1773017289806"
"5017","2026-03-08 21:48:19","25.36","58","943.6800000000001","3420","0","","","","-114","-5.800000190734863","40014","1773017299811"
"5018","2026-03-08 21:48:49","25.36","58","943.6800000000001","3420","0","","","","-114","-7.5","40017","1773017329811"
"5019","2026-03-08 21:49:09","25.36","58","943.64","3420","0","","","","-114","-6.300000190734863","40019","1773017349803"
"5020","2026-03-08 21:49:19","25.35","58","943.64","3380","0","","","","-112","-1","40020","1773017359811"
"5021","2026-03-08 21:49:29","25.36","58","943.6","3400","0","","","","-114","-8.800000190734863","40021","1773017369803"
"5022","2026-03-08 21:49:39","25.36","58","943.6","3380","0","","","","-113","-3.799999952316284","40022","1773017379803"
"5023","2026-03-08 21:50:39","25.35","58","943.62","3420","0","","","","-111","0.800000011920929","40028","1773017439803"
"5024","2026-03-08 21:50:49","25.36","58","943.58","3380","0","","","","-112","-1","40029","1773017449804"
"5025","2026-03-08 21:50:59","25.36","58","943.66","3380","0","","","","-113","-5.5","40030","1773017459802"
"5026","2026-03-08 21:51:09","25.36","58","943.62","3400","0","","","","-112","-2","40031","1773017469807"
"5027","2026-03-08 21:51:19","25.36","58","943.64","3400","0","","","","-114","-7","40032","1773017479809"
"5028","2026-03-08 21:51:29","25.36","58","943.62","3400","0","","","","-112","-2.5","40033","1773017489771"
"5029","2026-03-08 21:51:59","25.35","58","943.64","3420","0","","","","-114","-7","40036","1773017519805"
"5030","2026-03-08 21:52:09","25.35","58","943.64","3420","0","","","","-114","-9.300000190734863","40037","1773017529811"
"5031","2026-03-08 21:52:29","25.35","58","943.62","3380","0","","","","-110","1","40039","1773017549801"
"5032","2026-03-08 21:52:39","25.35","58","943.62","3420","0","","","","-113","-2.799999952316284","40040","1773017559794"
"5033","2026-03-08 21:53:09","25.35","58","943.66","3380","0","","","","-114","-5","40043","1773017589945"
"5034","2026-03-08 21:53:39","25.35","58","943.62","3420","0","","","","-114","-6.5","40046","1773017619807"
"5035","2026-03-08 21:53:59","25.35","58","943.62","3380","0","","","","-113","-3.299999952316284","40048","1773017639802"
"5036","2026-03-08 21:54:09","25.35","58","943.62","3420","0","","","","-113","-4.300000190734863","40049","1773017649809"
"5037","2026-03-08 21:54:19","25.34","58","943.64","3380","0","","","","-114","-7.5","40050","1773017659798"
"5038","2026-03-08 21:54:49","25.35","58","943.62","3400","0","","","","-114","-6.5","40053","1773017689802"
"5039","2026-03-08 21:54:59","25.34","58","943.6800000000001","3380","0","","","","-113","-4.5","40054","1773017699811"
"5040","2026-03-08 21:55:19","25.35","58","943.62","3380","0","","","","-112","-2","40056","1773017719803"
"5041","2026-03-08 21:55:29","25.34","58","943.62","3420","0","","","","-113","-5","40057","1773017729807"
"5042","2026-03-08 21:55:49","25.34","58","943.62","3400","0","","","","-114","-6","40059","1773017749770"
"5043","2026-03-08 21:55:59","25.34","58","943.64","3400","0","","","","-114","-8.300000190734863","40060","1773017759804"
"5044","2026-03-08 21:56:09","25.35","58","943.66","3400","0","","","","-113","-5.300000190734863","40061","1773017769811"
"5045","2026-03-08 21:56:19","25.34","58","943.62","3420","0","","","","-114","-5.5","40062","1773017779804"
"5046","2026-03-08 21:56:39","25.34","58","943.62","3380","0","","","","-114","-8.300000190734863","40064","1773017799807"
"5047","2026-03-08 21:56:49","25.34","58","943.62","3380","0","","","","-113","-3","40065","1773017809802"
"5048","2026-03-08 21:56:59","25.34","58","943.6800000000001","3420","0","","","","-113","-4.5","40066","1773017819804"
"5049","2026-03-08 21:57:19","25.34","58","943.6800000000001","3420","0","","","","-110","2.299999952316284","40068","1773017839810"
"5050","2026-03-08 21:57:39","25.34","58","943.6800000000001","3400","0","","","","-113","-3.799999952316284","40070","1773017859807"
"5051","2026-03-08 21:57:59","25.33","58","943.66","3400","0","","","","-112","-3","40072","1773017879808"
"5052","2026-03-08 21:58:29","25.33","58","943.66","3400","0","","","","-113","-5.300000190734863","40075","1773017909811"
"5053","2026-03-08 21:58:39","25.33","58","943.66","3420","0","","","","-113","-2","40076","1773017919807"
"5054","2026-03-08 21:58:49","25.33","58","943.62","3380","0","","","","-112","-2.5","40077","1773017929802"
"5055","2026-03-08 21:58:59","25.33","58","943.66","3420","0","","","","-114","-7","40078","1773017939807"
"5056","2026-03-08 21:59:19","25.33","58","943.64","3420","0","","","","-114","-7.5","40080","1773017959807"
"5057","2026-03-08 21:59:29","25.33","58","943.66","3400","0","","","","-113","-4.300000190734863","40081","1773017969800"
"5058","2026-03-08 21:59:39","25.33","58","943.64","3400","0","","","","-114","-7","40082","1773017979801"
"5059","2026-03-08 21:59:49","25.33","58","943.6800000000001","3420","0","","","","-112","-0.5","40083","1773017989800"
"5060","2026-03-08 21:59:59","25.33","58","943.64","3400","0","","","","-113","-4.5","40084","1773017999803"
"5061","2026-03-08 22:00:09","25.32","58","943.64","3400","0","","","","-114","-6","40085","1773018009809"
"5062","2026-03-08 22:00:19","25.33","58","943.66","3380","0","","","","-114","-6.300000190734863","40086","1773018019807"
"5063","2026-03-08 22:00:39","25.32","58","943.66","3380","0","","","","-113","-3.5","40088","1773018039797"
"5064","2026-03-08 22:00:49","25.32","58","943.7","3380","0","","","","-114","-7","40089","1773018049796"
"5065","2026-03-08 22:00:59","25.32","58","943.7","3380","0","","","","-114","-5.800000190734863","40090","1773018059799"
"5066","2026-03-08 22:01:09","25.33","58","943.64","3400","0","","","","-114","-7.800000190734863","40091","1773018069803"
"5067","2026-03-08 22:01:19","25.33","58","943.7","3380","0","","","","-112","-1.5","40092","1773018079798"
"5068","2026-03-08 22:01:59","25.32","58","943.72","3380","0","","","","-113","-2.799999952316284","40096","1773018119798"
"5069","2026-03-08 22:02:09","25.32","58","943.7","3380","0","","","","-113","-4.800000190734863","40097","1773018129798"
"5070","2026-03-08 22:02:19","25.32","58","943.6800000000001","3420","0","","","","-114","-8.300000190734863","40098","1773018139770"
"5071","2026-03-08 22:02:39","25.32","58","943.66","3420","0","","","","-114","-7.5","40100","1773018159801"
"5072","2026-03-08 22:02:49","25.32","58","943.66","3420","0","","","","-112","-2.299999952316284","40101","1773018169793"
"5073","2026-03-08 22:03:09","25.32","58","943.6800000000001","3380","0","","","","-113","-5.5","40103","1773018189799"
"5074","2026-03-08 22:03:29","25.32","58","943.6800000000001","3420","0","","","","-114","-9","40105","1773018209803"
"5075","2026-03-08 22:03:59","25.31","58","943.66","3420","0","","","","-114","-9","40108","1773018239770"
"5076","2026-03-08 22:04:29","25.31","58","943.6800000000001","3380","0","","","","-114","-5.800000190734863","40111","1773018269808"
"5077","2026-03-08 22:04:39","25.31","58","943.7","3380","0","","","","-112","-3","40112","1773018279805"
"5078","2026-03-08 22:04:49","25.31","58","943.72","3380","0","","","","-114","-6.5","40113","1773018289795"
"5079","2026-03-08 22:04:59","25.31","58","943.6800000000001","3380","0","","","","-114","-6.5","40114","1773018299812"
"5080","2026-03-08 22:05:09","25.31","58","943.7","3380","0","","","","-114","-8","40115","1773018309803"
"5081","2026-03-08 22:05:29","25.3","58","943.7","3400","0","","","","-112","-2","40117","1773018329806"
"5082","2026-03-08 22:05:39","25.3","58","943.6800000000001","3420","0","","","","-112","-1.2999999523162842","40118","1773018339806"
"5083","2026-03-08 22:05:49","25.3","58","943.64","3400","0","","","","-114","-7.800000190734863","40119","1773018349791"
"5084","2026-03-08 22:05:59","25.3","58","943.74","3420","0","","","","-114","-7.800000190734863","40120","1773018359800"
"5085","2026-03-08 22:06:19","25.3","58","943.7","3400","0","","","","-112","-1","40122","1773018379776"
"5086","2026-03-08 22:06:39","25.3","58","943.72","3380","0","","","","-113","-4.300000190734863","40124","1773018399810"
"5087","2026-03-08 22:06:49","25.3","58","943.6800000000001","3400","0","","","","-112","-2.5","40125","1773018409803"
"5088","2026-03-08 22:06:59","25.3","58","943.74","3380","0","","","","-113","-6.800000190734863","40126","1773018419800"
"5089","2026-03-08 22:07:09","25.29","58","943.7","3420","0","","","","-112","-1.5","40127","1773018429811"
"5090","2026-03-08 22:07:29","25.29","58","943.74","3380","0","","","","-114","-9.5","40129","1773018449800"
"5091","2026-03-08 22:07:39","25.29","58","943.6800000000001","3380","0","","","","-113","-3.799999952316284","40130","1773018459765"
"5092","2026-03-08 22:07:49","25.29","58","943.74","3380","0","","","","-114","-6.800000190734863","40131","1773018469791"
"5093","2026-03-08 22:08:09","25.29","58","943.8000000000001","3400","0","","","","-114","-6.5","40133","1773018489801"
"5094","2026-03-08 22:08:19","25.29","58","943.72","3380","0","","","","-113","-4.800000190734863","40134","1773018499798"
"5095","2026-03-08 22:08:29","25.29","58","943.74","3400","0","","","","-112","-2","40135","1773018509808"
"5096","2026-03-08 22:08:39","25.29","58","943.72","3380","0","","","","-114","-8.300000190734863","40136","1773018519798"
"5097","2026-03-08 22:08:49","25.29","58","943.72","3380","0","","","","-114","-7","40137","1773018529807"
"5098","2026-03-08 22:09:09","25.28","58","943.7","3400","0","","","","-113","-3.299999952316284","40139","1773018549802"
"5099","2026-03-08 22:09:39","25.28","58","943.76","3380","0","","","","-112","-2","40142","1773018579797"
"5100","2026-03-08 22:09:49","25.28","58","943.74","3420","0","","","","-114","-8","40143","1773018589803"
"5101","2026-03-08 22:09:59","25.28","58","943.74","3380","0","","","","-114","-8.300000190734863","40144","1773018599800"
"5102","2026-03-08 22:10:19","25.28","58","943.76","3380","0","","","","-114","-5.300000190734863","40146","1773018619800"
"5103","2026-03-08 22:10:29","25.28","58","943.72","3380","0","","","","-114","-9","40147","1773018629798"
"5104","2026-03-08 22:10:39","25.28","58","943.78","3380","0","","","","-114","-7.800000190734863","40148","1773018639797"
"5105","2026-03-08 22:10:49","25.28","58","943.8000000000001","3400","0","","","","-112","-1.2999999523162842","40149","1773018649801"
"5106","2026-03-08 22:10:59","25.28","58","943.74","3400","0","","","","-114","-6.300000190734863","40150","1773018659806"
"5107","2026-03-08 22:11:19","25.27","58","943.74","3380","0","","","","-114","-6.800000190734863","40152","1773018679791"
"5108","2026-03-08 22:11:49","25.27","58","943.76","3400","0","","","","-113","-4","40155","1773018709798"
"5109","2026-03-08 22:12:19","25.27","58","943.74","3380","0","","","","-113","-3","40158","1773018739803"
"5110","2026-03-08 22:12:39","25.27","58","943.78","3420","0","","","","-113","-3.799999952316284","40160","1773018759801"
"5111","2026-03-08 22:12:49","25.27","58.5","943.74","3380","0","","","","-114","-8.800000190734863","40161","1773018769804"
"5112","2026-03-08 22:12:59","25.26","58","943.76","3400","0","","","","-114","-5.800000190734863","40162","1773018779807"
"5113","2026-03-08 22:13:09","25.26","58","943.78","3400","0","","","","-114","-8","40163","1773018789799"
"5114","2026-03-08 22:13:19","25.27","58","943.76","3380","0","","","","-114","-6.300000190734863","40164","1773018799821"
"5115","2026-03-08 22:13:29","25.26","58","943.76","3400","0","","","","-114","-8.800000190734863","40165","1773018809798"
"5116","2026-03-08 22:13:39","25.26","58","943.82","3380","0","","","","-114","-6.300000190734863","40166","1773018819797"
"5117","2026-03-08 22:13:49","25.26","58","943.8000000000001","3420","0","","","","-114","-4.800000190734863","40167","1773018829845"
"5118","2026-03-08 22:13:59","25.26","58","943.8000000000001","3400","0","","","","-114","-6.300000190734863","40168","1773018839798"
"5119","2026-03-08 22:14:29","25.26","58","943.8000000000001","3400","0","","","","-114","-8.800000190734863","40171","1773018869801"
"5120","2026-03-08 22:14:39","25.26","58","943.82","3400","0","","","","-114","-7","40172","1773018879810"
"5121","2026-03-08 22:14:49","25.26","58","943.84","3420","0","","","","-112","-1.5","40173","1773018889774"
"5122","2026-03-08 22:15:09","25.26","58","943.78","3420","0","","","","-114","-7","40175","1773018909800"
"5123","2026-03-08 22:15:29","25.25","58","943.78","3380","0","","","","-114","-8.800000190734863","40177","1773018929791"
"5124","2026-03-08 22:15:49","25.25","58","943.82","3400","0","","","","-114","-7.5","40179","1773018949765"
"5125","2026-03-08 22:15:59","25.26","58","943.8000000000001","3400","0","","","","-113","-3","40180","1773018959800"
"5126","2026-03-08 22:16:09","25.25","58","943.8000000000001","3400","0","","","","-113","-5.800000190734863","40181","1773018969804"
"5127","2026-03-08 22:16:29","25.25","58","943.76","3380","0","","","","-114","-9.5","40183","1773018989784"
"5128","2026-03-08 22:16:39","25.25","58","943.8000000000001","3420","0","","","","-113","-2.299999952316284","40184","1773018999801"
"5129","2026-03-08 22:16:49","25.25","58","943.8000000000001","3380","0","","","","-114","-7.300000190734863","40185","1773019009765"
"5130","2026-03-08 22:17:09","25.25","58","943.8000000000001","3380","0","","","","-114","-7","40187","1773019029806"
"5131","2026-03-08 22:17:29","25.25","58","943.78","3380","0","","","","-112","-1.5","40189","1773019049798"
"5132","2026-03-08 22:17:49","25.24","58","943.8000000000001","3400","0","","","","-113","-2.5","40191","1773019069792"
"5133","2026-03-08 22:18:19","25.25","58.5","943.82","3380","0","","","","-113","-4.300000190734863","40194","1773019099804"
"5134","2026-03-08 22:18:39","25.24","58","943.8000000000001","3380","0","","","","-114","-6.300000190734863","40196","1773019119800"
"5135","2026-03-08 22:18:49","25.24","58.5","943.84","3420","0","","","","-113","-4","40197","1773019129804"
"5136","2026-03-08 22:19:09","25.24","58","943.78","3400","0","","","","-114","-7","40199","1773019149805"
"5137","2026-03-08 22:19:29","25.24","58","943.8000000000001","3420","0","","","","-114","-6","40201","1773019169798"
"5138","2026-03-08 22:19:49","25.24","58.5","943.84","3380","0","","","","-111","0.30000001192092896","40203","1773019189817"
"5139","2026-03-08 22:19:59","25.24","58","943.78","3420","0","","","","-115","-9","40204","1773019199802"
"5140","2026-03-08 22:20:09","25.23","58","943.78","3380","0","","","","-112","-0.5","40205","1773019209793"
"5141","2026-03-08 22:20:19","25.23","58","943.82","3380","0","","","","-113","-4.300000190734863","40206","1773019219799"
"5142","2026-03-08 22:20:59","25.23","58","943.84","3380","0","","","","-113","-3","40210","1773019259795"
"5143","2026-03-08 22:21:19","25.23","58.5","943.8000000000001","3380","0","","","","-114","-6","40212","1773019279806"
"5144","2026-03-08 22:21:29","25.23","58","943.84","3380","0","","","","-114","-7.800000190734863","40213","1773019289803"
"5145","2026-03-08 22:21:49","25.23","58","943.82","3380","0","","","","-114","-8","40215","1773019309794"
"5146","2026-03-08 22:21:59","25.23","58","943.84","3380","0","","","","-113","-3.799999952316284","40216","1773019319770"
"5147","2026-03-08 22:22:09","25.23","58","943.82","3380","0","","","","-112","-0.30000001192092896","40217","1773019329768"
"5148","2026-03-08 22:22:19","25.23","58.5","943.9","3420","0","","","","-114","-6.300000190734863","40218","1773019339795"
"5149","2026-03-08 22:22:39","25.22","58.5","943.84","3380","0","","","","-112","-2.5","40220","1773019359798"
"5150","2026-03-08 22:22:49","25.23","58.5","943.86","3380","0","","","","-113","-5","40221","1773019369797"
"5151","2026-03-08 22:23:09","25.22","58","943.82","3380","0","","","","-114","-10","40223","1773019389794"
"5152","2026-03-08 22:23:39","25.22","58","943.84","3400","0","","","","-114","-6","40226","1773019419805"
"5153","2026-03-08 22:23:59","25.22","58","943.88","3380","0","","","","-113","-4.5","40228","1773019439794"
"5154","2026-03-08 22:24:09","25.21","58","943.9","3380","0","","","","-114","-6.5","40229","1773019449796"
"5155","2026-03-08 22:24:19","25.21","58","943.88","3420","0","","","","-113","-3.299999952316284","40230","1773019459796"
"5156","2026-03-08 22:24:29","25.21","58","943.88","3380","0","","","","-114","-5.800000190734863","40231","1773019469804"
"5157","2026-03-08 22:24:39","25.21","58.5","943.94","3420","0","","","","-114","-7","40232","1773019479791"
"5158","2026-03-08 22:25:19","25.21","58.5","943.84","3380","0","","","","-114","-7.5","40236","1773019519807"
"5159","2026-03-08 22:25:59","25.2","58.5","943.84","3420","0","","","","-114","-6","40240","1773019559795"
"5160","2026-03-08 22:26:09","25.2","58.5","943.88","3420","0","","","","-114","-8","40241","1773019569804"
"5161","2026-03-08 22:26:19","25.2","58.5","943.88","3380","0","","","","-114","-6.5","40242","1773019579795"
"5162","2026-03-08 22:26:49","25.2","58.5","943.9200000000001","3380","0","","","","-114","-6.800000190734863","40245","1773019609792"
"5163","2026-03-08 22:26:59","25.2","58.5","943.88","3380","0","","","","-114","-7","40246","1773019619799"
"5164","2026-03-08 22:27:09","25.2","58.5","943.88","3380","0","","","","-115","-8.5","40247","1773019629839"
"5165","2026-03-08 22:27:29","25.19","58.5","943.94","3380","0","","","","-114","-6.300000190734863","40249","1773019649794"
"5166","2026-03-08 22:27:39","25.19","58.5","943.94","3380","0","","","","-112","-2","40250","1773019659790"
"5167","2026-03-08 22:28:09","25.19","58.5","943.96","3400","0","","","","-114","-5.5","40253","1773019689804"
"5168","2026-03-08 22:28:19","25.19","58.5","943.98","3380","0","","","","-114","-6.800000190734863","40254","1773019699795"
"5169","2026-03-08 22:28:49","25.19","58.5","943.94","3400","0","","","","-114","-9.300000190734863","40257","1773019729800"
"5170","2026-03-08 22:29:19","25.19","58.5","943.96","3400","0","","","","-113","-3.299999952316284","40260","1773019759799"
"5171","2026-03-08 22:29:29","25.19","58.5","943.96","3380","0","","","","-114","-7","40261","1773019769802"
"5172","2026-03-08 22:29:39","25.19","58.5","943.96","3380","0","","","","-112","-1.5","40262","1773019779797"
"5173","2026-03-08 22:29:49","25.18","58.5","943.94","3380","0","","","","-114","-7.300000190734863","40263","1773019789800"
"5174","2026-03-08 22:29:59","25.18","58.5","943.96","3380","0","","","","-114","-8.800000190734863","40264","1773019799788"
"5175","2026-03-08 22:30:09","25.18","58.5","943.96","3420","0","","","","-112","-2","40265","1773019809794"
"5176","2026-03-08 22:30:19","25.18","58.5","943.98","3380","0","","","","-113","-4","40266","1773019819793"
"5177","2026-03-08 22:31:09","25.17","58.5","943.96","3380","0","","","","-114","-9.800000190734863","40271","1773019869793"
"5178","2026-03-08 22:31:19","25.17","58.5","943.94","3380","0","","","","-114","-7.300000190734863","40272","1773019879793"
"5179","2026-03-08 22:31:29","25.17","58.5","943.94","3380","0","","","","-114","-8.300000190734863","40273","1773019889801"
"5180","2026-03-08 22:31:39","25.16","58.5","943.96","3380","0","","","","-114","-7.5","40274","1773019899796"
"5181","2026-03-08 22:31:49","25.16","58.5","943.94","3400","0","","","","-113","-4.5","40275","1773019909796"
"5182","2026-03-08 22:32:09","25.16","58.5","943.96","3380","0","","","","-114","-7.300000190734863","40277","1773019929800"
"5183","2026-03-08 22:32:19","25.16","58.5","943.98","3380","0","","","","-112","-1.5","40278","1773019939759"
"5184","2026-03-08 22:32:29","25.16","58.5","943.96","3400","0","","","","-113","-3.799999952316284","40279","1773019949795"
"5185","2026-03-08 22:32:39","25.15","58.5","943.96","3380","0","","","","-112","-0.5","40280","1773019959794"
"5186","2026-03-08 22:32:49","25.15","58.5","944","3380","0","","","","-112","-2.799999952316284","40281","1773019969794"
"5187","2026-03-08 22:32:59","25.15","58.5","944","3380","0","","","","-113","-2","40282","1773019979800"
"5188","2026-03-08 22:33:09","25.15","58.5","943.94","3400","0","","","","-114","-6.5","40283","1773019989799"
"5189","2026-03-08 22:33:39","25.15","58.5","944.02","3380","0","","","","-113","-4.300000190734863","40286","1773020019790"
"5190","2026-03-08 22:33:59","25.14","58.5","943.98","3420","0","","","","-114","-6.300000190734863","40288","1773020039794"
"5191","2026-03-08 22:34:29","25.14","58.5","944","3380","0","","","","-113","-3.299999952316284","40291","1773020069772"
"5192","2026-03-08 22:34:49","25.13","58.5","944.04","3380","0","","","","-114","-6","40293","1773020089800"
"5193","2026-03-08 22:35:09","25.14","58.5","944.04","3380","0","","","","-113","-5.300000190734863","40295","1773020109793"
"5194","2026-03-08 22:35:29","25.13","58.5","944","3400","0","","","","-114","-5.5","40297","1773020129790"
"5195","2026-03-08 22:35:39","25.13","58.5","944.04","3420","0","","","","-114","-7.300000190734863","40298","1773020139801"
"5196","2026-03-08 22:35:49","25.13","58.5","944","3380","0","","","","-114","-8.5","40299","1773020149758"
"5197","2026-03-08 22:36:59","25.12","58.5","944.0600000000001","3380","0","","","","-113","-3","40306","1773020219792"
"5198","2026-03-08 22:37:09","25.12","58.5","944.04","3380","0","","","","-114","-8.300000190734863","40307","1773020229798"
"5199","2026-03-08 22:37:19","25.12","58.5","944.0600000000001","3380","0","","","","-114","-7","40308","1773020239768"
"5200","2026-03-08 22:37:49","25.12","58.5","944.08","3380","0","","","","-113","-3.799999952316284","40311","1773020269793"
"5201","2026-03-08 22:37:59","25.12","58.5","944.0600000000001","3420","0","","","","-113","-4","40312","1773020279805"
"5202","2026-03-08 22:38:09","25.11","58.5","944.04","3420","0","","","","-113","-4.800000190734863","40313","1773020289780"
"5203","2026-03-08 22:38:29","25.12","58.5","944.0600000000001","3400","0","","","","-114","-8.800000190734863","40315","1773020309801"
"5204","2026-03-08 22:38:39","25.11","58.5","944.02","3380","0","","","","-114","-7","40316","1773020319797"
"5205","2026-03-08 22:38:49","25.11","58.5","944.04","3380","0","","","","-113","-3","40317","1773020329795"
"5206","2026-03-08 22:39:09","25.11","58.5","944.04","3380","0","","","","-114","-6","40319","1773020349788"
"5207","2026-03-08 22:39:19","25.1","58.5","944.04","3400","0","","","","-114","-7","40320","1773020359797"
"5208","2026-03-08 22:39:29","25.11","58.5","944.02","3420","0","","","","-113","-4","40321","1773020369800"
"5209","2026-03-08 22:39:49","25.11","58.5","944.04","3420","0","","","","-114","-9.5","40323","1773020389794"
"5210","2026-03-08 22:39:59","25.11","58.5","944.04","3400","0","","","","-114","-8","40324","1773020399795"
"5211","2026-03-08 22:40:09","25.1","58.5","944","3400","0","","","","-114","-8.800000190734863","40325","1773020409798"
"5212","2026-03-08 22:40:19","25.1","58.5","944.02","3400","0","","","","-113","-4.300000190734863","40326","1773020419785"
"5213","2026-03-08 22:40:29","25.1","58.5","944","3380","0","","","","-113","-5.5","40327","1773020429801"
"5214","2026-03-08 22:41:39","25.09","58.5","944.04","3380","0","","","","-114","-6","40334","1773020499786"
"5215","2026-03-08 22:41:49","25.09","58.5","944.08","3380","0","","","","-114","-6.300000190734863","40335","1773020509786"
"5216","2026-03-08 22:42:09","25.09","58.5","944.08","3380","0","","","","-113","-3.5","40337","1773020529788"
"5217","2026-03-08 22:42:19","25.09","58.5","944.0600000000001","3400","0","","","","-114","-6","40338","1773020539794"
"5218","2026-03-08 22:42:29","25.08","58.5","944.0600000000001","3380","0","","","","-113","-5.5","40339","1773020549793"
"5219","2026-03-08 22:42:39","25.08","58.5","944.02","3380","0","","","","-114","-6.300000190734863","40340","1773020559791"
"5220","2026-03-08 22:42:49","25.08","58.5","944.0600000000001","3400","0","","","","-113","-4","40341","1773020569792"
"5221","2026-03-08 22:43:19","25.08","58.5","944.0600000000001","3380","0","","","","-114","-6","40344","1773020599802"
"5222","2026-03-08 22:43:39","25.08","58.5","944.08","3380","0","","","","-112","-1.2999999523162842","40346","1773020619793"
"5223","2026-03-08 22:43:49","25.07","58.5","944.08","3380","0","","","","-112","-2.299999952316284","40347","1773020629788"
"5224","2026-03-08 22:43:59","25.07","58.5","944.1","3380","0","","","","-114","-6","40348","1773020639792"
"5225","2026-03-08 22:44:19","25.07","58.5","944.0600000000001","3420","0","","","","-113","-3.299999952316284","40350","1773020659799"
"5226","2026-03-08 22:44:29","25.07","58.5","944.08","3400","0","","","","-114","-7.5","40351","1773020669795"
"5227","2026-03-08 22:44:39","25.06","58.5","944.0600000000001","3400","0","","","","-115","-9.300000190734863","40352","1773020679799"
"5228","2026-03-08 22:44:49","25.06","58.5","944.08","3400","0","","","","-113","-4.300000190734863","40353","1773020689751"
"5229","2026-03-08 22:45:19","25.06","58.5","944.12","3380","0","","","","-113","-2.799999952316284","40356","1773020719801"
"5230","2026-03-08 22:45:29","25.06","58.5","944.12","3400","0","","","","-113","-2.5","40357","1773020729799"
"5231","2026-03-08 22:45:39","25.06","58.5","944.14","3420","0","","","","-113","-4.800000190734863","40358","1773020739799"
"5232","2026-03-08 22:45:49","25.06","58.5","944.12","3420","0","","","","-113","-4.300000190734863","40359","1773020749798"
"5233","2026-03-08 22:45:59","25.06","58.5","944.14","3380","0","","","","-112","-0.5","40360","1773020759763"
"5234","2026-03-08 22:46:09","25.05","58.5","944.14","3380","0","","","","-114","-9.300000190734863","40361","1773020769798"
"5235","2026-03-08 22:46:19","25.05","58.5","944.16","3380","0","","","","-112","-1.7999999523162842","40362","1773020779800"
"5236","2026-03-08 22:46:49","25.04","58.5","944.12","3400","0","","","","-114","-7","40365","1773020809799"
"5237","2026-03-08 22:46:59","25.05","58.5","944.1800000000001","3420","0","","","","-114","-6.5","40366","1773020819793"
"5238","2026-03-08 22:47:09","25.05","58.5","944.16","3420","0","","","","-114","-7","40367","1773020829780"
"5239","2026-03-08 22:47:39","25.05","58.5","944.16","3400","0","","","","-113","-5","40370","1773020859793"
"5240","2026-03-08 22:47:59","25.04","58.5","944.2","3420","0","","","","-113","-5","40372","1773020879793"
"5241","2026-03-08 22:48:09","25.04","58.5","944.2","3380","0","","","","-114","-8.5","40373","1773020889799"
"5242","2026-03-08 22:48:19","25.05","58.5","944.2","3380","0","","","","-113","-6","40374","1773020899788"
"5243","2026-03-08 22:48:29","25.04","58.5","944.22","3420","0","","","","-113","-3.299999952316284","40375","1773020909789"
"5244","2026-03-08 22:48:39","25.04","58.5","944.1800000000001","3420","0","","","","-113","-3","40376","1773020919794"
"5245","2026-03-08 22:48:49","25.04","58.5","944.2","3380","0","","","","-114","-8.300000190734863","40377","1773020929810"
"5246","2026-03-08 22:48:59","25.04","58.5","944.1800000000001","3420","0","","","","-113","-4","40378","1773020939800"
"5247","2026-03-08 22:49:09","25.04","58.5","944.24","3400","0","","","","-113","-2.799999952316284","40379","1773020949792"
"5248","2026-03-08 22:49:19","25.04","58.5","944.22","3400","0","","","","-114","-5.300000190734863","40380","1773020959799"
"5249","2026-03-08 22:49:29","25.04","58.5","944.22","3380","0","","","","-114","-8.300000190734863","40381","1773020969797"
"5250","2026-03-08 22:49:39","25.03","58.5","944.22","3380","0","","","","-114","-5.800000190734863","40382","1773020979794"
"5251","2026-03-08 22:49:49","25.03","58.5","944.22","3420","0","","","","-112","-1.2999999523162842","40383","1773020989797"
"5252","2026-03-08 22:49:59","25.03","58.5","944.26","3400","0","","","","-114","-9.300000190734863","40384","1773020999790"
"5253","2026-03-08 22:50:19","25.03","58.5","944.1800000000001","3400","0","","","","-114","-9.5","40386","1773021019799"
"5254","2026-03-08 22:50:29","25.03","58.5","944.24","3380","0","","","","-113","-3","40387","1773021029801"
"5255","2026-03-08 22:50:39","25.03","58.5","944.24","3380","0","","","","-113","-5.300000190734863","40388","1773021039785"
"5256","2026-03-08 22:50:49","25.02","58.5","944.2","3420","0","","","","-113","-2.799999952316284","40389","1773021049790"
"5257","2026-03-08 22:50:59","25.03","58.5","944.22","3380","0","","","","-113","-4.800000190734863","40390","1773021059759"
"5258","2026-03-08 22:51:19","25.02","58.5","944.22","3400","0","","","","-114","-9.800000190734863","40392","1773021079785"
"5259","2026-03-08 22:51:39","25.02","58.5","944.22","3400","0","","","","-114","-8.800000190734863","40394","1773021099790"
"5260","2026-03-08 22:51:49","25.02","58.5","944.22","3420","0","","","","-113","-5","40395","1773021109809"
"5261","2026-03-08 22:51:59","25.02","58.5","944.22","3380","0","","","","-114","-6.300000190734863","40396","1773021119789"
"5262","2026-03-08 22:52:39","25.01","58.5","944.22","3400","0","","","","-114","-7.5","40400","1773021159790"
"5263","2026-03-08 22:53:19","25.01","58.5","944.26","3420","0","","","","-114","-6.5","40404","1773021199796"
"5264","2026-03-08 22:53:29","25.01","58.5","944.28","3380","0","","","","-111","0.5","40405","1773021209797"
"5265","2026-03-08 22:53:39","25.01","58.5","944.32","3420","0","","","","-114","-6.5","40406","1773021219795"
"5266","2026-03-08 22:53:49","25","58.5","944.28","3400","0","","","","-114","-7.300000190734863","40407","1773021229793"
"5267","2026-03-08 22:53:59","25","58.5","944.24","3420","0","","","","-114","-7.5","40408","1773021239767"
"5268","2026-03-08 22:54:19","25","58.5","944.28","3400","0","","","","-112","-2.5","40410","1773021259790"
"5269","2026-03-08 22:54:29","25","58.5","944.26","3380","0","","","","-114","-7.300000190734863","40411","1773021269786"
"5270","2026-03-08 22:55:09","25","58.5","944.3000000000001","3420","0","","","","-113","-4.300000190734863","40415","1773021309797"
"5271","2026-03-08 22:55:19","24.99","58.5","944.3000000000001","3420","0","","","","-112","-1.2999999523162842","40416","1773021319799"
"5272","2026-03-08 22:55:49","24.99","58.5","944.32","3400","0","","","","-113","-2.799999952316284","40419","1773021349795"
"5273","2026-03-08 22:56:19","24.99","58.5","944.34","3400","0","","","","-114","-6.800000190734863","40422","1773021379785"
"5274","2026-03-08 22:56:39","24.99","58.5","944.3000000000001","3400","0","","","","-112","-2","40424","1773021399788"
"5275","2026-03-08 22:56:49","24.99","58.5","944.34","3380","0","","","","-114","-4.800000190734863","40425","1773021409792"
"5276","2026-03-08 22:57:09","24.99","58.5","944.34","3400","0","","","","-114","-7.800000190734863","40427","1773021429792"
"5277","2026-03-08 22:57:19","24.99","58.5","944.36","3420","0","","","","-114","-6.300000190734863","40428","1773021439797"
"5278","2026-03-08 22:57:29","24.99","58.5","944.32","3380","0","","","","-113","-2.5","40429","1773021449797"
"5279","2026-03-08 22:57:39","24.99","58.5","944.32","3380","0","","","","-113","-1.7999999523162842","40430","1773021459795"
"5280","2026-03-08 22:57:59","24.99","58.5","944.34","3380","0","","","","-114","-6","40432","1773021479793"
"5281","2026-03-08 22:58:29","24.99","58.5","944.32","3380","0","","","","-114","-6","40435","1773021509793"
"5282","2026-03-08 22:58:49","24.99","58.5","944.34","3400","0","","","","-112","-2.299999952316284","40437","1773021529791"
"5283","2026-03-08 22:58:59","24.98","58.5","944.34","3380","0","","","","-114","-7.300000190734863","40438","1773021539799"
"5284","2026-03-08 22:59:09","24.99","58.5","944.36","3420","0","","","","-111","0.800000011920929","40439","1773021549768"
"5285","2026-03-08 22:59:19","24.99","58.5","944.34","3380","0","","","","-114","-8","40440","1773021559796"
"5286","2026-03-08 22:59:29","24.99","58.5","944.38","3400","0","","","","-114","-5","40441","1773021569800"
"5287","2026-03-08 22:59:39","24.99","58.5","944.4","3380","0","","","","-114","-6.5","40442","1773021579796"
"5288","2026-03-08 22:59:49","24.98","58.5","944.32","3420","0","","","","-112","-2","40443","1773021589789"
"5289","2026-03-08 23:00:09","24.98","58.5","944.34","3380","0","","","","-112","-2","40445","1773021609784"
"5290","2026-03-08 23:00:19","24.98","58.5","944.34","3420","0","","","","-114","-5.800000190734863","40446","1773021619787"
"5291","2026-03-08 23:00:29","24.99","58.5","944.36","3420","0","","","","-113","-4.800000190734863","40447","1773021629790"
"5292","2026-03-08 23:00:49","24.99","58.5","944.36","3380","0","","","","-114","-5","40449","1773021649784"
"5293","2026-03-08 23:01:09","24.98","58.5","944.38","3400","0","","","","-114","-7.300000190734863","40451","1773021669783"
"5294","2026-03-08 23:01:19","24.98","58.5","944.36","3380","0","","","","-113","-4.5","40452","1773021679792"
"5295","2026-03-08 23:01:39","24.98","58.5","944.36","3420","0","","","","-111","0.5","40454","1773021699786"
"5296","2026-03-08 23:01:49","24.98","58.5","944.36","3380","0","","","","-114","-5.300000190734863","40455","1773021709792"
"5297","2026-03-08 23:01:59","24.98","58.5","944.38","3380","0","","","","-113","-4.300000190734863","40456","1773021719787"
"5298","2026-03-08 23:02:29","24.98","58.5","944.36","3420","0","","","","-113","-3.5","40459","1773021749793"
"5299","2026-03-08 23:02:39","24.98","58.5","944.36","3380","0","","","","-113","-3","40460","1773021759787"
"5300","2026-03-08 23:02:59","24.97","58.5","944.4200000000001","3380","0","","","","-113","-5.5","40462","1773021779790"
"5301","2026-03-08 23:03:19","24.98","58.5","944.44","3380","0","","","","-113","-3","40464","1773021799792"
"5302","2026-03-08 23:03:39","24.97","58.5","944.4200000000001","3380","0","","","","-113","-3","40466","1773021819784"
"5303","2026-03-08 23:03:49","24.96","58.5","944.4200000000001","3400","0","","","","-113","-3.5","40467","1773021829794"
"5304","2026-03-08 23:03:59","24.97","58.5","944.38","3400","0","","","","-114","-8.800000190734863","40468","1773021839792"
"5305","2026-03-08 23:04:49","24.96","58.5","944.44","3420","0","","","","-114","-6.800000190734863","40473","1773021889787"
"5306","2026-03-08 23:05:39","24.96","58.5","944.44","3380","0","","","","-112","-2","40478","1773021939786"
"5307","2026-03-08 23:05:49","24.96","58.5","944.44","3420","0","","","","-114","-8","40479","1773021949793"
"5308","2026-03-08 23:06:19","24.95","58.5","944.4200000000001","3400","0","","","","-113","-4.5","40482","1773021979798"
"5309","2026-03-08 23:06:29","24.95","58.5","944.52","3380","0","","","","-114","-8.5","40483","1773021989791"
"5310","2026-03-08 23:06:39","24.95","58.5","944.48","3380","0","","","","-112","-2.5","40484","1773021999790"
"5311","2026-03-08 23:06:49","24.95","58.5","944.46","3420","0","","","","-114","-7.800000190734863","40485","1773022009807"
"5312","2026-03-08 23:07:09","24.94","58.5","944.46","3380","0","","","","-113","-4.800000190734863","40487","1773022029822"
"5313","2026-03-08 23:07:19","24.94","58.5","944.48","3380","0","","","","-112","-3.299999952316284","40488","1773022039795"
"5314","2026-03-08 23:07:29","24.95","58.5","944.44","3380","0","","","","-114","-5.300000190734863","40489","1773022049787"
"5315","2026-03-08 23:08:19","24.94","58.5","944.52","3380","0","","","","-113","-5","40494","1773022099792"
"5316","2026-03-08 23:08:39","24.93","58.5","944.48","3400","0","","","","-113","-3.5","40496","1773022119781"
"5317","2026-03-08 23:09:09","24.93","58.5","944.54","3400","0","","","","-114","-6.300000190734863","40499","1773022149769"
"5318","2026-03-08 23:09:39","24.92","58.5","944.54","3380","0","","","","-114","-8.5","40502","1773022179787"
"5319","2026-03-08 23:09:49","24.92","58.5","944.46","3380","0","","","","-113","-4.300000190734863","40503","1773022189759"
"5320","2026-03-08 23:10:09","24.92","58.5","944.54","3380","0","","","","-114","-7.300000190734863","40505","1773022209777"
"5321","2026-03-08 23:10:19","24.92","58.5","944.5","3420","0","","","","-112","-1.7999999523162842","40506","1773022219792"
"5322","2026-03-08 23:10:29","24.92","58.5","944.5","3420","0","","","","-114","-5.5","40507","1773022229784"
"5323","2026-03-08 23:10:39","24.92","58.5","944.48","3380","0","","","","-114","-9","40508","1773022239785"
"5324","2026-03-08 23:10:49","24.92","58.5","944.5600000000001","3420","0","","","","-114","-7","40509","1773022249786"
"5325","2026-03-08 23:10:59","24.91","58.5","944.52","3400","0","","","","-113","-5","40510","1773022259788"
"5326","2026-03-08 23:11:09","24.92","58.5","944.54","3400","0","","","","-114","-7.5","40511","1773022269781"
"5327","2026-03-08 23:11:29","24.92","58.5","944.52","3380","0","","","","-113","-4","40513","1773022289779"
"5328","2026-03-08 23:11:49","24.91","58.5","944.52","3380","0","","","","-113","-3.799999952316284","40515","1773022309793"
"5329","2026-03-08 23:11:59","24.92","58.5","944.54","3420","0","","","","-114","-7.300000190734863","40516","1773022319793"
"5330","2026-03-08 23:12:09","24.91","58.5","944.52","3380","0","","","","-114","-6.300000190734863","40517","1773022329760"
"5331","2026-03-08 23:12:19","24.91","58.5","944.5","3420","0","","","","-112","-2.5","40518","1773022339789"
"5332","2026-03-08 23:12:59","24.91","58.5","944.5600000000001","3400","0","","","","-113","-5","40522","1773022379792"
"5333","2026-03-08 23:13:09","24.91","58.5","944.58","3380","0","","","","-112","-0.800000011920929","40523","1773022389753"
"5334","2026-03-08 23:13:29","24.9","58.5","944.5600000000001","3380","0","","","","-114","-6.800000190734863","40525","1773022409787"
"5335","2026-03-08 23:14:19","24.89","58.5","944.54","3420","0","","","","-114","-7.5","40530","1773022459792"
"5336","2026-03-08 23:16:09","24.88","58.5","944.62","3400","0","","","","-114","-7.5","40541","1773022569792"
"5337","2026-03-08 23:16:29","24.88","58.5","944.58","3420","0","","","","-113","-5.5","40543","1773022589784"
"5338","2026-03-08 23:16:59","24.88","58.5","944.5600000000001","3400","0","","","","-113","-3.5","40546","1773022619801"
"5339","2026-03-08 23:17:09","24.88","58.5","944.5600000000001","3400","0","","","","-112","-0.5","40547","1773022629777"
"5340","2026-03-08 23:17:49","24.87","58.5","944.5600000000001","3380","0","","","","-113","-2.5","40551","1773022669823"
"5341","2026-03-08 23:18:09","24.87","58.5","944.5600000000001","3400","0","","","","-114","-7.5","40553","1773022689791"
"5342","2026-03-08 23:18:19","24.87","58.5","944.54","3400","0","","","","-114","-7.800000190734863","40554","1773022699783"
"5343","2026-03-08 23:18:39","24.87","58.5","944.5600000000001","3380","0","","","","-112","-2.299999952316284","40556","1773022719785"
"5344","2026-03-08 23:18:49","24.87","58.5","944.5600000000001","3420","0","","","","-113","-3.5","40557","1773022729775"
"5345","2026-03-08 23:18:59","24.87","58.5","944.52","3380","0","","","","-112","-2.5","40558","1773022739793"
"5346","2026-03-08 23:19:09","24.87","58.5","944.54","3380","0","","","","-114","-8","40559","1773022749797"
"5347","2026-03-08 23:19:19","24.86","58.5","944.54","3400","0","","","","-113","-3.5","40560","1773022759792"
"5348","2026-03-08 23:19:29","24.87","58.5","944.52","3380","0","","","","-112","-2","40561","1773022769792"
"5349","2026-03-08 23:19:49","24.86","58.5","944.54","3380","0","","","","-112","-3","40563","1773022789778"
"5350","2026-03-08 23:20:09","24.86","58.5","944.54","3380","0","","","","-114","-5.800000190734863","40565","1773022809791"
"5351","2026-03-08 23:20:19","24.86","58.5","944.5600000000001","3420","0","","","","-114","-7","40566","1773022819784"
"5352","2026-03-08 23:20:29","24.86","58.5","944.58","3380","0","","","","-113","-2.799999952316284","40567","1773022829762"
"5353","2026-03-08 23:20:49","24.86","58.5","944.58","3380","0","","","","-113","-3.299999952316284","40569","1773022849755"
"5354","2026-03-08 23:20:59","24.86","58.5","944.58","3380","0","","","","-114","-10.5","40570","1773022859782"
"5355","2026-03-08 23:21:09","24.86","58.5","944.54","3380","0","","","","-113","-3.5","40571","1773022869824"
"5356","2026-03-08 23:21:19","24.86","58.5","944.54","3400","0","","","","-114","-6","40572","1773022879786"
"5357","2026-03-08 23:21:39","24.85","58.5","944.5600000000001","3420","0","","","","-114","-7.300000190734863","40574","1773022899781"
"5358","2026-03-08 23:22:09","24.86","58.5","944.58","3400","0","","","","-114","-7.5","40577","1773022929782"
"5359","2026-03-08 23:22:29","24.85","59","944.6","3380","0","","","","-113","-3.799999952316284","40579","1773022949783"
"5360","2026-03-08 23:22:39","24.85","58.5","944.5600000000001","3380","0","","","","-114","-8.800000190734863","40580","1773022959797"
"5361","2026-03-08 23:22:49","24.84","58.5","944.58","3400","0","","","","-114","-7","40581","1773022969761"
"5362","2026-03-08 23:23:49","24.84","58.5","944.5600000000001","3420","0","","","","-114","-6","40587","1773023029783"
"5363","2026-03-08 23:24:59","24.83","59","944.5600000000001","3400","0","","","","-112","-2.5","40594","1773023099789"
"5364","2026-03-08 23:25:09","24.83","58.5","944.6","3420","0","","","","-114","-5.300000190734863","40595","1773023109787"
"5365","2026-03-08 23:25:49","24.83","59","944.64","3420","0","","","","-114","-9","40599","1773023149754"
"5366","2026-03-08 23:25:59","24.82","58.5","944.5600000000001","3420","0","","","","-114","-7","40600","1773023159757"
"5367","2026-03-08 23:26:09","24.82","59","944.5600000000001","3400","0","","","","-114","-7","40601","1773023169790"
"5368","2026-03-08 23:26:29","24.82","59","944.64","3420","0","","","","-113","-4.5","40603","1773023189784"
"5369","2026-03-08 23:27:09","24.82","58.5","944.58","3400","0","","","","-114","-5.300000190734863","40607","1773023229787"
"5370","2026-03-08 23:27:19","24.82","59","944.6","3420","0","","","","-112","-2.5","40608","1773023239793"
"5371","2026-03-08 23:27:29","24.82","59","944.6","3400","0","","","","-114","-7.300000190734863","40609","1773023249787"
"5372","2026-03-08 23:27:39","24.81","59","944.6","3380","0","","","","-113","-3.799999952316284","40610","1773023259782"
"5373","2026-03-08 23:27:59","24.81","59","944.62","3440","0","","","","-113","-5.300000190734863","40612","1773023279754"
"5374","2026-03-08 23:28:09","24.82","59","944.6","3400","0","","","","-113","-4.300000190734863","40613","1773023289785"
"5375","2026-03-08 23:28:19","24.81","58.5","944.5600000000001","3420","0","","","","-113","-4.300000190734863","40614","1773023299784"
"5376","2026-03-08 23:28:39","24.81","59","944.6","3380","0","","","","-115","-10.300000190734863","40616","1773023319777"
"5377","2026-03-08 23:28:49","24.82","59","944.62","3380","0","","","","-114","-6.800000190734863","40617","1773023329784"
"5378","2026-03-08 23:29:19","24.81","59","944.66","3400","0","","","","-114","-6.5","40620","1773023359786"
"5379","2026-03-08 23:29:29","24.81","59","944.58","3420","0","","","","-112","-2.299999952316284","40621","1773023369790"
"5380","2026-03-08 23:29:39","24.8","59","944.58","3360","0","","","","-114","-5.800000190734863","40622","1773023379784"
"5381","2026-03-08 23:29:49","24.8","59","944.6","3380","0","","","","-113","-3.299999952316284","40623","1773023389784"
"5382","2026-03-08 23:30:29","24.8","59","944.64","3380","0","","","","-114","-8","40627","1773023429781"
"5383","2026-03-08 23:30:39","24.8","59","944.62","3380","0","","","","-114","-7.5","40628","1773023439787"
"5384","2026-03-08 23:31:19","24.8","59","944.62","3400","0","","","","-114","-7.5","40632","1773023479782"
"5385","2026-03-08 23:31:39","24.8","59","944.64","3380","0","","","","-113","-3.799999952316284","40634","1773023499786"
"5386","2026-03-08 23:32:09","24.8","58.5","944.6","3400","0","","","","-114","-8.5","40637","1773023529790"
"5387","2026-03-08 23:32:29","24.8","59","944.58","3380","0","","","","-114","-6.5","40639","1773023549782"
"5388","2026-03-08 23:32:59","24.8","59","944.6","3380","0","","","","-114","-8","40642","1773023579786"
"5389","2026-03-08 23:33:29","24.79","58.5","944.5600000000001","3400","0","","","","-113","-5","40645","1773023609791"
"5390","2026-03-08 23:33:39","24.79","59","944.62","3380","0","","","","-114","-8.5","40646","1773023619752"
"5391","2026-03-08 23:34:19","24.79","59","944.6","3400","0","","","","-113","-4.300000190734863","40650","1773023659787"
"5392","2026-03-08 23:35:29","24.78","59","944.54","3380","0","","","","-114","-8.800000190734863","40657","1773023729779"
"5393","2026-03-08 23:35:49","24.79","59","944.54","3400","0","","","","-114","-6.5","40659","1773023749775"
"5394","2026-03-08 23:35:59","24.78","59","944.5","3400","0","","","","-112","-2","40660","1773023759753"
"5395","2026-03-08 23:36:09","24.78","59","944.52","3400","0","","","","-114","-9","40661","1773023769782"
"5396","2026-03-08 23:36:39","24.78","59","944.5","3380","0","","","","-114","-6.800000190734863","40664","1773023799791"
"5397","2026-03-08 23:36:49","24.78","59","944.5","3380","0","","","","-114","-6.5","40665","1773023809779"
"5398","2026-03-08 23:38:29","24.77","59","944.44","3380","0","","","","-114","-8.800000190734863","40675","1773023909773"
"5399","2026-03-08 23:38:39","24.76","59","944.4200000000001","3380","0","","","","-113","-5.300000190734863","40676","1773023919776"
"5400","2026-03-08 23:39:19","24.77","59","944.46","3420","0","","","","-112","-0.5","40680","1773023959778"
"5401","2026-03-08 23:39:29","24.76","59","944.4200000000001","3380","0","","","","-114","-6.800000190734863","40681","1773023969780"
"5402","2026-03-08 23:40:09","24.76","59","944.4200000000001","3420","0","","","","-114","-7","40685","1773024009785"
"5403","2026-03-08 23:40:29","24.76","59","944.4200000000001","3420","0","","","","-114","-9","40687","1773024029784"
"5404","2026-03-08 23:40:49","24.76","59","944.46","3400","0","","","","-113","-4.800000190734863","40689","1773024049784"
"5405","2026-03-08 23:40:59","24.75","59","944.44","3380","0","","","","-113","-3.299999952316284","40690","1773024059774"
"5406","2026-03-08 23:41:19","24.75","59","944.44","3400","0","","","","-113","-5.5","40692","1773024079778"
"5407","2026-03-08 23:41:49","24.75","59","944.4","3380","0","","","","-114","-7","40695","1773024109745"
"5408","2026-03-08 23:41:59","24.75","59","944.44","3380","0","","","","-114","-6.5","40696","1773024119791"
"5409","2026-03-08 23:42:09","24.75","59","944.4200000000001","3400","0","","","","-114","-7.5","40697","1773024129787"
"5410","2026-03-08 23:42:29","24.75","59","944.4200000000001","3400","0","","","","-114","-9.800000190734863","40699","1773024149826"
"5411","2026-03-08 23:42:49","24.75","59","944.4200000000001","3400","0","","","","-113","-4.800000190734863","40701","1773024169784"
"5412","2026-03-08 23:42:59","24.74","59","944.44","3380","0","","","","-113","-4.800000190734863","40702","1773024179780"
"5413","2026-03-08 23:43:09","24.74","59","944.44","3380","0","","","","-112","-2.299999952316284","40703","1773024189787"
"5414","2026-03-08 23:43:19","24.74","59","944.44","3380","0","","","","-113","-5","40704","1773024199788"
"5415","2026-03-08 23:43:59","24.74","59","944.4","3380","0","","","","-113","-5.800000190734863","40708","1773024239789"
"5416","2026-03-08 23:44:29","24.74","59","944.4200000000001","3380","0","","","","-113","-5.300000190734863","40711","1773024269792"
"5417","2026-03-08 23:45:19","24.73","59","944.4","3380","0","","","","-115","-9.300000190734863","40716","1773024319782"
"5418","2026-03-08 23:45:29","24.73","59","944.4","3380","0","","","","-114","-7","40717","1773024329786"
"5419","2026-03-08 23:47:29","24.72","59","944.4","3420","0","","","","-113","-6","40729","1773024449786"
"5420","2026-03-08 23:47:59","24.72","59","944.4200000000001","3400","0","","","","-114","-7.5","40732","1773024479789"
"5421","2026-03-08 23:49:09","24.71","59","944.44","3380","0","","","","-112","-0.5","40739","1773024549780"
"5422","2026-03-08 23:49:19","24.71","59","944.44","3400","0","","","","-113","-4.5","40740","1773024559776"
"5423","2026-03-08 23:49:29","24.72","59","944.4200000000001","3420","0","","","","-113","-3.799999952316284","40741","1773024569775"
"5424","2026-03-08 23:49:49","24.71","59","944.4","3400","0","","","","-113","-5.300000190734863","40743","1773024589771"
"5425","2026-03-08 23:49:59","24.71","59","944.4200000000001","3380","0","","","","-113","-4.300000190734863","40744","1773024599777"
"5426","2026-03-08 23:50:09","24.71","59","944.44","3380","0","","","","-112","-2","40745","1773024609790"
"5427","2026-03-08 23:50:19","24.71","59","944.4200000000001","3380","0","","","","-114","-7.300000190734863","40746","1773024619780"
"5428","2026-03-08 23:50:29","24.71","59","944.4200000000001","3400","0","","","","-114","-7","40747","1773024629764"
"5429","2026-03-08 23:50:49","24.71","59","944.38","3400","0","","","","-114","-9.5","40749","1773024649740"
"5430","2026-03-08 23:51:09","24.71","59","944.38","3420","0","","","","-113","-5.5","40751","1773024669775"
"5431","2026-03-08 23:51:39","24.7","59","944.44","3420","0","","","","-114","-7","40754","1773024699782"
"5432","2026-03-08 23:51:49","24.7","59","944.4","3400","0","","","","-114","-7.5","40755","1773024709785"
"5433","2026-03-08 23:51:59","24.69","59","944.38","3360","0","","","","-113","-5.300000190734863","40756","1773024719779"
"5434","2026-03-08 23:52:09","24.7","59","944.4200000000001","3380","0","","","","-114","-7","40757","1773024729787"
"5435","2026-03-08 23:52:39","24.7","59","944.36","3380","0","","","","-114","-7","40760","1773024759773"
"5436","2026-03-08 23:52:59","24.7","59","944.34","3380","0","","","","-114","-8.300000190734863","40762","1773024779775"
"5437","2026-03-08 23:53:19","24.7","59","944.38","3360","0","","","","-114","-7.5","40764","1773024799784"
"5438","2026-03-08 23:53:39","24.69","59","944.36","3380","0","","","","-114","-7.800000190734863","40766","1773024819783"
"5439","2026-03-08 23:54:39","24.69","59","944.36","3380","0","","","","-114","-8.300000190734863","40772","1773024879777"
"5440","2026-03-08 23:55:09","24.69","59","944.36","3380","0","","","","-113","-5","40775","1773024909785"
"5441","2026-03-08 23:55:39","24.69","59","944.32","3400","0","","","","-111","0.30000001192092896","40778","1773024939782"
"5442","2026-03-08 23:56:09","24.68","59","944.32","3380","0","","","","-114","-8.800000190734863","40781","1773024969782"
"5443","2026-03-08 23:56:39","24.68","59","944.32","3380","0","","","","-114","-9","40784","1773024999778"
"5444","2026-03-08 23:56:49","24.68","59","944.32","3400","0","","","","-114","-5.5","40785","1773025009779"
"5445","2026-03-08 23:56:59","24.68","59","944.32","3380","0","","","","-114","-9","40786","1773025019785"
"5446","2026-03-08 23:57:19","24.68","59","944.3000000000001","3360","0","","","","-114","-8.300000190734863","40788","1773025039786"
"5447","2026-03-08 23:57:29","24.68","59","944.3000000000001","3420","0","","","","-113","-3.799999952316284","40789","1773025049775"
"5448","2026-03-08 23:57:49","24.67","59","944.3000000000001","3360","0","","","","-113","-3.299999952316284","40791","1773025069775"
"5449","2026-03-08 23:57:59","24.68","59","944.3000000000001","3380","0","","","","-114","-6.300000190734863","40792","1773025079773"
"5450","2026-03-08 23:58:09","24.68","59","944.32","3380","0","","","","-114","-7.800000190734863","40793","1773025089775"
"5451","2026-03-08 23:58:29","24.68","59","944.28","3380","0","","","","-112","-1","40795","1773025109780"
"5452","2026-03-08 23:58:39","24.67","59","944.28","3420","0","","","","-113","-5.5","40796","1773025119782"
"5453","2026-03-08 23:58:49","24.67","59","944.26","3400","0","","","","-114","-6.300000190734863","40797","1773025129780"
"5454","2026-03-08 23:58:59","24.68","59","944.26","3400","0","","","","-114","-8","40798","1773025139779"
"5455","2026-03-08 23:59:09","24.68","59","944.28","3380","0","","","","-114","-9.800000190734863","40799","1773025149778"
"5456","2026-03-08 23:59:49","24.68","59","944.28","3400","0","","","","-112","-1","40803","1773025189784"
