"Nº";"Data e Hora (America/Sao_Paulo)";"Temperatura (°C)";"Umidade Relativa (%)";"Pressão Atmosférica (hPa)";"Tensão do Sistema (mV)";"Luminosidade (lux)";"Latitude (°)";"Longitude (°)";"Altitude (m)";"RSSI (dBm)";"SNR (dB)";"Frame Counter";"Timestamp Aquisição (ms)"
"1";"2026-03-24 00:06:37";"22.97";"68";"942.96";"3200";"0";"";"";"";"-114";"-6.800000190734863";"14267";"1774321597592"
"2";"2026-03-24 00:09:37";"22.97";"68";"942.98";"3200";"0";"";"";"";"-114";"-8.5";"14270";"1774321777618"
"3";"2026-03-24 00:17:37";"22.96";"68";"942.88";"3240";"0";"";"";"";"-114";"-7.5";"14278";"1774322257584"
"4";"2026-03-24 00:18:37";"22.97";"67.5";"942.82";"3240";"0";"";"";"";"-114";"-9.800000190734863";"14279";"1774322317618"
"5";"2026-03-24 00:23:37";"22.97";"67.5";"942.82";"3260";"0";"";"";"";"-114";"-7.300000190734863";"14284";"1774322617664"
"6";"2026-03-24 00:25:37";"22.97";"67.5";"942.84";"3260";"0";"";"";"";"-114";"-9.300000190734863";"14286";"1774322737615"
"7";"2026-03-24 00:26:37";"22.97";"67.5";"942.84";"3200";"0";"";"";"";"-114";"-7.5";"14287";"1774322797625"
"8";"2026-03-24 00:30:37";"22.98";"67.5";"942.86";"3220";"0";"";"";"";"-114";"-10";"14291";"1774323037625"
"9";"2026-03-24 00:32:37";"22.98";"67.5";"942.88";"3200";"0";"";"";"";"-114";"-8.300000190734863";"14293";"1774323157620"
"10";"2026-03-24 00:33:37";"22.97";"67.5";"942.9200000000001";"3200";"0";"";"";"";"-114";"-10";"14294";"1774323217597"
"11";"2026-03-24 00:34:37";"22.98";"67.5";"942.9200000000001";"3240";"0";"";"";"";"-114";"-7.300000190734863";"14295";"1774323277610"
"12";"2026-03-24 00:36:37";"22.99";"67.5";"942.98";"3240";"0";"";"";"";"-114";"-9.300000190734863";"14297";"1774323397620"
"13";"2026-03-24 00:43:37";"22.96";"67";"943.02";"3220";"0";"";"";"";"-114";"-10";"14304";"1774323817647"
"14";"2026-03-24 00:47:37";"22.97";"67.5";"942.96";"3200";"0";"";"";"";"-114";"-6.800000190734863";"14308";"1774324057621"
"15";"2026-03-24 00:50:37";"22.96";"67.5";"943.02";"3260";"0";"";"";"";"-114";"-8.300000190734863";"14311";"1774324237627"
"16";"2026-03-24 00:54:37";"22.96";"67.5";"943.04";"3240";"0";"";"";"";"-114";"-10";"14315";"1774324477616"
"17";"2026-03-24 01:00:37";"22.96";"67.5";"943.02";"3220";"0";"";"";"";"-114";"-8.5";"14321";"1774324837594"
"18";"2026-03-24 01:02:37";"22.96";"67.5";"943.1";"3220";"0";"";"";"";"-114";"-8.300000190734863";"14323";"1774324957624"
"19";"2026-03-24 01:04:37";"22.95";"67.5";"943.04";"3220";"0";"";"";"";"-114";"-8.800000190734863";"14325";"1774325077619"
"20";"2026-03-24 01:07:37";"22.96";"67.5";"943";"3200";"0";"";"";"";"-114";"-7.300000190734863";"14328";"1774325257615"
"21";"2026-03-24 01:09:37";"22.96";"67.5";"942.98";"3200";"0";"";"";"";"-114";"-9.300000190734863";"14330";"1774325377605"
"22";"2026-03-24 01:10:37";"22.95";"67.5";"943";"3200";"0";"";"";"";"-114";"-8";"14331";"1774325437624"
"23";"2026-03-24 01:13:37";"22.96";"67.5";"942.96";"3200";"0";"";"";"";"-114";"-10";"14334";"1774325617580"
"24";"2026-03-24 01:21:37";"22.97";"67.5";"942.9200000000001";"3260";"0";"";"";"";"-114";"-9.300000190734863";"14342";"1774326097622"
"25";"2026-03-24 01:22:37";"22.96";"67.5";"942.94";"3260";"0";"";"";"";"-114";"-9.300000190734863";"14343";"1774326157635"
"26";"2026-03-24 01:27:37";"22.94";"67.5";"942.86";"3220";"0";"";"";"";"-114";"-8.5";"14348";"1774326457620"
"27";"2026-03-24 01:28:37";"22.94";"67.5";"942.84";"3200";"0";"";"";"";"-114";"-7.800000190734863";"14349";"1774326517615"
"28";"2026-03-24 01:29:37";"22.94";"67.5";"942.86";"3200";"0";"";"";"";"-114";"-7.5";"14350";"1774326577583"
"29";"2026-03-24 01:43:37";"22.91";"67.5";"942.52";"3240";"0";"";"";"";"-114";"-7.5";"14364";"1774327417616"
"30";"2026-03-24 01:44:37";"22.92";"67.5";"942.58";"3240";"0";"";"";"";"-114";"-9.5";"14365";"1774327477622"
"31";"2026-03-24 01:47:37";"22.92";"67.5";"942.54";"3240";"0";"";"";"";"-114";"-10.800000190734863";"14368";"1774327657617"
"32";"2026-03-24 01:54:37";"22.88";"67.5";"942.5600000000001";"3220";"0";"";"";"";"-114";"-9.800000190734863";"14375";"1774328077621"
"33";"2026-03-24 01:55:37";"22.9";"67.5";"942.52";"3200";"0";"";"";"";"-114";"-8.5";"14376";"1774328137620"
"34";"2026-03-24 01:57:37";"22.9";"67.5";"942.58";"3240";"0";"";"";"";"-114";"-9";"14378";"1774328257616"
"35";"2026-03-24 02:12:37";"22.88";"67.5";"942.3000000000001";"3200";"0";"";"";"";"-114";"-9";"14393";"1774329157614"
"36";"2026-03-24 02:14:37";"22.87";"67.5";"942.32";"3200";"0";"";"";"";"-114";"-8.800000190734863";"14395";"1774329277613"
"37";"2026-03-24 02:17:37";"22.88";"67.5";"942.32";"3220";"0";"";"";"";"-114";"-7.300000190734863";"14398";"1774329457611"
"38";"2026-03-24 02:22:37";"22.91";"67.5";"942.34";"3240";"0";"";"";"";"-114";"-8.5";"14403";"1774329757586"
"39";"2026-03-24 02:24:37";"22.92";"67";"942.34";"3240";"0";"";"";"";"-114";"-8";"14405";"1774329877610"
"40";"2026-03-24 02:25:37";"22.92";"67.5";"942.36";"3200";"0";"";"";"";"-114";"-8.800000190734863";"14406";"1774329937651"
"41";"2026-03-24 02:26:37";"22.93";"67";"942.38";"3220";"0";"";"";"";"-114";"-8";"14407";"1774329997605"
"42";"2026-03-24 02:27:37";"22.94";"67";"942.32";"3200";"0";"";"";"";"-114";"-8.800000190734863";"14408";"1774330057612"
"43";"2026-03-24 02:28:37";"22.94";"67";"942.3000000000001";"3220";"0";"";"";"";"-114";"-8.800000190734863";"14409";"1774330117586"
"44";"2026-03-24 02:29:37";"22.95";"67";"942.32";"3240";"0";"";"";"";"-114";"-7.5";"14410";"1774330177617"
"45";"2026-03-24 02:30:37";"22.96";"67";"942.34";"3200";"0";"";"";"";"-114";"-7";"14411";"1774330237583"
"46";"2026-03-24 02:31:37";"22.96";"67";"942.24";"3200";"0";"";"";"";"-114";"-7.300000190734863";"14412";"1774330297633"
"47";"2026-03-24 02:32:37";"22.96";"67";"942.24";"3200";"0";"";"";"";"-114";"-8.800000190734863";"14413";"1774330357614"
"48";"2026-03-24 02:33:37";"22.97";"67";"942.28";"3220";"0";"";"";"";"-114";"-7.800000190734863";"14414";"1774330417615"
"49";"2026-03-24 02:34:37";"22.96";"67";"942.26";"3200";"0";"";"";"";"-114";"-7.5";"14415";"1774330477618"
"50";"2026-03-24 02:36:37";"22.97";"67";"942.24";"3220";"0";"";"";"";"-114";"-8.300000190734863";"14417";"1774330597587"
"51";"2026-03-24 02:37:37";"22.97";"67";"942.3000000000001";"3240";"0";"";"";"";"-114";"-8";"14418";"1774330657609"
"52";"2026-03-24 02:38:37";"22.97";"67";"942.3000000000001";"3220";"0";"";"";"";"-114";"-6.800000190734863";"14419";"1774330717601"
"53";"2026-03-24 02:39:37";"22.98";"67";"942.34";"3200";"0";"";"";"";"-114";"-7.800000190734863";"14420";"1774330777613"
"54";"2026-03-24 02:40:37";"22.97";"67";"942.32";"3200";"0";"";"";"";"-114";"-8.300000190734863";"14421";"1774330837611"
"55";"2026-03-24 02:41:37";"22.98";"67";"942.36";"3240";"0";"";"";"";"-114";"-8.300000190734863";"14422";"1774330897613"
"56";"2026-03-24 02:42:37";"22.98";"67";"942.38";"3200";"0";"";"";"";"-114";"-7.800000190734863";"14423";"1774330957611"
"57";"2026-03-24 02:43:37";"22.98";"67";"942.36";"3200";"0";"";"";"";"-114";"-8.5";"14424";"1774331017609"
"58";"2026-03-24 02:44:37";"22.98";"67";"942.38";"3200";"0";"";"";"";"-114";"-7.800000190734863";"14425";"1774331077617"
"59";"2026-03-24 02:45:37";"22.98";"67";"942.36";"3220";"0";"";"";"";"-114";"-7.800000190734863";"14426";"1774331137619"
"60";"2026-03-24 02:46:37";"22.98";"67";"942.36";"3240";"0";"";"";"";"-114";"-7.5";"14427";"1774331197616"
"61";"2026-03-24 02:47:37";"22.99";"67";"942.34";"3200";"0";"";"";"";"-114";"-7.800000190734863";"14428";"1774331257606"
"62";"2026-03-24 02:48:37";"22.98";"67";"942.3000000000001";"3220";"0";"";"";"";"-114";"-7.5";"14429";"1774331317606"
"63";"2026-03-24 02:49:37";"22.98";"67";"942.28";"3200";"0";"";"";"";"-114";"-8.5";"14430";"1774331377611"
"64";"2026-03-24 02:50:37";"22.98";"67";"942.26";"3200";"0";"";"";"";"-114";"-7.5";"14431";"1774331437619"
"65";"2026-03-24 02:51:37";"22.98";"67";"942.22";"3240";"0";"";"";"";"-114";"-7.5";"14432";"1774331497615"
"66";"2026-03-24 02:52:37";"22.97";"67";"942.24";"3240";"0";"";"";"";"-114";"-8";"14433";"1774331557607"
"67";"2026-03-24 02:53:37";"22.98";"67";"942.24";"3200";"0";"";"";"";"-114";"-7.5";"14434";"1774331617608"
"68";"2026-03-24 02:54:37";"22.98";"67";"942.26";"3200";"0";"";"";"";"-114";"-7.5";"14435";"1774331677616"
"69";"2026-03-24 02:55:37";"22.98";"67";"942.22";"3200";"0";"";"";"";"-114";"-7";"14436";"1774331737611"
"70";"2026-03-24 02:56:37";"22.98";"67";"942.2";"3200";"0";"";"";"";"-113";"-7.300000190734863";"14437";"1774331797609"
"71";"2026-03-24 02:57:37";"22.98";"67";"942.2";"3240";"0";"";"";"";"-114";"-7.300000190734863";"14438";"1774331857582"
"72";"2026-03-24 02:58:37";"22.97";"67";"942.2";"3240";"0";"";"";"";"-114";"-7.300000190734863";"14439";"1774331917620"
"73";"2026-03-24 02:59:37";"22.98";"67";"942.22";"3240";"0";"";"";"";"-114";"-7";"14440";"1774331977611"
"74";"2026-03-24 03:00:37";"22.98";"67";"942.2";"3240";"0";"";"";"";"-114";"-8.300000190734863";"14441";"1774332037578"
"75";"2026-03-24 03:01:37";"22.98";"67";"942.2";"3240";"0";"";"";"";"-114";"-7";"14442";"1774332097613"
"76";"2026-03-24 03:02:37";"22.98";"67";"942.1800000000001";"3200";"0";"";"";"";"-114";"-7.300000190734863";"14443";"1774332157617"
"77";"2026-03-24 03:03:37";"22.98";"67";"942.14";"3180";"0";"";"";"";"-114";"-7";"14444";"1774332217614"
"78";"2026-03-24 03:04:37";"22.98";"67";"942.12";"3240";"0";"";"";"";"-114";"-8.300000190734863";"14445";"1774332277613"
"79";"2026-03-24 03:05:37";"22.99";"67";"942.1800000000001";"3220";"0";"";"";"";"-114";"-7";"14446";"1774332337607"
"80";"2026-03-24 03:06:37";"22.98";"66.5";"942.14";"3200";"0";"";"";"";"-113";"-6.5";"14447";"1774332397619"
"81";"2026-03-24 03:07:37";"22.98";"67";"942.14";"3200";"0";"";"";"";"-114";"-6.800000190734863";"14448";"1774332457617"
"82";"2026-03-24 03:08:37";"22.98";"66.5";"942.14";"3240";"0";"";"";"";"-114";"-7.300000190734863";"14449";"1774332517592"
"83";"2026-03-24 03:09:37";"22.99";"66.5";"942.14";"3240";"0";"";"";"";"-113";"-6.800000190734863";"14450";"1774332577618"
"84";"2026-03-24 03:10:37";"22.98";"66.5";"942.0600000000001";"3240";"0";"";"";"";"-114";"-7.5";"14451";"1774332637614"
"85";"2026-03-24 03:11:37";"22.98";"66.5";"942.1";"3180";"0";"";"";"";"-114";"-6";"14452";"1774332697608"
"86";"2026-03-24 03:12:37";"22.97";"66.5";"942.08";"3200";"0";"";"";"";"-113";"-5";"14453";"1774332757615"
"87";"2026-03-24 03:13:37";"22.97";"66.5";"942.08";"3220";"0";"";"";"";"-114";"-9.300000190734863";"14454";"1774332817605"
"88";"2026-03-24 03:14:37";"22.96";"66.5";"942.12";"3240";"0";"";"";"";"-114";"-7";"14455";"1774332877609"
"89";"2026-03-24 03:15:37";"22.96";"67";"942.08";"3180";"0";"";"";"";"-114";"-9";"14456";"1774332937605"
"90";"2026-03-24 03:16:37";"22.96";"66.5";"942.14";"3200";"0";"";"";"";"-114";"-7.5";"14457";"1774332997615"
"91";"2026-03-24 03:17:37";"22.96";"67";"942.1";"3200";"0";"";"";"";"-114";"-6.800000190734863";"14458";"1774333057612"
"92";"2026-03-24 03:18:37";"22.94";"67";"942.1";"3220";"0";"";"";"";"-114";"-8";"14459";"1774333117594"
"93";"2026-03-24 03:19:37";"22.95";"66.5";"942.12";"3180";"0";"";"";"";"-113";"-6.5";"14460";"1774333177609"
"94";"2026-03-24 03:20:37";"22.96";"66.5";"942.14";"3240";"0";"";"";"";"-114";"-6.5";"14461";"1774333237604"
"95";"2026-03-24 03:21:37";"22.96";"67";"942.14";"3220";"0";"";"";"";"-113";"-6.800000190734863";"14462";"1774333297609"
"96";"2026-03-24 03:22:37";"22.96";"66.5";"942.2";"3200";"0";"";"";"";"-113";"-6.800000190734863";"14463";"1774333357616"
"97";"2026-03-24 03:23:37";"22.96";"66.5";"942.14";"3240";"0";"";"";"";"-114";"-6.5";"14464";"1774333417603"
"98";"2026-03-24 03:24:37";"22.95";"66.5";"942.16";"3240";"0";"";"";"";"-113";"-5.300000190734863";"14465";"1774333477577"
"99";"2026-03-24 03:25:37";"22.95";"66.5";"942.1";"3180";"0";"";"";"";"-113";"-5.800000190734863";"14466";"1774333537608"
"100";"2026-03-24 03:26:37";"22.95";"66.5";"942.08";"3240";"0";"";"";"";"-114";"-7.300000190734863";"14467";"1774333597611"
"101";"2026-03-24 03:27:37";"22.95";"66.5";"942.0600000000001";"3240";"0";"";"";"";"-114";"-8.800000190734863";"14468";"1774333657614"
"102";"2026-03-24 03:28:37";"22.95";"66.5";"942.08";"3180";"0";"";"";"";"-114";"-6";"14469";"1774333717573"
"103";"2026-03-24 03:29:37";"22.95";"66.5";"942.08";"3180";"0";"";"";"";"-114";"-8.800000190734863";"14470";"1774333777612"
"104";"2026-03-24 03:30:37";"22.94";"66.5";"942.08";"3200";"0";"";"";"";"-114";"-7.300000190734863";"14471";"1774333837637"
"105";"2026-03-24 03:31:37";"22.93";"66.5";"942";"3200";"0";"";"";"";"-113";"-5.800000190734863";"14472";"1774333897616"
"106";"2026-03-24 03:33:37";"22.94";"66.5";"941.98";"3240";"0";"";"";"";"-114";"-7.5";"14474";"1774334017580"
"107";"2026-03-24 03:35:37";"22.95";"66.5";"942.02";"3240";"0";"";"";"";"-113";"-6";"14476";"1774334137608"
"108";"2026-03-24 03:36:37";"22.96";"66.5";"942.04";"3240";"0";"";"";"";"-113";"-7.300000190734863";"14477";"1774334197610"
"109";"2026-03-24 03:37:37";"22.95";"66.5";"942.02";"3220";"0";"";"";"";"-113";"-6";"14478";"1774334257621"
"110";"2026-03-24 03:39:37";"22.95";"66.5";"942.02";"3220";"0";"";"";"";"-114";"-8.300000190734863";"14480";"1774334377617"
"111";"2026-03-24 03:40:37";"22.97";"66.5";"942.02";"3180";"0";"";"";"";"-114";"-8.800000190734863";"14481";"1774334437613"
"112";"2026-03-24 03:41:37";"22.96";"66.5";"942";"3240";"0";"";"";"";"-113";"-5.5";"14482";"1774334497611"
"113";"2026-03-24 03:42:37";"22.96";"66.5";"942.02";"3180";"0";"";"";"";"-114";"-6.5";"14483";"1774334557595"
"114";"2026-03-24 03:43:37";"22.96";"66.5";"942.04";"3200";"0";"";"";"";"-113";"-5.5";"14484";"1774334617609"
"115";"2026-03-24 03:44:37";"22.96";"66.5";"942.08";"3180";"0";"";"";"";"-114";"-7.300000190734863";"14485";"1774334677571"
"116";"2026-03-24 03:45:37";"22.96";"66.5";"942.04";"3180";"0";"";"";"";"-114";"-7.800000190734863";"14486";"1774334737606"
"117";"2026-03-24 03:46:37";"22.94";"66.5";"942.02";"3180";"0";"";"";"";"-114";"-7.800000190734863";"14487";"1774334797611"
"118";"2026-03-24 03:47:37";"22.94";"66.5";"942.04";"3220";"0";"";"";"";"-113";"-5.800000190734863";"14488";"1774334857609"
"119";"2026-03-24 03:48:37";"22.95";"66.5";"942.04";"3220";"0";"";"";"";"-113";"-5.5";"14489";"1774334917582"
"120";"2026-03-24 03:49:37";"22.94";"66.5";"942";"3200";"0";"";"";"";"-114";"-6.300000190734863";"14490";"1774334977606"
"121";"2026-03-24 03:50:37";"22.94";"66.5";"941.98";"3240";"0";"";"";"";"-114";"-5.800000190734863";"14491";"1774335037606"
"122";"2026-03-24 03:51:37";"22.93";"66.5";"942";"3220";"0";"";"";"";"-113";"-5.5";"14492";"1774335097615"
"123";"2026-03-24 03:52:37";"22.94";"66.5";"942";"3180";"0";"";"";"";"-113";"-7";"14493";"1774335157605"
"124";"2026-03-24 03:53:37";"22.93";"66.5";"942";"3220";"0";"";"";"";"-113";"-5.800000190734863";"14494";"1774335217605"
"125";"2026-03-24 03:54:37";"22.94";"66.5";"941.96";"3240";"0";"";"";"";"-114";"-6.300000190734863";"14495";"1774335277608"
"126";"2026-03-24 03:55:37";"22.94";"66.5";"942";"3200";"0";"";"";"";"-113";"-7";"14496";"1774335337605"
"127";"2026-03-24 03:56:37";"22.94";"66.5";"941.98";"3180";"0";"";"";"";"-113";"-6";"14497";"1774335397644"
"128";"2026-03-24 03:57:37";"22.94";"66.5";"942";"3200";"0";"";"";"";"-113";"-6";"14498";"1774335457604"
"129";"2026-03-24 03:58:37";"22.94";"66.5";"942.02";"3240";"0";"";"";"";"-113";"-6.5";"14499";"1774335517589"
"130";"2026-03-24 03:59:37";"22.94";"66.5";"941.98";"3180";"0";"";"";"";"-113";"-7";"14500";"1774335577577"
"131";"2026-03-24 04:00:37";"22.95";"66.5";"942";"3220";"0";"";"";"";"-113";"-5.800000190734863";"14501";"1774335637611"
"132";"2026-03-24 04:01:37";"22.95";"66.5";"942";"3220";"0";"";"";"";"-114";"-7.5";"14502";"1774335697586"
"133";"2026-03-24 04:02:37";"22.94";"66.5";"942.0600000000001";"3220";"0";"";"";"";"-114";"-7";"14503";"1774335757637"
"134";"2026-03-24 04:03:37";"22.94";"66.5";"942.02";"3180";"0";"";"";"";"-113";"-6.300000190734863";"14504";"1774335817612"
"135";"2026-03-24 04:04:37";"22.94";"66.5";"942.04";"3180";"0";"";"";"";"-114";"-7.300000190734863";"14505";"1774335877583"
"136";"2026-03-24 04:06:37";"22.94";"66.5";"942.04";"3220";"0";"";"";"";"-114";"-8.800000190734863";"14507";"1774335997597"
"137";"2026-03-24 04:07:37";"22.93";"66.5";"942";"3180";"0";"";"";"";"-113";"-6.300000190734863";"14508";"1774336057576"
"138";"2026-03-24 04:08:37";"22.92";"66.5";"942";"3240";"0";"";"";"";"-113";"-5.5";"14509";"1774336117579"
"139";"2026-03-24 04:09:37";"22.92";"66.5";"942.0600000000001";"3180";"0";"";"";"";"-113";"-5.800000190734863";"14510";"1774336177578"
"140";"2026-03-24 04:10:37";"22.92";"66.5";"942.1";"3180";"0";"";"";"";"-114";"-7.300000190734863";"14511";"1774336237608"
"141";"2026-03-24 04:11:37";"22.92";"66.5";"942.12";"3180";"0";"";"";"";"-114";"-6.5";"14512";"1774336297610"
"142";"2026-03-24 04:12:37";"22.93";"66.5";"942.12";"3220";"0";"";"";"";"-114";"-6.800000190734863";"14513";"1774336357603"
"143";"2026-03-24 04:13:37";"22.92";"66.5";"942.08";"3240";"0";"";"";"";"-114";"-6.5";"14514";"1774336417612"
"144";"2026-03-24 04:14:37";"22.92";"66.5";"942.1";"3220";"0";"";"";"";"-113";"-5.300000190734863";"14515";"1774336477593"
"145";"2026-03-24 04:15:37";"22.92";"66.5";"942.12";"3220";"0";"";"";"";"-113";"-6.5";"14516";"1774336537612"
"146";"2026-03-24 04:16:37";"22.93";"66.5";"942.14";"3240";"0";"";"";"";"-114";"-6.5";"14517";"1774336597607"
"147";"2026-03-24 04:17:37";"22.94";"66.5";"942.14";"3180";"0";"";"";"";"-114";"-6.300000190734863";"14518";"1774336657589"
"148";"2026-03-24 04:18:37";"22.94";"66";"942.12";"3200";"0";"";"";"";"-113";"-6.5";"14519";"1774336717602"
"149";"2026-03-24 04:19:37";"22.93";"66.5";"942.08";"3200";"0";"";"";"";"-114";"-7.300000190734863";"14520";"1774336777608"
"150";"2026-03-24 04:20:37";"22.94";"66.5";"942.12";"3220";"0";"";"";"";"-114";"-6.800000190734863";"14521";"1774336837583"
"151";"2026-03-24 04:21:37";"22.94";"66.5";"942.14";"3180";"0";"";"";"";"-114";"-6.300000190734863";"14522";"1774336897601"
"152";"2026-03-24 04:22:37";"22.93";"66";"942.16";"3200";"0";"";"";"";"-113";"-6.800000190734863";"14523";"1774336957607"
"153";"2026-03-24 04:23:37";"22.94";"66";"942.16";"3200";"0";"";"";"";"-114";"-6.800000190734863";"14524";"1774337017606"
"154";"2026-03-24 04:24:37";"22.95";"66";"942.2";"3220";"0";"";"";"";"-114";"-6.800000190734863";"14525";"1774337077604"
"155";"2026-03-24 04:25:37";"22.94";"66";"942.2";"3180";"0";"";"";"";"-114";"-6.5";"14526";"1774337137600"
"156";"2026-03-24 04:26:37";"22.94";"66";"942.22";"3220";"0";"";"";"";"-114";"-6.800000190734863";"14527";"1774337197601"
"157";"2026-03-24 04:27:37";"22.94";"66";"942.1800000000001";"3180";"0";"";"";"";"-113";"-7";"14528";"1774337257604"
"158";"2026-03-24 04:28:37";"22.94";"66";"942.2";"3200";"0";"";"";"";"-114";"-6.800000190734863";"14529";"1774337317602"
"159";"2026-03-24 04:29:37";"22.94";"66";"942.1800000000001";"3180";"0";"";"";"";"-113";"-6.5";"14530";"1774337377599"
"160";"2026-03-24 04:30:37";"22.94";"66";"942.16";"3180";"0";"";"";"";"-114";"-6.800000190734863";"14531";"1774337437611"
"161";"2026-03-24 04:31:37";"22.93";"66";"942.12";"3180";"0";"";"";"";"-114";"-8";"14532";"1774337497611"
"162";"2026-03-24 04:32:37";"22.93";"66.5";"942.12";"3180";"0";"";"";"";"-113";"-6.800000190734863";"14533";"1774337557607"
"163";"2026-03-24 04:33:37";"22.93";"66.5";"942.12";"3220";"0";"";"";"";"-114";"-6.5";"14534";"1774337617611"
"164";"2026-03-24 04:34:37";"22.93";"66.5";"942.14";"3180";"0";"";"";"";"-114";"-6.800000190734863";"14535";"1774337677602"
"165";"2026-03-24 04:35:37";"22.92";"66.5";"942.16";"3200";"0";"";"";"";"-114";"-6.800000190734863";"14536";"1774337737598"
"166";"2026-03-24 04:36:37";"22.93";"66.5";"942.2";"3180";"0";"";"";"";"-114";"-7.300000190734863";"14537";"1774337797587"
"167";"2026-03-24 04:37:37";"22.92";"66.5";"942.2";"3180";"0";"";"";"";"-114";"-7.300000190734863";"14538";"1774337857605"
"168";"2026-03-24 04:38:37";"22.92";"66.5";"942.24";"3220";"0";"";"";"";"-113";"-7.300000190734863";"14539";"1774337917607"
"169";"2026-03-24 04:39:37";"22.92";"66.5";"942.26";"3200";"0";"";"";"";"-113";"-6.5";"14540";"1774337977583"
"170";"2026-03-24 04:40:37";"22.91";"66.5";"942.32";"3180";"0";"";"";"";"-113";"-6.800000190734863";"14541";"1774338037610"
"171";"2026-03-24 04:41:37";"22.92";"66.5";"942.36";"3200";"0";"";"";"";"-114";"-7.300000190734863";"14542";"1774338097569"
"172";"2026-03-24 04:42:37";"22.93";"66.5";"942.4";"3200";"0";"";"";"";"-113";"-6.5";"14543";"1774338157608"
"173";"2026-03-24 04:43:37";"22.91";"66.5";"942.4";"3200";"0";"";"";"";"-113";"-6";"14544";"1774338217604"
"174";"2026-03-24 04:44:37";"22.91";"66.5";"942.4";"3180";"0";"";"";"";"-113";"-6.800000190734863";"14545";"1774338277613"
"175";"2026-03-24 04:45:37";"22.91";"66.5";"942.38";"3180";"0";"";"";"";"-113";"-7";"14546";"1774338337610"
"176";"2026-03-24 04:46:37";"22.91";"66.5";"942.34";"3160";"0";"";"";"";"-113";"-6.300000190734863";"14547";"1774338397603"
"177";"2026-03-24 04:47:37";"22.9";"66.5";"942.4";"3180";"0";"";"";"";"-114";"-7.300000190734863";"14548";"1774338457608"
"178";"2026-03-24 04:48:37";"22.91";"66.5";"942.34";"3220";"0";"";"";"";"-113";"-7.800000190734863";"14549";"1774338517607"
"179";"2026-03-24 04:49:37";"22.9";"66.5";"942.38";"3220";"0";"";"";"";"-114";"-6.800000190734863";"14550";"1774338577610"
"180";"2026-03-24 04:50:37";"22.9";"66.5";"942.4";"3200";"0";"";"";"";"-114";"-6.800000190734863";"14551";"1774338637600"
"181";"2026-03-24 04:51:37";"22.88";"66.5";"942.4";"3200";"0";"";"";"";"-113";"-7.300000190734863";"14552";"1774338697578"
"182";"2026-03-24 04:52:37";"22.87";"66.5";"942.4200000000001";"3180";"0";"";"";"";"-113";"-6.5";"14553";"1774338757603"
"183";"2026-03-24 04:53:37";"22.88";"66.5";"942.4200000000001";"3220";"0";"";"";"";"-113";"-6.800000190734863";"14554";"1774338817604"
"184";"2026-03-24 04:54:37";"22.88";"66.5";"942.44";"3200";"0";"";"";"";"-113";"-6.300000190734863";"14555";"1774338877611"
"185";"2026-03-24 04:55:37";"22.89";"66.5";"942.44";"3180";"0";"";"";"";"-114";"-6.5";"14556";"1774338937603"
"186";"2026-03-24 04:56:37";"22.87";"66.5";"942.4200000000001";"3180";"0";"";"";"";"-114";"-7.300000190734863";"14557";"1774338997593"
"187";"2026-03-24 04:57:37";"22.87";"66.5";"942.44";"3180";"0";"";"";"";"-114";"-7";"14558";"1774339057579"
"188";"2026-03-24 04:58:37";"22.88";"66.5";"942.46";"3180";"0";"";"";"";"-114";"-7";"14559";"1774339117603"
"189";"2026-03-24 04:59:37";"22.89";"66.5";"942.46";"3180";"0";"";"";"";"-113";"-7";"14560";"1774339177608"
"190";"2026-03-24 05:00:37";"22.89";"66.5";"942.4200000000001";"3220";"0";"";"";"";"-114";"-7.300000190734863";"14561";"1774339237603"
"191";"2026-03-24 05:01:37";"22.88";"66.5";"942.46";"3180";"0";"";"";"";"-114";"-6.800000190734863";"14562";"1774339297600"
"192";"2026-03-24 05:02:37";"22.88";"66.5";"942.5";"3180";"0";"";"";"";"-113";"-7";"14563";"1774339357606"
"193";"2026-03-24 05:03:37";"22.87";"66.5";"942.48";"3180";"0";"";"";"";"-114";"-6.800000190734863";"14564";"1774339417600"
"194";"2026-03-24 05:04:37";"22.88";"66.5";"942.5";"3180";"0";"";"";"";"-113";"-7";"14565";"1774339477598"
"195";"2026-03-24 05:05:37";"22.88";"66.5";"942.46";"3200";"0";"";"";"";"-114";"-7";"14566";"1774339537612"
"196";"2026-03-24 05:06:37";"22.87";"66.5";"942.48";"3220";"0";"";"";"";"-114";"-6.5";"14567";"1774339597602"
"197";"2026-03-24 05:07:37";"22.87";"66.5";"942.48";"3200";"0";"";"";"";"-114";"-7.5";"14568";"1774339657605"
"198";"2026-03-24 05:08:37";"22.87";"66.5";"942.48";"3180";"0";"";"";"";"-113";"-7";"14569";"1774339717606"
"199";"2026-03-24 05:09:37";"22.87";"66.5";"942.5";"3200";"0";"";"";"";"-113";"-6.300000190734863";"14570";"1774339777603"
"200";"2026-03-24 05:10:37";"22.87";"66.5";"942.48";"3220";"0";"";"";"";"-113";"-6.5";"14571";"1774339837606"
"201";"2026-03-24 05:11:37";"22.87";"66.5";"942.54";"3200";"0";"";"";"";"-114";"-6.800000190734863";"14572";"1774339897594"
"202";"2026-03-24 05:12:37";"22.88";"66.5";"942.5600000000001";"3220";"0";"";"";"";"-113";"-6.5";"14573";"1774339957593"
"203";"2026-03-24 05:13:37";"22.87";"66.5";"942.54";"3200";"0";"";"";"";"-113";"-6";"14574";"1774340017607"
"204";"2026-03-24 05:14:37";"22.87";"66";"942.58";"3200";"0";"";"";"";"-113";"-6";"14575";"1774340077635"
"205";"2026-03-24 05:15:37";"22.88";"66";"942.5600000000001";"3200";"0";"";"";"";"-113";"-7.800000190734863";"14576";"1774340137607"
"206";"2026-03-24 05:16:37";"22.87";"66";"942.5600000000001";"3180";"0";"";"";"";"-114";"-7.300000190734863";"14577";"1774340197591"
"207";"2026-03-24 05:17:37";"22.87";"66.5";"942.58";"3220";"0";"";"";"";"-113";"-7.5";"14578";"1774340257602"
"208";"2026-03-24 05:18:37";"22.86";"66";"942.54";"3160";"0";"";"";"";"-114";"-7.5";"14579";"1774340317616"
"209";"2026-03-24 05:19:37";"22.87";"66";"942.58";"3200";"0";"";"";"";"-113";"-6.800000190734863";"14580";"1774340377576"
"210";"2026-03-24 05:20:37";"22.87";"66";"942.58";"3200";"0";"";"";"";"-114";"-7.5";"14581";"1774340437605"
"211";"2026-03-24 05:21:37";"22.86";"66";"942.6";"3160";"0";"";"";"";"-113";"-7";"14582";"1774340497623"
"212";"2026-03-24 05:22:37";"22.86";"66";"942.6";"3180";"0";"";"";"";"-113";"-6";"14583";"1774340557641"
"213";"2026-03-24 05:23:37";"22.86";"66";"942.6";"3160";"0";"";"";"";"-113";"-5.800000190734863";"14584";"1774340617605"
"214";"2026-03-24 05:24:37";"22.85";"66";"942.62";"3160";"0";"";"";"";"-114";"-7";"14585";"1774340677609"
"215";"2026-03-24 05:25:37";"22.86";"66";"942.66";"3180";"0";"";"";"";"-114";"-7.300000190734863";"14586";"1774340737608"
"216";"2026-03-24 05:26:37";"22.85";"66";"942.66";"3200";"0";"";"";"";"-113";"-6.800000190734863";"14587";"1774340797596"
"217";"2026-03-24 05:27:37";"22.85";"66";"942.6800000000001";"3160";"0";"";"";"";"-113";"-7.5";"14588";"1774340857601"
"218";"2026-03-24 05:28:37";"22.85";"66";"942.72";"3160";"0";"";"";"";"-113";"-7.5";"14589";"1774340917608"
"219";"2026-03-24 05:29:37";"22.85";"66";"942.72";"3180";"0";"";"";"";"-113";"-6.800000190734863";"14590";"1774340977603"
"220";"2026-03-24 05:31:37";"22.83";"66";"942.74";"3160";"0";"";"";"";"-114";"-6.5";"14592";"1774341097610"
"221";"2026-03-24 05:32:37";"22.84";"66";"942.74";"3160";"0";"";"";"";"-113";"-6.5";"14593";"1774341157599"
"222";"2026-03-24 05:33:37";"22.83";"66";"942.6800000000001";"3160";"0";"";"";"";"-113";"-7";"14594";"1774341217601"
"223";"2026-03-24 05:34:37";"22.83";"66";"942.7";"3200";"0";"";"";"";"-113";"-7.300000190734863";"14595";"1774341277591"
"224";"2026-03-24 05:35:37";"22.81";"66";"942.62";"3180";"0";"";"";"";"-114";"-7";"14596";"1774341337618"
"225";"2026-03-24 05:36:37";"22.8";"66";"942.66";"3160";"0";"";"";"";"-114";"-7.300000190734863";"14597";"1774341397606"
"226";"2026-03-24 05:37:37";"22.81";"66";"942.64";"3220";"0";"";"";"";"-114";"-7";"14598";"1774341457575"
"227";"2026-03-24 05:38:37";"22.81";"66";"942.64";"3160";"0";"";"";"";"-113";"-6.800000190734863";"14599";"1774341517606"
"228";"2026-03-24 05:39:37";"22.8";"66";"942.64";"3160";"0";"";"";"";"-113";"-7";"14600";"1774341577598"
"229";"2026-03-24 05:40:37";"22.81";"66";"942.7";"3220";"0";"";"";"";"-113";"-7.300000190734863";"14601";"1774341637573"
"230";"2026-03-24 05:41:37";"22.8";"66";"942.72";"3160";"0";"";"";"";"-113";"-7";"14602";"1774341697603"
"231";"2026-03-24 05:42:37";"22.79";"66";"942.72";"3160";"0";"";"";"";"-113";"-7";"14603";"1774341757602"
"232";"2026-03-24 05:43:37";"22.8";"66";"942.74";"3160";"0";"";"";"";"-114";"-7.5";"14604";"1774341817600"
"233";"2026-03-24 05:44:37";"22.8";"66";"942.78";"3160";"0";"";"";"";"-113";"-7";"14605";"1774341877599"
"234";"2026-03-24 05:45:37";"22.79";"66";"942.76";"3200";"0";"";"";"";"-114";"-6";"14606";"1774341937566"
"235";"2026-03-24 05:46:37";"22.81";"66";"942.74";"3200";"0";"";"";"";"-113";"-8";"14607";"1774341997605"
"236";"2026-03-24 05:47:37";"22.79";"66";"942.72";"3160";"0";"";"";"";"-114";"-6";"14608";"1774342057602"
"237";"2026-03-24 05:48:37";"22.76";"66";"942.72";"3180";"0";"";"";"";"-113";"-5.800000190734863";"14609";"1774342117608"
"238";"2026-03-24 05:49:37";"22.77";"66";"942.72";"3160";"0";"";"";"";"-113";"-6.800000190734863";"14610";"1774342177608"
"239";"2026-03-24 05:50:37";"22.78";"66";"942.74";"3180";"0";"";"";"";"-113";"-7.300000190734863";"14611";"1774342237607"
"240";"2026-03-24 05:51:37";"22.77";"66";"942.7";"3220";"0";"";"";"";"-113";"-8";"14612";"1774342297596"
"241";"2026-03-24 05:52:37";"22.76";"66";"942.74";"3220";"0";"";"";"";"-113";"-7.5";"14613";"1774342357604"
"242";"2026-03-24 05:53:37";"22.77";"66";"942.74";"3160";"0";"";"";"";"-113";"-7.300000190734863";"14614";"1774342417593"
"243";"2026-03-24 05:54:37";"22.77";"65.5";"942.72";"3180";"0";"";"";"";"-113";"-7.300000190734863";"14615";"1774342477602"
"244";"2026-03-24 05:55:37";"22.76";"65.5";"942.72";"3180";"0";"";"";"";"-113";"-7.300000190734863";"14616";"1774342537599"
"245";"2026-03-24 05:56:37";"22.78";"65.5";"942.72";"3200";"0";"";"";"";"-113";"-7";"14617";"1774342597599"
"246";"2026-03-24 05:57:37";"22.77";"65.5";"942.7";"3160";"0";"";"";"";"-113";"-7.800000190734863";"14618";"1774342657602"
"247";"2026-03-24 05:58:37";"22.75";"65.5";"942.74";"3180";"0";"";"";"";"-114";"-7.300000190734863";"14619";"1774342717609"
"248";"2026-03-24 05:59:37";"22.76";"65.5";"942.78";"3220";"0";"";"";"";"-113";"-6.800000190734863";"14620";"1774342777576"
"249";"2026-03-24 06:00:37";"22.77";"65.5";"942.82";"3200";"0";"";"";"";"-113";"-7.300000190734863";"14621";"1774342837604"
"250";"2026-03-24 06:01:37";"22.76";"65.5";"942.84";"3180";"0";"";"";"";"-113";"-7";"14622";"1774342897572"
"251";"2026-03-24 06:02:37";"22.75";"65.5";"942.86";"3160";"0";"";"";"";"-113";"-7";"14623";"1774342957628"
"252";"2026-03-24 06:03:37";"22.74";"65.5";"942.86";"3200";"0";"";"";"";"-113";"-7";"14624";"1774343017602"
"253";"2026-03-24 06:04:37";"22.74";"65.5";"942.9";"3160";"0";"";"";"";"-113";"-6.800000190734863";"14625";"1774343077604"
"254";"2026-03-24 06:05:37";"22.73";"65.5";"942.86";"3200";"0";"";"";"";"-113";"-6.800000190734863";"14626";"1774343137607"
"255";"2026-03-24 06:06:37";"22.73";"65.5";"942.84";"3160";"0";"";"";"";"-113";"-7";"14627";"1774343197608"
"256";"2026-03-24 06:07:37";"22.73";"65.5";"942.82";"3160";"0";"";"";"";"-114";"-7.300000190734863";"14628";"1774343257628"
"257";"2026-03-24 06:08:37";"22.74";"65.5";"942.86";"3200";"0";"";"";"";"-113";"-6.800000190734863";"14629";"1774343317608"
"258";"2026-03-24 06:09:37";"22.73";"65.5";"942.8000000000001";"3180";"0";"";"";"";"-114";"-7.300000190734863";"14630";"1774343377608"
"259";"2026-03-24 06:10:37";"22.73";"65.5";"942.84";"3160";"0";"";"";"";"-113";"-6.800000190734863";"14631";"1774343437603"
"260";"2026-03-24 06:11:37";"22.73";"65.5";"942.84";"3200";"0";"";"";"";"-113";"-7";"14632";"1774343497593"
"261";"2026-03-24 06:13:37";"22.74";"65.5";"942.84";"3200";"0";"";"";"";"-113";"-6.800000190734863";"14634";"1774343617612"
"262";"2026-03-24 06:14:37";"22.74";"65.5";"942.82";"3160";"0";"";"";"";"-113";"-6.800000190734863";"14635";"1774343677605"
"263";"2026-03-24 06:15:37";"22.74";"65.5";"942.84";"3200";"0";"";"";"";"-113";"-7";"14636";"1774343737602"
"264";"2026-03-24 06:16:37";"22.74";"65.5";"942.84";"3160";"0";"";"";"";"-114";"-6.800000190734863";"14637";"1774343797595"
"265";"2026-03-24 06:17:37";"22.73";"65.5";"942.84";"3200";"0";"";"";"";"-113";"-7.300000190734863";"14638";"1774343857603"
"266";"2026-03-24 06:18:37";"22.73";"65.5";"942.86";"3160";"0";"";"";"";"-113";"-6.5";"14639";"1774343917605"
"267";"2026-03-24 06:19:37";"22.72";"65.5";"942.88";"3160";"0";"";"";"";"-113";"-6.800000190734863";"14640";"1774343977599"
"268";"2026-03-24 06:20:37";"22.73";"65.5";"942.9";"3180";"0";"";"";"";"-113";"-7";"14641";"1774344037570"
"269";"2026-03-24 06:21:37";"22.71";"65.5";"942.9200000000001";"3160";"0";"";"";"";"-113";"-6.800000190734863";"14642";"1774344097608"
"270";"2026-03-24 06:23:37";"22.69";"65.5";"942.9200000000001";"3180";"0";"";"";"";"-113";"-6.5";"14644";"1774344217602"
"271";"2026-03-24 06:24:37";"22.7";"65.5";"942.9200000000001";"3200";"0";"";"";"";"-113";"-6";"14645";"1774344277604"
"272";"2026-03-24 06:25:37";"22.69";"65.5";"942.9200000000001";"3200";"0";"";"";"";"-113";"-6.800000190734863";"14646";"1774344337595"
"273";"2026-03-24 06:26:37";"22.69";"65.5";"942.9";"3200";"0";"";"";"";"-113";"-7.5";"14647";"1774344397597"
"274";"2026-03-24 06:27:37";"22.69";"65.5";"942.9";"3160";"0";"";"";"";"-113";"-6.800000190734863";"14648";"1774344457597"
"275";"2026-03-24 06:28:37";"22.69";"65.5";"942.9200000000001";"3180";"0";"";"";"";"-113";"-7.5";"14649";"1774344517606"
"276";"2026-03-24 06:29:37";"22.7";"65";"942.94";"3180";"0";"";"";"";"-113";"-6.800000190734863";"14650";"1774344577599"
"277";"2026-03-24 06:30:37";"22.68";"65";"942.96";"3160";"0";"";"";"";"-113";"-6";"14651";"1774344637568"
"278";"2026-03-24 06:31:37";"22.69";"65";"942.96";"3140";"0";"";"";"";"-113";"-7.300000190734863";"14652";"1774344697603"
"279";"2026-03-24 06:32:37";"22.68";"65";"942.98";"3160";"0";"";"";"";"-114";"-6.800000190734863";"14653";"1774344757606"
"280";"2026-03-24 06:33:37";"22.69";"65";"942.96";"3200";"0";"";"";"";"-114";"-7";"14654";"1774344817599"
"281";"2026-03-24 06:34:37";"22.67";"65";"942.98";"3180";"0";"";"";"";"-114";"-7.300000190734863";"14655";"1774344877594"
"282";"2026-03-24 06:35:37";"22.67";"65";"943.04";"3140";"0";"";"";"";"-113";"-6.5";"14656";"1774344937657"
"283";"2026-03-24 06:36:37";"22.68";"65";"943.04";"3160";"0";"";"";"";"-113";"-6.800000190734863";"14657";"1774344997603"
"284";"2026-03-24 06:37:37";"22.68";"65";"943.04";"3160";"0";"";"";"";"-113";"-6.5";"14658";"1774345057596"
"285";"2026-03-24 06:38:37";"22.68";"65";"943.04";"3160";"0";"";"";"";"-113";"-6.800000190734863";"14659";"1774345117629"
"286";"2026-03-24 06:39:37";"22.67";"65";"943.08";"3160";"0";"";"";"";"-113";"-7";"14660";"1774345177602"
"287";"2026-03-24 06:40:37";"22.67";"65";"943.12";"3200";"0";"";"";"";"-113";"-6.5";"14661";"1774345237597"
"288";"2026-03-24 06:41:37";"22.67";"65.5";"943.1";"3140";"0";"";"";"";"-113";"-6.800000190734863";"14662";"1774345297579"
"289";"2026-03-24 06:42:37";"22.68";"65";"943.1";"3140";"0";"";"";"";"-113";"-6.5";"14663";"1774345357607"
"290";"2026-03-24 06:43:37";"22.69";"65";"943.1";"3140";"4";"";"";"";"-113";"-6.800000190734863";"14664";"1774345417604"
"291";"2026-03-24 06:44:37";"22.69";"65";"943.12";"3180";"4";"";"";"";"-113";"-6.300000190734863";"14665";"1774345477601"
"292";"2026-03-24 06:45:37";"22.69";"65";"943.12";"3140";"4";"";"";"";"-113";"-6";"14666";"1774345537599"
"293";"2026-03-24 06:46:37";"22.68";"65.5";"943.0600000000001";"3140";"4";"";"";"";"-113";"-7";"14667";"1774345597593"
"294";"2026-03-24 06:47:37";"22.68";"65.5";"943.04";"3160";"8";"";"";"";"-113";"-5.800000190734863";"14668";"1774345657592"
"295";"2026-03-24 06:48:37";"22.68";"65.5";"943.08";"3160";"12";"";"";"";"-113";"-7";"14669";"1774345717607"
"296";"2026-03-24 06:49:37";"22.69";"65.5";"943.0600000000001";"3140";"16";"";"";"";"-113";"-5.5";"14670";"1774345777600"
"297";"2026-03-24 06:50:37";"22.68";"65.5";"943.08";"3180";"20";"";"";"";"-114";"-6.5";"14671";"1774345837599"
"298";"2026-03-24 06:51:37";"22.68";"65.5";"943.04";"3160";"16";"";"";"";"-113";"-6.300000190734863";"14672";"1774345897593"
"299";"2026-03-24 06:52:37";"22.68";"65.5";"943.0600000000001";"3180";"16";"";"";"";"-113";"-7";"14673";"1774345957590"
"300";"2026-03-24 06:53:37";"22.68";"65.5";"943.04";"3160";"20";"";"";"";"-113";"-6.300000190734863";"14674";"1774346017595"
"301";"2026-03-24 06:54:37";"22.68";"65.5";"943.04";"3200";"28";"";"";"";"-113";"-6.5";"14675";"1774346077606"
"302";"2026-03-24 06:55:37";"22.69";"65.5";"943.04";"3160";"44";"";"";"";"-114";"-7.5";"14676";"1774346137596"
"303";"2026-03-24 06:56:37";"22.69";"65.5";"943.04";"3160";"68";"";"";"";"-113";"-6.300000190734863";"14677";"1774346197603"
"304";"2026-03-24 06:57:37";"22.7";"65.5";"943.0600000000001";"3160";"88";"";"";"";"-113";"-6.300000190734863";"14678";"1774346257598"
"305";"2026-03-24 06:58:37";"22.72";"65.5";"943.08";"3180";"116";"";"";"";"-113";"-7";"14679";"1774346317599"
"306";"2026-03-24 06:59:37";"22.74";"65.5";"943.1";"3160";"140";"";"";"";"-113";"-7";"14680";"1774346377596"
"307";"2026-03-24 07:00:37";"22.77";"65";"943.1";"3200";"144";"";"";"";"-113";"-6.5";"14681";"1774346437607"
"308";"2026-03-24 07:01:37";"22.78";"65";"943.14";"3140";"132";"";"";"";"-114";"-8.800000190734863";"14682";"1774346497599"
"309";"2026-03-24 07:02:37";"22.79";"65";"943.1";"3180";"592";"";"";"";"-113";"-7.300000190734863";"14683";"1774346557596"
"310";"2026-03-24 07:03:37";"22.78";"65";"943.1800000000001";"3180";"592";"";"";"";"-113";"-6";"14684";"1774346617597"
"311";"2026-03-24 07:04:37";"22.69";"63.5";"943.16";"3140";"580";"";"";"";"-113";"-5.5";"14685";"1774346677605"
"312";"2026-03-24 07:05:37";"22.51";"62.5";"943.1800000000001";"3160";"572";"";"";"";"-113";"-6.5";"14686";"1774346737599"
"313";"2026-03-24 07:06:37";"22.28";"62";"943.16";"3140";"580";"";"";"";"-113";"-6";"14687";"1774346797604"
"314";"2026-03-24 07:07:37";"22.16";"61.5";"943.2";"3140";"580";"";"";"";"-113";"-7.800000190734863";"14688";"1774346857602"
"315";"2026-03-24 07:08:37";"21.96";"61";"943.22";"3180";"576";"";"";"";"-113";"-5.5";"14689";"1774346917600"
"316";"2026-03-24 07:09:37";"21.87";"61";"943.24";"3140";"572";"";"";"";"-113";"-6";"14690";"1774346977595"
"317";"2026-03-24 07:10:37";"21.67";"61";"943.26";"3180";"560";"";"";"";"-113";"-5.5";"14691";"1774347037590"
"318";"2026-03-24 07:11:37";"21.48";"60.5";"943.28";"3140";"548";"";"";"";"-113";"-7";"14692";"1774347097599"
"319";"2026-03-24 07:12:37";"21.42";"60.5";"943.26";"3140";"536";"";"";"";"-113";"-6.5";"14693";"1774347157601"
"320";"2026-03-24 07:13:37";"21.42";"60";"943.32";"3160";"524";"";"";"";"-113";"-5.5";"14694";"1774347217598"
"321";"2026-03-24 07:14:37";"21.42";"59.5";"943.34";"3140";"516";"";"";"";"-113";"-6.300000190734863";"14695";"1774347277602"
"322";"2026-03-24 07:15:37";"21.4";"59";"943.36";"3180";"496";"";"";"";"-113";"-6";"14696";"1774347337592"
"323";"2026-03-24 07:16:37";"21.29";"59";"943.36";"3180";"492";"";"";"";"-113";"-6.5";"14697";"1774347397602"
"324";"2026-03-24 07:17:37";"21.27";"58.5";"943.36";"3140";"496";"";"";"";"-113";"-5.300000190734863";"14698";"1774347457605"
"325";"2026-03-24 07:18:37";"21.17";"58.5";"943.44";"3160";"488";"";"";"";"-113";"-6.800000190734863";"14699";"1774347517601"
"326";"2026-03-24 07:19:37";"21.1";"58";"943.48";"3140";"496";"";"";"";"-113";"-5.800000190734863";"14700";"1774347577570"
"327";"2026-03-24 07:20:37";"21.01";"58";"943.46";"3160";"484";"";"";"";"-113";"-5.800000190734863";"14701";"1774347637600"
"328";"2026-03-24 07:21:37";"20.94";"58";"943.48";"3180";"484";"";"";"";"-113";"-5.5";"14702";"1774347697589"
"329";"2026-03-24 07:22:37";"20.95";"57.5";"943.46";"3140";"492";"";"";"";"-113";"-5.800000190734863";"14703";"1774347757587"
"330";"2026-03-24 07:23:37";"21.03";"57.5";"943.46";"3160";"484";"";"";"";"-113";"-5.800000190734863";"14704";"1774347817599"
"331";"2026-03-24 07:24:37";"20.95";"58.5";"943.46";"3160";"488";"";"";"";"-113";"-5.800000190734863";"14705";"1774347877593"
"332";"2026-03-24 07:25:37";"21.01";"59";"943.46";"3160";"492";"";"";"";"-113";"-5.5";"14706";"1774347937597"
"333";"2026-03-24 07:26:37";"21.09";"59";"943.4200000000001";"3160";"488";"";"";"";"-113";"-5.800000190734863";"14707";"1774347997599"
"334";"2026-03-24 07:27:37";"21.1";"59.5";"943.44";"3160";"484";"";"";"";"-113";"-5.800000190734863";"14708";"1774348057590"
"335";"2026-03-24 07:28:37";"21.16";"59.5";"943.4";"3180";"480";"";"";"";"-113";"-5.800000190734863";"14709";"1774348117597"
"336";"2026-03-24 07:29:37";"21.08";"60";"943.4";"3180";"476";"";"";"";"-113";"-6";"14710";"1774348177606"
"337";"2026-03-24 07:30:37";"21.05";"60.5";"943.4";"3160";"488";"";"";"";"-113";"-6.300000190734863";"14711";"1774348237589"
"338";"2026-03-24 07:31:37";"21.07";"60.5";"943.4200000000001";"3160";"484";"";"";"";"-113";"-5.800000190734863";"14712";"1774348297603"
"339";"2026-03-24 07:32:37";"21.18";"60.5";"943.46";"3160";"484";"";"";"";"-113";"-6.800000190734863";"14713";"1774348357600"
"340";"2026-03-24 07:33:37";"21.13";"61.5";"943.44";"3180";"484";"";"";"";"-113";"-5.5";"14714";"1774348417612"
"341";"2026-03-24 07:34:37";"21.16";"61.5";"943.44";"3140";"480";"";"";"";"-113";"-5.800000190734863";"14715";"1774348477600"
"342";"2026-03-24 07:35:37";"21.15";"62";"943.46";"3160";"472";"";"";"";"-113";"-5";"14716";"1774348537582"
"343";"2026-03-24 07:36:37";"21.15";"62.5";"943.4";"3140";"484";"";"";"";"-113";"-6.300000190734863";"14717";"1774348597600"
"344";"2026-03-24 07:37:37";"21.19";"62.5";"943.44";"3180";"472";"";"";"";"-113";"-6.5";"14718";"1774348657590"
"345";"2026-03-24 07:38:37";"21.19";"62.5";"943.4200000000001";"3140";"472";"";"";"";"-113";"-6.300000190734863";"14719";"1774348717592"
"346";"2026-03-24 07:39:37";"21.23";"62.5";"943.4";"3140";"480";"";"";"";"-113";"-6.5";"14720";"1774348777592"
"347";"2026-03-24 07:40:37";"21.23";"63";"943.4200000000001";"3160";"484";"";"";"";"-113";"-5.5";"14721";"1774348837592"
"348";"2026-03-24 07:41:37";"21.27";"63";"943.4";"3140";"472";"";"";"";"-113";"-6";"14722";"1774348897586"
"349";"2026-03-24 07:42:37";"21.31";"63";"943.4200000000001";"3140";"464";"";"";"";"-113";"-4.5";"14723";"1774348957576"
"350";"2026-03-24 07:43:37";"21.3";"63";"943.44";"3180";"480";"";"";"";"-113";"-4.800000190734863";"14724";"1774349017587"
"351";"2026-03-24 07:44:37";"21.31";"63";"943.48";"3140";"480";"";"";"";"-113";"-4.5";"14725";"1774349077598"
"352";"2026-03-24 07:45:37";"21.34";"63";"943.44";"3140";"464";"";"";"";"-113";"-4.800000190734863";"14726";"1774349137566"
"353";"2026-03-24 07:46:37";"21.36";"63.5";"943.52";"3160";"484";"";"";"";"-113";"-5.300000190734863";"14727";"1774349197599"
"354";"2026-03-24 07:47:37";"21.35";"63.5";"943.52";"3140";"472";"";"";"";"-113";"-5.5";"14728";"1774349257597"
"355";"2026-03-24 07:48:37";"21.35";"63.5";"943.52";"3140";"476";"";"";"";"-113";"-4.5";"14729";"1774349317601"
"356";"2026-03-24 07:49:37";"21.38";"63.5";"943.54";"3180";"472";"";"";"";"-112";"-5";"14730";"1774349377593"
"357";"2026-03-24 07:50:37";"21.37";"63.5";"943.5600000000001";"3140";"476";"";"";"";"-113";"-5.800000190734863";"14731";"1774349437601"
"358";"2026-03-24 07:51:37";"21.38";"63.5";"943.5600000000001";"3160";"476";"";"";"";"-113";"-6";"14732";"1774349497606"
"359";"2026-03-24 07:52:37";"21.39";"63.5";"943.6";"3140";"472";"";"";"";"-113";"-7";"14733";"1774349557598"
"360";"2026-03-24 07:53:37";"21.43";"63.5";"943.62";"3140";"476";"";"";"";"-113";"-8";"14734";"1774349617605"
"361";"2026-03-24 07:54:37";"21.48";"63.5";"943.6800000000001";"3140";"484";"";"";"";"-113";"-6";"14735";"1774349677586"
"362";"2026-03-24 07:55:37";"21.46";"63.5";"943.64";"3120";"484";"";"";"";"-113";"-6.5";"14736";"1774349737593"
"363";"2026-03-24 07:56:37";"21.48";"63.5";"943.64";"3140";"476";"";"";"";"-113";"-6.800000190734863";"14737";"1774349797592"
"364";"2026-03-24 07:57:37";"21.49";"63";"943.64";"3180";"476";"";"";"";"-113";"-4.800000190734863";"14738";"1774349857604"
"365";"2026-03-24 07:58:37";"21.52";"63";"943.58";"3140";"484";"";"";"";"-113";"-5.800000190734863";"14739";"1774349917595"
"366";"2026-03-24 07:59:37";"21.53";"62.5";"943.58";"3160";"516";"";"";"";"-113";"-7.5";"14740";"1774349977595"
"367";"2026-03-24 08:00:37";"21.56";"62.5";"943.5600000000001";"3140";"556";"";"";"";"-113";"-5.800000190734863";"14741";"1774350037593"
"368";"2026-03-24 08:01:37";"21.53";"62";"943.54";"3120";"592";"";"";"";"-114";"-8.5";"14742";"1774350097590"
"369";"2026-03-24 08:02:37";"21.55";"62";"943.5600000000001";"3160";"636";"";"";"";"-113";"-7";"14743";"1774350157595"
"370";"2026-03-24 08:03:37";"21.55";"62";"943.5600000000001";"3160";"664";"";"";"";"-113";"-8.5";"14744";"1774350217599"
"371";"2026-03-24 08:04:37";"21.53";"61.5";"943.5600000000001";"3120";"712";"";"";"";"-113";"-7.800000190734863";"14745";"1774350277591"
"372";"2026-03-24 08:05:37";"21.56";"61.5";"943.5600000000001";"3160";"724";"";"";"";"-113";"-6.800000190734863";"14746";"1774350337602"
"373";"2026-03-24 08:06:37";"21.55";"61.5";"943.54";"3160";"596";"";"";"";"-113";"-5.5";"14747";"1774350397598"
"374";"2026-03-24 08:07:37";"21.55";"60.5";"943.58";"3120";"776";"";"";"";"-113";"-5.300000190734863";"14748";"1774350457598"
"375";"2026-03-24 08:08:37";"21.58";"61";"943.58";"3140";"796";"";"";"";"-113";"-8";"14749";"1774350517595"
"376";"2026-03-24 08:09:37";"21.63";"60.5";"943.58";"3120";"828";"";"";"";"-114";"-8.300000190734863";"14750";"1774350577603"
"377";"2026-03-24 08:10:37";"21.63";"60.5";"943.62";"3140";"864";"";"";"";"-114";"-7.800000190734863";"14751";"1774350637591"
"378";"2026-03-24 08:11:37";"21.61";"60.5";"943.62";"3140";"872";"";"";"";"-113";"-6";"14752";"1774350697590"
"379";"2026-03-24 08:12:37";"21.66";"59.5";"943.64";"3140";"904";"";"";"";"-113";"-5.5";"14753";"1774350757590"
"380";"2026-03-24 08:13:37";"21.68";"59";"943.64";"3120";"932";"";"";"";"-113";"-4.800000190734863";"14754";"1774350817594"
"381";"2026-03-24 08:15:37";"21.71";"58.5";"943.62";"3120";"956";"";"";"";"-113";"-5.300000190734863";"14756";"1774350937595"
"382";"2026-03-24 08:16:37";"21.73";"59.5";"943.62";"3140";"976";"";"";"";"-113";"-7.5";"14757";"1774350997586"
"383";"2026-03-24 08:17:37";"21.81";"59.5";"943.5600000000001";"3120";"996";"";"";"";"-113";"-6";"14758";"1774351057571"
"384";"2026-03-24 08:18:37";"21.89";"59.5";"943.58";"3120";"1012";"";"";"";"-113";"-5.5";"14759";"1774351117566"
"385";"2026-03-24 08:19:37";"21.87";"60";"943.5600000000001";"3120";"1036";"";"";"";"-113";"-6.800000190734863";"14760";"1774351177589"
"386";"2026-03-24 08:20:37";"21.9";"60";"943.5600000000001";"3160";"1056";"";"";"";"-113";"-6";"14761";"1774351237592"
"387";"2026-03-24 08:21:37";"21.95";"60";"943.5600000000001";"3180";"1052";"";"";"";"-113";"-5.300000190734863";"14762";"1774351297588"
"388";"2026-03-24 08:22:37";"21.99";"60";"943.54";"3140";"1084";"";"";"";"-114";"-10.5";"14763";"1774351357590"
"389";"2026-03-24 08:23:37";"22.03";"60";"943.48";"3140";"1092";"";"";"";"-113";"-5.300000190734863";"14764";"1774351417594"
"390";"2026-03-24 08:24:37";"22.1";"60";"943.48";"3140";"1116";"";"";"";"-112";"-4.800000190734863";"14765";"1774351477594"
"391";"2026-03-24 08:25:37";"22.13";"60";"943.48";"3120";"1112";"";"";"";"-113";"-4.800000190734863";"14766";"1774351537599"
"392";"2026-03-24 08:26:37";"22.18";"60.5";"943.48";"3160";"1144";"";"";"";"-113";"-8";"14767";"1774351597601"
"393";"2026-03-24 08:28:37";"22.28";"60.5";"943.5";"3120";"1152";"";"";"";"-113";"-5.800000190734863";"14769";"1774351717583"
"394";"2026-03-24 08:29:37";"22.35";"60.5";"943.48";"3120";"1168";"";"";"";"-113";"-5.300000190734863";"14770";"1774351777590"
"395";"2026-03-24 08:31:37";"22.46";"60";"943.54";"3140";"1172";"";"";"";"-113";"-5.5";"14772";"1774351897598"
"396";"2026-03-24 08:32:37";"22.5";"60.5";"943.54";"3160";"568";"";"";"";"-114";"-7.300000190734863";"14773";"1774351957609"
"397";"2026-03-24 08:33:37";"22.43";"59.5";"943.58";"3120";"1204";"";"";"";"-112";"-3.799999952316284";"14774";"1774352017606"
"398";"2026-03-24 08:34:37";"22.32";"59";"943.54";"3140";"1200";"";"";"";"-113";"-4.5";"14775";"1774352077594"
"399";"2026-03-24 08:35:37";"22.31";"59";"943.52";"3120";"1204";"";"";"";"-112";"-3.799999952316284";"14776";"1774352137586"
"400";"2026-03-24 08:36:37";"22.27";"59";"943.5600000000001";"3120";"1212";"";"";"";"-113";"-4.300000190734863";"14777";"1774352197559"
"401";"2026-03-24 08:37:37";"22.28";"59";"943.54";"3160";"1204";"";"";"";"-113";"-4.800000190734863";"14778";"1774352257590"
"402";"2026-03-24 08:38:37";"22.3";"58.5";"943.52";"3140";"1204";"";"";"";"-112";"-4.300000190734863";"14779";"1774352317582"
"403";"2026-03-24 08:39:37";"22.25";"58.5";"943.48";"3160";"1200";"";"";"";"-113";"-4.800000190734863";"14780";"1774352377599"
"404";"2026-03-24 08:40:37";"22.25";"58.5";"943.5";"3140";"1208";"";"";"";"-113";"-5.5";"14781";"1774352437585"
"405";"2026-03-24 08:41:37";"22.27";"58.5";"943.5";"3120";"1200";"";"";"";"-113";"-4.800000190734863";"14782";"1774352497636"
"406";"2026-03-24 08:42:37";"22.29";"58";"943.5";"3120";"1204";"";"";"";"-113";"-4.5";"14783";"1774352557567"
"407";"2026-03-24 08:43:37";"22.31";"58";"943.5";"3160";"1188";"";"";"";"-113";"-4.300000190734863";"14784";"1774352617587"
"408";"2026-03-24 08:44:37";"22.31";"58";"943.44";"3140";"1196";"";"";"";"-113";"-4.300000190734863";"14785";"1774352677591"
"409";"2026-03-24 08:45:37";"22.34";"57.5";"943.48";"3120";"1176";"";"";"";"-113";"-4.300000190734863";"14786";"1774352737596"
"410";"2026-03-24 08:46:37";"22.38";"57.5";"943.46";"3160";"1172";"";"";"";"-112";"-4.300000190734863";"14787";"1774352797600"
"411";"2026-03-24 08:47:37";"22.33";"57.5";"943.48";"3120";"1168";"";"";"";"-113";"-4.800000190734863";"14788";"1774352857597"
"412";"2026-03-24 08:48:37";"22.32";"57";"943.48";"3120";"1164";"";"";"";"-113";"-5.800000190734863";"14789";"1774352917593"
"413";"2026-03-24 08:49:37";"22.29";"57";"943.5";"3160";"1168";"";"";"";"-113";"-5.300000190734863";"14790";"1774352977561"
"414";"2026-03-24 08:50:37";"22.27";"56.5";"943.52";"3160";"1168";"";"";"";"-113";"-5.800000190734863";"14791";"1774353037586"
"415";"2026-03-24 08:51:37";"22.31";"56.5";"943.54";"3160";"1148";"";"";"";"-113";"-4.5";"14792";"1774353097597"
"416";"2026-03-24 08:52:37";"22.3";"56.5";"943.54";"3160";"1148";"";"";"";"-113";"-4.300000190734863";"14793";"1774353157598"
"417";"2026-03-24 08:53:37";"22.31";"56";"943.5600000000001";"3120";"1144";"";"";"";"-112";"-3.5";"14794";"1774353217597"
"418";"2026-03-24 08:54:37";"22.34";"55.5";"943.58";"3120";"1136";"";"";"";"-113";"-4.5";"14795";"1774353277596"
"419";"2026-03-24 08:55:37";"22.31";"55.5";"943.58";"3140";"1128";"";"";"";"-113";"-6";"14796";"1774353337596"
"420";"2026-03-24 08:56:37";"22.3";"55";"943.5600000000001";"3160";"1124";"";"";"";"-113";"-5";"14797";"1774353397591"
"421";"2026-03-24 08:57:37";"22.24";"55";"943.6";"3160";"1132";"";"";"";"-112";"-4.5";"14798";"1774353457552"
"422";"2026-03-24 08:58:37";"22.27";"55";"943.62";"3120";"1128";"";"";"";"-113";"-4.300000190734863";"14799";"1774353517568"
"423";"2026-03-24 08:59:37";"22.25";"55";"943.6";"3120";"1124";"";"";"";"-112";"-3.5";"14800";"1774353577586"
"424";"2026-03-24 09:00:37";"22.24";"54.5";"943.62";"3160";"1116";"";"";"";"-113";"-5";"14801";"1774353637544"
"425";"2026-03-24 09:01:37";"22.24";"55";"943.5600000000001";"3120";"1108";"";"";"";"-113";"-4";"14802";"1774353697587"
"426";"2026-03-24 09:02:37";"22.22";"54.5";"943.58";"3120";"1112";"";"";"";"-113";"-5";"14803";"1774353757587"
"427";"2026-03-24 09:03:37";"22.28";"54.5";"943.54";"3140";"1104";"";"";"";"-112";"-4";"14804";"1774353817585"
"428";"2026-03-24 09:04:37";"22.24";"54.5";"943.5600000000001";"3160";"1100";"";"";"";"-113";"-5";"14805";"1774353877588"
"429";"2026-03-24 09:05:37";"22.21";"54.5";"943.52";"3160";"1088";"";"";"";"-113";"-4.5";"14806";"1774353937587"
"430";"2026-03-24 09:06:37";"22.19";"55";"943.52";"3120";"892";"";"";"";"-114";"-7.300000190734863";"14807";"1774353997585"
"431";"2026-03-24 09:07:37";"22.28";"55.5";"943.5";"3120";"944";"";"";"";"-113";"-6";"14808";"1774354057594"
"432";"2026-03-24 09:08:37";"22.48";"55.5";"943.5";"3100";"1052";"";"";"";"-112";"-3.799999952316284";"14809";"1774354117563"
"433";"2026-03-24 09:09:37";"22.51";"55";"943.5";"3100";"1068";"";"";"";"-113";"-5.5";"14810";"1774354177592"
"434";"2026-03-24 09:10:37";"22.53";"56";"943.52";"3100";"1080";"";"";"";"-113";"-4.5";"14811";"1774354237582"
"435";"2026-03-24 09:11:37";"22.56";"56";"943.5";"3100";"1068";"";"";"";"-112";"-4.300000190734863";"14812";"1774354297555"
"436";"2026-03-24 09:12:37";"22.55";"56";"943.5";"3120";"1024";"";"";"";"-113";"-4.5";"14813";"1774354357587"
"437";"2026-03-24 09:13:37";"22.61";"57.5";"943.5";"3120";"688";"";"";"";"-113";"-6";"14814";"1774354417562"
"438";"2026-03-24 09:14:37";"22.66";"56";"943.5";"3100";"1028";"";"";"";"-113";"-4.800000190734863";"14815";"1774354477579"
"439";"2026-03-24 09:16:37";"22.73";"57";"943.58";"3120";"820";"";"";"";"-113";"-5.5";"14817";"1774354597555"
"440";"2026-03-24 09:17:37";"22.76";"56.5";"943.5600000000001";"3160";"784";"";"";"";"-113";"-5.300000190734863";"14818";"1774354657589"
"441";"2026-03-24 09:18:37";"22.74";"56.5";"943.6";"3140";"816";"";"";"";"-113";"-5.5";"14819";"1774354717593"
"442";"2026-03-24 09:19:37";"22.8";"56.5";"943.62";"3100";"808";"";"";"";"-112";"-3.5";"14820";"1774354777562"
"443";"2026-03-24 09:20:37";"22.78";"56.5";"943.6";"3140";"804";"";"";"";"-113";"-5";"14821";"1774354837588"
"444";"2026-03-24 09:21:37";"22.82";"56";"943.66";"3160";"816";"";"";"";"-113";"-5.300000190734863";"14822";"1774354897567"
"445";"2026-03-24 09:22:37";"22.81";"56";"943.64";"3140";"796";"";"";"";"-114";"-7.5";"14823";"1774354957582"
"446";"2026-03-24 09:23:37";"22.85";"56.5";"943.6800000000001";"3100";"796";"";"";"";"-113";"-6.300000190734863";"14824";"1774355017575"
"447";"2026-03-24 09:25:37";"22.8";"56";"943.72";"3100";"688";"";"";"";"-114";"-7.300000190734863";"14826";"1774355137595"
"448";"2026-03-24 09:26:37";"22.72";"56";"943.72";"3100";"788";"";"";"";"-113";"-7";"14827";"1774355197591"
"449";"2026-03-24 09:27:37";"22.74";"56";"943.74";"3120";"784";"";"";"";"-113";"-3.299999952316284";"14828";"1774355257584"
"450";"2026-03-24 09:28:37";"22.81";"56";"943.72";"3100";"784";"";"";"";"-114";"-9";"14829";"1774355317589"
"451";"2026-03-24 09:29:37";"22.87";"55.5";"943.72";"3140";"792";"";"";"";"-113";"-6.5";"14830";"1774355377606"
"452";"2026-03-24 09:30:37";"22.89";"55.5";"943.72";"3140";"788";"";"";"";"-113";"-8.300000190734863";"14831";"1774355437559"
"453";"2026-03-24 09:31:37";"22.87";"55.5";"943.72";"3100";"788";"";"";"";"-113";"-7.5";"14832";"1774355497562"
"454";"2026-03-24 09:32:37";"22.89";"55.5";"943.74";"3100";"768";"";"";"";"-114";"-9.800000190734863";"14833";"1774355557548"
"455";"2026-03-24 09:34:37";"22.91";"56";"943.6800000000001";"3100";"776";"";"";"";"-113";"-5";"14835";"1774355677548"
"456";"2026-03-24 09:35:37";"22.92";"57";"943.72";"3120";"664";"";"";"";"-113";"-5.800000190734863";"14836";"1774355737579"
"457";"2026-03-24 09:36:37";"22.96";"56";"943.64";"3120";"792";"";"";"";"-114";"-7.300000190734863";"14837";"1774355797576"
"458";"2026-03-24 09:37:37";"22.99";"56.5";"943.66";"3100";"772";"";"";"";"-113";"-7.300000190734863";"14838";"1774355857591"
"459";"2026-03-24 09:38:37";"22.95";"56.5";"943.6";"3100";"768";"";"";"";"-114";"-6.5";"14839";"1774355917591"
"460";"2026-03-24 09:39:37";"22.9";"57.5";"943.64";"3120";"768";"";"";"";"-113";"-4.800000190734863";"14840";"1774355977578"
"461";"2026-03-24 09:40:37";"22.83";"57.5";"943.64";"3140";"760";"";"";"";"-113";"-6.300000190734863";"14841";"1774356037595"
"462";"2026-03-24 09:41:37";"22.87";"57";"943.6";"3100";"780";"";"";"";"-113";"-6.800000190734863";"14842";"1774356097559"
"463";"2026-03-24 09:42:37";"22.86";"57";"943.64";"3120";"700";"";"";"";"-113";"-6.5";"14843";"1774356157558"
"464";"2026-03-24 09:43:37";"22.83";"58";"943.6800000000001";"3140";"752";"";"";"";"-114";"-7";"14844";"1774356217569"
"465";"2026-03-24 09:44:37";"22.8";"57.5";"943.66";"3140";"756";"";"";"";"-113";"-7.5";"14845";"1774356277581"
"466";"2026-03-24 09:45:37";"22.84";"56.5";"943.66";"3120";"768";"";"";"";"-113";"-7";"14846";"1774356337588"
"467";"2026-03-24 09:46:37";"22.78";"56.5";"943.66";"3140";"764";"";"";"";"-113";"-5.300000190734863";"14847";"1774356397594"
"468";"2026-03-24 09:47:37";"22.78";"56.5";"943.64";"3100";"764";"";"";"";"-113";"-7.300000190734863";"14848";"1774356457586"
"469";"2026-03-24 09:48:37";"22.67";"55.5";"943.64";"3100";"756";"";"";"";"-114";"-7";"14849";"1774356517601"
"470";"2026-03-24 09:49:37";"22.71";"55.5";"943.66";"3100";"756";"";"";"";"-114";"-9";"14850";"1774356577578"
"471";"2026-03-24 09:50:37";"22.69";"54.5";"943.66";"3140";"744";"";"";"";"-114";"-7.300000190734863";"14851";"1774356637584"
"472";"2026-03-24 09:51:37";"22.67";"54.5";"943.62";"3100";"752";"";"";"";"-114";"-7.5";"14852";"1774356697600"
"473";"2026-03-24 09:53:37";"22.64";"54";"943.6";"3100";"740";"";"";"";"-114";"-7.300000190734863";"14854";"1774356817599"
"474";"2026-03-24 09:54:37";"22.66";"53.5";"943.6";"3100";"732";"";"";"";"-113";"-6.5";"14855";"1774356877576"
"475";"2026-03-24 09:55:37";"22.58";"53.5";"943.58";"3100";"740";"";"";"";"-114";"-7.5";"14856";"1774356937590"
"476";"2026-03-24 09:56:37";"22.57";"54";"943.62";"3140";"740";"";"";"";"-112";"-2.799999952316284";"14857";"1774356997550"
"477";"2026-03-24 09:57:37";"22.6";"53.5";"943.62";"3120";"724";"";"";"";"-114";"-6.800000190734863";"14858";"1774357057589"
"478";"2026-03-24 09:58:37";"22.56";"53.5";"943.58";"3100";"736";"";"";"";"-114";"-7.5";"14859";"1774357117590"
"479";"2026-03-24 09:59:37";"22.54";"53.5";"943.5600000000001";"3100";"720";"";"";"";"-114";"-10.5";"14860";"1774357177579"
"480";"2026-03-24 10:00:37";"22.54";"53.5";"943.58";"3100";"724";"";"";"";"-114";"-8";"14861";"1774357237584"
"481";"2026-03-24 10:01:37";"22.56";"53.5";"943.54";"3100";"712";"";"";"";"-114";"-7.800000190734863";"14862";"1774357297550"
"482";"2026-03-24 10:03:37";"22.59";"54.5";"943.52";"3100";"692";"";"";"";"-113";"-5";"14864";"1774357417595"
"483";"2026-03-24 10:04:37";"22.57";"54";"943.54";"3080";"696";"";"";"";"-113";"-7";"14865";"1774357477589"
"484";"2026-03-24 10:05:37";"22.57";"54";"943.5";"3120";"696";"";"";"";"-114";"-7";"14866";"1774357537589"
"485";"2026-03-24 10:06:37";"22.6";"54";"943.5";"3080";"644";"";"";"";"-114";"-7.300000190734863";"14867";"1774357597589"
"486";"2026-03-24 10:07:37";"22.67";"54.5";"943.48";"3140";"396";"";"";"";"-114";"-8.5";"14868";"1774357657561"
"487";"2026-03-24 10:08:37";"22.67";"54.5";"943.4200000000001";"3120";"676";"";"";"";"-114";"-8.800000190734863";"14869";"1774357717580"
"488";"2026-03-24 10:09:37";"22.7";"55.5";"943.44";"3100";"684";"";"";"";"-114";"-9.300000190734863";"14870";"1774357777592"
"489";"2026-03-24 10:11:37";"22.69";"55.5";"943.4";"3100";"464";"";"";"";"-114";"-7.300000190734863";"14872";"1774357897585"
"490";"2026-03-24 10:12:37";"22.69";"55";"943.46";"3080";"628";"";"";"";"-112";"-3.299999952316284";"14873";"1774357957591"
"491";"2026-03-24 10:13:37";"22.74";"55";"943.44";"3120";"628";"";"";"";"-114";"-7.300000190734863";"14874";"1774358017586"
"492";"2026-03-24 10:14:37";"22.78";"55";"943.4200000000001";"3100";"648";"";"";"";"-113";"-5.300000190734863";"14875";"1774358077586"
"493";"2026-03-24 10:15:37";"22.82";"55";"943.48";"3100";"664";"";"";"";"-113";"-5.5";"14876";"1774358137605"
"494";"2026-03-24 10:16:37";"22.82";"55";"943.48";"3100";"660";"";"";"";"-114";"-7.800000190734863";"14877";"1774358197589"
"495";"2026-03-24 10:18:37";"22.83";"55";"943.5";"3120";"660";"";"";"";"-114";"-7";"14879";"1774358317585"
"496";"2026-03-24 10:20:37";"22.82";"55";"943.44";"3080";"636";"";"";"";"-113";"-7.800000190734863";"14881";"1774358437555"
"497";"2026-03-24 10:21:37";"22.91";"55";"943.46";"3140";"552";"";"";"";"-113";"-5.300000190734863";"14882";"1774358497553"
"498";"2026-03-24 10:24:37";"22.9";"54.5";"943.44";"3100";"636";"";"";"";"-114";"-9.5";"14885";"1774358677585"
"499";"2026-03-24 10:25:37";"22.83";"54.5";"943.4";"3100";"644";"";"";"";"-113";"-6.800000190734863";"14886";"1774358737561"
"500";"2026-03-24 10:30:37";"22.85";"54.5";"943.36";"3120";"636";"";"";"";"-114";"-9.5";"14891";"1774359037580"
"501";"2026-03-24 10:31:37";"22.86";"54.5";"943.38";"3100";"628";"";"";"";"-114";"-7.800000190734863";"14892";"1774359097561"
"502";"2026-03-24 10:32:37";"22.82";"54";"943.4200000000001";"3120";"632";"";"";"";"-113";"-6";"14893";"1774359157582"
"503";"2026-03-24 10:33:37";"22.85";"54";"943.34";"3120";"624";"";"";"";"-113";"-6.5";"14894";"1774359217582"
"504";"2026-03-24 10:35:37";"22.79";"53.5";"943.32";"3100";"620";"";"";"";"-113";"-6.5";"14896";"1774359337584"
"505";"2026-03-24 10:36:37";"22.8";"53.5";"943.36";"3100";"624";"";"";"";"-114";"-7.5";"14897";"1774359397584"
"506";"2026-03-24 10:37:37";"22.78";"53";"943.34";"3120";"620";"";"";"";"-114";"-10.800000190734863";"14898";"1774359457591"
"507";"2026-03-24 10:38:37";"22.78";"53.5";"943.34";"3100";"616";"";"";"";"-114";"-9";"14899";"1774359517586"
"508";"2026-03-24 10:39:37";"22.78";"53";"943.3000000000001";"3100";"620";"";"";"";"-114";"-8.5";"14900";"1774359577592"
"509";"2026-03-24 10:40:37";"22.76";"52.5";"943.3000000000001";"3120";"616";"";"";"";"-114";"-7.800000190734863";"14901";"1774359637586"
"510";"2026-03-24 10:41:37";"22.75";"52.5";"943.26";"3100";"608";"";"";"";"-113";"-5.300000190734863";"14902";"1774359697589"
"511";"2026-03-24 10:42:37";"22.72";"53";"943.26";"3100";"608";"";"";"";"-114";"-6.5";"14903";"1774359757585"
"512";"2026-03-24 10:43:37";"22.7";"52.5";"943.26";"3120";"612";"";"";"";"-113";"-6.5";"14904";"1774359817594"
"513";"2026-03-24 10:44:37";"22.68";"52.5";"943.26";"3080";"608";"";"";"";"-114";"-7.300000190734863";"14905";"1774359877591"
"514";"2026-03-24 10:45:37";"22.61";"52.5";"943.24";"3100";"600";"";"";"";"-113";"-4.800000190734863";"14906";"1774359937579"
"515";"2026-03-24 10:46:37";"22.61";"52.5";"943.28";"3100";"608";"";"";"";"-113";"-5";"14907";"1774359997586"
"516";"2026-03-24 10:47:37";"22.67";"52.5";"943.26";"3080";"592";"";"";"";"-113";"-7.5";"14908";"1774360057594"
"517";"2026-03-24 10:48:37";"22.59";"52.5";"943.24";"3080";"592";"";"";"";"-114";"-7";"14909";"1774360117552"
"518";"2026-03-24 10:49:37";"22.6";"52.5";"943.24";"3100";"568";"";"";"";"-114";"-8.800000190734863";"14910";"1774360177592"
"519";"2026-03-24 10:50:37";"22.64";"52";"943.2";"3100";"560";"";"";"";"-114";"-6.800000190734863";"14911";"1774360237578"
"520";"2026-03-24 10:51:37";"22.7";"52";"943.24";"3100";"576";"";"";"";"-113";"-5";"14912";"1774360297591"
"521";"2026-03-24 10:52:37";"22.67";"52";"943.24";"3120";"584";"";"";"";"-113";"-6";"14913";"1774360357583"
"522";"2026-03-24 10:53:37";"22.66";"52";"943.2";"3100";"576";"";"";"";"-114";"-8.800000190734863";"14914";"1774360417586"
"523";"2026-03-24 10:54:37";"22.64";"52";"943.26";"3120";"584";"";"";"";"-114";"-7";"14915";"1774360477587"
"524";"2026-03-24 10:55:37";"22.64";"52.5";"943.22";"3080";"584";"";"";"";"-114";"-8.5";"14916";"1774360537585"
"525";"2026-03-24 10:56:37";"22.68";"52.5";"943.1800000000001";"3120";"580";"";"";"";"-114";"-8.800000190734863";"14917";"1774360597585"
"526";"2026-03-24 10:58:37";"22.7";"52.5";"943.1800000000001";"3120";"576";"";"";"";"-114";"-6.5";"14919";"1774360717578"
"527";"2026-03-24 10:59:37";"22.71";"53";"943.1800000000001";"3100";"564";"";"";"";"-113";"-5.5";"14920";"1774360777552"
"528";"2026-03-24 11:00:37";"22.67";"53";"943.1800000000001";"3080";"564";"";"";"";"-113";"-6";"14921";"1774360837579"
"529";"2026-03-24 11:02:37";"22.7";"53";"943.1";"3100";"572";"";"";"";"-114";"-5.5";"14923";"1774360957583"
"530";"2026-03-24 11:03:37";"22.68";"53";"943.14";"3100";"544";"";"";"";"-113";"-5.5";"14924";"1774361017589"
"531";"2026-03-24 11:04:37";"22.66";"53";"943.1";"3080";"556";"";"";"";"-114";"-6.800000190734863";"14925";"1774361077592"
"532";"2026-03-24 11:08:37";"22.68";"54";"943.0600000000001";"3100";"552";"";"";"";"-114";"-7.5";"14929";"1774361317583"
"533";"2026-03-24 11:09:37";"22.68";"54";"943.04";"3080";"524";"";"";"";"-114";"-6.800000190734863";"14930";"1774361377584"
"534";"2026-03-24 11:17:37";"22.69";"54.5";"943.14";"3080";"536";"";"";"";"-114";"-8.5";"14938";"1774361857586"
"535";"2026-03-24 11:18:37";"22.69";"54";"943.16";"3080";"536";"";"";"";"-114";"-7.5";"14939";"1774361917582"
"536";"2026-03-24 11:19:37";"22.67";"54.5";"943.08";"3080";"520";"";"";"";"-114";"-8.800000190734863";"14940";"1774361977581"
"537";"2026-03-24 11:24:37";"22.65";"54.5";"942.98";"3100";"720";"";"";"";"-114";"-10";"14945";"1774362277590"
"538";"2026-03-24 11:25:37";"22.66";"54";"942.98";"3080";"672";"";"";"";"-114";"-8.800000190734863";"14946";"1774362337584"
"539";"2026-03-24 11:28:37";"22.67";"53.5";"942.9200000000001";"3100";"692";"";"";"";"-114";"-8.5";"14949";"1774362517585"
"540";"2026-03-24 11:29:37";"22.61";"53";"942.96";"3080";"696";"";"";"";"-114";"-9.300000190734863";"14950";"1774362577579"
"541";"2026-03-24 11:30:37";"22.57";"53";"942.9200000000001";"3080";"680";"";"";"";"-114";"-7.5";"14951";"1774362637581"
"542";"2026-03-24 11:31:37";"22.58";"53";"942.94";"3100";"676";"";"";"";"-113";"-5.300000190734863";"14952";"1774362697577"
"543";"2026-03-24 11:33:37";"22.48";"53";"942.9200000000001";"3080";"688";"";"";"";"-114";"-6.5";"14954";"1774362817581"
"544";"2026-03-24 11:34:37";"22.5";"52.5";"942.9";"3100";"696";"";"";"";"-114";"-8.800000190734863";"14955";"1774362877577"
"545";"2026-03-24 11:35:37";"22.48";"52";"942.88";"3080";"696";"";"";"";"-113";"-5.5";"14956";"1774362937569"
"546";"2026-03-24 11:36:37";"22.48";"52";"942.88";"3060";"688";"";"";"";"-114";"-7.800000190734863";"14957";"1774362997586"
"547";"2026-03-24 11:39:37";"22.44";"52";"942.88";"3080";"688";"";"";"";"-114";"-8.5";"14960";"1774363177555"
"548";"2026-03-24 11:43:37";"22.51";"52";"942.86";"3060";"656";"";"";"";"-114";"-8.800000190734863";"14964";"1774363417580"
"549";"2026-03-24 11:48:37";"22.33";"52.5";"942.76";"3060";"652";"";"";"";"-114";"-8.300000190734863";"14969";"1774363717588"
"550";"2026-03-24 11:49:37";"22.3";"52";"942.74";"3060";"652";"";"";"";"-114";"-6.800000190734863";"14970";"1774363777579"
"551";"2026-03-24 11:50:37";"22.27";"52.5";"942.76";"3060";"636";"";"";"";"-114";"-9";"14971";"1774363837580"
"552";"2026-03-24 11:52:37";"22.33";"52.5";"942.74";"3060";"644";"";"";"";"-114";"-8.300000190734863";"14973";"1774363957580"
"553";"2026-03-24 11:57:37";"22.36";"52.5";"942.62";"3060";"632";"";"";"";"-114";"-8.300000190734863";"14978";"1774364257550"
"554";"2026-03-24 11:58:37";"22.29";"53";"942.58";"3080";"640";"";"";"";"-113";"-6.300000190734863";"14979";"1774364317583"
"555";"2026-03-24 12:00:37";"22.33";"54";"942.58";"3060";"632";"";"";"";"-114";"-7.300000190734863";"14981";"1774364437576"
"556";"2026-03-24 12:01:37";"22.45";"54.5";"942.6";"3060";"620";"";"";"";"-113";"-5.5";"14982";"1774364497588"
"557";"2026-03-24 12:02:37";"22.5";"54.5";"942.54";"3060";"624";"";"";"";"-113";"-5";"14983";"1774364557577"
"558";"2026-03-24 12:03:37";"22.59";"55";"942.62";"3060";"612";"";"";"";"-114";"-7";"14984";"1774364617570"
"559";"2026-03-24 12:04:37";"22.65";"55";"942.6";"3060";"612";"";"";"";"-114";"-7";"14985";"1774364677549"
"560";"2026-03-24 12:05:37";"22.66";"55";"942.6";"3080";"616";"";"";"";"-114";"-6.800000190734863";"14986";"1774364737564"
"561";"2026-03-24 12:06:37";"22.7";"54.5";"942.58";"3080";"620";"";"";"";"-114";"-7.5";"14987";"1774364797575"
"562";"2026-03-24 12:08:37";"22.78";"55.5";"942.62";"3060";"620";"";"";"";"-114";"-7.5";"14989";"1774364917577"
"563";"2026-03-24 12:09:37";"22.86";"55.5";"942.58";"3080";"616";"";"";"";"-114";"-7.300000190734863";"14990";"1774364977582"
"564";"2026-03-24 12:11:37";"22.95";"55.5";"942.54";"3080";"620";"";"";"";"-114";"-9";"14992";"1774365097584"
"565";"2026-03-24 12:13:37";"22.95";"55";"942.52";"3060";"468";"";"";"";"-114";"-8.300000190734863";"14994";"1774365217579"
"566";"2026-03-24 12:14:37";"22.92";"55";"942.48";"3080";"480";"";"";"";"-114";"-7.300000190734863";"14995";"1774365277576"
"567";"2026-03-24 12:15:37";"22.9";"55";"942.5";"3080";"484";"";"";"";"-114";"-10";"14996";"1774365337550"
"568";"2026-03-24 12:19:37";"22.78";"54";"942.46";"3040";"584";"";"";"";"-113";"-4.300000190734863";"15000";"1774365577584"
"569";"2026-03-24 12:20:37";"22.78";"54";"942.44";"3060";"576";"";"";"";"-114";"-7.300000190734863";"15001";"1774365637577"
"570";"2026-03-24 12:22:37";"22.81";"54";"942.4200000000001";"3080";"568";"";"";"";"-113";"-4.5";"15003";"1774365757572"
"571";"2026-03-24 12:23:37";"22.79";"54";"942.4200000000001";"3060";"580";"";"";"";"-114";"-8.300000190734863";"15004";"1774365817592"
"572";"2026-03-24 12:24:37";"22.68";"53.5";"942.36";"3080";"572";"";"";"";"-114";"-7.800000190734863";"15005";"1774365877579"
"573";"2026-03-24 12:25:37";"22.68";"53.5";"942.4";"3060";"580";"";"";"";"-113";"-7";"15006";"1774365937573"
"574";"2026-03-24 12:28:37";"22.6";"53.5";"942.34";"3040";"576";"";"";"";"-114";"-6.300000190734863";"15009";"1774366117578"
"575";"2026-03-24 12:29:37";"22.59";"53.5";"942.36";"3040";"496";"";"";"";"-113";"-5.5";"15010";"1774366177585"
"576";"2026-03-24 12:30:37";"22.64";"53.5";"942.32";"3060";"496";"";"";"";"-114";"-9.300000190734863";"15011";"1774366237571"
"577";"2026-03-24 12:32:37";"22.64";"53";"942.32";"3060";"572";"";"";"";"-114";"-8.300000190734863";"15013";"1774366357596"
"578";"2026-03-24 12:33:37";"22.58";"53";"942.34";"3040";"560";"";"";"";"-114";"-7.5";"15014";"1774366417577"
"579";"2026-03-24 12:34:37";"22.56";"53";"942.32";"3060";"564";"";"";"";"-114";"-7.5";"15015";"1774366477574"
"580";"2026-03-24 12:35:37";"22.49";"53";"942.32";"3040";"552";"";"";"";"-114";"-8.300000190734863";"15016";"1774366537605"
"581";"2026-03-24 12:36:37";"22.48";"53";"942.38";"3040";"552";"";"";"";"-112";"-3.299999952316284";"15017";"1774366597574"
"582";"2026-03-24 12:37:37";"22.49";"53";"942.36";"3040";"556";"";"";"";"-114";"-8";"15018";"1774366657576"
"583";"2026-03-24 12:38:37";"22.48";"53";"942.26";"3060";"552";"";"";"";"-114";"-8.300000190734863";"15019";"1774366717572"
"584";"2026-03-24 12:39:37";"22.47";"52.5";"942.28";"3040";"556";"";"";"";"-113";"-5";"15020";"1774366777545"
"585";"2026-03-24 12:42:37";"22.44";"52.5";"942.24";"3040";"532";"";"";"";"-114";"-7";"15023";"1774366957575"
"586";"2026-03-24 12:43:37";"22.6";"52";"942.24";"3060";"524";"";"";"";"-113";"-5.300000190734863";"15024";"1774367017553"
"587";"2026-03-24 12:47:37";"22.42";"52.5";"942.2";"3060";"524";"";"";"";"-114";"-6";"15028";"1774367257573"
"588";"2026-03-24 12:48:37";"22.39";"52.5";"942.1800000000001";"3060";"512";"";"";"";"-114";"-9.300000190734863";"15029";"1774367317571"
"589";"2026-03-24 12:51:37";"22.66";"53";"942.1";"3060";"520";"";"";"";"-114";"-10.5";"15032";"1774367497574"
"590";"2026-03-24 12:52:37";"22.69";"53";"942.16";"3040";"520";"";"";"";"-114";"-8";"15033";"1774367557544"
"591";"2026-03-24 12:53:37";"22.74";"53";"942.14";"3040";"520";"";"";"";"-114";"-7";"15034";"1774367617539"
"592";"2026-03-24 12:54:37";"22.78";"52.5";"942.1";"3080";"512";"";"";"";"-114";"-8.5";"15035";"1774367677575"
"593";"2026-03-24 12:55:37";"22.86";"52.5";"942.0600000000001";"3040";"504";"";"";"";"-113";"-4.800000190734863";"15036";"1774367737580"
"594";"2026-03-24 12:56:37";"22.88";"52.5";"942.0600000000001";"3040";"508";"";"";"";"-113";"-6.5";"15037";"1774367797577"
"595";"2026-03-24 12:58:37";"22.94";"53";"942.04";"3060";"512";"";"";"";"-114";"-7.5";"15039";"1774367917577"
"596";"2026-03-24 12:59:37";"22.94";"53";"942.0600000000001";"3040";"504";"";"";"";"-113";"-5.5";"15040";"1774367977584"
"597";"2026-03-24 13:00:37";"22.89";"53";"942.08";"3060";"508";"";"";"";"-114";"-8.300000190734863";"15041";"1774368037582"
"598";"2026-03-24 13:02:37";"22.88";"53.5";"942.02";"3060";"500";"";"";"";"-114";"-6.5";"15043";"1774368157576"
"599";"2026-03-24 13:03:37";"22.86";"53.5";"942.04";"3060";"504";"";"";"";"-113";"-4.800000190734863";"15044";"1774368217572"
"600";"2026-03-24 13:05:37";"22.86";"53.5";"942.0600000000001";"3020";"504";"";"";"";"-114";"-7.5";"15046";"1774368337573"
"601";"2026-03-24 13:08:37";"22.82";"53.5";"942.04";"3060";"516";"";"";"";"-113";"-5.300000190734863";"15049";"1774368517574"
"602";"2026-03-24 13:10:37";"22.81";"54";"941.98";"3040";"512";"";"";"";"-114";"-8.300000190734863";"15051";"1774368637577"
"603";"2026-03-24 13:14:37";"22.69";"54";"941.94";"3020";"512";"";"";"";"-114";"-9.800000190734863";"15055";"1774368877547"
"604";"2026-03-24 13:15:37";"22.67";"53.5";"941.94";"3020";"508";"";"";"";"-114";"-7.800000190734863";"15056";"1774368937582"
"605";"2026-03-24 13:16:37";"22.62";"54";"941.88";"3020";"496";"";"";"";"-114";"-8.800000190734863";"15057";"1774368997585"
"606";"2026-03-24 13:17:37";"22.61";"53.5";"941.9200000000001";"3040";"504";"";"";"";"-114";"-6.800000190734863";"15058";"1774369057579"
"607";"2026-03-24 13:19:37";"22.66";"53.5";"941.9";"3040";"500";"";"";"";"-113";"-5.300000190734863";"15060";"1774369177571"
"608";"2026-03-24 13:20:37";"22.73";"53.5";"941.82";"3040";"484";"";"";"";"-113";"-5.5";"15061";"1774369237579"
"609";"2026-03-24 13:21:37";"22.66";"53";"941.8000000000001";"3060";"492";"";"";"";"-114";"-8.800000190734863";"15062";"1774369297562"
"610";"2026-03-24 13:22:37";"22.58";"53.5";"941.84";"3020";"500";"";"";"";"-113";"-4.800000190734863";"15063";"1774369357577"
"611";"2026-03-24 13:23:37";"22.55";"53.5";"941.84";"3060";"492";"";"";"";"-114";"-7.800000190734863";"15064";"1774369417578"
"612";"2026-03-24 13:24:37";"22.5";"53.5";"941.8000000000001";"3040";"484";"";"";"";"-115";"-10.800000190734863";"15065";"1774369477572"
"613";"2026-03-24 13:26:37";"22.37";"53";"941.82";"3040";"496";"";"";"";"-114";"-9";"15067";"1774369597577"
"614";"2026-03-24 13:27:37";"22.4";"53";"941.82";"3040";"508";"";"";"";"-112";"-2.5";"15068";"1774369657578"
"615";"2026-03-24 13:28:37";"22.37";"53";"941.78";"3020";"500";"";"";"";"-114";"-8.300000190734863";"15069";"1774369717580"
"616";"2026-03-24 13:29:37";"22.36";"52.5";"941.74";"3020";"500";"";"";"";"-113";"-5";"15070";"1774369777572"
"617";"2026-03-24 13:30:37";"22.3";"52.5";"941.72";"3020";"500";"";"";"";"-114";"-6.800000190734863";"15071";"1774369837573"
"618";"2026-03-24 13:33:37";"22.23";"52.5";"941.74";"3020";"504";"";"";"";"-114";"-8.800000190734863";"15074";"1774370017805"
"619";"2026-03-24 13:34:37";"22.23";"52";"941.6800000000001";"3020";"492";"";"";"";"-113";"-3.5";"15075";"1774370077563"
"620";"2026-03-24 13:35:37";"22.19";"52.5";"941.6800000000001";"3020";"500";"";"";"";"-114";"-7";"15076";"1774370137553"
"621";"2026-03-24 13:36:37";"22.24";"52.5";"941.6800000000001";"3020";"500";"";"";"";"-114";"-8.5";"15077";"1774370197563"
"622";"2026-03-24 13:37:37";"22.23";"52.5";"941.66";"3020";"492";"";"";"";"-114";"-6.300000190734863";"15078";"1774370257592"
"623";"2026-03-24 13:38:37";"22.22";"52.5";"941.66";"3040";"504";"";"";"";"-114";"-7.5";"15079";"1774370317578"
"624";"2026-03-24 13:39:37";"22.2";"52.5";"941.64";"3040";"496";"";"";"";"-114";"-6.800000190734863";"15080";"1774370377574"
"625";"2026-03-24 13:40:37";"22.17";"52.5";"941.64";"3020";"504";"";"";"";"-114";"-7.5";"15081";"1774370437568"
"626";"2026-03-24 13:41:37";"22.11";"52.5";"941.62";"3020";"488";"";"";"";"-114";"-9.300000190734863";"15082";"1774370497576"
"627";"2026-03-24 13:42:37";"22.05";"53";"941.6";"3040";"488";"";"";"";"-114";"-7.800000190734863";"15083";"1774370557575"
"628";"2026-03-24 13:43:37";"22.06";"53";"941.5600000000001";"3020";"488";"";"";"";"-114";"-6.5";"15084";"1774370617576"
"629";"2026-03-24 13:45:37";"22.11";"53";"941.54";"3020";"488";"";"";"";"-114";"-5.300000190734863";"15086";"1774370737571"
"630";"2026-03-24 13:46:37";"22.06";"53";"941.5600000000001";"3000";"496";"";"";"";"-114";"-8.800000190734863";"15087";"1774370797573"
"631";"2026-03-24 13:47:37";"22.04";"53";"941.52";"3020";"496";"";"";"";"-114";"-6.800000190734863";"15088";"1774370857573"
"632";"2026-03-24 13:49:37";"21.99";"53";"941.5";"3040";"504";"";"";"";"-114";"-9.300000190734863";"15090";"1774370977581"
"633";"2026-03-24 13:50:37";"21.98";"53.5";"941.48";"3040";"496";"";"";"";"-114";"-6";"15091";"1774371037574"
"634";"2026-03-24 13:52:37";"22.01";"53";"941.4200000000001";"3040";"488";"";"";"";"-114";"-7";"15093";"1774371157570"
"635";"2026-03-24 13:53:37";"22.03";"53";"941.4200000000001";"3020";"496";"";"";"";"-114";"-7";"15094";"1774371217570"
"636";"2026-03-24 13:54:37";"22.03";"53";"941.36";"3020";"492";"";"";"";"-113";"-5.300000190734863";"15095";"1774371277569"
"637";"2026-03-24 13:55:37";"22.06";"53";"941.34";"3040";"484";"";"";"";"-114";"-8.800000190734863";"15096";"1774371337573"
"638";"2026-03-24 13:56:37";"22.04";"53";"941.36";"3000";"488";"";"";"";"-114";"-6.800000190734863";"15097";"1774371397578"
"639";"2026-03-24 13:57:37";"21.99";"53";"941.3000000000001";"3000";"484";"";"";"";"-114";"-5.800000190734863";"15098";"1774371457571"
"640";"2026-03-24 13:58:37";"21.91";"53";"941.28";"3000";"492";"";"";"";"-114";"-7";"15099";"1774371517571"
"641";"2026-03-24 13:59:37";"21.92";"53";"941.32";"2980";"492";"";"";"";"-114";"-9.300000190734863";"15100";"1774371577570"
"642";"2026-03-24 14:00:37";"21.9";"53";"941.26";"3000";"476";"";"";"";"-114";"-5";"15101";"1774371637579"
"643";"2026-03-24 14:01:37";"21.96";"53";"941.28";"3020";"484";"";"";"";"-114";"-9";"15102";"1774371697578"
"644";"2026-03-24 14:02:37";"21.96";"53";"941.28";"3020";"480";"";"";"";"-114";"-7.5";"15103";"1774371757573"
"645";"2026-03-24 14:03:37";"21.96";"53";"941.26";"3000";"444";"";"";"";"-114";"-4.800000190734863";"15104";"1774371817580"
"646";"2026-03-24 14:04:37";"21.95";"53";"941.26";"3000";"476";"";"";"";"-114";"-6.800000190734863";"15105";"1774371877570"
"647";"2026-03-24 14:05:37";"21.89";"53";"941.26";"3000";"484";"";"";"";"-114";"-8.800000190734863";"15106";"1774371937577"
"648";"2026-03-24 14:06:37";"21.91";"53";"941.24";"3040";"472";"";"";"";"-114";"-6.800000190734863";"15107";"1774371997576"
"649";"2026-03-24 14:07:37";"21.91";"53";"941.24";"3000";"484";"";"";"";"-113";"-4.800000190734863";"15108";"1774372057577"
"650";"2026-03-24 14:08:37";"21.89";"52.5";"941.24";"3000";"480";"";"";"";"-113";"-4.5";"15109";"1774372117576"
"651";"2026-03-24 14:09:37";"21.9";"52.5";"941.22";"3020";"480";"";"";"";"-114";"-5.5";"15110";"1774372177573"
"652";"2026-03-24 14:10:37";"21.88";"52.5";"941.24";"3020";"476";"";"";"";"-113";"-6.300000190734863";"15111";"1774372237573"
"653";"2026-03-24 14:11:37";"21.87";"52.5";"941.1800000000001";"3000";"480";"";"";"";"-114";"-6";"15112";"1774372297577"
"654";"2026-03-24 14:12:37";"21.87";"52.5";"941.16";"2980";"476";"";"";"";"-113";"-4.5";"15113";"1774372357570"
"655";"2026-03-24 14:13:37";"21.86";"52.5";"941.16";"3020";"480";"";"";"";"-114";"-7.300000190734863";"15114";"1774372417585"
"656";"2026-03-24 14:14:37";"21.81";"52.5";"941.14";"3020";"484";"";"";"";"-114";"-6.5";"15115";"1774372477564"
"657";"2026-03-24 14:15:37";"21.77";"52.5";"941.12";"3020";"476";"";"";"";"-113";"-5.800000190734863";"15116";"1774372537553"
"658";"2026-03-24 14:16:37";"21.82";"52.5";"941.14";"3020";"480";"";"";"";"-113";"-6.5";"15117";"1774372597561"
"659";"2026-03-24 14:17:37";"21.75";"52.5";"941.1";"2980";"484";"";"";"";"-114";"-7.300000190734863";"15118";"1774372657538"
"660";"2026-03-24 14:18:37";"21.73";"52.5";"941.1";"3000";"468";"";"";"";"-114";"-6.300000190734863";"15119";"1774372717567"
"661";"2026-03-24 14:19:37";"21.73";"53";"941.0600000000001";"3020";"472";"";"";"";"-113";"-6";"15120";"1774372777576"
"662";"2026-03-24 14:20:37";"21.75";"53";"941.0600000000001";"3000";"464";"";"";"";"-113";"-4.300000190734863";"15121";"1774372837569"
"663";"2026-03-24 14:21:37";"21.76";"53";"941.0600000000001";"3020";"484";"";"";"";"-113";"-5.300000190734863";"15122";"1774372897563"
"664";"2026-03-24 14:22:37";"21.75";"53";"941.08";"3000";"476";"";"";"";"-113";"-5";"15123";"1774372957568"
"665";"2026-03-24 14:23:37";"21.8";"53";"941.0600000000001";"2980";"480";"";"";"";"-114";"-6.800000190734863";"15124";"1774373017574"
"666";"2026-03-24 14:24:37";"21.79";"53";"941.02";"2980";"484";"";"";"";"-114";"-8.800000190734863";"15125";"1774373077574"
"667";"2026-03-24 14:25:37";"21.79";"53";"941.04";"3020";"480";"";"";"";"-114";"-6.800000190734863";"15126";"1774373137563"
"668";"2026-03-24 14:26:37";"21.87";"53";"940.98";"2980";"484";"";"";"";"-114";"-6";"15127";"1774373197571"
"669";"2026-03-24 14:27:37";"21.88";"53";"940.96";"3000";"488";"";"";"";"-113";"-5.800000190734863";"15128";"1774373257569"
"670";"2026-03-24 14:28:37";"21.87";"53";"940.9200000000001";"3020";"480";"";"";"";"-113";"-5.300000190734863";"15129";"1774373317600"
"671";"2026-03-24 14:29:37";"21.85";"53";"940.94";"3000";"484";"";"";"";"-114";"-7.800000190734863";"15130";"1774373377579"
"672";"2026-03-24 14:31:37";"21.79";"53.5";"940.9200000000001";"3000";"480";"";"";"";"-114";"-6.800000190734863";"15132";"1774373497577"
"673";"2026-03-24 14:32:37";"21.81";"53.5";"940.88";"2980";"488";"";"";"";"-114";"-7";"15133";"1774373557568"
"674";"2026-03-24 14:33:37";"21.81";"53.5";"940.84";"2980";"472";"";"";"";"-114";"-5.5";"15134";"1774373617571"
"675";"2026-03-24 14:34:37";"21.8";"53.5";"940.82";"2980";"476";"";"";"";"-113";"-3.799999952316284";"15135";"1774373677572"
"676";"2026-03-24 14:35:37";"21.87";"53.5";"940.84";"3000";"460";"";"";"";"-113";"-5.300000190734863";"15136";"1774373737576"
"677";"2026-03-24 14:36:37";"21.88";"53";"940.8000000000001";"2980";"484";"";"";"";"-113";"-5.300000190734863";"15137";"1774373797532"
"678";"2026-03-24 14:37:37";"21.87";"52.5";"940.72";"3020";"484";"";"";"";"-114";"-5.5";"15138";"1774373857617"
"679";"2026-03-24 14:38:37";"21.85";"52.5";"940.74";"3000";"484";"";"";"";"-114";"-7.5";"15139";"1774373917539"
"680";"2026-03-24 14:39:37";"21.82";"53";"940.7";"2980";"476";"";"";"";"-113";"-4";"15140";"1774373977578"
"681";"2026-03-24 14:40:37";"21.78";"53";"940.7";"3000";"476";"";"";"";"-114";"-5.5";"15141";"1774374037573"
"682";"2026-03-24 14:41:37";"21.76";"54.5";"940.74";"3000";"480";"";"";"";"-113";"-5.300000190734863";"15142";"1774374097557"
"683";"2026-03-24 14:42:37";"21.83";"54";"940.6800000000001";"2980";"464";"";"";"";"-113";"-4.5";"15143";"1774374157531"
"684";"2026-03-24 14:43:37";"21.76";"55";"940.72";"2980";"480";"";"";"";"-113";"-3.5";"15144";"1774374217544"
"685";"2026-03-24 14:44:37";"21.81";"55";"940.72";"3000";"464";"";"";"";"-114";"-6.300000190734863";"15145";"1774374277565"
"686";"2026-03-24 14:45:37";"21.82";"55.5";"940.72";"3020";"480";"";"";"";"-113";"-4.5";"15146";"1774374337563"
"687";"2026-03-24 14:46:37";"21.84";"55";"940.7";"2980";"476";"";"";"";"-113";"-5.800000190734863";"15147";"1774374397567"
"688";"2026-03-24 14:47:37";"21.86";"55";"940.6800000000001";"2980";"472";"";"";"";"-113";"-3.5";"15148";"1774374457547"
"689";"2026-03-24 14:48:37";"21.88";"55.5";"940.6800000000001";"3000";"480";"";"";"";"-113";"-4.300000190734863";"15149";"1774374517599"
"690";"2026-03-24 14:49:37";"21.88";"55.5";"940.7";"3000";"480";"";"";"";"-114";"-5.300000190734863";"15150";"1774374577555"
"691";"2026-03-24 14:50:37";"21.87";"55.5";"940.6800000000001";"2980";"464";"";"";"";"-114";"-4.5";"15151";"1774374637576"
"692";"2026-03-24 14:51:37";"21.88";"56";"940.66";"2980";"476";"";"";"";"-113";"-5.5";"15152";"1774374697569"
"693";"2026-03-24 14:52:37";"21.88";"56.5";"940.6800000000001";"3000";"480";"";"";"";"-113";"-5";"15153";"1774374757567"
"694";"2026-03-24 14:53:37";"21.9";"56.5";"940.66";"3000";"476";"";"";"";"-113";"-5.300000190734863";"15154";"1774374817577"
"695";"2026-03-24 14:54:37";"21.92";"57";"940.62";"3000";"464";"";"";"";"-113";"-5";"15155";"1774374877602"
"696";"2026-03-24 14:55:37";"21.95";"57";"940.62";"3000";"472";"";"";"";"-114";"-5.300000190734863";"15156";"1774374937567"
"697";"2026-03-24 14:56:37";"21.97";"57";"940.62";"3000";"464";"";"";"";"-113";"-4.800000190734863";"15157";"1774374997537"
"698";"2026-03-24 14:58:37";"22.03";"57";"940.62";"3000";"464";"";"";"";"-113";"-3.799999952316284";"15159";"1774375117567"
"699";"2026-03-24 14:59:37";"22.05";"57.5";"940.6";"3000";"464";"";"";"";"-113";"-3.299999952316284";"15160";"1774375177590"
"700";"2026-03-24 15:00:37";"22.06";"57.5";"940.58";"2980";"464";"";"";"";"-114";"-6.800000190734863";"15161";"1774375237566"
"701";"2026-03-24 15:01:37";"22.11";"57.5";"940.54";"2980";"476";"";"";"";"-113";"-4.300000190734863";"15162";"1774375297570"
"702";"2026-03-24 15:02:37";"22.14";"57";"940.54";"3000";"472";"";"";"";"-114";"-5.5";"15163";"1774375357586"
"703";"2026-03-24 15:03:37";"22.17";"57";"940.54";"2960";"472";"";"";"";"-113";"-5";"15164";"1774375417539"
"704";"2026-03-24 15:04:37";"22.18";"57";"940.52";"3000";"480";"";"";"";"-113";"-4.5";"15165";"1774375477532"
"705";"2026-03-24 15:05:37";"22.2";"57";"940.48";"3000";"472";"";"";"";"-113";"-3.799999952316284";"15166";"1774375537540"
"706";"2026-03-24 15:06:37";"22.24";"57";"940.48";"2980";"480";"";"";"";"-114";"-5.5";"15167";"1774375597570"
"707";"2026-03-24 15:07:37";"22.27";"56.5";"940.5";"2960";"476";"";"";"";"-113";"-3.799999952316284";"15168";"1774375657545"
"708";"2026-03-24 15:08:37";"22.28";"56.5";"940.46";"2960";"480";"";"";"";"-114";"-7";"15169";"1774375717601"
"709";"2026-03-24 15:09:37";"22.31";"56.5";"940.44";"2980";"464";"";"";"";"-113";"-2.5";"15170";"1774375777568"
"710";"2026-03-24 15:10:37";"22.29";"56";"940.46";"3000";"464";"";"";"";"-114";"-7";"15171";"1774375837570"
"711";"2026-03-24 15:11:37";"22.26";"56";"940.46";"3000";"476";"";"";"";"-112";"-3";"15172";"1774375897564"
"712";"2026-03-24 15:12:37";"22.25";"56";"940.48";"3000";"480";"";"";"";"-113";"-5";"15173";"1774375957565"
"713";"2026-03-24 15:13:37";"22.26";"55.5";"940.44";"2980";"468";"";"";"";"-113";"-4.300000190734863";"15174";"1774376017575"
"714";"2026-03-24 15:14:37";"22.28";"55.5";"940.44";"2960";"464";"";"";"";"-113";"-4.300000190734863";"15175";"1774376077577"
"715";"2026-03-24 15:15:37";"22.28";"55";"940.48";"2960";"460";"";"";"";"-113";"-2.299999952316284";"15176";"1774376137575"
"716";"2026-03-24 15:16:37";"22.3";"55";"940.4200000000001";"2960";"464";"";"";"";"-113";"-5.300000190734863";"15177";"1774376197536"
"717";"2026-03-24 15:17:37";"22.23";"54.5";"940.46";"2980";"460";"";"";"";"-114";"-6.5";"15178";"1774376257571"
"718";"2026-03-24 15:18:37";"22.17";"54.5";"940.46";"3000";"460";"";"";"";"-114";"-5.800000190734863";"15179";"1774376317563"
"719";"2026-03-24 15:19:37";"22.04";"54.5";"940.4200000000001";"2960";"476";"";"";"";"-113";"-5.300000190734863";"15180";"1774376377544"
"720";"2026-03-24 15:20:37";"22.02";"54.5";"940.44";"2960";"464";"";"";"";"-114";"-9.800000190734863";"15181";"1774376437566"
"721";"2026-03-24 15:21:37";"21.96";"54.5";"940.44";"2980";"464";"";"";"";"-114";"-7.300000190734863";"15182";"1774376497558"
"722";"2026-03-24 15:22:37";"21.87";"54.5";"940.44";"2940";"460";"";"";"";"-113";"-3.5";"15183";"1774376557571"
"723";"2026-03-24 15:23:37";"21.91";"54";"940.46";"2980";"460";"";"";"";"-113";"-4";"15184";"1774376617562"
"724";"2026-03-24 15:24:37";"21.83";"54";"940.4";"2980";"464";"";"";"";"-114";"-5.300000190734863";"15185";"1774376677574"
"725";"2026-03-24 15:25:37";"21.77";"54";"940.46";"2940";"476";"";"";"";"-113";"-5.300000190734863";"15186";"1774376737563"
"726";"2026-03-24 15:27:37";"21.75";"54";"940.44";"2940";"460";"";"";"";"-114";"-5";"15188";"1774376857575"
"727";"2026-03-24 15:28:37";"21.79";"53.5";"940.46";"2980";"464";"";"";"";"-113";"-4";"15189";"1774376917572"
"728";"2026-03-24 15:29:37";"21.69";"54";"940.44";"2940";"464";"";"";"";"-113";"-2.799999952316284";"15190";"1774376977571"
"729";"2026-03-24 15:30:37";"21.71";"54";"940.46";"2960";"460";"";"";"";"-113";"-3.799999952316284";"15191";"1774377037569"
"730";"2026-03-24 15:31:37";"21.66";"54";"940.46";"2980";"464";"";"";"";"-114";"-7";"15192";"1774377097580"
"731";"2026-03-24 15:32:37";"21.65";"54";"940.44";"2960";"476";"";"";"";"-113";"-4.300000190734863";"15193";"1774377157576"
"732";"2026-03-24 15:33:37";"21.7";"54";"940.46";"2960";"464";"";"";"";"-113";"-4.5";"15194";"1774377217573"
"733";"2026-03-24 15:34:37";"21.78";"54";"940.46";"2960";"476";"";"";"";"-113";"-5.5";"15195";"1774377277570"
"734";"2026-03-24 15:35:37";"21.75";"54.5";"940.4200000000001";"2940";"480";"";"";"";"-114";"-7.5";"15196";"1774377337565"
"735";"2026-03-24 15:36:37";"21.74";"54.5";"940.44";"2980";"308";"";"";"";"-113";"-6";"15197";"1774377397573"
"736";"2026-03-24 15:37:37";"21.77";"54";"940.44";"2940";"472";"";"";"";"-113";"-5";"15198";"1774377457562"
"737";"2026-03-24 15:38:37";"21.85";"54.5";"940.4200000000001";"2960";"340";"";"";"";"-114";"-8";"15199";"1774377517575"
"738";"2026-03-24 15:39:37";"21.82";"54";"940.4";"2980";"472";"";"";"";"-114";"-8";"15200";"1774377577585"
"739";"2026-03-24 15:40:37";"21.75";"54";"940.4200000000001";"2980";"476";"";"";"";"-114";"-7.800000190734863";"15201";"1774377637564"
"740";"2026-03-24 15:41:37";"21.82";"54";"940.4";"2940";"460";"";"";"";"-114";"-7.300000190734863";"15202";"1774377697565"
"741";"2026-03-24 15:42:37";"21.86";"53.5";"940.34";"2940";"472";"";"";"";"-114";"-6.5";"15203";"1774377757575"
"742";"2026-03-24 15:43:37";"21.9";"53.5";"940.32";"2960";"464";"";"";"";"-114";"-6";"15204";"1774377817560"
"743";"2026-03-24 15:44:37";"21.89";"53";"940.36";"2940";"472";"";"";"";"-114";"-9.300000190734863";"15205";"1774377877584"
"744";"2026-03-24 15:45:37";"21.83";"53";"940.32";"2960";"472";"";"";"";"-114";"-6.800000190734863";"15206";"1774377937600"
"745";"2026-03-24 15:46:37";"21.82";"53";"940.32";"2960";"476";"";"";"";"-114";"-8";"15207";"1774377997574"
"746";"2026-03-24 15:47:37";"21.8";"53";"940.32";"2940";"472";"";"";"";"-114";"-7.300000190734863";"15208";"1774378057568"
"747";"2026-03-24 15:48:37";"21.76";"53";"940.3000000000001";"2980";"464";"";"";"";"-114";"-8";"15209";"1774378117568"
"748";"2026-03-24 15:49:37";"21.73";"53";"940.3000000000001";"2960";"472";"";"";"";"-114";"-8";"15210";"1774378177560"
"749";"2026-03-24 15:51:37";"21.69";"53";"940.32";"2940";"472";"";"";"";"-114";"-9";"15212";"1774378297572"
"750";"2026-03-24 15:52:37";"21.63";"53";"940.3000000000001";"2960";"460";"";"";"";"-114";"-7.300000190734863";"15213";"1774378357577"
"751";"2026-03-24 15:54:37";"21.57";"53";"940.3000000000001";"2960";"460";"";"";"";"-114";"-7";"15215";"1774378477538"
"752";"2026-03-24 15:55:37";"21.62";"53";"940.24";"2940";"396";"";"";"";"-115";"-8.5";"15216";"1774378537563"
"753";"2026-03-24 15:56:37";"21.6";"53";"940.2";"2920";"456";"";"";"";"-114";"-4.800000190734863";"15217";"1774378597572"
"754";"2026-03-24 15:58:37";"21.56";"53";"940.22";"2960";"448";"";"";"";"-113";"-4.5";"15219";"1774378717567"
"755";"2026-03-24 15:59:37";"21.66";"53";"940.22";"2940";"460";"";"";"";"-114";"-6.5";"15220";"1774378777577"
"756";"2026-03-24 16:00:37";"21.69";"53";"940.24";"2920";"460";"";"";"";"-113";"-5";"15221";"1774378837572"
"757";"2026-03-24 16:01:37";"21.72";"52.5";"940.26";"2940";"456";"";"";"";"-113";"-4.5";"15222";"1774378897555"
"758";"2026-03-24 16:02:37";"21.74";"53";"940.2";"2960";"460";"";"";"";"-114";"-7.300000190734863";"15223";"1774378957565"
"759";"2026-03-24 16:03:37";"21.75";"53.5";"940.2";"2960";"456";"";"";"";"-114";"-6.300000190734863";"15224";"1774379017564"
"760";"2026-03-24 16:04:37";"21.72";"53.5";"940.1800000000001";"2920";"448";"";"";"";"-114";"-6.5";"15225";"1774379077569"
"761";"2026-03-24 16:05:37";"21.73";"53";"940.16";"2940";"452";"";"";"";"-114";"-5";"15226";"1774379137562"
"762";"2026-03-24 16:06:37";"21.74";"53";"940.14";"2940";"456";"";"";"";"-114";"-5.5";"15227";"1774379197557"
"763";"2026-03-24 16:07:37";"21.73";"53";"940.1800000000001";"2940";"456";"";"";"";"-114";"-7";"15228";"1774379257562"
"764";"2026-03-24 16:08:37";"21.72";"53";"940.16";"2940";"448";"";"";"";"-114";"-5.800000190734863";"15229";"1774379317562"
"765";"2026-03-24 16:09:37";"21.74";"53.5";"940.14";"2920";"460";"";"";"";"-114";"-6.300000190734863";"15230";"1774379377556"
"766";"2026-03-24 16:10:37";"21.73";"53.5";"940.16";"2920";"448";"";"";"";"-114";"-5.300000190734863";"15231";"1774379437559"
"767";"2026-03-24 16:11:37";"21.73";"53.5";"940.14";"2920";"444";"";"";"";"-114";"-4.800000190734863";"15232";"1774379497559"
"768";"2026-03-24 16:12:37";"21.78";"53.5";"940.14";"2940";"452";"";"";"";"-114";"-8";"15233";"1774379557532"
"769";"2026-03-24 16:13:37";"21.76";"53.5";"940.14";"2920";"444";"";"";"";"-114";"-7.800000190734863";"15234";"1774379617594"
"770";"2026-03-24 16:14:37";"21.8";"53.5";"940.16";"2940";"456";"";"";"";"-114";"-6.300000190734863";"15235";"1774379677564"
"771";"2026-03-24 16:15:37";"21.79";"53";"940.16";"2940";"440";"";"";"";"-114";"-6";"15236";"1774379737538"
"772";"2026-03-24 16:16:37";"21.79";"53";"940.14";"2900";"440";"";"";"";"-114";"-7.5";"15237";"1774379797535"
"773";"2026-03-24 16:17:37";"21.77";"53.5";"940.12";"2940";"448";"";"";"";"-114";"-6.800000190734863";"15238";"1774379857555"
"774";"2026-03-24 16:18:37";"21.75";"53.5";"940.1";"2940";"440";"";"";"";"-114";"-6.800000190734863";"15239";"1774379917556"
"775";"2026-03-24 16:19:37";"21.76";"53";"940.12";"2920";"440";"";"";"";"-114";"-6.300000190734863";"15240";"1774379977562"
"776";"2026-03-24 16:20:37";"21.8";"53";"940.14";"2940";"436";"";"";"";"-114";"-6.300000190734863";"15241";"1774380037567"
"777";"2026-03-24 16:21:37";"21.81";"53";"940.14";"2920";"452";"";"";"";"-114";"-5.5";"15242";"1774380097558"
"778";"2026-03-24 16:22:37";"21.84";"53";"940.14";"2920";"436";"";"";"";"-114";"-4.800000190734863";"15243";"1774380157569"
"779";"2026-03-24 16:23:37";"21.78";"53.5";"940.14";"2900";"440";"";"";"";"-114";"-6.800000190734863";"15244";"1774380217594"
"780";"2026-03-24 16:24:37";"21.8";"53.5";"940.14";"2940";"452";"";"";"";"-114";"-6.800000190734863";"15245";"1774380277552"
"781";"2026-03-24 16:25:37";"21.82";"54";"940.14";"2940";"440";"";"";"";"-114";"-7";"15246";"1774380337557"
"782";"2026-03-24 16:26:37";"21.76";"55";"940.12";"2940";"428";"";"";"";"-114";"-7.800000190734863";"15247";"1774380397556"
"783";"2026-03-24 16:27:37";"21.8";"55";"940.16";"2920";"440";"";"";"";"-114";"-7.800000190734863";"15248";"1774380457567"
"784";"2026-03-24 16:28:37";"21.81";"55.5";"940.14";"2920";"444";"";"";"";"-114";"-6.300000190734863";"15249";"1774380517526"
"785";"2026-03-24 16:29:37";"21.79";"56";"940.14";"2900";"432";"";"";"";"-113";"-5.300000190734863";"15250";"1774380577581"
"786";"2026-03-24 16:30:37";"21.78";"56";"940.14";"2940";"436";"";"";"";"-114";"-7.300000190734863";"15251";"1774380637564"
"787";"2026-03-24 16:31:37";"21.81";"56";"940.16";"2920";"436";"";"";"";"-114";"-5.300000190734863";"15252";"1774380697558"
"788";"2026-03-24 16:32:37";"21.84";"56";"940.1800000000001";"2900";"448";"";"";"";"-114";"-6.300000190734863";"15253";"1774380757565"
"789";"2026-03-24 16:33:37";"21.83";"56";"940.14";"2920";"436";"";"";"";"-114";"-5.800000190734863";"15254";"1774380817556"
"790";"2026-03-24 16:34:37";"21.88";"56";"940.14";"2900";"424";"";"";"";"-114";"-7.5";"15255";"1774380877531"
"791";"2026-03-24 16:35:37";"21.88";"55.5";"940.14";"2920";"432";"";"";"";"-114";"-7.5";"15256";"1774380937562"
"792";"2026-03-24 16:36:37";"21.91";"56";"940.14";"2920";"440";"";"";"";"-114";"-6.800000190734863";"15257";"1774380997567"
"793";"2026-03-24 16:37:37";"21.94";"56";"940.14";"2920";"440";"";"";"";"-113";"-5.800000190734863";"15258";"1774381057566"
"794";"2026-03-24 16:38:37";"21.95";"56.5";"940.16";"2940";"452";"";"";"";"-114";"-6.800000190734863";"15259";"1774381117584"
"795";"2026-03-24 16:39:37";"21.99";"56";"940.1800000000001";"2900";"444";"";"";"";"-113";"-5.300000190734863";"15260";"1774381177538"
"796";"2026-03-24 16:40:37";"21.99";"56.5";"940.16";"2900";"444";"";"";"";"-114";"-6.5";"15261";"1774381237570"
"797";"2026-03-24 16:41:37";"22.01";"57";"940.14";"2940";"456";"";"";"";"-114";"-6.300000190734863";"15262";"1774381297559"
"798";"2026-03-24 16:42:37";"22.01";"56.5";"940.16";"2920";"456";"";"";"";"-114";"-6.300000190734863";"15263";"1774381357562"
"799";"2026-03-24 16:43:37";"22.02";"56";"940.12";"2880";"456";"";"";"";"-114";"-7.300000190734863";"15264";"1774381417564"
"800";"2026-03-24 16:44:37";"22.04";"56";"940.1800000000001";"2900";"440";"";"";"";"-113";"-5.300000190734863";"15265";"1774381477568"
"801";"2026-03-24 16:45:37";"22.04";"56";"940.14";"2900";"452";"";"";"";"-114";"-5.300000190734863";"15266";"1774381537564"
"802";"2026-03-24 16:46:37";"22.02";"56";"940.14";"2920";"452";"";"";"";"-114";"-6.300000190734863";"15267";"1774381597556"
"803";"2026-03-24 16:47:37";"22.05";"55.5";"940.12";"2880";"444";"";"";"";"-114";"-6.300000190734863";"15268";"1774381657561"
"804";"2026-03-24 16:48:37";"22.04";"55.5";"940.16";"2920";"452";"";"";"";"-114";"-5";"15269";"1774381717560"
"805";"2026-03-24 16:49:37";"22.04";"55.5";"940.1800000000001";"2900";"444";"";"";"";"-114";"-5.800000190734863";"15270";"1774381777560"
"806";"2026-03-24 16:50:37";"22.06";"55.5";"940.1800000000001";"2920";"452";"";"";"";"-114";"-6";"15271";"1774381837558"
"807";"2026-03-24 16:51:37";"22.08";"55.5";"940.16";"2900";"440";"";"";"";"-113";"-5.5";"15272";"1774381897528"
"808";"2026-03-24 16:52:37";"22.11";"55.5";"940.16";"2880";"440";"";"";"";"-114";"-6.800000190734863";"15273";"1774381957566"
"809";"2026-03-24 16:53:37";"22.11";"55.5";"940.16";"2920";"440";"";"";"";"-114";"-5.800000190734863";"15274";"1774382017569"
"810";"2026-03-24 16:54:37";"22.13";"55";"940.16";"2900";"440";"";"";"";"-114";"-5";"15275";"1774382077555"
"811";"2026-03-24 16:55:37";"22.14";"55";"940.16";"2880";"452";"";"";"";"-114";"-6";"15276";"1774382137519"
"812";"2026-03-24 16:56:37";"22.11";"54.5";"940.1800000000001";"2920";"448";"";"";"";"-114";"-5.300000190734863";"15277";"1774382197555"
"813";"2026-03-24 16:57:37";"22.1";"54.5";"940.1800000000001";"2920";"440";"";"";"";"-114";"-5.800000190734863";"15278";"1774382257556"
"814";"2026-03-24 16:58:37";"22.07";"54.5";"940.14";"2880";"440";"";"";"";"-114";"-5.800000190734863";"15279";"1774382317526"
"815";"2026-03-24 16:59:37";"22.05";"54.5";"940.16";"2920";"452";"";"";"";"-114";"-5.800000190734863";"15280";"1774382377558"
"816";"2026-03-24 17:00:37";"22.06";"54";"940.1800000000001";"2880";"436";"";"";"";"-114";"-5.5";"15281";"1774382437578"
"817";"2026-03-24 17:01:37";"22.03";"54";"940.16";"2900";"452";"";"";"";"-114";"-6";"15282";"1774382497561"
"818";"2026-03-24 17:02:37";"22.01";"54";"940.14";"2900";"436";"";"";"";"-114";"-6.300000190734863";"15283";"1774382557554"
"819";"2026-03-24 17:03:37";"21.95";"54";"940.14";"2880";"448";"";"";"";"-114";"-6.300000190734863";"15284";"1774382617570"
"820";"2026-03-24 17:04:37";"21.97";"53.5";"940.14";"2880";"448";"";"";"";"-114";"-7";"15285";"1774382677566"
"821";"2026-03-24 17:05:37";"22.01";"53.5";"940.14";"2900";"440";"";"";"";"-114";"-5.800000190734863";"15286";"1774382737567"
"822";"2026-03-24 17:06:37";"22.02";"53.5";"940.14";"2880";"440";"";"";"";"-114";"-7";"15287";"1774382797573"
"823";"2026-03-24 17:07:37";"22.13";"53.5";"940.14";"2860";"432";"";"";"";"-114";"-7.5";"15288";"1774382857562"
"824";"2026-03-24 17:08:37";"22.21";"53.5";"940.1800000000001";"2900";"444";"";"";"";"-114";"-7";"15289";"1774382917534"
"825";"2026-03-24 17:09:37";"22.27";"53";"940.14";"2880";"432";"";"";"";"-114";"-7.5";"15290";"1774382977559"
"826";"2026-03-24 17:10:37";"22.33";"53";"940.08";"2900";"432";"";"";"";"-114";"-5.300000190734863";"15291";"1774383037530"
"827";"2026-03-24 17:11:37";"22.4";"53";"940.12";"2860";"444";"";"";"";"-114";"-6.800000190734863";"15292";"1774383097569"
"828";"2026-03-24 17:12:37";"22.46";"53";"940.1";"2860";"432";"";"";"";"-114";"-6.800000190734863";"15293";"1774383157555"
"829";"2026-03-24 17:13:37";"22.52";"53";"940.14";"2900";"440";"";"";"";"-114";"-6.300000190734863";"15294";"1774383217549"
"830";"2026-03-24 17:14:37";"22.57";"53";"940.12";"2900";"432";"";"";"";"-114";"-6.300000190734863";"15295";"1774383277556"
"831";"2026-03-24 17:15:37";"22.62";"53";"940.0600000000001";"2860";"440";"";"";"";"-114";"-7";"15296";"1774383337564"
"832";"2026-03-24 17:16:37";"22.66";"52.5";"940.1";"2900";"440";"";"";"";"-114";"-5.800000190734863";"15297";"1774383397557"
"833";"2026-03-24 17:17:37";"22.7";"52.5";"940.12";"2880";"436";"";"";"";"-114";"-5.5";"15298";"1774383457570"
"834";"2026-03-24 17:18:37";"22.74";"52.5";"940.12";"2900";"440";"";"";"";"-114";"-6.800000190734863";"15299";"1774383517551"
"835";"2026-03-24 17:19:37";"22.8";"52.5";"940.1800000000001";"2880";"440";"";"";"";"-114";"-8.300000190734863";"15300";"1774383577564"
"836";"2026-03-24 17:20:37";"22.83";"52.5";"940.14";"2880";"440";"";"";"";"-114";"-7.5";"15301";"1774383637556"
"837";"2026-03-24 17:21:37";"22.87";"53";"940.16";"2880";"436";"";"";"";"-114";"-7.300000190734863";"15302";"1774383697564"
"838";"2026-03-24 17:22:37";"22.86";"52.5";"940.12";"2900";"0";"";"";"";"-114";"-7";"15303";"1774383757527"
"839";"2026-03-24 17:23:37";"22.88";"53";"940.16";"2860";"0";"";"";"";"-114";"-7.300000190734863";"15304";"1774383817556"
"840";"2026-03-24 17:24:37";"22.88";"53";"940.16";"2880";"0";"";"";"";"-115";"-8.800000190734863";"15305";"1774383877534"
"841";"2026-03-24 17:25:37";"22.88";"53";"940.16";"2860";"0";"";"";"";"-114";"-6.800000190734863";"15306";"1774383937558"
"842";"2026-03-24 17:26:37";"22.88";"53";"940.14";"2880";"0";"";"";"";"-114";"-6.800000190734863";"15307";"1774383997557"
"843";"2026-03-24 17:27:37";"22.88";"53";"940.16";"2860";"0";"";"";"";"-114";"-6.5";"15308";"1774384057566"
"844";"2026-03-24 17:28:37";"22.91";"53";"940.16";"2880";"0";"";"";"";"-115";"-9.5";"15309";"1774384117554"
"845";"2026-03-24 17:29:37";"22.91";"53";"940.1800000000001";"2880";"0";"";"";"";"-114";"-9.300000190734863";"15310";"1774384177558"
"846";"2026-03-24 17:30:37";"22.92";"53.5";"940.16";"2860";"0";"";"";"";"-114";"-7";"15311";"1774384237555"
"847";"2026-03-24 17:31:37";"22.94";"53";"940.1800000000001";"2840";"0";"";"";"";"-114";"-7.300000190734863";"15312";"1774384297547"
"848";"2026-03-24 17:32:37";"22.96";"53";"940.2";"2860";"0";"";"";"";"-114";"-7.800000190734863";"15313";"1774384357565"
"849";"2026-03-24 17:33:37";"22.96";"53.5";"940.2";"2840";"0";"";"";"";"-115";"-8.800000190734863";"15314";"1774384417566"
"850";"2026-03-24 17:34:37";"22.96";"53.5";"940.2";"2860";"0";"";"";"";"-114";"-7.800000190734863";"15315";"1774384477551"
"851";"2026-03-24 17:35:37";"22.97";"53.5";"940.24";"2880";"0";"";"";"";"-114";"-7.5";"15316";"1774384537528"
"852";"2026-03-24 17:36:37";"22.98";"53.5";"940.2";"2840";"0";"";"";"";"-114";"-8";"15317";"1774384597559"
"853";"2026-03-24 17:37:37";"23";"53.5";"940.24";"2880";"0";"";"";"";"-115";"-8.800000190734863";"15318";"1774384657555"
"854";"2026-03-24 17:38:37";"23";"53.5";"940.24";"2840";"0";"";"";"";"-114";"-6.5";"15319";"1774384717537"
"855";"2026-03-24 17:39:37";"23.02";"53.5";"940.24";"2840";"0";"";"";"";"-114";"-8";"15320";"1774384777558"
"856";"2026-03-24 17:40:37";"23.02";"53.5";"940.24";"2880";"0";"";"";"";"-114";"-7";"15321";"1774384837527"
"857";"2026-03-24 17:41:37";"23.03";"53.5";"940.24";"2860";"0";"";"";"";"-114";"-7.300000190734863";"15322";"1774384897558"
"858";"2026-03-24 17:42:37";"23.04";"54";"940.22";"2840";"0";"";"";"";"-114";"-5.800000190734863";"15323";"1774384957561"
"859";"2026-03-24 17:43:37";"23.06";"54";"940.26";"2840";"0";"";"";"";"-114";"-7.800000190734863";"15324";"1774385017555"
"860";"2026-03-24 17:44:37";"23.06";"54";"940.26";"2820";"0";"";"";"";"-114";"-7.5";"15325";"1774385077551"
"861";"2026-03-24 17:45:37";"23.08";"54";"940.24";"2820";"0";"";"";"";"-114";"-7";"15326";"1774385137562"
"862";"2026-03-24 17:46:37";"23.09";"54";"940.24";"2860";"0";"";"";"";"-114";"-7";"15327";"1774385197555"
"863";"2026-03-24 17:47:37";"23.1";"54";"940.24";"2820";"0";"";"";"";"-114";"-6.300000190734863";"15328";"1774385257529"
"864";"2026-03-24 17:48:37";"23.11";"54";"940.26";"2860";"0";"";"";"";"-114";"-5.800000190734863";"15329";"1774385317561"
"865";"2026-03-24 17:49:37";"23.17";"54";"940.24";"2820";"0";"";"";"";"-114";"-5.800000190734863";"15330";"1774385377557"
"866";"2026-03-24 17:50:37";"23.24";"54.5";"940.26";"2820";"0";"";"";"";"-114";"-5.800000190734863";"15331";"1774385437555"
"867";"2026-03-24 17:51:37";"23.23";"54.5";"940.26";"2840";"0";"";"";"";"-114";"-8";"15332";"1774385497556"
"868";"2026-03-24 17:52:37";"23.26";"54.5";"940.32";"2860";"0";"";"";"";"-115";"-7.800000190734863";"15333";"1774385557551"
"869";"2026-03-24 17:53:37";"23.23";"54.5";"940.34";"2820";"0";"";"";"";"-114";"-7.5";"15334";"1774385617556"
"870";"2026-03-24 17:54:37";"23.23";"54.5";"940.4";"2860";"0";"";"";"";"-114";"-7.5";"15335";"1774385677566"
"871";"2026-03-24 17:55:37";"23.23";"54.5";"940.38";"2860";"0";"";"";"";"-114";"-8.5";"15336";"1774385737562"
"872";"2026-03-24 17:56:37";"23.24";"54.5";"940.4";"2840";"0";"";"";"";"-115";"-8";"15337";"1774385797552"
"873";"2026-03-24 17:57:37";"23.25";"55";"940.4";"2820";"0";"";"";"";"-114";"-7.5";"15338";"1774385857553"
"874";"2026-03-24 17:58:37";"23.26";"55";"940.44";"2860";"0";"";"";"";"-115";"-8.300000190734863";"15339";"1774385917556"
"875";"2026-03-24 17:59:37";"23.26";"55";"940.44";"2840";"0";"";"";"";"-114";"-8";"15340";"1774385977555"
"876";"2026-03-24 18:00:37";"23.26";"55";"940.4200000000001";"2820";"0";"";"";"";"-115";"-7.800000190734863";"15341";"1774386037577"
"877";"2026-03-24 18:01:37";"23.25";"55";"940.4200000000001";"2840";"0";"";"";"";"-114";"-7.800000190734863";"15342";"1774386097556"
"878";"2026-03-24 18:02:37";"23.26";"55";"940.4";"2820";"0";"";"";"";"-114";"-7.5";"15343";"1774386157552"
"879";"2026-03-24 18:03:37";"23.27";"55";"940.4";"2820";"0";"";"";"";"-114";"-8.300000190734863";"15344";"1774386217549"
"880";"2026-03-24 18:05:37";"23.29";"55";"940.4";"2800";"0";"";"";"";"-114";"-8.5";"15346";"1774386337558"
"881";"2026-03-24 18:06:37";"23.29";"55.5";"940.4200000000001";"2800";"0";"";"";"";"-114";"-8";"15347";"1774386397563"
"882";"2026-03-24 18:07:37";"23.29";"55.5";"940.48";"2820";"0";"";"";"";"-114";"-8";"15348";"1774386457562"
"883";"2026-03-24 18:08:37";"23.31";"55.5";"940.5";"2820";"0";"";"";"";"-114";"-7";"15349";"1774386517574"
"884";"2026-03-24 18:09:37";"23.31";"55.5";"940.5";"2800";"0";"";"";"";"-114";"-8.300000190734863";"15350";"1774386577560"
"885";"2026-03-24 18:10:37";"23.32";"55.5";"940.5";"2820";"0";"";"";"";"-114";"-7.5";"15351";"1774386637559"
"886";"2026-03-24 18:11:37";"23.33";"55.5";"940.54";"2800";"0";"";"";"";"-114";"-7";"15352";"1774386697551"
"887";"2026-03-24 18:12:37";"23.34";"56";"940.58";"2840";"0";"";"";"";"-114";"-7.300000190734863";"15353";"1774386757555"
"888";"2026-03-24 18:13:37";"23.34";"56";"940.58";"2820";"0";"";"";"";"-114";"-7";"15354";"1774386817520"
"889";"2026-03-24 18:14:37";"23.35";"56";"940.58";"2840";"0";"";"";"";"-114";"-7";"15355";"1774386877558"
"890";"2026-03-24 18:15:37";"23.35";"56";"940.6";"2820";"0";"";"";"";"-114";"-8";"15356";"1774386937550"
"891";"2026-03-24 18:16:37";"23.35";"56";"940.62";"2820";"0";"";"";"";"-114";"-7.5";"15357";"1774386997553"
"892";"2026-03-24 18:18:37";"23.38";"56";"940.6800000000001";"2780";"0";"";"";"";"-114";"-7.800000190734863";"15359";"1774387117553"
"893";"2026-03-24 18:19:37";"23.38";"56.5";"940.66";"2800";"0";"";"";"";"-114";"-7.300000190734863";"15360";"1774387177544"
"894";"2026-03-24 18:20:37";"23.39";"56";"940.72";"2800";"0";"";"";"";"-114";"-7.800000190734863";"15361";"1774387237545"
"895";"2026-03-24 18:21:37";"23.42";"56.5";"940.72";"2780";"0";"";"";"";"-114";"-8.300000190734863";"15362";"1774387297555"
"896";"2026-03-24 18:22:37";"23.42";"56.5";"940.74";"2800";"0";"";"";"";"-114";"-7.5";"15363";"1774387357551"
"897";"2026-03-24 18:46:37";"24.03";"58";"940.9";"2780";"412";"";"";"";"-114";"-7.800000190734863";"15387";"1774388797556"
"898";"2026-03-24 18:49:37";"24.01";"58.5";"940.94";"2760";"0";"";"";"";"-114";"-7.800000190734863";"15390";"1774388977555"
"899";"2026-03-24 18:50:37";"23.98";"58.5";"940.9200000000001";"2780";"0";"";"";"";"-114";"-7";"15391";"1774389037554"
"900";"2026-03-24 18:51:37";"23.95";"58.5";"940.94";"2740";"0";"";"";"";"-114";"-8.5";"15392";"1774389097548"
"901";"2026-03-24 18:52:37";"23.92";"58.5";"940.9200000000001";"2760";"0";"";"";"";"-115";"-7.800000190734863";"15393";"1774389157528"
"902";"2026-03-24 18:53:37";"23.9";"58";"940.96";"2780";"0";"";"";"";"-114";"-8.5";"15394";"1774389217541"
"903";"2026-03-24 18:54:37";"23.88";"58";"940.94";"2760";"0";"";"";"";"-114";"-7.800000190734863";"15395";"1774389277549"
"904";"2026-03-24 18:55:37";"23.86";"58.5";"940.9200000000001";"2740";"0";"";"";"";"-114";"-8.300000190734863";"15396";"1774389337554"
"905";"2026-03-24 18:56:37";"23.87";"59";"940.96";"2740";"0";"";"";"";"-114";"-8.300000190734863";"15397";"1774389397554"
"906";"2026-03-24 18:57:37";"23.84";"59";"940.9200000000001";"2760";"0";"";"";"";"-114";"-6.800000190734863";"15398";"1774389457553"
"907";"2026-03-24 18:58:37";"23.82";"59";"940.96";"2760";"0";"";"";"";"-114";"-7.300000190734863";"15399";"1774389517525"
"908";"2026-03-24 18:59:37";"23.81";"59";"940.96";"2720";"0";"";"";"";"-114";"-7.5";"15400";"1774389577553"
"909";"2026-03-24 19:00:37";"23.81";"59";"940.98";"2760";"0";"";"";"";"-114";"-7.5";"15401";"1774389637556"
"910";"2026-03-24 19:01:37";"23.8";"59";"940.96";"2760";"0";"";"";"";"-114";"-7";"15402";"1774389697557"
"911";"2026-03-24 19:02:37";"23.8";"59";"940.98";"2720";"0";"";"";"";"-114";"-6.800000190734863";"15403";"1774389757552"
"912";"2026-03-24 19:03:37";"23.79";"59";"940.98";"2720";"0";"";"";"";"-114";"-6.800000190734863";"15404";"1774389817545"
"913";"2026-03-24 19:04:37";"23.79";"59";"941";"2760";"0";"";"";"";"-114";"-7.300000190734863";"15405";"1774389877548"
"914";"2026-03-24 19:05:37";"23.78";"59";"941.02";"2720";"0";"";"";"";"-114";"-7.300000190734863";"15406";"1774389937555"
"915";"2026-03-24 19:07:37";"23.78";"59";"940.96";"2700";"0";"";"";"";"-114";"-7.300000190734863";"15408";"1774390057559"
"916";"2026-03-24 19:08:37";"23.78";"59.5";"941.02";"2760";"0";"";"";"";"-114";"-7.300000190734863";"15409";"1774390117552"
"917";"2026-03-24 19:09:37";"23.77";"59.5";"941";"2720";"0";"";"";"";"-114";"-6.5";"15410";"1774390177556"
"918";"2026-03-24 19:10:37";"23.77";"59.5";"941.02";"2720";"0";"";"";"";"-114";"-7";"15411";"1774390237551"
"919";"2026-03-24 19:11:37";"23.77";"59.5";"941.04";"2740";"0";"";"";"";"-114";"-6.800000190734863";"15412";"1774390297554"
"920";"2026-03-24 19:12:37";"23.76";"59.5";"941.04";"2720";"0";"";"";"";"-114";"-5.800000190734863";"15413";"1774390357557"
"921";"2026-03-24 19:13:37";"23.76";"59.5";"941.1";"2720";"0";"";"";"";"-114";"-7";"15414";"1774390417545"
"922";"2026-03-24 19:14:37";"23.76";"59.5";"941.1";"2680";"0";"";"";"";"-114";"-7.300000190734863";"15415";"1774390477555"
"923";"2026-03-24 19:15:37";"23.76";"59.5";"941.14";"2700";"0";"";"";"";"-114";"-6.5";"15416";"1774390537544"
"924";"2026-03-24 19:16:37";"23.75";"59.5";"941.14";"2700";"0";"";"";"";"-114";"-7";"15417";"1774390597527"
"925";"2026-03-24 19:17:37";"23.75";"59.5";"941.1800000000001";"2680";"0";"";"";"";"-114";"-6.5";"15418";"1774390657553"
"926";"2026-03-24 19:18:37";"23.75";"59.5";"941.1800000000001";"2680";"0";"";"";"";"-113";"-5.300000190734863";"15419";"1774390717580"
"927";"2026-03-24 19:19:37";"23.75";"59";"941.2";"2720";"0";"";"";"";"-114";"-6";"15420";"1774390777550"
"928";"2026-03-24 19:20:37";"23.75";"59";"941.22";"2680";"0";"";"";"";"-114";"-7.800000190734863";"15421";"1774390837553"
"929";"2026-03-24 19:21:37";"23.75";"59";"941.28";"2700";"0";"";"";"";"-114";"-6.800000190734863";"15422";"1774390897556"
"930";"2026-03-24 19:22:37";"23.75";"59";"941.3000000000001";"2720";"0";"";"";"";"-114";"-7.300000190734863";"15423";"1774390957557"
"931";"2026-03-24 19:23:37";"23.75";"59.5";"941.26";"2720";"0";"";"";"";"-114";"-7.300000190734863";"15424";"1774391017550"
"932";"2026-03-24 19:24:37";"23.74";"59.5";"941.28";"2680";"0";"";"";"";"-114";"-7.800000190734863";"15425";"1774391077548"
"933";"2026-03-24 19:25:37";"23.74";"59.5";"941.28";"2700";"0";"";"";"";"-114";"-8.5";"15426";"1774391137527"
"934";"2026-03-24 19:26:37";"23.74";"59.5";"941.3000000000001";"2660";"0";"";"";"";"-114";"-8";"15427";"1774391197550"
"935";"2026-03-24 19:27:37";"23.74";"59.5";"941.28";"2680";"0";"";"";"";"-114";"-8";"15428";"1774391257531"
"936";"2026-03-24 19:28:37";"23.73";"59.5";"941.3000000000001";"2700";"0";"";"";"";"-114";"-8.300000190734863";"15429";"1774391317555"
"937";"2026-03-24 19:29:37";"23.73";"59.5";"941.32";"2660";"0";"";"";"";"-114";"-8";"15430";"1774391377556"
"938";"2026-03-24 19:30:37";"23.73";"59.5";"941.36";"2680";"0";"";"";"";"-114";"-7";"15431";"1774391437557"
"939";"2026-03-24 19:33:37";"23.74";"59";"941.44";"2640";"0";"";"";"";"-114";"-7";"15434";"1774391617577"
"940";"2026-03-24 19:34:37";"23.73";"59.5";"941.4200000000001";"2620";"0";"";"";"";"-114";"-7";"15435";"1774391677554"
"941";"2026-03-24 19:35:37";"23.74";"59.5";"941.46";"2640";"0";"";"";"";"-114";"-7";"15436";"1774391737559"
"942";"2026-03-24 19:36:37";"23.73";"59";"941.4";"2600";"0";"";"";"";"-114";"-6.800000190734863";"15437";"1774391797556"
"943";"2026-03-24 19:37:37";"23.72";"59";"941.44";"2640";"0";"";"";"";"-114";"-6.800000190734863";"15438";"1774391857545"
"944";"2026-03-24 19:38:37";"23.73";"59";"941.46";"2620";"0";"";"";"";"-114";"-7";"15439";"1774391917557"
"945";"2026-03-24 19:39:37";"23.73";"59";"941.44";"2580";"0";"";"";"";"-114";"-5.800000190734863";"15440";"1774391977550"
"946";"2026-03-24 19:40:37";"23.72";"59.5";"941.46";"2560";"0";"";"";"";"-114";"-6";"15441";"1774392037556"
"947";"2026-03-24 19:41:37";"23.73";"59.5";"941.5";"2580";"0";"";"";"";"-114";"-6.5";"15442";"1774392097549"
"948";"2026-03-24 19:42:37";"23.72";"59.5";"941.44";"2540";"0";"";"";"";"-114";"-7.300000190734863";"15443";"1774392157523"
"949";"2026-03-24 19:43:37";"23.72";"59.5";"941.48";"2560";"0";"";"";"";"-114";"-7";"15444";"1774392217552"
"950";"2026-03-24 19:44:37";"23.72";"59.5";"941.48";"2520";"0";"";"";"";"-114";"-7.300000190734863";"15445";"1774392277555"
"951";"2026-03-24 19:45:37";"23.73";"59.5";"941.5";"2520";"0";"";"";"";"-114";"-6.5";"15446";"1774392337553"
"952";"2026-03-24 19:46:37";"23.72";"59.5";"941.5";"2500";"0";"";"";"";"-114";"-6.300000190734863";"15447";"1774392397552"
"953";"2026-03-24 19:47:37";"23.72";"59.5";"941.5";"2500";"0";"";"";"";"-114";"-6.300000190734863";"15448";"1774392457549"
"954";"2026-03-24 19:48:37";"23.73";"59.5";"941.54";"2500";"0";"";"";"";"-114";"-6";"15449";"1774392517564"
"955";"2026-03-24 19:49:37";"23.72";"59.5";"941.54";"2480";"0";"";"";"";"-114";"-6";"15450";"1774392577520"
"956";"2026-03-24 19:50:37";"23.72";"59.5";"941.5600000000001";"2460";"0";"";"";"";"-114";"-6";"15451";"1774392637518"
"957";"2026-03-24 19:51:37";"23.71";"59.5";"941.54";"2460";"0";"";"";"";"-114";"-6";"15452";"1774392697546"
"958";"2026-03-24 19:52:37";"23.72";"59.5";"941.58";"2460";"0";"";"";"";"-114";"-7.800000190734863";"15453";"1774392757551"
"959";"2026-03-24 19:54:37";"23.71";"59.5";"941.64";"2420";"0";"";"";"";"-114";"-7.300000190734863";"15455";"1774392877548"
"960";"2026-03-24 19:55:37";"23.71";"59";"941.6800000000001";"2420";"0";"";"";"";"-114";"-7.300000190734863";"15456";"1774392937547"
"961";"2026-03-24 19:56:37";"23.71";"59.5";"941.6800000000001";"2420";"0";"";"";"";"-114";"-7.5";"15457";"1774392997551"
"962";"2026-03-24 19:57:37";"23.71";"59.5";"941.7";"2380";"0";"";"";"";"-114";"-6.800000190734863";"15458";"1774393057545"
"963";"2026-03-24 19:58:37";"23.7";"59.5";"941.7";"2380";"0";"";"";"";"-114";"-7";"15459";"1774393117542"
"964";"2026-03-24 19:59:37";"23.71";"59.5";"941.72";"2360";"0";"";"";"";"-114";"-7.800000190734863";"15460";"1774393177597"
"965";"2026-03-24 20:00:37";"23.7";"59.5";"941.72";"2380";"0";"";"";"";"-114";"-7.5";"15461";"1774393237529"
"966";"2026-03-24 20:01:37";"23.71";"59";"941.76";"2360";"0";"";"";"";"-114";"-8.300000190734863";"15462";"1774393297521"
"967";"2026-03-24 20:02:37";"23.71";"59";"941.76";"2360";"0";"";"";"";"-114";"-6.800000190734863";"15463";"1774393357549"
"968";"2026-03-24 20:03:37";"23.71";"59";"941.78";"2340";"0";"";"";"";"-114";"-7";"15464";"1774393417558"
