"Nº","Data e Hora (America/Sao_Paulo)","Temperatura (°C)","Umidade Relativa (%)","Pressão Atmosférica (hPa)","Tensão do Sistema (mV)","Luminosidade (lux)","Latitude (°)","Longitude (°)","Altitude (m)","RSSI (dBm)","SNR (dB)","Frame Counter","Timestamp Aquisição (ms)"
"1","2026-05-01 00:00:38","20.86","75.5","948.38","3680","0","-22.822235107421875","-47.0656623840332","613","-83","14","29746","1777604438816"
"2","2026-05-01 00:01:38","20.86","75.5","948.24","3700","0","-22.822233200073242","-47.06565856933594","611.5","-85","13","29747","1777604498823"
"3","2026-05-01 00:02:38","20.86","75.5","948.1800000000001","3680","0","-22.822206497192383","-47.065677642822266","614.2","-84","13.300000190734863","29748","1777604558832"
"4","2026-05-01 00:03:38","20.86","75.5","948.1800000000001","3680","0","-22.822193145751953","-47.06569290161133","617.7","-83","13.5","29749","1777604618828"
"5","2026-05-01 00:04:38","20.86","75.5","948.2","3660","0","-22.82219123840332","-47.06565475463867","617.5","-83","13.800000190734863","29750","1777604678828"
"6","2026-05-01 00:05:38","20.86","75.5","948.16","3720","0","-22.822185516357422","-47.065650939941406","612.2","-82","13.5","29751","1777604738825"
"7","2026-05-01 00:06:38","20.85","75.5","948.16","3720","0","-22.82221031188965","-47.06568908691406","611.2","-84","13.800000190734863","29752","1777604798831"
"8","2026-05-01 00:07:38","20.85","75.5","948.16","3660","0","-22.822208404541016","-47.06568145751953","609.9","-83","13.800000190734863","29753","1777604858827"
"9","2026-05-01 00:08:38","20.84","75.5","948.16","3700","0","-22.822223663330078","-47.065673828125","612.5","-84","13.5","29754","1777604918825"
"10","2026-05-01 00:09:38","20.84","75.5","948.12","3740","0","-22.822221755981445","-47.065670013427734","611.5","-84","13.300000190734863","29755","1777604978827"
"11","2026-05-01 00:10:38","20.83","75.5","948.08","3700","0","-22.822235107421875","-47.06566619873047","610.9","-80","13.300000190734863","29756","1777605038828"
"12","2026-05-01 00:11:38","20.83","75.5","948.12","3700","0","-22.82221794128418","-47.065650939941406","612.7","-82","13.5","29757","1777605098825"
"13","2026-05-01 00:12:38","20.83","75.5","948.08","3740","0","-22.822214126586914","-47.065670013427734","611.5","-84","13","29758","1777605158822"
"14","2026-05-01 00:13:38","20.83","75.5","948.04","3700","0","-22.822227478027344","-47.0656623840332","612","-82","13.300000190734863","29759","1777605218828"
"15","2026-05-01 00:14:38","20.83","75.5","948.08","3700","0","-22.822221755981445","-47.06568145751953","615.5","-81","13","29760","1777605278826"
"16","2026-05-01 00:15:38","20.83","75.5","948.02","3700","0","-22.822254180908203","-47.06572341918945","605.7","-85","13","29761","1777605338829"
"17","2026-05-01 00:16:38","20.82","75.5","948.1","3700","0","-22.82222557067871","-47.06570053100586","610","-84","13.5","29762","1777605398785"
"18","2026-05-01 00:17:38","20.82","75.5","948.14","3700","0","-22.82223129272461","-47.06569290161133","610.4","-84","13.300000190734863","29763","1777605458821"
"19","2026-05-01 00:18:38","20.82","75.5","948.02","3680","0","-22.82223129272461","-47.065677642822266","612.4","-85","13.300000190734863","29764","1777605518822"
"20","2026-05-01 00:19:38","20.82","75.5","948.04","3720","0","-22.82222557067871","-47.065677642822266","613.2","-83","13.300000190734863","29765","1777605578829"
"21","2026-05-01 00:20:38","20.81","75.5","948.08","3720","0","-22.822237014770508","-47.065696716308594","608.7","-83","14","29766","1777605638793"
"22","2026-05-01 00:21:38","20.8","75.5","948.04","3660","0","-22.82221794128418","-47.0656852722168","612.5","-82","14","29767","1777605698831"
"23","2026-05-01 00:22:38","20.8","75.5","948.04","3680","0","-22.82220458984375","-47.0656623840332","616.2","-84","13.5","29768","1777605758809"
"24","2026-05-01 00:23:38","20.8","75.5","948.2","3640","0","-22.822214126586914","-47.06566619873047","616.2","-85","13.5","29769","1777605818819"
"25","2026-05-01 00:24:38","20.79","75.5","948.1","3680","0","-22.822219848632812","-47.06566619873047","612.2","-84","12.800000190734863","29770","1777605878815"
"26","2026-05-01 00:25:38","20.79","75.5","947.98","3660","0","-22.822214126586914","-47.065677642822266","610.4","-83","13.300000190734863","29771","1777605938822"
"27","2026-05-01 00:26:38","20.79","75.5","948.0600000000001","3680","0","-22.82223129272461","-47.06566619873047","608","-84","14","29772","1777605998812"
"28","2026-05-01 00:27:38","20.79","75.5","947.96","3660","0","-22.822208404541016","-47.065650939941406","615.4000000000001","-82","14","29773","1777606058829"
"29","2026-05-01 00:28:38","20.79","75.5","947.98","3700","0","-22.822235107421875","-47.0656623840332","612.2","-83","13.800000190734863","29774","1777606118820"
"30","2026-05-01 00:29:38","20.79","75.5","948.08","3680","0","-22.82223892211914","-47.06565856933594","613.7","-85","13.5","29775","1777606178825"
"31","2026-05-01 00:30:38","20.79","75.5","947.98","3680","0","-22.8222713470459","-47.06563949584961","622","-83","13.5","29776","1777606238828"
"32","2026-05-01 00:31:38","20.78","75.5","948.02","3660","0","-22.822250366210938","-47.06563949584961","616.4000000000001","-82","13.5","29777","1777606298824"
"33","2026-05-01 00:32:38","20.78","75.5","948.08","3680","0","-22.822250366210938","-47.0656623840332","616","-83","14","29778","1777606358817"
"34","2026-05-01 00:33:38","20.77","75.5","948.02","3720","0","-22.822263717651367","-47.06558609008789","617","-85","13.300000190734863","29779","1777606418819"
"35","2026-05-01 00:34:38","20.77","75.5","948.04","3680","0","-22.822303771972656","-47.06559753417969","617.2","-82","13.300000190734863","29780","1777606478814"
"36","2026-05-01 00:35:38","20.76","75.5","948","3660","0","-22.822267532348633","-47.06560516357422","621.5","-84","13.5","29781","1777606538815"
"37","2026-05-01 00:36:38","20.75","75.5","948","3640","0","-22.822242736816406","-47.065635681152344","624.2","-82","13.800000190734863","29782","1777606598819"
"38","2026-05-01 00:37:38","20.74","75.5","948.08","3680","0","-22.82222557067871","-47.065677642822266","613.4","-83","14","29783","1777606658792"
"39","2026-05-01 00:38:38","20.74","76","947.94","3680","0","-22.822267532348633","-47.06568145751953","615","-86","13.300000190734863","29784","1777606718827"
"40","2026-05-01 00:39:38","20.74","76","948.04","3660","0","-22.82223892211914","-47.06568908691406","613.5","-82","13.5","29785","1777606778821"
"41","2026-05-01 00:40:38","20.74","76","947.86","3680","0","-22.82225799560547","-47.065704345703125","614","-83","13.800000190734863","29786","1777606838826"
"42","2026-05-01 00:41:38","20.73","75.5","948.02","3680","0","-22.822233200073242","-47.06572341918945","605.5","-86","13","29787","1777606898816"
"43","2026-05-01 00:42:38","20.73","76","947.88","3700","0","-22.82223129272461","-47.065677642822266","617.7","-83","13","29788","1777606958820"
"44","2026-05-01 00:43:38","20.72","76","947.88","3680","0","-22.822235107421875","-47.065670013427734","621.4000000000001","-83","13.800000190734863","29789","1777607018819"
"45","2026-05-01 00:44:38","20.71","75.5","947.96","3680","0","-22.822233200073242","-47.065704345703125","603","-85","13.5","29790","1777607078822"
"46","2026-05-01 00:45:38","20.71","76","947.9","3660","0","-22.82222557067871","-47.065670013427734","606.5","-89","13","29791","1777607138823"
"47","2026-05-01 00:46:38","20.71","76","947.86","3700","0","-22.822246551513672","-47.06568908691406","611.7","-83","13.300000190734863","29792","1777607198816"
"48","2026-05-01 00:47:38","20.7","76","947.88","3680","0","-22.822189331054688","-47.065673828125","605.5","-84","13","29793","1777607258825"
"49","2026-05-01 00:48:38","20.69","76","947.9","3660","0","-22.82223129272461","-47.0656852722168","608","-84","13.5","29794","1777607318835"
"50","2026-05-01 00:49:38","20.68","76","947.84","3680","0","-22.822240829467773","-47.06569290161133","609.5","-83","13","29795","1777607378782"
"51","2026-05-01 00:50:38","20.67","76","947.84","3660","0","-22.822240829467773","-47.065670013427734","612.9","-82","13.5","29796","1777607438791"
"52","2026-05-01 00:51:38","20.67","76","947.9","3640","0","-22.82225227355957","-47.065616607666016","618","-83","13.300000190734863","29797","1777607498803"
"53","2026-05-01 00:52:38","20.66","76","947.8000000000001","3660","0","-22.82224464416504","-47.06559753417969","620","-83","13.300000190734863","29798","1777607558819"
"54","2026-05-01 00:53:38","20.65","76","947.8000000000001","3660","0","-22.822235107421875","-47.06563949584961","613.9","-83","13.5","29799","1777607618819"
"55","2026-05-01 00:54:38","20.65","76","947.84","3680","0","-22.82222557067871","-47.065673828125","609.9","-83","14","29800","1777607678813"
"56","2026-05-01 00:55:38","20.64","76","947.8000000000001","3660","0","-22.82223892211914","-47.06571960449219","603","-84","13.300000190734863","29801","1777607738816"
"57","2026-05-01 00:56:38","20.64","76","947.84","3660","0","-22.822208404541016","-47.065670013427734","608.7","-84","13.5","29802","1777607798805"
"58","2026-05-01 00:57:38","20.63","76","947.78","3660","0","-22.822235107421875","-47.06566619873047","608.9","-85","13.5","29803","1777607858788"
"59","2026-05-01 00:58:38","20.63","76","947.84","3660","0","-22.82223129272461","-47.06565475463867","611.7","-83","13.300000190734863","29804","1777607918814"
"60","2026-05-01 00:59:38","20.62","76","947.84","3680","0","-22.822216033935547","-47.06568145751953","612.7","-84","13","29805","1777607978826"
"61","2026-05-01 01:00:38","20.62","76","947.84","3680","0","-22.82220458984375","-47.065643310546875","615.9000000000001","-83","13.5","29806","1777608038806"
"62","2026-05-01 01:01:38","20.61","76.5","947.86","3720","0","-22.822208404541016","-47.06568908691406","606.2","-82","13.800000190734863","29807","1777608098831"
"63","2026-05-01 01:02:38","20.61","76.5","947.8000000000001","3680","0","-22.82221031188965","-47.06565856933594","608.2","-81","13","29808","1777608158867"
"64","2026-05-01 01:03:38","20.6","76.5","947.72","3660","0","-22.82221031188965","-47.065650939941406","613.5","-81","13.800000190734863","29809","1777608218799"
"65","2026-05-01 01:04:38","20.6","76.5","947.74","3680","0","-22.822233200073242","-47.06565475463867","616.5","-82","13.300000190734863","29810","1777608278778"
"66","2026-05-01 01:05:38","20.59","76","947.74","3700","0","-22.822235107421875","-47.0656852722168","615.7","-84","13.300000190734863","29811","1777608338773"
"67","2026-05-01 01:06:38","20.58","76","947.72","3660","0","-22.822246551513672","-47.0656852722168","617.9000000000001","-83","13.300000190734863","29812","1777608398819"
"68","2026-05-01 01:07:38","20.58","76","947.66","3660","0","-22.822298049926758","-47.06570816040039","614.9000000000001","-83","13.300000190734863","29813","1777608458817"
"69","2026-05-01 01:08:38","20.57","76","947.7","3700","0","-22.822267532348633","-47.06568145751953","609.7","-83","13.800000190734863","29814","1777608518780"
"70","2026-05-01 01:09:38","20.56","76.5","947.6800000000001","3680","0","-22.822246551513672","-47.06569290161133","611.9","-82","13.5","29815","1777608578818"
"71","2026-05-01 01:10:38","20.56","76","947.78","3680","0","-22.822263717651367","-47.06568908691406","607.5","-84","13.300000190734863","29816","1777608638818"
"72","2026-05-01 01:11:38","20.55","76.5","947.72","3660","0","-22.822237014770508","-47.06568908691406","616.5","-83","13","29817","1777608698812"
"73","2026-05-01 01:12:38","20.55","76.5","947.7","3640","0","-22.822256088256836","-47.06571578979492","608.4","-82","13.5","29818","1777608758780"
"74","2026-05-01 01:13:38","20.55","76.5","947.76","3680","0","-22.822242736816406","-47.06572723388672","610.9","-82","13.5","29819","1777608818816"
"75","2026-05-01 01:14:38","20.54","76.5","947.8000000000001","3660","0","-22.822214126586914","-47.06565856933594","610.2","-84","13.800000190734863","29820","1777608878860"
"76","2026-05-01 01:15:38","20.54","76.5","947.64","3680","0","-22.822214126586914","-47.065670013427734","617.7","-83","13.300000190734863","29821","1777608938807"
"77","2026-05-01 01:16:38","20.53","76.5","947.6800000000001","3640","0","-22.822214126586914","-47.06569290161133","615.2","-84","13","29822","1777608998811"
"78","2026-05-01 01:17:38","20.53","76.5","947.64","3680","0","-22.822189331054688","-47.06568908691406","611.2","-83","13.800000190734863","29823","1777609058816"
"79","2026-05-01 01:18:38","20.53","76.5","947.62","3700","0","-22.82220458984375","-47.06568145751953","610.2","-83","13","29824","1777609118775"
"80","2026-05-01 01:19:38","20.52","76.5","947.66","3640","0","-22.822216033935547","-47.06565856933594","617.4000000000001","-82","13.800000190734863","29825","1777609178814"
"81","2026-05-01 01:20:38","20.51","76.5","947.64","3660","0","-22.822221755981445","-47.065696716308594","607.2","-82","13.5","29826","1777609238815"
"82","2026-05-01 01:21:38","20.51","76.5","947.6","3700","0","-22.822227478027344","-47.065673828125","615.2","-81","13.300000190734863","29827","1777609298776"
"83","2026-05-01 01:22:38","20.51","76.5","947.62","3660","0","-22.822263717651367","-47.06574249267578","603","-83","13.5","29828","1777609358813"
"84","2026-05-01 01:23:38","20.5","76.5","947.62","3720","0","-22.8222713470459","-47.06573486328125","612","-82","13.5","29829","1777609418807"
"85","2026-05-01 01:24:38","20.49","76.5","947.62","3660","0","-22.822227478027344","-47.06571960449219","601.4","-85","13","29830","1777609478786"
"86","2026-05-01 01:25:38","20.49","76.5","947.6","3640","0","-22.822242736816406","-47.065704345703125","609.2","-86","13.300000190734863","29831","1777609538808"
"87","2026-05-01 01:26:38","20.49","76.5","947.62","3700","0","-22.822248458862305","-47.065704345703125","609","-83","13","29832","1777609598812"
"88","2026-05-01 01:27:38","20.49","76.5","947.5600000000001","3660","0","-22.822265625","-47.06574249267578","608","-81","13.300000190734863","29833","1777609658808"
"89","2026-05-01 01:28:38","20.49","76.5","947.62","3680","0","-22.822208404541016","-47.06568908691406","609.2","-82","13.300000190734863","29834","1777609718813"
"90","2026-05-01 01:29:38","20.49","76.5","947.58","3660","0","-22.822227478027344","-47.06570053100586","607.2","-84","14","29835","1777609778773"
"91","2026-05-01 01:30:38","20.49","76.5","947.6","3660","0","-22.822248458862305","-47.065711975097656","604.4","-82","13","29836","1777609838814"
"92","2026-05-01 01:31:38","20.49","76.5","947.54","3660","0","-22.82229995727539","-47.06573486328125","612.7","-85","13.5","29837","1777609898808"
"93","2026-05-01 01:32:38","20.48","76.5","947.6","3660","0","-22.822227478027344","-47.0656623840332","618.4000000000001","-82","13.5","29838","1777609958815"
"94","2026-05-01 01:33:38","20.48","76.5","947.6","3660","0","-22.82224464416504","-47.065696716308594","609.2","-83","13.800000190734863","29839","1777610018806"
"95","2026-05-01 01:34:38","20.47","76.5","947.5600000000001","3680","0","-22.822261810302734","-47.06565856933594","613.4","-84","13.300000190734863","29840","1777610078810"
"96","2026-05-01 01:35:38","20.46","76.5","947.58","3660","0","-22.82227897644043","-47.06571960449219","609","-81","13.5","29841","1777610138809"
"97","2026-05-01 01:36:38","20.46","76.5","947.54","3640","0","-22.822242736816406","-47.06566619873047","610.5","-84","13.5","29842","1777610198803"
"98","2026-05-01 01:37:38","20.45","76.5","947.52","3700","0","-22.822261810302734","-47.065677642822266","608.4","-83","13.300000190734863","29843","1777610258808"
"99","2026-05-01 01:38:38","20.45","76.5","947.52","3660","0","-22.8222599029541","-47.06566619873047","606.9","-83","13.5","29844","1777610318780"
"100","2026-05-01 01:39:38","20.45","76.5","947.5600000000001","3700","0","-22.82227897644043","-47.065711975097656","608.5","-84","13.800000190734863","29845","1777610378811"
"101","2026-05-01 01:40:38","20.44","76.5","947.5600000000001","3700","0","-22.822284698486328","-47.06573486328125","611.4","-81","12.800000190734863","29846","1777610438815"
"102","2026-05-01 01:41:38","20.44","76.5","947.52","3640","0","-22.822208404541016","-47.065643310546875","614.9000000000001","-83","14","29847","1777610498811"
"103","2026-05-01 01:42:38","20.44","76.5","947.54","3660","0","-22.822246551513672","-47.0656852722168","604.4","-84","13.800000190734863","29848","1777610558811"
"104","2026-05-01 01:43:38","20.44","76.5","947.54","3660","0","-22.822261810302734","-47.0656852722168","607","-85","13.5","29849","1777610618806"
"105","2026-05-01 01:44:38","20.44","76.5","947.48","3700","0","-22.82221794128418","-47.065673828125","609.7","-84","13.5","29850","1777610678812"
"106","2026-05-01 01:45:38","20.43","76.5","947.5600000000001","3640","0","-22.822233200073242","-47.065673828125","613.5","-84","13.300000190734863","29851","1777610738821"
"107","2026-05-01 01:46:38","20.43","76.5","947.54","3660","0","-22.822250366210938","-47.065704345703125","612.4","-82","12.800000190734863","29852","1777610798766"
"108","2026-05-01 01:47:38","20.42","76.5","947.46","3620","0","-22.822233200073242","-47.065704345703125","615.2","-86","13.5","29853","1777610858793"
"109","2026-05-01 01:48:38","20.42","76.5","947.46","3680","0","-22.822227478027344","-47.06568908691406","618.5","-83","13.5","29854","1777610918805"
"110","2026-05-01 01:49:38","20.41","76.5","947.48","3680","0","-22.82220458984375","-47.06565856933594","616","-86","13.300000190734863","29855","1777610978812"
"111","2026-05-01 01:50:38","20.41","76.5","947.58","3660","0","-22.822195053100586","-47.065670013427734","614","-84","13.300000190734863","29856","1777611038813"
"112","2026-05-01 01:51:38","20.4","76.5","947.66","3640","0","-22.82219123840332","-47.065673828125","614.7","-83","13.5","29857","1777611098814"
"113","2026-05-01 01:52:38","20.4","77","947.52","3640","0","-22.822187423706055","-47.065673828125","623.5","-82","13","29858","1777611158818"
"114","2026-05-01 01:53:38","20.4","77","947.54","3660","0","-22.822202682495117","-47.06568908691406","623.2","-83","13.800000190734863","29859","1777611218785"
"115","2026-05-01 01:54:38","20.39","77","947.5600000000001","3640","0","-22.822193145751953","-47.06566619873047","614.4000000000001","-83","13.5","29860","1777611278804"
"116","2026-05-01 01:55:38","20.39","77","947.5600000000001","3680","0","-22.82223892211914","-47.065677642822266","606.7","-83","13.300000190734863","29861","1777611338802"
"117","2026-05-01 01:56:38","20.39","77","947.52","3680","0","-22.822254180908203","-47.06569290161133","604.4","-83","13.5","29862","1777611398824"
"118","2026-05-01 01:57:38","20.38","77","947.52","3660","0","-22.82221031188965","-47.06562805175781","614.2","-84","13","29863","1777611458812"
"119","2026-05-01 01:58:38","20.37","77","947.46","3660","0","-22.822227478027344","-47.065670013427734","614.7","-83","13.800000190734863","29864","1777611518807"
"120","2026-05-01 01:59:38","20.37","77","947.62","3700","0","-22.822202682495117","-47.06564712524414","618","-82","13","29865","1777611578824"
"121","2026-05-01 02:00:38","20.37","77","947.5","3660","0","-22.82220458984375","-47.06565856933594","616.9000000000001","-84","13.300000190734863","29866","1777611638810"
"122","2026-05-01 02:01:38","20.37","77","947.52","3640","0","-22.822214126586914","-47.0656623840332","618.4000000000001","-84","13.5","29867","1777611698818"
"123","2026-05-01 02:02:38","20.36","77","947.52","3660","0","-22.822195053100586","-47.065650939941406","614","-84","13.5","29868","1777611758778"
"124","2026-05-01 02:03:38","20.36","77","947.52","3660","0","-22.82222557067871","-47.06566619873047","609","-84","13.800000190734863","29869","1777611818811"
"125","2026-05-01 02:04:38","20.36","77","947.46","3660","0","-22.822189331054688","-47.065650939941406","609.2","-84","13.300000190734863","29870","1777611878809"
"126","2026-05-01 02:05:38","20.35","77","947.5","3640","0","-22.822219848632812","-47.06569290161133","611","-84","14","29871","1777611938827"
"127","2026-05-01 02:06:38","20.35","77","947.48","3640","0","-22.82221794128418","-47.065677642822266","613.2","-84","13","29872","1777611998810"
"128","2026-05-01 02:07:38","20.34","77","947.5","3700","0","-22.82221031188965","-47.065673828125","610","-84","13","29873","1777612058807"
"129","2026-05-01 02:08:38","20.33","77","947.52","3640","0","-22.82221031188965","-47.06566619873047","609.2","-85","13.300000190734863","29874","1777612118798"
"130","2026-05-01 02:09:38","20.32","77","947.48","3660","0","-22.82223129272461","-47.065677642822266","606","-85","13","29875","1777612178812"
"131","2026-05-01 02:10:38","20.32","77","947.48","3640","0","-22.822208404541016","-47.06565475463867","608.4","-82","13.300000190734863","29876","1777612238829"
"132","2026-05-01 02:11:38","20.31","77","947.5","3660","0","-22.822202682495117","-47.065650939941406","616","-86","12.800000190734863","29877","1777612298806"
"133","2026-05-01 02:12:38","20.31","77.5","947.44","3660","0","-22.82217788696289","-47.06563186645508","613.9","-87","13.5","29878","1777612358815"
"134","2026-05-01 02:13:38","20.3","77.5","947.4200000000001","3660","0","-22.82220458984375","-47.065643310546875","605.2","-84","14.5","29879","1777612418824"
"135","2026-05-01 02:14:38","20.3","77.5","947.4200000000001","3680","0","-22.822189331054688","-47.06565856933594","610","-85","13.5","29880","1777612478816"
"136","2026-05-01 02:15:38","20.29","77.5","947.48","3660","0","-22.82220458984375","-47.06566619873047","611.5","-84","13.5","29881","1777612538820"
"137","2026-05-01 02:16:38","20.29","77.5","947.34","3640","0","-22.822193145751953","-47.0656623840332","608.7","-83","13.300000190734863","29882","1777612598814"
"138","2026-05-01 02:17:38","20.28","77.5","947.3000000000001","3700","0","-22.82217788696289","-47.065650939941406","613.2","-84","13.800000190734863","29883","1777612658785"
"139","2026-05-01 02:18:38","20.28","77.5","947.34","3640","0","-22.822200775146484","-47.06569290161133","619.2","-82","13.300000190734863","29884","1777612718806"
"140","2026-05-01 02:19:38","20.27","77.5","947.32","3660","0","-22.822219848632812","-47.065677642822266","612.9","-84","13.300000190734863","29885","1777612778811"
"141","2026-05-01 02:20:38","20.26","77.5","947.34","3660","0","-22.822282791137695","-47.06571578979492","600.7","-84","13.5","29886","1777612838814"
"142","2026-05-01 02:21:38","20.25","77.5","947.3000000000001","3640","0","-22.8222599029541","-47.06571578979492","605.4","-87","13.800000190734863","29887","1777612898820"
"143","2026-05-01 02:22:38","20.24","77.5","947.28","3660","0","-22.822250366210938","-47.06570816040039","602.5","-84","13","29888","1777612958815"
"144","2026-05-01 02:23:38","20.23","77.5","947.3000000000001","3640","0","-22.822206497192383","-47.06564712524414","615.2","-83","13.800000190734863","29889","1777613018810"
"145","2026-05-01 02:24:38","20.22","77.5","947.3000000000001","3640","0","-22.822195053100586","-47.06563949584961","620","-84","13.300000190734863","29890","1777613078809"
"146","2026-05-01 02:25:38","20.22","77.5","947.26","3640","0","-22.82221031188965","-47.06566619873047","615.7","-85","13.5","29891","1777613138805"
"147","2026-05-01 02:26:38","20.22","77.5","947.26","3700","0","-22.822195053100586","-47.06566619873047","615.2","-84","13.300000190734863","29892","1777613198790"
"148","2026-05-01 02:27:38","20.21","77.5","947.28","3640","0","-22.82219123840332","-47.06565856933594","615.7","-84","13.800000190734863","29893","1777613258782"
"149","2026-05-01 02:28:38","20.21","77.5","947.3000000000001","3640","0","-22.822206497192383","-47.06564712524414","614.5","-84","13.5","29894","1777613318808"
"150","2026-05-01 02:29:38","20.2","77.5","947.24","3660","0","-22.822221755981445","-47.065677642822266","615.5","-84","13.300000190734863","29895","1777613378804"
"151","2026-05-01 02:30:38","20.2","78","947.3000000000001","3620","0","-22.822193145751953","-47.06565475463867","617.5","-83","13","29896","1777613438797"
"152","2026-05-01 02:31:38","20.2","77.5","947.32","3640","0","-22.822223663330078","-47.06565475463867","613.2","-84","13.300000190734863","29897","1777613498786"
"153","2026-05-01 02:32:38","20.19","77.5","947.34","3640","0","-22.822248458862305","-47.06569290161133","603","-84","13.300000190734863","29898","1777613558802"
"154","2026-05-01 02:33:38","20.19","77.5","947.36","3680","0","-22.822240829467773","-47.065696716308594","607","-84","13.300000190734863","29899","1777613618783"
"155","2026-05-01 02:34:38","20.18","77.5","947.32","3680","0","-22.82223129272461","-47.065677642822266","601.2","-86","13","29900","1777613678810"
"156","2026-05-01 02:35:38","20.18","77.5","947.4","3660","0","-22.822261810302734","-47.06568908691406","600.5","-85","13","29901","1777613738807"
"157","2026-05-01 02:36:38","20.17","77.5","947.3000000000001","3640","0","-22.822267532348633","-47.06570816040039","593.7","-85","13.800000190734863","29902","1777613798769"
"158","2026-05-01 02:37:38","20.16","77.5","947.32","3700","0","-22.822219848632812","-47.06565856933594","612.9","-85","13.300000190734863","29903","1777613858772"
"159","2026-05-01 02:38:38","20.16","77.5","947.3000000000001","3640","0","-22.822240829467773","-47.065670013427734","612.5","-85","13.5","29904","1777613918816"
"160","2026-05-01 02:39:38","20.15","77.5","947.28","3640","0","-22.822219848632812","-47.0656852722168","609.4","-84","13","29905","1777613978774"
"161","2026-05-01 02:40:38","20.15","77.5","947.26","3660","0","-22.82219886779785","-47.06565475463867","620.7","-83","13.5","29906","1777614038806"
"162","2026-05-01 02:41:38","20.15","77.5","947.3000000000001","3640","0","-22.822248458862305","-47.065670013427734","609.7","-83","13","29907","1777614098798"
"163","2026-05-01 02:42:38","20.14","77.5","947.3000000000001","3620","0","-22.822237014770508","-47.06566619873047","610.5","-85","13.5","29908","1777614158806"
"164","2026-05-01 02:43:38","20.14","77.5","947.28","3700","0","-22.82221031188965","-47.0656623840332","613.5","-83","13.5","29909","1777614218806"
"165","2026-05-01 02:44:38","20.14","77.5","947.3000000000001","3640","0","-22.82219123840332","-47.06565856933594","621.5","-84","13.300000190734863","29910","1777614278808"
"166","2026-05-01 02:45:38","20.14","77.5","947.36","3620","0","-22.82225227355957","-47.06568145751953","608.2","-85","13.800000190734863","29911","1777614338810"
"167","2026-05-01 02:46:38","20.14","77.5","947.38","3680","0","-22.822223663330078","-47.06568908691406","605.4","-85","13.5","29912","1777614398806"
"168","2026-05-01 02:47:38","20.14","77.5","947.34","3600","0","-22.822206497192383","-47.06568145751953","606.2","-85","13","29913","1777614458818"
"169","2026-05-01 02:48:38","20.14","78","947.28","3660","0","-22.822206497192383","-47.06568908691406","605.2","-83","13.800000190734863","29914","1777614518814"
"170","2026-05-01 02:49:38","20.15","78","947.26","3600","0","-22.822219848632812","-47.065711975097656","602","-85","14","29915","1777614578810"
"171","2026-05-01 02:50:38","20.16","78","947.26","3660","0","-22.822216033935547","-47.06572723388672","600.4","-84","13.800000190734863","29916","1777614638803"
"172","2026-05-01 02:51:38","20.16","78","947.28","3620","0","-22.822221755981445","-47.0656623840332","608.5","-83","13.800000190734863","29917","1777614698806"
"173","2026-05-01 02:52:38","20.16","78","947.1800000000001","3640","0","-22.82223129272461","-47.065670013427734","611.7","-83","13.5","29918","1777614758776"
"174","2026-05-01 02:53:38","20.16","78","947.2","3640","0","-22.82221221923828","-47.065670013427734","607.5","-86","13.5","29919","1777614818802"
"175","2026-05-01 02:54:38","20.16","78","947.26","3640","0","-22.82222557067871","-47.065635681152344","609.7","-85","13.5","29920","1777614878808"
"176","2026-05-01 02:55:38","20.17","78","947.22","3620","0","-22.822223663330078","-47.065650939941406","612.9","-86","13.300000190734863","29921","1777614938798"
"177","2026-05-01 02:56:38","20.17","78","947.24","3640","0","-22.822237014770508","-47.065673828125","610.5","-83","13.5","29922","1777614998812"
"178","2026-05-01 02:57:38","20.18","78","947.22","3640","0","-22.822284698486328","-47.0656852722168","607.2","-84","13.5","29923","1777615058805"
"179","2026-05-01 02:58:38","20.17","78","947.14","3680","0","-22.822277069091797","-47.06569290161133","604.9","-84","13.5","29924","1777615118804"
"180","2026-05-01 02:59:38","20.17","78","947.16","3600","0","-22.82221794128418","-47.065643310546875","616.9000000000001","-84","13.5","29925","1777615178812"
"181","2026-05-01 03:00:38","20.18","78","947.2","3640","0","-22.822193145751953","-47.06562805175781","624.5","-84","13.800000190734863","29926","1777615238810"
"182","2026-05-01 03:01:38","20.16","78","947.1","3640","0","-22.822223663330078","-47.06565475463867","621.4000000000001","-84","13.300000190734863","29927","1777615298818"
"183","2026-05-01 03:02:38","20.16","77.5","947.1","3680","0","-22.82222557067871","-47.06565856933594","619.4000000000001","-82","13","29928","1777615358796"
"184","2026-05-01 03:03:38","20.15","77.5","947.16","3600","0","-22.822195053100586","-47.06564712524414","613.9","-84","13.300000190734863","29929","1777615418780"
"185","2026-05-01 03:04:38","20.15","77.5","947.1","3680","0","-22.822229385375977","-47.06565856933594","610.5","-84","13.5","29930","1777615478809"
"186","2026-05-01 03:05:38","20.14","78","947.14","3620","0","-22.822227478027344","-47.06568145751953","610.4","-84","13","29931","1777615538811"
"187","2026-05-01 03:06:38","20.13","78","947.14","3600","0","-22.822185516357422","-47.065673828125","614.5","-84","13","29932","1777615598807"
"188","2026-05-01 03:07:38","20.13","78","947.1800000000001","3660","0","-22.822181701660156","-47.06564712524414","618","-86","13.5","29933","1777615658770"
"189","2026-05-01 03:08:38","20.12","78","947.16","3680","0","-22.822229385375977","-47.06560134887695","619.7","-83","13.800000190734863","29934","1777615718810"
"190","2026-05-01 03:09:38","20.12","78","947.12","3660","0","-22.82222557067871","-47.06561279296875","619","-85","14","29935","1777615778820"
"191","2026-05-01 03:10:38","20.12","78","947.12","3640","0","-22.822219848632812","-47.065616607666016","615.5","-84","13.300000190734863","29936","1777615838808"
"192","2026-05-01 03:11:38","20.12","78","947.16","3640","0","-22.822219848632812","-47.06563186645508","613.5","-84","13.300000190734863","29937","1777615898805"
"193","2026-05-01 03:12:38","20.12","78","947.3000000000001","3620","0","-22.822221755981445","-47.065635681152344","612","-84","13.300000190734863","29938","1777615958784"
"194","2026-05-01 03:13:38","20.11","78","947.1","3620","0","-22.822227478027344","-47.06564712524414","612.4","-84","13.300000190734863","29939","1777616018805"
"195","2026-05-01 03:14:38","20.11","78","947.16","3640","0","-22.822242736816406","-47.06565856933594","615.9000000000001","-82","13","29940","1777616078811"
"196","2026-05-01 03:15:38","20.11","78","947.1","3640","0","-22.822256088256836","-47.06566619873047","615.2","-86","13.5","29941","1777616138813"
"197","2026-05-01 03:16:38","20.12","78","947.1","3660","0","-22.822229385375977","-47.065670013427734","614.5","-83","13.5","29942","1777616198780"
"198","2026-05-01 03:17:38","20.12","78","947.14","3640","0","-22.822227478027344","-47.06566619873047","617.5","-84","13.300000190734863","29943","1777616258809"
"199","2026-05-01 03:18:38","20.11","78.5","947.08","3640","0","-22.822223663330078","-47.065670013427734","619.5","-84","13","29944","1777616318816"
"200","2026-05-01 03:19:38","20.11","78.5","947.1","3600","0","-22.82220458984375","-47.0656623840332","628","-85","13.800000190734863","29945","1777616378814"
"201","2026-05-01 03:20:38","20.11","78.5","947.1800000000001","3620","0","-22.82219696044922","-47.06562423706055","624.7","-85","13.5","29946","1777616438817"
"202","2026-05-01 03:21:38","20.1","78.5","947.0600000000001","3680","0","-22.822214126586914","-47.06562423706055","621.4000000000001","-86","13","29947","1777616498821"
"203","2026-05-01 03:22:38","20.1","78","947.14","3640","0","-22.822216033935547","-47.065643310546875","623.4000000000001","-84","13.300000190734863","29948","1777616558818"
"204","2026-05-01 03:23:38","20.1","78","947.1","3600","0","-22.822219848632812","-47.065635681152344","621.7","-84","13.800000190734863","29949","1777616618808"
"205","2026-05-01 03:24:38","20.09","78","947.0600000000001","3680","0","-22.822233200073242","-47.065650939941406","621.5","-84","13.5","29950","1777616678779"
"206","2026-05-01 03:25:38","20.09","78","947.1800000000001","3600","0","-22.822248458862305","-47.065635681152344","620.5","-86","13.5","29951","1777616738808"
"207","2026-05-01 03:26:38","20.08","78","947.16","3620","0","-22.822254180908203","-47.065616607666016","620.2","-85","13.5","29952","1777616798809"
"208","2026-05-01 03:27:38","20.08","78","947.08","3600","0","-22.822214126586914","-47.065635681152344","620.9000000000001","-84","13.5","29953","1777616858801"
"209","2026-05-01 03:28:38","20.08","78.5","947.04","3620","0","-22.82222557067871","-47.065643310546875","618.5","-85","13.5","29954","1777616918824"
"210","2026-05-01 03:29:38","20.09","78.5","947.12","3600","0","-22.822227478027344","-47.06557846069336","626","-83","13.300000190734863","29955","1777616978812"
"211","2026-05-01 03:30:38","20.09","78.5","947.08","3620","0","-22.82225799560547","-47.06559753417969","625.2","-84","13.300000190734863","29956","1777617038818"
"212","2026-05-01 03:31:38","20.09","78.5","947.12","3620","0","-22.822233200073242","-47.06562423706055","617.2","-85","13.300000190734863","29957","1777617098811"
"213","2026-05-01 03:32:37","20.08","78","947.08","3660","0","-22.822242736816406","-47.06559371948242","618","-83","13.5","29958","1777617157820"
"214","2026-05-01 03:33:37","20.08","78.5","947.08","3600","0","-22.822223663330078","-47.065616607666016","615","-83","13.5","29959","1777617217852"
"215","2026-05-01 03:34:38","20.08","78.5","947.12","3680","0","-22.822202682495117","-47.06565856933594","621","-84","13.5","29960","1777617278816"
"216","2026-05-01 03:35:38","20.08","78.5","947.1","3660","0","-22.82221794128418","-47.06563186645508","617.5","-86","13.300000190734863","29961","1777617338817"
"217","2026-05-01 03:36:38","20.07","78.5","947.0600000000001","3620","0","-22.82220458984375","-47.06563949584961","619.4000000000001","-83","13.5","29962","1777617398816"
"218","2026-05-01 03:37:37","20.07","78.5","947.02","3620","0","-22.822208404541016","-47.06562042236328","621.9000000000001","-84","13.5","29963","1777617457840"
"219","2026-05-01 03:38:38","20.07","78.5","947.12","3620","0","-22.822227478027344","-47.065673828125","614.4000000000001","-83","14","29964","1777617518815"
"220","2026-05-01 03:39:37","20.07","78.5","947.04","3680","0","-22.82224464416504","-47.06566619873047","612","-83","13","29965","1777617577796"
"221","2026-05-01 03:40:38","20.07","78.5","947.0600000000001","3640","0","-22.822298049926758","-47.06564712524414","627.7","-85","13.300000190734863","29966","1777617638782"
"222","2026-05-01 03:41:38","20.07","78.5","947.0600000000001","3660","0","-22.822290420532227","-47.06565475463867","624.4000000000001","-84","13.5","29967","1777617698810"
"223","2026-05-01 03:42:38","20.07","78.5","947.0600000000001","3600","0","-22.822269439697266","-47.065635681152344","624.2","-86","13.5","29968","1777617758808"
"224","2026-05-01 03:43:37","20.06","78.5","947.0600000000001","3620","0","-22.822263717651367","-47.06568145751953","620.7","-82","13.800000190734863","29969","1777617817832"
"225","2026-05-01 03:44:38","20.06","78.5","947.1","3620","0","-22.822256088256836","-47.06568145751953","620.2","-82","13.5","29970","1777617878814"
"226","2026-05-01 03:45:38","20.07","78.5","947.04","3640","0","-22.822263717651367","-47.065677642822266","617.5","-85","13.300000190734863","29971","1777617938806"
"227","2026-05-01 03:46:38","20.06","78.5","947.08","3580","0","-22.82225227355957","-47.06568908691406","608.7","-85","13.800000190734863","29972","1777617998818"
"228","2026-05-01 03:47:38","20.06","78.5","947.04","3620","0","-22.822233200073242","-47.06570053100586","610.2","-84","13","29973","1777618058814"
"229","2026-05-01 03:48:38","20.06","78.5","947.02","3660","0","-22.822223663330078","-47.06568145751953","611.4","-86","13.5","29974","1777618118813"
"230","2026-05-01 03:49:38","20.06","78.5","947.02","3640","0","-22.822219848632812","-47.065677642822266","610.7","-84","13.300000190734863","29975","1777618178808"
"231","2026-05-01 03:50:37","20.05","78.5","947.02","3580","0","-22.822200775146484","-47.0656852722168","604.2","-85","13","29976","1777618237837"
"232","2026-05-01 03:51:38","20.05","78.5","947.02","3640","0","-22.822237014770508","-47.065696716308594","608.9","-84","13","29977","1777618298807"
"233","2026-05-01 03:52:38","20.05","78.5","947.04","3660","0","-22.822229385375977","-47.06564712524414","611.2","-84","13.300000190734863","29978","1777618358814"
"234","2026-05-01 03:53:37","20.05","78.5","947.02","3600","0","-22.822237014770508","-47.065704345703125","614.5","-83","13.5","29979","1777618417833"
"235","2026-05-01 03:54:38","20.04","78.5","947","3600","0","-22.82227325439453","-47.065696716308594","621.7","-84","13.800000190734863","29980","1777618478815"
"236","2026-05-01 03:55:38","20.04","78.5","947.02","3580","0","-22.8222713470459","-47.065650939941406","624.9000000000001","-84","13.300000190734863","29981","1777618538810"
"237","2026-05-01 03:56:38","20.04","78.5","946.98","3660","0","-22.8222599029541","-47.06568908691406","619","-85","13.800000190734863","29982","1777618598779"
"238","2026-05-01 03:57:38","20.04","78.5","946.94","3660","0","-22.8222599029541","-47.06568145751953","618","-85","13","29983","1777618658815"
"239","2026-05-01 03:58:38","20.04","78.5","947","3600","0","-22.822290420532227","-47.06568908691406","627","-85","13.800000190734863","29984","1777618718814"
"240","2026-05-01 03:59:38","20.03","78.5","947.04","3660","0","-22.822282791137695","-47.065673828125","619.5","-85","13","29985","1777618778821"
"241","2026-05-01 04:00:37","20.03","78.5","947.02","3620","0","-22.822307586669922","-47.065696716308594","619","-84","12.800000190734863","29986","1777618837825"
"242","2026-05-01 04:01:38","20.03","78.5","947.04","3600","0","-22.822267532348633","-47.06569290161133","614.5","-84","13.800000190734863","29987","1777618898825"
"243","2026-05-01 04:02:38","20.03","78.5","947.0600000000001","3660","0","-22.822296142578125","-47.065670013427734","620.2","-83","13.300000190734863","29988","1777618958816"
"244","2026-05-01 04:03:38","20.03","78.5","947.08","3600","0","-22.822290420532227","-47.06571578979492","617","-84","13.300000190734863","29989","1777619018821"
"245","2026-05-01 04:04:38","20.03","78.5","947.08","3600","0","-22.82228660583496","-47.065677642822266","614.4000000000001","-84","13","29990","1777619078822"
"246","2026-05-01 04:05:38","20.02","78.5","947.1","3620","0","-22.82231330871582","-47.06573486328125","614","-85","13.5","29991","1777619138795"
"247","2026-05-01 04:06:38","20.02","78.5","947.0600000000001","3620","0","-22.822307586669922","-47.065670013427734","623.2","-86","13","29992","1777619198826"
"248","2026-05-01 04:07:37","20.02","78.5","947.0600000000001","3600","0","-22.822280883789062","-47.06568145751953","620.9000000000001","-83","13.5","29993","1777619257843"
"249","2026-05-01 04:08:37","20.01","78.5","947.08","3600","0","-22.822254180908203","-47.065696716308594","617.5","-85","13.800000190734863","29994","1777619317842"
"250","2026-05-01 04:09:38","20.01","78.5","947.0600000000001","3620","0","-22.82227325439453","-47.0656852722168","613.7","-85","13.5","29995","1777619378817"
"251","2026-05-01 04:10:38","20.01","78.5","947.08","3600","0","-22.822256088256836","-47.065670013427734","617.5","-85","13","29996","1777619438807"
"252","2026-05-01 04:11:38","20.01","78.5","947.1","3640","0","-22.8222713470459","-47.06569290161133","614.5","-85","13.300000190734863","29997","1777619498825"
"253","2026-05-01 04:12:38","20.01","78.5","947.08","3660","0","-22.822267532348633","-47.06569290161133","612.7","-86","13.300000190734863","29998","1777619558821"
"254","2026-05-01 04:13:38","20.01","78.5","947.04","3580","0","-22.82224464416504","-47.065673828125","612.5","-83","13.5","29999","1777619618822"
"255","2026-05-01 04:14:38","20.01","78.5","947.1","3580","0","-22.82224464416504","-47.0656852722168","610.2","-83","13","30000","1777619678816"
"256","2026-05-01 04:15:38","20.01","78.5","947.12","3580","0","-22.82224464416504","-47.06568145751953","613.7","-84","14","30001","1777619738822"
"257","2026-05-01 04:16:38","20.01","78.5","947.0600000000001","3600","0","-22.822309494018555","-47.06574630737305","609.5","-84","13.5","30002","1777619798818"
"258","2026-05-01 04:17:38","20.02","78.5","947.02","3600","0","-22.822298049926758","-47.065731048583984","611","-84","13.5","30003","1777619858823"
"259","2026-05-01 04:18:38","20.02","78.5","947.04","3660","0","-22.82231903076172","-47.06575393676758","609.7","-84","13.300000190734863","30004","1777619918820"
"260","2026-05-01 04:19:38","20.01","78.5","947.02","3600","0","-22.82229995727539","-47.06573486328125","609.9","-82","13","30005","1777619978817"
"261","2026-05-01 04:20:38","20.01","78.5","947.08","3600","0","-22.82229995727539","-47.06572341918945","611.9","-85","13.300000190734863","30006","1777620038820"
"262","2026-05-01 04:21:37","20.01","78.5","947","3600","0","-22.82225799560547","-47.06566619873047","614.2","-83","13","30007","1777620097833"
"263","2026-05-01 04:22:38","20.01","78.5","947","3580","0","-22.822240829467773","-47.06566619873047","616.2","-85","13.5","30008","1777620158825"
"264","2026-05-01 04:23:38","20.01","78.5","947.02","3580","0","-22.822284698486328","-47.065670013427734","622.4000000000001","-86","13.300000190734863","30009","1777620218823"
"265","2026-05-01 04:24:37","20.01","78.5","947.04","3660","0","-22.822263717651367","-47.06565475463867","621.9000000000001","-83","14","30010","1777620277849"
"266","2026-05-01 04:25:38","20","78.5","947.02","3580","0","-22.822250366210938","-47.06562805175781","623","-85","13.5","30011","1777620338827"
"267","2026-05-01 04:26:38","20.01","78.5","947.04","3600","0","-22.82229995727539","-47.065696716308594","618.4000000000001","-85","13.300000190734863","30012","1777620398810"
"268","2026-05-01 04:27:38","20","78.5","947.02","3580","0","-22.822282791137695","-47.06568908691406","616","-85","13.300000190734863","30013","1777620458825"
"269","2026-05-01 04:28:38","20.01","78.5","947.08","3580","0","-22.82225799560547","-47.0656852722168","605.9","-84","14","30014","1777620518814"
"270","2026-05-01 04:29:38","20.01","78.5","947.08","3600","0","-22.822248458862305","-47.06570053100586","610.4","-86","13.300000190734863","30015","1777620578812"
"271","2026-05-01 04:30:38","20.01","78.5","947.1","3580","0","-22.822223663330078","-47.065643310546875","616","-85","13.300000190734863","30016","1777620638815"
"272","2026-05-01 04:31:37","20.02","78.5","947.1800000000001","3600","0","-22.822237014770508","-47.06568908691406","609.9","-85","13.300000190734863","30017","1777620697834"
"273","2026-05-01 04:32:38","20.02","79","947.14","3620","0","-22.82223129272461","-47.06569290161133","611","-85","14","30018","1777620758818"
"274","2026-05-01 04:33:38","20.02","79","947.26","3580","0","-22.82221221923828","-47.065673828125","620.2","-85","13.300000190734863","30019","1777620818817"
"275","2026-05-01 04:34:38","20.03","78.5","947.16","3640","0","-22.822227478027344","-47.06566619873047","624.5","-83","13.5","30020","1777620878783"
"276","2026-05-01 04:35:37","20.04","79","947.1800000000001","3580","0","-22.822233200073242","-47.06568908691406","625.7","-83","14","30021","1777620937813"
"277","2026-05-01 04:36:38","20.03","78.5","947.2","3580","0","-22.822246551513672","-47.065673828125","634.5","-85","13.5","30022","1777620998775"
"278","2026-05-01 04:37:38","20.04","78.5","947.2","3580","0","-22.82221221923828","-47.065650939941406","628.7","-85","13.5","30023","1777621058817"
"279","2026-05-01 04:38:37","20.04","78.5","947.1800000000001","3580","0","-22.822181701660156","-47.06562042236328","631.5","-84","13.800000190734863","30024","1777621117838"
"280","2026-05-01 04:39:38","20.05","78.5","947.2","3600","0","-22.822200775146484","-47.065635681152344","628.7","-83","13.5","30025","1777621178813"
"281","2026-05-01 04:40:37","20.05","78.5","947.3000000000001","3580","0","-22.822185516357422","-47.065643310546875","621.4000000000001","-85","13.5","30026","1777621237842"
"282","2026-05-01 04:41:37","20.05","78.5","947.1800000000001","3600","0","-22.822193145751953","-47.06561279296875","628.7","-85","13","30027","1777621297834"
"283","2026-05-01 04:42:38","20.05","78.5","947.22","3600","0","-22.822214126586914","-47.06563186645508","613.7","-85","13","30028","1777621358808"
"284","2026-05-01 04:43:38","20.05","78.5","947.22","3640","0","-22.822229385375977","-47.065670013427734","612.5","-84","13.300000190734863","30029","1777621418810"
"285","2026-05-01 04:44:38","20.06","78.5","947.28","3580","0","-22.822179794311523","-47.065608978271484","625.7","-85","13","30030","1777621478803"
"286","2026-05-01 04:45:38","20.06","78.5","947.3000000000001","3600","0","-22.82220458984375","-47.06562042236328","612.2","-85","13.800000190734863","30031","1777621538806"
"287","2026-05-01 04:46:38","20.06","78.5","947.26","3620","0","-22.822214126586914","-47.06558609008789","618.5","-84","13.300000190734863","30032","1777621598800"
"288","2026-05-01 04:47:37","20.06","78.5","947.32","3640","0","-22.822166442871094","-47.06557846069336","627.9000000000001","-85","13.5","30033","1777621657837"
"289","2026-05-01 04:48:38","20.06","78.5","947.38","3580","0","-22.82219696044922","-47.06562805175781","628.7","-86","13.5","30034","1777621718817"
"290","2026-05-01 04:49:37","20.06","78.5","947.36","3640","0","-22.822267532348633","-47.06565475463867","631.9000000000001","-85","13.5","30035","1777621777851"
"291","2026-05-01 04:50:38","20.07","78.5","947.4","3580","0","-22.82221221923828","-47.06564712524414","615.4000000000001","-84","13.300000190734863","30036","1777621838820"
"292","2026-05-01 04:51:37","20.07","78.5","947.36","3600","0","-22.822200775146484","-47.06563949584961","623.7","-85","14.300000190734863","30037","1777621897811"
"293","2026-05-01 04:52:38","20.07","78.5","947.46","3560","0","-22.822229385375977","-47.065670013427734","620.2","-83","13.800000190734863","30038","1777621958810"
"294","2026-05-01 04:53:38","20.07","78.5","947.44","3600","0","-22.822223663330078","-47.0656852722168","617.5","-85","13.5","30039","1777622018800"
"295","2026-05-01 04:54:38","20.07","78.5","947.44","3640","0","-22.822261810302734","-47.06572723388672","599.4","-84","13.800000190734863","30040","1777622078799"
"296","2026-05-01 04:55:37","20.07","78.5","947.4","3600","0","-22.822240829467773","-47.06573486328125","604.7","-84","13.300000190734863","30041","1777622137844"
"297","2026-05-01 04:56:38","20.07","78.5","947.5","3620","0","-22.822240829467773","-47.065711975097656","620.5","-84","13.800000190734863","30042","1777622198810"
"298","2026-05-01 04:57:37","20.07","78.5","947.46","3600","0","-22.822277069091797","-47.06572341918945","605.4","-85","13.5","30043","1777622257848"
"299","2026-05-01 04:58:38","20.07","78.5","947.46","3580","0","-22.822263717651367","-47.06572723388672","594.7","-83","13.300000190734863","30044","1777622318815"
"300","2026-05-01 04:59:38","20.08","78.5","947.5","3600","0","-22.822250366210938","-47.06570053100586","607.2","-85","13.300000190734863","30045","1777622378815"
"301","2026-05-01 05:00:38","20.08","78.5","947.5","3580","0","-22.822240829467773","-47.06569290161133","616.7","-85","13.300000190734863","30046","1777622438808"
"302","2026-05-01 05:01:38","20.08","78.5","947.5","3600","0","-22.82221794128418","-47.065677642822266","621.5","-84","13.5","30047","1777622498820"
"303","2026-05-01 05:02:38","20.08","78.5","947.52","3600","0","-22.82224464416504","-47.065711975097656","614.5","-83","13.300000190734863","30048","1777622558813"
"304","2026-05-01 05:03:38","20.09","78.5","947.52","3580","0","-22.822242736816406","-47.06565856933594","608.7","-84","13.5","30049","1777622618813"
"305","2026-05-01 05:04:38","20.09","78.5","947.52","3600","0","-22.822227478027344","-47.065643310546875","611","-86","12.800000190734863","30050","1777622678818"
"306","2026-05-01 05:05:38","20.1","78.5","947.52","3600","0","-22.82221794128418","-47.065673828125","611.2","-83","13.300000190734863","30051","1777622738822"
"307","2026-05-01 05:06:38","20.1","78.5","947.5600000000001","3560","0","-22.822206497192383","-47.06564712524414","616.2","-85","13","30052","1777622798806"
"308","2026-05-01 05:07:37","20.11","78.5","947.52","3640","0","-22.822261810302734","-47.06573486328125","588.4","-84","13.300000190734863","30053","1777622857840"
"309","2026-05-01 05:08:38","20.11","78.5","947.54","3560","0","-22.822216033935547","-47.065643310546875","617","-84","12.800000190734863","30054","1777622918811"
"310","2026-05-01 05:09:38","20.12","78.5","947.54","3580","0","-22.82221794128418","-47.06568145751953","613.9","-83","13.300000190734863","30055","1777622978809"
"311","2026-05-01 05:10:38","20.12","78.5","947.5600000000001","3580","0","-22.822240829467773","-47.065704345703125","611","-84","13.800000190734863","30056","1777623038813"
"312","2026-05-01 05:11:38","20.13","78.5","947.64","3640","0","-22.82221031188965","-47.065643310546875","610","-86","13","30057","1777623098819"
"313","2026-05-01 05:12:38","20.13","78.5","947.5","3600","0","-22.822229385375977","-47.06568908691406","609.9","-86","13.800000190734863","30058","1777623158857"
"314","2026-05-01 05:13:38","20.14","78.5","947.54","3560","0","-22.822237014770508","-47.06572723388672","610.9","-85","13","30059","1777623218804"
"315","2026-05-01 05:14:38","20.14","78.5","947.62","3620","0","-22.82224464416504","-47.065711975097656","616.2","-84","13.300000190734863","30060","1777623278805"
"316","2026-05-01 05:15:38","20.15","78.5","947.62","3580","0","-22.822208404541016","-47.06566619873047","613.7","-83","13.300000190734863","30061","1777623338814"
"317","2026-05-01 05:16:38","20.15","78.5","947.62","3580","0","-22.822242736816406","-47.06574249267578","600.9","-83","13.5","30062","1777623398785"
"318","2026-05-01 05:17:38","20.15","78.5","947.62","3620","0","-22.822227478027344","-47.065704345703125","598","-84","13","30063","1777623458820"
"319","2026-05-01 05:18:38","20.16","78.5","947.54","3640","0","-22.82221221923828","-47.06565856933594","603.9","-85","13.5","30064","1777623518818"
"320","2026-05-01 05:19:38","20.16","78.5","947.6","3600","0","-22.822221755981445","-47.06566619873047","606.5","-84","13.300000190734863","30065","1777623578818"
"321","2026-05-01 05:20:38","20.16","78.5","947.6","3560","0","-22.822214126586914","-47.065650939941406","605.7","-84","13.300000190734863","30066","1777623638810"
"322","2026-05-01 05:21:37","20.17","78.5","947.62","3620","0","-22.82221794128418","-47.065650939941406","606.4","-84","13.300000190734863","30067","1777623697828"
"323","2026-05-01 05:22:38","20.17","78.5","947.62","3560","0","-22.82223129272461","-47.0656852722168","614.7","-83","13.300000190734863","30068","1777623758815"
"324","2026-05-01 05:23:38","20.18","78.5","947.62","3560","0","-22.82221794128418","-47.065677642822266","606.7","-83","13.300000190734863","30069","1777623818820"
"325","2026-05-01 05:24:38","20.17","78.5","947.58","3580","0","-22.82219886779785","-47.06560516357422","605.4","-85","13.5","30070","1777623878810"
"326","2026-05-01 05:25:38","20.18","78.5","947.62","3580","0","-22.82224464416504","-47.065670013427734","611","-84","13.300000190734863","30071","1777623938830"
"327","2026-05-01 05:26:37","20.18","78.5","947.64","3580","0","-22.822233200073242","-47.06563186645508","618.2","-85","13.300000190734863","30072","1777623997829"
"328","2026-05-01 05:27:37","20.17","78.5","947.66","3560","0","-22.82221794128418","-47.065670013427734","604.7","-84","13.800000190734863","30073","1777624057776"
"329","2026-05-01 05:28:38","20.16","78.5","947.64","3600","0","-22.822240829467773","-47.06570816040039","606","-85","12.5","30074","1777624118817"
"330","2026-05-01 05:29:38","20.17","78.5","947.7","3580","0","-22.82221031188965","-47.0656852722168","606.5","-84","13.5","30075","1777624178815"
"331","2026-05-01 05:30:38","20.17","79","947.74","3600","0","-22.822208404541016","-47.065677642822266","608.5","-84","13","30076","1777624238815"
"332","2026-05-01 05:31:38","20.17","78.5","947.72","3620","0","-22.82219696044922","-47.065677642822266","609.2","-83","13.800000190734863","30077","1777624298819"
"333","2026-05-01 05:32:38","20.17","78.5","947.76","3540","0","-22.82221794128418","-47.065677642822266","613.5","-84","13.300000190734863","30078","1777624358810"
"334","2026-05-01 05:33:38","20.17","78.5","947.84","3620","0","-22.822216033935547","-47.06571960449219","604.9","-86","13.300000190734863","30079","1777624418815"
"335","2026-05-01 05:34:38","20.17","78.5","947.8000000000001","3580","0","-22.822219848632812","-47.06568145751953","612.5","-84","14","30080","1777624478802"
"336","2026-05-01 05:35:38","20.18","78.5","947.8000000000001","3560","0","-22.822195053100586","-47.06565856933594","619.2","-84","13.800000190734863","30081","1777624538816"
"337","2026-05-01 05:36:37","20.17","78.5","947.86","3640","0","-22.82223129272461","-47.065711975097656","612.7","-84","13","30082","1777624597838"
"338","2026-05-01 05:37:38","20.17","78.5","947.86","3620","0","-22.822219848632812","-47.06570053100586","621.9000000000001","-85","13.800000190734863","30083","1777624658811"
"339","2026-05-01 05:38:38","20.18","78.5","947.9200000000001","3580","0","-22.82219696044922","-47.065670013427734","618.4000000000001","-84","13.5","30084","1777624718817"
"340","2026-05-01 05:39:37","20.18","78.5","947.9200000000001","3580","0","-22.822214126586914","-47.0656623840332","601.2","-84","13.5","30085","1777624777834"
"341","2026-05-01 05:40:38","20.19","78.5","947.96","3520","0","-22.822195053100586","-47.06565475463867","614.7","-83","13","30086","1777624838819"
"342","2026-05-01 05:41:38","20.2","78.5","947.94","3560","0","-22.822200775146484","-47.06565856933594","605.5","-84","13.5","30087","1777624898816"
"343","2026-05-01 05:42:38","20.21","78.5","948","3600","0","-22.822240829467773","-47.0656852722168","597.2","-84","14","30088","1777624958811"
"344","2026-05-01 05:43:37","20.21","78.5","948.02","3620","0","-22.822250366210938","-47.065673828125","595.2","-83","13.300000190734863","30089","1777625017843"
"345","2026-05-01 05:44:38","20.22","78.5","948","3620","0","-22.822248458862305","-47.06565475463867","595.7","-86","13","30090","1777625078819"
"346","2026-05-01 05:45:38","20.22","78.5","948.04","3560","0","-22.82219696044922","-47.06566619873047","611.5","-84","13.5","30091","1777625138812"
"347","2026-05-01 05:46:37","20.23","78.5","948.04","3560","0","-22.822195053100586","-47.0656623840332","607","-83","13.300000190734863","30092","1777625197859"
"348","2026-05-01 05:47:38","20.24","78.5","948.08","3620","0","-22.82219696044922","-47.06565475463867","611.2","-84","12.800000190734863","30093","1777625258825"
"349","2026-05-01 05:48:38","20.25","78.5","948.08","3580","0","-22.82223892211914","-47.065670013427734","605","-84","13","30094","1777625318822"
"350","2026-05-01 05:49:38","20.26","78.5","948.14","3620","0","-22.822229385375977","-47.065673828125","602.7","-84","13.800000190734863","30095","1777625378816"
"351","2026-05-01 05:50:38","20.27","78.5","948.12","3600","0","-22.822214126586914","-47.065677642822266","607.9","-85","13.300000190734863","30096","1777625438815"
"352","2026-05-01 05:51:38","20.28","78.5","948.1","3580","0","-22.82219123840332","-47.06566619873047","607.4","-85","13.5","30097","1777625498820"
"353","2026-05-01 05:52:38","20.28","78.5","948.16","3580","0","-22.822174072265625","-47.065650939941406","603.5","-84","13.800000190734863","30098","1777625558806"
"354","2026-05-01 05:53:38","20.28","78.5","948.12","3580","0","-22.822195053100586","-47.065670013427734","604.5","-85","13","30099","1777625618774"
"355","2026-05-01 05:54:37","20.29","78.5","948.12","3580","0","-22.822181701660156","-47.065650939941406","604.7","-86","13","30100","1777625677838"
"356","2026-05-01 05:55:38","20.29","78.5","948.2","3560","0","-22.822193145751953","-47.06566619873047","606.5","-84","13.5","30101","1777625738816"
"357","2026-05-01 05:56:37","20.3","78.5","948.16","3580","0","-22.822193145751953","-47.06565856933594","608.2","-85","13.5","30102","1777625797822"
"358","2026-05-01 05:57:37","20.3","78.5","948.24","3580","0","-22.82219886779785","-47.065677642822266","605.9","-85","13","30103","1777625857805"
"359","2026-05-01 05:58:38","20.3","78.5","948.28","3580","0","-22.822193145751953","-47.06566619873047","603.7","-84","13.300000190734863","30104","1777625918808"
"360","2026-05-01 05:59:37","20.3","78.5","948.26","3580","0","-22.822237014770508","-47.065670013427734","607.9","-85","14","30105","1777625977848"
"361","2026-05-01 06:00:37","20.31","78.5","948.34","3560","0","-22.822237014770508","-47.06565475463867","612.7","-84","13","30106","1777626037837"
"362","2026-05-01 06:01:38","20.31","78.5","948.34","3540","0","-22.822227478027344","-47.06564712524414","613.5","-83","13.5","30107","1777626098811"
"363","2026-05-01 06:02:38","20.31","78.5","948.36","3580","0","-22.822237014770508","-47.06566619873047","613.7","-83","13.5","30108","1777626158818"
"364","2026-05-01 06:03:37","20.32","78.5","948.32","3560","0","-22.822237014770508","-47.0656623840332","614.2","-85","13.800000190734863","30109","1777626217837"
"365","2026-05-01 06:04:37","20.32","78.5","948.32","3600","0","-22.82225799560547","-47.0656852722168","612.5","-85","13","30110","1777626277793"
"366","2026-05-01 06:05:38","20.33","78.5","948.36","3560","0","-22.822240829467773","-47.0656623840332","610.7","-83","13.5","30111","1777626338821"
"367","2026-05-01 06:06:38","20.32","78.5","948.36","3600","0","-22.822223663330078","-47.06566619873047","611.2","-85","14","30112","1777626398807"
"368","2026-05-01 06:07:38","20.32","78.5","948.34","3600","0","-22.82219696044922","-47.065643310546875","611.7","-85","13.5","30113","1777626458811"
"369","2026-05-01 06:08:38","20.33","78.5","948.4","3580","0","-22.82221031188965","-47.06565856933594","609.2","-84","13","30114","1777626518824"
"370","2026-05-01 06:09:37","20.33","78","948.4200000000001","3620","4","-22.822195053100586","-47.06562805175781","608.2","-84","13.5","30115","1777626577829"
"371","2026-05-01 06:10:38","20.33","78.5","948.4","3540","4","-22.822227478027344","-47.06563186645508","612.7","-84","13.300000190734863","30116","1777626638825"
"372","2026-05-01 06:11:37","20.33","78.5","948.46","3600","4","-22.822221755981445","-47.06564712524414","606.2","-84","13","30117","1777626697821"
"373","2026-05-01 06:12:38","20.33","78.5","948.4200000000001","3560","8","-22.822267532348633","-47.06563186645508","608.7","-83","13","30118","1777626758788"
"374","2026-05-01 06:13:38","20.34","78.5","948.4200000000001","3620","8","-22.82220458984375","-47.06562805175781","612.2","-85","13.300000190734863","30119","1777626818824"
"375","2026-05-01 06:14:37","20.34","78.5","948.44","3560","16","-22.822237014770508","-47.065650939941406","612.9","-84","13.5","30120","1777626877817"
"376","2026-05-01 06:15:38","20.35","78.5","948.48","3560","16","-22.82223129272461","-47.06564712524414","612.2","-84","13.5","30121","1777626938824"
"377","2026-05-01 06:16:38","20.36","78.5","948.5","3560","24","-22.822193145751953","-47.065589904785156","616.5","-84","12.800000190734863","30122","1777626998817"
"378","2026-05-01 06:17:38","20.36","78.5","948.58","3580","28","-22.82218360900879","-47.065643310546875","609.5","-84","13.300000190734863","30123","1777627058825"
"379","2026-05-01 06:18:38","20.36","78.5","948.52","3580","36","-22.82219886779785","-47.06568145751953","605.7","-85","13.5","30124","1777627118818"
"380","2026-05-01 06:19:37","20.37","78.5","948.5","3620","44","-22.822227478027344","-47.0656852722168","599.7","-86","13.5","30125","1777627177838"
"381","2026-05-01 06:20:38","20.37","78.5","948.52","3580","48","-22.82221031188965","-47.06565475463867","606.7","-85","13.300000190734863","30126","1777627238823"
"382","2026-05-01 06:21:38","20.38","78.5","948.54","3580","56","-22.822200775146484","-47.06566619873047","609","-84","13.300000190734863","30127","1777627298826"
"383","2026-05-01 06:22:37","20.39","78.5","948.6","3540","64","-22.82219886779785","-47.06568145751953","611.5","-83","13.5","30128","1777627357846"
"384","2026-05-01 06:23:38","20.39","78.5","948.6","3540","68","-22.822208404541016","-47.06568145751953","608.4","-84","13.300000190734863","30129","1777627418826"
"385","2026-05-01 06:24:38","20.4","78.5","948.62","3540","76","-22.822229385375977","-47.0656852722168","611.2","-85","13.300000190734863","30130","1777627478824"
"386","2026-05-01 06:25:37","20.4","78.5","948.5600000000001","3560","84","-22.822237014770508","-47.06568145751953","608.7","-82","14","30131","1777627537853"
"387","2026-05-01 06:26:37","20.4","78.5","948.62","3540","100","-22.82225227355957","-47.0656623840332","610.5","-85","13.5","30132","1777627597793"
"388","2026-05-01 06:27:37","20.41","78.5","948.6","3540","112","-22.822237014770508","-47.06565475463867","615.7","-85","13.5","30133","1777627657834"
"389","2026-05-01 06:28:37","20.41","78.5","948.66","3540","124","-22.822248458862305","-47.06565475463867","608","-83","13","30134","1777627717849"
"390","2026-05-01 06:29:37","20.41","78.5","948.58","3540","148","-22.82223129272461","-47.065677642822266","613.5","-84","13.5","30135","1777627777827"
"391","2026-05-01 06:30:37","20.42","78","948.66","3560","168","-22.822223663330078","-47.06566619873047","607.5","-86","13.800000190734863","30136","1777627837850"
"392","2026-05-01 06:31:37","20.42","78.5","948.6800000000001","3600","192","-22.822248458862305","-47.06571578979492","614.5","-85","13.800000190734863","30137","1777627897814"
"393","2026-05-01 06:32:37","20.42","78.5","948.7","3600","220","-22.822214126586914","-47.065696716308594","614.5","-85","13","30138","1777627957825"
"394","2026-05-01 06:33:37","20.42","78.5","948.7","3580","252","-22.82220458984375","-47.0656852722168","613.7","-85","13.5","30139","1777628017848"
"395","2026-05-01 06:34:37","20.43","78.5","948.6800000000001","3520","300","-22.82221031188965","-47.06570053100586","613.5","-85","14","30140","1777628077840"
"396","2026-05-01 06:35:37","20.44","78.5","948.7","3540","356","-22.82220458984375","-47.0656852722168","615.7","-83","13.5","30141","1777628137821"
"397","2026-05-01 06:36:37","20.44","78.5","948.72","3560","420","-22.822242736816406","-47.06571960449219","617.7","-85","13","30142","1777628197846"
"398","2026-05-01 06:37:37","20.44","78.5","948.8000000000001","3560","484","-22.82224464416504","-47.065704345703125","620.2","-86","13.5","30143","1777628257828"
"399","2026-05-01 06:38:37","20.46","78.5","948.78","3560","564","-22.822179794311523","-47.065670013427734","614.5","-85","13.300000190734863","30144","1777628317850"
"400","2026-05-01 06:39:37","20.47","78.5","948.8000000000001","3540","664","-22.822216033935547","-47.065673828125","609.5","-84","13.300000190734863","30145","1777628377842"
"401","2026-05-01 06:40:37","20.48","78.5","948.8000000000001","3560","756","-22.822175979614258","-47.065673828125","620","-85","13.800000190734863","30146","1777628437831"
"402","2026-05-01 06:41:37","20.49","78.5","948.82","3560","808","-22.822181701660156","-47.065673828125","613.7","-85","13.300000190734863","30147","1777628497847"
"403","2026-05-01 06:42:37","20.51","78","948.86","3580","840","-22.82221221923828","-47.065673828125","610.5","-85","13","30148","1777628557838"
"404","2026-05-01 06:43:37","20.52","78","948.8000000000001","3600","888","-22.822229385375977","-47.06569290161133","607.4","-85","14","30149","1777628617840"
"405","2026-05-01 06:44:38","20.53","78","948.88","3560","964","-22.822221755981445","-47.065711975097656","607.5","-85","13.800000190734863","30150","1777628678821"
"406","2026-05-01 06:45:37","20.54","78","948.82","3560","1060","-22.82223129272461","-47.065677642822266","606.2","-84","13.300000190734863","30151","1777628737832"
"407","2026-05-01 06:46:37","20.55","78","948.84","3560","1120","-22.822202682495117","-47.065673828125","609.7","-84","13","30152","1777628797847"
"408","2026-05-01 06:47:37","20.56","78","948.82","3600","1136","-22.822189331054688","-47.065650939941406","612","-84","13.800000190734863","30153","1777628857839"
"409","2026-05-01 06:48:37","20.58","78","948.88","3580","1136","-22.822221755981445","-47.065673828125","616","-84","13.300000190734863","30154","1777628917841"
"410","2026-05-01 06:49:37","20.58","78","948.88","3580","1132","-22.822208404541016","-47.06565475463867","614","-83","13.5","30155","1777628977843"
"411","2026-05-01 06:50:37","20.59","78","948.9","3560","1108","-22.822233200073242","-47.06568908691406","614.7","-84","13.800000190734863","30156","1777629037832"
"412","2026-05-01 06:51:37","20.59","78","948.98","3540","1096","-22.82223129272461","-47.065673828125","617.7","-85","14","30157","1777629097847"
"413","2026-05-01 06:52:37","20.59","78","948.96","3540","1116","-22.822200775146484","-47.065670013427734","613.4","-85","13","30158","1777629157829"
"414","2026-05-01 06:53:37","20.59","78","948.96","3520","1156","-22.822221755981445","-47.065670013427734","612","-84","13.5","30159","1777629217822"
"415","2026-05-01 06:54:37","20.6","78","948.98","3580","1248","-22.822240829467773","-47.06565856933594","612.2","-85","13","30160","1777629277844"
"416","2026-05-01 06:55:37","20.61","78","949","3540","1396","-22.82223129272461","-47.06569290161133","611.7","-85","13.5","30161","1777629337836"
"417","2026-05-01 06:56:37","20.62","78","949.04","3540","1636","-22.822216033935547","-47.065673828125","612.9","-86","13","30162","1777629397848"
"418","2026-05-01 06:57:37","20.64","77.5","949.02","3560","1924","-22.822242736816406","-47.065704345703125","614.2","-83","13.800000190734863","30163","1777629457840"
"419","2026-05-01 06:58:37","20.67","77.5","949","3560","2136","-22.82227325439453","-47.06570816040039","613.2","-83","14","30164","1777629517817"
"420","2026-05-01 06:59:37","20.7","77.5","949.0600000000001","3560","2212","-22.822315216064453","-47.065696716308594","617.2","-85","13.5","30165","1777629577835"
"421","2026-05-01 07:00:37","20.73","77.5","949.0600000000001","3560","2220","-22.82231903076172","-47.06572723388672","620.9000000000001","-85","13","30166","1777629637835"
"422","2026-05-01 07:01:37","20.77","77.5","949.04","3540","2352","-22.822338104248047","-47.06578063964844","616.7","-84","13.5","30167","1777629697848"
"423","2026-05-01 07:02:37","20.82","77.5","949.14","3540","2592","-22.82219886779785","-47.065677642822266","607.9","-84","13.800000190734863","30168","1777629757840"
"424","2026-05-01 07:03:37","20.88","77","949.04","3540","2824","-22.82227897644043","-47.06570816040039","602.4","-86","13.300000190734863","30169","1777629817819"
"425","2026-05-01 07:04:37","20.95","77","949.02","3580","3024","-22.82221221923828","-47.065673828125","605.4","-85","13.5","30170","1777629877855"
"426","2026-05-01 07:05:37","21.02","77","949.08","3600","3104","-22.822240829467773","-47.065704345703125","606.2","-85","13.300000190734863","30171","1777629937837"
"427","2026-05-01 07:06:37","21.08","77","949.1","3560","3028","-22.82222557067871","-47.06568145751953","603.7","-87","12.800000190734863","30172","1777629997849"
"428","2026-05-01 07:07:37","21.15","76.5","949.12","3560","2992","-22.822250366210938","-47.065696716308594","600.5","-84","13","30173","1777630057841"
"429","2026-05-01 07:08:37","21.21","76.5","949.1","3560","3032","-22.822229385375977","-47.06569290161133","603.5","-84","13.800000190734863","30174","1777630117834"
"430","2026-05-01 07:09:37","21.27","76.5","949.14","3580","3140","-22.822240829467773","-47.065673828125","614.5","-85","14","30175","1777630177845"
"431","2026-05-01 07:10:37","21.32","76","949.16","3580","3228","-22.822233200073242","-47.06562042236328","619.9000000000001","-85","13.800000190734863","30176","1777630237810"
"432","2026-05-01 07:11:37","21.38","76","949.12","3560","3288","-22.822227478027344","-47.06566619873047","618","-84","13.5","30177","1777630297829"
"433","2026-05-01 07:12:37","21.42","76","949.22","3560","3296","-22.822263717651367","-47.06563949584961","615.7","-86","13.300000190734863","30178","1777630357851"
"434","2026-05-01 07:13:37","21.45","76","949.14","3540","3384","-22.822280883789062","-47.065673828125","608.9","-85","13.800000190734863","30179","1777630417834"
"435","2026-05-01 07:14:37","21.48","75.5","949.12","3540","3444","-22.822242736816406","-47.065673828125","615.5","-86","13.300000190734863","30180","1777630477865"
"436","2026-05-01 07:15:37","21.5","75.5","949.14","3580","3548","-22.822263717651367","-47.065673828125","611.4","-88","13.300000190734863","30181","1777630537848"
"437","2026-05-01 07:16:37","21.53","75.5","949.12","3560","3624","-22.82225227355957","-47.06571960449219","612.9","-84","13.300000190734863","30182","1777630597830"
"438","2026-05-01 07:17:37","21.56","75.5","949.22","3580","3696","-22.82227325439453","-47.06566619873047","617.7","-84","13.5","30183","1777630657791"
"439","2026-05-01 07:18:37","21.59","75.5","949.2","3540","3864","-22.8222713470459","-47.065643310546875","609","-85","13.800000190734863","30184","1777630717844"
"440","2026-05-01 07:19:37","21.62","75.5","949.2","3540","3872","-22.822256088256836","-47.06562805175781","617","-85","13.5","30185","1777630777826"
"441","2026-05-01 07:20:37","21.66","75.5","949.24","3560","3924","-22.82221031188965","-47.06561279296875","617.7","-86","13.5","30186","1777630837822"
"442","2026-05-01 07:21:37","21.7","75","949.1800000000001","3540","3880","-22.82220458984375","-47.06559371948242","618","-85","13.800000190734863","30187","1777630897830"
"443","2026-05-01 07:22:37","21.74","75","949.28","3560","3932","-22.822219848632812","-47.06562042236328","620.4000000000001","-85","14","30188","1777630957853"
"444","2026-05-01 07:23:37","21.78","75","949.22","3560","4140","-22.82223892211914","-47.06563186645508","621.2","-85","13.800000190734863","30189","1777631017844"
"445","2026-05-01 07:24:37","21.82","75","949.24","3560","4420","-22.822214126586914","-47.065670013427734","615.9000000000001","-87","13.5","30190","1777631077787"
"446","2026-05-01 07:25:37","21.88","75","949.22","3540","4224","-22.82221794128418","-47.065650939941406","617.2","-85","13","30191","1777631137839"
"447","2026-05-01 07:26:37","21.94","74.5","949.24","3600","4672","-22.82221794128418","-47.06563949584961","617.5","-84","13.5","30192","1777631197855"
"448","2026-05-01 07:27:37","22","74.5","949.22","3560","5832","-22.822202682495117","-47.06563949584961","616.4000000000001","-84","13.5","30193","1777631257843"
"449","2026-05-01 07:28:37","22.08","74.5","949.3000000000001","3560","12644","-22.82222557067871","-47.06566619873047","611.9","-84","13.5","30194","1777631317835"
"450","2026-05-01 07:29:37","22.18","74","949.3000000000001","3540","9452","-22.822242736816406","-47.06565475463867","624.5","-84","12.800000190734863","30195","1777631377847"
"451","2026-05-01 07:30:37","22.3","74","949.28","3600","14272","-22.822233200073242","-47.06568145751953","618.2","-85","13.800000190734863","30196","1777631437839"
"452","2026-05-01 07:31:37","22.45","73.5","949.36","3560","22772","-22.822240829467773","-47.065650939941406","621.7","-85","13","30197","1777631497834"
"453","2026-05-01 07:32:37","22.62","73.5","949.34","3560","26060","-22.82223129272461","-47.06566619873047","620.5","-86","13.800000190734863","30198","1777631557854"
"454","2026-05-01 07:33:37","22.81","73","949.36","3560","27576","-22.8222599029541","-47.06568145751953","613.7","-86","13.300000190734863","30199","1777631617825"
"455","2026-05-01 07:34:37","22.99","72.5","949.38","3600","28204","-22.822254180908203","-47.065673828125","617.7","-85","13.300000190734863","30200","1777631677848"
"456","2026-05-01 07:35:37","23.16","72","949.4","3560","25468","-22.822237014770508","-47.0656623840332","620","-85","13.5","30201","1777631737840"
"457","2026-05-01 07:36:37","23.33","72","949.44","3540","11392","-22.822248458862305","-47.06566619873047","617.5","-86","13.300000190734863","30202","1777631797833"
"458","2026-05-01 07:37:37","23.48","71","949.4200000000001","3540","4512","-22.8222599029541","-47.065673828125","620","-86","13.300000190734863","30203","1777631857807"
"459","2026-05-01 07:38:37","23.61","71","949.4200000000001","3560","4468","-22.822246551513672","-47.06569290161133","617.2","-83","14","30204","1777631917781"
"460","2026-05-01 07:39:37","23.72","70.5","949.48","3560","4492","-22.822235107421875","-47.065673828125","619.4000000000001","-87","13.300000190734863","30205","1777631977849"
"461","2026-05-01 07:40:37","23.79","70.5","949.54","3540","4512","-22.82221031188965","-47.0656623840332","612.9","-87","13.300000190734863","30206","1777632037777"
"462","2026-05-01 07:41:37","23.84","70.5","949.5","3540","4552","-22.822200775146484","-47.0656852722168","611","-85","14","30207","1777632097832"
"463","2026-05-01 07:42:37","23.92","70.5","949.5600000000001","3540","4744","-22.82221031188965","-47.0656623840332","619.4000000000001","-85","13.5","30208","1777632157822"
"464","2026-05-01 07:43:37","23.99","70","949.5","3560","9036","-22.822227478027344","-47.06568145751953","615.5","-88","12.800000190734863","30209","1777632217836"
"465","2026-05-01 07:44:37","24.06","70","949.58","3560","25940","-22.82223129272461","-47.065704345703125","603.4","-86","13.5","30210","1777632277849"
"466","2026-05-01 07:45:37","24.16","70","949.5600000000001","3520","35928","-22.822250366210938","-47.06568908691406","608.7","-86","13.300000190734863","30211","1777632337831"
"467","2026-05-01 07:46:37","24.27","70","949.6800000000001","3540","36428","-22.82223129272461","-47.0656623840332","614.5","-86","13","30212","1777632397833"
"468","2026-05-01 07:47:37","24.41","69.5","949.58","3560","36724","-22.82221031188965","-47.065673828125","611.5","-85","13.800000190734863","30213","1777632457845"
"469","2026-05-01 07:48:37","24.58","69.5","949.64","3600","36696","-22.822221755981445","-47.065673828125","612.4","-85","13.300000190734863","30214","1777632517837"
"470","2026-05-01 07:49:37","24.74","69.5","949.58","3540","36296","-22.822223663330078","-47.065677642822266","609.5","-84","13.800000190734863","30215","1777632577829"
"471","2026-05-01 07:50:37","24.88","69","949.64","3580","36312","-22.822219848632812","-47.06568908691406","610.2","-85","13.5","30216","1777632637841"
"472","2026-05-01 07:51:37","25.04","69","949.64","3580","36684","-22.82225227355957","-47.065696716308594","618.4000000000001","-86","13.5","30217","1777632697834"
"473","2026-05-01 07:52:37","25.21","68.5","949.64","3560","37928","-22.822233200073242","-47.06569290161133","615.9000000000001","-85","13.800000190734863","30218","1777632757846"
"474","2026-05-01 07:53:37","25.36","68.5","949.64","3540","35840","-22.82222557067871","-47.06570816040039","606.7","-85","14","30219","1777632817816"
"475","2026-05-01 07:54:37","25.52","67.5","949.72","3560","35672","-22.822214126586914","-47.06570053100586","605","-86","13.5","30220","1777632877812"
"476","2026-05-01 07:55:37","25.65","67.5","949.64","3560","34040","-22.822227478027344","-47.06568145751953","611","-86","13.300000190734863","30221","1777632937842"
"477","2026-05-01 07:56:37","25.78","67.5","949.64","3620","33040","-22.822235107421875","-47.06570053100586","612.9","-85","13.300000190734863","30222","1777632997834"
"478","2026-05-01 07:57:37","25.9","67","949.64","3580","37752","-22.822221755981445","-47.06569290161133","613","-87","13","30223","1777633057826"
"479","2026-05-01 07:58:37","26.05","67","949.64","3560","38628","-22.82223129272461","-47.065635681152344","626.4000000000001","-85","13","30224","1777633117787"
"480","2026-05-01 07:59:37","26.22","66.5","949.66","3560","38572","-22.82222557067871","-47.06566619873047","620.5","-84","14","30225","1777633177807"
"481","2026-05-01 08:00:37","26.39","66","949.76","3580","38804","-22.822240829467773","-47.065670013427734","618","-85","13.300000190734863","30226","1777633237852"
"482","2026-05-01 08:01:37","26.53","65.5","949.8000000000001","3560","30688","-22.822235107421875","-47.06565475463867","618.9000000000001","-87","13.300000190734863","30227","1777633297821"
"483","2026-05-01 08:02:37","26.55","65.5","949.76","3580","18480","-22.822235107421875","-47.065677642822266","615.2","-86","13.300000190734863","30228","1777633357827"
"484","2026-05-01 08:03:37","26.55","65.5","949.8000000000001","3580","12084","-22.82223129272461","-47.06569290161133","615.2","-86","13","30229","1777633417849"
"485","2026-05-01 08:04:37","26.54","65.5","949.82","3540","12884","-22.82223129272461","-47.06568908691406","616.7","-85","13.800000190734863","30230","1777633477828"
"486","2026-05-01 08:05:37","26.51","65.5","949.82","3540","6116","-22.822214126586914","-47.06566619873047","617.4000000000001","-86","13.800000190734863","30231","1777633537853"
"487","2026-05-01 08:06:37","26.47","65.5","949.86","3540","4652","-22.822200775146484","-47.06568145751953","615","-86","13.300000190734863","30232","1777633597834"
"488","2026-05-01 08:07:37","26.42","65.5","949.9200000000001","3560","5812","-22.822189331054688","-47.06565856933594","614.9000000000001","-85","13.800000190734863","30233","1777633657837"
"489","2026-05-01 08:08:37","26.38","65.5","949.9200000000001","3600","7696","-22.82223129272461","-47.06571960449219","602.7","-85","13.800000190734863","30234","1777633717850"
"490","2026-05-01 08:09:37","26.34","65.5","949.94","3520","5724","-22.822223663330078","-47.06568145751953","612.4","-85","13.800000190734863","30235","1777633777821"
"491","2026-05-01 08:10:37","26.31","65.5","949.9200000000001","3540","4888","-22.822229385375977","-47.06568908691406","617.2","-84","13.5","30236","1777633837833"
"492","2026-05-01 08:11:37","26.3","65.5","949.9","3520","4752","-22.82221221923828","-47.065650939941406","623.5","-86","13.5","30237","1777633897838"
"493","2026-05-01 08:12:37","26.28","65.5","949.94","3520","5100","-22.822214126586914","-47.06563186645508","627","-85","14","30238","1777633957835"
"494","2026-05-01 08:13:37","26.26","65","949.94","3560","5900","-22.82219696044922","-47.06563949584961","624","-84","13.5","30239","1777634017826"
"495","2026-05-01 08:14:37","26.22","65","949.94","3620","7380","-22.822189331054688","-47.06566619873047","615.7","-85","13.800000190734863","30240","1777634077832"
"496","2026-05-01 08:15:37","26.21","65","949.98","3540","9884","-22.822206497192383","-47.06564712524414","620.7","-87","13.300000190734863","30241","1777634137834"
"497","2026-05-01 08:16:37","26.2","65","950","3580","13912","-22.822214126586914","-47.06564712524414","617.7","-86","13.5","30242","1777634197833"
"498","2026-05-01 08:17:37","26.18","64.5","950","3540","10536","-22.82220458984375","-47.065670013427734","612.5","-87","13.300000190734863","30243","1777634257842"
"499","2026-05-01 08:18:37","26.16","64.5","950","3540","8460","-22.822216033935547","-47.065643310546875","619.7","-87","13.300000190734863","30244","1777634317841"
"500","2026-05-01 08:19:37","26.1","64.5","950.04","3560","5608","-22.822227478027344","-47.06568145751953","614.7","-86","13.5","30245","1777634377832"
"501","2026-05-01 08:20:37","26.05","64.5","950","3560","4740","-22.822195053100586","-47.06568145751953","610.4","-86","13.5","30246","1777634437855"
"502","2026-05-01 08:21:37","26.02","64.5","950.0600000000001","3540","4592","-22.822216033935547","-47.06568908691406","610.7","-85","13.800000190734863","30247","1777634497837"
"503","2026-05-01 08:22:37","26.01","64.5","950.04","3580","4632","-22.822216033935547","-47.06568145751953","615.5","-85","13.5","30248","1777634557836"
"504","2026-05-01 08:23:37","26","64.5","950.08","3580","4660","-22.822219848632812","-47.06569290161133","609","-85","13.5","30249","1777634617841"
"505","2026-05-01 08:24:37","25.98","64.5","950.1","3560","5644","-22.822237014770508","-47.065673828125","605.7","-86","13.800000190734863","30250","1777634677834"
"506","2026-05-01 08:25:37","25.96","64.5","950.04","3620","5528","-22.822250366210938","-47.065731048583984","602.2","-87","13.5","30251","1777634737826"
"507","2026-05-01 08:26:37","25.94","64.5","950.04","3540","4936","-22.822233200073242","-47.06568145751953","615.5","-86","13.300000190734863","30252","1777634797837"
"508","2026-05-01 08:27:37","25.94","64.5","950.16","3540","5596","-22.82223129272461","-47.06568908691406","615.7","-85","13.800000190734863","30253","1777634857849"
"509","2026-05-01 08:28:37","25.93","64.5","950.12","3600","5772","-22.822237014770508","-47.06570816040039","608.7","-85","13.800000190734863","30254","1777634917841"
"510","2026-05-01 08:29:37","25.95","64","950.2","3620","7248","-22.822221755981445","-47.065650939941406","621.5","-84","13","30255","1777634977834"
"511","2026-05-01 08:30:37","25.96","64","950.12","3560","9360","-22.822227478027344","-47.06569290161133","619.2","-85","13.300000190734863","30256","1777635037777"
"512","2026-05-01 08:31:37","25.99","64","950.12","3560","14084","-22.822221755981445","-47.065731048583984","608.9","-85","13.5","30257","1777635097838"
"513","2026-05-01 08:32:37","26","64","950.22","3620","13596","-22.822229385375977","-47.06566619873047","617.2","-84","13.5","30258","1777635157817"
"514","2026-05-01 08:33:37","25.99","64","950.1800000000001","3540","11148","-22.822216033935547","-47.065670013427734","612","-85","13.5","30259","1777635217842"
"515","2026-05-01 08:34:37","25.97","64","950.1800000000001","3560","9352","-22.822219848632812","-47.06568908691406","608","-84","13.300000190734863","30260","1777635277817"
"516","2026-05-01 08:35:37","25.96","63.5","950.16","3540","9664","-22.82223129272461","-47.06564712524414","616","-86","13.300000190734863","30261","1777635337846"
"517","2026-05-01 08:36:37","25.95","64","950.22","3540","10664","-22.822242736816406","-47.065673828125","610.7","-85","13.800000190734863","30262","1777635397838"
"518","2026-05-01 08:37:37","25.95","63.5","950.22","3540","6012","-22.82225799560547","-47.06568908691406","605","-86","13.5","30263","1777635457807"
"519","2026-05-01 08:38:37","25.94","63.5","950.28","3540","5696","-22.822233200073242","-47.06568145751953","607.7","-86","13.300000190734863","30264","1777635517808"
"520","2026-05-01 08:39:37","25.93","63.5","950.26","3560","5784","-22.822235107421875","-47.06566619873047","617.7","-86","13.300000190734863","30265","1777635577807"
"521","2026-05-01 08:40:37","25.95","63.5","950.24","3600","5324","-22.822240829467773","-47.06566619873047","614.7","-86","13.5","30266","1777635637847"
"522","2026-05-01 08:41:37","25.96","63.5","950.26","3520","5220","-22.822256088256836","-47.065677642822266","610.2","-85","13.300000190734863","30267","1777635697839"
"523","2026-05-01 08:42:37","25.97","63.5","950.26","3600","5176","-22.822240829467773","-47.065650939941406","613.9","-85","13.5","30268","1777635757801"
"524","2026-05-01 08:43:37","25.99","63.5","950.3000000000001","3580","5144","-22.822280883789062","-47.06562423706055","620.2","-85","13.5","30269","1777635817843"
"525","2026-05-01 08:44:37","26.02","63.5","950.32","3560","5140","-22.8222713470459","-47.065650939941406","617.7","-85","13.800000190734863","30270","1777635877835"
"526","2026-05-01 08:45:37","26.04","63.5","950.34","3540","5164","-22.822246551513672","-47.065670013427734","616.5","-85","13.800000190734863","30271","1777635937847"
"527","2026-05-01 08:46:37","26.07","63.5","950.3000000000001","3600","5180","-22.82225227355957","-47.065677642822266","615.7","-85","13","30272","1777635997839"
"528","2026-05-01 08:47:37","26.1","63","950.34","3580","5268","-22.822246551513672","-47.06566619873047","619.4000000000001","-86","13.300000190734863","30273","1777636057821"
"529","2026-05-01 08:48:37","26.14","63","950.38","3540","5336","-22.82223892211914","-47.065677642822266","617.7","-85","13","30274","1777636117854"
"530","2026-05-01 08:49:37","26.18","63","950.32","3560","5376","-22.822246551513672","-47.065696716308594","613","-85","13.800000190734863","30275","1777636177836"
"531","2026-05-01 08:50:37","26.22","63","950.4200000000001","3540","5348","-22.822229385375977","-47.0656852722168","618","-85","13.5","30276","1777636237848"
"532","2026-05-01 08:51:37","26.24","63","950.44","3540","5344","-22.822214126586914","-47.065704345703125","612.2","-85","13.5","30277","1777636297839"
"533","2026-05-01 08:52:37","26.28","63","950.4","3540","5344","-22.822208404541016","-47.06570816040039","615.7","-86","13","30278","1777636357832"
"534","2026-05-01 08:53:37","26.29","62.5","950.48","3560","5824","-22.822233200073242","-47.06568908691406","616.2","-86","13","30279","1777636417844"
"535","2026-05-01 08:54:37","26.31","62.5","950.5","3540","5988","-22.822240829467773","-47.065677642822266","613","-85","14","30280","1777636477826"
"536","2026-05-01 08:55:37","26.32","62.5","950.52","3560","5912","-22.82223129272461","-47.065673828125","615.2","-85","13","30281","1777636537803"
"537","2026-05-01 08:56:37","26.34","62.5","950.52","3600","5428","-22.822248458862305","-47.06570816040039","607.7","-85","13.5","30282","1777636597838"
"538","2026-05-01 08:57:37","26.37","62.5","950.58","3580","5376","-22.822233200073242","-47.06568145751953","612.2","-86","13.5","30283","1777636657830"
"539","2026-05-01 08:58:37","26.39","62.5","950.5600000000001","3540","5208","-22.822229385375977","-47.065670013427734","615.5","-85","13.300000190734863","30284","1777636717819"
"540","2026-05-01 08:59:37","26.42","62.5","950.52","3560","5156","-22.82222557067871","-47.06570053100586","610.5","-86","13.300000190734863","30285","1777636777811"
"541","2026-05-01 09:00:37","26.47","62.5","950.58","3540","5192","-22.822233200073242","-47.06568908691406","615.4000000000001","-85","13.5","30286","1777636837810"
"542","2026-05-01 09:01:37","26.49","62","950.5600000000001","3580","5176","-22.822229385375977","-47.065677642822266","618.5","-87","13.300000190734863","30287","1777636897839"
"543","2026-05-01 09:02:37","26.51","62","950.54","3580","5184","-22.822214126586914","-47.0656623840332","622","-85","13.800000190734863","30288","1777636957830"
"544","2026-05-01 09:03:37","26.55","62","950.5600000000001","3600","5104","-22.82223129272461","-47.065704345703125","616.7","-85","13.300000190734863","30289","1777637017833"
"545","2026-05-01 09:04:37","26.58","62","950.5600000000001","3580","4852","-22.822229385375977","-47.065696716308594","621.7","-85","13.300000190734863","30290","1777637077836"
"546","2026-05-01 09:05:37","26.62","62","950.58","3580","4812","-22.82220458984375","-47.06566619873047","619.5","-86","13.5","30291","1777637137814"
"547","2026-05-01 09:06:37","26.65","62","950.64","3560","4784","-22.82219123840332","-47.06564712524414","623.4000000000001","-87","12.800000190734863","30292","1777637197832"
"548","2026-05-01 09:07:37","26.68","62","950.66","3580","4784","-22.82219123840332","-47.065650939941406","622","-86","13.5","30293","1777637257834"
"549","2026-05-01 09:08:37","26.71","62","950.6800000000001","3600","4776","-22.82220458984375","-47.06565856933594","622","-85","14","30294","1777637317835"
"550","2026-05-01 09:09:37","26.73","62","950.66","3560","4776","-22.822216033935547","-47.065670013427734","619.4000000000001","-87","13","30295","1777637377837"
"551","2026-05-01 09:10:37","26.76","62","950.72","3580","4784","-22.82221221923828","-47.06566619873047","624","-85","13.5","30296","1777637437850"
"552","2026-05-01 09:11:37","26.8","62","950.72","3540","4808","-22.822216033935547","-47.065670013427734","622.5","-86","13.300000190734863","30297","1777637497842"
"553","2026-05-01 09:12:37","26.83","61.5","950.74","3560","4860","-22.82222557067871","-47.065673828125","618.7","-85","13.300000190734863","30298","1777637557824"
"554","2026-05-01 09:13:37","26.86","61.5","950.72","3600","4844","-22.82221794128418","-47.065670013427734","616.5","-86","13.300000190734863","30299","1777637617846"
"555","2026-05-01 09:14:37","26.88","61.5","950.72","3540","4832","-22.82221031188965","-47.065673828125","612","-86","13.300000190734863","30300","1777637677840"
"556","2026-05-01 09:15:37","26.91","61.5","950.74","3540","4860","-22.822200775146484","-47.06565475463867","615.7","-85","13.300000190734863","30301","1777637737776"
"557","2026-05-01 09:16:37","26.93","61.5","950.7","3540","4888","-22.822202682495117","-47.06568145751953","612.5","-86","13.300000190734863","30302","1777637797843"
"558","2026-05-01 09:17:37","26.96","61.5","950.7","3600","4828","-22.82219886779785","-47.0656852722168","618","-87","13.300000190734863","30303","1777637857836"
"559","2026-05-01 09:18:37","26.99","61.5","950.76","3540","4848","-22.822221755981445","-47.06569290161133","621","-84","13","30304","1777637917827"
"560","2026-05-01 09:19:37","27.03","61","950.72","3520","4868","-22.82221221923828","-47.06568908691406","624.7","-87","13","30305","1777637977839"
"561","2026-05-01 09:20:37","27.07","61","950.6800000000001","3540","4868","-22.82221031188965","-47.06568908691406","616.7","-85","13","30306","1777638037833"
"562","2026-05-01 09:21:37","27.13","61","950.6800000000001","3540","4916","-22.822216033935547","-47.065673828125","615.7","-84","13.800000190734863","30307","1777638097780"
"563","2026-05-01 09:22:37","27.18","61","950.72","3560","4944","-22.82223129272461","-47.065677642822266","612.5","-84","14","30308","1777638157835"
"564","2026-05-01 09:23:37","27.22","61","950.6800000000001","3620","4960","-22.82222557067871","-47.065673828125","614.5","-84","13.800000190734863","30309","1777638217838"
"565","2026-05-01 09:24:37","27.28","61","950.7","3620","4940","-22.82221031188965","-47.065673828125","613.5","-84","14","30310","1777638277840"
"566","2026-05-01 09:25:37","27.36","60.5","950.7","3560","4948","-22.822195053100586","-47.065670013427734","610.2","-84","13.5","30311","1777638337832"
"567","2026-05-01 09:26:37","27.45","60.5","950.7","3560","5056","-22.822208404541016","-47.06570053100586","608.4","-84","13.800000190734863","30312","1777638397844"
"568","2026-05-01 09:27:37","27.54","60.5","950.72","3540","5176","-22.82221794128418","-47.06570053100586","610.4","-85","13.5","30313","1777638457807"
"569","2026-05-01 09:28:37","27.61","60.5","950.74","3540","5136","-22.822227478027344","-47.06569290161133","612.7","-85","13.5","30314","1777638517828"
"570","2026-05-01 09:29:37","27.68","60","950.78","3540","5056","-22.82223892211914","-47.065704345703125","614","-85","13.5","30315","1777638577840"
"571","2026-05-01 09:30:37","27.78","60","950.8000000000001","3580","5096","-22.822235107421875","-47.065704345703125","612.5","-87","13","30316","1777638637842"
"572","2026-05-01 09:31:37","27.85","59.5","950.84","3580","5128","-22.822227478027344","-47.065704345703125","614.9000000000001","-85","13.5","30317","1777638697794"
"573","2026-05-01 09:32:37","27.89","59.5","950.8000000000001","3580","5148","-22.822227478027344","-47.065704345703125","616","-85","13.300000190734863","30318","1777638757824"
"574","2026-05-01 09:33:37","27.92","59.5","950.86","3560","5196","-22.822227478027344","-47.065696716308594","614.7","-84","13.800000190734863","30319","1777638817808"
"575","2026-05-01 09:34:37","27.98","59.5","950.84","3540","5224","-22.822216033935547","-47.06570053100586","614.9000000000001","-84","13","30320","1777638877829"
"576","2026-05-01 09:35:37","28.03","59","950.82","3600","5244","-22.822214126586914","-47.065696716308594","612","-85","13.800000190734863","30321","1777638937831"
"577","2026-05-01 09:36:37","28.07","59","950.8000000000001","3580","5224","-22.822214126586914","-47.06568908691406","617.7","-85","13.300000190734863","30322","1777638997814"
"578","2026-05-01 09:37:37","28.08","59","950.8000000000001","3560","5168","-22.822221755981445","-47.065704345703125","617.9000000000001","-84","13.5","30323","1777639057835"
"579","2026-05-01 09:38:37","28.11","59","950.82","3560","5096","-22.822237014770508","-47.06569290161133","624.5","-85","13.300000190734863","30324","1777639117838"
"580","2026-05-01 09:39:37","28.14","59","950.82","3560","5008","-22.82224464416504","-47.06570053100586","624.4000000000001","-85","13.300000190734863","30325","1777639177815"
"581","2026-05-01 09:40:37","28.2","59","950.8000000000001","3540","4960","-22.82228660583496","-47.0656852722168","617.7","-87","12.800000190734863","30326","1777639237810"
"582","2026-05-01 09:41:37","28.22","58.5","950.84","3560","4964","-22.822277069091797","-47.06566619873047","618.5","-86","13","30327","1777639297844"
"583","2026-05-01 09:42:37","28.25","58.5","950.84","3580","4980","-22.822256088256836","-47.0656623840332","616.9000000000001","-85","13.5","30328","1777639357836"
"584","2026-05-01 09:43:37","28.28","58.5","950.86","3540","4992","-22.822240829467773","-47.065650939941406","616.9000000000001","-85","13.800000190734863","30329","1777639417830"
"585","2026-05-01 09:44:37","28.32","58.5","950.88","3540","4992","-22.822229385375977","-47.06561279296875","620.9000000000001","-84","13.800000190734863","30330","1777639477808"
"586","2026-05-01 09:45:37","28.38","58.5","950.86","3540","4944","-22.82223892211914","-47.065608978271484","620","-84","12.800000190734863","30331","1777639537800"
"587","2026-05-01 09:46:37","28.44","58.5","950.88","3580","4892","-22.822223663330078","-47.06562805175781","615.7","-85","13.5","30332","1777639597815"
"588","2026-05-01 09:47:37","28.49","58","950.86","3560","4840","-22.822235107421875","-47.06562042236328","618.5","-85","13.5","30333","1777639657829"
"589","2026-05-01 09:48:37","28.55","58","950.9","3560","4768","-22.822229385375977","-47.06561279296875","617.5","-84","13.300000190734863","30334","1777639717809"
"590","2026-05-01 09:49:37","28.6","58","950.9","3580","4728","-22.822242736816406","-47.065589904785156","622.2","-86","13.300000190734863","30335","1777639777843"
"591","2026-05-01 09:50:37","28.66","57.5","950.88","3580","4760","-22.82223129272461","-47.065608978271484","621.5","-85","13.300000190734863","30336","1777639837772"
"592","2026-05-01 09:51:37","28.74","57.5","950.9","3560","4776","-22.822214126586914","-47.06564712524414","620","-85","13.800000190734863","30337","1777639897798"
"593","2026-05-01 09:52:37","28.82","57.5","951","3540","4716","-22.822219848632812","-47.0656623840332","619.2","-87","12.800000190734863","30338","1777639957767"
"594","2026-05-01 09:53:37","28.86","57","950.96","3540","4640","-22.822263717651367","-47.06568145751953","621.2","-84","13.300000190734863","30339","1777640017831"
"595","2026-05-01 09:54:37","28.88","57","950.94","3540","4640","-22.82227325439453","-47.06565856933594","629.2","-84","13.800000190734863","30340","1777640077821"
"596","2026-05-01 09:55:37","28.92","57","950.96","3580","4676","-22.82224464416504","-47.06568908691406","625.7","-84","13.800000190734863","30341","1777640137834"
"597","2026-05-01 09:56:37","28.97","57","950.98","3560","4704","-22.82224464416504","-47.06562805175781","626.5","-84","13.800000190734863","30342","1777640197804"
"598","2026-05-01 09:57:37","29.01","57","950.98","3580","4720","-22.82224464416504","-47.065608978271484","621","-87","12.800000190734863","30343","1777640257850"
"599","2026-05-01 09:58:37","29.04","57","950.88","3580","4716","-22.82228660583496","-47.06555938720703","629.4000000000001","-86","13.300000190734863","30344","1777640317842"
"600","2026-05-01 09:59:37","29.07","57","950.9200000000001","3540","4720","-22.8222599029541","-47.06560516357422","626.4000000000001","-87","12.300000190734863","30345","1777640377833"
"601","2026-05-01 10:00:37","29.06","57","950.98","3540","4704","-22.822214126586914","-47.06563186645508","617.7","-84","13.800000190734863","30346","1777640437836"
"602","2026-05-01 10:01:37","29.08","57","951","3580","4704","-22.822237014770508","-47.065608978271484","622.5","-86","13.300000190734863","30347","1777640497818"
"603","2026-05-01 10:02:37","29.09","57","951.02","3560","4724","-22.822229385375977","-47.065616607666016","619.2","-85","13.5","30348","1777640557850"
"604","2026-05-01 10:03:37","29.14","57","950.96","3560","4724","-22.822250366210938","-47.06559753417969","625","-86","13","30349","1777640617842"
"605","2026-05-01 10:04:37","29.16","57","951.04","3540","4728","-22.82227325439453","-47.06558609008789","631.2","-85","13","30350","1777640677855"
"606","2026-05-01 10:05:37","29.2","56.5","950.96","3560","4768","-22.822267532348633","-47.065574645996094","631.9000000000001","-86","13","30351","1777640737838"
"607","2026-05-01 10:06:37","29.21","56.5","950.94","3560","4808","-22.822246551513672","-47.06557846069336","629.7","-85","13.300000190734863","30352","1777640797838"
"608","2026-05-01 10:07:37","29.22","56.5","951.02","3580","4876","-22.822240829467773","-47.065616607666016","624.5","-84","13.5","30353","1777640857851"
"609","2026-05-01 10:08:37","29.19","56.5","951","3560","4796","-22.82225227355957","-47.06564712524414","623.5","-84","13.5","30354","1777640917833"
"610","2026-05-01 10:09:37","29.19","56.5","951.02","3560","4884","-22.822240829467773","-47.06564712524414","623.2","-85","13","30355","1777640977855"
"611","2026-05-01 10:10:37","29.19","56.5","950.96","3540","4644","-22.822261810302734","-47.065670013427734","620.4000000000001","-85","13.300000190734863","30356","1777641037846"
"612","2026-05-01 10:11:37","29.19","56.5","950.98","3560","4820","-22.822240829467773","-47.06565856933594","619","-85","13.5","30357","1777641097808"
"613","2026-05-01 10:12:37","29.19","56.5","950.96","3540","4492","-22.822242736816406","-47.06565475463867","621.2","-85","13.300000190734863","30358","1777641157806"
"614","2026-05-01 10:13:37","29.19","56.5","950.96","3540","4432","-22.822267532348633","-47.065650939941406","626.2","-86","13","30359","1777641217814"
"615","2026-05-01 10:14:37","29.23","56.5","950.96","3580","4648","-22.82225227355957","-47.06563949584961","619.7","-85","13","30360","1777641277846"
"616","2026-05-01 10:15:37","29.25","56.5","950.96","3580","4396","-22.822250366210938","-47.06564712524414","618.2","-86","13","30361","1777641337828"
"617","2026-05-01 10:16:37","29.29","56","950.94","3560","4628","-22.822242736816406","-47.06562805175781","624.7","-85","13","30362","1777641397843"
"618","2026-05-01 10:17:37","29.37","56","950.94","3580","4480","-22.822261810302734","-47.06562805175781","632.7","-86","13","30363","1777641457842"
"619","2026-05-01 10:18:37","29.44","56","950.96","3580","4384","-22.8222713470459","-47.06565475463867","635","-85","13.5","30364","1777641517817"
"620","2026-05-01 10:19:37","29.51","56","950.94","3560","4396","-22.822237014770508","-47.06566619873047","631.4000000000001","-86","13.5","30365","1777641577846"
"621","2026-05-01 10:20:37","29.57","55.5","950.94","3540","4332","-22.822233200073242","-47.06570816040039","617.7","-85","13.300000190734863","30366","1777641637809"
"622","2026-05-01 10:21:37","29.6","55.5","950.9","3540","4228","-22.822227478027344","-47.06565475463867","628.5","-85","13.5","30367","1777641697840"
"623","2026-05-01 10:22:37","29.67","55.5","950.9200000000001","3580","4184","-22.822265625","-47.06562042236328","645.7","-85","13.5","30368","1777641757831"
"624","2026-05-01 10:23:37","29.72","55","950.9","3540","4152","-22.822242736816406","-47.06561279296875","643.2","-85","13.300000190734863","30369","1777641817818"
"625","2026-05-01 10:24:37","29.75","55","950.88","3560","4184","-22.82220458984375","-47.06560516357422","635.7","-86","13.300000190734863","30370","1777641877835"
"626","2026-05-01 10:25:37","29.8","55","950.9","3560","4220","-22.822237014770508","-47.065635681152344","628.9000000000001","-85","13.5","30371","1777641937828"
"627","2026-05-01 10:26:37","29.89","55","950.82","3580","4260","-22.8222713470459","-47.06559371948242","647.9000000000001","-84","13.5","30372","1777641997830"
"628","2026-05-01 10:27:37","29.95","54.5","950.8000000000001","3560","4280","-22.822248458862305","-47.06562805175781","636.7","-86","13","30373","1777642057797"
"629","2026-05-01 10:28:37","30.03","54.5","950.82","3580","4272","-22.822256088256836","-47.06561279296875","636.5","-84","13.5","30374","1777642117784"
"630","2026-05-01 10:29:37","30.13","54.5","950.8000000000001","3560","4276","-22.822237014770508","-47.065643310546875","631.7","-85","13.300000190734863","30375","1777642177846"
"631","2026-05-01 10:30:37","30.25","54.5","950.86","3620","4292","-22.82223892211914","-47.06564712524414","633","-84","13.5","30376","1777642237827"
"632","2026-05-01 10:31:37","30.37","54","950.8000000000001","3600","4444","-22.82224464416504","-47.0656623840332","637.7","-85","13.800000190734863","30377","1777642297809"
"633","2026-05-01 10:32:37","30.49","54","950.82","3560","4688","-22.822235107421875","-47.065650939941406","634.2","-84","13.5","30378","1777642357844"
"634","2026-05-01 10:33:37","30.63","53.5","950.84","3580","4932","-22.822246551513672","-47.065650939941406","628.2","-86","13.300000190734863","30379","1777642417811"
"635","2026-05-01 10:34:37","30.75","53","950.88","3560","4624","-22.822229385375977","-47.065643310546875","628.2","-86","13","30380","1777642477838"
"636","2026-05-01 10:35:37","30.88","53","950.86","3560","4312","-22.822202682495117","-47.06564712524414","627.5","-86","13","30381","1777642537831"
"637","2026-05-01 10:36:37","30.99","52.5","950.9","3580","4400","-22.822216033935547","-47.065650939941406","620.9000000000001","-86","13.300000190734863","30382","1777642597819"
"638","2026-05-01 10:37:37","31.05","52.5","950.88","3600","4792","-22.82221031188965","-47.06563949584961","627.2","-85","13.5","30383","1777642657845"
"639","2026-05-01 10:38:37","31.17","52.5","950.84","3600","4736","-22.822235107421875","-47.06565475463867","628.5","-85","12.800000190734863","30384","1777642717827"
"640","2026-05-01 10:39:37","31.2","52.5","950.82","3600","4720","-22.822208404541016","-47.065673828125","622.5","-85","13.5","30385","1777642777849"
"641","2026-05-01 10:40:37","31.19","52.5","950.8000000000001","3580","4632","-22.82219886779785","-47.065670013427734","625.7","-85","13.300000190734863","30386","1777642837851"
"642","2026-05-01 10:41:37","31.25","53","950.76","3580","4352","-22.822187423706055","-47.065670013427734","621.7","-86","13.300000190734863","30387","1777642897811"
"643","2026-05-01 10:42:37","31.28","53","950.78","3600","4468","-22.822147369384766","-47.065643310546875","639.2","-86","13.300000190734863","30388","1777642957836"
"644","2026-05-01 10:43:37","31.46","52.5","950.74","3620","4672","-22.822162628173828","-47.065643310546875","637.2","-86","13.800000190734863","30389","1777643017828"
"645","2026-05-01 10:44:37","31.6","52.5","950.78","3580","4712","-22.822208404541016","-47.06565856933594","630","-86","13.5","30390","1777643077839"
"646","2026-05-01 10:45:37","31.64","52.5","950.72","3660","4468","-22.822269439697266","-47.06562423706055","650.5","-86","13.300000190734863","30391","1777643137830"
"647","2026-05-01 10:46:37","31.66","52.5","950.72","3620","4724","-22.82228660583496","-47.065547943115234","668.7","-86","13.300000190734863","30392","1777643197785"
"648","2026-05-01 10:47:37","31.73","52.5","950.74","3620","5456","-22.822261810302734","-47.06559371948242","650.2","-86","13.300000190734863","30393","1777643257837"
"649","2026-05-01 10:48:37","31.88","52","950.7","3620","5396","-22.8222713470459","-47.06560516357422","645.5","-84","13.800000190734863","30394","1777643317829"
"650","2026-05-01 10:49:37","32.01","52","950.7","3680","5656","-22.822265625","-47.065608978271484","637.7","-86","12.800000190734863","30395","1777643377840"
"651","2026-05-01 10:50:37","32.16","52","950.66","3700","6784","-22.822261810302734","-47.06563186645508","637.2","-85","13.5","30396","1777643437832"
"652","2026-05-01 10:51:37","32.29","51.5","950.72","3600","4984","-22.822254180908203","-47.0656623840332","631.2","-85","13.5","30397","1777643497821"
"653","2026-05-01 10:52:37","32.28","51.5","950.6800000000001","3600","5388","-22.822206497192383","-47.065643310546875","626.7","-86","13","30398","1777643557817"
"654","2026-05-01 10:53:37","32.48","51.5","950.64","3720","9248","-22.82223892211914","-47.06565475463867","622.7","-85","13.800000190734863","30399","1777643617851"
"655","2026-05-01 10:54:37","32.69","51","950.62","3640","7116","-22.822246551513672","-47.06563949584961","630.7","-86","13.5","30400","1777643677841"
"656","2026-05-01 10:55:37","33.16","50.5","950.62","3700","13588","-22.822290420532227","-47.06566619873047","632.5","-86","13.5","30401","1777643737833"
"657","2026-05-01 10:56:37","33.37","50.5","950.62","3600","5328","-22.822248458862305","-47.06565475463867","635.7","-85","13.5","30402","1777643797817"
"658","2026-05-01 10:57:37","33.48","50.5","950.6","3680","16848","-22.8222713470459","-47.065643310546875","635.9000000000001","-86","13.300000190734863","30403","1777643857840"
"659","2026-05-01 10:58:37","33.84","49.5","950.58","3680","19972","-22.822290420532227","-47.06565475463867","633.5","-85","13.5","30404","1777643917839"
"660","2026-05-01 10:59:37","34.17","49.5","950.58","3680","19036","-22.822290420532227","-47.065677642822266","622","-87","12.800000190734863","30405","1777643977842"
"661","2026-05-01 11:00:37","34.58","48.5","950.5","3700","16876","-22.822277069091797","-47.065677642822266","624.7","-87","12.800000190734863","30406","1777644037854"
"662","2026-05-01 11:01:37","34.95","48","950.44","3700","14620","-22.822275161743164","-47.0656623840332","627.9000000000001","-86","13.5","30407","1777644097816"
"663","2026-05-01 11:02:37","35.31","47.5","950.48","3720","13348","-22.822307586669922","-47.06563949584961","630.7","-87","13.300000190734863","30408","1777644157850"
"664","2026-05-01 11:03:37","35.76","47","950.5","3720","12436","-22.82231330871582","-47.06565856933594","625.7","-86","13.300000190734863","30409","1777644217840"
"665","2026-05-01 11:04:37","36.21","46.5","950.46","3720","11396","-22.82231330871582","-47.065704345703125","623","-85","13","30410","1777644277830"
"666","2026-05-01 11:05:37","36.67","45.5","950.48","3720","10480","-22.822311401367188","-47.065704345703125","620.2","-84","13.300000190734863","30411","1777644337842"
"667","2026-05-01 11:06:37","37.12","45","950.5","3720","9968","-22.82233238220215","-47.06572341918945","612.2","-87","13.300000190734863","30412","1777644397834"
"668","2026-05-01 11:07:37","37.51","44.5","950.5","3720","9000","-22.82235336303711","-47.06573486328125","609.9","-86","13.300000190734863","30413","1777644457826"
"669","2026-05-01 11:08:37","37.9","44","950.52","3720","7532","-22.822315216064453","-47.065711975097656","614.4000000000001","-87","13.300000190734863","30414","1777644517808"
"670","2026-05-01 11:09:37","38.23","44","950.48","3740","6776","-22.822284698486328","-47.06569290161133","617.2","-85","13.300000190734863","30415","1777644577793"
"671","2026-05-01 11:10:37","38.56","43.5","950.5","3740","6716","-22.822269439697266","-47.065673828125","619.7","-85","13.300000190734863","30416","1777644637843"
"672","2026-05-01 11:11:37","38.89","43","950.44","3700","6696","-22.822267532348633","-47.0656852722168","619.2","-85","13.300000190734863","30417","1777644697837"
"673","2026-05-01 11:12:37","39.19","43","950.46","3740","6700","-22.822269439697266","-47.06570053100586","617","-86","13","30418","1777644757829"
"674","2026-05-01 11:13:37","39.49","42.5","950.48","3740","6688","-22.8222599029541","-47.065696716308594","616.4000000000001","-87","12.800000190734863","30419","1777644817841"
"675","2026-05-01 11:14:37","39.76","42","950.48","3740","6708","-22.822277069091797","-47.06572723388672","623.7","-86","13.300000190734863","30420","1777644877833"
"676","2026-05-01 11:15:37","39.98","41.5","950.46","3800","6692","-22.822277069091797","-47.06574249267578","627","-85","13.300000190734863","30421","1777644937832"
"677","2026-05-01 11:16:37","40.11","42","950.5","3760","6724","-22.822261810302734","-47.06571578979492","624.2","-87","13","30422","1777644997837"
"678","2026-05-01 11:17:37","40.23","41.5","950.4200000000001","3760","6720","-22.82224464416504","-47.06568908691406","627.7","-85","13.5","30423","1777645057814"
"679","2026-05-01 11:18:37","40.39","41","950.38","3820","6716","-22.822275161743164","-47.06570053100586","619.5","-85","13.5","30424","1777645117842"
"680","2026-05-01 11:19:37","40.59","40.5","950.4","3800","6752","-22.8222713470459","-47.06569290161133","608.7","-86","13","30425","1777645177835"
"681","2026-05-01 11:20:37","40.78","40.5","950.38","3760","6780","-22.8222713470459","-47.065670013427734","610","-84","13.5","30426","1777645237846"
"682","2026-05-01 11:21:37","40.94","40.5","950.38","3840","6736","-22.82228660583496","-47.065670013427734","611.5","-86","12.5","30427","1777645297838"
"683","2026-05-01 11:22:37","41.05","40.5","950.36","3740","6684","-22.822280883789062","-47.065677642822266","610.5","-86","13.300000190734863","30428","1777645357815"
"684","2026-05-01 11:23:37","41.13","40.5","950.36","3760","6636","-22.822256088256836","-47.06566619873047","612.4","-85","13.5","30429","1777645417797"
"685","2026-05-01 11:24:37","41.3","40.5","950.32","3820","6604","-22.822246551513672","-47.0656623840332","615.2","-86","13.300000190734863","30430","1777645477822"
"686","2026-05-01 11:25:37","41.59","40","950.3000000000001","3820","6516","-22.822265625","-47.06563949584961","618.5","-85","13.300000190734863","30431","1777645537837"
"687","2026-05-01 11:26:37","41.89","39.5","950.32","3860","6460","-22.82225799560547","-47.06563186645508","618.2","-85","13.800000190734863","30432","1777645597829"
"688","2026-05-01 11:27:37","42.08","39.5","950.34","3800","6520","-22.82223892211914","-47.06562805175781","623","-85","13.800000190734863","30433","1777645657828"
"689","2026-05-01 11:28:37","42.22","39.5","950.32","3780","6556","-22.822223663330078","-47.06563186645508","628.2","-86","13.300000190734863","30434","1777645717853"
"690","2026-05-01 11:29:37","42.51","39","950.32","3800","6628","-22.822219848632812","-47.06564712524414","624.2","-86","13.300000190734863","30435","1777645777855"
"691","2026-05-01 11:30:37","42.74","39","950.32","3860","6624","-22.822206497192383","-47.065650939941406","630","-85","13","30436","1777645837847"
"692","2026-05-01 11:31:37","42.88","38.5","950.26","3800","6592","-22.822175979614258","-47.06563949584961","635.7","-86","13.5","30437","1777645897839"
"693","2026-05-01 11:32:37","42.96","38.5","950.26","3820","6436","-22.822202682495117","-47.0656623840332","627.2","-86","13.5","30438","1777645957816"
"694","2026-05-01 11:33:37","43.07","38.5","950.26","3880","6268","-22.822214126586914","-47.0656623840332","615.5","-85","12.5","30439","1777646017823"
"695","2026-05-01 11:34:37","43.26","38.5","950.26","3820","6072","-22.822248458862305","-47.065677642822266","608.5","-85","13.300000190734863","30440","1777646077836"
"696","2026-05-01 11:35:37","43.43","38.5","950.22","3880","5832","-22.82223892211914","-47.0656852722168","611.2","-86","13.300000190734863","30441","1777646137792"
"697","2026-05-01 11:36:37","43.66","38","950.1800000000001","3820","5788","-22.822219848632812","-47.06565475463867","617.2","-87","13.300000190734863","30442","1777646197815"
"698","2026-05-01 11:37:37","43.76","38","950.1800000000001","3840","5728","-22.822202682495117","-47.06563949584961","623.9000000000001","-83","13.5","30443","1777646257831"
"699","2026-05-01 11:38:37","43.79","38","950.22","3820","5688","-22.822174072265625","-47.065616607666016","629.2","-84","12.5","30444","1777646317832"
"700","2026-05-01 11:39:37","43.76","38","950.22","3820","5596","-22.822145462036133","-47.06561279296875","633","-87","13.300000190734863","30445","1777646377847"
"701","2026-05-01 11:40:37","43.08","39.5","950.22","3760","3612","-22.822187423706055","-47.06564712524414","624","-85","13.300000190734863","30446","1777646437798"
"702","2026-05-01 11:41:37","42.71","40.5","950.2","3840","5824","-22.82221221923828","-47.06565475463867","619.9000000000001","-85","13.5","30447","1777646497812"
"703","2026-05-01 11:42:37","42.81","39","950.1800000000001","3840","6016","-22.822206497192383","-47.065643310546875","622.5","-84","13.800000190734863","30448","1777646557814"
"704","2026-05-01 11:43:37","43","40","950.14","3900","5828","-22.82223892211914","-47.065673828125","622.2","-85","13.300000190734863","30449","1777646617823"
"705","2026-05-01 11:44:37","43.08","39","950.1","3880","5644","-22.822214126586914","-47.06565856933594","621","-87","12.800000190734863","30450","1777646677814"
"706","2026-05-01 11:45:37","43.24","39.5","950.12","3860","5676","-22.82221794128418","-47.06565475463867","620.7","-85","13.300000190734863","30451","1777646737818"
"707","2026-05-01 11:46:37","","","","","","","","","-87","13.300000190734863","30452","1777646797467"
"708","2026-05-01 11:46:37","43.46","39.5","950.14","3900","5608","-22.822208404541016","-47.065643310546875","618.4000000000001","-87","13","30452","1777646797798"
"709","2026-05-01 11:47:37","43.65","39","950.04","3920","5556","-22.82221031188965","-47.065643310546875","614.5","-84","13.300000190734863","30453","1777646857812"
"710","2026-05-01 11:48:37","43.73","39","950.0600000000001","3880","5364","-22.82220458984375","-47.06562423706055","624","-87","12.800000190734863","30454","1777646917870"
"711","2026-05-01 11:49:37","43.8","39","950.0600000000001","3860","5064","-22.82223892211914","-47.065650939941406","622.9000000000001","-85","14","30455","1777646977824"
"712","2026-05-01 11:50:37","43.79","38.5","950.02","3880","4964","-22.82223892211914","-47.06568145751953","619.2","-86","13.300000190734863","30456","1777647037821"
"713","2026-05-01 11:51:37","43.89","38.5","950.02","3860","4700","-22.82221794128418","-47.06568145751953","618","-91","12.800000190734863","30457","1777647097832"
"714","2026-05-01 11:52:37","43.52","39.5","950.0600000000001","3880","4752","-22.82222557067871","-47.06568908691406","615","-84","13.5","30458","1777647157826"
"715","2026-05-01 11:53:37","43.48","39","950.04","3900","4736","-22.822214126586914","-47.065670013427734","613.2","-86","13.300000190734863","30459","1777647217836"
"716","2026-05-01 11:54:37","43.39","39.5","950.02","3860","4692","-22.82219696044922","-47.065670013427734","617.2","-84","13.5","30460","1777647277848"
"717","2026-05-01 11:55:37","43.34","39","949.98","3900","4512","-22.822175979614258","-47.06565475463867","626.2","-87","13","30461","1777647337841"
"718","2026-05-01 11:56:37","43.4","38","949.98","3860","4380","-22.82217788696289","-47.06565856933594","626.7","-86","13.300000190734863","30462","1777647397833"
"719","2026-05-01 11:57:37","43.61","38","949.9200000000001","3920","4332","-22.822175979614258","-47.0656623840332","632.4000000000001","-87","13","30463","1777647457819"
"720","2026-05-01 11:58:37","43.82","38","949.88","3940","4336","-22.822174072265625","-47.065670013427734","627","-84","13.300000190734863","30464","1777647517815"
"721","2026-05-01 11:59:37","43.88","38","949.88","3860","4344","-22.82219123840332","-47.06566619873047","620.9000000000001","-84","13.5","30465","1777647577849"
"722","2026-05-01 12:00:37","43.57","38","949.84","3820","3696","-22.822187423706055","-47.06565856933594","621.5","-84","13.300000190734863","30466","1777647637781"
"723","2026-05-01 12:01:37","43.4","38.5","949.9","3780","3644","-22.82219696044922","-47.06565856933594","618.7","-87","13","30467","1777647697853"
"724","2026-05-01 12:02:37","42.68","39.5","949.8000000000001","3740","3620","-22.822187423706055","-47.065635681152344","622.9000000000001","-86","13","30468","1777647757836"
"725","2026-05-01 12:03:37","42.06","40.5","949.82","3860","4392","-22.82219696044922","-47.065635681152344","614.2","-87","13","30469","1777647817783"
"726","2026-05-01 12:04:37","42.26","40","949.78","3900","4852","-22.82221221923828","-47.06565856933594","612.7","-87","13","30470","1777647877840"
"727","2026-05-01 12:05:37","42.55","40","949.78","3900","5004","-22.822208404541016","-47.06564712524414","618","-87","12.800000190734863","30471","1777647937832"
"728","2026-05-01 12:06:37","42.85","39","949.74","3860","4888","-22.822208404541016","-47.06564712524414","619","-87","13.300000190734863","30472","1777647997796"
"729","2026-05-01 12:07:37","43.28","38","949.76","3860","4860","-22.822219848632812","-47.065670013427734","610.4","-85","13.5","30473","1777648057837"
"730","2026-05-01 12:08:37","43.4","38","949.66","3840","4172","-22.822208404541016","-47.0656623840332","616.5","-88","12.800000190734863","30474","1777648117828"
"731","2026-05-01 12:09:37","42.83","39","949.66","3800","4188","-22.822233200073242","-47.065673828125","613.7","-87","13","30475","1777648177861"
"732","2026-05-01 12:10:37","42.55","39.5","949.64","3900","4976","-22.822216033935547","-47.065670013427734","613.7","-86","12.800000190734863","30476","1777648237843"
"733","2026-05-01 12:11:37","42.17","40","949.7","3820","4176","-22.822223663330078","-47.065673828125","613.7","-87","12.800000190734863","30477","1777648297835"
"734","2026-05-01 12:12:37","42.06","40","949.66","3940","4980","-22.822216033935547","-47.065677642822266","617.2","-87","13","30478","1777648357847"
"735","2026-05-01 12:13:37","41.64","40.5","949.62","3780","4476","-22.822216033935547","-47.065673828125","616.2","-87","13","30479","1777648417840"
"736","2026-05-01 12:14:37","41.75","40","949.62","3940","5016","-22.82223129272461","-47.065677642822266","611.7","-87","13","30480","1777648477832"
"737","2026-05-01 12:15:37","42.08","39.5","949.62","3940","4808","-22.822235107421875","-47.0656623840332","609.5","-87","13","30481","1777648537844"
"738","2026-05-01 12:16:37","42.53","39.5","949.6","3900","4728","-22.82221221923828","-47.06569290161133","613.7","-87","12.5","30482","1777648597818"
"739","2026-05-01 12:17:37","42.98","38","949.6","3920","4572","-22.82219886779785","-47.065670013427734","612","-87","13","30483","1777648657837"
"740","2026-05-01 12:18:37","43.27","37","949.5","3880","4384","-22.822200775146484","-47.065673828125","607","-87","13.300000190734863","30484","1777648717837"
"741","2026-05-01 12:19:37","43.55","37","949.5","3940","4344","-22.82219123840332","-47.06566619873047","610","-84","13.5","30485","1777648777853"
"742","2026-05-01 12:20:37","43.65","36.5","949.46","3940","4368","-22.822189331054688","-47.065673828125","608.7","-87","13","30486","1777648837792"
"743","2026-05-01 12:21:37","43.88","36","949.48","3900","4496","-22.822216033935547","-47.06568145751953","601.9","-87","13","30487","1777648897827"
"744","2026-05-01 12:22:37","44.24","35.5","949.46","3960","4424","-22.822219848632812","-47.06568908691406","603.2","-86","13","30488","1777648957825"
"745","2026-05-01 12:23:37","44.57","34.5","949.48","3940","4388","-22.822233200073242","-47.06570053100586","608","-84","13.800000190734863","30489","1777649017841"
"746","2026-05-01 12:24:37","44.87","34","949.48","3900","4384","-22.82223129272461","-47.065670013427734","606.5","-86","13","30490","1777649077797"
"747","2026-05-01 12:25:37","45.06","33.5","949.46","3920","4344","-22.822221755981445","-47.065677642822266","612","-86","12.800000190734863","30491","1777649137845"
"748","2026-05-01 12:26:37","45.15","33.5","949.4200000000001","3940","4400","-22.822229385375977","-47.065673828125","605.2","-86","13.300000190734863","30492","1777649197837"
"749","2026-05-01 12:27:37","45.07","34","949.44","3900","4424","-22.822227478027344","-47.065670013427734","611.2","-86","13.5","30493","1777649257849"
"750","2026-05-01 12:28:37","45.04","33.5","949.4200000000001","3940","4420","-22.822240829467773","-47.06566619873047","609.5","-86","13.300000190734863","30494","1777649317831"
"751","2026-05-01 12:29:37","44.99","34","949.44","3940","4464","-22.822246551513672","-47.06568908691406","615.2","-83","13.300000190734863","30495","1777649377853"
"752","2026-05-01 12:30:37","44.91","34","949.38","3960","4420","-22.822235107421875","-47.06569290161133","620","-86","13.5","30496","1777649437797"
"753","2026-05-01 12:31:37","44.92","34","949.38","3880","4520","-22.822233200073242","-47.065704345703125","620.7","-86","13.800000190734863","30497","1777649497828"
"754","2026-05-01 12:32:37","45.13","34","949.4","3900","4588","-22.822221755981445","-47.06569290161133","616.9000000000001","-88","13","30498","1777649557850"
"755","2026-05-01 12:33:37","45.37","33.5","949.4","3900","4732","-22.822233200073242","-47.06568908691406","621","-87","13","30499","1777649617842"
"756","2026-05-01 12:34:37","45.56","33.5","949.38","3900","4884","-22.822237014770508","-47.06568908691406","615.9000000000001","-88","13.300000190734863","30500","1777649677824"
"757","2026-05-01 12:35:37","45.82","33","949.36","3940","5016","-22.822237014770508","-47.0656852722168","611.9","-87","12.800000190734863","30501","1777649737856"
"758","2026-05-01 12:36:37","46.11","32.5","949.34","3900","5232","-22.822227478027344","-47.065677642822266","613.5","-87","13","30502","1777649797836"
"759","2026-05-01 12:37:37","46.32","32.5","949.34","3920","5632","-22.82223129272461","-47.065673828125","616.9000000000001","-85","13.800000190734863","30503","1777649857783"
"760","2026-05-01 12:38:37","46.36","32.5","949.28","3900","6060","-22.822229385375977","-47.0656623840332","626.9000000000001","-87","12.5","30504","1777649917833"
"761","2026-05-01 12:39:37","46.36","32.5","949.28","3900","6312","-22.82223892211914","-47.06565475463867","624.5","-87","13.300000190734863","30505","1777649977825"
"762","2026-05-01 12:40:37","46.52","32.5","949.26","3900","6396","-22.82222557067871","-47.06563186645508","626.7","-87","12.800000190734863","30506","1777650037838"
"763","2026-05-01 12:41:37","46.73","32","949.22","3900","6540","-22.82224464416504","-47.06565856933594","627.7","-87","12.800000190734863","30507","1777650097830"
"764","2026-05-01 12:42:37","46.83","31.5","949.24","3940","6700","-22.822223663330078","-47.065643310546875","623.7","-83","13.5","30508","1777650157841"
"765","2026-05-01 12:43:37","46.73","32","949.1800000000001","3900","6888","-22.82223129272461","-47.06565856933594","623.9000000000001","-86","12.800000190734863","30509","1777650217833"
"766","2026-05-01 12:44:37","46.62","32","949.16","3900","6936","-22.82223892211914","-47.065673828125","619.9000000000001","-86","13","30510","1777650277825"
"767","2026-05-01 12:45:37","46.66","32","949.1800000000001","3900","6972","-22.822267532348633","-47.0656852722168","620","-87","13.300000190734863","30511","1777650337848"
"768","2026-05-01 12:46:37","46.79","32","949.1800000000001","3900","6864","-22.822284698486328","-47.06566619873047","623.7","-86","13.5","30512","1777650397791"
"769","2026-05-01 12:47:37","46.97","31.5","949.1","3920","6772","-22.822284698486328","-47.065635681152344","631.5","-88","13","30513","1777650457842"
"770","2026-05-01 12:48:37","46.94","32","949.1","3920","6804","-22.822265625","-47.065643310546875","625.4000000000001","-86","13.300000190734863","30514","1777650517835"
"771","2026-05-01 12:49:37","47.11","31.5","949.0600000000001","3920","6720","-22.82225799560547","-47.06564712524414","622.5","-88","13.300000190734863","30515","1777650577837"
"772","2026-05-01 12:50:37","46.99","32","949.0600000000001","3900","6204","-22.82225227355957","-47.06562805175781","623.5","-87","13.300000190734863","30516","1777650637779"
"773","2026-05-01 12:51:37","46.95","32","949.0600000000001","3920","6320","-22.822265625","-47.065616607666016","630","-87","12.800000190734863","30517","1777650697842"
"774","2026-05-01 12:52:37","46.98","32","949.0600000000001","3900","6160","-22.82225799560547","-47.06562423706055","632.7","-85","13.300000190734863","30518","1777650757843"
"775","2026-05-01 12:53:37","46.84","32.5","949.0600000000001","3920","5968","-22.8222599029541","-47.06562423706055","632.5","-87","13","30519","1777650817845"
"776","2026-05-01 12:54:37","46.9","32.5","948.98","3920","5968","-22.822263717651367","-47.06564712524414","632","-86","13","30520","1777650877827"
"777","2026-05-01 12:55:37","46.3","33","948.98","3880","4812","-22.822250366210938","-47.06565475463867","630.9000000000001","-87","13","30521","1777650937838"
"778","2026-05-01 12:56:37","45.63","34","948.9200000000001","3900","4668","-22.8222599029541","-47.06569290161133","621.2","-85","13","30522","1777650997841"
"779","2026-05-01 12:57:37","44.99","35","948.94","3840","4760","-22.82224464416504","-47.065677642822266","618.7","-87","13","30523","1777651057853"
"780","2026-05-01 12:58:37","44.78","35","948.88","3900","5832","-22.822240829467773","-47.065677642822266","618.5","-85","13","30524","1777651117845"
"781","2026-05-01 12:59:37","45.03","34.5","948.9200000000001","3920","6044","-22.82223129272461","-47.0656623840332","622","-86","12.800000190734863","30525","1777651177827"
"782","2026-05-01 13:00:37","45.27","34.5","948.88","3920","6276","-22.822229385375977","-47.0656623840332","623.7","-88","12.800000190734863","30526","1777651237840"
"783","2026-05-01 13:01:37","45.51","34","948.88","3920","6420","-22.822242736816406","-47.06564712524414","627.9000000000001","-86","13.300000190734863","30527","1777651297832"
"784","2026-05-01 13:02:37","45.63","33.5","948.84","3900","6568","-22.822242736816406","-47.065643310546875","631.7","-88","13","30528","1777651357797"
"785","2026-05-01 13:03:37","45.34","34","948.84","3860","5816","-22.82219886779785","-47.06562042236328","626.9000000000001","-86","13","30529","1777651417836"
"786","2026-05-01 13:04:37","45.39","33.5","948.76","3920","6576","-22.82222557067871","-47.06564712524414","630.4000000000001","-87","12.5","30530","1777651477831"
"787","2026-05-01 13:05:37","45.4","33.5","948.76","3920","6724","-22.822261810302734","-47.06566619873047","627.5","-87","13.300000190734863","30531","1777651537840"
"788","2026-05-01 13:06:37","45.62","33.5","948.74","3920","6960","-22.82225799560547","-47.06565856933594","628.2","-87","13.300000190734863","30532","1777651597832"
"789","2026-05-01 13:07:37","45.91","33","948.76","3920","6828","-22.8222599029541","-47.0656623840332","620.2","-84","13.300000190734863","30533","1777651657790"
"790","2026-05-01 13:08:37","46.04","33","948.74","3900","6696","-22.822237014770508","-47.06565475463867","620.9000000000001","-86","13","30534","1777651717792"
"791","2026-05-01 13:09:37","46.22","32.5","948.76","3920","6560","-22.822229385375977","-47.06565856933594","619.5","-85","13.300000190734863","30535","1777651777830"
"792","2026-05-01 13:10:37","46.19","32.5","948.72","3900","6180","-22.822235107421875","-47.06565856933594","621.4000000000001","-85","13.5","30536","1777651837841"
"793","2026-05-01 13:11:37","46.13","32.5","948.7","3920","6544","-22.82223129272461","-47.06566619873047","616.5","-86","13.800000190734863","30537","1777651897853"
"794","2026-05-01 13:12:37","46.14","32.5","948.66","3920","6688","-22.822250366210938","-47.06568145751953","611.2","-84","14","30538","1777651957822"
"795","2026-05-01 13:13:37","46.09","32.5","948.66","3920","6916","-22.822240829467773","-47.0656623840332","615.4000000000001","-86","13.300000190734863","30539","1777652017787"
"796","2026-05-01 13:14:37","45.8","33","948.64","3920","6324","-22.82227325439453","-47.065673828125","619.2","-87","13.5","30540","1777652077830"
"797","2026-05-01 13:15:37","45.21","33.5","948.58","3780","6348","-22.822275161743164","-47.0656623840332","622.2","-86","13.300000190734863","30541","1777652137810"
"798","2026-05-01 13:16:37","44.61","34.5","948.5600000000001","3920","6476","-22.822263717651367","-47.06564712524414","629.2","-83","13","30542","1777652197833"
"799","2026-05-01 13:17:37","43.91","35.5","948.54","3880","6216","-22.82225799560547","-47.06561279296875","633.4000000000001","-85","13.300000190734863","30543","1777652257806"
"800","2026-05-01 13:18:37","43.23","36.5","948.46","3940","5712","-22.822267532348633","-47.06563186645508","636.9000000000001","-86","13.5","30544","1777652317838"
"801","2026-05-01 13:19:37","42.63","37.5","948.4200000000001","3900","5288","-22.822275161743164","-47.06560516357422","640.9000000000001","-86","13","30545","1777652377826"
"802","2026-05-01 13:20:37","42.41","38.5","948.44","3920","5872","-22.822277069091797","-47.06557846069336","646","-87","12.800000190734863","30546","1777652437862"
"803","2026-05-01 13:21:37","42.77","37","948.34","3900","5544","-22.82225799560547","-47.065574645996094","643.2","-87","13","30547","1777652497844"
"804","2026-05-01 13:22:37","43.05","36.5","948.34","3920","5324","-22.822248458862305","-47.065616607666016","632","-87","13.5","30548","1777652557826"
"805","2026-05-01 13:23:37","43.31","35.5","948.36","3920","5256","-22.822261810302734","-47.06565475463867","626.2","-87","13","30549","1777652617819"
"806","2026-05-01 13:24:37","43.59","35","948.32","3920","5200","-22.822250366210938","-47.065635681152344","627.7","-87","13","30550","1777652677820"
"807","2026-05-01 13:25:37","43.66","35","948.34","3920","4944","-22.82225227355957","-47.06563186645508","628.7","-86","13.300000190734863","30551","1777652737793"
"808","2026-05-01 13:26:37","43.91","34","948.28","3920","5272","-22.82225799560547","-47.065650939941406","625","-86","13","30552","1777652797812"
"809","2026-05-01 13:27:37","44.06","34","948.28","3920","5040","-22.822263717651367","-47.06568145751953","620.7","-85","13.800000190734863","30553","1777652857809"
"810","2026-05-01 13:28:37","43.82","34","948.3000000000001","3920","4316","-22.822265625","-47.065677642822266","618.5","-86","12.800000190734863","30554","1777652917822"
"811","2026-05-01 13:29:37","43.76","34","948.28","3920","5156","-22.8222599029541","-47.06563186645508","623.5","-86","12.5","30555","1777652977813"
"812","2026-05-01 13:30:37","43.79","34","948.26","3920","5264","-22.822254180908203","-47.06562042236328","626","-86","12.300000190734863","30556","1777653037811"
"813","2026-05-01 13:31:37","43.93","34","948.22","3920","5400","-22.822254180908203","-47.06559371948242","633.7","-87","13","30557","1777653097810"
"814","2026-05-01 13:32:37","44.19","33.5","948.2","3920","5628","-22.822254180908203","-47.06559753417969","632.5","-87","13","30558","1777653157789"
"815","2026-05-01 13:33:37","44.35","33.5","948.14","3920","5820","-22.82224464416504","-47.06560516357422","631.2","-86","13.5","30559","1777653217802"
"816","2026-05-01 13:34:37","44.54","33","948.1800000000001","3940","5832","-22.822240829467773","-47.06561279296875","627.9000000000001","-87","13","30560","1777653277780"
"817","2026-05-01 13:35:37","44.67","33","948.16","3940","5876","-22.822229385375977","-47.065616607666016","626.9000000000001","-87","12.800000190734863","30561","1777653337836"
"818","2026-05-01 13:36:37","44.76","32.5","948.12","3920","5748","-22.822256088256836","-47.06560134887695","635","-86","13.300000190734863","30562","1777653397824"
"819","2026-05-01 13:37:37","44.89","32.5","948.12","3920","5552","-22.822248458862305","-47.065608978271484","631.2","-85","13.300000190734863","30563","1777653457838"
"820","2026-05-01 13:38:37","44.85","32.5","948.12","3920","5408","-22.822261810302734","-47.06561279296875","629.2","-85","13","30564","1777653517809"
"821","2026-05-01 13:39:37","44.85","32.5","948.1","3940","5328","-22.82225227355957","-47.06560134887695","628.9000000000001","-87","13.300000190734863","30565","1777653577842"
"822","2026-05-01 13:40:37","44.86","32.5","948.14","3940","4948","-22.822269439697266","-47.065608978271484","630.2","-88","13.800000190734863","30566","1777653637834"
"823","2026-05-01 13:41:37","44.6","32.5","948.12","3900","4472","-22.822298049926758","-47.06563949584961","624.5","-85","13","30567","1777653697827"
"824","2026-05-01 13:42:37","43.89","33.5","948.1","3940","4596","-22.822277069091797","-47.06562042236328","627.2","-85","13","30568","1777653757848"
"825","2026-05-01 13:43:37","43.27","35","948.04","3920","5144","-22.822246551513672","-47.06562042236328","623.9000000000001","-87","13","30569","1777653817831"
"826","2026-05-01 13:44:37","43.49","34","948.02","3920","5696","-22.82224464416504","-47.065643310546875","618.7","-86","13","30570","1777653877779"
"827","2026-05-01 13:45:37","43.75","34","948.02","3920","5960","-22.82225799560547","-47.0656623840332","614.9000000000001","-88","13.300000190734863","30571","1777653937837"
"828","2026-05-01 13:46:37","43.99","33.5","948.02","3920","6268","-22.82229232788086","-47.0656623840332","619.2","-85","13.300000190734863","30572","1777653997827"
"829","2026-05-01 13:47:37","44.21","33.5","948.02","3940","6476","-22.822328567504883","-47.065670013427734","621.7","-87","13.800000190734863","30573","1777654057839"
"830","2026-05-01 13:48:37","44.07","33.5","948","3940","5564","-22.822336196899414","-47.06570053100586","619.5","-87","13","30574","1777654117789"
"831","2026-05-01 13:49:37","43.6","34","948.02","3900","5620","-22.822330474853516","-47.065677642822266","623.2","-87","13","30575","1777654177815"
"832","2026-05-01 13:50:37","43.14","34.5","947.98","3920","5940","-22.822303771972656","-47.06568145751953","619.9000000000001","-88","13","30576","1777654237846"
"833","2026-05-01 13:51:37","43.28","34.5","947.96","3940","6868","-22.822296142578125","-47.065673828125","617","-87","13.300000190734863","30577","1777654297837"
"834","2026-05-01 13:52:37","43.36","34","947.94","3920","6540","-22.822265625","-47.06564712524414","621.5","-86","13.300000190734863","30578","1777654357849"
"835","2026-05-01 13:53:37","43.59","34","947.96","3940","6848","-22.822263717651367","-47.06565475463867","623.4000000000001","-87","13","30579","1777654417842"
"836","2026-05-01 13:54:37","43.89","33","947.9","3940","6928","-22.822282791137695","-47.06565856933594","625.2","-87","13.300000190734863","30580","1777654477835"
"837","2026-05-01 13:55:37","44.19","32.5","947.9","3940","7000","-22.82231903076172","-47.06570053100586","619.2","-86","13","30581","1777654537825"
"838","2026-05-01 13:56:37","44.47","32","947.9200000000001","3940","7004","-22.822298049926758","-47.06571578979492","613.2","-86","13","30582","1777654597786"
"839","2026-05-01 13:57:37","44.75","32","947.9","3920","7064","-22.822322845458984","-47.06574249267578","609.9","-87","13","30583","1777654657851"
"840","2026-05-01 13:58:37","44.97","31.5","947.88","3920","7068","-22.82231903076172","-47.06574249267578","613.2","-87","13.5","30584","1777654717843"
"841","2026-05-01 13:59:37","45.1","31.5","947.9","3940","6976","-22.822280883789062","-47.065677642822266","622.9000000000001","-85","13","30585","1777654777835"
"842","2026-05-01 14:00:37","45.13","31.5","947.84","3940","6756","-22.822288513183594","-47.06568908691406","619.2","-86","12.800000190734863","30586","1777654837849"
"843","2026-05-01 14:01:37","45.16","31.5","947.84","3940","6476","-22.82225799560547","-47.0656623840332","619","-85","13","30587","1777654897839"
"844","2026-05-01 14:02:37","45.25","31.5","947.82","3940","6292","-22.82224464416504","-47.06563186645508","626.7","-87","12.800000190734863","30588","1777654957831"
"845","2026-05-01 14:03:37","45.23","31.5","947.8000000000001","3940","6236","-22.822242736816406","-47.06562042236328","628.5","-85","13.300000190734863","30589","1777655017779"
"846","2026-05-01 14:04:37","45.36","31.5","947.78","3940","6312","-22.82225227355957","-47.06560516357422","631.5","-85","13.5","30590","1777655077844"
"847","2026-05-01 14:05:37","45.38","31","947.78","3940","6352","-22.822267532348633","-47.065616607666016","631.9000000000001","-84","13.5","30591","1777655137827"
"848","2026-05-01 14:06:37","45.42","31","947.74","3940","6236","-22.822267532348633","-47.065635681152344","627.5","-86","13","30592","1777655197850"
"849","2026-05-01 14:07:37","45.48","31","947.74","3940","5956","-22.822263717651367","-47.065650939941406","629.7","-84","13.300000190734863","30593","1777655257833"
"850","2026-05-01 14:08:37","45.51","31","947.76","3940","5688","-22.822269439697266","-47.065677642822266","627","-86","13.5","30594","1777655317844"
"851","2026-05-01 14:09:37","45.59","31","947.74","3940","5528","-22.822267532348633","-47.065677642822266","620.5","-87","12.800000190734863","30595","1777655377843"
"852","2026-05-01 14:10:37","45.61","31","947.72","3940","5356","-22.82223892211914","-47.065670013427734","619.2","-87","12.800000190734863","30596","1777655437858"
"853","2026-05-01 14:11:37","45.75","31","947.76","3940","5244","-22.822256088256836","-47.06569290161133","616.7","-85","13.5","30597","1777655497823"
"854","2026-05-01 14:12:37","45.91","30.5","947.74","3940","5108","-22.82224464416504","-47.06570053100586","614.4000000000001","-86","13","30598","1777655557814"
"855","2026-05-01 14:13:37","46.01","30.5","947.74","3940","5048","-22.822229385375977","-47.06569290161133","616.2","-85","13.5","30599","1777655617845"
"856","2026-05-01 14:14:37","46.07","30.5","947.76","3940","5064","-22.822229385375977","-47.065677642822266","616","-84","13.300000190734863","30600","1777655677785"
"857","2026-05-01 14:15:37","46.04","30.5","947.72","3940","5020","-22.822206497192383","-47.06565475463867","621.5","-86","13","30601","1777655737829"
"858","2026-05-01 14:16:37","46","30.5","947.76","3940","4976","-22.822216033935547","-47.065650939941406","616","-86","13","30602","1777655797851"
"859","2026-05-01 14:17:37","45.93","30","947.76","3940","4924","-22.822237014770508","-47.06565856933594","611.5","-86","13","30603","1777655857809"
"860","2026-05-01 14:18:37","45.85","30","947.74","3940","4868","-22.822240829467773","-47.065673828125","614.7","-85","13.5","30604","1777655917845"
"861","2026-05-01 14:19:37","45.78","30","947.74","3940","4832","-22.82221794128418","-47.065670013427734","618.7","-85","13","30605","1777655977847"
"862","2026-05-01 14:20:37","45.75","30","947.74","3960","4792","-22.82223129272461","-47.065670013427734","618.5","-86","13.300000190734863","30606","1777656037815"
"863","2026-05-01 14:21:37","45.65","30","947.74","3960","4712","-22.822221755981445","-47.065673828125","622.2","-88","13.300000190734863","30607","1777656097841"
"864","2026-05-01 14:22:37","45.62","30","947.66","3940","4640","-22.822200775146484","-47.065670013427734","622","-87","13.300000190734863","30608","1777656157815"
"865","2026-05-01 14:23:37","45.67","30.5","947.7","3940","4600","-22.822206497192383","-47.06566619873047","622.5","-86","13","30609","1777656217855"
"866","2026-05-01 14:24:37","45.78","30","947.7","3920","4620","-22.82221221923828","-47.06565856933594","620.4000000000001","-87","12.800000190734863","30610","1777656277838"
"867","2026-05-01 14:25:37","45.95","30","947.7","3900","4620","-22.82223129272461","-47.06566619873047","616.5","-87","12.300000190734863","30611","1777656337809"
"868","2026-05-01 14:26:37","46","29.5","947.64","3920","4648","-22.822223663330078","-47.06565856933594","615.4000000000001","-87","13","30612","1777656397842"
"869","2026-05-01 14:27:37","45.95","29.5","947.62","3900","4688","-22.822237014770508","-47.06566619873047","613.7","-86","12.800000190734863","30613","1777656457834"
"870","2026-05-01 14:28:37","45.93","29.5","947.62","3900","4808","-22.822219848632812","-47.065650939941406","614.5","-85","13","30614","1777656517805"
"871","2026-05-01 14:29:37","45.76","29.5","947.64","3900","4940","-22.822227478027344","-47.065650939941406","611.7","-88","12.5","30615","1777656577828"
"872","2026-05-01 14:30:37","45.58","29.5","947.6","3900","5008","-22.82222557067871","-47.065643310546875","616.5","-87","12.5","30616","1777656637851"
"873","2026-05-01 14:31:37","45.54","30","947.5600000000001","3900","5084","-22.822202682495117","-47.065616607666016","621.7","-86","12.800000190734863","30617","1777656697842"
"874","2026-05-01 14:32:37","45.59","30","947.5600000000001","3900","5212","-22.822219848632812","-47.06562805175781","624.5","-85","13.5","30618","1777656757835"
"875","2026-05-01 14:33:37","45.62","30","947.58","3900","5260","-22.822219848632812","-47.06564712524414","621.5","-84","13","30619","1777656817847"
"876","2026-05-01 14:34:37","45.63","29.5","947.5600000000001","3900","5348","-22.822221755981445","-47.065670013427734","615.4000000000001","-84","13.800000190734863","30620","1777656877839"
"877","2026-05-01 14:35:37","45.56","29.5","947.6","3900","5508","-22.822227478027344","-47.06565475463867","605","-83","13","30621","1777656937831"
"878","2026-05-01 14:36:37","45.42","30","947.5600000000001","3940","5516","-22.82221221923828","-47.06562423706055","622","-83","13","30622","1777656997815"
"879","2026-05-01 14:37:37","45.27","30","947.62","3900","5644","-22.822223663330078","-47.065650939941406","615.7","-84","13.800000190734863","30623","1777657057835"
"880","2026-05-01 14:38:37","45.08","30","947.5600000000001","3920","5704","-22.822242736816406","-47.06566619873047","616","-84","13.5","30624","1777657117815"
"881","2026-05-01 14:39:37","44.93","30","947.52","3880","5740","-22.822254180908203","-47.06565856933594","617.2","-86","13.300000190734863","30625","1777657177836"
"882","2026-05-01 14:40:37","44.85","30.5","947.54","3880","5844","-22.82225799560547","-47.06562805175781","628.9000000000001","-88","13","30626","1777657237832"
"883","2026-05-01 14:41:37","44.93","30.5","947.5600000000001","3940","5752","-22.822242736816406","-47.06562042236328","626","-85","13.300000190734863","30627","1777657297780"
"884","2026-05-01 14:42:37","45.01","30","947.52","3860","5520","-22.82223129272461","-47.06563949584961","623.7","-85","13.800000190734863","30628","1777657357836"
"885","2026-05-01 14:43:37","44.97","30","947.54","3940","5268","-22.822227478027344","-47.06564712524414","627","-86","13.300000190734863","30629","1777657417827"
"886","2026-05-01 14:44:37","44.86","30","947.48","3900","5076","-22.822235107421875","-47.06566619873047","624.9000000000001","-85","13.5","30630","1777657477840"
"887","2026-05-01 14:45:37","44.74","30","947.44","3880","4980","-22.82222557067871","-47.065670013427734","620","-87","13.300000190734863","30631","1777657537826"
"888","2026-05-01 14:46:37","44.65","30","947.46","3940","5060","-22.822214126586914","-47.0656623840332","625","-87","13.300000190734863","30632","1777657597835"
"889","2026-05-01 14:47:37","44.68","30","947.46","3960","5084","-22.822235107421875","-47.06566619873047","621.4000000000001","-86","13.300000190734863","30633","1777657657847"
"890","2026-05-01 14:48:37","44.7","30","947.48","3900","5068","-22.822235107421875","-47.06565856933594","625.2","-87","13","30634","1777657717820"
"891","2026-05-01 14:49:37","44.7","30","947.44","3940","5084","-22.822223663330078","-47.06563949584961","625.9000000000001","-88","13","30635","1777657777827"
"892","2026-05-01 14:50:37","44.76","30","947.44","3920","5096","-22.82222557067871","-47.065643310546875","620.5","-87","13.300000190734863","30636","1777657837843"
"893","2026-05-01 14:51:37","44.83","29.5","947.44","3900","5024","-22.822237014770508","-47.06562423706055","624","-87","12.300000190734863","30637","1777657897835"
"894","2026-05-01 14:52:37","44.87","29.5","947.44","3880","4896","-22.82223892211914","-47.06564712524414","625","-87","12.800000190734863","30638","1777657957848"
"895","2026-05-01 14:53:37","44.98","29.5","947.46","3880","4820","-22.822235107421875","-47.065673828125","626.5","-86","13","30639","1777658017840"
"896","2026-05-01 14:54:37","45.08","29","947.44","3940","4784","-22.82223129272461","-47.065677642822266","624","-87","13","30640","1777658077829"
"897","2026-05-01 14:55:37","45.08","29","947.44","3940","4736","-22.822219848632812","-47.06568145751953","632.2","-87","13","30641","1777658137844"
"898","2026-05-01 14:56:37","45.07","29","947.38","3940","4600","-22.822221755981445","-47.065670013427734","629.5","-87","12.800000190734863","30642","1777658197819"
"899","2026-05-01 14:57:37","45.05","29","947.4","3920","4568","-22.822206497192383","-47.065635681152344","629.4000000000001","-87","13","30643","1777658257849"
"900","2026-05-01 14:58:37","45.03","29","947.38","3940","4600","-22.82223129272461","-47.06564712524414","623","-87","13","30644","1777658317840"
"901","2026-05-01 14:59:37","45.12","29","947.4","3940","4640","-22.822221755981445","-47.065616607666016","626.5","-88","13","30645","1777658377829"
"902","2026-05-01 15:00:37","45.17","29","947.36","3940","4620","-22.822233200073242","-47.065608978271484","619","-89","13.5","30646","1777658437845"
"903","2026-05-01 15:01:37","45.19","29","947.34","3920","4548","-22.822229385375977","-47.065608978271484","622.5","-88","12.800000190734863","30647","1777658497805"
"904","2026-05-01 15:02:37","45.23","29","947.36","3940","4440","-22.822227478027344","-47.06562423706055","619.5","-87","13","30648","1777658557849"
"905","2026-05-01 15:03:37","45.29","28.5","947.34","3940","4344","-22.822227478027344","-47.06562042236328","620","-88","12.5","30649","1777658617813"
"906","2026-05-01 15:04:37","45.27","28.5","947.32","3940","4292","-22.822248458862305","-47.06562042236328","618.4000000000001","-87","13","30650","1777658677823"
"907","2026-05-01 15:05:37","45.24","28.5","947.34","3940","4152","-22.822240829467773","-47.06560134887695","623.2","-87","13","30651","1777658737855"
"908","2026-05-01 15:06:37","45.24","28.5","947.28","3940","4064","-22.822242736816406","-47.065643310546875","618.2","-88","13.300000190734863","30652","1777658797837"
"909","2026-05-01 15:07:37","45.17","28.5","947.28","3940","3964","-22.82223892211914","-47.06562805175781","619.7","-87","13.300000190734863","30653","1777658857839"
"910","2026-05-01 15:08:37","45.1","28.5","947.3000000000001","3940","3948","-22.822240829467773","-47.065608978271484","620.5","-86","13","30654","1777658917819"
"911","2026-05-01 15:09:37","45.09","28.5","947.26","3940","3884","-22.822248458862305","-47.06561279296875","620.4000000000001","-87","13","30655","1777658977854"
"912","2026-05-01 15:10:37","45.08","28.5","947.26","3940","3804","-22.822261810302734","-47.06562805175781","619","-87","13","30656","1777659037836"
"913","2026-05-01 15:11:37","45.01","28","947.3000000000001","3940","3788","-22.822233200073242","-47.06563949584961","619.7","-87","13","30657","1777659097838"
"914","2026-05-01 15:12:37","44.93","28.5","947.28","3940","3740","-22.82224464416504","-47.06565856933594","614","-87","13","30658","1777659157850"
"915","2026-05-01 15:13:37","44.75","28.5","947.24","3940","3632","-22.822261810302734","-47.065635681152344","619","-88","13.300000190734863","30659","1777659217832"
"916","2026-05-01 15:14:37","44.54","28.5","947.2","3920","3472","-22.822267532348633","-47.065643310546875","616","-88","13.300000190734863","30660","1777659277844"
"917","2026-05-01 15:15:37","44.3","29","947.2","3940","3380","-22.822265625","-47.06563186645508","613.5","-86","13.300000190734863","30661","1777659337836"
"918","2026-05-01 15:16:37","44.06","29","947.2","3920","3456","-22.82225799560547","-47.065635681152344","616","-87","13.5","30662","1777659397829"
"919","2026-05-01 15:17:37","43.75","29.5","947.1800000000001","3940","3448","-22.82223129272461","-47.06564712524414","616.4000000000001","-87","13","30663","1777659457841"
"920","2026-05-01 15:18:37","43.21","30","947.1800000000001","3920","3412","-22.822233200073242","-47.065650939941406","619.2","-87","13.800000190734863","30664","1777659517843"
"921","2026-05-01 15:19:37","42.44","31","947.14","3920","3388","-22.822256088256836","-47.06565475463867","615.9000000000001","-87","12.800000190734863","30665","1777659577835"
"922","2026-05-01 15:20:37","41.66","32","947.14","3920","2896","-22.8222713470459","-47.06562423706055","623.9000000000001","-88","12.5","30666","1777659637837"
"923","2026-05-01 15:21:37","40.88","33.5","947.14","3920","2744","-22.82225799560547","-47.06560134887695","625","-87","13","30667","1777659697830"
"924","2026-05-01 15:22:37","40.24","34","947.1","3920","2844","-22.822277069091797","-47.06555938720703","631.5","-87","13.300000190734863","30668","1777659757851"
"925","2026-05-01 15:23:37","39.7","35","947.0600000000001","3920","2916","-22.822248458862305","-47.06560134887695","635.2","-86","13.300000190734863","30669","1777659817825"
"926","2026-05-01 15:24:37","39.21","35.5","947","3900","2608","-22.8222713470459","-47.065608978271484","629.9000000000001","-87","13","30670","1777659877826"
"927","2026-05-01 15:25:37","38.78","36","947.02","3900","2596","-22.822282791137695","-47.065635681152344","632.5","-87","13.300000190734863","30671","1777659937838"
"928","2026-05-01 15:26:37","38.41","36.5","947.02","3920","2604","-22.822282791137695","-47.065643310546875","632","-86","13","30672","1777659997830"
"929","2026-05-01 15:27:37","38.05","37","947","3920","2764","-22.822269439697266","-47.06564712524414","623.4000000000001","-87","13.300000190734863","30673","1777660057852"
"930","2026-05-01 15:28:37","37.68","37.5","946.98","3920","2548","-22.822242736816406","-47.06565475463867","620.2","-87","13.300000190734863","30674","1777660117834"
"931","2026-05-01 15:29:37","37.36","37.5","946.98","3900","2548","-22.822227478027344","-47.065670013427734","625.7","-87","13.800000190734863","30675","1777660177826"
"932","2026-05-01 15:30:37","37.03","38","946.96","3900","2552","-22.82223892211914","-47.065677642822266","631.7","-88","13.300000190734863","30676","1777660237838"
"933","2026-05-01 15:31:37","36.72","38.5","946.98","3900","2520","-22.82224464416504","-47.06568908691406","630.7","-87","13.300000190734863","30677","1777660297828"
"934","2026-05-01 15:32:37","36.44","39","946.98","3900","2472","-22.82222557067871","-47.0656852722168","621.7","-89","12.5","30678","1777660357853"
"935","2026-05-01 15:33:37","36.18","39","946.96","3900","2428","-22.82223892211914","-47.065670013427734","620.7","-85","13.300000190734863","30679","1777660417829"
"936","2026-05-01 15:34:37","35.92","39","946.96","3920","2376","-22.82224464416504","-47.06565475463867","628","-87","13","30680","1777660477847"
"937","2026-05-01 15:35:37","35.65","39.5","946.98","3940","2332","-22.822246551513672","-47.06563186645508","627","-87","13","30681","1777660537839"
"938","2026-05-01 15:36:37","35.4","39.5","946.96","3920","2292","-22.82227325439453","-47.065616607666016","627.4000000000001","-85","13","30682","1777660597831"
"939","2026-05-01 15:37:37","35.16","40","946.94","3880","2256","-22.822275161743164","-47.065643310546875","625.7","-86","13.300000190734863","30683","1777660657843"
"940","2026-05-01 15:38:37","34.93","40","946.9","3920","2216","-22.822282791137695","-47.065643310546875","626.2","-87","13","30684","1777660717835"
"941","2026-05-01 15:39:37","34.7","40.5","946.9","3880","2180","-22.822301864624023","-47.06563186645508","636.2","-87","12.5","30685","1777660777801"
"942","2026-05-01 15:40:37","34.49","40.5","946.88","3880","2144","-22.822303771972656","-47.06563949584961","642.2","-87","13","30686","1777660837840"
"943","2026-05-01 15:41:37","34.29","40.5","946.9","3860","2124","-22.822303771972656","-47.065643310546875","638","-87","12.800000190734863","30687","1777660897832"
"944","2026-05-01 15:42:37","34.1","40.5","946.9","3880","2092","-22.822307586669922","-47.065650939941406","640.9000000000001","-87","13","30688","1777660957822"
"945","2026-05-01 15:43:37","33.94","41","946.88","3880","2064","-22.822315216064453","-47.065650939941406","641.2","-85","13.5","30689","1777661017837"
"946","2026-05-01 15:44:37","33.77","41","946.86","3920","2036","-22.822275161743164","-47.0656623840332","633.7","-88","13.300000190734863","30690","1777661077836"
"947","2026-05-01 15:45:37","33.61","41","946.8000000000001","3880","2020","-22.822294235229492","-47.06563949584961","634","-87","13","30691","1777661137840"
"948","2026-05-01 15:46:37","33.43","41","946.82","3880","2004","-22.822290420532227","-47.065643310546875","632.2","-87","13","30692","1777661197834"
"949","2026-05-01 15:47:37","33.29","41.5","946.86","3900","2000","-22.82227897644043","-47.065650939941406","631","-87","13","30693","1777661257856"
"950","2026-05-01 15:48:37","33.17","41","946.84","3860","2008","-22.82227325439453","-47.06565475463867","628.7","-88","13.300000190734863","30694","1777661317836"
"951","2026-05-01 15:49:37","33.09","41.5","946.86","3920","2024","-22.822288513183594","-47.065670013427734","625.2","-87","14.300000190734863","30695","1777661377836"
"952","2026-05-01 15:50:37","33.02","41.5","946.82","3920","2044","-22.822261810302734","-47.065670013427734","622.5","-87","13.300000190734863","30696","1777661437853"
"953","2026-05-01 15:51:37","32.93","41.5","946.8000000000001","3900","2060","-22.8222713470459","-47.0656623840332","627.2","-88","13.300000190734863","30697","1777661497832"
"954","2026-05-01 15:52:37","32.84","41.5","946.82","3860","2064","-22.822298049926758","-47.0656623840332","640.5","-87","13","30698","1777661557845"
"955","2026-05-01 15:53:37","32.74","41.5","946.82","3940","2060","-22.82230567932129","-47.0656623840332","642.5","-88","13.5","30699","1777661617848"
"956","2026-05-01 15:54:37","32.63","41.5","946.78","3940","2064","-22.822290420532227","-47.06564712524414","637.7","-88","13.5","30700","1777661677836"
"957","2026-05-01 15:55:37","32.53","41.5","946.8000000000001","3880","2064","-22.82227897644043","-47.06565856933594","629.2","-87","13","30701","1777661737842"
"958","2026-05-01 15:56:37","32.45","41.5","946.82","3880","2064","-22.822269439697266","-47.06565475463867","626.5","-88","13.5","30702","1777661797834"
"959","2026-05-01 15:57:37","32.36","41.5","946.8000000000001","3920","2064","-22.822284698486328","-47.06563186645508","627.9000000000001","-87","12.800000190734863","30703","1777661857824"
"960","2026-05-01 15:58:37","32.28","41.5","946.82","3920","2064","-22.822269439697266","-47.065643310546875","629.4000000000001","-87","12.5","30704","1777661917838"
"961","2026-05-01 15:59:37","32.2","41.5","946.82","3920","2068","-22.822265625","-47.06565475463867","623.5","-87","13","30705","1777661977829"
"962","2026-05-01 16:00:37","32.11","41.5","946.84","3880","2072","-22.822275161743164","-47.065635681152344","628","-87","13","30706","1777662037842"
"963","2026-05-01 16:01:37","32.04","41.5","946.84","3900","2076","-22.82227325439453","-47.06563186645508","626.9000000000001","-87","12.800000190734863","30707","1777662097804"
"964","2026-05-01 16:02:37","31.96","42","946.88","3920","2080","-22.822284698486328","-47.06565475463867","621.9000000000001","-87","13","30708","1777662157849"
"965","2026-05-01 16:03:37","31.87","42","946.88","3920","2092","-22.822307586669922","-47.06563949584961","624.2","-87","12.5","30709","1777662217836"
"966","2026-05-01 16:04:37","31.79","42","946.86","3900","2116","-22.822324752807617","-47.06564712524414","622","-87","12.800000190734863","30710","1777662277831"
"967","2026-05-01 16:05:37","31.72","42","946.88","3880","2136","-22.822290420532227","-47.06564712524414","619","-87","13.300000190734863","30711","1777662337854"
"968","2026-05-01 16:06:37","31.65","42","946.86","3920","2172","-22.82227325439453","-47.06562805175781","617.5","-87","13","30712","1777662397835"
"969","2026-05-01 16:07:37","31.59","42","946.86","3920","2264","-22.82225227355957","-47.065616607666016","617","-87","12.5","30713","1777662457837"
"970","2026-05-01 16:08:37","31.52","42","946.84","3940","2336","-22.822280883789062","-47.06563949584961","619.9000000000001","-87","13","30714","1777662517849"
"971","2026-05-01 16:09:37","31.44","42","946.86","3840","2404","-22.82227897644043","-47.065635681152344","624.4000000000001","-87","13","30715","1777662577841"
"972","2026-05-01 16:10:37","31.37","42","946.86","3900","2352","-22.822269439697266","-47.06565475463867","618.7","-87","13","30716","1777662637858"
"973","2026-05-01 16:11:37","31.28","42","946.84","3940","2136","-22.822269439697266","-47.065643310546875","620.4000000000001","-87","13.5","30717","1777662697846"
"974","2026-05-01 16:12:37","31.17","42.5","946.86","3900","2120","-22.822248458862305","-47.06564712524414","617.9000000000001","-87","12.800000190734863","30718","1777662757838"
"975","2026-05-01 16:13:37","31.06","42.5","946.82","3860","2108","-22.82225227355957","-47.065650939941406","610.2","-87","13","30719","1777662817830"
"976","2026-05-01 16:14:37","30.97","42.5","946.86","3880","2104","-22.8222713470459","-47.06565475463867","612","-87","12.800000190734863","30720","1777662877834"
"977","2026-05-01 16:15:37","30.89","42.5","946.86","3880","2088","-22.822280883789062","-47.06563949584961","612.5","-87","12.800000190734863","30721","1777662937840"
"978","2026-05-01 16:16:37","30.82","42.5","946.88","3860","2072","-22.82230567932129","-47.0656623840332","614","-85","13.300000190734863","30722","1777662997856"
"979","2026-05-01 16:17:37","30.74","43","946.84","3840","2060","-22.822317123413086","-47.065643310546875","623.2","-87","13","30723","1777663057838"
"980","2026-05-01 16:18:37","30.65","43","946.86","3920","2052","-22.822282791137695","-47.06562042236328","616.5","-87","12.800000190734863","30724","1777663117837"
"981","2026-05-01 16:19:37","30.55","43","946.86","3900","2048","-22.822269439697266","-47.06561279296875","615.7","-86","12.800000190734863","30725","1777663177843"
"982","2026-05-01 16:20:37","30.47","43","946.84","3860","2044","-22.822248458862305","-47.065616607666016","615.4000000000001","-87","13","30726","1777663237822"
"983","2026-05-01 16:21:37","30.4","43","946.84","3860","2028","-22.822280883789062","-47.06563949584961","616.4000000000001","-87","12.800000190734863","30727","1777663297847"
"984","2026-05-01 16:22:37","30.33","43.5","946.86","3880","2016","-22.8222713470459","-47.06563186645508","616.2","-87","13","30728","1777663357820"
"985","2026-05-01 16:23:37","30.26","43.5","946.84","3900","1996","-22.822275161743164","-47.065608978271484","619.5","-87","13.300000190734863","30729","1777663417851"
"986","2026-05-01 16:24:37","30.2","43.5","946.82","3880","1988","-22.822280883789062","-47.06562805175781","618.4000000000001","-87","13","30730","1777663477827"
"987","2026-05-01 16:25:37","30.13","43.5","946.8000000000001","3860","1992","-22.822288513183594","-47.065635681152344","617.2","-87","12.800000190734863","30731","1777663537814"
"988","2026-05-01 16:26:37","30.06","43.5","946.82","3840","2000","-22.82229995727539","-47.06563186645508","618.5","-86","13","30732","1777663597848"
"989","2026-05-01 16:27:37","30","43.5","946.84","3920","1996","-22.822294235229492","-47.06562805175781","623.4000000000001","-86","13.300000190734863","30733","1777663657830"
"990","2026-05-01 16:28:37","29.94","43.5","946.84","3860","1972","-22.822322845458984","-47.06565475463867","622.7","-86","13","30734","1777663717832"
"991","2026-05-01 16:29:37","29.87","43.5","946.84","3840","1944","-22.82232093811035","-47.06563949584961","622.7","-86","13.300000190734863","30735","1777663777844"
"992","2026-05-01 16:30:37","29.81","43.5","946.86","3880","1916","-22.82233238220215","-47.06562805175781","626","-86","13.300000190734863","30736","1777663837787"
"993","2026-05-01 16:31:37","29.73","44","946.84","3840","1896","-22.822275161743164","-47.06562423706055","618.5","-86","13.300000190734863","30737","1777663897848"
"994","2026-05-01 16:32:37","29.67","44","946.82","3880","1876","-22.822277069091797","-47.06562042236328","617","-86","13","30738","1777663957837"
"995","2026-05-01 16:33:37","29.61","44","946.84","3840","1880","-22.822277069091797","-47.065635681152344","618","-86","13","30739","1777664017852"
"996","2026-05-01 16:34:37","29.55","44","946.88","3860","1892","-22.82227325439453","-47.06562042236328","619.2","-86","13.5","30740","1777664077844"
"997","2026-05-01 16:35:37","29.49","44","946.9","3840","1888","-22.82227897644043","-47.065650939941406","611","-86","13","30741","1777664137837"
"998","2026-05-01 16:36:37","29.44","44","946.9","3840","1888","-22.82227325439453","-47.06565475463867","612.2","-86","13","30742","1777664197848"
"999","2026-05-01 16:37:37","29.36","44","946.88","3880","1872","-22.82228660583496","-47.0656623840332","616.5","-86","13","30743","1777664257839"
"1000","2026-05-01 16:38:37","29.32","44.5","946.88","3920","1848","-22.822280883789062","-47.065635681152344","619.5","-86","13","30744","1777664317843"
"1001","2026-05-01 16:39:37","29.26","44.5","946.9","3840","1824","-22.822277069091797","-47.06563186645508","625.4000000000001","-86","13.300000190734863","30745","1777664377835"
"1002","2026-05-01 16:40:37","29.22","44.5","946.88","3840","1788","-22.822248458862305","-47.065635681152344","613.9","-86","13.5","30746","1777664437828"
"1003","2026-05-01 16:41:37","29.16","44.5","946.88","3860","1836","-22.82224464416504","-47.065650939941406","608.5","-86","13.300000190734863","30747","1777664497839"
"1004","2026-05-01 16:42:37","29.12","44.5","946.88","3820","1832","-22.822235107421875","-47.06563949584961","612.2","-86","13.300000190734863","30748","1777664557829"
"1005","2026-05-01 16:43:37","29.07","44.5","946.84","3840","1768","-22.822248458862305","-47.06565856933594","613","-86","13","30749","1777664617793"
"1006","2026-05-01 16:44:37","29.02","44.5","946.86","3860","1804","-22.82227325439453","-47.065673828125","612.9","-86","13","30750","1777664677834"
"1007","2026-05-01 16:45:37","28.97","44.5","946.86","3840","1800","-22.822298049926758","-47.06568145751953","610","-86","13","30751","1777664737810"
"1008","2026-05-01 16:46:37","28.92","44.5","946.86","3840","1772","-22.822280883789062","-47.06563949584961","613.2","-86","13.800000190734863","30752","1777664797850"
"1009","2026-05-01 16:47:37","28.87","45","946.84","3840","1736","-22.822277069091797","-47.06565856933594","614.2","-86","13.300000190734863","30753","1777664857827"
"1010","2026-05-01 16:48:37","28.83","45","946.86","3760","1712","-22.822267532348633","-47.065673828125","613.5","-86","12.800000190734863","30754","1777664917844"
"1011","2026-05-01 16:49:37","28.78","45","946.9","3840","1724","-22.822256088256836","-47.06563949584961","610.2","-86","13","30755","1777664977836"
"1012","2026-05-01 16:50:37","28.74","45","946.9","3820","1664","-22.822265625","-47.065650939941406","607.7","-86","13.300000190734863","30756","1777665037829"
"1013","2026-05-01 16:51:37","28.7","45","946.86","3860","1672","-22.822280883789062","-47.06564712524414","609","-86","13.300000190734863","30757","1777665097826"
"1014","2026-05-01 16:52:37","28.65","45","946.88","3840","1680","-22.822298049926758","-47.065673828125","608.2","-86","13.300000190734863","30758","1777665157833"
"1015","2026-05-01 16:53:37","28.61","45","946.9200000000001","3840","1620","-22.82230567932129","-47.06566619873047","612.4","-86","13.300000190734863","30759","1777665217845"
"1016","2026-05-01 16:54:37","28.57","45","946.9200000000001","3820","1596","-22.822288513183594","-47.06564712524414","619.7","-86","13.300000190734863","30760","1777665277837"
"1017","2026-05-01 16:55:37","28.53","45.5","946.94","3840","1584","-22.822269439697266","-47.06565856933594","615.5","-86","13.300000190734863","30761","1777665337850"
"1018","2026-05-01 16:56:37","28.49","45.5","946.9200000000001","3860","1544","-22.8222713470459","-47.06566619873047","612.2","-86","13.5","30762","1777665397842"
"1019","2026-05-01 16:57:37","28.44","45.5","946.9","3820","1532","-22.822254180908203","-47.065673828125","605.5","-86","12.800000190734863","30763","1777665457830"
"1020","2026-05-01 16:58:37","28.41","45.5","946.9200000000001","3840","1504","-22.822275161743164","-47.0656852722168","604","-86","13.300000190734863","30764","1777665517836"
"1021","2026-05-01 16:59:37","28.39","45.5","946.9200000000001","3820","1476","-22.8222713470459","-47.06568908691406","605.2","-86","13","30765","1777665577837"
"1022","2026-05-01 17:00:37","28.36","45.5","946.9200000000001","3820","1452","-22.822265625","-47.0656623840332","605.7","-86","13.300000190734863","30766","1777665637850"
"1023","2026-05-01 17:01:37","28.34","45.5","946.9200000000001","3820","1424","-22.822284698486328","-47.065677642822266","604.2","-86","13","30767","1777665697842"
"1024","2026-05-01 17:02:37","28.31","45.5","946.96","3820","1388","-22.82231903076172","-47.06571578979492","604.4","-86","13.300000190734863","30768","1777665757824"
"1025","2026-05-01 17:03:37","28.28","45.5","946.94","3820","1348","-22.82229995727539","-47.065704345703125","601.7","-86","13.300000190734863","30769","1777665817816"
"1026","2026-05-01 17:04:37","28.26","45.5","946.94","3780","1312","-22.822267532348633","-47.06568908691406","602.4","-86","13","30770","1777665877812"
"1027","2026-05-01 17:05:37","28.23","45.5","946.94","3840","1276","-22.822261810302734","-47.06569290161133","602.5","-86","13.5","30771","1777665937830"
"1028","2026-05-01 17:06:37","28.2","45.5","946.94","3860","1232","-22.822250366210938","-47.06568145751953","610.4","-86","13.300000190734863","30772","1777665997853"
"1029","2026-05-01 17:07:37","28.17","46","946.96","3820","1196","-22.82225799560547","-47.06568145751953","611","-86","13.5","30773","1777666057834"
"1030","2026-05-01 17:08:37","28.14","46","946.96","3860","1160","-22.822265625","-47.06570053100586","607","-86","13.5","30774","1777666117834"
"1031","2026-05-01 17:09:37","28.11","46","946.96","3820","1124","-22.822254180908203","-47.065696716308594","607","-86","13","30775","1777666177849"
"1032","2026-05-01 17:10:37","28.08","46","946.94","3820","1076","-22.822240829467773","-47.06568145751953","607.5","-86","13","30776","1777666237841"
"1033","2026-05-01 17:11:37","28.06","46","946.94","3860","1020","-22.822263717651367","-47.06568908691406","604","-86","13.5","30777","1777666297833"
"1034","2026-05-01 17:12:37","28.03","46","946.9200000000001","3820","980","-22.8222599029541","-47.06569290161133","603.2","-86","13.300000190734863","30778","1777666357845"
"1035","2026-05-01 17:13:37","28","46","946.88","3820","944","-22.822265625","-47.06570053100586","594","-86","13.300000190734863","30779","1777666417789"
"1036","2026-05-01 17:14:37","27.97","46","946.9200000000001","3820","904","-22.822254180908203","-47.065650939941406","609","-86","13","30780","1777666477870"
"1037","2026-05-01 17:15:37","27.94","46","946.9200000000001","3820","864","-22.82225227355957","-47.06563186645508","605.7","-86","13.5","30781","1777666537842"
"1038","2026-05-01 17:16:37","27.9","46.5","946.88","3880","828","-22.82227897644043","-47.06562805175781","613.2","-86","13.800000190734863","30782","1777666597796"
"1039","2026-05-01 17:17:37","27.86","46.5","946.88","3820","796","-22.822267532348633","-47.065635681152344","609.7","-85","12.800000190734863","30783","1777666657790"
"1040","2026-05-01 17:18:37","27.82","46.5","946.86","3840","772","-22.822269439697266","-47.0656623840332","612.2","-86","13.300000190734863","30784","1777666717838"
"1041","2026-05-01 17:19:37","27.79","46.5","946.88","3800","744","-22.822261810302734","-47.06566619873047","607.2","-85","13.5","30785","1777666777840"
"1042","2026-05-01 17:20:37","27.76","46.5","946.86","3800","704","-22.822256088256836","-47.06568145751953","601.5","-85","13.300000190734863","30786","1777666837842"
"1043","2026-05-01 17:21:37","27.73","46.5","946.9","3800","640","-22.822250366210938","-47.065677642822266","600","-85","13.5","30787","1777666897825"
"1044","2026-05-01 17:22:37","27.7","47","946.9","3860","556","-22.822246551513672","-47.065673828125","601.4","-86","13.5","30788","1777666957847"
"1045","2026-05-01 17:23:37","27.65","47","946.88","3820","476","-22.8222599029541","-47.065696716308594","604.9","-85","14","30789","1777667017839"
"1046","2026-05-01 17:24:37","27.59","47","946.88","3800","416","-22.82221794128418","-47.06568145751953","590.2","-85","13","30790","1777667077828"
"1047","2026-05-01 17:25:37","27.53","47","946.9","3820","376","-22.822246551513672","-47.0656852722168","600.2","-85","13.300000190734863","30791","1777667137816"
"1048","2026-05-01 17:26:37","27.48","47","946.9","3800","360","-22.822269439697266","-47.065704345703125","602.4","-85","13","30792","1777667197835"
"1049","2026-05-01 17:27:37","27.43","47","946.88","3820","356","-22.8222713470459","-47.065711975097656","603.5","-85","13.300000190734863","30793","1777667257857"
"1050","2026-05-01 17:28:37","27.4","47.5","946.9","3860","348","-22.82225227355957","-47.06569290161133","604.9","-85","13.300000190734863","30794","1777667317839"
"1051","2026-05-01 17:29:37","27.36","47.5","946.88","3820","320","-22.8222599029541","-47.06570053100586","598.7","-85","13","30795","1777667377839"
"1052","2026-05-01 17:30:37","27.33","47.5","946.88","3800","288","-22.8222599029541","-47.06570053100586","600.9","-85","13.5","30796","1777667437854"
"1053","2026-05-01 17:31:37","27.31","47.5","946.9","3800","256","-22.822240829467773","-47.065677642822266","602.4","-85","13.5","30797","1777667497835"
"1054","2026-05-01 17:32:37","27.28","47.5","946.9","3820","232","-22.822246551513672","-47.06568145751953","603.9","-85","12.800000190734863","30798","1777667557837"
"1055","2026-05-01 17:33:37","27.25","47.5","946.94","3800","204","-22.822254180908203","-47.065673828125","599.9","-85","13.300000190734863","30799","1777667617825"
"1056","2026-05-01 17:34:37","27.21","47.5","946.94","3800","180","-22.822237014770508","-47.06566619873047","599","-85","13.5","30800","1777667677787"
"1057","2026-05-01 17:35:37","27.17","48","946.9200000000001","3820","152","-22.822242736816406","-47.06566619873047","606.2","-85","13.300000190734863","30801","1777667737786"
"1058","2026-05-01 17:36:37","27.14","48","946.9200000000001","3800","132","-22.822235107421875","-47.0656623840332","606","-85","13.5","30802","1777667797847"
"1059","2026-05-01 17:37:37","27.1","48","946.94","3820","116","-22.822254180908203","-47.065670013427734","606.9","-85","13.5","30803","1777667857835"
"1060","2026-05-01 17:38:37","27.05","48","946.9","3860","100","-22.822242736816406","-47.065677642822266","607.5","-85","13.5","30804","1777667917831"
"1061","2026-05-01 17:39:37","27.02","48","946.9200000000001","3800","80","-22.822246551513672","-47.06568908691406","610.5","-85","13.5","30805","1777667977843"
"1062","2026-05-01 17:40:37","26.97","48","946.9","3800","68","-22.822237014770508","-47.0656852722168","611.2","-85","13.5","30806","1777668037837"
"1063","2026-05-01 17:41:37","26.95","48.5","946.9200000000001","3820","56","-22.82221794128418","-47.0656623840332","612.5","-85","13.5","30807","1777668097834"
"1064","2026-05-01 17:42:37","26.91","48.5","946.9","3840","44","-22.822223663330078","-47.065670013427734","610.4","-85","13.300000190734863","30808","1777668157841"
"1065","2026-05-01 17:43:37","26.87","48.5","946.94","3800","36","-22.82223892211914","-47.06569290161133","603.9","-85","13.300000190734863","30809","1777668217826"
"1066","2026-05-01 17:44:37","26.84","48.5","946.9","3780","28","-22.82223892211914","-47.06568145751953","602","-85","13.300000190734863","30810","1777668277795"
"1067","2026-05-01 17:45:37","26.81","48.5","946.9200000000001","3820","24","-22.82224464416504","-47.06568908691406","598.7","-85","13.300000190734863","30811","1777668337846"
"1068","2026-05-01 17:46:37","26.78","48.5","946.9200000000001","3800","16","-22.822240829467773","-47.06569290161133","600.7","-85","13","30812","1777668397838"
"1069","2026-05-01 17:47:37","26.74","48.5","946.9200000000001","3800","12","-22.822246551513672","-47.06568908691406","605.5","-85","13","30813","1777668457850"
"1070","2026-05-01 17:48:37","26.7","49","946.94","3800","8","-22.822248458862305","-47.0656852722168","604","-85","13.300000190734863","30814","1777668517816"
"1071","2026-05-01 17:49:37","26.67","49","946.98","3840","8","-22.822254180908203","-47.06568145751953","605.4","-85","13","30815","1777668577835"
"1072","2026-05-01 17:50:37","26.63","49","946.96","3820","4","-22.822256088256836","-47.065677642822266","606.7","-85","13.300000190734863","30816","1777668637836"
"1073","2026-05-01 17:51:37","26.6","49","946.9200000000001","3800","4","-22.822256088256836","-47.06568145751953","607.2","-85","13.5","30817","1777668697839"
"1074","2026-05-01 17:52:37","26.57","49","946.96","3780","0","-22.822240829467773","-47.0656623840332","614.2","-85","13","30818","1777668757830"
"1075","2026-05-01 17:53:37","26.53","49","946.96","3820","0","-22.822242736816406","-47.0656852722168","609.7","-85","13","30819","1777668817852"
"1076","2026-05-01 17:54:37","26.5","49.5","946.96","3800","4","-22.82221221923828","-47.06565475463867","604","-85","13.300000190734863","30820","1777668877845"
"1077","2026-05-01 17:55:37","26.48","49.5","946.96","3800","0","-22.82221221923828","-47.06565475463867","603","-85","13.5","30821","1777668937824"
"1078","2026-05-01 17:56:37","26.45","49.5","946.9200000000001","3840","0","-22.82222557067871","-47.065650939941406","598.7","-85","13","30822","1777668997838"
"1079","2026-05-01 17:57:37","26.42","49.5","946.98","3780","0","-22.822229385375977","-47.065643310546875","600.2","-85","13.5","30823","1777669057831"
"1080","2026-05-01 17:58:37","26.4","49.5","946.98","3800","0","-22.82222557067871","-47.06563949584961","605.2","-85","13","30824","1777669117843"
"1081","2026-05-01 17:59:37","26.38","49.5","946.96","3800","0","-22.822237014770508","-47.06566619873047","604.5","-85","13.300000190734863","30825","1777669177835"
"1082","2026-05-01 18:00:37","26.36","49.5","946.96","3760","0","-22.822219848632812","-47.0656623840332","609.5","-85","13.5","30826","1777669237847"
"1083","2026-05-01 18:01:37","26.34","49.5","946.98","3860","0","-22.822187423706055","-47.06562423706055","618.4000000000001","-85","13","30827","1777669297850"
"1084","2026-05-01 18:02:37","26.33","49.5","947","3820","0","-22.822189331054688","-47.06563186645508","618.7","-85","13","30828","1777669357832"
"1085","2026-05-01 18:03:37","26.31","50","947.02","3820","0","-22.822189331054688","-47.06563949584961","617.2","-85","13.300000190734863","30829","1777669417796"
"1086","2026-05-01 18:04:37","26.3","50","946.98","3800","0","-22.822216033935547","-47.065670013427734","618","-85","13.5","30830","1777669477821"
"1087","2026-05-01 18:05:37","26.29","50","947.02","3760","0","-22.82221221923828","-47.06565475463867","614","-85","13","30831","1777669537848"
"1088","2026-05-01 18:06:37","26.27","50","947","3780","0","-22.822242736816406","-47.06566619873047","610.7","-85","13.5","30832","1777669597840"
"1089","2026-05-01 18:07:37","26.26","50","947.02","3780","0","-22.822240829467773","-47.06564712524414","608.7","-85","13.300000190734863","30833","1777669657832"
"1090","2026-05-01 18:08:37","26.24","50","946.98","3820","0","-22.822248458862305","-47.06566619873047","614","-85","13.300000190734863","30834","1777669717785"
"1091","2026-05-01 18:09:37","26.23","50","946.98","3780","0","-22.82225799560547","-47.0656852722168","614.9000000000001","-85","13.300000190734863","30835","1777669777815"
"1092","2026-05-01 18:10:37","26.23","50","947","3780","0","-22.822246551513672","-47.065677642822266","607.2","-85","13.300000190734863","30836","1777669837835"
"1093","2026-05-01 18:11:37","26.22","50","947.04","3760","0","-22.822221755981445","-47.06563949584961","601","-85","13.5","30837","1777669897830"
"1094","2026-05-01 18:12:37","26.21","50","947.04","3780","0","-22.82220458984375","-47.06562805175781","602.4","-85","13.300000190734863","30838","1777669957833"
"1095","2026-05-01 18:13:37","26.2","50","947.04","3800","0","-22.82221794128418","-47.06564712524414","607.2","-85","13.300000190734863","30839","1777670017835"
"1096","2026-05-01 18:14:37","26.19","50","947.04","3780","0","-22.82222557067871","-47.06562805175781","608.5","-85","13.300000190734863","30840","1777670077817"
"1097","2026-05-01 18:15:37","26.18","50","947.02","3800","0","-22.822240829467773","-47.06563949584961","609.2","-86","13.5","30841","1777670137839"
"1098","2026-05-01 18:16:37","26.17","50","947.0600000000001","3780","0","-22.822237014770508","-47.06563186645508","613.7","-86","13.300000190734863","30842","1777670197831"
"1099","2026-05-01 18:17:37","26.15","50","947.0600000000001","3800","0","-22.82221794128418","-47.06562042236328","611.9","-86","13.5","30843","1777670257821"
"1100","2026-05-01 18:18:37","26.14","50","947.04","3800","0","-22.82224464416504","-47.065650939941406","610.2","-86","13.5","30844","1777670317835"
"1101","2026-05-01 18:19:37","26.14","50","947.02","3780","0","-22.822250366210938","-47.065643310546875","614.7","-86","13.300000190734863","30845","1777670377835"
"1102","2026-05-01 18:20:37","26.14","50","947.04","3780","0","-22.822227478027344","-47.06565856933594","615.2","-86","13","30846","1777670437850"
"1103","2026-05-01 18:21:37","26.14","50","947.0600000000001","3780","0","-22.822246551513672","-47.065643310546875","618","-86","12.800000190734863","30847","1777670497839"
"1104","2026-05-01 18:22:37","26.14","50","947.08","3820","0","-22.822227478027344","-47.06563949584961","623","-86","13","30848","1777670557854"
"1105","2026-05-01 18:23:37","26.14","50","947.1","3760","0","-22.822233200073242","-47.065643310546875","614","-86","13.5","30849","1777670617837"
"1106","2026-05-01 18:24:37","26.14","50","947.04","3760","0","-22.822233200073242","-47.0656623840332","614.4000000000001","-86","13","30850","1777670677828"
"1107","2026-05-01 18:25:37","26.14","50","947.0600000000001","3760","0","-22.82221794128418","-47.065643310546875","611.5","-86","13.300000190734863","30851","1777670737840"
"1108","2026-05-01 18:26:37","26.15","50","947.0600000000001","3760","0","-22.822206497192383","-47.06563186645508","614.4000000000001","-85","13.300000190734863","30852","1777670797843"
"1109","2026-05-01 18:27:37","26.14","50","947.0600000000001","3780","0","-22.82222557067871","-47.065608978271484","616.2","-86","13","30853","1777670857781"
"1110","2026-05-01 18:28:37","26.14","50","947.1","3800","0","-22.82227325439453","-47.065616607666016","621.9000000000001","-86","13.300000190734863","30854","1777670917836"
"1111","2026-05-01 18:29:37","26.13","50","947.08","3760","0","-22.822263717651367","-47.065616607666016","624.7","-86","12.300000190734863","30855","1777670977829"
"1112","2026-05-01 18:30:37","26.12","50","947.1","3760","0","-22.822248458862305","-47.06562423706055","623.2","-86","13","30856","1777671037841"
"1113","2026-05-01 18:31:37","26.11","50","947.08","3760","0","-22.822250366210938","-47.065635681152344","621.2","-85","14","30857","1777671097833"
"1114","2026-05-01 18:32:37","26.1","50.5","947.04","3760","0","-22.822267532348633","-47.06562042236328","624","-85","13.5","30858","1777671157826"
"1115","2026-05-01 18:33:37","26.08","50.5","947.08","3780","0","-22.822263717651367","-47.065635681152344","621.9000000000001","-86","12.800000190734863","30859","1777671217837"
"1116","2026-05-01 18:34:37","26.07","50.5","947.08","3760","0","-22.822261810302734","-47.06563949584961","619.5","-85","13.300000190734863","30860","1777671277849"
"1117","2026-05-01 18:35:37","26.06","50.5","947.0600000000001","3820","0","-22.82223892211914","-47.06562423706055","616.2","-86","13.300000190734863","30861","1777671337840"
"1118","2026-05-01 18:36:37","26.05","50.5","947.08","3760","0","-22.822263717651367","-47.065635681152344","618.2","-86","13.800000190734863","30862","1777671397833"
"1119","2026-05-01 18:37:37","26.03","50.5","947.08","3820","0","-22.822267532348633","-47.065643310546875","621","-85","13.300000190734863","30863","1777671457846"
"1120","2026-05-01 18:38:37","26.02","50.5","947.08","3780","0","-22.82229232788086","-47.06568908691406","623.7","-85","13.300000190734863","30864","1777671517830"
"1121","2026-05-01 18:39:37","26","50.5","947.1","3780","0","-22.822265625","-47.065616607666016","625.5","-85","13","30865","1777671577841"
"1122","2026-05-01 18:40:37","25.99","50.5","947.12","3780","0","-22.822282791137695","-47.06563186645508","632","-86","13.300000190734863","30866","1777671637833"
"1123","2026-05-01 18:41:37","25.97","50.5","947.14","3760","0","-22.822282791137695","-47.06563186645508","639","-86","13.800000190734863","30867","1777671697845"
"1124","2026-05-01 18:42:37","25.95","51","947.14","3780","0","-22.82229232788086","-47.06566619873047","638","-85","13","30868","1777671757810"
"1125","2026-05-01 18:43:37","25.94","51","947.16","3760","0","-22.822263717651367","-47.0656623840332","630.4000000000001","-85","13.300000190734863","30869","1777671817858"
"1126","2026-05-01 18:44:37","25.92","51","947.1800000000001","3820","0","-22.822275161743164","-47.065635681152344","623.2","-85","13","30870","1777671877841"
"1127","2026-05-01 18:45:37","25.9","51","947.2","3780","0","-22.82231330871582","-47.065650939941406","618.2","-85","13","30871","1777671937833"
"1128","2026-05-01 18:46:37","25.88","51","947.22","3840","0","-22.822267532348633","-47.06562042236328","616","-85","13.300000190734863","30872","1777671997845"
"1129","2026-05-01 18:47:37","25.87","51","947.24","3780","0","-22.822250366210938","-47.06559753417969","621.9000000000001","-85","13.300000190734863","30873","1777672057837"
"1130","2026-05-01 18:48:37","25.84","51","947.2","3780","0","-22.822275161743164","-47.06559371948242","628.5","-85","12.5","30874","1777672117839"
"1131","2026-05-01 18:49:37","25.83","51","947.24","3760","0","-22.822288513183594","-47.06561279296875","628.5","-85","13.300000190734863","30875","1777672177841"
"1132","2026-05-01 18:50:37","25.81","51","947.2","3800","0","-22.822280883789062","-47.065616607666016","623.7","-85","13.300000190734863","30876","1777672237788"
"1133","2026-05-01 18:51:37","25.79","51","947.22","3760","0","-22.82230567932129","-47.065650939941406","628","-86","13.5","30877","1777672297856"
"1134","2026-05-01 18:52:37","25.79","51","947.24","3760","0","-22.822277069091797","-47.06563949584961","627.2","-85","13","30878","1777672357838"
"1135","2026-05-01 18:53:37","25.77","51.5","947.2","3760","0","-22.822288513183594","-47.065643310546875","623.7","-85","13.300000190734863","30879","1777672417836"
"1136","2026-05-01 18:54:37","25.75","51.5","947.2","3820","0","-22.822263717651367","-47.06559753417969","623","-85","13.300000190734863","30880","1777672477842"
"1137","2026-05-01 18:55:37","25.74","51.5","947.1800000000001","3760","0","-22.8222599029541","-47.06562805175781","621.7","-85","13.5","30881","1777672537834"
"1138","2026-05-01 18:56:37","25.72","51.5","947.2","3780","0","-22.82224464416504","-47.065643310546875","619.2","-85","13.300000190734863","30882","1777672597856"
"1139","2026-05-01 18:57:37","25.71","51.5","947.16","3740","0","-22.82221221923828","-47.065608978271484","619.5","-85","13.300000190734863","30883","1777672657815"
"1140","2026-05-01 18:58:37","25.7","51.5","947.24","3760","0","-22.822250366210938","-47.06564712524414","621.2","-85","13.300000190734863","30884","1777672717817"
"1141","2026-05-01 18:59:37","25.68","51.5","947.22","3760","0","-22.822223663330078","-47.06562805175781","620.7","-85","13.300000190734863","30885","1777672777850"
"1142","2026-05-01 19:00:37","25.66","51.5","947.24","3740","0","-22.822221755981445","-47.06563949584961","621.9000000000001","-85","13.300000190734863","30886","1777672837844"
"1143","2026-05-01 19:01:37","25.64","51.5","947.24","3780","0","-22.822277069091797","-47.06568145751953","617.5","-85","13.300000190734863","30887","1777672897838"
"1144","2026-05-01 19:02:37","25.62","51.5","947.24","3820","0","-22.822277069091797","-47.06566619873047","622","-85","13.300000190734863","30888","1777672957849"
"1145","2026-05-01 19:03:37","25.6","51.5","947.22","3780","0","-22.822294235229492","-47.06568145751953","620.4000000000001","-85","13.5","30889","1777673017839"
"1146","2026-05-01 19:04:37","25.58","51.5","947.24","3780","0","-22.822324752807617","-47.06568145751953","623.5","-85","12.800000190734863","30890","1777673077828"
"1147","2026-05-01 19:05:37","25.55","52","947.26","3820","0","-22.82229232788086","-47.065643310546875","625.4000000000001","-85","13.300000190734863","30891","1777673137855"
"1148","2026-05-01 19:06:37","25.53","52","947.28","3800","0","-22.82230567932129","-47.06563186645508","629.7","-85","13","30892","1777673197792"
"1149","2026-05-01 19:07:37","25.51","52","947.26","3760","0","-22.822330474853516","-47.065670013427734","624.7","-85","13.300000190734863","30893","1777673257836"
"1150","2026-05-01 19:08:37","25.5","52","947.3000000000001","3760","0","-22.82229995727539","-47.06565856933594","621.5","-85","12.800000190734863","30894","1777673317841"
"1151","2026-05-01 19:09:37","25.48","52","947.28","3740","0","-22.822298049926758","-47.06565475463867","616.9000000000001","-85","13.300000190734863","30895","1777673377798"
"1152","2026-05-01 19:10:37","25.46","52","947.3000000000001","3820","0","-22.822288513183594","-47.0656852722168","613.2","-85","13.300000190734863","30896","1777673437836"
"1153","2026-05-01 19:11:37","25.44","52","947.3000000000001","3760","0","-22.822298049926758","-47.06571578979492","610.2","-85","13.5","30897","1777673497848"
"1154","2026-05-01 19:12:37","25.42","52","947.32","3760","0","-22.82227897644043","-47.065670013427734","610","-85","13.5","30898","1777673557840"
"1155","2026-05-01 19:13:37","25.41","52","947.32","3760","0","-22.822265625","-47.065643310546875","614.7","-85","13.5","30899","1777673617829"
"1156","2026-05-01 19:14:37","25.38","52.5","947.34","3800","0","-22.822235107421875","-47.06565475463867","618","-85","13.5","30900","1777673677825"
"1157","2026-05-01 19:15:37","25.36","52","947.34","3760","0","-22.822235107421875","-47.06562805175781","616.4000000000001","-85","14","30901","1777673737808"
"1158","2026-05-01 19:16:37","25.34","52","947.38","3780","0","-22.822242736816406","-47.065635681152344","614.4000000000001","-85","13.5","30902","1777673797848"
"1159","2026-05-01 19:17:37","25.33","52.5","947.38","3780","0","-22.82224464416504","-47.06565856933594","611","-86","13.5","30903","1777673857841"
"1160","2026-05-01 19:18:37","25.31","52","947.4","3800","0","-22.8222713470459","-47.06568908691406","611.7","-86","13","30904","1777673917830"
"1161","2026-05-01 19:19:37","25.3","52.5","947.38","3760","0","-22.822237014770508","-47.0656852722168","615.7","-85","13.300000190734863","30905","1777673977845"
"1162","2026-05-01 19:20:37","25.28","52.5","947.4","3760","0","-22.822254180908203","-47.065673828125","620.9000000000001","-86","13.300000190734863","30906","1777674037810"
"1163","2026-05-01 19:21:37","25.27","52.5","947.46","3760","0","-22.82227897644043","-47.065673828125","621","-86","13.5","30907","1777674097849"
"1164","2026-05-01 19:22:37","25.27","52","947.44","3760","0","-22.822298049926758","-47.06569290161133","623","-86","13","30908","1777674157851"
"1165","2026-05-01 19:23:37","25.26","52.5","947.46","3740","0","-22.82227897644043","-47.06568908691406","618.2","-87","12.800000190734863","30909","1777674217790"
"1166","2026-05-01 19:24:37","25.25","52.5","947.5","3760","0","-22.822294235229492","-47.06570816040039","621.4000000000001","-86","13.300000190734863","30910","1777674277835"
"1167","2026-05-01 19:25:37","25.23","52.5","947.5","3760","0","-22.82228660583496","-47.06570816040039","619.9000000000001","-86","13","30911","1777674337838"
"1168","2026-05-01 19:26:37","25.22","52.5","947.52","3740","0","-22.8222599029541","-47.06568908691406","621.2","-86","13.5","30912","1777674397830"
"1169","2026-05-01 19:27:37","25.21","52.5","947.54","3740","0","-22.822267532348633","-47.06568145751953","622.2","-86","13","30913","1777674457842"
"1170","2026-05-01 19:28:37","25.19","52.5","947.5","3760","0","-22.82224464416504","-47.065643310546875","621.5","-85","13.5","30914","1777674517825"
"1171","2026-05-01 19:29:37","25.18","52.5","947.52","3760","0","-22.822214126586914","-47.065608978271484","624.9000000000001","-85","13.5","30915","1777674577836"
"1172","2026-05-01 19:30:37","25.18","52.5","947.54","3740","0","-22.82221794128418","-47.065650939941406","620.2","-86","13.5","30916","1777674637838"
"1173","2026-05-01 19:31:37","25.16","52.5","947.54","3780","0","-22.822229385375977","-47.06564712524414","616.5","-86","13.300000190734863","30917","1777674697814"
"1174","2026-05-01 19:32:37","25.16","52.5","947.5600000000001","3760","0","-22.82227325439453","-47.06563949584961","619.9000000000001","-86","13","30918","1777674757842"
"1175","2026-05-01 19:33:37","25.15","52.5","947.5600000000001","3760","0","-22.8222599029541","-47.065635681152344","622.5","-86","12.800000190734863","30919","1777674817834"
"1176","2026-05-01 19:34:37","25.14","52.5","947.58","3760","0","-22.82223892211914","-47.065677642822266","615.9000000000001","-86","13.300000190734863","30920","1777674877847"
"1177","2026-05-01 19:35:37","25.14","52.5","947.58","3760","0","-22.82221794128418","-47.06563949584961","619","-86","13.300000190734863","30921","1777674937839"
"1178","2026-05-01 19:36:37","25.14","53","947.58","3740","0","-22.822229385375977","-47.065673828125","616.2","-86","13.300000190734863","30922","1777674997831"
"1179","2026-05-01 19:37:37","25.14","52.5","947.6","3780","0","-22.822219848632812","-47.06568145751953","604.5","-85","13.300000190734863","30923","1777675057853"
"1180","2026-05-01 19:38:37","25.14","52.5","947.6","3780","0","-22.82220458984375","-47.0656852722168","603.7","-85","13.300000190734863","30924","1777675117845"
"1181","2026-05-01 19:39:37","25.13","52.5","947.64","3720","0","-22.82219123840332","-47.0656852722168","607.2","-85","13.300000190734863","30925","1777675177780"
"1182","2026-05-01 19:40:37","25.13","52.5","947.66","3760","0","-22.82221221923828","-47.06568145751953","607.7","-85","13.300000190734863","30926","1777675237840"
"1183","2026-05-01 19:41:37","25.12","53","947.66","3760","0","-22.82223892211914","-47.0656623840332","613.7","-85","13.300000190734863","30927","1777675297815"
"1184","2026-05-01 19:42:37","25.1","53","947.7","3760","0","-22.82221794128418","-47.065650939941406","611","-85","13.300000190734863","30928","1777675357842"
"1185","2026-05-01 19:43:37","25.09","52.5","947.6800000000001","3740","0","-22.82223892211914","-47.06566619873047","605","-85","13","30929","1777675417834"
"1186","2026-05-01 19:44:37","25.08","53","947.72","3760","0","-22.82221221923828","-47.06565856933594","612.7","-85","13","30930","1777675477836"
"1187","2026-05-01 19:45:37","25.05","53","947.72","3800","0","-22.82219886779785","-47.06566619873047","613.2","-85","13.300000190734863","30931","1777675537838"
"1188","2026-05-01 19:46:37","25.03","53","947.74","3760","0","-22.822233200073242","-47.065650939941406","619.5","-85","13.5","30932","1777675597850"
"1189","2026-05-01 19:47:37","24.99","53","947.76","3760","0","-22.822237014770508","-47.06565475463867","617.9000000000001","-85","13.300000190734863","30933","1777675657776"
"1190","2026-05-01 19:48:37","24.96","53","947.76","3720","0","-22.822233200073242","-47.065650939941406","615.5","-85","13.5","30934","1777675717824"
"1191","2026-05-01 19:49:37","24.93","53","947.8000000000001","3760","0","-22.822229385375977","-47.0656623840332","611.2","-85","13.300000190734863","30935","1777675777839"
"1192","2026-05-01 19:50:37","24.9","53","947.78","3760","0","-22.822237014770508","-47.0656852722168","617.2","-85","13.5","30936","1777675837804"
"1193","2026-05-01 19:51:37","24.86","53.5","947.8000000000001","3740","0","-22.82219886779785","-47.065643310546875","619.4000000000001","-85","13.5","30937","1777675897853"
"1194","2026-05-01 19:52:37","24.83","53.5","947.84","3760","0","-22.822189331054688","-47.065635681152344","618","-85","13.5","30938","1777675957845"
"1195","2026-05-01 19:53:37","24.8","53.5","947.86","3740","0","-22.822237014770508","-47.065696716308594","611.7","-85","13","30939","1777676017827"
"1196","2026-05-01 19:54:37","24.76","53.5","947.84","3800","0","-22.822240829467773","-47.06565856933594","612.7","-85","13.300000190734863","30940","1777676077819"
"1197","2026-05-01 19:55:37","24.73","53.5","947.84","3760","0","-22.82221031188965","-47.065677642822266","609.2","-85","13.800000190734863","30941","1777676137831"
"1198","2026-05-01 19:56:37","24.71","53.5","947.88","3740","0","-22.82220458984375","-47.065650939941406","614.5","-85","13.5","30942","1777676197844"
"1199","2026-05-01 19:57:37","24.67","53.5","947.9","3760","0","-22.822219848632812","-47.06564712524414","612.5","-85","13.5","30943","1777676257846"
"1200","2026-05-01 19:58:37","24.64","53.5","947.9","3740","0","-22.822254180908203","-47.06566619873047","611.2","-85","13.5","30944","1777676317848"
"1201","2026-05-01 19:59:37","24.61","53.5","947.9200000000001","3740","0","-22.82225799560547","-47.065635681152344","609.7","-85","12.5","30945","1777676377808"
"1202","2026-05-01 20:00:37","24.57","53.5","947.9200000000001","3760","0","-22.822223663330078","-47.06566619873047","609","-85","13.800000190734863","30946","1777676437822"
"1203","2026-05-01 20:01:37","24.55","53.5","947.98","3740","0","-22.82221031188965","-47.06563186645508","612.9","-85","13.300000190734863","30947","1777676497844"
"1204","2026-05-01 20:02:37","24.51","54","947.96","3740","0","-22.822202682495117","-47.06562423706055","615.7","-85","13.300000190734863","30948","1777676557836"
"1205","2026-05-01 20:03:37","24.48","54","948","3760","0","-22.822208404541016","-47.065635681152344","613.9","-85","13.300000190734863","30949","1777676617800"
"1206","2026-05-01 20:04:37","24.45","54","948.04","3740","0","-22.822216033935547","-47.06555938720703","618.2","-85","13.5","30950","1777676677781"
"1207","2026-05-01 20:05:37","24.41","54","948","3740","0","-22.82221031188965","-47.065608978271484","624.4000000000001","-85","13.300000190734863","30951","1777676737809"
"1208","2026-05-01 20:06:37","24.38","54","948.0600000000001","3760","0","-22.822219848632812","-47.06559371948242","638.2","-85","13.300000190734863","30952","1777676797845"
"1209","2026-05-01 20:07:37","24.35","54","948.08","3780","0","-22.82221221923828","-47.06559753417969","636","-85","13.5","30953","1777676857836"
"1210","2026-05-01 20:08:37","24.31","54","948.02","3740","0","-22.822261810302734","-47.06563949584961","631","-85","13.5","30954","1777676917829"
"1211","2026-05-01 20:09:37","24.28","54","948.0600000000001","3720","0","-22.822208404541016","-47.06563186645508","633.7","-85","13.300000190734863","30955","1777676977811"
"1212","2026-05-01 20:10:37","24.25","54.5","948.0600000000001","3760","0","-22.82219886779785","-47.065643310546875","631.2","-85","13.300000190734863","30956","1777677037813"
"1213","2026-05-01 20:11:37","24.21","54.5","948.0600000000001","3720","0","-22.822214126586914","-47.06562423706055","620.2","-85","13.5","30957","1777677097784"
"1214","2026-05-01 20:12:37","24.18","54.5","948.04","3740","0","-22.822223663330078","-47.065670013427734","623","-85","13.300000190734863","30958","1777677157809"
"1215","2026-05-01 20:13:37","24.15","54.5","948.0600000000001","3740","0","-22.822229385375977","-47.06569290161133","625.4000000000001","-85","13.5","30959","1777677217849"
"1216","2026-05-01 20:14:37","24.13","54.5","948.0600000000001","3760","0","-22.82221794128418","-47.065643310546875","614.4000000000001","-85","13","30960","1777677277842"
"1217","2026-05-01 20:15:37","24.11","54.5","948.04","3760","0","-22.822206497192383","-47.065582275390625","613.7","-85","13.5","30961","1777677337834"
"1218","2026-05-01 20:16:37","24.09","54.5","948.1","3720","0","-22.822202682495117","-47.06562805175781","612","-85","13.800000190734863","30962","1777677397823"
"1219","2026-05-01 20:17:37","24.07","54.5","948.1","3760","0","-22.822216033935547","-47.06564712524414","613","-85","13.5","30963","1777677457778"
"1220","2026-05-01 20:18:37","24.05","54.5","948.14","3740","0","-22.82225227355957","-47.06555938720703","619","-85","13.300000190734863","30964","1777677517849"
"1221","2026-05-01 20:19:37","24.03","54.5","948.1","3760","0","-22.82221794128418","-47.06559371948242","616.2","-85","13","30965","1777677577842"
"1222","2026-05-01 20:20:37","24.02","55","948.12","3740","0","-22.822179794311523","-47.0655403137207","638.2","-85","13.5","30966","1777677637814"
"1223","2026-05-01 20:21:37","24","54.5","948.1","3740","0","-22.822189331054688","-47.06565475463867","623","-85","13.800000190734863","30967","1777677697847"
"1224","2026-05-01 20:22:37","23.97","54.5","948.1","3720","0","-22.822208404541016","-47.065643310546875","612.5","-85","13.300000190734863","30968","1777677757840"
"1225","2026-05-01 20:23:37","23.96","55","948.12","3740","0","-22.822208404541016","-47.06563949584961","612.4","-85","13.300000190734863","30969","1777677817841"
"1226","2026-05-01 20:24:37","23.94","54.5","948.12","3720","0","-22.822206497192383","-47.065650939941406","614.7","-85","13.5","30970","1777677877787"
"1227","2026-05-01 20:25:37","23.92","55","948.1","3780","0","-22.822195053100586","-47.065635681152344","612.7","-85","13.800000190734863","30971","1777677937779"
"1228","2026-05-01 20:26:37","23.91","55","948.14","3800","0","-22.82219696044922","-47.065643310546875","612.7","-85","13.5","30972","1777677997810"
"1229","2026-05-01 20:27:37","23.89","55","948.12","3740","0","-22.82218360900879","-47.06561279296875","621.4000000000001","-85","13.300000190734863","30973","1777678057810"
"1230","2026-05-01 20:28:37","23.87","55","948.12","3740","0","-22.822185516357422","-47.065608978271484","624.2","-85","13.5","30974","1777678117787"
"1231","2026-05-01 20:29:37","23.86","55","948.12","3740","0","-22.822174072265625","-47.065616607666016","639.9000000000001","-85","13.300000190734863","30975","1777678177844"
"1232","2026-05-01 20:30:37","23.84","54.5","948.14","3720","0","-22.82217025756836","-47.06560134887695","635.9000000000001","-85","13.300000190734863","30976","1777678237775"
"1233","2026-05-01 20:31:37","23.81","55","948.16","3760","0","-22.822242736816406","-47.065704345703125","609.2","-85","13.5","30977","1777678297849"
"1234","2026-05-01 20:32:37","23.79","55","948.1800000000001","3700","0","-22.822229385375977","-47.0656852722168","633.2","-85","13","30978","1777678357840"
"1235","2026-05-01 20:33:37","23.76","55","948.2","3740","0","-22.82219886779785","-47.065670013427734","632.5","-85","13.5","30979","1777678417842"
"1236","2026-05-01 20:34:37","23.74","55","948.22","3720","0","-22.822189331054688","-47.065643310546875","635.2","-85","13.5","30980","1777678477835"
"1237","2026-05-01 20:35:37","23.71","55.5","948.26","3740","0","-22.822202682495117","-47.065673828125","623.4000000000001","-85","13.5","30981","1777678537805"
"1238","2026-05-01 20:36:37","23.7","55.5","948.26","3740","0","-22.822214126586914","-47.06565475463867","614.2","-85","13.300000190734863","30982","1777678597814"
"1239","2026-05-01 20:37:37","23.67","55","948.24","3780","0","-22.822223663330078","-47.06568908691406","618.7","-85","13.300000190734863","30983","1777678657804"
"1240","2026-05-01 20:38:37","23.65","55.5","948.28","3720","0","-22.82221794128418","-47.0656623840332","616","-84","13.5","30984","1777678717806"
"1241","2026-05-01 20:39:37","23.62","55.5","948.24","3720","0","-22.822195053100586","-47.06562805175781","613.9","-84","13.800000190734863","30985","1777678777855"
"1242","2026-05-01 20:40:37","23.6","55.5","948.26","3800","0","-22.822237014770508","-47.06560134887695","617.2","-84","13.5","30986","1777678837837"
"1243","2026-05-01 20:41:37","23.58","55.5","948.34","3720","0","-22.822235107421875","-47.06557083129883","624.7","-85","13.800000190734863","30987","1777678897839"
"1244","2026-05-01 20:42:37","23.55","55.5","948.34","3780","0","-22.82225227355957","-47.06560134887695","609.2","-84","13.5","30988","1777678957844"
"1245","2026-05-01 20:43:37","23.53","55.5","948.34","3780","0","-22.822223663330078","-47.06564712524414","608.2","-84","13.800000190734863","30989","1777679017795"
"1246","2026-05-01 20:44:37","23.5","55.5","948.36","3780","0","-22.822237014770508","-47.065673828125","598","-84","13.300000190734863","30990","1777679077815"
"1247","2026-05-01 20:45:37","23.47","55.5","948.36","3740","0","-22.822229385375977","-47.06566619873047","607.5","-84","13","30991","1777679137804"
"1248","2026-05-01 20:46:37","23.45","55.5","948.38","3740","0","-22.822221755981445","-47.065677642822266","601.4","-84","13","30992","1777679197850"
"1249","2026-05-01 20:47:37","23.43","55.5","948.34","3720","0","-22.822219848632812","-47.06564712524414","601.5","-84","13.800000190734863","30993","1777679257832"
"1250","2026-05-01 20:48:37","23.41","56","948.4","3740","0","-22.822229385375977","-47.06565475463867","600.2","-84","13.300000190734863","30994","1777679317854"
"1251","2026-05-01 20:49:37","23.38","55.5","948.36","3720","0","-22.822221755981445","-47.065635681152344","600.9","-84","13.800000190734863","30995","1777679377771"
"1252","2026-05-01 20:50:37","23.36","56","948.38","3720","0","-22.822233200073242","-47.065608978271484","603.2","-84","13.300000190734863","30996","1777679437828"
"1253","2026-05-01 20:51:37","23.35","56","948.4200000000001","3720","0","-22.82223892211914","-47.065670013427734","598.5","-84","13.5","30997","1777679497850"
"1254","2026-05-01 20:52:37","23.33","56","948.4200000000001","3740","0","-22.822275161743164","-47.065673828125","602.2","-84","13.300000190734863","30998","1777679557833"
"1255","2026-05-01 20:53:37","23.31","56","948.38","3740","0","-22.82223892211914","-47.065670013427734","605.2","-84","13.800000190734863","30999","1777679617782"
"1256","2026-05-01 20:54:37","23.28","55.5","948.36","3780","0","-22.82221221923828","-47.06565475463867","608.9","-84","13.800000190734863","31000","1777679677847"
"1257","2026-05-01 20:55:37","23.26","56","948.36","3740","0","-22.822233200073242","-47.065677642822266","603.5","-84","13.5","31001","1777679737829"
"1258","2026-05-01 20:56:37","23.25","56","948.36","3760","0","-22.82224464416504","-47.065670013427734","597.7","-84","13","31002","1777679797852"
"1259","2026-05-01 20:57:37","23.22","56","948.38","3720","0","-22.822240829467773","-47.06566619873047","603","-84","13.800000190734863","31003","1777679857843"
"1260","2026-05-01 20:58:37","23.2","56","948.38","3720","0","-22.822233200073242","-47.06568145751953","603.7","-84","13.300000190734863","31004","1777679917835"
"1261","2026-05-01 20:59:37","23.19","56","948.4","3740","0","-22.822237014770508","-47.06568908691406","604","-84","14","31005","1777679977848"
"1262","2026-05-01 21:00:37","23.17","56","948.38","3720","0","-22.822248458862305","-47.065677642822266","603.7","-84","13.300000190734863","31006","1777680037839"
"1263","2026-05-01 21:01:37","23.15","56","948.4","3720","0","-22.822240829467773","-47.065670013427734","601.4","-84","13.5","31007","1777680097809"
"1264","2026-05-01 21:02:37","23.14","56","948.4200000000001","3720","0","-22.822229385375977","-47.065650939941406","606","-84","14","31008","1777680157806"
"1265","2026-05-01 21:03:37","23.12","56","948.4200000000001","3740","0","-22.822229385375977","-47.065677642822266","602","-84","13.5","31009","1777680217835"
"1266","2026-05-01 21:04:37","23.1","56","948.38","3740","0","-22.822242736816406","-47.06568908691406","602.2","-84","14","31010","1777680277772"
"1267","2026-05-01 21:05:37","23.09","56.5","948.4","3720","0","-22.822227478027344","-47.065677642822266","604.2","-84","13.800000190734863","31011","1777680337840"
"1268","2026-05-01 21:06:37","23.08","56","948.4200000000001","3740","0","-22.82220458984375","-47.06565856933594","601.9","-84","13.300000190734863","31012","1777680397832"
"1269","2026-05-01 21:07:37","23.08","56","948.4200000000001","3740","0","-22.82221031188965","-47.065670013427734","607.4","-84","13.5","31013","1777680457815"
"1270","2026-05-01 21:08:37","23.08","56.5","948.38","3700","0","-22.822233200073242","-47.0656852722168","604","-84","14","31014","1777680517836"
"1271","2026-05-01 21:09:37","23.08","56.5","948.4","3780","0","-22.822240829467773","-47.065670013427734","601","-84","13.5","31015","1777680577849"
"1272","2026-05-01 21:10:37","23.08","56.5","948.38","3720","0","-22.822214126586914","-47.065677642822266","604","-84","13.5","31016","1777680637831"
"1273","2026-05-01 21:11:37","23.08","56.5","948.38","3720","0","-22.822235107421875","-47.06568145751953","602","-84","13.5","31017","1777680697805"
"1274","2026-05-01 21:12:37","23.08","56.5","948.34","3780","0","-22.82223129272461","-47.065673828125","601.2","-84","13.5","31018","1777680757812"
"1275","2026-05-01 21:13:37","23.08","56.5","948.4","3740","0","-22.822233200073242","-47.06569290161133","602.2","-84","13.300000190734863","31019","1777680817781"
"1276","2026-05-01 21:14:37","23.08","56.5","948.4","3740","0","-22.82222557067871","-47.065673828125","606","-84","13.800000190734863","31020","1777680877812"
"1277","2026-05-01 21:15:37","23.08","56.5","948.38","3740","0","-22.822242736816406","-47.06569290161133","609.2","-84","13.5","31021","1777680937831"
"1278","2026-05-01 21:16:37","23.08","56.5","948.4200000000001","3720","0","-22.822214126586914","-47.065670013427734","609.4","-84","13.800000190734863","31022","1777680997843"
"1279","2026-05-01 21:17:37","23.07","56.5","948.36","3740","0","-22.822227478027344","-47.0656623840332","604.9","-84","13.800000190734863","31023","1777681057826"
"1280","2026-05-01 21:18:37","23.08","56.5","948.38","3720","0","-22.822223663330078","-47.0656623840332","601.9","-84","14","31024","1777681117774"
"1281","2026-05-01 21:19:37","23.08","56.5","948.38","3720","0","-22.82219696044922","-47.06568908691406","603.7","-84","13.800000190734863","31025","1777681177839"
"1282","2026-05-01 21:20:37","23.08","56.5","948.4","3700","0","-22.822206497192383","-47.0656852722168","609.4","-84","13.5","31026","1777681237831"
"1283","2026-05-01 21:21:37","23.08","56.5","948.4200000000001","3720","0","-22.822223663330078","-47.06569290161133","610.5","-84","13.5","31027","1777681297844"
"1284","2026-05-01 21:22:37","23.08","56.5","948.44","3720","0","-22.82221794128418","-47.065677642822266","611.5","-84","13.5","31028","1777681357836"
"1285","2026-05-01 21:23:37","23.08","56.5","948.4200000000001","3720","0","-22.822229385375977","-47.06568145751953","606.9","-84","13.800000190734863","31029","1777681417848"
"1286","2026-05-01 21:24:37","23.08","56.5","948.44","3720","0","-22.822216033935547","-47.06566619873047","605.2","-84","13.800000190734863","31030","1777681477839"
"1287","2026-05-01 21:25:37","23.08","56.5","948.46","3740","0","-22.822216033935547","-47.06566619873047","608.2","-84","13.800000190734863","31031","1777681537852"
"1288","2026-05-01 21:26:37","23.08","57","948.4200000000001","3740","0","-22.82219696044922","-47.065677642822266","603.9","-84","14","31032","1777681597834"
"1289","2026-05-01 21:27:37","23.08","57","948.4200000000001","3740","0","-22.82219123840332","-47.06568145751953","605.7","-84","13.800000190734863","31033","1777681657844"
"1290","2026-05-01 21:28:37","23.08","57","948.46","3760","0","-22.822181701660156","-47.065670013427734","606.5","-84","13.800000190734863","31034","1777681717849"
"1291","2026-05-01 21:29:37","23.08","57","948.4","3780","0","-22.822223663330078","-47.06568145751953","606.9","-84","13.800000190734863","31035","1777681777841"
"1292","2026-05-01 21:30:37","23.08","57","948.4","3720","0","-22.822240829467773","-47.06569290161133","607.5","-84","13.800000190734863","31036","1777681837833"
"1293","2026-05-01 21:31:37","23.07","57","948.4200000000001","3700","0","-22.822237014770508","-47.06568908691406","607.2","-84","13.800000190734863","31037","1777681897812"
"1294","2026-05-01 21:32:37","23.07","57","948.38","3740","0","-22.82223892211914","-47.06570053100586","611.5","-84","13.5","31038","1777681957838"
"1295","2026-05-01 21:33:37","23.07","57","948.38","3720","0","-22.82221221923828","-47.0656852722168","614","-84","13.5","31039","1777682017849"
"1296","2026-05-01 21:34:37","23.07","57","948.4200000000001","3720","0","-22.822227478027344","-47.065673828125","614.4000000000001","-84","13.300000190734863","31040","1777682077831"
"1297","2026-05-01 21:35:37","23.06","57","948.4","3680","0","-22.822240829467773","-47.06570053100586","606.9","-84","13.5","31041","1777682137853"
"1298","2026-05-01 21:36:37","23.06","57","948.38","3700","0","-22.822235107421875","-47.06570053100586","607.5","-84","13.800000190734863","31042","1777682197819"
"1299","2026-05-01 21:37:37","23.06","57","948.4200000000001","3700","0","-22.822229385375977","-47.0656852722168","607.2","-84","13.800000190734863","31043","1777682257828"
"1300","2026-05-01 21:38:37","23.04","57.5","948.44","3700","0","-22.822256088256836","-47.065673828125","612","-84","13.5","31044","1777682317840"
"1301","2026-05-01 21:39:37","23.03","57.5","948.44","3720","0","-22.82220458984375","-47.065673828125","605.5","-84","13.5","31045","1777682377832"
"1302","2026-05-01 21:40:37","23.02","57.5","948.4","3680","0","-22.82221031188965","-47.065673828125","612.2","-84","13.5","31046","1777682437844"
"1303","2026-05-01 21:41:37","23","57.5","948.4200000000001","3760","0","-22.82216453552246","-47.06568145751953","603","-84","13.800000190734863","31047","1777682497836"
"1304","2026-05-01 21:42:37","22.99","57.5","948.44","3740","0","-22.822175979614258","-47.06568145751953","610.7","-84","14","31048","1777682557848"
"1305","2026-05-01 21:43:37","22.98","57.5","948.46","3700","0","-22.82218360900879","-47.065677642822266","613.2","-84","13.300000190734863","31049","1777682617840"
"1306","2026-05-01 21:44:37","22.96","57.5","948.4200000000001","3760","0","-22.82219696044922","-47.0656852722168","603","-83","13.300000190734863","31050","1777682677818"
"1307","2026-05-01 21:45:37","22.96","57.5","948.4200000000001","3720","0","-22.822158813476562","-47.06568145751953","603.7","-84","13.300000190734863","31051","1777682737778"
"1308","2026-05-01 21:46:37","22.95","58","948.4200000000001","3720","0","-22.822174072265625","-47.065677642822266","601.5","-84","13.5","31052","1777682797837"
"1309","2026-05-01 21:47:37","22.93","58","948.38","3740","0","-22.822221755981445","-47.06570053100586","604","-84","13.5","31053","1777682857809"
"1310","2026-05-01 21:48:37","22.92","58","948.4200000000001","3720","0","-22.82219123840332","-47.065677642822266","601.2","-84","13.800000190734863","31054","1777682917841"
"1311","2026-05-01 21:49:37","22.9","58","948.38","3720","0","-22.822179794311523","-47.065673828125","600","-84","13.800000190734863","31055","1777682977853"
"1312","2026-05-01 21:50:37","22.88","58","948.4200000000001","3700","0","-22.822181701660156","-47.065635681152344","605.7","-84","13.800000190734863","31056","1777683037846"
"1313","2026-05-01 21:51:37","22.87","57.5","948.36","3740","0","-22.822181701660156","-47.06565856933594","605.2","-84","13.800000190734863","31057","1777683097837"
"1314","2026-05-01 21:52:37","22.84","58","948.36","3700","0","-22.82221031188965","-47.065677642822266","607.5","-84","13.5","31058","1777683157850"
"1315","2026-05-01 21:53:37","22.82","58","948.36","3720","0","-22.82219123840332","-47.06563949584961","607.5","-85","13.5","31059","1777683217842"
"1316","2026-05-01 21:54:37","22.8","58","948.34","3740","0","-22.82220458984375","-47.06563949584961","614.5","-84","13.300000190734863","31060","1777683277818"
"1317","2026-05-01 21:55:37","22.77","58","948.36","3700","0","-22.822172164916992","-47.06568145751953","605.7","-84","13.300000190734863","31061","1777683337846"
"1318","2026-05-01 21:56:37","22.76","58","948.38","3740","0","-22.822202682495117","-47.06568145751953","605","-84","13.800000190734863","31062","1777683397838"
"1319","2026-05-01 21:57:37","22.74","58","948.34","3700","0","-22.822200775146484","-47.065635681152344","607.5","-84","13.800000190734863","31063","1777683457830"
"1320","2026-05-01 21:58:37","22.73","58","948.4","3740","0","-22.82220458984375","-47.0656623840332","607.5","-83","13.800000190734863","31064","1777683517842"
"1321","2026-05-01 21:59:37","22.73","58","948.4","3760","0","-22.82221221923828","-47.0656623840332","607.5","-84","13.300000190734863","31065","1777683577816"
"1322","2026-05-01 22:00:37","22.72","58","948.4","3720","0","-22.822235107421875","-47.06562042236328","613.7","-85","13.300000190734863","31066","1777683637857"
"1323","2026-05-01 22:01:37","22.71","58","948.4","3700","0","-22.822223663330078","-47.06562042236328","613.2","-84","13.5","31067","1777683697838"
"1324","2026-05-01 22:02:37","22.7","58","948.4200000000001","3700","0","-22.82225799560547","-47.065635681152344","612","-84","13","31068","1777683757829"
"1325","2026-05-01 22:03:37","22.69","58","948.4","3700","0","-22.822208404541016","-47.06568908691406","605.9","-84","13.800000190734863","31069","1777683817843"
"1326","2026-05-01 22:04:37","22.68","58","948.4200000000001","3720","0","-22.822240829467773","-47.06564712524414","613.2","-84","13.5","31070","1777683877835"
"1327","2026-05-01 22:05:37","22.66","58.5","948.4","3700","0","-22.8222713470459","-47.06561279296875","612.2","-84","13.5","31071","1777683937847"
"1328","2026-05-01 22:06:37","22.64","58.5","948.4200000000001","3720","0","-22.822261810302734","-47.06562805175781","616","-84","13.800000190734863","31072","1777683997839"
"1329","2026-05-01 22:07:37","22.62","58.5","948.4","3720","0","-22.822275161743164","-47.065635681152344","616","-83","14","31073","1777684057825"
"1330","2026-05-01 22:08:37","22.61","58.5","948.4200000000001","3740","0","-22.82223129272461","-47.06563949584961","612.5","-84","13.5","31074","1777684117824"
"1331","2026-05-01 22:09:37","22.59","58.5","948.38","3700","0","-22.822254180908203","-47.06561279296875","619.5","-84","13.300000190734863","31075","1777684177836"
"1332","2026-05-01 22:10:37","22.57","58.5","948.44","3720","0","-22.822275161743164","-47.065608978271484","614.9000000000001","-84","13.800000190734863","31076","1777684237828"
"1333","2026-05-01 22:11:37","22.56","58.5","948.36","3720","0","-22.822254180908203","-47.06562042236328","618.5","-83","13.300000190734863","31077","1777684297819"
"1334","2026-05-01 22:12:37","22.55","58.5","948.36","3720","0","-22.822263717651367","-47.06565475463867","613.2","-84","13.800000190734863","31078","1777684357825"
"1335","2026-05-01 22:13:37","22.54","58.5","948.36","3740","0","-22.82223129272461","-47.065677642822266","617.5","-83","13.300000190734863","31079","1777684417816"
"1336","2026-05-01 22:14:37","22.52","58.5","948.38","3720","0","-22.82221031188965","-47.065670013427734","614.5","-84","13.300000190734863","31080","1777684477846"
"1337","2026-05-01 22:15:37","22.5","58.5","948.36","3700","0","-22.822229385375977","-47.065616607666016","613.4","-83","13.800000190734863","31081","1777684537839"
"1338","2026-05-01 22:16:37","22.49","58.5","948.32","3720","0","-22.82225227355957","-47.065582275390625","618.2","-84","14","31082","1777684597831"
"1339","2026-05-01 22:17:37","22.48","58.5","948.38","3760","0","-22.822235107421875","-47.065616607666016","626.7","-84","14","31083","1777684657843"
"1340","2026-05-01 22:18:37","22.46","58.5","948.34","3720","0","-22.822256088256836","-47.06563949584961","622","-84","13.300000190734863","31084","1777684717826"
"1341","2026-05-01 22:19:37","22.44","58.5","948.36","3720","0","-22.82219696044922","-47.065635681152344","631","-84","13.800000190734863","31085","1777684777857"
"1342","2026-05-01 22:20:37","22.42","58.5","948.38","3720","0","-22.822172164916992","-47.065650939941406","607.7","-84","13.800000190734863","31086","1777684837839"
"1343","2026-05-01 22:21:37","22.4","59","948.32","3720","0","-22.822235107421875","-47.065673828125","609","-84","13","31087","1777684897831"
"1344","2026-05-01 22:22:37","22.38","59","948.38","3720","0","-22.822256088256836","-47.06565856933594","600.7","-83","13.300000190734863","31088","1777684957844"
"1345","2026-05-01 22:23:37","22.36","59","948.36","3700","0","-22.822246551513672","-47.06565856933594","617.7","-84","13.800000190734863","31089","1777685017836"
"1346","2026-05-01 22:24:37","22.35","59","948.38","3720","0","-22.822233200073242","-47.06565856933594","616","-84","13","31090","1777685077848"
"1347","2026-05-01 22:25:37","22.33","59","948.38","3720","0","-22.822227478027344","-47.06564712524414","605.7","-84","13.5","31091","1777685137839"
"1348","2026-05-01 22:26:37","22.32","59","948.34","3700","0","-22.822303771972656","-47.06562423706055","618.2","-84","13.5","31092","1777685197832"
"1349","2026-05-01 22:27:37","22.3","59","948.32","3720","0","-22.822263717651367","-47.065635681152344","616.7","-84","13.800000190734863","31093","1777685257844"
"1350","2026-05-01 22:28:37","22.29","59","948.32","3720","0","-22.8222599029541","-47.06563186645508","617.4000000000001","-83","13.300000190734863","31094","1777685317836"
"1351","2026-05-01 22:29:37","22.28","59","948.32","3720","0","-22.822237014770508","-47.065650939941406","611.7","-84","14.300000190734863","31095","1777685377848"
"1352","2026-05-01 22:30:37","22.26","59","948.34","3720","0","-22.822248458862305","-47.0656852722168","612.2","-84","13.5","31096","1777685437860"
"1353","2026-05-01 22:31:37","22.25","59","948.34","3720","0","-22.822237014770508","-47.06568145751953","613.2","-84","13.800000190734863","31097","1777685497842"
"1354","2026-05-01 22:32:37","22.23","59","948.32","3720","0","-22.822202682495117","-47.06564712524414","616.7","-83","13.800000190734863","31098","1777685557845"
"1355","2026-05-01 22:33:37","22.22","59","948.32","3760","0","-22.822227478027344","-47.06568908691406","612.2","-84","14","31099","1777685617826"
"1356","2026-05-01 22:34:37","22.2","59","948.3000000000001","3720","0","-22.822254180908203","-47.06565856933594","612.7","-84","14","31100","1777685677859"
"1357","2026-05-01 22:35:37","22.2","59","948.3000000000001","3740","0","-22.82224464416504","-47.065670013427734","617.9000000000001","-85","13.300000190734863","31101","1777685737841"
"1358","2026-05-01 22:36:37","22.19","59","948.32","3720","0","-22.82221794128418","-47.065635681152344","614.4000000000001","-84","13.800000190734863","31102","1777685797823"
"1359","2026-05-01 22:37:37","22.17","59","948.26","3700","0","-22.822221755981445","-47.06568145751953","609.2","-84","13.300000190734863","31103","1777685857846"
"1360","2026-05-01 22:38:37","22.16","59","948.28","3740","0","-22.82221794128418","-47.06568145751953","603.7","-84","13.5","31104","1777685917814"
"1361","2026-05-01 22:39:37","22.15","59","948.26","3720","0","-22.822214126586914","-47.065677642822266","607.7","-84","13.300000190734863","31105","1777685977850"
"1362","2026-05-01 22:40:37","22.14","59.5","948.24","3740","0","-22.82221221923828","-47.06565856933594","609","-84","14","31106","1777686037841"
"1363","2026-05-01 22:41:37","22.12","59","948.2","3720","0","-22.822229385375977","-47.065677642822266","611.2","-84","13.800000190734863","31107","1777686097832"
"1364","2026-05-01 22:42:37","22.12","59.5","948.26","3740","0","-22.822237014770508","-47.065670013427734","612.2","-83","13.800000190734863","31108","1777686157846"
"1365","2026-05-01 22:43:37","22.1","59","948.22","3720","0","-22.82227325439453","-47.0656623840332","614.9000000000001","-83","13.800000190734863","31109","1777686217828"
"1366","2026-05-01 22:44:37","22.09","59.5","948.22","3720","0","-22.82223892211914","-47.065677642822266","613.9","-84","14","31110","1777686277830"
"1367","2026-05-01 22:45:37","22.09","59.5","948.22","3720","0","-22.82221221923828","-47.06566619873047","616.5","-84","13.300000190734863","31111","1777686337842"
"1368","2026-05-01 22:46:37","22.09","59.5","948.28","3700","0","-22.822193145751953","-47.065670013427734","607.9","-84","13.800000190734863","31112","1777686397836"
"1369","2026-05-01 22:47:37","22.07","59.5","948.28","3700","0","-22.822233200073242","-47.065677642822266","604.5","-84","12.800000190734863","31113","1777686457847"
"1370","2026-05-01 22:48:37","22.07","59.5","948.28","3700","0","-22.822219848632812","-47.06565856933594","613.7","-83","13.300000190734863","31114","1777686517835"
"1371","2026-05-01 22:49:37","22.06","59.5","948.26","3700","0","-22.82221221923828","-47.065704345703125","614.9000000000001","-84","13.300000190734863","31115","1777686577838"
"1372","2026-05-01 22:50:37","22.06","59.5","948.22","3720","0","-22.82225227355957","-47.06573486328125","612.5","-84","13.800000190734863","31116","1777686637833"
"1373","2026-05-01 22:51:37","22.05","59.5","948.2","3740","0","-22.822235107421875","-47.0656852722168","615.5","-83","13.300000190734863","31117","1777686697835"
"1374","2026-05-01 22:52:37","22.04","59.5","948.2","3700","0","-22.82221031188965","-47.065670013427734","612","-84","13.800000190734863","31118","1777686757847"
"1375","2026-05-01 22:53:37","22.04","59.5","948.2","3700","0","-22.822219848632812","-47.065670013427734","605.5","-84","13.300000190734863","31119","1777686817829"
"1376","2026-05-01 22:54:37","22.03","59.5","948.22","3680","0","-22.822223663330078","-47.06568908691406","605.5","-83","13.800000190734863","31120","1777686877851"
"1377","2026-05-01 22:55:37","22.02","59.5","948.1800000000001","3720","0","-22.82223892211914","-47.065696716308594","604.7","-84","13.800000190734863","31121","1777686937843"
"1378","2026-05-01 22:56:37","22.02","59.5","948.2","3740","0","-22.822216033935547","-47.065696716308594","601.9","-84","14","31122","1777686997866"
"1379","2026-05-01 22:57:37","22","59.5","948.1800000000001","3720","0","-22.822227478027344","-47.06575393676758","602.5","-83","13.300000190734863","31123","1777687057819"
"1380","2026-05-01 22:58:37","22","59.5","948.2","3720","0","-22.822216033935547","-47.06565856933594","611.5","-84","14","31124","1777687117840"
"1381","2026-05-01 22:59:37","21.99","59.5","948.16","3720","0","-22.822208404541016","-47.06568145751953","606.7","-84","13.5","31125","1777687177842"
"1382","2026-05-01 23:00:37","21.98","59.5","948.26","3700","0","-22.82223129272461","-47.06570816040039","607.5","-84","13.300000190734863","31126","1777687237854"
"1383","2026-05-01 23:01:37","21.96","59.5","948.1800000000001","3700","0","-22.822227478027344","-47.0656852722168","613.4","-84","13","31127","1777687297836"
"1384","2026-05-01 23:02:37","21.95","59.5","948.2","3760","0","-22.822206497192383","-47.0656623840332","614.4000000000001","-84","13","31128","1777687357817"
"1385","2026-05-01 23:03:37","21.94","59.5","948.1800000000001","3700","0","-22.82222557067871","-47.065696716308594","611.2","-83","13.5","31129","1777687417815"
"1386","2026-05-01 23:04:37","21.92","59.5","948.1800000000001","3680","0","-22.82221794128418","-47.065650939941406","609.5","-84","13.300000190734863","31130","1777687477833"
"1387","2026-05-01 23:05:37","21.91","60","948.1800000000001","3700","0","-22.822219848632812","-47.06572341918945","613.7","-84","13.800000190734863","31131","1777687537845"
"1388","2026-05-01 23:06:37","21.9","60","948.14","3760","0","-22.82219886779785","-47.0656623840332","616.7","-84","13.800000190734863","31132","1777687597837"
"1389","2026-05-01 23:07:37","21.88","60","948.12","3740","0","-22.82223892211914","-47.06574249267578","601.7","-84","14","31133","1777687657849"
"1390","2026-05-01 23:08:37","21.87","60","948.1800000000001","3700","0","-22.822256088256836","-47.06577682495117","597.2","-84","12.800000190734863","31134","1777687717839"
"1391","2026-05-01 23:09:37","21.85","60","948.16","3700","0","-22.822223663330078","-47.06571960449219","601.5","-84","13.5","31135","1777687777833"
"1392","2026-05-01 23:10:37","21.84","60","948.14","3700","0","-22.822221755981445","-47.06566619873047","607.4","-84","13.800000190734863","31136","1777687837846"
"1393","2026-05-01 23:11:37","21.84","60","948.1800000000001","3700","0","-22.822214126586914","-47.06565856933594","621.7","-84","13.5","31137","1777687897834"
"1394","2026-05-01 23:12:37","21.82","60","948.1800000000001","3700","0","-22.822181701660156","-47.065608978271484","626.7","-84","13.800000190734863","31138","1777687957827"
"1395","2026-05-01 23:13:37","21.81","60","948.1800000000001","3740","0","-22.82220458984375","-47.06569290161133","610.7","-83","13.300000190734863","31139","1777688017821"
"1396","2026-05-01 23:14:37","21.8","60","948.1800000000001","3720","0","-22.82221031188965","-47.065711975097656","611.7","-84","14","31140","1777688077810"
"1397","2026-05-01 23:15:37","21.8","60","948.16","3720","0","-22.82221794128418","-47.065731048583984","600.5","-84","13.800000190734863","31141","1777688137846"
"1398","2026-05-01 23:16:37","21.79","60","948.1800000000001","3680","0","-22.82219123840332","-47.06565475463867","622.4000000000001","-84","13.800000190734863","31142","1777688197845"
"1399","2026-05-01 23:17:37","21.78","60","948.1800000000001","3720","0","-22.822229385375977","-47.06563949584961","621","-84","13.800000190734863","31143","1777688257840"
"1400","2026-05-01 23:18:37","21.78","60","948.16","3700","0","-22.82222557067871","-47.0656852722168","613.2","-84","13.800000190734863","31144","1777688317842"
"1401","2026-05-01 23:19:37","21.76","60","948.16","3700","0","-22.822208404541016","-47.065673828125","615.7","-84","13.800000190734863","31145","1777688377819"
"1402","2026-05-01 23:20:37","21.75","60","948.1","3680","0","-22.82222557067871","-47.06565856933594","618.7","-84","14","31146","1777688437846"
"1403","2026-05-01 23:21:37","21.74","60","948.12","3700","0","-22.822246551513672","-47.06573486328125","614","-84","13.800000190734863","31147","1777688497839"
"1404","2026-05-01 23:22:37","21.72","60","948.14","3680","0","-22.822250366210938","-47.065711975097656","612.7","-84","13.800000190734863","31148","1777688557818"
"1405","2026-05-01 23:23:37","21.7","60","948.16","3740","0","-22.82227325439453","-47.06570816040039","628.2","-84","14","31149","1777688617797"
"1406","2026-05-01 23:24:37","21.69","60","948.08","3700","0","-22.822248458862305","-47.06564712524414","636","-84","13.800000190734863","31150","1777688677845"
"1407","2026-05-01 23:25:37","21.67","60","948.08","3700","0","-22.8222713470459","-47.06566619873047","624.2","-84","13.5","31151","1777688737837"
"1408","2026-05-01 23:26:37","21.65","60","948.08","3760","0","-22.822315216064453","-47.06568908691406","629","-84","13.300000190734863","31152","1777688797801"
"1409","2026-05-01 23:27:37","21.63","60","948.04","3700","0","-22.82224464416504","-47.06563949584961","619.2","-84","13.5","31153","1777688857831"
"1410","2026-05-01 23:28:37","21.61","60","948.1","3680","0","-22.822248458862305","-47.06568145751953","615.9000000000001","-84","13.800000190734863","31154","1777688917853"
"1411","2026-05-01 23:29:37","21.58","60","948.0600000000001","3700","0","-22.822246551513672","-47.065650939941406","618.9000000000001","-84","13.5","31155","1777688977843"
"1412","2026-05-01 23:30:37","21.56","60.5","948.08","3720","0","-22.822229385375977","-47.06564712524414","615.5","-84","14","31156","1777689037839"
"1413","2026-05-01 23:31:37","21.54","60","948.04","3720","0","-22.82223129272461","-47.06562423706055","623.5","-84","13.5","31157","1777689097840"
"1414","2026-05-01 23:32:37","21.52","60","948.02","3720","0","-22.822248458862305","-47.065677642822266","627.7","-84","13.800000190734863","31158","1777689157796"
"1415","2026-05-01 23:33:37","21.52","60.5","948.02","3700","0","-22.82227325439453","-47.06565856933594","618.4000000000001","-84","13.5","31159","1777689217817"
"1416","2026-05-01 23:34:37","21.51","60.5","947.98","3700","0","-22.82223129272461","-47.065650939941406","618","-84","13.5","31160","1777689277836"
"1417","2026-05-01 23:35:37","21.51","60","948","3700","0","-22.822246551513672","-47.06568145751953","615.5","-84","13.300000190734863","31161","1777689337828"
"1418","2026-05-01 23:36:37","21.5","60","948","3700","0","-22.822237014770508","-47.06565856933594","618.7","-84","13.300000190734863","31162","1777689397850"
"1419","2026-05-01 23:37:37","21.49","60","948.02","3700","0","-22.82222557067871","-47.065643310546875","619.2","-84","13.5","31163","1777689457832"
"1420","2026-05-01 23:38:37","21.48","60","947.98","3700","0","-22.822227478027344","-47.06566619873047","610.5","-84","13.300000190734863","31164","1777689517842"
"1421","2026-05-01 23:39:37","21.47","60","948.02","3720","0","-22.822240829467773","-47.0656623840332","617","-84","13.5","31165","1777689577837"
"1422","2026-05-01 23:40:37","21.46","60","948.04","3720","0","-22.822216033935547","-47.065635681152344","621","-84","13.5","31166","1777689637836"
"1423","2026-05-01 23:41:37","21.45","60","947.98","3680","0","-22.82221031188965","-47.06562805175781","616.5","-84","14","31167","1777689697829"
"1424","2026-05-01 23:42:37","21.44","60","947.98","3700","0","-22.822193145751953","-47.06566619873047","614.2","-84","13.800000190734863","31168","1777689757829"
"1425","2026-05-01 23:43:37","21.43","60","947.98","3720","0","-22.822208404541016","-47.06564712524414","608.7","-84","13.300000190734863","31169","1777689817855"
"1426","2026-05-01 23:44:37","21.42","60.5","947.94","3680","0","-22.82219886779785","-47.0656852722168","605.7","-84","14","31170","1777689877837"
"1427","2026-05-01 23:45:37","21.4","60","947.98","3700","0","-22.822214126586914","-47.06571578979492","601.7","-84","13.800000190734863","31171","1777689937836"
"1428","2026-05-01 23:46:37","21.4","60.5","947.98","3720","0","-22.822219848632812","-47.06565856933594","609.7","-84","13.800000190734863","31172","1777689997824"
"1429","2026-05-01 23:47:37","21.38","60.5","947.96","3680","0","-22.82221794128418","-47.06568145751953","610","-84","13.800000190734863","31173","1777690057834"
"1430","2026-05-01 23:48:37","21.36","60.5","948","3700","0","-22.822246551513672","-47.06568908691406","607.2","-84","13.800000190734863","31174","1777690117846"
"1431","2026-05-01 23:49:37","21.34","60.5","947.94","3700","0","-22.822235107421875","-47.0656852722168","602","-84","13.800000190734863","31175","1777690177836"
"1432","2026-05-01 23:50:37","21.32","60.5","947.98","3700","0","-22.822214126586914","-47.06566619873047","605.7","-84","13.800000190734863","31176","1777690237848"
"1433","2026-05-01 23:51:37","21.3","60.5","947.96","3740","0","-22.82221221923828","-47.0656623840332","612.7","-84","13.5","31177","1777690297840"
"1434","2026-05-01 23:52:37","21.29","60.5","947.9200000000001","3680","0","-22.822229385375977","-47.06566619873047","611.5","-84","14","31178","1777690357827"
"1435","2026-05-01 23:53:37","21.28","60.5","947.9","3720","0","-22.822221755981445","-47.0656623840332","612.9","-84","14.300000190734863","31179","1777690417847"
"1436","2026-05-01 23:54:37","21.28","60.5","947.9","3700","0","-22.822208404541016","-47.06565856933594","613.7","-84","13.300000190734863","31180","1777690477838"
"1437","2026-05-01 23:55:37","21.27","60.5","947.9","3720","0","-22.822214126586914","-47.065670013427734","614","-84","14","31181","1777690537839"
"1438","2026-05-01 23:56:37","21.27","60.5","947.88","3700","0","-22.822214126586914","-47.0656623840332","613","-84","13.800000190734863","31182","1777690597843"
"1439","2026-05-01 23:57:37","21.27","60.5","947.88","3700","0","-22.822223663330078","-47.06565856933594","609.2","-84","13.800000190734863","31183","1777690657832"
"1440","2026-05-01 23:58:37","21.27","61","947.88","3700","0","-22.82221221923828","-47.06568908691406","612","-84","13.800000190734863","31184","1777690717857"
"1441","2026-05-01 23:59:37","21.26","60.5","947.9200000000001","3700","0","-22.822193145751953","-47.065696716308594","615.2","-84","13.300000190734863","31185","1777690777839"
