"Nº","Data e Hora (America/Sao_Paulo)","Temperatura (°C)","Umidade Relativa (%)","Pressão Atmosférica (hPa)","Tensão do Sistema (mV)","Luminosidade (lux)","Latitude (°)","Longitude (°)","Altitude (m)","RSSI (dBm)","SNR (dB)","Frame Counter","Timestamp Aquisição (ms)"
"1","2026-04-19 00:00:05","25.43","59.5","941.1800000000001","3880","","","","","-103","7.800000190734863","20936","1776567605650"
"2","2026-04-19 00:00:15","25.43","59","941.1800000000001","3880","","","","","-103","7.300000190734863","20937","1776567615645"
"3","2026-04-19 00:00:25","25.43","59.5","941.1800000000001","3880","","","","","-103","7.5","20938","1776567625650"
"4","2026-04-19 00:00:35","25.44","59","941.1800000000001","3880","","","","","-104","6.5","20939","1776567635635"
"5","2026-04-19 00:00:45","25.44","60","941.14","3880","","","","","-103","7.5","20940","1776567645646"
"6","2026-04-19 00:00:55","25.43","59","941.1800000000001","3880","","","","","-105","6","20941","1776567655640"
"7","2026-04-19 00:01:05","25.43","59","941.1800000000001","3880","","","","","-104","6","20942","1776567665637"
"8","2026-04-19 00:01:15","25.44","59","941.1800000000001","3880","","","","","-104","6.300000190734863","20943","1776567675640"
"9","2026-04-19 00:01:25","25.43","60","941.1800000000001","3880","","","","","-104","6.300000190734863","20944","1776567685637"
"10","2026-04-19 00:01:35","25.41","59.5","941.2","3880","","","","","-104","6.800000190734863","20945","1776567695614"
"11","2026-04-19 00:01:45","25.4","60","941.1800000000001","3880","","","","","-104","7.300000190734863","20946","1776567705652"
"12","2026-04-19 00:01:55","25.39","59.5","941.22","3880","","","","","-103","7.5","20947","1776567715619"
"13","2026-04-19 00:02:05","25.4","59","941.2","3880","","","","","-103","7.5","20948","1776567725649"
"14","2026-04-19 00:02:15","25.41","59.5","941.1800000000001","3880","","","","","-104","6.5","20949","1776567735615"
"15","2026-04-19 00:02:25","25.41","59.5","941.2","3880","","","","","-104","6.800000190734863","20950","1776567745638"
"16","2026-04-19 00:02:35","25.41","60","941.2","3880","","","","","-103","7.300000190734863","20951","1776567755649"
"17","2026-04-19 00:02:45","25.39","59","941.22","3880","","","","","-104","6.800000190734863","20952","1776567765644"
"18","2026-04-19 00:02:55","25.38","59.5","941.22","3880","","","","","-104","7","20953","1776567775606"
"19","2026-04-19 00:03:05","25.36","59","941.22","3880","","","","","-105","5.800000190734863","20954","1776567785621"
"20","2026-04-19 00:03:15","25.36","59","941.22","3880","","","","","-104","6","20955","1776567795644"
"21","2026-04-19 00:03:25","25.35","59.5","941.2","3880","","","","","-103","6.800000190734863","20956","1776567805635"
"22","2026-04-19 00:03:35","25.35","60","941.2","3880","","","","","-103","7.5","20957","1776567815648"
"23","2026-04-19 00:03:45","25.35","59","941.2","3880","","","","","-103","7.300000190734863","20958","1776567825644"
"24","2026-04-19 00:03:55","25.34","60","941.2","3880","","","","","-103","7.5","20959","1776567835637"
"25","2026-04-19 00:04:05","25.35","59","941.22","3880","","","","","-103","7.5","20960","1776567845643"
"26","2026-04-19 00:04:15","25.33","59.5","941.22","3880","","","","","-103","6.5","20961","1776567855645"
"27","2026-04-19 00:04:25","25.34","59","941.22","3880","","","","","-103","8","20962","1776567865607"
"28","2026-04-19 00:04:35","25.35","60","941.22","3880","","","","","-103","7.300000190734863","20963","1776567875678"
"29","2026-04-19 00:04:45","25.35","59.5","941.24","3880","","","","","-103","6.800000190734863","20964","1776567885647"
"30","2026-04-19 00:04:55","25.36","59","941.24","3880","","","","","-103","7.800000190734863","20965","1776567895644"
"31","2026-04-19 00:05:05","25.36","59","941.24","3880","","","","","-103","7.800000190734863","20966","1776567905615"
"32","2026-04-19 00:05:15","25.37","59.5","941.28","3880","","","","","-102","6.800000190734863","20967","1776567915642"
"33","2026-04-19 00:05:25","25.38","59.5","941.24","3880","","","","","-102","7.800000190734863","20968","1776567925644"
"34","2026-04-19 00:05:35","25.37","58.5","941.28","3880","","","","","-103","8","20969","1776567935637"
"35","2026-04-19 00:05:45","25.36","60","941.26","3880","","","","","-102","8","20970","1776567945680"
"36","2026-04-19 00:05:55","25.37","59.5","941.26","3880","","","","","-103","7.300000190734863","20971","1776567955643"
"37","2026-04-19 00:06:05","25.36","59.5","941.28","3880","","","","","-103","7.800000190734863","20972","1776567965644"
"38","2026-04-19 00:06:15","25.35","59","941.3000000000001","3880","","","","","-102","7.5","20973","1776567975648"
"39","2026-04-19 00:06:25","25.36","59.5","941.3000000000001","3880","","","","","-103","7.800000190734863","20974","1776567985644"
"40","2026-04-19 00:06:35","25.36","59","941.28","3880","","","","","-104","6.300000190734863","20975","1776567995639"
"41","2026-04-19 00:06:45","25.35","59.5","941.3000000000001","3880","","","","","-104","7.300000190734863","20976","1776568005667"
"42","2026-04-19 00:06:55","25.34","59.5","941.28","3880","","","","","-103","7.300000190734863","20977","1776568015641"
"43","2026-04-19 00:07:05","25.36","59.5","941.3000000000001","3880","","","","","-104","7","20978","1776568025636"
"44","2026-04-19 00:07:15","25.36","59.5","941.32","3880","","","","","-104","6.5","20979","1776568035642"
"45","2026-04-19 00:07:25","25.37","59.5","941.3000000000001","3880","","","","","-103","7.300000190734863","20980","1776568045614"
"46","2026-04-19 00:07:35","25.35","59.5","941.34","3880","","","","","-104","6.300000190734863","20981","1776568055646"
"47","2026-04-19 00:07:45","25.36","59.5","941.32","3880","","","","","-104","6.5","20982","1776568065654"
"48","2026-04-19 00:07:55","25.35","59.5","941.32","3880","","","","","-104","6.5","20983","1776568075637"
"49","2026-04-19 00:08:05","25.34","59.5","941.32","3880","","","","","-103","7.5","20984","1776568085644"
"50","2026-04-19 00:08:15","25.33","59","941.3000000000001","3880","","","","","-104","6.5","20985","1776568095621"
"51","2026-04-19 00:08:25","25.33","59.5","941.32","3880","","","","","-104","7.300000190734863","20986","1776568105630"
"52","2026-04-19 00:08:35","25.33","60","941.34","3880","","","","","-103","7.5","20987","1776568115644"
"53","2026-04-19 00:08:45","25.33","59.5","941.32","3880","","","","","-103","7.300000190734863","20988","1776568125654"
"54","2026-04-19 00:08:55","25.35","60.5","941.38","3880","","","","","-103","7.800000190734863","20989","1776568135643"
"55","2026-04-19 00:09:05","25.34","60","941.38","3880","","","","","-103","7.300000190734863","20990","1776568145650"
"56","2026-04-19 00:09:15","25.34","59","941.36","3880","","","","","-103","7.300000190734863","20991","1776568155649"
"57","2026-04-19 00:09:25","25.33","59.5","941.36","3880","","","","","-102","7.800000190734863","20992","1776568165647"
"58","2026-04-19 00:09:35","25.33","59.5","941.34","3880","","","","","-103","7.300000190734863","20993","1776568175651"
"59","2026-04-19 00:09:45","25.33","59.5","941.34","3880","","","","","-103","7","20994","1776568185650"
"60","2026-04-19 00:09:55","25.3","60","941.36","3880","","","","","-102","8","20995","1776568195648"
"61","2026-04-19 00:10:05","25.28","59","941.38","3880","","","","","-102","8","20996","1776568205640"
"62","2026-04-19 00:10:15","25.26","56.5","941.36","3880","","","","","-104","6.800000190734863","20997","1776568215640"
"63","2026-04-19 00:10:25","25.26","60.5","941.36","3880","","","","","-103","7.5","20998","1776568225645"
"64","2026-04-19 00:10:35","25.26","58.5","941.36","3880","","","","","-103","6.800000190734863","20999","1776568235623"
"65","2026-04-19 00:10:45","25.26","59","941.36","3880","","","","","-104","6.800000190734863","21000","1776568245637"
"66","2026-04-19 00:10:55","25.25","60","941.36","3880","","","","","-104","6.5","21001","1776568255640"
"67","2026-04-19 00:11:05","25.24","59.5","941.36","3880","","","","","-104","6.300000190734863","21002","1776568265640"
"68","2026-04-19 00:11:15","25.25","59.5","941.34","3880","","","","","-104","5.5","21003","1776568275613"
"69","2026-04-19 00:11:25","25.25","59.5","941.34","3880","","","","","-104","6.5","21004","1776568285642"
"70","2026-04-19 00:11:35","25.24","59.5","941.34","3880","","","","","-103","7.5","21005","1776568295616"
"71","2026-04-19 00:11:45","25.24","59.5","941.32","3880","","","","","-103","7.300000190734863","21006","1776568305645"
"72","2026-04-19 00:11:55","25.25","59.5","941.38","3880","","","","","-104","7","21007","1776568315637"
"73","2026-04-19 00:12:05","25.26","57.5","941.36","3880","","","","","-103","7.300000190734863","21008","1776568325606"
"74","2026-04-19 00:12:15","25.27","60","941.34","3880","","","","","-104","6.800000190734863","21009","1776568335636"
"75","2026-04-19 00:12:25","25.26","62","941.38","3880","","","","","-104","7","21010","1776568345645"
"76","2026-04-19 00:12:35","25.26","59","941.36","3880","","","","","-104","6.800000190734863","21011","1776568355604"
"77","2026-04-19 00:12:45","25.25","59.5","941.36","3880","","","","","-104","6.5","21012","1776568365636"
"78","2026-04-19 00:12:55","25.24","60","941.36","3880","","","","","-103","7.300000190734863","21013","1776568375637"
"79","2026-04-19 00:13:05","25.24","60","941.34","3960","","","","","-103","6.800000190734863","21014","1776568385644"
"80","2026-04-19 00:13:15","25.23","59.5","941.36","3960","","","","","-103","7.5","21015","1776568395615"
"81","2026-04-19 00:13:25","25.23","60.5","941.34","3960","","","","","-104","6.5","21016","1776568405614"
"82","2026-04-19 00:13:35","25.24","61.5","941.34","3960","","","","","-103","6.800000190734863","21017","1776568415642"
"83","2026-04-19 00:13:45","25.25","59.5","941.34","3960","","","","","-104","7.5","21018","1776568425639"
"84","2026-04-19 00:13:55","25.25","60","941.34","3960","","","","","-104","6.5","21019","1776568435645"
"85","2026-04-19 00:14:05","25.25","60","941.34","3960","","","","","-103","7.5","21020","1776568445650"
"86","2026-04-19 00:14:15","25.26","60","941.34","3960","","","","","-103","6.800000190734863","21021","1776568455643"
"87","2026-04-19 00:14:25","25.28","59.5","941.34","3960","","","","","-104","6.300000190734863","21022","1776568465637"
"88","2026-04-19 00:14:35","25.27","59.5","941.34","3960","","","","","-103","6.5","21023","1776568475636"
"89","2026-04-19 00:14:45","25.29","60","941.34","3960","","","","","-103","7.800000190734863","21024","1776568485656"
"90","2026-04-19 00:14:55","25.29","60","941.32","3960","","","","","-103","7.5","21025","1776568495634"
"91","2026-04-19 00:15:05","25.33","60","941.34","3960","","","","","-103","7.5","21026","1776568505615"
"92","2026-04-19 00:15:15","25.35","59.5","941.36","3960","","","","","-103","7.5","21027","1776568515665"
"93","2026-04-19 00:15:25","25.38","59.5","941.36","3960","","","","","-103","7","21028","1776568525643"
"94","2026-04-19 00:15:35","25.39","59","941.34","3960","","","","","-103","7.5","21029","1776568535606"
"95","2026-04-19 00:15:45","25.4","59","941.36","3960","","","","","-103","7.300000190734863","21030","1776568545652"
"96","2026-04-19 00:15:55","25.39","59","941.36","3960","","","","","-103","7.300000190734863","21031","1776568555639"
"97","2026-04-19 00:16:05","25.37","59.5","941.34","3960","","","","","-103","7.300000190734863","21032","1776568565645"
"98","2026-04-19 00:16:15","25.38","59","941.34","3960","","","","","-103","7.5","21033","1776568575635"
"99","2026-04-19 00:16:25","25.41","59.5","941.36","3960","","","","","-104","6.300000190734863","21034","1776568585642"
"100","2026-04-19 00:16:35","25.42","59.5","941.34","3960","","","","","-104","6","21035","1776568595640"
"101","2026-04-19 00:16:45","25.42","59.5","941.34","3960","","","","","-104","6.300000190734863","21036","1776568605641"
"102","2026-04-19 00:16:55","25.43","59","941.36","3960","","","","","-104","6.5","21037","1776568615642"
"103","2026-04-19 00:17:05","25.44","59.5","941.34","3960","","","","","-103","7.800000190734863","21038","1776568625640"
"104","2026-04-19 00:17:15","25.44","59.5","941.34","3960","","","","","-103","7.5","21039","1776568635645"
"105","2026-04-19 00:17:25","25.42","58.5","941.34","3960","","","","","-103","7.300000190734863","21040","1776568645614"
"106","2026-04-19 00:17:35","25.41","59.5","941.36","3960","","","","","-103","7","21041","1776568655642"
"107","2026-04-19 00:17:45","25.41","58.5","941.32","3960","","","","","-103","7.5","21042","1776568665646"
"108","2026-04-19 00:17:55","25.41","59.5","941.36","3960","","","","","-103","7.800000190734863","21043","1776568675616"
"109","2026-04-19 00:18:05","25.41","59.5","941.32","3920","","","","","-103","8","21044","1776568685644"
"110","2026-04-19 00:18:15","25.43","59","941.34","3920","","","","","-103","7.800000190734863","21045","1776568695606"
"111","2026-04-19 00:18:25","25.43","59.5","941.34","3940","","","","","-103","7.5","21046","1776568705635"
"112","2026-04-19 00:18:35","25.41","59","941.34","3920","","","","","-103","7.800000190734863","21047","1776568715646"
"113","2026-04-19 00:18:45","25.39","59","941.34","3920","","","","","-103","7.300000190734863","21048","1776568725647"
"114","2026-04-19 00:18:55","25.38","59.5","941.36","3920","","","","","-103","7.800000190734863","21049","1776568735640"
"115","2026-04-19 00:19:05","25.38","59.5","941.3000000000001","3920","","","","","-103","7.300000190734863","21050","1776568745644"
"116","2026-04-19 00:19:15","25.38","59","941.34","3920","","","","","-103","7.300000190734863","21051","1776568755653"
"117","2026-04-19 00:19:25","25.39","60","941.34","3920","","","","","-103","7.5","21052","1776568765635"
"118","2026-04-19 00:19:35","25.39","59.5","941.32","3900","","","","","-104","7","21053","1776568775607"
"119","2026-04-19 00:19:45","25.39","59.5","941.36","3920","","","","","-104","6.800000190734863","21054","1776568785652"
"120","2026-04-19 00:19:55","25.38","59.5","941.32","3900","","","","","-103","7.800000190734863","21055","1776568795637"
"121","2026-04-19 00:20:05","25.39","59.5","941.34","3920","","","","","-103","7.300000190734863","21056","1776568805646"
"122","2026-04-19 00:20:15","25.41","59.5","941.34","3900","","","","","-103","6.300000190734863","21057","1776568815634"
"123","2026-04-19 00:20:25","25.42","59.5","941.34","3900","","","","","-103","7.300000190734863","21058","1776568825638"
"124","2026-04-19 00:20:35","25.43","59","941.32","3900","","","","","-102","7.800000190734863","21059","1776568835637"
"125","2026-04-19 00:20:45","25.44","59","941.34","3900","","","","","-102","7.5","21060","1776568845633"
"126","2026-04-19 00:20:55","25.44","59","941.32","3900","","","","","-102","8","21061","1776568855637"
"127","2026-04-19 00:21:05","25.42","59.5","941.28","3900","","","","","-102","7.5","21062","1776568865636"
"128","2026-04-19 00:21:15","25.43","60","941.32","3900","","","","","-102","7.800000190734863","21063","1776568875640"
"129","2026-04-19 00:21:25","25.41","60","941.32","3900","","","","","-103","7.300000190734863","21064","1776568885639"
"130","2026-04-19 00:21:35","25.4","59.5","941.3000000000001","3900","","","","","-103","7.5","21065","1776568895640"
"131","2026-04-19 00:21:45","25.38","59","941.32","3900","","","","","-102","7.800000190734863","21066","1776568905610"
"132","2026-04-19 00:21:55","25.36","59.5","941.3000000000001","3900","","","","","-102","7","21067","1776568915646"
"133","2026-04-19 00:22:05","25.36","59.5","941.3000000000001","3900","","","","","-103","7.300000190734863","21068","1776568925661"
"134","2026-04-19 00:22:15","25.36","59.5","941.28","3900","","","","","-103","7.800000190734863","21069","1776568935639"
"135","2026-04-19 00:22:25","25.37","59","941.26","3900","","","","","-102","7.800000190734863","21070","1776568945644"
"136","2026-04-19 00:22:35","25.39","59.5","941.28","3900","","","","","-103","7.5","21071","1776568955661"
"137","2026-04-19 00:22:45","25.41","59","941.28","3900","","","","","-103","7.800000190734863","21072","1776568965643"
"138","2026-04-19 00:22:55","25.42","59","941.3000000000001","3900","","","","","-102","6.5","21073","1776568975640"
"139","2026-04-19 00:23:05","25.42","59","941.32","3900","","","","","-103","7.800000190734863","21074","1776568985608"
"140","2026-04-19 00:23:15","25.42","59","941.3000000000001","3900","","","","","-103","7.800000190734863","21075","1776568995647"
"141","2026-04-19 00:23:25","25.41","59","941.3000000000001","3900","","","","","-103","7.800000190734863","21076","1776569005641"
"142","2026-04-19 00:23:35","25.42","59","941.28","3900","","","","","-103","6.800000190734863","21077","1776569015635"
"143","2026-04-19 00:23:45","25.42","59.5","941.3000000000001","3900","","","","","-103","7.800000190734863","21078","1776569025647"
"144","2026-04-19 00:23:55","25.43","59","941.26","3900","","","","","-103","7.800000190734863","21079","1776569035645"
"145","2026-04-19 00:24:05","25.44","60","941.28","3900","","","","","-103","7.800000190734863","21080","1776569045643"
"146","2026-04-19 00:24:15","25.43","59","941.3000000000001","3900","","","","","-103","7.800000190734863","21081","1776569055646"
"147","2026-04-19 00:24:25","25.42","60","941.3000000000001","3900","","","","","-103","7.5","21082","1776569065656"
"148","2026-04-19 00:24:35","25.44","59","941.28","3900","","","","","-103","8","21083","1776569075649"
"149","2026-04-19 00:24:45","25.43","59","941.28","3900","","","","","-103","7.5","21084","1776569085640"
"150","2026-04-19 00:24:55","25.41","59.5","941.3000000000001","3900","","","","","-103","7.5","21085","1776569095637"
"151","2026-04-19 00:25:05","25.42","59","941.3000000000001","3900","","","","","-102","7.800000190734863","21086","1776569105616"
"152","2026-04-19 00:25:15","25.43","59","941.32","3900","","","","","-102","8","21087","1776569115644"
"153","2026-04-19 00:25:25","25.44","59.5","941.34","3900","","","","","-103","7.5","21088","1776569125667"
"154","2026-04-19 00:25:35","25.44","59","941.28","3900","","","","","-102","8","21089","1776569135651"
"155","2026-04-19 00:25:45","25.46","59","941.3000000000001","3900","","","","","-103","7.5","21090","1776569145652"
"156","2026-04-19 00:25:55","25.47","59","941.34","3900","","","","","-103","7.300000190734863","21091","1776569155639"
"157","2026-04-19 00:26:05","25.49","59","941.32","3900","","","","","-103","7.800000190734863","21092","1776569165645"
"158","2026-04-19 00:26:15","25.49","59.5","941.32","3900","","","","","-102","7.300000190734863","21093","1776569175668"
"159","2026-04-19 00:26:25","25.49","59","941.34","3900","","","","","-102","7.800000190734863","21094","1776569185638"
"160","2026-04-19 00:26:35","25.5","59","941.3000000000001","3900","","","","","-102","7.5","21095","1776569195648"
"161","2026-04-19 00:26:45","25.51","58.5","941.32","3900","","","","","-102","8","21096","1776569205645"
"162","2026-04-19 00:26:55","25.51","59.5","941.3000000000001","3900","","","","","-102","7.5","21097","1776569215638"
"163","2026-04-19 00:27:05","25.5","59","941.3000000000001","3900","","","","","-103","8","21098","1776569225645"
"164","2026-04-19 00:27:15","25.51","59.5","941.34","3900","","","","","-103","8","21099","1776569235642"
"165","2026-04-19 00:27:25","25.5","59","941.32","3900","","","","","-102","7","21100","1776569245633"
"166","2026-04-19 00:27:35","25.5","59","941.3000000000001","3900","","","","","-102","7.800000190734863","21101","1776569255638"
"167","2026-04-19 00:27:45","25.51","59","941.28","3900","","","","","-102","7.800000190734863","21102","1776569265636"
"168","2026-04-19 00:27:55","25.51","59","941.34","3900","","","","","-102","8","21103","1776569275636"
"169","2026-04-19 00:28:05","25.52","59","941.32","3880","","","","","-102","8","21104","1776569285640"
"170","2026-04-19 00:28:15","25.51","59","941.3000000000001","3900","","","","","-102","7.5","21105","1776569295648"
"171","2026-04-19 00:28:25","25.52","59.5","941.34","3900","","","","","-102","6.800000190734863","21106","1776569305635"
"172","2026-04-19 00:28:35","25.52","59","941.3000000000001","3900","","","","","-103","7.800000190734863","21107","1776569315642"
"173","2026-04-19 00:28:45","25.53","58.5","941.3000000000001","3900","","","","","-103","7.800000190734863","21108","1776569325638"
"174","2026-04-19 00:28:55","25.52","59","941.3000000000001","3900","","","","","-103","8","21109","1776569335645"
"175","2026-04-19 00:29:05","25.51","59.5","941.26","3900","","","","","-102","8.5","21110","1776569345640"
"176","2026-04-19 00:29:15","25.5","58.5","941.3000000000001","3900","","","","","-101","8.300000190734863","21111","1776569355612"
"177","2026-04-19 00:29:25","25.5","59","941.28","3900","","","","","-102","7.800000190734863","21112","1776569365631"
"178","2026-04-19 00:29:35","25.49","59","941.26","3880","","","","","-102","8","21113","1776569375648"
"179","2026-04-19 00:29:45","25.49","58.5","941.28","3900","","","","","-103","8.300000190734863","21114","1776569385648"
"180","2026-04-19 00:29:55","25.49","59","941.3000000000001","3880","","","","","-102","8","21115","1776569395635"
"181","2026-04-19 00:30:05","25.48","60.5","941.3000000000001","3880","","","","","-102","8.300000190734863","21116","1776569405611"
"182","2026-04-19 00:30:15","25.47","59","941.28","3900","","","","","-102","8.5","21117","1776569415667"
"183","2026-04-19 00:30:25","25.47","59.5","941.28","3900","","","","","-102","8","21118","1776569425645"
"184","2026-04-19 00:30:35","25.48","59","941.28","3900","","","","","-103","7.5","21119","1776569435643"
"185","2026-04-19 00:30:45","25.49","59.5","941.28","3900","","","","","-103","7.800000190734863","21120","1776569445649"
"186","2026-04-19 00:30:55","25.47","59","941.26","3900","","","","","-103","7.800000190734863","21121","1776569455636"
"187","2026-04-19 00:31:05","25.46","59","941.28","3900","","","","","-104","7.300000190734863","21122","1776569465642"
"188","2026-04-19 00:31:15","25.47","59.5","941.26","3900","","","","","-103","7.300000190734863","21123","1776569475641"
"189","2026-04-19 00:31:25","25.48","59.5","941.3000000000001","3900","","","","","-103","6.800000190734863","21124","1776569485644"
"190","2026-04-19 00:31:35","25.49","59","941.3000000000001","3900","","","","","-103","7.800000190734863","21125","1776569495654"
"191","2026-04-19 00:31:45","25.49","59.5","941.26","3880","","","","","-102","8.300000190734863","21126","1776569505652"
"192","2026-04-19 00:31:55","25.49","58.5","941.28","3880","","","","","-102","8","21127","1776569515641"
"193","2026-04-19 00:32:05","25.48","59","941.28","3900","","","","","-103","7.800000190734863","21128","1776569525645"
"194","2026-04-19 00:32:15","25.47","58.5","941.28","3900","","","","","-103","7.5","21129","1776569535642"
"195","2026-04-19 00:32:25","25.46","58.5","941.26","3900","","","","","-102","8","21130","1776569545636"
"196","2026-04-19 00:32:35","25.45","59","941.26","3880","","","","","-102","8.300000190734863","21131","1776569555641"
"197","2026-04-19 00:32:45","25.44","59","941.28","3880","","","","","-102","8.300000190734863","21132","1776569565638"
"198","2026-04-19 00:32:55","25.44","59","941.26","3880","","","","","-103","7.5","21133","1776569575637"
"199","2026-04-19 00:33:05","25.46","59","941.28","3880","","","","","-103","7.300000190734863","21134","1776569585648"
"200","2026-04-19 00:33:15","25.47","59","941.26","3880","","","","","-103","7.5","21135","1776569595643"
"201","2026-04-19 00:33:25","25.46","59","941.28","3900","","","","","-103","7.5","21136","1776569605642"
"202","2026-04-19 00:33:35","25.46","58.5","941.28","3880","","","","","-102","7.300000190734863","21137","1776569615639"
"203","2026-04-19 00:33:45","25.44","59","941.26","3900","","","","","-102","7.800000190734863","21138","1776569625642"
"204","2026-04-19 00:33:55","25.45","59","941.28","3880","","","","","-103","7.5","21139","1776569635640"
"205","2026-04-19 00:34:05","25.45","59.5","941.28","3900","","","","","-103","7","21140","1776569645656"
"206","2026-04-19 00:34:15","25.46","59","941.26","3880","","","","","-102","7.800000190734863","21141","1776569655641"
"207","2026-04-19 00:34:25","25.46","59","941.28","3880","","","","","-102","7.5","21142","1776569665641"
"208","2026-04-19 00:34:35","25.46","58.5","941.26","3880","","","","","-103","7.5","21143","1776569675641"
"209","2026-04-19 00:34:45","25.44","59","941.26","3900","","","","","-102","8.300000190734863","21144","1776569685642"
"210","2026-04-19 00:34:55","25.44","59","941.28","3880","","","","","-104","7","21145","1776569695634"
"211","2026-04-19 00:35:05","25.43","59","941.28","3880","","","","","-103","7.5","21146","1776569705643"
"212","2026-04-19 00:35:15","25.41","59","941.3000000000001","3880","","","","","-103","7","21147","1776569715609"
"213","2026-04-19 00:35:25","25.39","59","941.24","3900","","","","","-102","7.800000190734863","21148","1776569725632"
"214","2026-04-19 00:35:35","25.39","58","941.28","3880","","","","","-104","6.300000190734863","21149","1776569735637"
"215","2026-04-19 00:35:45","25.37","59","941.28","3880","","","","","-104","6.300000190734863","21150","1776569745648"
"216","2026-04-19 00:35:55","25.36","59.5","941.3000000000001","3880","","","","","-104","7","21151","1776569755640"
"217","2026-04-19 00:36:05","25.37","59.5","941.26","3880","","","","","-104","6.5","21152","1776569765637"
"218","2026-04-19 00:36:15","25.37","59","941.28","3880","","","","","-102","8","21153","1776569775670"
"219","2026-04-19 00:36:25","25.39","59","941.3000000000001","3880","","","","","-103","7.5","21154","1776569785634"
"220","2026-04-19 00:36:35","25.41","59.5","941.32","3880","","","","","-103","7.5","21155","1776569795688"
"221","2026-04-19 00:36:45","25.42","59","941.32","3880","","","","","-103","7","21156","1776569805639"
"222","2026-04-19 00:36:55","25.45","59","941.3000000000001","3880","","","","","-103","7.800000190734863","21157","1776569815636"
"223","2026-04-19 00:37:05","25.45","59","941.28","3880","","","","","-104","7.300000190734863","21158","1776569825643"
"224","2026-04-19 00:37:15","25.47","58.5","941.32","3880","","","","","-104","5.800000190734863","21159","1776569835642"
"225","2026-04-19 00:37:25","25.46","59","941.32","3880","","","","","-104","6.5","21160","1776569845637"
"226","2026-04-19 00:37:35","25.47","59","941.3000000000001","3880","","","","","-102","8","21161","1776569855641"
"227","2026-04-19 00:37:45","25.47","59","941.34","3880","","","","","-102","8","21162","1776569865643"
"228","2026-04-19 00:37:55","25.47","59","941.34","3880","","","","","-102","7.800000190734863","21163","1776569875640"
"229","2026-04-19 00:38:05","25.45","59","941.34","3880","","","","","-102","8.5","21164","1776569885639"
"230","2026-04-19 00:38:15","25.45","60","941.32","3880","","","","","-102","8.800000190734863","21165","1776569895630"
"231","2026-04-19 00:38:25","25.44","59.5","941.34","3880","","","","","-102","8.300000190734863","21166","1776569905643"
"232","2026-04-19 00:38:35","25.42","59.5","941.34","3880","","","","","-102","8.300000190734863","21167","1776569915640"
"233","2026-04-19 00:38:45","25.4","59","941.34","3880","","","","","-103","8","21168","1776569925640"
"234","2026-04-19 00:38:55","25.39","59","941.36","3880","","","","","-103","8","21169","1776569935644"
"235","2026-04-19 00:39:05","25.4","59.5","941.34","3880","","","","","-102","8","21170","1776569945640"
"236","2026-04-19 00:39:15","25.39","59.5","941.32","3880","","","","","-102","7.5","21171","1776569955643"
"237","2026-04-19 00:39:25","25.4","59.5","941.32","3880","","","","","-103","7.5","21172","1776569965638"
"238","2026-04-19 00:39:35","25.41","59","941.34","3880","","","","","-104","5.300000190734863","21173","1776569975637"
"239","2026-04-19 00:39:45","25.42","59.5","941.32","3880","","","","","-102","6.300000190734863","21174","1776569985639"
"240","2026-04-19 00:39:55","25.43","59","941.36","3880","","","","","-102","8.300000190734863","21175","1776569995634"
"241","2026-04-19 00:40:05","25.43","59.5","941.34","3880","","","","","-102","8","21176","1776570005633"
"242","2026-04-19 00:40:15","25.44","59.5","941.32","3880","","","","","-102","7","21177","1776570015637"
"243","2026-04-19 00:40:25","25.44","59","941.34","3880","","","","","-103","7.5","21178","1776570025638"
"244","2026-04-19 00:40:35","25.45","59","941.36","3880","","","","","-103","7.300000190734863","21179","1776570035639"
"245","2026-04-19 00:40:45","25.45","59.5","941.32","3880","","","","","-103","7.5","21180","1776570045650"
"246","2026-04-19 00:40:55","25.46","59.5","941.32","3880","","","","","-103","7.5","21181","1776570055636"
"247","2026-04-19 00:41:05","25.48","59","941.32","3880","","","","","-102","7.800000190734863","21182","1776570065661"
"248","2026-04-19 00:41:15","25.49","59.5","941.34","3880","","","","","-102","7.800000190734863","21183","1776570075634"
"249","2026-04-19 00:41:25","25.47","58.5","941.34","3880","","","","","-102","8","21184","1776570085678"
"250","2026-04-19 00:41:35","25.47","59.5","941.34","3880","","","","","-102","8","21185","1776570095633"
"251","2026-04-19 00:41:45","25.47","59.5","941.34","3880","","","","","-103","7.800000190734863","21186","1776570105638"
"252","2026-04-19 00:41:55","25.47","59","941.32","3880","","","","","-102","7.800000190734863","21187","1776570115636"
"253","2026-04-19 00:42:05","25.45","59","941.34","3880","","","","","-102","8","21188","1776570125634"
"254","2026-04-19 00:42:15","25.46","59","941.38","3880","","","","","-102","8","21189","1776570135623"
"255","2026-04-19 00:42:25","25.43","59","941.32","3880","","","","","-103","7.5","21190","1776570145637"
"256","2026-04-19 00:42:35","25.42","58.5","941.34","3880","","","","","-102","8","21191","1776570155618"
"257","2026-04-19 00:42:45","25.42","59","941.34","3880","","","","","-102","7.800000190734863","21192","1776570165672"
"258","2026-04-19 00:42:55","25.42","59","941.32","3880","","","","","-102","8","21193","1776570175636"
"259","2026-04-19 00:43:05","25.42","59","941.36","3880","","","","","-102","7.800000190734863","21194","1776570185665"
"260","2026-04-19 00:43:15","25.43","59","941.36","3880","","","","","-103","7.800000190734863","21195","1776570195614"
"261","2026-04-19 00:43:25","25.43","59","941.34","3880","","","","","-102","8","21196","1776570205630"
"262","2026-04-19 00:43:35","25.43","59","941.36","3880","","","","","-102","8","21197","1776570215641"
"263","2026-04-19 00:43:45","25.44","59","941.34","3880","","","","","-102","7.5","21198","1776570225670"
"264","2026-04-19 00:43:55","25.44","59","941.34","3880","","","","","-103","7.800000190734863","21199","1776570235601"
"265","2026-04-19 00:44:05","25.45","59","941.36","3880","","","","","-102","7.300000190734863","21200","1776570245636"
"266","2026-04-19 00:44:15","25.46","59.5","941.36","3880","","","","","-103","7.800000190734863","21201","1776570255641"
"267","2026-04-19 00:44:25","25.45","59","941.36","3880","","","","","-103","7.5","21202","1776570265637"
"268","2026-04-19 00:44:35","25.45","59","941.34","3880","","","","","-103","7.800000190734863","21203","1776570275646"
"269","2026-04-19 00:44:45","25.45","59.5","941.34","3880","","","","","-103","7.5","21204","1776570285654"
"270","2026-04-19 00:44:55","25.44","59.5","941.36","3880","","","","","-103","7.5","21205","1776570295639"
"271","2026-04-19 00:45:05","25.43","59.5","941.34","3880","","","","","-102","7.5","21206","1776570305639"
"272","2026-04-19 00:45:15","25.43","59","941.36","3880","","","","","-103","7.300000190734863","21207","1776570315648"
"273","2026-04-19 00:45:25","25.45","59","941.38","3880","","","","","-102","8.300000190734863","21208","1776570325636"
"274","2026-04-19 00:45:35","25.46","59","941.36","3880","","","","","-102","8","21209","1776570335611"
"275","2026-04-19 00:45:45","25.46","59","941.36","3880","","","","","-102","8","21210","1776570345645"
"276","2026-04-19 00:45:55","25.45","59","941.36","3880","","","","","-101","8.5","21211","1776570355637"
"277","2026-04-19 00:46:05","25.45","59","941.38","3880","","","","","-103","7.5","21212","1776570365638"
"278","2026-04-19 00:46:15","25.46","58.5","941.38","3880","","","","","-103","7.300000190734863","21213","1776570375638"
"279","2026-04-19 00:46:25","25.45","59","941.36","3880","","","","","-102","7.5","21214","1776570385632"
"280","2026-04-19 00:46:35","25.46","59","941.38","3880","","","","","-103","7.5","21215","1776570395649"
"281","2026-04-19 00:46:45","25.47","58.5","941.36","3880","","","","","-103","7.5","21216","1776570405642"
"282","2026-04-19 00:46:55","25.46","59","941.38","3880","","","","","-102","6.5","21217","1776570415640"
"283","2026-04-19 00:47:05","25.46","59","941.36","3880","","","","","-103","8","21218","1776570425638"
"284","2026-04-19 00:47:15","25.46","59.5","941.36","3880","","","","","-102","7.800000190734863","21219","1776570435641"
"285","2026-04-19 00:47:25","25.46","59.5","941.36","3880","","","","","-102","7.800000190734863","21220","1776570445632"
"286","2026-04-19 00:47:35","25.46","59.5","941.36","3880","","","","","-102","7.300000190734863","21221","1776570455643"
"287","2026-04-19 00:47:45","25.47","59","941.38","3880","","","","","-103","8","21222","1776570465641"
"288","2026-04-19 00:47:55","25.46","58.5","941.36","3880","","","","","-102","7","21223","1776570475634"
"289","2026-04-19 00:48:05","25.44","59","941.34","3880","","","","","-102","6.800000190734863","21224","1776570485655"
"290","2026-04-19 00:48:15","25.44","59","941.36","3880","","","","","-102","6","21225","1776570495634"
"291","2026-04-19 00:48:25","25.44","59","941.38","3880","","","","","-103","7.5","21226","1776570505633"
"292","2026-04-19 00:48:35","25.43","59","941.32","3880","","","","","-102","7","21227","1776570515654"
"293","2026-04-19 00:48:45","25.44","58.5","941.36","3880","","","","","-102","6.800000190734863","21228","1776570525639"
"294","2026-04-19 00:48:55","25.44","59.5","941.32","3880","","","","","-103","7.800000190734863","21229","1776570535612"
"295","2026-04-19 00:49:05","25.45","59","941.34","3880","","","","","-103","6.800000190734863","21230","1776570545622"
"296","2026-04-19 00:49:15","25.45","59","941.38","3880","","","","","-103","7.800000190734863","21231","1776570555639"
"297","2026-04-19 00:49:25","25.45","59","941.34","3880","","","","","-102","7.800000190734863","21232","1776570565630"
"298","2026-04-19 00:49:35","25.46","58.5","941.34","3880","","","","","-103","7.5","21233","1776570575612"
"299","2026-04-19 00:49:45","25.45","59","941.36","3880","","","","","-103","7.800000190734863","21234","1776570585638"
"300","2026-04-19 00:49:55","25.45","59.5","941.34","3880","","","","","-103","7.5","21235","1776570595638"
"301","2026-04-19 00:50:05","25.44","59","941.34","3880","","","","","-102","7.5","21236","1776570605645"
"302","2026-04-19 00:50:15","25.46","59.5","941.36","3880","","","","","-102","7.800000190734863","21237","1776570615643"
"303","2026-04-19 00:50:25","25.45","59","941.36","3880","","","","","-102","8.300000190734863","21238","1776570625631"
"304","2026-04-19 00:50:35","25.45","59","941.36","3880","","","","","-102","7.800000190734863","21239","1776570635643"
"305","2026-04-19 00:50:45","25.44","59","941.38","3880","","","","","-102","7.800000190734863","21240","1776570645645"
"306","2026-04-19 00:50:55","25.45","59","941.34","3880","","","","","-102","7.800000190734863","21241","1776570655643"
"307","2026-04-19 00:51:05","25.44","59","941.32","3880","","","","","-102","7.800000190734863","21242","1776570665643"
"308","2026-04-19 00:51:15","25.43","59.5","941.36","3880","","","","","-102","8","21243","1776570675637"
"309","2026-04-19 00:51:25","25.42","58.5","941.36","3880","","","","","-102","7.800000190734863","21244","1776570685637"
"310","2026-04-19 00:51:35","25.42","59.5","941.32","3880","","","","","-102","8","21245","1776570695649"
"311","2026-04-19 00:51:45","25.42","59","941.36","3880","","","","","-102","7.800000190734863","21246","1776570705649"
"312","2026-04-19 00:51:55","25.41","59","941.36","3880","","","","","-102","8","21247","1776570715640"
"313","2026-04-19 00:52:05","25.39","59","941.34","3880","","","","","-103","7.800000190734863","21248","1776570725643"
"314","2026-04-19 00:52:15","25.4","59.5","941.32","3880","","","","","-103","7.800000190734863","21249","1776570735631"
"315","2026-04-19 00:52:25","25.4","59","941.34","3880","","","","","-103","7.5","21250","1776570745636"
"316","2026-04-19 00:52:35","25.4","61","941.38","3880","","","","","-103","7.800000190734863","21251","1776570755631"
"317","2026-04-19 00:52:45","25.39","59","941.36","3880","","","","","-103","8","21252","1776570765644"
"318","2026-04-19 00:52:55","25.38","59","941.36","3880","","","","","-103","7.5","21253","1776570775630"
"319","2026-04-19 00:53:05","25.37","58.5","941.36","3860","","","","","-102","7.800000190734863","21254","1776570785649"
"320","2026-04-19 00:53:15","25.37","58","941.4","3880","","","","","-102","8","21255","1776570795640"
"321","2026-04-19 00:53:25","25.37","59.5","941.4200000000001","3880","","","","","-102","7.800000190734863","21256","1776570805634"
"322","2026-04-19 00:53:35","25.37","58.5","941.38","3880","","","","","-103","7.800000190734863","21257","1776570815666"
"323","2026-04-19 00:53:45","25.38","59.5","941.38","3880","","","","","-102","7.800000190734863","21258","1776570825607"
"324","2026-04-19 00:53:55","25.38","59","941.4","3880","","","","","-103","7.800000190734863","21259","1776570835637"
"325","2026-04-19 00:54:05","25.39","58.5","941.4","3880","","","","","-102","7.800000190734863","21260","1776570845640"
"326","2026-04-19 00:54:15","25.4","58.5","941.4","3880","","","","","-103","7.800000190734863","21261","1776570855644"
"327","2026-04-19 00:54:25","25.41","59","941.38","3880","","","","","-103","7.800000190734863","21262","1776570865638"
"328","2026-04-19 00:54:35","25.39","59","941.38","3880","","","","","-102","7.800000190734863","21263","1776570875646"
"329","2026-04-19 00:54:45","25.38","58.5","941.38","3880","","","","","-103","8","21264","1776570885639"
"330","2026-04-19 00:54:55","25.41","59","941.4","3880","","","","","-102","7.800000190734863","21265","1776570895634"
"331","2026-04-19 00:55:05","25.41","59.5","941.4","3880","","","","","-103","7.800000190734863","21266","1776570905618"
"332","2026-04-19 00:55:15","25.4","60","941.38","3960","","","","","-103","7.800000190734863","21267","1776570915646"
"333","2026-04-19 00:55:25","25.38","59.5","941.4200000000001","3960","","","","","-102","7.5","21268","1776570925634"
"334","2026-04-19 00:55:35","25.37","59","941.38","3960","","","","","-103","8","21269","1776570935644"
"335","2026-04-19 00:55:45","25.36","59","941.4","3960","","","","","-103","7.800000190734863","21270","1776570945644"
"336","2026-04-19 00:55:55","25.35","59","941.36","3960","","","","","-103","7.800000190734863","21271","1776570955640"
"337","2026-04-19 00:56:05","25.34","60","941.38","3960","","","","","-103","7.5","21272","1776570965604"
"338","2026-04-19 00:56:15","25.33","59","941.4","3960","","","","","-103","7.5","21273","1776570975611"
"339","2026-04-19 00:56:25","25.32","62","941.38","3960","","","","","-103","7.300000190734863","21274","1776570985631"
"340","2026-04-19 00:56:35","25.31","60","941.4","3960","","","","","-103","7.5","21275","1776570995644"
"341","2026-04-19 00:56:45","25.3","59.5","941.38","3960","","","","","-103","7.5","21276","1776571005639"
"342","2026-04-19 00:56:55","25.29","59.5","941.38","3960","","","","","-103","7.5","21277","1776571015629"
"343","2026-04-19 00:57:05","25.29","58.5","941.34","3960","","","","","-103","7.300000190734863","21278","1776571025643"
"344","2026-04-19 00:57:15","25.28","60","941.36","3960","","","","","-103","7.5","21279","1776571035642"
"345","2026-04-19 00:57:25","25.3","60","941.36","3960","","","","","-103","7.300000190734863","21280","1776571045637"
"346","2026-04-19 00:57:35","25.31","60","941.38","3960","","","","","-103","7.5","21281","1776571055626"
"347","2026-04-19 00:57:45","25.31","59.5","941.36","3960","","","","","-103","7.5","21282","1776571065645"
"348","2026-04-19 00:57:55","25.3","59.5","941.4","3960","","","","","-103","7.300000190734863","21283","1776571075640"
"349","2026-04-19 00:58:05","25.3","59.5","941.38","3960","","","","","-104","7.300000190734863","21284","1776571085632"
"350","2026-04-19 00:58:15","25.3","59","941.34","3960","","","","","-103","7.5","21285","1776571095648"
"351","2026-04-19 00:58:25","25.32","59","941.38","3960","","","","","-104","7.5","21286","1776571105631"
"352","2026-04-19 00:58:35","25.32","59","941.36","3960","","","","","-104","7","21287","1776571115643"
"353","2026-04-19 00:58:45","25.31","59","941.36","3960","","","","","-103","7.300000190734863","21288","1776571125637"
"354","2026-04-19 00:58:55","25.31","59.5","941.36","3960","","","","","-103","7.300000190734863","21289","1776571135629"
"355","2026-04-19 00:59:05","25.31","59","941.36","3960","","","","","-104","7.300000190734863","21290","1776571145634"
"356","2026-04-19 00:59:15","25.3","59","941.38","3960","","","","","-103","7","21291","1776571155601"
"357","2026-04-19 00:59:25","25.31","57","941.36","3960","","","","","-104","7","21292","1776571165636"
"358","2026-04-19 00:59:35","25.31","58.5","941.38","3960","","","","","-103","7.300000190734863","21293","1776571175668"
"359","2026-04-19 00:59:45","25.29","59","941.4","3960","","","","","-103","7","21294","1776571185609"
"360","2026-04-19 00:59:55","25.29","59.5","941.38","3960","","","","","-103","7.300000190734863","21295","1776571195635"
"361","2026-04-19 01:00:05","25.3","60","941.4","3940","","","","","-104","7.300000190734863","21296","1776571205641"
"362","2026-04-19 01:00:15","25.29","59.5","941.4","3920","","","","","-103","7.300000190734863","21297","1776571215636"
"363","2026-04-19 01:00:25","25.29","59","941.38","3920","","","","","-103","7.5","21298","1776571225635"
"364","2026-04-19 01:00:35","25.3","60","941.4","3920","","","","","-103","7.5","21299","1776571235659"
"365","2026-04-19 01:00:45","25.32","60.5","941.4","3920","","","","","-103","7.800000190734863","21300","1776571245611"
"366","2026-04-19 01:00:55","25.32","59.5","941.4","3920","","","","","-103","7.800000190734863","21301","1776571255629"
"367","2026-04-19 01:01:05","25.32","60","941.4","3920","","","","","-103","7.5","21302","1776571265639"
"368","2026-04-19 01:01:15","25.33","59.5","941.4200000000001","3920","","","","","-103","7.5","21303","1776571275635"
"369","2026-04-19 01:01:25","25.33","59.5","941.4200000000001","3920","","","","","-103","7.5","21304","1776571285638"
"370","2026-04-19 01:01:35","25.34","59","941.4200000000001","3920","","","","","-103","7.300000190734863","21305","1776571295641"
"371","2026-04-19 01:01:45","25.33","59","941.4200000000001","3920","","","","","-103","7.5","21306","1776571305632"
"372","2026-04-19 01:01:55","25.33","59","941.4200000000001","3920","","","","","-104","6.800000190734863","21307","1776571315636"
"373","2026-04-19 01:02:05","25.34","59","941.4200000000001","3900","","","","","-103","7.300000190734863","21308","1776571325629"
"374","2026-04-19 01:02:15","25.34","59.5","941.46","3920","","","","","-103","7","21309","1776571335637"
"375","2026-04-19 01:02:25","25.35","59","941.4200000000001","3920","","","","","-104","7.300000190734863","21310","1776571345675"
"376","2026-04-19 01:02:35","25.34","59.5","941.4200000000001","3900","","","","","-103","6.300000190734863","21311","1776571355628"
"377","2026-04-19 01:02:45","25.35","59.5","941.44","3900","","","","","-103","7.300000190734863","21312","1776571365641"
"378","2026-04-19 01:02:55","25.35","59.5","941.44","3900","","","","","-103","7.300000190734863","21313","1776571375636"
"379","2026-04-19 01:03:05","25.35","59.5","941.44","3900","","","","","-103","7.5","21314","1776571385629"
"380","2026-04-19 01:03:15","25.37","59","941.46","3900","","","","","-103","7.5","21315","1776571395638"
"381","2026-04-19 01:03:25","25.37","59.5","941.44","3900","","","","","-103","7.300000190734863","21316","1776571405630"
"382","2026-04-19 01:03:35","25.38","59.5","941.44","3900","","","","","-103","7.300000190734863","21317","1776571415632"
"383","2026-04-19 01:03:45","25.37","59.5","941.44","3900","","","","","-104","6.5","21318","1776571425634"
"384","2026-04-19 01:03:55","25.37","59.5","941.4200000000001","3900","","","","","-104","7","21319","1776571435633"
"385","2026-04-19 01:04:05","25.37","58.5","941.46","3900","","","","","-104","7","21320","1776571445641"
"386","2026-04-19 01:04:15","25.36","59.5","941.44","3900","","","","","-104","6.5","21321","1776571455602"
"387","2026-04-19 01:04:25","25.35","59","941.46","3900","","","","","-104","7","21322","1776571465629"
"388","2026-04-19 01:04:35","25.34","59","941.4200000000001","3900","","","","","-104","6.5","21323","1776571475658"
"389","2026-04-19 01:04:45","25.36","59.5","941.44","3900","","","","","-103","7.800000190734863","21324","1776571485630"
"390","2026-04-19 01:04:55","25.35","59","941.46","3900","","","","","-103","7.300000190734863","21325","1776571495631"
"391","2026-04-19 01:05:05","25.34","59.5","941.46","3900","","","","","-103","7.800000190734863","21326","1776571505641"
"392","2026-04-19 01:05:15","25.32","59","941.46","3900","","","","","-104","6.800000190734863","21327","1776571515639"
"393","2026-04-19 01:05:25","25.31","57","941.5","3900","","","","","-102","7.800000190734863","21328","1776571525633"
"394","2026-04-19 01:05:35","25.31","59.5","941.46","3900","","","","","-103","7.300000190734863","21329","1776571535643"
"395","2026-04-19 01:05:45","25.32","59.5","941.5","3900","","","","","-103","7.300000190734863","21330","1776571545636"
"396","2026-04-19 01:05:55","25.31","59.5","941.48","3900","","","","","-103","7.5","21331","1776571555634"
"397","2026-04-19 01:06:05","25.31","59.5","941.5","3900","","","","","-103","7.5","21332","1776571565645"
"398","2026-04-19 01:06:15","25.3","59","941.5","3900","","","","","-102","7.800000190734863","21333","1776571575634"
"399","2026-04-19 01:06:25","25.28","58.5","941.5","3900","","","","","-102","7.800000190734863","21334","1776571585632"
"400","2026-04-19 01:06:35","25.27","60","941.5","3900","","","","","-103","8","21335","1776571595672"
"401","2026-04-19 01:06:45","25.27","59.5","941.52","3900","","","","","-103","7.5","21336","1776571605637"
"402","2026-04-19 01:06:55","25.27","59.5","941.52","3900","","","","","-103","7.5","21337","1776571615639"
"403","2026-04-19 01:07:05","25.25","60.5","941.5","3900","","","","","-103","7.5","21338","1776571625630"
"404","2026-04-19 01:07:15","25.25","59.5","941.52","3900","","","","","-103","7.5","21339","1776571635631"
"405","2026-04-19 01:07:25","25.24","59","941.52","3900","","","","","-103","7.800000190734863","21340","1776571645635"
"406","2026-04-19 01:07:35","25.23","59","941.52","3900","","","","","-103","7.5","21341","1776571655630"
"407","2026-04-19 01:07:45","25.24","59.5","941.54","3900","","","","","-103","8","21342","1776571665627"
"408","2026-04-19 01:07:55","25.24","58.5","941.5","3900","","","","","-103","7.800000190734863","21343","1776571675635"
"409","2026-04-19 01:08:05","25.24","59.5","941.52","3900","","","","","-103","7.800000190734863","21344","1776571685638"
"410","2026-04-19 01:08:15","25.25","59","941.52","3900","","","","","-103","7.5","21345","1776571695640"
"411","2026-04-19 01:08:25","25.23","60","941.54","3900","","","","","-103","7.5","21346","1776571705600"
"412","2026-04-19 01:08:35","25.24","60","941.54","3900","","","","","-103","7.800000190734863","21347","1776571715606"
"413","2026-04-19 01:08:45","25.23","59","941.54","3900","","","","","-102","7.300000190734863","21348","1776571725672"
"414","2026-04-19 01:08:55","25.21","59.5","941.52","3900","","","","","-103","7.800000190734863","21349","1776571735637"
"415","2026-04-19 01:09:05","25.2","59","941.54","3900","","","","","-102","7.5","21350","1776571745638"
"416","2026-04-19 01:09:15","25.19","59","941.52","3900","","","","","-103","7.5","21351","1776571755659"
"417","2026-04-19 01:09:25","25.19","59.5","941.54","3900","","","","","-103","7.800000190734863","21352","1776571765627"
"418","2026-04-19 01:09:35","25.18","59","941.54","3900","","","","","-103","7.300000190734863","21353","1776571775645"
"419","2026-04-19 01:09:45","25.18","58.5","941.5600000000001","3900","","","","","-102","7.300000190734863","21354","1776571785667"
"420","2026-04-19 01:09:55","25.18","58.5","941.54","3900","","","","","-102","7","21355","1776571795636"
"421","2026-04-19 01:10:05","25.19","60","941.54","3900","","","","","-102","7.5","21356","1776571805638"
"422","2026-04-19 01:10:15","25.2","60.5","941.54","3900","","","","","-103","7","21357","1776571815666"
"423","2026-04-19 01:10:25","25.21","59.5","941.54","3900","","","","","-103","7.5","21358","1776571825628"
"424","2026-04-19 01:10:35","25.22","59","941.52","3900","","","","","-103","7.5","21359","1776571835639"
"425","2026-04-19 01:10:45","25.22","60.5","941.54","3900","","","","","-103","7.5","21360","1776571845605"
"426","2026-04-19 01:10:55","25.22","59","941.52","3880","","","","","-102","7.800000190734863","21361","1776571855635"
"427","2026-04-19 01:11:05","25.23","60.5","941.52","3900","","","","","-103","7.5","21362","1776571865644"
"428","2026-04-19 01:11:15","25.25","59.5","941.54","3900","","","","","-104","7.300000190734863","21363","1776571875606"
"429","2026-04-19 01:11:25","25.25","60.5","941.54","3900","","","","","-103","7.800000190734863","21364","1776571885636"
"430","2026-04-19 01:11:35","25.25","59.5","941.54","3900","","","","","-104","7","21365","1776571895634"
"431","2026-04-19 01:11:45","25.25","60","941.5600000000001","3900","","","","","-102","7.800000190734863","21366","1776571905598"
"432","2026-04-19 01:11:55","25.24","60","941.5600000000001","3900","","","","","-103","7.5","21367","1776571915633"
"433","2026-04-19 01:12:05","25.25","60","941.54","3900","","","","","-103","7.5","21368","1776571925621"
"434","2026-04-19 01:12:15","25.26","59.5","941.54","3900","","","","","-103","7.800000190734863","21369","1776571935607"
"435","2026-04-19 01:12:25","25.26","59.5","941.54","3880","","","","","-103","7.300000190734863","21370","1776571945638"
"436","2026-04-19 01:12:35","25.27","59","941.58","3900","","","","","-103","7.800000190734863","21371","1776571955638"
"437","2026-04-19 01:12:45","25.28","59","941.5600000000001","3900","","","","","-102","7.800000190734863","21372","1776571965628"
"438","2026-04-19 01:12:55","25.27","59.5","941.58","3900","","","","","-103","7.800000190734863","21373","1776571975611"
"439","2026-04-19 01:13:05","25.26","60","941.6","3880","","","","","-103","7.300000190734863","21374","1776571985635"
"440","2026-04-19 01:13:15","25.26","59.5","941.58","3880","","","","","-103","7.5","21375","1776571995639"
"441","2026-04-19 01:13:25","25.24","60","941.5600000000001","3880","","","","","-102","8","21376","1776572005629"
"442","2026-04-19 01:13:35","25.25","59","941.5600000000001","3900","","","","","-103","8","21377","1776572015665"
"443","2026-04-19 01:13:45","25.25","59.5","941.5600000000001","3880","","","","","-103","7.800000190734863","21378","1776572025641"
"444","2026-04-19 01:13:55","25.25","60","941.58","3900","","","","","-103","7.300000190734863","21379","1776572035630"
"445","2026-04-19 01:14:05","25.25","59.5","941.58","3880","","","","","-103","7.800000190734863","21380","1776572045644"
"446","2026-04-19 01:14:15","25.25","59.5","941.58","3900","","","","","-102","7.800000190734863","21381","1776572055645"
"447","2026-04-19 01:14:25","25.25","59.5","941.6","3880","","","","","-103","7.800000190734863","21382","1776572065638"
"448","2026-04-19 01:14:35","25.25","59.5","941.58","3900","","","","","-103","7.800000190734863","21383","1776572075635"
"449","2026-04-19 01:14:45","25.23","59","941.58","3880","","","","","-103","7.800000190734863","21384","1776572085632"
"450","2026-04-19 01:14:55","25.24","59.5","941.58","3900","","","","","-102","7.5","21385","1776572095628"
"451","2026-04-19 01:15:05","25.23","59.5","941.58","3880","","","","","-103","7.5","21386","1776572105641"
"452","2026-04-19 01:15:15","25.22","59","941.58","3900","","","","","-103","7.800000190734863","21387","1776572115650"
"453","2026-04-19 01:15:25","25.22","57.5","941.5600000000001","3880","","","","","-103","7","21388","1776572125644"
"454","2026-04-19 01:15:35","25.22","59.5","941.6","3880","","","","","-103","7.800000190734863","21389","1776572135646"
"455","2026-04-19 01:15:45","25.24","59.5","941.6","3880","","","","","-103","7","21390","1776572145644"
"456","2026-04-19 01:15:55","25.23","59.5","941.58","3880","","","","","-103","8","21391","1776572155638"
"457","2026-04-19 01:16:05","25.23","60","941.58","3880","","","","","-103","7.800000190734863","21392","1776572165634"
"458","2026-04-19 01:16:15","25.25","59.5","941.6","3880","","","","","-103","7.800000190734863","21393","1776572175634"
"459","2026-04-19 01:16:25","25.26","59.5","941.6","3880","","","","","-102","6.800000190734863","21394","1776572185632"
"460","2026-04-19 01:16:35","25.27","59","941.6","3880","","","","","-102","7.800000190734863","21395","1776572195634"
"461","2026-04-19 01:16:45","25.26","58.5","941.58","3880","","","","","-103","6.800000190734863","21396","1776572205644"
"462","2026-04-19 01:16:55","25.25","59","941.58","3880","","","","","-103","7.800000190734863","21397","1776572215628"
"463","2026-04-19 01:17:05","25.26","59.5","941.58","3880","","","","","-103","8","21398","1776572225628"
"464","2026-04-19 01:17:15","25.26","60","941.58","3880","","","","","-103","7.800000190734863","21399","1776572235645"
"465","2026-04-19 01:17:25","25.27","60","941.58","3880","","","","","-103","7.800000190734863","21400","1776572245637"
"466","2026-04-19 01:17:35","25.26","59.5","941.58","3880","","","","","-103","7.800000190734863","21401","1776572255601"
"467","2026-04-19 01:17:45","25.27","59.5","941.6","3880","","","","","-103","7.800000190734863","21402","1776572265650"
"468","2026-04-19 01:17:55","25.28","59.5","941.58","3880","","","","","-103","7.5","21403","1776572275631"
"469","2026-04-19 01:18:05","25.28","59.5","941.58","3880","","","","","-103","7.800000190734863","21404","1776572285639"
"470","2026-04-19 01:18:15","25.27","60.5","941.5600000000001","3880","","","","","-103","7.5","21405","1776572295631"
"471","2026-04-19 01:18:25","25.26","58.5","941.5600000000001","3880","","","","","-103","8","21406","1776572305638"
"472","2026-04-19 01:18:35","25.25","57.5","941.54","3880","","","","","-103","7.800000190734863","21407","1776572315640"
"473","2026-04-19 01:18:45","25.26","59.5","941.58","3900","","","","","-103","7.800000190734863","21408","1776572325643"
"474","2026-04-19 01:18:55","25.25","59.5","941.58","3880","","","","","-103","7.800000190734863","21409","1776572335632"
"475","2026-04-19 01:19:05","25.25","60.5","941.58","3880","","","","","-103","7.800000190734863","21410","1776572345642"
"476","2026-04-19 01:19:15","25.24","58","941.5600000000001","3880","","","","","-103","7.800000190734863","21411","1776572355636"
"477","2026-04-19 01:19:25","25.23","59.5","941.58","3880","","","","","-103","7.800000190734863","21412","1776572365607"
"478","2026-04-19 01:19:35","25.24","59","941.6","3880","","","","","-103","7.5","21413","1776572375634"
"479","2026-04-19 01:19:45","25.23","58","941.58","3880","","","","","-103","7.5","21414","1776572385630"
"480","2026-04-19 01:19:55","25.23","59.5","941.5600000000001","3880","","","","","-103","7.5","21415","1776572395630"
"481","2026-04-19 01:20:05","25.23","60","941.58","3880","","","","","-103","7.800000190734863","21416","1776572405635"
"482","2026-04-19 01:20:15","25.25","59.5","941.58","3880","","","","","-103","7","21417","1776572415685"
"483","2026-04-19 01:20:25","25.25","60","941.5600000000001","3880","","","","","-103","7.300000190734863","21418","1776572425635"
"484","2026-04-19 01:20:35","25.25","58.5","941.54","3880","","","","","-103","7.300000190734863","21419","1776572435604"
"485","2026-04-19 01:20:45","25.26","59.5","941.58","3880","","","","","-103","7.5","21420","1776572445644"
"486","2026-04-19 01:20:55","25.27","63","941.58","3880","","","","","-104","7","21421","1776572455630"
"487","2026-04-19 01:21:05","25.28","59.5","941.58","3880","","","","","-103","7.300000190734863","21422","1776572465637"
"488","2026-04-19 01:21:15","25.29","59.5","941.54","3880","","","","","-103","7.300000190734863","21423","1776572475638"
"489","2026-04-19 01:21:25","25.29","58.5","941.54","3880","","","","","-103","7.5","21424","1776572485632"
"490","2026-04-19 01:21:35","25.3","59.5","941.58","3880","","","","","-103","7.300000190734863","21425","1776572495607"
"491","2026-04-19 01:21:45","25.29","59","941.58","3880","","","","","-103","7.800000190734863","21426","1776572505635"
"492","2026-04-19 01:21:55","25.28","59.5","941.5600000000001","3880","","","","","-103","7","21427","1776572515633"
"493","2026-04-19 01:22:05","25.28","59.5","941.5600000000001","3880","","","","","-103","7.300000190734863","21428","1776572525671"
"494","2026-04-19 01:22:15","25.27","59","941.54","3880","","","","","-103","7.800000190734863","21429","1776572535614"
"495","2026-04-19 01:22:25","25.27","59.5","941.5600000000001","3880","","","","","-103","7.800000190734863","21430","1776572545636"
"496","2026-04-19 01:22:35","25.26","59","941.54","3880","","","","","-103","7.800000190734863","21431","1776572555639"
"497","2026-04-19 01:22:45","25.27","59.5","941.54","3880","","","","","-103","7.5","21432","1776572565632"
"498","2026-04-19 01:22:55","25.26","59.5","941.5600000000001","3880","","","","","-103","7.300000190734863","21433","1776572575632"
"499","2026-04-19 01:23:05","25.26","59.5","941.5600000000001","3880","","","","","-103","7","21434","1776572585635"
"500","2026-04-19 01:23:15","25.28","59.5","941.5600000000001","3880","","","","","-103","7.5","21435","1776572595633"
"501","2026-04-19 01:23:25","25.29","59.5","941.5600000000001","3880","","","","","-103","7.300000190734863","21436","1776572605639"
"502","2026-04-19 01:23:35","25.3","59.5","941.5600000000001","3880","","","","","-103","7.5","21437","1776572615627"
"503","2026-04-19 01:23:45","25.3","60","941.5600000000001","3880","","","","","-103","7.800000190734863","21438","1776572625648"
"504","2026-04-19 01:23:55","25.32","60.5","941.5600000000001","3880","","","","","-103","8","21439","1776572635629"
"505","2026-04-19 01:24:05","25.31","59.5","941.54","3880","","","","","-102","6.800000190734863","21440","1776572645626"
"506","2026-04-19 01:24:15","25.32","59.5","941.5600000000001","3880","","","","","-103","7.5","21441","1776572655641"
"507","2026-04-19 01:24:25","25.32","59.5","941.58","3880","","","","","-103","7.300000190734863","21442","1776572665650"
"508","2026-04-19 01:24:35","25.32","59.5","941.54","3880","","","","","-103","7","21443","1776572675646"
"509","2026-04-19 01:24:45","25.32","59.5","941.5600000000001","3880","","","","","-103","7.800000190734863","21444","1776572685632"
"510","2026-04-19 01:24:55","25.31","58.5","941.52","3880","","","","","-103","8","21445","1776572695631"
"511","2026-04-19 01:25:05","25.31","59.5","941.58","3880","","","","","-103","7.5","21446","1776572705638"
"512","2026-04-19 01:25:15","25.3","59.5","941.5600000000001","3880","","","","","-103","7.5","21447","1776572715645"
"513","2026-04-19 01:25:25","25.29","59","941.54","3880","","","","","-102","8","21448","1776572725628"
"514","2026-04-19 01:25:35","25.28","59","941.54","3880","","","","","-102","8","21449","1776572735601"
"515","2026-04-19 01:25:45","25.28","59","941.5600000000001","3880","","","","","-102","8","21450","1776572745641"
"516","2026-04-19 01:25:55","25.26","60","941.5600000000001","3880","","","","","-102","7.800000190734863","21451","1776572755600"
"517","2026-04-19 01:26:05","25.26","59.5","941.54","3880","","","","","-103","8","21452","1776572765632"
"518","2026-04-19 01:26:15","25.26","59.5","941.54","3880","","","","","-102","7.300000190734863","21453","1776572775634"
"519","2026-04-19 01:26:25","25.25","58.5","941.5600000000001","3880","","","","","-103","7.5","21454","1776572785637"
"520","2026-04-19 01:26:35","25.25","60","941.54","3880","","","","","-103","7.800000190734863","21455","1776572795644"
"521","2026-04-19 01:26:45","25.25","60","941.52","3880","","","","","-103","7.800000190734863","21456","1776572805641"
"522","2026-04-19 01:26:55","25.27","61.5","941.58","3880","","","","","-103","7.800000190734863","21457","1776572815630"
"523","2026-04-19 01:27:05","25.28","60","941.52","3880","","","","","-103","7.800000190734863","21458","1776572825628"
"524","2026-04-19 01:27:15","25.26","59.5","941.5600000000001","3880","","","","","-103","8","21459","1776572835624"
"525","2026-04-19 01:27:25","25.26","60.5","941.52","3880","","","","","-102","7.800000190734863","21460","1776572845633"
"526","2026-04-19 01:27:35","25.26","60","941.54","3880","","","","","-103","7.800000190734863","21461","1776572855632"
"527","2026-04-19 01:27:45","25.26","60","941.5600000000001","3880","","","","","-103","7.800000190734863","21462","1776572865628"
"528","2026-04-19 01:27:55","25.28","59","941.5600000000001","3880","","","","","-103","7.800000190734863","21463","1776572875636"
"529","2026-04-19 01:28:05","25.3","59.5","941.52","3880","","","","","-102","8","21464","1776572885628"
"530","2026-04-19 01:28:15","25.3","62.5","941.52","3880","","","","","-103","8","21465","1776572895635"
"531","2026-04-19 01:28:25","25.31","59.5","941.5","3880","","","","","-102","8","21466","1776572905630"
"532","2026-04-19 01:28:35","25.32","61.5","941.5","3880","","","","","-103","7.800000190734863","21467","1776572915600"
"533","2026-04-19 01:28:45","25.33","59.5","941.54","3880","","","","","-103","7.5","21468","1776572925606"
"534","2026-04-19 01:28:55","25.33","59.5","941.5","3880","","","","","-103","7.800000190734863","21469","1776572935629"
"535","2026-04-19 01:29:05","25.35","59","941.54","3880","","","","","-103","7.5","21470","1776572945640"
"536","2026-04-19 01:29:15","25.35","58","941.52","3880","","","","","-103","7.800000190734863","21471","1776572955599"
"537","2026-04-19 01:29:25","25.34","59.5","941.5","3880","","","","","-102","7.800000190734863","21472","1776572965630"
"538","2026-04-19 01:29:35","25.35","59.5","941.5","3880","","","","","-103","7.800000190734863","21473","1776572975596"
"539","2026-04-19 01:29:45","25.37","60","941.5","3880","","","","","-103","8","21474","1776572985624"
"540","2026-04-19 01:29:55","25.37","60","941.52","3880","","","","","-102","7.800000190734863","21475","1776572995633"
"541","2026-04-19 01:30:05","25.37","59.5","941.5","3880","","","","","-102","7.800000190734863","21476","1776573005610"
"542","2026-04-19 01:30:15","25.37","59","941.5","3880","","","","","-102","7.5","21477","1776573015636"
"543","2026-04-19 01:30:25","25.35","59.5","941.5","3880","","","","","-103","8","21478","1776573025611"
"544","2026-04-19 01:30:35","25.35","60","941.5","3880","","","","","-103","7.800000190734863","21479","1776573035606"
"545","2026-04-19 01:30:45","25.35","59.5","941.5","3880","","","","","-102","7.800000190734863","21480","1776573045635"
"546","2026-04-19 01:30:55","25.34","59","941.48","3880","","","","","-103","7.800000190734863","21481","1776573055631"
"547","2026-04-19 01:31:05","25.35","59","941.52","3880","","","","","-103","7.800000190734863","21482","1776573065636"
"548","2026-04-19 01:31:15","25.35","59.5","941.48","3880","","","","","-103","8","21483","1776573075636"
"549","2026-04-19 01:31:25","25.36","59.5","941.5","3880","","","","","-102","7.800000190734863","21484","1776573085629"
"550","2026-04-19 01:31:35","25.35","59","941.48","3880","","","","","-103","7.5","21485","1776573095609"
"551","2026-04-19 01:31:45","25.35","59","941.48","3880","","","","","-103","7.800000190734863","21486","1776573105675"
"552","2026-04-19 01:31:55","25.36","58.5","941.5","3880","","","","","-103","7.800000190734863","21487","1776573115625"
"553","2026-04-19 01:32:05","25.35","59","941.52","3880","","","","","-103","7.800000190734863","21488","1776573125644"
"554","2026-04-19 01:32:15","25.37","59.5","941.46","3880","","","","","-102","7.800000190734863","21489","1776573135631"
"555","2026-04-19 01:32:25","25.38","58.5","941.46","3880","","","","","-103","7.800000190734863","21490","1776573145637"
"556","2026-04-19 01:32:35","25.39","58.5","941.46","3880","","","","","-103","7.5","21491","1776573155631"
"557","2026-04-19 01:32:45","25.4","59.5","941.48","3880","","","","","-103","7.800000190734863","21492","1776573165639"
"558","2026-04-19 01:32:55","25.39","59","941.44","3880","","","","","-103","7.800000190734863","21493","1776573175630"
"559","2026-04-19 01:33:05","25.39","59.5","941.46","3880","","","","","-102","6.800000190734863","21494","1776573185635"
"560","2026-04-19 01:33:15","25.37","59","941.48","3880","","","","","-103","7.800000190734863","21495","1776573195635"
"561","2026-04-19 01:33:25","25.36","59.5","941.48","3880","","","","","-103","7.800000190734863","21496","1776573205644"
"562","2026-04-19 01:33:35","25.35","59.5","941.48","3880","","","","","-102","6.800000190734863","21497","1776573215625"
"563","2026-04-19 01:33:45","25.33","59.5","941.48","3880","","","","","-102","7.5","21498","1776573225643"
"564","2026-04-19 01:33:55","25.33","59","941.52","3880","","","","","-103","7.800000190734863","21499","1776573235593"
"565","2026-04-19 01:34:05","25.32","60.5","941.5","3880","","","","","-102","7.5","21500","1776573245620"
"566","2026-04-19 01:34:15","25.3","59","941.5","3880","","","","","-102","7.5","21501","1776573255640"
"567","2026-04-19 01:34:25","25.3","59.5","941.5","3880","","","","","-103","7.800000190734863","21502","1776573265605"
"568","2026-04-19 01:34:35","25.3","58.5","941.5","3880","","","","","-103","7.5","21503","1776573275601"
"569","2026-04-19 01:34:45","25.3","59.5","941.5","3880","","","","","-102","8","21504","1776573285632"
"570","2026-04-19 01:34:55","25.3","60","941.48","3880","","","","","-102","7.800000190734863","21505","1776573295630"
"571","2026-04-19 01:35:05","25.32","59.5","941.48","3880","","","","","-102","7.800000190734863","21506","1776573305630"
"572","2026-04-19 01:35:15","25.32","59","941.5","3880","","","","","-103","7.800000190734863","21507","1776573315649"
"573","2026-04-19 01:35:25","25.32","60","941.48","3880","","","","","-102","8","21508","1776573325629"
"574","2026-04-19 01:35:35","25.31","59.5","941.48","3880","","","","","-103","8","21509","1776573335632"
"575","2026-04-19 01:35:45","25.31","59","941.46","3860","","","","","-102","7.800000190734863","21510","1776573345641"
"576","2026-04-19 01:35:55","25.32","60","941.48","3880","","","","","-102","7.5","21511","1776573355624"
"577","2026-04-19 01:36:05","25.33","59.5","941.44","3880","","","","","-102","7.800000190734863","21512","1776573365626"
"578","2026-04-19 01:36:15","25.33","59","941.46","3880","","","","","-102","7.800000190734863","21513","1776573375643"
"579","2026-04-19 01:36:25","25.33","59.5","941.46","3880","","","","","-102","8","21514","1776573385634"
"580","2026-04-19 01:36:35","25.33","59","941.46","3880","","","","","-102","8.300000190734863","21515","1776573395641"
"581","2026-04-19 01:36:45","25.33","59","941.46","3880","","","","","-102","7.800000190734863","21516","1776573405633"
"582","2026-04-19 01:36:55","25.33","59.5","941.44","3880","","","","","-102","7.300000190734863","21517","1776573415635"
"583","2026-04-19 01:37:05","25.34","58.5","941.44","3880","","","","","-102","7.800000190734863","21518","1776573425635"
"584","2026-04-19 01:37:15","25.35","60","941.44","3880","","","","","-102","8","21519","1776573435636"
"585","2026-04-19 01:37:25","25.33","60","941.4200000000001","3880","","","","","-102","8","21520","1776573445630"
"586","2026-04-19 01:37:35","25.34","56","941.4","3880","","","","","-102","8","21521","1776573455640"
"587","2026-04-19 01:37:45","25.34","59","941.44","3880","","","","","-102","8","21522","1776573465595"
"588","2026-04-19 01:37:55","25.33","58.5","941.4200000000001","3880","","","","","-102","6.800000190734863","21523","1776573475630"
"589","2026-04-19 01:38:05","25.33","59.5","941.4","3880","","","","","-102","7.800000190734863","21524","1776573485633"
"590","2026-04-19 01:38:15","25.33","59.5","941.4200000000001","3880","","","","","-103","7.800000190734863","21525","1776573495596"
"591","2026-04-19 01:38:25","25.33","59.5","941.4200000000001","3880","","","","","-102","6.5","21526","1776573505636"
"592","2026-04-19 01:38:35","25.33","59","941.4","3880","","","","","-102","7.800000190734863","21527","1776573515641"
"593","2026-04-19 01:38:45","25.33","59","941.4200000000001","3880","","","","","-102","7.800000190734863","21528","1776573525627"
"594","2026-04-19 01:38:55","25.33","59.5","941.4","3960","","","","","-103","7.800000190734863","21529","1776573535630"
"595","2026-04-19 01:39:05","25.34","59.5","941.4200000000001","3960","","","","","-103","7.800000190734863","21530","1776573545648"
"596","2026-04-19 01:39:15","25.35","58.5","941.4200000000001","3960","","","","","-102","7.800000190734863","21531","1776573555602"
"597","2026-04-19 01:39:25","25.37","59.5","941.4200000000001","3960","","","","","-102","7.800000190734863","21532","1776573565603"
"598","2026-04-19 01:39:35","25.37","59.5","941.4200000000001","3960","","","","","-102","7.800000190734863","21533","1776573575613"
"599","2026-04-19 01:39:45","25.36","60","941.4200000000001","3960","","","","","-103","7.800000190734863","21534","1776573585595"
"600","2026-04-19 01:39:55","25.37","58.5","941.4200000000001","3960","","","","","-102","7.800000190734863","21535","1776573595631"
"601","2026-04-19 01:40:05","25.36","59","941.4","3960","","","","","-102","8","21536","1776573605606"
"602","2026-04-19 01:40:15","25.36","60","941.44","3960","","","","","-103","7.800000190734863","21537","1776573615653"
"603","2026-04-19 01:40:25","25.36","59","941.4","3960","","","","","-102","7.800000190734863","21538","1776573625628"
"604","2026-04-19 01:40:35","25.37","59.5","941.4200000000001","3960","","","","","-103","8","21539","1776573635639"
"605","2026-04-19 01:40:45","25.37","59.5","941.4","3960","","","","","-103","7.800000190734863","21540","1776573645640"
"606","2026-04-19 01:40:55","25.37","59.5","941.44","3960","","","","","-102","7.800000190734863","21541","1776573655605"
"607","2026-04-19 01:41:05","25.35","59.5","941.4200000000001","3960","","","","","-102","7.800000190734863","21542","1776573665634"
"608","2026-04-19 01:41:15","25.34","59.5","941.4200000000001","3960","","","","","-102","8","21543","1776573675598"
"609","2026-04-19 01:41:25","25.35","59","941.4","3960","","","","","-102","7.800000190734863","21544","1776573685635"
"610","2026-04-19 01:41:35","25.34","59","941.4200000000001","3960","","","","","-102","7.800000190734863","21545","1776573695647"
"611","2026-04-19 01:41:45","25.34","59.5","941.4200000000001","3960","","","","","-102","7.300000190734863","21546","1776573705632"
"612","2026-04-19 01:41:55","25.33","59.5","941.4200000000001","3960","","","","","-102","8","21547","1776573715634"
"613","2026-04-19 01:42:05","25.34","59","941.4","3960","","","","","-102","7.800000190734863","21548","1776573725605"
"614","2026-04-19 01:42:15","25.32","59.5","941.38","3960","","","","","-103","7.800000190734863","21549","1776573735661"
"615","2026-04-19 01:42:25","25.31","58.5","941.4200000000001","3960","","","","","-102","7.800000190734863","21550","1776573745636"
"616","2026-04-19 01:42:35","25.3","59.5","941.4","3960","","","","","-102","7.5","21551","1776573755607"
"617","2026-04-19 01:42:45","25.3","59.5","941.4200000000001","3960","","","","","-102","7.800000190734863","21552","1776573765609"
"618","2026-04-19 01:42:55","25.31","58.5","941.4","3960","","","","","-103","7.800000190734863","21553","1776573775626"
"619","2026-04-19 01:43:05","25.3","59.5","941.4","3960","","","","","-103","7.800000190734863","21554","1776573785625"
"620","2026-04-19 01:43:15","25.29","60","941.38","3960","","","","","-103","7.800000190734863","21555","1776573795632"
"621","2026-04-19 01:43:25","25.3","59.5","941.38","3960","","","","","-102","7.800000190734863","21556","1776573805627"
"622","2026-04-19 01:43:35","25.29","59.5","941.4","3960","","","","","-103","7.5","21557","1776573815635"
"623","2026-04-19 01:43:45","25.28","59","941.38","3920","","","","","-103","7.800000190734863","21558","1776573825628"
"624","2026-04-19 01:43:55","25.27","58","941.4","3920","","","","","-103","8","21559","1776573835634"
"625","2026-04-19 01:44:05","25.27","59.5","941.4","3920","","","","","-102","8","21560","1776573845632"
"626","2026-04-19 01:44:15","25.25","59.5","941.4200000000001","3920","","","","","-103","7.800000190734863","21561","1776573855632"
"627","2026-04-19 01:44:25","25.24","59.5","941.4200000000001","3920","","","","","-103","7.800000190734863","21562","1776573865662"
"628","2026-04-19 01:44:35","25.25","57","941.4200000000001","3920","","","","","-102","7.5","21563","1776573875628"
"629","2026-04-19 01:44:45","25.24","60","941.44","3920","","","","","-103","7.5","21564","1776573885631"
"630","2026-04-19 01:44:55","25.25","60.5","941.4200000000001","3920","","","","","-103","7.5","21565","1776573895665"
"631","2026-04-19 01:45:05","25.26","60","941.4","3900","","","","","-102","7.800000190734863","21566","1776573905594"
"632","2026-04-19 01:45:15","25.26","58.5","941.4200000000001","3920","","","","","-102","7.300000190734863","21567","1776573915631"
"633","2026-04-19 01:45:25","25.26","59.5","941.4","3920","","","","","-102","7.800000190734863","21568","1776573925633"
"634","2026-04-19 01:45:35","25.27","59.5","941.4200000000001","3900","","","","","-102","7.300000190734863","21569","1776573935635"
"635","2026-04-19 01:45:45","25.29","59.5","941.4200000000001","3920","","","","","-102","6.800000190734863","21570","1776573945656"
"636","2026-04-19 01:45:55","25.3","59.5","941.4200000000001","3900","","","","","-103","8","21571","1776573955630"
"637","2026-04-19 01:46:05","25.32","58.5","941.38","3900","","","","","-102","7.800000190734863","21572","1776573965652"
"638","2026-04-19 01:46:15","25.34","60","941.4","3900","","","","","-102","6.800000190734863","21573","1776573975630"
"639","2026-04-19 01:46:25","25.35","58.5","941.38","3900","","","","","-103","8","21574","1776573985631"
"640","2026-04-19 01:46:35","25.36","59.5","941.4","3900","","","","","-103","8","21575","1776573995626"
"641","2026-04-19 01:46:45","25.35","59","941.4","3900","","","","","-103","7.800000190734863","21576","1776574005631"
"642","2026-04-19 01:46:55","25.36","59.5","941.38","3900","","","","","-103","7.800000190734863","21577","1776574015634"
"643","2026-04-19 01:47:05","25.34","59.5","941.4200000000001","3900","","","","","-103","7.5","21578","1776574025623"
"644","2026-04-19 01:47:15","25.34","59","941.4","3900","","","","","-102","7","21579","1776574035604"
"645","2026-04-19 01:47:25","25.34","58.5","941.38","3900","","","","","-103","7.5","21580","1776574045625"
"646","2026-04-19 01:47:35","25.33","59","941.36","3900","","","","","-103","7.5","21581","1776574055624"
"647","2026-04-19 01:47:45","25.33","60","941.38","3900","","","","","-103","7.800000190734863","21582","1776574065608"
"648","2026-04-19 01:47:55","25.33","59.5","941.4","3900","","","","","-103","7.5","21583","1776574075629"
"649","2026-04-19 01:48:05","25.34","59","941.4200000000001","3900","","","","","-102","7.800000190734863","21584","1776574085609"
"650","2026-04-19 01:48:15","25.33","59","941.4","3900","","","","","-103","8","21585","1776574095631"
"651","2026-04-19 01:48:25","25.34","59.5","941.4","3900","","","","","-103","7.800000190734863","21586","1776574105632"
"652","2026-04-19 01:48:35","25.32","59","941.4","3900","","","","","-103","7.800000190734863","21587","1776574115602"
"653","2026-04-19 01:48:45","25.31","58.5","941.38","3900","","","","","-103","7.800000190734863","21588","1776574125649"
"654","2026-04-19 01:48:55","25.3","59.5","941.4","3900","","","","","-102","7.800000190734863","21589","1776574135624"
"655","2026-04-19 01:49:05","25.28","59.5","941.4","3900","","","","","-103","7.5","21590","1776574145641"
"656","2026-04-19 01:49:15","25.26","59.5","941.38","3900","","","","","-102","7.800000190734863","21591","1776574155633"
"657","2026-04-19 01:49:25","25.24","59","941.4200000000001","3900","","","","","-102","7.800000190734863","21592","1776574165635"
"658","2026-04-19 01:49:35","25.23","60","941.4","3900","","","","","-103","8","21593","1776574175633"
"659","2026-04-19 01:49:45","25.2","60","941.4200000000001","3900","","","","","-102","8","21594","1776574185677"
"660","2026-04-19 01:49:55","25.2","58","941.4200000000001","3900","","","","","-103","8","21595","1776574195634"
"661","2026-04-19 01:50:05","25.2","59.5","941.44","3900","","","","","-102","7.800000190734863","21596","1776574205655"
"662","2026-04-19 01:50:15","25.2","58.5","941.4200000000001","3900","","","","","-103","7.800000190734863","21597","1776574215641"
"663","2026-04-19 01:50:25","25.22","60.5","941.4","3900","","","","","-102","7.800000190734863","21598","1776574225604"
"664","2026-04-19 01:50:35","25.22","60.5","941.44","3900","","","","","-103","8.300000190734863","21599","1776574235657"
"665","2026-04-19 01:50:45","25.22","59.5","941.4200000000001","3900","","","","","-102","7.800000190734863","21600","1776574245618"
"666","2026-04-19 01:50:55","25.22","60","941.44","3900","","","","","-102","7.800000190734863","21601","1776574255624"
"667","2026-04-19 01:51:05","25.25","59","941.44","3900","","","","","-102","8","21602","1776574265640"
"668","2026-04-19 01:51:15","25.26","61","941.46","3900","","","","","-102","8","21603","1776574275630"
"669","2026-04-19 01:51:25","25.27","59.5","941.44","3900","","","","","-102","8","21604","1776574285629"
"670","2026-04-19 01:51:35","25.27","59.5","941.44","3900","","","","","-103","8","21605","1776574295601"
"671","2026-04-19 01:51:45","25.28","59","941.46","3900","","","","","-102","8.300000190734863","21606","1776574305625"
"672","2026-04-19 01:51:55","25.29","59","941.46","3900","","","","","-102","7.5","21607","1776574315630"
"673","2026-04-19 01:52:05","25.32","60","941.46","3900","","","","","-102","7.800000190734863","21608","1776574325637"
"674","2026-04-19 01:52:15","25.35","59","941.46","3900","","","","","-102","7.800000190734863","21609","1776574335596"
"675","2026-04-19 01:52:25","25.35","59.5","941.4200000000001","3900","","","","","-103","8","21610","1776574345624"
"676","2026-04-19 01:52:35","25.37","59.5","941.4200000000001","3900","","","","","-103","7.800000190734863","21611","1776574355596"
"677","2026-04-19 01:52:45","25.38","60","941.46","3900","","","","","-102","8.300000190734863","21612","1776574365623"
"678","2026-04-19 01:52:55","25.38","60","941.46","3900","","","","","-102","7.800000190734863","21613","1776574375627"
"679","2026-04-19 01:53:05","25.39","59","941.44","3900","","","","","-102","7.800000190734863","21614","1776574385627"
"680","2026-04-19 01:53:15","25.41","59","941.44","3900","","","","","-103","8","21615","1776574395629"
"681","2026-04-19 01:53:25","25.42","59","941.46","3900","","","","","-103","8","21616","1776574405630"
"682","2026-04-19 01:53:35","25.42","59","941.46","3900","","","","","-102","7.800000190734863","21617","1776574415602"
"683","2026-04-19 01:53:45","25.41","59","941.48","3900","","","","","-102","7.800000190734863","21618","1776574425625"
"684","2026-04-19 01:53:55","25.41","59","941.46","3880","","","","","-102","7.800000190734863","21619","1776574435633"
"685","2026-04-19 01:54:05","25.4","61.5","941.46","3880","","","","","-102","7.5","21620","1776574445632"
"686","2026-04-19 01:54:15","25.41","59.5","941.5","3900","","","","","-103","7.800000190734863","21621","1776574455649"
"687","2026-04-19 01:54:25","25.41","58.5","941.46","3900","","","","","-103","7.800000190734863","21622","1776574465625"
"688","2026-04-19 01:54:35","25.42","58.5","941.5","3900","","","","","-102","7.800000190734863","21623","1776574475635"
"689","2026-04-19 01:54:45","25.42","59","941.46","3900","","","","","-103","7.800000190734863","21624","1776574485631"
"690","2026-04-19 01:54:55","25.42","59","941.46","3900","","","","","-102","7.800000190734863","21625","1776574495595"
"691","2026-04-19 01:55:05","25.42","59","941.46","3880","","","","","-103","8","21626","1776574505630"
"692","2026-04-19 01:55:15","25.42","58.5","941.46","3900","","","","","-102","7.800000190734863","21627","1776574515592"
"693","2026-04-19 01:55:25","25.43","59","941.44","3900","","","","","-102","8","21628","1776574525628"
"694","2026-04-19 01:55:35","25.42","59.5","941.46","3900","","","","","-102","7","21629","1776574535637"
"695","2026-04-19 01:55:45","25.42","59","941.48","3900","","","","","-102","7.800000190734863","21630","1776574545622"
"696","2026-04-19 01:55:55","25.41","60","941.48","3900","","","","","-102","7.800000190734863","21631","1776574555630"
"697","2026-04-19 01:56:05","25.39","58","941.5","3900","","","","","-102","8","21632","1776574565635"
"698","2026-04-19 01:56:15","25.39","59","941.48","3900","","","","","-102","8","21633","1776574575643"
"699","2026-04-19 01:56:25","25.38","59.5","941.46","3900","","","","","-102","8","21634","1776574585627"
"700","2026-04-19 01:56:35","25.38","59.5","941.48","3900","","","","","-102","8","21635","1776574595599"
"701","2026-04-19 01:56:45","25.39","58.5","941.48","3900","","","","","-102","7.800000190734863","21636","1776574605623"
"702","2026-04-19 01:56:55","25.39","59","941.52","3880","","","","","-103","7.800000190734863","21637","1776574615626"
"703","2026-04-19 01:57:05","25.4","59.5","941.48","3880","","","","","-103","7.800000190734863","21638","1776574625636"
"704","2026-04-19 01:57:15","25.41","58.5","941.48","3900","","","","","-102","7.800000190734863","21639","1776574635633"
"705","2026-04-19 01:57:25","25.4","59.5","941.46","3880","","","","","-103","8","21640","1776574645632"
"706","2026-04-19 01:57:35","25.41","59.5","941.5","3880","","","","","-103","8","21641","1776574655596"
"707","2026-04-19 01:57:45","25.4","58.5","941.48","3880","","","","","-102","7.800000190734863","21642","1776574665602"
"708","2026-04-19 01:57:55","25.39","59.5","941.5","3880","","","","","-102","7.800000190734863","21643","1776574675625"
"709","2026-04-19 01:58:05","25.4","59.5","941.48","3900","","","","","-102","7.800000190734863","21644","1776574685606"
"710","2026-04-19 01:58:15","25.42","59","941.48","3880","","","","","-103","7.800000190734863","21645","1776574695595"
"711","2026-04-19 01:58:25","25.43","60","941.5","3900","","","","","-103","7.800000190734863","21646","1776574705625"
"712","2026-04-19 01:58:35","25.44","59","941.46","3880","","","","","-102","7.800000190734863","21647","1776574715656"
"713","2026-04-19 01:58:45","25.43","58.5","941.46","3880","","","","","-102","7.5","21648","1776574725595"
"714","2026-04-19 01:58:55","25.42","59.5","941.5","3880","","","","","-102","7.800000190734863","21649","1776574735630"
"715","2026-04-19 01:59:05","25.4","58","941.48","3880","","","","","-102","7.5","21650","1776574745622"
"716","2026-04-19 01:59:15","25.39","59","941.48","3880","","","","","-102","8","21651","1776574755636"
"717","2026-04-19 01:59:25","25.38","59.5","941.48","3900","","","","","-103","7.5","21652","1776574765630"
"718","2026-04-19 01:59:35","25.39","59.5","941.48","3900","","","","","-102","7.5","21653","1776574775600"
"719","2026-04-19 01:59:45","25.39","59.5","941.48","3880","","","","","-102","8","21654","1776574785634"
"720","2026-04-19 01:59:55","25.37","59","941.46","3880","","","","","-102","8","21655","1776574795628"
"721","2026-04-19 02:00:05","25.36","58","941.48","3880","","","","","-102","7.800000190734863","21656","1776574805619"
"722","2026-04-19 02:00:15","25.36","58.5","941.48","3880","","","","","-102","7.800000190734863","21657","1776574815639"
"723","2026-04-19 02:00:25","25.35","59.5","941.5","3880","","","","","-102","7.800000190734863","21658","1776574825596"
"724","2026-04-19 02:00:35","25.35","59","941.48","3880","","","","","-102","7.800000190734863","21659","1776574835629"
"725","2026-04-19 02:00:45","25.36","59","941.48","3880","","","","","-102","8","21660","1776574845630"
"726","2026-04-19 02:00:55","25.36","59.5","941.48","3880","","","","","-102","7.800000190734863","21661","1776574855598"
"727","2026-04-19 02:01:05","25.37","59.5","941.48","3880","","","","","-102","8","21662","1776574865634"
"728","2026-04-19 02:01:15","25.38","59","941.48","3880","","","","","-102","8","21663","1776574875636"
"729","2026-04-19 02:01:25","25.39","59.5","941.48","3880","","","","","-102","7.800000190734863","21664","1776574885631"
"730","2026-04-19 02:01:35","25.39","59","941.48","3880","","","","","-102","7.800000190734863","21665","1776574895646"
"731","2026-04-19 02:01:45","25.38","59","941.46","3880","","","","","-102","7.800000190734863","21666","1776574905634"
"732","2026-04-19 02:01:55","25.39","59","941.46","3880","","","","","-102","8","21667","1776574915628"
"733","2026-04-19 02:02:05","25.38","59.5","941.48","3880","","","","","-102","8","21668","1776574925638"
"734","2026-04-19 02:02:15","25.39","59","941.48","3880","","","","","-102","7.800000190734863","21669","1776574935656"
"735","2026-04-19 02:02:25","25.4","59.5","941.48","3880","","","","","-102","8","21670","1776574945631"
"736","2026-04-19 02:02:35","25.39","59","941.5","3880","","","","","-102","7.800000190734863","21671","1776574955627"
"737","2026-04-19 02:02:45","25.39","59","941.48","3880","","","","","-102","7.800000190734863","21672","1776574965608"
"738","2026-04-19 02:02:55","25.38","59","941.46","3880","","","","","-102","7.800000190734863","21673","1776574975634"
"739","2026-04-19 02:03:05","25.37","59.5","941.5","3880","","","","","-102","7.800000190734863","21674","1776574985596"
"740","2026-04-19 02:03:15","25.35","59","941.48","3880","","","","","-102","8","21675","1776574995625"
"741","2026-04-19 02:03:25","25.36","59.5","941.46","3880","","","","","-102","8","21676","1776575005624"
"742","2026-04-19 02:03:35","25.37","59.5","941.52","3880","","","","","-102","7.800000190734863","21677","1776575015626"
"743","2026-04-19 02:03:45","25.36","59.5","941.48","3880","","","","","-102","8","21678","1776575025631"
"744","2026-04-19 02:03:55","25.35","59.5","941.46","3880","","","","","-102","7.800000190734863","21679","1776575035626"
"745","2026-04-19 02:04:05","25.35","59","941.5","3880","","","","","-102","8","21680","1776575045673"
"746","2026-04-19 02:04:15","25.36","58.5","941.48","3880","","","","","-102","7.800000190734863","21681","1776575055650"
"747","2026-04-19 02:04:25","25.37","59","941.48","3880","","","","","-103","7.800000190734863","21682","1776575065598"
"748","2026-04-19 02:04:35","25.39","60","941.46","3880","","","","","-102","7.800000190734863","21683","1776575075637"
"749","2026-04-19 02:04:45","25.39","59.5","941.48","3880","","","","","-102","8","21684","1776575085598"
"750","2026-04-19 02:04:55","25.4","59.5","941.46","3880","","","","","-102","7.800000190734863","21685","1776575095597"
"751","2026-04-19 02:05:05","25.4","60","941.46","3880","","","","","-102","7.800000190734863","21686","1776575105638"
"752","2026-04-19 02:05:15","25.39","60","941.46","3880","","","","","-102","8","21687","1776575115638"
"753","2026-04-19 02:05:25","25.39","60","941.46","3880","","","","","-102","7.5","21688","1776575125630"
"754","2026-04-19 02:05:35","25.38","60.5","941.48","3880","","","","","-102","7.5","21689","1776575135595"
"755","2026-04-19 02:05:45","25.37","59","941.44","3880","","","","","-102","7.800000190734863","21690","1776575145646"
"756","2026-04-19 02:05:55","25.38","59.5","941.48","3880","","","","","-102","8","21691","1776575155598"
"757","2026-04-19 02:06:05","25.39","59","941.48","3880","","","","","-102","7.300000190734863","21692","1776575165655"
"758","2026-04-19 02:06:15","25.39","58.5","941.44","3880","","","","","-102","7.800000190734863","21693","1776575175642"
"759","2026-04-19 02:06:25","25.38","58.5","941.44","3880","","","","","-102","8","21694","1776575185622"
"760","2026-04-19 02:06:35","25.39","59.5","941.44","3880","","","","","-102","8","21695","1776575195598"
"761","2026-04-19 02:06:45","25.39","58.5","941.48","3880","","","","","-102","7.800000190734863","21696","1776575205593"
"762","2026-04-19 02:06:55","25.39","59.5","941.46","3880","","","","","-103","8","21697","1776575215631"
"763","2026-04-19 02:07:05","25.39","60","941.48","3880","","","","","-103","7.800000190734863","21698","1776575225632"
"764","2026-04-19 02:07:15","25.4","58","941.48","3880","","","","","-102","8","21699","1776575235637"
"765","2026-04-19 02:07:25","25.41","59","941.48","3880","","","","","-102","8","21700","1776575245619"
"766","2026-04-19 02:07:35","25.41","60","941.46","3880","","","","","-102","7.800000190734863","21701","1776575255616"
"767","2026-04-19 02:07:45","25.37","59","941.46","3880","","","","","-102","8","21702","1776575265634"
"768","2026-04-19 02:07:55","25.37","61.5","941.46","3880","","","","","-102","8","21703","1776575275629"
"769","2026-04-19 02:08:05","25.38","59","941.48","3880","","","","","-102","8","21704","1776575285637"
"770","2026-04-19 02:08:15","25.38","59","941.44","3880","","","","","-102","8","21705","1776575295596"
"771","2026-04-19 02:08:25","25.38","58.5","941.46","3880","","","","","-102","7.800000190734863","21706","1776575305624"
"772","2026-04-19 02:08:35","25.4","59","941.5","3880","","","","","-102","7.800000190734863","21707","1776575315623"
"773","2026-04-19 02:08:45","25.41","59","941.48","3880","","","","","-102","7.5","21708","1776575325637"
"774","2026-04-19 02:08:55","25.41","60","941.48","3880","","","","","-102","8","21709","1776575335625"
"775","2026-04-19 02:09:05","25.41","59","941.44","3880","","","","","-102","8","21710","1776575345637"
"776","2026-04-19 02:09:15","25.41","58.5","941.44","3880","","","","","-102","7.800000190734863","21711","1776575355630"
"777","2026-04-19 02:09:25","25.39","58.5","941.46","3880","","","","","-102","7.800000190734863","21712","1776575365627"
"778","2026-04-19 02:09:35","25.38","60","941.46","3880","","","","","-102","7.800000190734863","21713","1776575375632"
"779","2026-04-19 02:09:45","25.38","58.5","941.48","3880","","","","","-102","7.800000190734863","21714","1776575385628"
"780","2026-04-19 02:09:55","25.37","59.5","941.46","3880","","","","","-102","8","21715","1776575395622"
"781","2026-04-19 02:10:05","25.35","58","941.48","3880","","","","","-102","8.300000190734863","21716","1776575405595"
"782","2026-04-19 02:10:15","25.34","59","941.48","3880","","","","","-102","7.5","21717","1776575415635"
"783","2026-04-19 02:10:25","25.34","59","941.48","3880","","","","","-102","8","21718","1776575425623"
"784","2026-04-19 02:10:35","25.34","59.5","941.44","3880","","","","","-102","7","21719","1776575435592"
"785","2026-04-19 02:10:45","25.34","59.5","941.44","3880","","","","","-102","8.300000190734863","21720","1776575445624"
"786","2026-04-19 02:10:55","25.33","58.5","941.46","3880","","","","","-103","8","21721","1776575455628"
"787","2026-04-19 02:11:05","25.31","59.5","941.5","3900","","","","","-103","8","21722","1776575465629"
"788","2026-04-19 02:11:15","25.32","59.5","941.46","3880","","","","","-102","7.300000190734863","21723","1776575475636"
"789","2026-04-19 02:11:25","25.33","60","941.48","3880","","","","","-102","7.300000190734863","21724","1776575485624"
"790","2026-04-19 02:11:35","25.33","59.5","941.48","3880","","","","","-102","8","21725","1776575495631"
"791","2026-04-19 02:11:45","25.33","59.5","941.44","3880","","","","","-103","7.800000190734863","21726","1776575505630"
"792","2026-04-19 02:11:55","25.34","59","941.46","3880","","","","","-102","7.800000190734863","21727","1776575515632"
"793","2026-04-19 02:12:05","25.34","58.5","941.48","3880","","","","","-103","8.300000190734863","21728","1776575525639"
"794","2026-04-19 02:12:15","25.35","59.5","941.48","3880","","","","","-102","7.800000190734863","21729","1776575535636"
"795","2026-04-19 02:12:25","25.34","59","941.46","3880","","","","","-102","6","21730","1776575545631"
"796","2026-04-19 02:12:35","25.34","59","941.48","3880","","","","","-102","7.800000190734863","21731","1776575555636"
"797","2026-04-19 02:12:45","25.34","60","941.46","3880","","","","","-102","7.800000190734863","21732","1776575565625"
"798","2026-04-19 02:12:55","25.34","58","941.5","3880","","","","","-102","7.800000190734863","21733","1776575575621"
"799","2026-04-19 02:13:05","25.33","59","941.48","3880","","","","","-102","8","21734","1776575585625"
"800","2026-04-19 02:13:15","25.33","60.5","941.46","3880","","","","","-102","8","21735","1776575595625"
"801","2026-04-19 02:13:25","25.34","59.5","941.48","3880","","","","","-102","8.300000190734863","21736","1776575605620"
"802","2026-04-19 02:13:35","25.34","58.5","941.46","3880","","","","","-102","7.800000190734863","21737","1776575615628"
"803","2026-04-19 02:13:45","25.35","59.5","941.5","3880","","","","","-102","7.800000190734863","21738","1776575625635"
"804","2026-04-19 02:13:55","25.35","59.5","941.5","3880","","","","","-102","7.800000190734863","21739","1776575635629"
"805","2026-04-19 02:14:05","25.36","58.5","941.48","3880","","","","","-102","7.800000190734863","21740","1776575645630"
"806","2026-04-19 02:14:15","25.36","59.5","941.48","3880","","","","","-102","8","21741","1776575655630"
"807","2026-04-19 02:14:25","25.37","59","941.48","3880","","","","","-102","7.800000190734863","21742","1776575665624"
"808","2026-04-19 02:14:35","25.37","59","941.48","3880","","","","","-102","7.5","21743","1776575675662"
"809","2026-04-19 02:14:45","25.39","59.5","941.46","3880","","","","","-102","8","21744","1776575685625"
"810","2026-04-19 02:14:55","25.39","59.5","941.48","3880","","","","","-102","7.800000190734863","21745","1776575695605"
"811","2026-04-19 02:15:05","25.39","59.5","941.48","3880","","","","","-102","8","21746","1776575705627"
"812","2026-04-19 02:15:15","25.39","60","941.48","3880","","","","","-102","7.800000190734863","21747","1776575715631"
"813","2026-04-19 02:15:25","25.39","58.5","941.44","3880","","","","","-102","8","21748","1776575725627"
"814","2026-04-19 02:15:35","25.4","59.5","941.52","3880","","","","","-102","8","21749","1776575735635"
"815","2026-04-19 02:15:45","25.41","59.5","941.44","3880","","","","","-102","7.800000190734863","21750","1776575745600"
"816","2026-04-19 02:15:55","25.43","59","941.48","3880","","","","","-102","8","21751","1776575755631"
"817","2026-04-19 02:16:05","25.42","59","941.48","3880","","","","","-102","8","21752","1776575765635"
"818","2026-04-19 02:16:15","25.43","58.5","941.48","3880","","","","","-102","6.800000190734863","21753","1776575775643"
"819","2026-04-19 02:16:25","25.44","59","941.5","3880","","","","","-102","8","21754","1776575785625"
"820","2026-04-19 02:16:35","25.43","59.5","941.46","3880","","","","","-102","7.800000190734863","21755","1776575795630"
"821","2026-04-19 02:16:45","25.43","59","941.48","3880","","","","","-102","7.5","21756","1776575805635"
"822","2026-04-19 02:16:55","25.44","58.5","941.48","3880","","","","","-102","7.800000190734863","21757","1776575815622"
"823","2026-04-19 02:17:05","25.43","59","941.48","3880","","","","","-102","7.800000190734863","21758","1776575825634"
"824","2026-04-19 02:17:15","25.43","59.5","941.48","3880","","","","","-102","7.800000190734863","21759","1776575835625"
"825","2026-04-19 02:17:25","25.42","58.5","941.46","3880","","","","","-102","7.800000190734863","21760","1776575845622"
"826","2026-04-19 02:17:35","25.4","58.5","941.48","3880","","","","","-102","8","21761","1776575855608"
"827","2026-04-19 02:17:45","25.38","59","941.48","3880","","","","","-102","8","21762","1776575865665"
"828","2026-04-19 02:17:55","25.38","58.5","941.48","3880","","","","","-102","7.800000190734863","21763","1776575875622"
"829","2026-04-19 02:18:05","25.38","60.5","941.46","3880","","","","","-102","8","21764","1776575885624"
"830","2026-04-19 02:18:15","25.39","59.5","941.46","3880","","","","","-102","8","21765","1776575895628"
"831","2026-04-19 02:18:25","25.39","59","941.48","3880","","","","","-102","7.800000190734863","21766","1776575905624"
"832","2026-04-19 02:18:35","25.39","59","941.48","3880","","","","","-102","8","21767","1776575915635"
"833","2026-04-19 02:18:45","25.39","59","941.46","3880","","","","","-102","7.5","21768","1776575925619"
"834","2026-04-19 02:18:55","25.39","59.5","941.48","3880","","","","","-102","7.800000190734863","21769","1776575935620"
"835","2026-04-19 02:19:05","25.4","59","941.46","3880","","","","","-102","8","21770","1776575945634"
"836","2026-04-19 02:19:15","25.4","60","941.48","3880","","","","","-102","7.800000190734863","21771","1776575955626"
"837","2026-04-19 02:19:25","25.4","59","941.46","3880","","","","","-102","8","21772","1776575965622"
"838","2026-04-19 02:19:35","25.4","59","941.48","3880","","","","","-102","8.300000190734863","21773","1776575975629"
"839","2026-04-19 02:19:45","25.39","59","941.46","3880","","","","","-102","8.300000190734863","21774","1776575985626"
"840","2026-04-19 02:19:55","25.38","58.5","941.46","3880","","","","","-102","7.800000190734863","21775","1776575995640"
"841","2026-04-19 02:20:05","25.36","59","941.46","3880","","","","","-102","7.5","21776","1776576005629"
"842","2026-04-19 02:20:15","25.37","59.5","941.46","3880","","","","","-102","7.5","21777","1776576015629"
"843","2026-04-19 02:20:25","25.35","59","941.44","3880","","","","","-102","8","21778","1776576025631"
"844","2026-04-19 02:20:35","25.36","59.5","941.44","3880","","","","","-102","8","21779","1776576035632"
"845","2026-04-19 02:20:45","25.35","62.5","941.46","3880","","","","","-102","7.800000190734863","21780","1776576045630"
"846","2026-04-19 02:20:55","25.36","59","941.46","3880","","","","","-102","8","21781","1776576055590"
"847","2026-04-19 02:21:05","25.36","59.5","941.44","3880","","","","","-102","8.300000190734863","21782","1776576065649"
"848","2026-04-19 02:21:15","25.34","59","941.44","3880","","","","","-102","7","21783","1776576075657"
"849","2026-04-19 02:21:25","25.34","59.5","941.46","3880","","","","","-102","7.800000190734863","21784","1776576085629"
"850","2026-04-19 02:21:35","25.34","57.5","941.44","3880","","","","","-102","7.800000190734863","21785","1776576095634"
"851","2026-04-19 02:21:45","25.34","59","941.44","3880","","","","","-102","7.800000190734863","21786","1776576105627"
"852","2026-04-19 02:21:55","25.36","61","941.4200000000001","3880","","","","","-102","7.800000190734863","21787","1776576115620"
"853","2026-04-19 02:22:05","25.37","60","941.4200000000001","3880","","","","","-102","7.800000190734863","21788","1776576125606"
"854","2026-04-19 02:22:15","25.38","59.5","941.44","3960","","","","","-102","6.5","21789","1776576135668"
"855","2026-04-19 02:22:25","25.39","59","941.4200000000001","3960","","","","","-102","8","21790","1776576145620"
"856","2026-04-19 02:22:35","25.37","59","941.46","3960","","","","","-103","7.800000190734863","21791","1776576155634"
"857","2026-04-19 02:22:45","25.35","59.5","941.44","3960","","","","","-102","7.5","21792","1776576165597"
"858","2026-04-19 02:22:55","25.35","59","941.44","3960","","","","","-102","8","21793","1776576175627"
"859","2026-04-19 02:23:05","25.35","59","941.4200000000001","3960","","","","","-102","8","21794","1776576185626"
"860","2026-04-19 02:23:15","25.35","59","941.4200000000001","3960","","","","","-102","7.800000190734863","21795","1776576195613"
"861","2026-04-19 02:23:25","25.34","58.5","941.4200000000001","3960","","","","","-102","7.800000190734863","21796","1776576205631"
"862","2026-04-19 02:23:35","25.33","59","941.44","3960","","","","","-102","7.800000190734863","21797","1776576215652"
"863","2026-04-19 02:23:45","25.32","58.5","941.44","3960","","","","","-102","7.800000190734863","21798","1776576225620"
"864","2026-04-19 02:23:55","25.32","59","941.4","3960","","","","","-102","8","21799","1776576235630"
"865","2026-04-19 02:24:05","25.33","58.5","941.44","3960","","","","","-102","8","21800","1776576245617"
"866","2026-04-19 02:24:15","25.34","59","941.4","3960","","","","","-102","7.800000190734863","21801","1776576255626"
"867","2026-04-19 02:24:25","25.34","59.5","941.44","3960","","","","","-102","8","21802","1776576265631"
"868","2026-04-19 02:24:35","25.34","59.5","941.44","3960","","","","","-102","8","21803","1776576275637"
"869","2026-04-19 02:24:45","25.33","60","941.44","3960","","","","","-102","7.800000190734863","21804","1776576285630"
"870","2026-04-19 02:24:55","25.32","61","941.4","3960","","","","","-102","8","21805","1776576295622"
"871","2026-04-19 02:25:05","25.32","59","941.4","3960","","","","","-102","8","21806","1776576305638"
"872","2026-04-19 02:25:15","25.32","59","941.36","3960","","","","","-102","8","21807","1776576315590"
"873","2026-04-19 02:25:25","25.33","60","941.4200000000001","3960","","","","","-102","8","21808","1776576325623"
"874","2026-04-19 02:25:35","25.32","59","941.4","3960","","","","","-102","7.800000190734863","21809","1776576335597"
"875","2026-04-19 02:25:45","25.33","60.5","941.4","3960","","","","","-102","7.800000190734863","21810","1776576345627"
"876","2026-04-19 02:25:55","25.34","61","941.4","3960","","","","","-102","7.800000190734863","21811","1776576355625"
"877","2026-04-19 02:26:05","25.34","59.5","941.4200000000001","3960","","","","","-102","7.800000190734863","21812","1776576365608"
"878","2026-04-19 02:26:15","25.35","59","941.4200000000001","3960","","","","","-102","8","21813","1776576375597"
"879","2026-04-19 02:26:25","25.35","59","941.38","3960","","","","","-102","8","21814","1776576385624"
"880","2026-04-19 02:26:35","25.36","59.5","941.4200000000001","3960","","","","","-102","8","21815","1776576395635"
"881","2026-04-19 02:26:45","25.35","58.5","941.38","3960","","","","","-102","7.800000190734863","21816","1776576405628"
"882","2026-04-19 02:26:55","25.35","59.5","941.4200000000001","3960","","","","","-102","8","21817","1776576415626"
"883","2026-04-19 02:27:05","25.34","60","941.4200000000001","3920","","","","","-102","8","21818","1776576425632"
"884","2026-04-19 02:27:15","25.34","59.5","941.4","3920","","","","","-103","8","21819","1776576435631"
"885","2026-04-19 02:27:25","25.34","59","941.4","3920","","","","","-102","7.800000190734863","21820","1776576445596"
"886","2026-04-19 02:27:35","25.35","59","941.4","3920","","","","","-102","8","21821","1776576455658"
"887","2026-04-19 02:27:45","25.35","59","941.4","3920","","","","","-102","7.800000190734863","21822","1776576465630"
"888","2026-04-19 02:27:55","25.34","58.5","941.4","3920","","","","","-102","8.300000190734863","21823","1776576475658"
"889","2026-04-19 02:28:05","25.34","58.5","941.44","3920","","","","","-102","8","21824","1776576485633"
"890","2026-04-19 02:28:15","25.34","59.5","941.4","3920","","","","","-102","8","21825","1776576495620"
"891","2026-04-19 02:28:25","25.34","60","941.4","3920","","","","","-102","8.300000190734863","21826","1776576505626"
"892","2026-04-19 02:28:35","25.34","58.5","941.4","3920","","","","","-102","8.300000190734863","21827","1776576515601"
"893","2026-04-19 02:28:45","25.35","60","941.4","3900","","","","","-102","8","21828","1776576525622"
"894","2026-04-19 02:28:55","25.35","59","941.38","3920","","","","","-102","8.300000190734863","21829","1776576535628"
"895","2026-04-19 02:29:05","25.36","59.5","941.4","3900","","","","","-102","8.300000190734863","21830","1776576545629"
"896","2026-04-19 02:29:15","25.35","58.5","941.46","3900","","","","","-102","8","21831","1776576555609"
"897","2026-04-19 02:29:25","25.35","59.5","941.4","3920","","","","","-102","8","21832","1776576565630"
"898","2026-04-19 02:29:35","25.35","59","941.4200000000001","3900","","","","","-102","8","21833","1776576575621"
"899","2026-04-19 02:29:45","25.35","59.5","941.38","3900","","","","","-102","8","21834","1776576585619"
"900","2026-04-19 02:29:55","25.35","59.5","941.38","3900","","","","","-102","8.300000190734863","21835","1776576595626"
"901","2026-04-19 02:30:05","25.36","59","941.4200000000001","3900","","","","","-102","8.300000190734863","21836","1776576605624"
"902","2026-04-19 02:30:15","25.37","60","941.4200000000001","3900","","","","","-102","8","21837","1776576615634"
"903","2026-04-19 02:30:25","25.38","59.5","941.4200000000001","3900","","","","","-102","8.300000190734863","21838","1776576625627"
"904","2026-04-19 02:30:35","25.39","59.5","941.4200000000001","3900","","","","","-102","8","21839","1776576635625"
"905","2026-04-19 02:30:45","25.39","59","941.4","3900","","","","","-102","8","21840","1776576645641"
"906","2026-04-19 02:30:55","25.39","60","941.4","3900","","","","","-102","8","21841","1776576655622"
"907","2026-04-19 02:31:05","25.39","60","941.4","3900","","","","","-102","8.300000190734863","21842","1776576665658"
"908","2026-04-19 02:31:15","25.39","59","941.4","3900","","","","","-102","8","21843","1776576675590"
"909","2026-04-19 02:31:25","25.39","59.5","941.4","3900","","","","","-102","8","21844","1776576685620"
"910","2026-04-19 02:31:35","25.39","59","941.36","3900","","","","","-102","8.300000190734863","21845","1776576695598"
"911","2026-04-19 02:31:45","25.41","59","941.4200000000001","3900","","","","","-102","8","21846","1776576705623"
"912","2026-04-19 02:31:55","25.41","59","941.4200000000001","3900","","","","","-102","8","21847","1776576715622"
"913","2026-04-19 02:32:05","25.4","58.5","941.4","3900","","","","","-102","8","21848","1776576725632"
"914","2026-04-19 02:32:15","25.39","58","941.4200000000001","3900","","","","","-102","8","21849","1776576735622"
"915","2026-04-19 02:32:25","25.39","59","941.4","3900","","","","","-102","8","21850","1776576745621"
"916","2026-04-19 02:32:35","25.39","58.5","941.4","3900","","","","","-102","8","21851","1776576755636"
"917","2026-04-19 02:32:45","25.4","59","941.4","3900","","","","","-102","8","21852","1776576765637"
"918","2026-04-19 02:32:55","25.39","59","941.4","3900","","","","","-102","8","21853","1776576775622"
"919","2026-04-19 02:33:05","25.41","59.5","941.4200000000001","3900","","","","","-102","7.800000190734863","21854","1776576785632"
"920","2026-04-19 02:33:15","25.42","58.5","941.46","3900","","","","","-102","8","21855","1776576795663"
"921","2026-04-19 02:33:25","25.43","59","941.4200000000001","3900","","","","","-102","8.300000190734863","21856","1776576805617"
"922","2026-04-19 02:33:35","25.43","59","941.4200000000001","3900","","","","","-102","8","21857","1776576815641"
"923","2026-04-19 02:33:45","25.42","59","941.4","3900","","","","","-102","8","21858","1776576825594"
"924","2026-04-19 02:33:55","25.42","59","941.4200000000001","3900","","","","","-102","8","21859","1776576835633"
"925","2026-04-19 02:34:05","25.4","58","941.4200000000001","3900","","","","","-102","7.800000190734863","21860","1776576845621"
"926","2026-04-19 02:34:15","25.39","59.5","941.4200000000001","3900","","","","","-102","8","21861","1776576855628"
"927","2026-04-19 02:34:25","25.39","57","941.4200000000001","3900","","","","","-102","8","21862","1776576865628"
"928","2026-04-19 02:34:35","25.39","59","941.4","3900","","","","","-102","8.300000190734863","21863","1776576875625"
"929","2026-04-19 02:34:45","25.39","59","941.4","3900","","","","","-102","7.800000190734863","21864","1776576885627"
"930","2026-04-19 02:34:55","25.38","58.5","941.4200000000001","3900","","","","","-102","8.300000190734863","21865","1776576895627"
"931","2026-04-19 02:35:05","25.39","58.5","941.4200000000001","3900","","","","","-102","8","21866","1776576905622"
"932","2026-04-19 02:35:15","25.38","59","941.44","3900","","","","","-102","8","21867","1776576915671"
"933","2026-04-19 02:35:25","25.37","59","941.4200000000001","3900","","","","","-102","8","21868","1776576925628"
"934","2026-04-19 02:35:35","25.37","59.5","941.4","3900","","","","","-102","8","21869","1776576935595"
"935","2026-04-19 02:35:45","25.37","59.5","941.44","3900","","","","","-102","8","21870","1776576945620"
"936","2026-04-19 02:35:55","25.37","58.5","941.44","3900","","","","","-102","8","21871","1776576955628"
"937","2026-04-19 02:36:05","25.38","58.5","941.4200000000001","3900","","","","","-102","8.300000190734863","21872","1776576965596"
"938","2026-04-19 02:36:15","25.38","59","941.4","3900","","","","","-102","8","21873","1776576975625"
"939","2026-04-19 02:36:25","25.4","59","941.4","3900","","","","","-102","8.300000190734863","21874","1776576985593"
"940","2026-04-19 02:36:35","25.39","60.5","941.4","3900","","","","","-102","8","21875","1776576995627"
"941","2026-04-19 02:36:45","25.39","59.5","941.4","3900","","","","","-102","8.300000190734863","21876","1776577005628"
"942","2026-04-19 02:36:55","25.39","58.5","941.4","3900","","","","","-102","7.800000190734863","21877","1776577015629"
"943","2026-04-19 02:37:05","25.39","59","941.4200000000001","3900","","","","","-102","8.300000190734863","21878","1776577025586"
"944","2026-04-19 02:37:15","25.4","59","941.4","3880","","","","","-102","8","21879","1776577035661"
"945","2026-04-19 02:37:25","25.4","59","941.4200000000001","3900","","","","","-102","8","21880","1776577045626"
"946","2026-04-19 02:37:35","25.42","59.5","941.4200000000001","3900","","","","","-102","8","21881","1776577055635"
"947","2026-04-19 02:37:45","25.43","59","941.4200000000001","3900","","","","","-102","8","21882","1776577065624"
"948","2026-04-19 02:37:55","25.43","59","941.38","3900","","","","","-102","8.300000190734863","21883","1776577075626"
"949","2026-04-19 02:38:05","25.43","59","941.4200000000001","3900","","","","","-102","7.800000190734863","21884","1776577085629"
"950","2026-04-19 02:38:15","25.44","60","941.4","3900","","","","","-102","8","21885","1776577095631"
"951","2026-04-19 02:38:25","25.42","59","941.4200000000001","3900","","","","","-102","8.300000190734863","21886","1776577105624"
"952","2026-04-19 02:38:35","25.42","59","941.4","3900","","","","","-102","8","21887","1776577115633"
"953","2026-04-19 02:38:45","25.42","58.5","941.4","3900","","","","","-102","8","21888","1776577125640"
"954","2026-04-19 02:38:55","25.43","59","941.4200000000001","3900","","","","","-102","8","21889","1776577135624"
"955","2026-04-19 02:39:05","25.44","59.5","941.4200000000001","3880","","","","","-102","7.800000190734863","21890","1776577145622"
"956","2026-04-19 02:39:15","25.44","59","941.4","3900","","","","","-102","8","21891","1776577155619"
"957","2026-04-19 02:39:25","25.42","58.5","941.4200000000001","3880","","","","","-102","7.800000190734863","21892","1776577165621"
"958","2026-04-19 02:39:35","25.41","58.5","941.44","3880","","","","","-102","8","21893","1776577175622"
"959","2026-04-19 02:39:45","25.4","58.5","941.4200000000001","3900","","","","","-102","7.800000190734863","21894","1776577185621"
"960","2026-04-19 02:39:55","25.41","59","941.46","3900","","","","","-102","8","21895","1776577195619"
"961","2026-04-19 02:40:05","25.41","58.5","941.4200000000001","3880","","","","","-102","8","21896","1776577205629"
"962","2026-04-19 02:40:15","25.39","59.5","941.4200000000001","3900","","","","","-102","8.300000190734863","21897","1776577215615"
"963","2026-04-19 02:40:25","25.38","58.5","941.44","3880","","","","","-102","8","21898","1776577225628"
"964","2026-04-19 02:40:35","25.37","60.5","941.4200000000001","3880","","","","","-102","7.5","21899","1776577235646"
"965","2026-04-19 02:40:45","25.38","58.5","941.44","3900","","","","","-102","8","21900","1776577245632"
"966","2026-04-19 02:40:55","25.39","59","941.44","3880","","","","","-102","8","21901","1776577255595"
"967","2026-04-19 02:41:05","25.38","58","941.4200000000001","3900","","","","","-102","8","21902","1776577265662"
"968","2026-04-19 02:41:15","25.37","59","941.4200000000001","3880","","","","","-102","7.5","21903","1776577275633"
"969","2026-04-19 02:41:25","25.37","58.5","941.4200000000001","3880","","","","","-102","7.800000190734863","21904","1776577285595"
"970","2026-04-19 02:41:35","25.38","59","941.4","3880","","","","","-102","8","21905","1776577295626"
"971","2026-04-19 02:41:45","25.4","60","941.4200000000001","3880","","","","","-102","8","21906","1776577305627"
"972","2026-04-19 02:41:55","25.38","59","941.38","3900","","","","","-102","8.300000190734863","21907","1776577315620"
"973","2026-04-19 02:42:05","25.39","58.5","941.36","3880","","","","","-102","8","21908","1776577325624"
"974","2026-04-19 02:42:15","25.38","59","941.4200000000001","3900","","","","","-102","7.800000190734863","21909","1776577335630"
"975","2026-04-19 02:42:25","25.39","59","941.38","3900","","","","","-102","8","21910","1776577345626"
"976","2026-04-19 02:42:35","25.41","58.5","941.44","3900","","","","","-102","8","21911","1776577355650"
"977","2026-04-19 02:42:45","25.42","58.5","941.38","3880","","","","","-102","7.800000190734863","21912","1776577365659"
"978","2026-04-19 02:42:55","25.41","59.5","941.38","3880","","","","","-102","7.800000190734863","21913","1776577375621"
"979","2026-04-19 02:43:05","25.38","59","941.38","3900","","","","","-102","8","21914","1776577385628"
"980","2026-04-19 02:43:15","25.39","59.5","941.4","3880","","","","","-102","7.800000190734863","21915","1776577395593"
"981","2026-04-19 02:43:25","25.39","58","941.4","3900","","","","","-102","7.800000190734863","21916","1776577405587"
"982","2026-04-19 02:43:35","25.39","59","941.4","3880","","","","","-102","8.300000190734863","21917","1776577415625"
"983","2026-04-19 02:43:45","25.39","59","941.4","3880","","","","","-102","8","21918","1776577425620"
"984","2026-04-19 02:43:55","25.38","59.5","941.4200000000001","3880","","","","","-102","8","21919","1776577435618"
"985","2026-04-19 02:44:05","25.38","58.5","941.4200000000001","3880","","","","","-102","8","21920","1776577445610"
"986","2026-04-19 02:44:15","25.37","58","941.4","3880","","","","","-102","8","21921","1776577455624"
"987","2026-04-19 02:44:25","25.36","59","941.36","3880","","","","","-102","8","21922","1776577465622"
"988","2026-04-19 02:44:35","25.36","59.5","941.4200000000001","3880","","","","","-102","8","21923","1776577475647"
"989","2026-04-19 02:44:45","25.35","59.5","941.38","3880","","","","","-102","8.300000190734863","21924","1776577485624"
"990","2026-04-19 02:44:55","25.34","58","941.38","3880","","","","","-102","7.800000190734863","21925","1776577495603"
"991","2026-04-19 02:45:05","25.34","59","941.38","3880","","","","","-102","8","21926","1776577505625"
"992","2026-04-19 02:45:15","25.34","59","941.4","3880","","","","","-102","7.800000190734863","21927","1776577515634"
"993","2026-04-19 02:45:25","25.34","59","941.36","3880","","","","","-102","7.5","21928","1776577525617"
"994","2026-04-19 02:45:35","25.34","59","941.38","3880","","","","","-102","8.300000190734863","21929","1776577535628"
"995","2026-04-19 02:45:45","25.34","58.5","941.36","3880","","","","","-102","8.300000190734863","21930","1776577545586"
"996","2026-04-19 02:45:55","25.36","59","941.38","3880","","","","","-102","8","21931","1776577555587"
"997","2026-04-19 02:46:05","25.37","62","941.4","3880","","","","","-102","8.300000190734863","21932","1776577565636"
"998","2026-04-19 02:46:15","25.38","58.5","941.36","3880","","","","","-102","8.300000190734863","21933","1776577575624"
"999","2026-04-19 02:46:25","25.38","59","941.4","3880","","","","","-102","7.800000190734863","21934","1776577585653"
"1000","2026-04-19 02:46:35","25.37","58.5","941.38","3880","","","","","-102","8","21935","1776577595637"
"1001","2026-04-19 02:46:45","25.38","59.5","941.4200000000001","3880","","","","","-102","7.300000190734863","21936","1776577605620"
"1002","2026-04-19 02:46:55","25.38","60","941.4200000000001","3880","","","","","-102","8","21937","1776577615598"
"1003","2026-04-19 02:47:05","25.38","59","941.38","3880","","","","","-102","7.800000190734863","21938","1776577625623"
"1004","2026-04-19 02:47:15","25.38","58.5","941.4","3880","","","","","-101","7.5","21939","1776577635623"
"1005","2026-04-19 02:47:25","25.35","59.5","941.4","3880","","","","","-102","8.300000190734863","21940","1776577645614"
"1006","2026-04-19 02:47:35","25.34","59.5","941.4","3880","","","","","-102","8.300000190734863","21941","1776577655631"
"1007","2026-04-19 02:47:45","25.33","59","941.4200000000001","3880","","","","","-102","8","21942","1776577665632"
"1008","2026-04-19 02:47:55","25.32","59","941.4","3880","","","","","-101","7.5","21943","1776577675621"
"1009","2026-04-19 02:48:05","25.31","59","941.4","3880","","","","","-102","7.800000190734863","21944","1776577685624"
"1010","2026-04-19 02:48:15","25.32","58.5","941.4","3880","","","","","-102","8","21945","1776577695633"
"1011","2026-04-19 02:48:25","25.32","60","941.4","3880","","","","","-102","8","21946","1776577705624"
"1012","2026-04-19 02:48:35","25.32","58.5","941.44","3880","","","","","-102","8","21947","1776577715644"
"1013","2026-04-19 02:48:45","25.32","58","941.4200000000001","3880","","","","","-102","8","21948","1776577725652"
"1014","2026-04-19 02:48:55","25.32","59","941.4","3880","","","","","-102","8.300000190734863","21949","1776577735623"
"1015","2026-04-19 02:49:05","25.32","59.5","941.4200000000001","3880","","","","","-102","6.800000190734863","21950","1776577745590"
"1016","2026-04-19 02:49:15","25.3","58.5","941.44","3880","","","","","-102","8","21951","1776577755622"
"1017","2026-04-19 02:49:25","25.3","59.5","941.44","3880","","","","","-102","7.800000190734863","21952","1776577765624"
"1018","2026-04-19 02:49:35","25.28","60","941.48","3880","","","","","-102","8.300000190734863","21953","1776577775619"
"1019","2026-04-19 02:49:45","25.29","59","941.46","3880","","","","","-102","7.800000190734863","21954","1776577785624"
"1020","2026-04-19 02:49:55","25.3","59.5","941.46","3880","","","","","-102","7.800000190734863","21955","1776577795618"
"1021","2026-04-19 02:50:05","25.31","58.5","941.46","3880","","","","","-102","8","21956","1776577805621"
"1022","2026-04-19 02:50:15","25.32","59","941.48","3880","","","","","-102","8","21957","1776577815632"
"1023","2026-04-19 02:50:25","25.32","62","941.4200000000001","3880","","","","","-102","7.800000190734863","21958","1776577825624"
"1024","2026-04-19 02:50:35","25.34","58.5","941.44","3880","","","","","-102","8.300000190734863","21959","1776577835628"
"1025","2026-04-19 02:50:45","25.33","58.5","941.44","3880","","","","","-102","8","21960","1776577845619"
"1026","2026-04-19 02:50:55","25.33","58","941.44","3880","","","","","-102","8.300000190734863","21961","1776577855664"
"1027","2026-04-19 02:51:05","25.32","59","941.44","3880","","","","","-102","7.800000190734863","21962","1776577865630"
"1028","2026-04-19 02:51:15","25.33","58","941.4200000000001","3880","","","","","-102","8","21963","1776577875616"
"1029","2026-04-19 02:51:25","25.32","59.5","941.38","3880","","","","","-102","8.800000190734863","21964","1776577885622"
"1030","2026-04-19 02:51:35","25.32","59.5","941.46","3880","","","","","-101","8.5","21965","1776577895588"
"1031","2026-04-19 02:51:45","25.33","59","941.4200000000001","3880","","","","","-102","8","21966","1776577905592"
"1032","2026-04-19 02:51:55","25.34","59","941.4200000000001","3880","","","","","-102","7.800000190734863","21967","1776577915586"
"1033","2026-04-19 02:52:05","25.35","58.5","941.4200000000001","3880","","","","","-102","8.300000190734863","21968","1776577925597"
"1034","2026-04-19 02:52:15","25.34","58.5","941.44","3880","","","","","-102","8","21969","1776577935624"
"1035","2026-04-19 02:52:25","25.34","59.5","941.44","3880","","","","","-102","8.300000190734863","21970","1776577945615"
"1036","2026-04-19 02:52:35","25.33","58","941.38","3880","","","","","-102","8","21971","1776577955630"
"1037","2026-04-19 02:52:45","25.33","59","941.4200000000001","3880","","","","","-102","7.5","21972","1776577965633"
"1038","2026-04-19 02:52:55","25.33","58.5","941.44","3880","","","","","-102","7.5","21973","1776577975621"
"1039","2026-04-19 02:53:05","25.33","58.5","941.46","3880","","","","","-102","8.300000190734863","21974","1776577985628"
"1040","2026-04-19 02:53:15","25.33","58.5","941.44","3880","","","","","-102","7.300000190734863","21975","1776577995622"
"1041","2026-04-19 02:53:25","25.34","59.5","941.44","3880","","","","","-102","7.800000190734863","21976","1776578005614"
"1042","2026-04-19 02:53:35","25.35","59","941.4200000000001","3880","","","","","-102","8","21977","1776578015616"
"1043","2026-04-19 02:53:45","25.36","58.5","941.38","3880","","","","","-102","8.300000190734863","21978","1776578025632"
"1044","2026-04-19 02:53:55","25.38","58.5","941.4200000000001","3880","","","","","-102","7","21979","1776578035626"
"1045","2026-04-19 02:54:05","25.37","59.5","941.4","3880","","","","","-102","7.5","21980","1776578045670"
"1046","2026-04-19 02:54:15","25.36","58.5","941.4","3880","","","","","-102","7.800000190734863","21981","1776578055599"
"1047","2026-04-19 02:54:25","25.36","59","941.4","3880","","","","","-102","7","21982","1776578065619"
"1048","2026-04-19 02:54:35","25.36","58.5","941.38","3880","","","","","-102","8.300000190734863","21983","1776578075629"
"1049","2026-04-19 02:54:45","25.36","59","941.4200000000001","3880","","","","","-102","8.300000190734863","21984","1776578085635"
"1050","2026-04-19 02:54:55","25.36","59","941.44","3880","","","","","-102","8","21985","1776578095621"
"1051","2026-04-19 02:55:05","25.35","58.5","941.4","3880","","","","","-102","8","21986","1776578105595"
"1052","2026-04-19 02:55:15","25.34","58","941.38","3880","","","","","-102","8","21987","1776578115623"
"1053","2026-04-19 02:55:25","25.34","59","941.4200000000001","3880","","","","","-102","8","21988","1776578125621"
"1054","2026-04-19 02:55:35","25.33","59","941.4","3880","","","","","-102","8","21989","1776578135625"
"1055","2026-04-19 02:55:45","25.34","59","941.4200000000001","3880","","","","","-102","7.800000190734863","21990","1776578145626"
"1056","2026-04-19 02:55:55","25.35","61","941.4200000000001","3880","","","","","-102","8","21991","1776578155596"
"1057","2026-04-19 02:56:05","25.35","59","941.38","3880","","","","","-102","8","21992","1776578165655"
"1058","2026-04-19 02:56:15","25.35","60","941.4","3880","","","","","-102","8.300000190734863","21993","1776578175645"
"1059","2026-04-19 02:56:25","25.36","59.5","941.4200000000001","3880","","","","","-102","8","21994","1776578185595"
"1060","2026-04-19 02:56:35","25.34","59","941.46","3880","","","","","-102","8.300000190734863","21995","1776578195633"
"1061","2026-04-19 02:56:45","25.34","58.5","941.44","3880","","","","","-102","8","21996","1776578205628"
"1062","2026-04-19 02:56:55","25.34","59.5","941.4","3880","","","","","-102","8","21997","1776578215598"
"1063","2026-04-19 02:57:05","25.34","58.5","941.4","3880","","","","","-102","8","21998","1776578225627"
"1064","2026-04-19 02:57:15","25.33","59","941.4200000000001","3880","","","","","-102","8.300000190734863","21999","1776578235619"
"1065","2026-04-19 02:57:25","25.33","59","941.44","3880","","","","","-102","8","22000","1776578245619"
"1066","2026-04-19 02:57:35","25.33","56.5","941.44","3880","","","","","-102","8.300000190734863","22001","1776578255623"
"1067","2026-04-19 02:57:45","25.33","58","941.4200000000001","3880","","","","","-102","8.300000190734863","22002","1776578265621"
"1068","2026-04-19 02:57:55","25.33","59.5","941.44","3880","","","","","-102","8.300000190734863","22003","1776578275618"
"1069","2026-04-19 02:58:05","25.34","58.5","941.4200000000001","3880","","","","","-102","8.300000190734863","22004","1776578285626"
"1070","2026-04-19 02:58:15","25.37","59","941.44","3880","","","","","-102","8.5","22005","1776578295620"
"1071","2026-04-19 02:58:25","25.36","59","941.44","3880","","","","","-102","8","22006","1776578305624"
"1072","2026-04-19 02:58:35","25.35","57","941.4200000000001","3880","","","","","-102","8.300000190734863","22007","1776578315620"
"1073","2026-04-19 02:58:45","25.35","59","941.44","3880","","","","","-102","8","22008","1776578325628"
"1074","2026-04-19 02:58:55","25.34","58.5","941.44","3880","","","","","-102","7.800000190734863","22009","1776578335619"
"1075","2026-04-19 02:59:05","25.33","59","941.4","3880","","","","","-102","8","22010","1776578345627"
"1076","2026-04-19 02:59:15","25.33","59.5","941.46","3880","","","","","-102","7.5","22011","1776578355597"
"1077","2026-04-19 02:59:25","25.34","56","941.44","3880","","","","","-102","8","22012","1776578365659"
"1078","2026-04-19 02:59:35","25.34","59.5","941.44","3880","","","","","-102","8.300000190734863","22013","1776578375628"
"1079","2026-04-19 02:59:45","25.34","58.5","941.4200000000001","3880","","","","","-102","7.800000190734863","22014","1776578385633"
"1080","2026-04-19 02:59:55","25.33","57","941.44","3880","","","","","-102","8.300000190734863","22015","1776578395625"
"1081","2026-04-19 03:00:05","25.33","59","941.46","3880","","","","","-102","7.800000190734863","22016","1776578405614"
"1082","2026-04-19 03:00:15","25.33","57.5","941.46","3880","","","","","-102","8","22017","1776578415604"
"1083","2026-04-19 03:00:25","25.33","60","941.44","3880","","","","","-102","8","22018","1776578425629"
"1084","2026-04-19 03:00:35","25.32","59","941.46","3880","","","","","-102","8","22019","1776578435636"
"1085","2026-04-19 03:00:45","25.31","59","941.4200000000001","3880","","","","","-102","8","22020","1776578445629"
"1086","2026-04-19 03:00:55","25.29","62.5","941.46","3880","","","","","-102","8","22021","1776578455637"
"1087","2026-04-19 03:01:05","25.27","58.5","941.48","3880","","","","","-102","8","22022","1776578465606"
"1088","2026-04-19 03:01:15","25.25","57.5","941.46","3880","","","","","-102","8","22023","1776578475627"
"1089","2026-04-19 03:01:25","25.24","58","941.5","3880","","","","","-102","8.300000190734863","22024","1776578485620"
"1090","2026-04-19 03:01:35","25.22","60","941.46","3880","","","","","-102","8","22025","1776578495584"
"1091","2026-04-19 03:01:45","25.22","58.5","941.48","3880","","","","","-102","8.300000190734863","22026","1776578505612"
"1092","2026-04-19 03:01:55","25.22","59","941.48","3880","","","","","-102","7.800000190734863","22027","1776578515619"
"1093","2026-04-19 03:02:05","25.23","58.5","941.48","3880","","","","","-102","8.300000190734863","22028","1776578525586"
"1094","2026-04-19 03:02:15","25.23","59.5","941.44","3880","","","","","-102","8.300000190734863","22029","1776578535630"
"1095","2026-04-19 03:02:25","25.24","59.5","941.48","3880","","","","","-102","8","22030","1776578545621"
"1096","2026-04-19 03:02:35","25.24","60.5","941.48","3880","","","","","-102","8","22031","1776578555623"
"1097","2026-04-19 03:02:45","25.25","59","941.48","3880","","","","","-102","8","22032","1776578565638"
"1098","2026-04-19 03:02:55","25.26","62","941.46","3880","","","","","-102","8","22033","1776578575625"
"1099","2026-04-19 03:03:05","25.26","60","941.44","3880","","","","","-102","8.300000190734863","22034","1776578585626"
"1100","2026-04-19 03:03:15","25.28","58.5","941.4200000000001","3880","","","","","-102","8","22035","1776578595620"
"1101","2026-04-19 03:03:25","25.28","57.5","941.44","3880","","","","","-102","7.800000190734863","22036","1776578605620"
"1102","2026-04-19 03:03:35","25.28","58.5","941.4200000000001","3880","","","","","-102","8","22037","1776578615624"
"1103","2026-04-19 03:03:45","25.28","58.5","941.44","3880","","","","","-102","8","22038","1776578625621"
"1104","2026-04-19 03:03:55","25.28","59.5","941.46","3880","","","","","-102","7.800000190734863","22039","1776578635618"
"1105","2026-04-19 03:04:05","25.28","57.5","941.48","3880","","","","","-102","8","22040","1776578645589"
"1106","2026-04-19 03:04:15","25.29","59.5","941.46","3960","","","","","-102","8.300000190734863","22041","1776578655628"
"1107","2026-04-19 03:04:25","25.28","61.5","941.46","3960","","","","","-102","8","22042","1776578665618"
"1108","2026-04-19 03:04:35","25.27","59","941.48","3960","","","","","-102","8.300000190734863","22043","1776578675638"
"1109","2026-04-19 03:04:45","25.27","58.5","941.48","3960","","","","","-102","8","22044","1776578685598"
"1110","2026-04-19 03:04:55","25.26","59","941.46","3960","","","","","-102","8.300000190734863","22045","1776578695621"
"1111","2026-04-19 03:05:05","25.26","59","941.48","3960","","","","","-102","8","22046","1776578705634"
"1112","2026-04-19 03:05:15","25.27","58.5","941.46","3960","","","","","-102","8.300000190734863","22047","1776578715615"
"1113","2026-04-19 03:05:25","25.27","59","941.46","3960","","","","","-102","7.800000190734863","22048","1776578725614"
"1114","2026-04-19 03:05:35","25.28","58","941.44","3960","","","","","-102","8","22049","1776578735614"
"1115","2026-04-19 03:05:45","25.28","60","941.48","3960","","","","","-102","8.300000190734863","22050","1776578745617"
"1116","2026-04-19 03:05:55","25.28","59.5","941.46","3960","","","","","-102","8.300000190734863","22051","1776578755619"
"1117","2026-04-19 03:06:05","25.28","60","941.48","3960","","","","","-102","8","22052","1776578765620"
"1118","2026-04-19 03:06:15","25.28","59","941.46","3960","","","","","-102","8.300000190734863","22053","1776578775625"
"1119","2026-04-19 03:06:25","25.29","60","941.48","3960","","","","","-102","8","22054","1776578785623"
"1120","2026-04-19 03:06:35","25.28","58","941.48","3960","","","","","-102","8","22055","1776578795623"
"1121","2026-04-19 03:06:45","25.29","58","941.5","3960","","","","","-102","8","22056","1776578805627"
"1122","2026-04-19 03:06:55","25.29","59.5","941.5","3960","","","","","-102","8","22057","1776578815587"
"1123","2026-04-19 03:07:05","25.28","57","941.44","3960","","","","","-102","8.300000190734863","22058","1776578825626"
"1124","2026-04-19 03:07:15","25.26","59","941.46","3960","","","","","-102","8.300000190734863","22059","1776578835592"
"1125","2026-04-19 03:07:25","25.26","60","941.48","3960","","","","","-102","7.800000190734863","22060","1776578845611"
"1126","2026-04-19 03:07:35","25.27","59","941.48","3960","","","","","-102","8.300000190734863","22061","1776578855620"
"1127","2026-04-19 03:07:45","25.27","60","941.48","3960","","","","","-102","8","22062","1776578865620"
"1128","2026-04-19 03:07:55","25.26","58.5","941.48","3960","","","","","-102","8","22063","1776578875626"
"1129","2026-04-19 03:08:05","25.26","58","941.48","3960","","","","","-102","8","22064","1776578885619"
"1130","2026-04-19 03:08:15","25.27","58.5","941.48","3960","","","","","-102","8","22065","1776578895639"
"1131","2026-04-19 03:08:25","25.25","59","941.5","3960","","","","","-102","7.5","22066","1776578905612"
"1132","2026-04-19 03:08:35","25.26","59","941.5","3960","","","","","-102","8","22067","1776578915628"
"1133","2026-04-19 03:08:45","25.26","58.5","941.5","3960","","","","","-102","8","22068","1776578925655"
"1134","2026-04-19 03:08:55","25.26","57.5","941.48","3920","","","","","-102","8","22069","1776578935619"
"1135","2026-04-19 03:09:05","25.27","59","941.52","3920","","","","","-102","8","22070","1776578945597"
"1136","2026-04-19 03:09:15","25.24","59.5","941.52","3920","","","","","-102","8.300000190734863","22071","1776578955621"
"1137","2026-04-19 03:09:25","25.25","61","941.54","3920","","","","","-102","8.300000190734863","22072","1776578965623"
"1138","2026-04-19 03:09:35","25.24","55.5","941.52","3920","","","","","-102","8","22073","1776578975619"
"1139","2026-04-19 03:09:45","25.25","56.5","941.52","3920","","","","","-102","8.300000190734863","22074","1776578985619"
"1140","2026-04-19 03:09:55","25.25","59.5","941.5","3920","","","","","-102","8","22075","1776578995618"
"1141","2026-04-19 03:10:05","25.25","57.5","941.54","3920","","","","","-101","8","22076","1776579005622"
"1142","2026-04-19 03:10:15","25.25","57.5","941.52","3920","","","","","-102","8","22077","1776579015617"
"1143","2026-04-19 03:10:25","25.24","59","941.52","3920","","","","","-102","8.5","22078","1776579025588"
"1144","2026-04-19 03:10:35","25.24","59.5","941.54","3920","","","","","-101","8.5","22079","1776579035622"
"1145","2026-04-19 03:10:45","25.26","58.5","941.5","3920","","","","","-102","8","22080","1776579045615"
"1146","2026-04-19 03:10:55","25.26","58.5","941.54","3920","","","","","-102","8.300000190734863","22081","1776579055620"
"1147","2026-04-19 03:11:05","25.26","60.5","941.52","3900","","","","","-101","8.5","22082","1776579065627"
"1148","2026-04-19 03:11:15","25.27","58.5","941.5","3900","","","","","-101","8.300000190734863","22083","1776579075615"
"1149","2026-04-19 03:11:25","25.27","59","941.52","3900","","","","","-101","8.800000190734863","22084","1776579085622"
"1150","2026-04-19 03:11:35","25.28","58","941.52","3900","","","","","-101","8.5","22085","1776579095616"
"1151","2026-04-19 03:11:45","25.29","58.5","941.54","3900","","","","","-101","7.5","22086","1776579105615"
"1152","2026-04-19 03:11:55","25.3","57","941.52","3900","","","","","-102","8.300000190734863","22087","1776579115584"
"1153","2026-04-19 03:12:05","25.3","59.5","941.52","3900","","","","","-102","7.800000190734863","22088","1776579125586"
"1154","2026-04-19 03:12:15","25.3","58.5","941.52","3900","","","","","-102","8","22089","1776579135638"
"1155","2026-04-19 03:12:25","25.29","58.5","941.5","3900","","","","","-102","8.300000190734863","22090","1776579145590"
"1156","2026-04-19 03:12:35","25.29","59","941.54","3900","","","","","-101","8.5","22091","1776579155619"
"1157","2026-04-19 03:12:45","25.28","58.5","941.54","3900","","","","","-101","8.300000190734863","22092","1776579165625"
"1158","2026-04-19 03:12:55","25.27","61","941.52","3900","","","","","-101","8.300000190734863","22093","1776579175613"
"1159","2026-04-19 03:13:05","25.26","58.5","941.52","3900","","","","","-101","8.300000190734863","22094","1776579185626"
"1160","2026-04-19 03:13:15","25.28","59","941.5","3900","","","","","-101","8.800000190734863","22095","1776579195626"
"1161","2026-04-19 03:13:25","25.27","59","941.52","3900","","","","","-102","8","22096","1776579205620"
"1162","2026-04-19 03:13:35","25.28","59","941.48","3900","","","","","-101","8.5","22097","1776579215620"
"1163","2026-04-19 03:13:45","25.28","59","941.5","3900","","","","","-102","8","22098","1776579225618"
"1164","2026-04-19 03:13:55","25.27","58.5","941.5","3900","","","","","-101","8.300000190734863","22099","1776579235611"
"1165","2026-04-19 03:14:05","25.26","61.5","941.48","3900","","","","","-102","8","22100","1776579245594"
"1166","2026-04-19 03:14:15","25.27","59.5","941.5","3900","","","","","-102","8","22101","1776579255597"
"1167","2026-04-19 03:14:25","25.28","58.5","941.46","3900","","","","","-102","8","22102","1776579265613"
"1168","2026-04-19 03:14:35","25.27","59.5","941.46","3900","","","","","-102","8.300000190734863","22103","1776579275611"
"1169","2026-04-19 03:14:45","25.26","59","941.46","3900","","","","","-102","8","22104","1776579285582"
"1170","2026-04-19 03:14:55","25.27","59","941.46","3900","","","","","-102","8.300000190734863","22105","1776579295621"
"1171","2026-04-19 03:15:05","25.28","58","941.48","3900","","","","","-102","8.300000190734863","22106","1776579305598"
"1172","2026-04-19 03:15:15","25.29","59","941.5","3900","","","","","-102","8.300000190734863","22107","1776579315614"
"1173","2026-04-19 03:15:25","25.29","59","941.5","3900","","","","","-102","8.300000190734863","22108","1776579325617"
"1174","2026-04-19 03:15:35","25.29","58","941.48","3900","","","","","-102","7.800000190734863","22109","1776579335609"
"1175","2026-04-19 03:15:45","25.3","59.5","941.48","3900","","","","","-102","8.300000190734863","22110","1776579345617"
"1176","2026-04-19 03:15:55","25.28","59.5","941.5","3900","","","","","-102","8.300000190734863","22111","1776579355614"
"1177","2026-04-19 03:16:05","25.27","60","941.48","3900","","","","","-102","7.300000190734863","22112","1776579365621"
"1178","2026-04-19 03:16:15","25.27","58.5","941.5","3900","","","","","-102","7.800000190734863","22113","1776579375592"
"1179","2026-04-19 03:16:25","25.28","59","941.48","3900","","","","","-102","8.300000190734863","22114","1776579385663"
"1180","2026-04-19 03:16:35","25.28","59","941.5","3900","","","","","-102","8","22115","1776579395646"
"1181","2026-04-19 03:16:45","25.28","57.5","941.48","3900","","","","","-102","7.800000190734863","22116","1776579405619"
"1182","2026-04-19 03:16:55","25.28","63","941.46","3900","","","","","-102","8","22117","1776579415590"
"1183","2026-04-19 03:17:05","25.27","58","941.48","3900","","","","","-102","8","22118","1776579425625"
"1184","2026-04-19 03:17:15","25.27","59","941.48","3900","","","","","-102","6.800000190734863","22119","1776579435643"
"1185","2026-04-19 03:17:25","25.26","61.5","941.44","3900","","","","","-102","8","22120","1776579445612"
"1186","2026-04-19 03:17:35","25.25","59","941.48","3900","","","","","-102","8","22121","1776579455624"
"1187","2026-04-19 03:17:45","25.26","58.5","941.48","3900","","","","","-102","8","22122","1776579465628"
"1188","2026-04-19 03:17:55","25.25","59","941.46","3900","","","","","-102","8","22123","1776579475622"
"1189","2026-04-19 03:18:05","25.25","60","941.44","3900","","","","","-102","8","22124","1776579485642"
"1190","2026-04-19 03:18:15","25.26","59.5","941.44","3900","","","","","-102","8","22125","1776579495651"
"1191","2026-04-19 03:18:25","25.26","58.5","941.48","3900","","","","","-102","8","22126","1776579505594"
"1192","2026-04-19 03:18:35","25.25","59.5","941.46","3900","","","","","-102","8.300000190734863","22127","1776579515620"
"1193","2026-04-19 03:18:45","25.25","56","941.46","3880","","","","","-102","8","22128","1776579525592"
"1194","2026-04-19 03:18:55","25.24","58.5","941.46","3880","","","","","-102","8","22129","1776579535627"
"1195","2026-04-19 03:19:05","25.25","59","941.44","3900","","","","","-102","8","22130","1776579545654"
"1196","2026-04-19 03:19:15","25.26","58","941.46","3900","","","","","-102","8","22131","1776579555653"
"1197","2026-04-19 03:19:25","25.25","59","941.48","3900","","","","","-102","8","22132","1776579565611"
"1198","2026-04-19 03:19:35","25.26","59","941.48","3900","","","","","-102","8","22133","1776579575628"
"1199","2026-04-19 03:19:45","25.27","58.5","941.48","3900","","","","","-102","8","22134","1776579585616"
"1200","2026-04-19 03:19:55","25.26","58.5","941.46","3900","","","","","-102","8","22135","1776579595618"
"1201","2026-04-19 03:20:05","25.27","60","941.5","3900","","","","","-102","7.800000190734863","22136","1776579605590"
"1202","2026-04-19 03:20:15","25.28","59","941.48","3880","","","","","-102","7.800000190734863","22137","1776579615620"
"1203","2026-04-19 03:20:25","25.29","58.5","941.5","3900","","","","","-102","7.800000190734863","22138","1776579625619"
"1204","2026-04-19 03:20:35","25.3","59","941.48","3900","","","","","-102","8","22139","1776579635621"
"1205","2026-04-19 03:20:45","25.31","58.5","941.48","3900","","","","","-102","8","22140","1776579645628"
"1206","2026-04-19 03:20:55","25.29","60.5","941.48","3900","","","","","-102","8","22141","1776579655612"
"1207","2026-04-19 03:21:05","25.27","59.5","941.46","3880","","","","","-102","8","22142","1776579665627"
"1208","2026-04-19 03:21:15","25.27","59.5","941.48","3900","","","","","-102","8","22143","1776579675617"
"1209","2026-04-19 03:21:25","25.27","60.5","941.52","3880","","","","","-102","8","22144","1776579685619"
"1210","2026-04-19 03:21:35","25.27","59","941.46","3900","","","","","-102","8","22145","1776579695647"
"1211","2026-04-19 03:21:45","25.26","59","941.5","3880","","","","","-102","7.800000190734863","22146","1776579705620"
"1212","2026-04-19 03:21:55","25.28","59.5","941.5","3880","","","","","-102","8","22147","1776579715625"
"1213","2026-04-19 03:22:05","25.28","58.5","941.48","3900","","","","","-102","7.800000190734863","22148","1776579725616"
"1214","2026-04-19 03:22:15","25.27","58.5","941.54","3900","","","","","-102","8","22149","1776579735616"
"1215","2026-04-19 03:22:25","25.26","58.5","941.52","3880","","","","","-102","8","22150","1776579745639"
"1216","2026-04-19 03:22:35","25.26","59.5","941.54","3900","","","","","-102","8.300000190734863","22151","1776579755620"
"1217","2026-04-19 03:22:45","25.24","58.5","941.52","3900","","","","","-102","7.800000190734863","22152","1776579765645"
"1218","2026-04-19 03:22:55","25.24","58.5","941.54","3900","","","","","-102","8","22153","1776579775616"
"1219","2026-04-19 03:23:05","25.24","59.5","941.5600000000001","3900","","","","","-102","8","22154","1776579785626"
"1220","2026-04-19 03:23:15","25.23","59.5","941.54","3880","","","","","-102","8.300000190734863","22155","1776579795624"
"1221","2026-04-19 03:23:25","25.22","58.5","941.52","3880","","","","","-102","8.300000190734863","22156","1776579805597"
"1222","2026-04-19 03:23:35","25.22","59","941.52","3880","","","","","-102","8.300000190734863","22157","1776579815600"
"1223","2026-04-19 03:23:45","25.21","59","941.5","3880","","","","","-102","7.800000190734863","22158","1776579825620"
"1224","2026-04-19 03:23:55","25.2","58.5","941.54","3880","","","","","-102","7.5","22159","1776579835621"
"1225","2026-04-19 03:24:05","25.19","59","941.54","3880","","","","","-102","8.300000190734863","22160","1776579845584"
"1226","2026-04-19 03:24:15","25.19","59","941.54","3900","","","","","-102","8","22161","1776579855628"
"1227","2026-04-19 03:24:25","25.2","60","941.52","3880","","","","","-102","8","22162","1776579865620"
"1228","2026-04-19 03:24:35","25.22","59","941.54","3880","","","","","-102","7.800000190734863","22163","1776579875627"
"1229","2026-04-19 03:24:45","25.22","59","941.54","3880","","","","","-102","8.300000190734863","22164","1776579885612"
"1230","2026-04-19 03:24:55","25.23","55.5","941.54","3880","","","","","-102","8","22165","1776579895616"
"1231","2026-04-19 03:25:05","25.23","58.5","941.52","3880","","","","","-102","8","22166","1776579905647"
"1232","2026-04-19 03:25:15","25.23","58.5","941.54","3880","","","","","-102","8","22167","1776579915609"
"1233","2026-04-19 03:25:25","25.22","59","941.54","3880","","","","","-102","8","22168","1776579925616"
"1234","2026-04-19 03:25:35","25.21","59","941.54","3900","","","","","-102","7.800000190734863","22169","1776579935590"
"1235","2026-04-19 03:25:45","25.2","58.5","941.54","3880","","","","","-102","8","22170","1776579945616"
"1236","2026-04-19 03:25:55","25.19","60.5","941.52","3880","","","","","-102","8","22171","1776579955590"
"1237","2026-04-19 03:26:05","25.18","59","941.5","3880","","","","","-102","8","22172","1776579965616"
"1238","2026-04-19 03:26:15","25.19","57","941.54","3880","","","","","-102","8.300000190734863","22173","1776579975612"
"1239","2026-04-19 03:26:25","25.2","59","941.52","3900","","","","","-102","8","22174","1776579985638"
"1240","2026-04-19 03:26:35","25.2","55.5","941.54","3880","","","","","-102","8","22175","1776579995618"
"1241","2026-04-19 03:26:45","25.19","59.5","941.54","3880","","","","","-102","8","22176","1776580005635"
"1242","2026-04-19 03:26:55","25.2","61.5","941.54","3880","","","","","-102","7.800000190734863","22177","1776580015591"
"1243","2026-04-19 03:27:05","25.2","58","941.54","3880","","","","","-102","8","22178","1776580025617"
"1244","2026-04-19 03:27:15","25.2","59","941.52","3880","","","","","-102","8","22179","1776580035583"
"1245","2026-04-19 03:27:25","25.18","57.5","941.52","3880","","","","","-102","7.800000190734863","22180","1776580045618"
"1246","2026-04-19 03:27:35","25.19","59","941.54","3880","","","","","-102","8.300000190734863","22181","1776580055661"
"1247","2026-04-19 03:27:45","25.18","60.5","941.52","3880","","","","","-102","8.300000190734863","22182","1776580065580"
"1248","2026-04-19 03:27:55","25.18","59","941.52","3880","","","","","-102","7.5","22183","1776580075613"
"1249","2026-04-19 03:28:05","25.16","58","941.52","3880","","","","","-102","8","22184","1776580085621"
"1250","2026-04-19 03:28:15","25.17","60.5","941.5","3880","","","","","-102","8.300000190734863","22185","1776580095620"
"1251","2026-04-19 03:28:25","25.17","58.5","941.54","3880","","","","","-102","7.800000190734863","22186","1776580105616"
"1252","2026-04-19 03:28:35","25.16","59","941.5","3880","","","","","-102","8.300000190734863","22187","1776580115627"
"1253","2026-04-19 03:28:45","25.16","56.5","941.54","3880","","","","","-102","8","22188","1776580125588"
"1254","2026-04-19 03:28:55","25.16","55.5","941.48","3880","","","","","-102","7.300000190734863","22189","1776580135620"
"1255","2026-04-19 03:29:05","25.16","56","941.5","3880","","","","","-102","8","22190","1776580145611"
"1256","2026-04-19 03:29:15","25.16","58.5","941.5","3880","","","","","-102","8","22191","1776580155622"
"1257","2026-04-19 03:29:25","25.17","59","941.52","3880","","","","","-102","7","22192","1776580165619"
"1258","2026-04-19 03:29:35","25.16","60","941.48","3900","","","","","-102","8.300000190734863","22193","1776580175642"
"1259","2026-04-19 03:29:45","25.16","60.5","941.52","3880","","","","","-102","8","22194","1776580185616"
"1260","2026-04-19 03:29:55","25.16","58.5","941.5","3880","","","","","-102","7.5","22195","1776580195610"
"1261","2026-04-19 03:30:05","25.18","62","941.5","3880","","","","","-102","8","22196","1776580205610"
"1262","2026-04-19 03:30:15","25.16","59.5","941.5","3880","","","","","-102","7.800000190734863","22197","1776580215619"
"1263","2026-04-19 03:30:25","25.17","60.5","941.5","3880","","","","","-102","8","22198","1776580225612"
"1264","2026-04-19 03:30:35","25.18","60","941.54","3880","","","","","-102","8","22199","1776580235596"
"1265","2026-04-19 03:30:45","25.17","58.5","941.5","3880","","","","","-102","8.300000190734863","22200","1776580245615"
"1266","2026-04-19 03:30:55","25.17","55.5","941.52","3880","","","","","-102","8","22201","1776580255619"
"1267","2026-04-19 03:31:05","25.17","59","941.5","3880","","","","","-102","7.800000190734863","22202","1776580265625"
"1268","2026-04-19 03:31:15","25.17","59.5","941.5","3880","","","","","-102","7.800000190734863","22203","1776580275610"
"1269","2026-04-19 03:31:25","25.16","59","941.5","3880","","","","","-102","8","22204","1776580285610"
"1270","2026-04-19 03:31:35","25.16","60","941.5","3880","","","","","-102","8","22205","1776580295611"
"1271","2026-04-19 03:31:45","25.15","56.5","941.48","3880","","","","","-102","7.800000190734863","22206","1776580305611"
"1272","2026-04-19 03:31:55","25.16","61.5","941.5","3880","","","","","-102","8","22207","1776580315626"
"1273","2026-04-19 03:32:05","25.14","59","941.48","3880","","","","","-102","7.5","22208","1776580325589"
"1274","2026-04-19 03:32:15","25.13","58.5","941.5","3880","","","","","-102","8","22209","1776580335581"
"1275","2026-04-19 03:32:25","25.13","58","941.5","3880","","","","","-102","8","22210","1776580345655"
"1276","2026-04-19 03:32:35","25.12","58.5","941.48","3880","","","","","-102","8","22211","1776580355626"
"1277","2026-04-19 03:32:45","25.13","59","941.5600000000001","3880","","","","","-102","7.800000190734863","22212","1776580365620"
"1278","2026-04-19 03:32:55","25.13","61.5","941.46","3880","","","","","-102","7.800000190734863","22213","1776580375582"
"1279","2026-04-19 03:33:05","25.16","59.5","941.48","3880","","","","","-102","8","22214","1776580385621"
"1280","2026-04-19 03:33:15","25.16","55.5","941.52","3880","","","","","-102","8","22215","1776580395622"
"1281","2026-04-19 03:33:25","25.17","59","941.5","3880","","","","","-102","7.800000190734863","22216","1776580405611"
"1282","2026-04-19 03:33:35","25.16","58.5","941.52","3880","","","","","-102","8.300000190734863","22217","1776580415610"
"1283","2026-04-19 03:33:45","25.16","59.5","941.54","3880","","","","","-102","7.800000190734863","22218","1776580425623"
"1284","2026-04-19 03:33:55","25.15","59.5","941.52","3880","","","","","-102","7.5","22219","1776580435612"
"1285","2026-04-19 03:34:05","25.14","58.5","941.5","3880","","","","","-102","7.800000190734863","22220","1776580445618"
"1286","2026-04-19 03:34:15","25.13","60","941.52","3880","","","","","-102","7.800000190734863","22221","1776580455624"
"1287","2026-04-19 03:34:25","25.12","59.5","941.5","3880","","","","","-102","7","22222","1776580465623"
"1288","2026-04-19 03:34:35","25.11","57.5","941.5","3880","","","","","-102","8","22223","1776580475627"
"1289","2026-04-19 03:34:45","25.11","55.5","941.5","3880","","","","","-102","8","22224","1776580485631"
"1290","2026-04-19 03:34:55","25.11","59","941.48","3880","","","","","-102","7.800000190734863","22225","1776580495620"
"1291","2026-04-19 03:35:05","25.11","55.5","941.5","3880","","","","","-102","8","22226","1776580505610"
"1292","2026-04-19 03:35:15","25.12","58.5","941.5","3880","","","","","-102","7.5","22227","1776580515611"
"1293","2026-04-19 03:35:25","25.13","62.5","941.54","3880","","","","","-102","8","22228","1776580525617"
"1294","2026-04-19 03:35:35","25.13","60","941.5","3880","","","","","-103","7.800000190734863","22229","1776580535623"
"1295","2026-04-19 03:35:45","25.12","59","941.5","3880","","","","","-102","8","22230","1776580545617"
"1296","2026-04-19 03:35:55","25.12","58.5","941.54","3880","","","","","-102","8","22231","1776580555621"
"1297","2026-04-19 03:36:05","25.11","59","941.52","3880","","","","","-102","8","22232","1776580565611"
"1298","2026-04-19 03:36:15","25.11","61.5","941.54","3880","","","","","-102","7.800000190734863","22233","1776580575640"
"1299","2026-04-19 03:36:25","25.11","60.5","941.52","3880","","","","","-102","8","22234","1776580585640"
"1300","2026-04-19 03:36:35","25.11","58.5","941.52","3880","","","","","-102","8","22235","1776580595613"
"1301","2026-04-19 03:36:45","25.1","59","941.52","3880","","","","","-102","7.300000190734863","22236","1776580605612"
"1302","2026-04-19 03:36:55","25.1","60.5","941.48","3880","","","","","-102","8","22237","1776580615646"
"1303","2026-04-19 03:37:05","25.14","56.5","941.5","3880","","","","","-102","7.800000190734863","22238","1776580625615"
"1304","2026-04-19 03:37:15","25.17","59","941.54","3880","","","","","-102","7.800000190734863","22239","1776580635610"
"1305","2026-04-19 03:37:25","25.17","58","941.52","3880","","","","","-102","8","22240","1776580645612"
"1306","2026-04-19 03:37:35","25.16","62.5","941.5","3880","","","","","-102","7.800000190734863","22241","1776580655588"
"1307","2026-04-19 03:37:45","25.16","59","941.54","3880","","","","","-102","8","22242","1776580665621"
"1308","2026-04-19 03:37:55","25.16","59.5","941.52","3880","","","","","-103","7.5","22243","1776580675621"
"1309","2026-04-19 03:38:05","25.15","59.5","941.52","3880","","","","","-103","7.5","22244","1776580685622"
"1310","2026-04-19 03:38:15","25.15","59.5","941.52","3880","","","","","-103","6.300000190734863","22245","1776580695625"
"1311","2026-04-19 03:38:25","25.14","57","941.48","3880","","","","","-102","8","22246","1776580705616"
"1312","2026-04-19 03:38:35","25.13","61","941.52","3880","","","","","-102","8.300000190734863","22247","1776580715623"
"1313","2026-04-19 03:38:45","25.13","58","941.54","3880","","","","","-103","7.300000190734863","22248","1776580725616"
"1314","2026-04-19 03:38:55","25.13","59","941.52","3880","","","","","-102","8","22249","1776580735635"
"1315","2026-04-19 03:39:05","25.13","57.5","941.52","3880","","","","","-102","7.800000190734863","22250","1776580745625"
"1316","2026-04-19 03:39:15","25.11","59.5","941.54","3880","","","","","-102","7.800000190734863","22251","1776580755657"
"1317","2026-04-19 03:39:25","25.1","58","941.5","3880","","","","","-103","7.800000190734863","22252","1776580765620"
"1318","2026-04-19 03:39:35","25.09","57.5","941.52","3880","","","","","-103","7.5","22253","1776580775594"
"1319","2026-04-19 03:39:45","25.11","59.5","941.54","3880","","","","","-102","8","22254","1776580785624"
"1320","2026-04-19 03:39:55","25.12","60","941.54","3880","","","","","-107","3.5","22255","1776580795580"
"1321","2026-04-19 03:40:05","25.12","59.5","941.48","3880","","","","","-104","7","22256","1776580805615"
"1322","2026-04-19 03:40:15","25.15","57.5","941.52","3880","","","","","-105","5.800000190734863","22257","1776580815626"
"1323","2026-04-19 03:40:25","25.15","59","941.52","3880","","","","","-103","7","22258","1776580825636"
"1324","2026-04-19 03:40:35","25.16","59","941.52","3880","","","","","-104","6","22259","1776580835583"
"1325","2026-04-19 03:40:45","25.17","58.5","941.54","3880","","","","","-103","7.300000190734863","22260","1776580845619"
"1326","2026-04-19 03:40:55","25.18","58","941.52","3880","","","","","-103","7.300000190734863","22261","1776580855617"
"1327","2026-04-19 03:41:05","25.18","59","941.52","3880","","","","","-102","7.800000190734863","22262","1776580865613"
"1328","2026-04-19 03:41:15","25.18","59","941.52","3880","","","","","-103","7","22263","1776580875620"
"1329","2026-04-19 03:41:25","25.18","59.5","941.5","3880","","","","","-104","6.800000190734863","22264","1776580885618"
"1330","2026-04-19 03:41:35","25.18","60.5","941.52","3880","","","","","-103","7.300000190734863","22265","1776580895628"
"1331","2026-04-19 03:41:45","25.17","59","941.5600000000001","3880","","","","","-103","7","22266","1776580905616"
"1332","2026-04-19 03:41:55","25.15","59","941.52","3880","","","","","-103","7.800000190734863","22267","1776580915621"
"1333","2026-04-19 03:42:05","25.15","56.5","941.5","3880","","","","","-103","7.300000190734863","22268","1776580925639"
"1334","2026-04-19 03:42:15","25.14","58.5","941.5","3880","","","","","-103","7.300000190734863","22269","1776580935623"
"1335","2026-04-19 03:42:25","25.15","60","941.5600000000001","3880","","","","","-103","7.800000190734863","22270","1776580945583"
"1336","2026-04-19 03:42:35","25.17","59","941.54","3880","","","","","-103","7","22271","1776580955650"
"1337","2026-04-19 03:42:45","25.17","61","941.52","3880","","","","","-104","6.800000190734863","22272","1776580965632"
"1338","2026-04-19 03:42:55","25.16","58","941.5","3880","","","","","-104","6.800000190734863","22273","1776580975582"
"1339","2026-04-19 03:43:05","25.18","57","941.5600000000001","3880","","","","","-103","7.5","22274","1776580985588"
"1340","2026-04-19 03:43:15","25.18","61","941.54","3880","","","","","-104","6","22275","1776580995621"
"1341","2026-04-19 03:43:25","25.18","61.5","941.5","3880","","","","","-104","5.800000190734863","22276","1776581005613"
"1342","2026-04-19 03:43:35","25.19","58","941.5","3880","","","","","-104","6.800000190734863","22277","1776581015587"
"1343","2026-04-19 03:43:45","25.17","58.5","941.52","3880","","","","","-104","6.5","22278","1776581025641"
"1344","2026-04-19 03:43:55","25.17","60.5","941.5","3880","","","","","-103","7","22279","1776581035615"
"1345","2026-04-19 03:44:05","25.17","57.5","941.54","3880","","","","","-103","7.300000190734863","22280","1776581045636"
"1346","2026-04-19 03:44:15","25.15","59.5","941.52","3880","","","","","-103","7","22281","1776581055615"
"1347","2026-04-19 03:44:25","25.15","58.5","941.54","3880","","","","","-104","7","22282","1776581065611"
"1348","2026-04-19 03:44:35","25.14","59.5","941.48","3880","","","","","-102","7.800000190734863","22283","1776581075622"
"1349","2026-04-19 03:44:45","25.15","62.5","941.52","3880","","","","","-103","7.300000190734863","22284","1776581085633"
"1350","2026-04-19 03:44:55","25.14","60","941.5","3880","","","","","-104","7","22285","1776581095610"
"1351","2026-04-19 03:45:05","25.13","57.5","941.5","3880","","","","","-103","7.800000190734863","22286","1776581105602"
"1352","2026-04-19 03:45:15","25.14","56.5","941.5","3880","","","","","-103","7.300000190734863","22287","1776581115584"
"1353","2026-04-19 03:45:25","25.14","59.5","941.5","3880","","","","","-104","6.300000190734863","22288","1776581125614"
"1354","2026-04-19 03:45:35","25.14","58.5","941.52","3880","","","","","-102","7.800000190734863","22289","1776581135630"
"1355","2026-04-19 03:45:45","25.16","59","941.48","3880","","","","","-103","7.800000190734863","22290","1776581145619"
"1356","2026-04-19 03:45:55","25.16","58.5","941.46","3880","","","","","-104","6.5","22291","1776581155622"
"1357","2026-04-19 03:46:05","25.18","59","941.52","3960","","","","","-104","6.800000190734863","22292","1776581165611"
"1358","2026-04-19 03:46:15","25.16","59","941.5","3960","","","","","-104","6.300000190734863","22293","1776581175618"
"1359","2026-04-19 03:46:25","25.16","61","941.48","3960","","","","","-103","7.300000190734863","22294","1776581185609"
"1360","2026-04-19 03:46:35","25.17","60.5","941.5","3960","","","","","-104","6.300000190734863","22295","1776581195629"
"1361","2026-04-19 03:46:45","25.18","59","941.52","3960","","","","","-104","6.300000190734863","22296","1776581205620"
"1362","2026-04-19 03:46:55","25.19","59.5","941.54","3960","","","","","-103","7","22297","1776581215642"
"1363","2026-04-19 03:47:05","25.19","58.5","941.5","3960","","","","","-104","6.800000190734863","22298","1776581225589"
"1364","2026-04-19 03:47:15","25.18","61.5","941.5","3960","","","","","-110","0.30000001192092896","22299","1776581235586"
"1365","2026-04-19 03:47:25","25.18","58","941.52","3960","","","","","-103","7.5","22300","1776581245613"
"1366","2026-04-19 03:47:35","25.17","59","941.5","3960","","","","","-103","7.5","22301","1776581255583"
"1367","2026-04-19 03:47:45","25.18","58.5","941.52","3960","","","","","-104","6.300000190734863","22302","1776581265617"
"1368","2026-04-19 03:47:55","25.17","59.5","941.48","3960","","","","","-104","6.5","22303","1776581275617"
"1369","2026-04-19 03:48:05","25.17","58.5","941.52","3960","","","","","-105","5.5","22304","1776581285599"
"1370","2026-04-19 03:48:15","25.17","59","941.5","3960","","","","","-103","7.300000190734863","22305","1776581295587"
"1371","2026-04-19 03:48:25","25.17","59.5","941.5","3960","","","","","-102","8","22306","1776581305610"
"1372","2026-04-19 03:48:35","25.16","61.5","941.5","3960","","","","","-103","7","22307","1776581315605"
"1373","2026-04-19 03:48:45","25.15","59","941.48","3960","","","","","-103","7","22308","1776581325632"
"1374","2026-04-19 03:48:55","25.13","60","941.48","3960","","","","","-103","7.300000190734863","22309","1776581335613"
"1375","2026-04-19 03:49:05","25.12","57.5","941.48","3960","","","","","-104","7.300000190734863","22310","1776581345649"
"1376","2026-04-19 03:49:15","25.13","57","941.5","3960","","","","","-104","7","22311","1776581355615"
"1377","2026-04-19 03:49:25","25.14","58.5","941.5","3960","","","","","-103","7.300000190734863","22312","1776581365612"
"1378","2026-04-19 03:49:35","25.15","58","941.52","3960","","","","","-105","5.5","22313","1776581375621"
"1379","2026-04-19 03:49:45","25.14","61.5","941.52","3960","","","","","-103","7","22314","1776581385632"
"1380","2026-04-19 03:49:55","25.12","58.5","941.48","3960","","","","","-104","6.5","22315","1776581395614"
"1381","2026-04-19 03:50:05","25.13","58","941.52","3960","","","","","-104","7","22316","1776581405616"
"1382","2026-04-19 03:50:15","25.15","60.5","941.52","3960","","","","","-103","7.300000190734863","22317","1776581415612"
"1383","2026-04-19 03:50:25","25.15","60.5","941.52","3960","","","","","-103","7","22318","1776581425585"
"1384","2026-04-19 03:50:35","25.15","60","941.54","3960","","","","","-104","6.800000190734863","22319","1776581435589"
"1385","2026-04-19 03:50:45","25.14","59","941.5600000000001","3920","","","","","-104","6.800000190734863","22320","1776581445636"
"1386","2026-04-19 03:50:55","25.14","62","941.54","3920","","","","","-104","6.300000190734863","22321","1776581455588"
"1387","2026-04-19 03:51:05","25.14","59.5","941.52","3920","","","","","-103","7.5","22322","1776581465621"
"1388","2026-04-19 03:51:15","25.15","61","941.52","3920","","","","","-104","7","22323","1776581475613"
"1389","2026-04-19 03:51:25","25.13","59","941.52","3920","","","","","-103","7.300000190734863","22324","1776581485618"
"1390","2026-04-19 03:51:35","25.13","59","941.54","3920","","","","","-103","7","22325","1776581495615"
"1391","2026-04-19 03:51:45","25.12","58.5","941.52","3920","","","","","-104","6.300000190734863","22326","1776581505617"
"1392","2026-04-19 03:51:55","25.12","59","941.54","3920","","","","","-104","6","22327","1776581515615"
"1393","2026-04-19 03:52:05","25.13","59.5","941.54","3920","","","","","-103","7.300000190734863","22328","1776581525618"
"1394","2026-04-19 03:52:15","25.13","58.5","941.54","3920","","","","","-104","6.800000190734863","22329","1776581535618"
"1395","2026-04-19 03:52:25","25.13","59","941.5600000000001","3900","","","","","-104","6.800000190734863","22330","1776581545658"
"1396","2026-04-19 03:52:35","25.12","59","941.52","3920","","","","","-104","6.5","22331","1776581555632"
"1397","2026-04-19 03:52:45","25.12","57.5","941.52","3900","","","","","-104","6.800000190734863","22332","1776581565623"
"1398","2026-04-19 03:52:55","25.11","62.5","941.54","3900","","","","","-103","7","22333","1776581575592"
"1399","2026-04-19 03:53:05","25.1","56","941.54","3900","","","","","-103","7.300000190734863","22334","1776581585648"
"1400","2026-04-19 03:53:15","25.1","56","941.58","3900","","","","","-102","7.300000190734863","22335","1776581595582"
"1401","2026-04-19 03:53:25","25.1","59.5","941.52","3900","","","","","-104","6.800000190734863","22336","1776581605613"
"1402","2026-04-19 03:53:35","25.11","55","941.54","3900","","","","","-104","6.300000190734863","22337","1776581615636"
"1403","2026-04-19 03:53:45","25.11","61","941.5","3900","","","","","-103","7.300000190734863","22338","1776581625623"
"1404","2026-04-19 03:53:55","25.13","58.5","941.5600000000001","3900","","","","","-105","5","22339","1776581635613"
"1405","2026-04-19 03:54:05","25.12","58","941.52","3900","","","","","-106","4.300000190734863","22340","1776581645622"
"1406","2026-04-19 03:54:15","25.13","56.5","941.58","3900","","","","","-105","5.300000190734863","22341","1776581655620"
"1407","2026-04-19 03:54:25","25.13","58","941.5600000000001","3900","","","","","-103","7.5","22342","1776581665616"
"1408","2026-04-19 03:54:35","25.15","59.5","941.5600000000001","3900","","","","","-104","6.5","22343","1776581675607"
"1409","2026-04-19 03:54:45","25.11","61","941.5600000000001","3900","","","","","-104","6.5","22344","1776581685591"
"1410","2026-04-19 03:54:55","25.11","58","941.54","3900","","","","","-104","6.300000190734863","22345","1776581695612"
"1411","2026-04-19 03:55:05","25.11","59","941.54","3900","","","","","-104","6","22346","1776581705624"
"1412","2026-04-19 03:55:15","25.1","60.5","941.58","3900","","","","","-104","7","22347","1776581715609"
"1413","2026-04-19 03:55:25","25.08","56","941.5600000000001","3900","","","","","-103","7","22348","1776581725612"
"1414","2026-04-19 03:55:35","25.07","60.5","941.5600000000001","3900","","","","","-103","7.300000190734863","22349","1776581735600"
"1415","2026-04-19 03:55:45","25.06","57","941.5600000000001","3900","","","","","-104","6.300000190734863","22350","1776581745612"
"1416","2026-04-19 03:55:55","25.06","59.5","941.5600000000001","3900","","","","","-103","7","22351","1776581755657"
"1417","2026-04-19 03:56:05","25.06","59","941.5600000000001","3900","","","","","-109","0.5","22352","1776581765614"
"1418","2026-04-19 03:56:15","25.04","59","941.58","3900","","","","","-103","7","22353","1776581775623"
"1419","2026-04-19 03:56:25","25.04","57","941.58","3900","","","","","-103","7.5","22354","1776581785579"
"1420","2026-04-19 03:56:35","25.05","61","941.58","3900","","","","","-104","6.5","22355","1776581795631"
"1421","2026-04-19 03:56:45","25.04","59.5","941.58","3900","","","","","-103","7.5","22356","1776581805626"
"1422","2026-04-19 03:56:55","25.03","58.5","941.58","3900","","","","","-105","5","22357","1776581815606"
"1423","2026-04-19 03:57:05","25.06","56.5","941.58","3900","","","","","-104","6","22358","1776581825617"
"1424","2026-04-19 03:57:15","25.05","60","941.5600000000001","3900","","","","","-108","2.5","22359","1776581835628"
"1425","2026-04-19 03:57:25","25.05","57.5","941.58","3900","","","","","-105","5.5","22360","1776581845615"
"1426","2026-04-19 03:57:35","25.06","57.5","941.5600000000001","3900","","","","","-106","4.800000190734863","22361","1776581855576"
"1427","2026-04-19 03:57:45","25.06","58","941.6","3900","","","","","-105","5.800000190734863","22362","1776581865585"
"1428","2026-04-19 03:57:55","25.08","59.5","941.6","3900","","","","","-104","5.5","22363","1776581875610"
"1429","2026-04-19 03:58:05","25.08","60.5","941.58","3900","","","","","-104","6.5","22364","1776581885650"
"1430","2026-04-19 03:58:15","25.07","62.5","941.58","3900","","","","","-104","6.5","22365","1776581895618"
"1431","2026-04-19 03:58:25","25.07","59","941.5600000000001","3900","","","","","-104","6.5","22366","1776581905586"
"1432","2026-04-19 03:58:35","25.06","59","941.5600000000001","3900","","","","","-104","6.5","22367","1776581915625"
"1433","2026-04-19 03:58:45","25.06","59","941.6","3900","","","","","-104","7","22368","1776581925620"
"1434","2026-04-19 03:58:55","25.06","57.5","941.6","3900","","","","","-101","7.5","22369","1776581935627"
"1435","2026-04-19 03:59:05","25.04","59.5","941.5600000000001","3900","","","","","-104","6.800000190734863","22370","1776581945651"
"1436","2026-04-19 03:59:15","25.04","59","941.58","3900","","","","","-104","6.800000190734863","22371","1776581955618"
"1437","2026-04-19 03:59:25","25.04","58.5","941.5600000000001","3900","","","","","-104","6.300000190734863","22372","1776581965613"
"1438","2026-04-19 03:59:35","25.03","58.5","941.5600000000001","3900","","","","","-106","4.800000190734863","22373","1776581975619"
"1439","2026-04-19 03:59:45","25.04","59.5","941.5600000000001","3900","","","","","-106","4.5","22374","1776581985616"
"1440","2026-04-19 03:59:55","25.05","59","941.58","3900","","","","","-106","4.800000190734863","22375","1776581995612"
"1441","2026-04-19 04:00:05","25.05","59","941.5600000000001","3900","","","","","-106","5","22376","1776582005622"
"1442","2026-04-19 04:00:15","25.05","58","941.58","3900","","","","","-105","6","22377","1776582015616"
"1443","2026-04-19 04:00:25","25.05","59.5","941.58","3900","","","","","-104","6.300000190734863","22378","1776582025612"
"1444","2026-04-19 04:00:35","25.03","59.5","941.54","3900","","","","","-103","7.300000190734863","22379","1776582035620"
"1445","2026-04-19 04:00:45","25.02","60","941.54","3900","","","","","-104","6.800000190734863","22380","1776582045638"
"1446","2026-04-19 04:00:55","25.02","60.5","941.54","3900","","","","","-103","7","22381","1776582055615"
"1447","2026-04-19 04:01:05","25.02","58","941.5600000000001","3900","","","","","-105","5.5","22382","1776582065585"
"1448","2026-04-19 04:01:15","25.01","59","941.54","3880","","","","","-104","6.800000190734863","22383","1776582075616"
"1449","2026-04-19 04:01:25","24.98","59.5","941.54","3900","","","","","-103","7.300000190734863","22384","1776582085616"
"1450","2026-04-19 04:01:35","24.97","59.5","941.5600000000001","3880","","","","","-106","4.300000190734863","22385","1776582095615"
"1451","2026-04-19 04:01:45","24.96","60.5","941.5","3900","","","","","-111","-3.5","22386","1776582105614"
"1452","2026-04-19 04:01:55","24.97","60.5","941.52","3900","","","","","-106","5.300000190734863","22387","1776582115610"
"1453","2026-04-19 04:02:05","24.96","59.5","941.5600000000001","3880","","","","","-105","5.5","22388","1776582125575"
"1454","2026-04-19 04:02:15","24.95","59","941.52","3900","","","","","-104","6.800000190734863","22389","1776582135607"
"1455","2026-04-19 04:02:25","24.92","63","941.54","3900","","","","","-104","7","22390","1776582145621"
"1456","2026-04-19 04:02:35","24.91","59.5","941.5","3900","","","","","-104","5.800000190734863","22391","1776582155620"
"1457","2026-04-19 04:02:45","24.91","59.5","941.52","3900","","","","","-104","6.300000190734863","22392","1776582165629"
"1458","2026-04-19 04:02:55","24.91","59.5","941.58","3900","","","","","-104","6","22393","1776582175578"
"1459","2026-04-19 04:03:05","24.89","58.5","941.54","3880","","","","","-104","6.5","22394","1776582185619"
"1460","2026-04-19 04:03:15","24.89","58.5","941.52","3880","","","","","-105","5.300000190734863","22395","1776582195579"
"1461","2026-04-19 04:03:25","24.9","57.5","941.52","3900","","","","","-110","-2","22396","1776582205581"
"1462","2026-04-19 04:03:35","24.91","60.5","941.5","3880","","","","","-109","1.5","22397","1776582215581"
"1463","2026-04-19 04:03:45","24.92","58","941.5","3900","","","","","-109","0.800000011920929","22398","1776582225622"
"1464","2026-04-19 04:03:55","24.93","59.5","941.52","3880","","","","","-104","6","22399","1776582235615"
"1465","2026-04-19 04:04:05","24.96","57.5","941.52","3880","","","","","-103","7","22400","1776582245615"
"1466","2026-04-19 04:04:15","24.96","59.5","941.52","3880","","","","","-103","7.5","22401","1776582255612"
"1467","2026-04-19 04:04:25","24.93","60","941.52","3880","","","","","-105","5.800000190734863","22402","1776582265607"
"1468","2026-04-19 04:04:35","24.94","59.5","941.52","3880","","","","","-104","6.800000190734863","22403","1776582275592"
"1469","2026-04-19 04:04:45","24.95","56.5","941.5","3880","","","","","-104","6.5","22404","1776582285637"
"1470","2026-04-19 04:04:55","24.95","59.5","941.52","3880","","","","","-106","4.800000190734863","22405","1776582295616"
"1471","2026-04-19 04:05:05","24.96","59","941.5","3880","","","","","-106","4.300000190734863","22406","1776582305645"
"1472","2026-04-19 04:05:15","24.97","58","941.5","3880","","","","","-104","6.5","22407","1776582315619"
"1473","2026-04-19 04:05:25","24.99","57","941.46","3880","","","","","-107","3","22408","1776582325606"
"1474","2026-04-19 04:05:35","25","59.5","941.52","3880","","","","","-104","6.800000190734863","22409","1776582335629"
"1475","2026-04-19 04:05:45","25","62","941.52","3880","","","","","-103","7.5","22410","1776582345593"
"1476","2026-04-19 04:05:55","25.01","59","941.52","3900","","","","","-105","5.5","22411","1776582355609"
"1477","2026-04-19 04:06:05","25","58","941.54","3880","","","","","-103","7","22412","1776582365608"
"1478","2026-04-19 04:06:15","24.99","56.5","941.52","3880","","","","","-104","6.5","22413","1776582375611"
"1479","2026-04-19 04:06:25","24.97","59.5","941.52","3880","","","","","-103","7.300000190734863","22414","1776582385610"
"1480","2026-04-19 04:06:35","24.97","59.5","941.48","3900","","","","","-111","-5.800000190734863","22415","1776582395629"
"1481","2026-04-19 04:06:45","24.97","57.5","941.52","3900","","","","","-109","1","22416","1776582405613"
"1482","2026-04-19 04:06:55","24.96","59.5","941.48","3880","","","","","-104","6","22417","1776582415615"
"1483","2026-04-19 04:07:05","24.95","59.5","941.46","3880","","","","","-106","4.300000190734863","22418","1776582425625"
"1484","2026-04-19 04:07:15","24.95","61.5","941.5","3880","","","","","-102","7.800000190734863","22419","1776582435642"
"1485","2026-04-19 04:07:25","24.95","60.5","941.48","3880","","","","","-104","6.5","22420","1776582445617"
"1486","2026-04-19 04:07:35","24.95","57","941.48","3880","","","","","-105","5","22421","1776582455628"
"1487","2026-04-19 04:07:45","24.94","59.5","941.48","3880","","","","","-104","6.300000190734863","22422","1776582465585"
"1488","2026-04-19 04:07:55","24.94","59","941.48","3880","","","","","-105","5.5","22423","1776582475616"
"1489","2026-04-19 04:08:05","24.92","59.5","941.5","3880","","","","","-102","8","22424","1776582485650"
"1490","2026-04-19 04:08:15","24.91","59","941.48","3880","","","","","-103","7.300000190734863","22425","1776582495612"
"1491","2026-04-19 04:08:25","24.9","57.5","941.46","3880","","","","","-104","7","22426","1776582505579"
"1492","2026-04-19 04:08:35","24.9","61.5","941.48","3880","","","","","-108","2.5","22427","1776582515647"
"1493","2026-04-19 04:08:45","24.91","58.5","941.52","3880","","","","","-104","5.800000190734863","22428","1776582525614"
"1494","2026-04-19 04:08:55","24.9","56","941.48","3880","","","","","-104","6.300000190734863","22429","1776582535617"
"1495","2026-04-19 04:09:05","24.91","59","941.5","3880","","","","","-105","5.800000190734863","22430","1776582545621"
"1496","2026-04-19 04:09:15","24.92","60.5","941.52","3880","","","","","-104","5.800000190734863","22431","1776582555622"
"1497","2026-04-19 04:09:25","24.93","58.5","941.54","3880","","","","","-106","5","22432","1776582565621"
"1498","2026-04-19 04:09:35","24.93","59","941.48","3880","","","","","-105","5.800000190734863","22433","1776582575615"
"1499","2026-04-19 04:09:45","24.95","63","941.52","3880","","","","","-109","1.2999999523162842","22434","1776582585615"
"1500","2026-04-19 04:09:55","24.96","59","941.5","3880","","","","","-110","-1.7999999523162842","22435","1776582595612"
"1501","2026-04-19 04:10:05","24.98","59","941.5","3880","","","","","-105","5.5","22436","1776582605622"
"1502","2026-04-19 04:10:15","24.98","62.5","941.5","3880","","","","","-103","7","22437","1776582615631"
"1503","2026-04-19 04:10:25","24.99","63","941.5","3880","","","","","-110","-0.30000001192092896","22438","1776582625586"
"1504","2026-04-19 04:10:35","24.98","58","941.5","3880","","","","","-106","4.300000190734863","22439","1776582635579"
"1505","2026-04-19 04:10:45","24.97","58","941.5","3880","","","","","-104","6.300000190734863","22440","1776582645614"
"1506","2026-04-19 04:10:55","24.96","60","941.52","3880","","","","","-105","5.5","22441","1776582655607"
"1507","2026-04-19 04:11:05","24.97","62.5","941.5","3880","","","","","-106","4.800000190734863","22442","1776582665587"
"1508","2026-04-19 04:11:15","24.96","57.5","941.5","3880","","","","","-104","7","22443","1776582675649"
"1509","2026-04-19 04:11:25","24.96","59","941.5","3880","","","","","-106","4.300000190734863","22444","1776582685610"
"1510","2026-04-19 04:11:35","24.96","59.5","941.52","3880","","","","","-106","4.800000190734863","22445","1776582695608"
"1511","2026-04-19 04:11:45","24.96","57.5","941.5","3880","","","","","-107","3","22446","1776582705616"
"1512","2026-04-19 04:11:55","24.95","59","941.48","3880","","","","","-106","4.300000190734863","22447","1776582715605"
"1513","2026-04-19 04:12:05","24.96","59.5","941.5","3880","","","","","-106","4.300000190734863","22448","1776582725608"
"1514","2026-04-19 04:12:15","24.97","60.5","941.52","3880","","","","","-110","-1.2999999523162842","22449","1776582735614"
"1515","2026-04-19 04:12:25","24.97","60","941.5","3880","","","","","-106","5","22450","1776582745614"
"1516","2026-04-19 04:12:35","24.96","58","941.5","3880","","","","","-104","6.800000190734863","22451","1776582755622"
"1517","2026-04-19 04:12:45","24.96","60","941.48","3880","","","","","-106","4.300000190734863","22452","1776582765611"
"1518","2026-04-19 04:12:55","24.96","58.5","941.5","3880","","","","","-104","7","22453","1776582775607"
"1519","2026-04-19 04:13:05","24.94","57","941.46","3880","","","","","-108","2.299999952316284","22454","1776582785622"
"1520","2026-04-19 04:13:15","24.94","58.5","941.5","3880","","","","","-105","4.800000190734863","22455","1776582795578"
"1521","2026-04-19 04:13:25","24.94","60","941.48","3880","","","","","-105","5.300000190734863","22456","1776582805588"
"1522","2026-04-19 04:13:35","24.93","61","941.5","3880","","","","","-105","5.5","22457","1776582815588"
"1523","2026-04-19 04:13:45","24.91","58.5","941.48","3880","","","","","-104","6.300000190734863","22458","1776582825618"
"1524","2026-04-19 04:13:55","24.91","58.5","941.44","3880","","","","","-105","5.5","22459","1776582835609"
"1525","2026-04-19 04:14:05","24.91","58.5","941.48","3880","","","","","-105","5.800000190734863","22460","1776582845621"
"1526","2026-04-19 04:14:15","24.91","60","941.5","3880","","","","","-106","4.300000190734863","22461","1776582855611"
"1527","2026-04-19 04:14:25","24.91","62.5","941.48","3880","","","","","-104","6","22462","1776582865626"
"1528","2026-04-19 04:14:35","24.91","58.5","941.48","3880","","","","","-108","2.799999952316284","22463","1776582875639"
"1529","2026-04-19 04:14:45","24.91","60","941.46","3880","","","","","-104","6.800000190734863","22464","1776582885592"
"1530","2026-04-19 04:14:55","24.91","60","941.46","3880","","","","","-103","7.300000190734863","22465","1776582895605"
"1531","2026-04-19 04:15:05","24.92","60","941.46","3880","","","","","-104","5.800000190734863","22466","1776582905621"
"1532","2026-04-19 04:15:15","24.91","59","941.44","3880","","","","","-105","6","22467","1776582915611"
"1533","2026-04-19 04:15:25","24.89","58.5","941.44","3880","","","","","-105","5.5","22468","1776582925615"
"1534","2026-04-19 04:15:35","24.89","63.5","941.46","3880","","","","","-105","5.800000190734863","22469","1776582935606"
"1535","2026-04-19 04:15:45","24.86","58","941.46","3880","","","","","-102","8","22470","1776582945618"
"1536","2026-04-19 04:15:55","24.87","60.5","941.48","3880","","","","","-103","7.300000190734863","22471","1776582955607"
"1537","2026-04-19 04:16:05","24.85","59","941.44","3880","","","","","-110","-2","22472","1776582965678"
"1538","2026-04-19 04:16:15","24.85","63","941.46","3880","","","","","-107","3.799999952316284","22473","1776582975621"
"1539","2026-04-19 04:16:25","24.85","58.5","941.48","3880","","","","","-103","7.300000190734863","22474","1776582985609"
"1540","2026-04-19 04:16:35","24.85","57.5","941.46","3880","","","","","-103","7","22475","1776582995576"
"1541","2026-04-19 04:16:45","24.85","59.5","941.48","3880","","","","","-105","5.5","22476","1776583005607"
"1542","2026-04-19 04:16:55","24.88","60","941.46","3880","","","","","-106","4.5","22477","1776583015608"
"1543","2026-04-19 04:17:05","24.89","60","941.48","3880","","","","","-106","4.5","22478","1776583025622"
"1544","2026-04-19 04:17:15","24.89","62","941.46","3880","","","","","-104","6.800000190734863","22479","1776583035606"
"1545","2026-04-19 04:17:25","24.89","60.5","941.5","3880","","","","","-104","6.5","22480","1776583045610"
"1546","2026-04-19 04:17:35","24.89","60","941.5","3880","","","","","-103","7","22481","1776583055615"
"1547","2026-04-19 04:17:45","24.87","56","941.48","3880","","","","","-103","7","22482","1776583065634"
"1548","2026-04-19 04:17:55","24.86","58","941.46","3880","","","","","-104","6.800000190734863","22483","1776583075584"
"1549","2026-04-19 04:18:05","24.86","60","941.5","3880","","","","","-104","6.800000190734863","22484","1776583085583"
"1550","2026-04-19 04:18:15","24.87","60.5","941.48","3880","","","","","-107","3.5","22485","1776583095611"
"1551","2026-04-19 04:18:25","24.87","62.5","941.48","3880","","","","","-105","5","22486","1776583105630"
"1552","2026-04-19 04:18:35","24.87","60.5","941.48","3880","","","","","-105","5.5","22487","1776583115582"
"1553","2026-04-19 04:18:45","24.88","61","941.5","3880","","","","","-104","6.5","22488","1776583125638"
"1554","2026-04-19 04:18:55","24.87","60","941.46","3880","","","","","-105","5","22489","1776583135613"
"1555","2026-04-19 04:19:05","24.88","59.5","941.48","3880","","","","","-106","4.5","22490","1776583145578"
"1556","2026-04-19 04:19:25","24.88","56.5","941.5","3880","","","","","-106","5","22492","1776583165585"
"1557","2026-04-19 04:19:35","24.86","59.5","941.48","3880","","","","","-105","5.5","22493","1776583175606"
"1558","2026-04-19 04:19:45","24.85","61","941.48","3880","","","","","-103","7","22494","1776583185607"
"1559","2026-04-19 04:19:55","24.85","56.5","941.48","3880","","","","","-104","6.800000190734863","22495","1776583195605"
"1560","2026-04-19 04:20:05","24.85","62.5","941.46","3880","","","","","-110","-0.30000001192092896","22496","1776583205620"
"1561","2026-04-19 04:20:15","24.85","59","941.48","3880","","","","","-108","2.299999952316284","22497","1776583215635"
"1562","2026-04-19 04:20:25","24.85","58.5","941.46","3880","","","","","-104","6","22498","1776583225582"
"1563","2026-04-19 04:20:35","24.85","56","941.46","3880","","","","","-104","6.5","22499","1776583235609"
"1564","2026-04-19 04:20:45","24.84","62.5","941.48","3880","","","","","-104","7","22500","1776583245641"
"1565","2026-04-19 04:20:55","24.83","61","941.48","3880","","","","","-104","7","22501","1776583255610"
"1566","2026-04-19 04:21:05","24.85","61","941.46","3880","","","","","-106","4.5","22502","1776583265579"
"1567","2026-04-19 04:21:15","24.84","59.5","941.48","3880","","","","","-104","6.800000190734863","22503","1776583275643"
"1568","2026-04-19 04:21:25","24.85","59","941.5","3880","","","","","-104","6.5","22504","1776583285585"
"1569","2026-04-19 04:21:35","24.85","56.5","941.48","3880","","","","","-104","6.800000190734863","22505","1776583295609"
"1570","2026-04-19 04:21:45","24.87","58","941.5","3880","","","","","-109","1.7999999523162842","22506","1776583305613"
"1571","2026-04-19 04:21:55","24.87","60.5","941.48","3880","","","","","-107","4","22507","1776583315605"
"1572","2026-04-19 04:22:05","24.88","59.5","941.5","3880","","","","","-106","5","22508","1776583325617"
"1573","2026-04-19 04:22:15","24.88","59","941.5","3880","","","","","-105","4.5","22509","1776583335620"
"1574","2026-04-19 04:22:25","24.87","59","941.52","3880","","","","","-105","5.5","22510","1776583345644"
"1575","2026-04-19 04:22:35","24.89","59","941.48","3880","","","","","-106","4.5","22511","1776583355620"
"1576","2026-04-19 04:22:45","24.89","61","941.52","3880","","","","","-105","4.800000190734863","22512","1776583365614"
"1577","2026-04-19 04:22:55","24.88","60.5","941.46","3880","","","","","-106","4.800000190734863","22513","1776583375645"
"1578","2026-04-19 04:23:05","24.89","60","941.46","3880","","","","","-108","1.5","22514","1776583385614"
"1579","2026-04-19 04:23:15","24.89","61.5","941.5","3880","","","","","-105","3.5","22515","1776583395577"
"1580","2026-04-19 04:23:25","24.89","60.5","941.48","3880","","","","","-104","7","22516","1776583405630"
"1581","2026-04-19 04:23:35","24.89","58","941.48","3880","","","","","-105","6.300000190734863","22517","1776583415610"
"1582","2026-04-19 04:23:45","24.87","59","941.5","3880","","","","","-104","6.5","22518","1776583425582"
"1583","2026-04-19 04:23:55","24.88","59","941.5","3880","","","","","-104","6.800000190734863","22519","1776583435612"
"1584","2026-04-19 04:24:05","24.87","59.5","941.5","3880","","","","","-106","5","22520","1776583445615"
"1585","2026-04-19 04:24:15","24.84","56","941.5","3880","","","","","-108","1.7999999523162842","22521","1776583455621"
"1586","2026-04-19 04:24:25","24.84","55.5","941.46","3880","","","","","-105","5.5","22522","1776583465610"
"1587","2026-04-19 04:24:35","24.84","63.5","941.48","3880","","","","","-107","3.5","22523","1776583475612"
"1588","2026-04-19 04:24:45","24.84","61","941.5","3880","","","","","-104","6.300000190734863","22524","1776583485585"
"1589","2026-04-19 04:24:55","24.84","59.5","941.46","3880","","","","","-109","0.5","22525","1776583495611"
"1590","2026-04-19 04:25:05","24.84","62.5","941.48","3880","","","","","-106","4","22526","1776583505611"
"1591","2026-04-19 04:25:15","24.85","59","941.5","3880","","","","","-110","-0.800000011920929","22527","1776583515620"
"1592","2026-04-19 04:25:25","24.86","59.5","941.48","3880","","","","","-105","5.300000190734863","22528","1776583525609"
"1593","2026-04-19 04:25:35","24.85","57.5","941.48","3880","","","","","-106","3.799999952316284","22529","1776583535616"
"1594","2026-04-19 04:25:45","24.84","59.5","941.48","3880","","","","","-107","4.300000190734863","22530","1776583545594"
"1595","2026-04-19 04:25:55","24.83","61.5","941.5","3880","","","","","-108","1.2999999523162842","22531","1776583555603"
"1596","2026-04-19 04:26:05","24.83","59.5","941.54","3880","","","","","-109","-0.800000011920929","22532","1776583565585"
"1597","2026-04-19 04:26:15","24.8","59.5","941.5","3880","","","","","-106","4.800000190734863","22533","1776583575646"
"1598","2026-04-19 04:26:25","24.81","60.5","941.52","3880","","","","","-105","5.800000190734863","22534","1776583585615"
"1599","2026-04-19 04:26:35","24.79","60.5","941.5","3880","","","","","-104","6","22535","1776583595607"
"1600","2026-04-19 04:26:45","24.78","58.5","941.5","3880","","","","","-105","5.800000190734863","22536","1776583605654"
"1601","2026-04-19 04:26:55","24.78","58","941.48","3880","","","","","-107","4.300000190734863","22537","1776583615608"
"1602","2026-04-19 04:27:05","24.77","57","941.48","3880","","","","","-107","2.5","22538","1776583625620"
"1603","2026-04-19 04:27:15","24.78","60","941.5","3880","","","","","-104","6.800000190734863","22539","1776583635609"
"1604","2026-04-19 04:27:25","24.76","57","941.5","3880","","","","","-104","6.800000190734863","22540","1776583645608"
"1605","2026-04-19 04:27:35","24.77","61","941.5600000000001","3960","","","","","-104","6.5","22541","1776583655574"
"1606","2026-04-19 04:27:45","24.77","59","941.48","3960","","","","","-104","7","22542","1776583665608"
"1607","2026-04-19 04:27:55","24.79","60.5","941.52","3960","","","","","-106","4.5","22543","1776583675613"
"1608","2026-04-19 04:28:05","24.81","60.5","941.5","3960","","","","","-104","5.800000190734863","22544","1776583685610"
"1609","2026-04-19 04:28:15","24.79","59.5","941.48","3960","","","","","-106","5","22545","1776583695576"
"1610","2026-04-19 04:28:25","24.8","59.5","941.52","3960","","","","","-105","5.5","22546","1776583705584"
"1611","2026-04-19 04:28:35","24.81","59","941.52","3960","","","","","-107","3.799999952316284","22547","1776583715609"
"1612","2026-04-19 04:28:45","24.82","60","941.52","3960","","","","","-108","2","22548","1776583725610"
"1613","2026-04-19 04:28:55","24.83","60.5","941.54","3960","","","","","-107","3.799999952316284","22549","1776583735582"
"1614","2026-04-19 04:29:05","24.84","60.5","941.5","3960","","","","","-111","-3.299999952316284","22550","1776583745619"
"1615","2026-04-19 04:29:15","24.85","57.5","941.5600000000001","3960","","","","","-105","5.300000190734863","22551","1776583755622"
"1616","2026-04-19 04:29:25","24.85","63","941.54","3960","","","","","-103","7","22552","1776583765609"
"1617","2026-04-19 04:29:35","24.84","60","941.54","3960","","","","","-106","4.800000190734863","22553","1776583775612"
"1618","2026-04-19 04:29:45","24.84","59","941.52","3960","","","","","-104","6.800000190734863","22554","1776583785608"
"1619","2026-04-19 04:29:55","24.85","60","941.5600000000001","3960","","","","","-106","4.5","22555","1776583795613"
"1620","2026-04-19 04:30:05","24.85","60.5","941.5","3960","","","","","-109","0.800000011920929","22556","1776583805580"
"1621","2026-04-19 04:30:15","24.85","60.5","941.5","3960","","","","","-106","4.800000190734863","22557","1776583815616"
"1622","2026-04-19 04:30:25","24.86","60","941.52","3960","","","","","-107","3.5","22558","1776583825602"
"1623","2026-04-19 04:30:35","24.85","59.5","941.48","3960","","","","","-108","2.299999952316284","22559","1776583835618"
"1624","2026-04-19 04:30:45","24.85","59.5","941.52","3960","","","","","-105","6.300000190734863","22560","1776583845610"
"1625","2026-04-19 04:30:55","24.84","58","941.5","3960","","","","","-104","6","22561","1776583855609"
"1626","2026-04-19 04:31:05","24.84","61","941.52","3960","","","","","-105","5","22562","1776583865632"
"1627","2026-04-19 04:31:15","24.85","63.5","941.52","3960","","","","","-107","4","22563","1776583875649"
"1628","2026-04-19 04:31:25","24.84","60","941.5","3960","","","","","-104","6","22564","1776583885575"
"1629","2026-04-19 04:31:35","24.83","61.5","941.5","3960","","","","","-105","5.800000190734863","22565","1776583895582"
"1630","2026-04-19 04:31:45","24.85","59","941.54","3960","","","","","-104","6","22566","1776583905581"
"1631","2026-04-19 04:31:55","24.85","57","941.52","3960","","","","","-105","5.800000190734863","22567","1776583915609"
"1632","2026-04-19 04:32:05","24.86","59.5","941.52","3960","","","","","-107","3.5","22568","1776583925604"
"1633","2026-04-19 04:32:15","24.88","61.5","941.5","3960","","","","","-105","6.300000190734863","22569","1776583935587"
"1634","2026-04-19 04:32:25","24.89","59.5","941.5600000000001","3920","","","","","-104","5.800000190734863","22570","1776583945613"
"1635","2026-04-19 04:32:35","24.9","59.5","941.5600000000001","3920","","","","","-104","5.300000190734863","22571","1776583955612"
"1636","2026-04-19 04:32:45","24.9","60.5","941.5600000000001","3920","","","","","-103","6.800000190734863","22572","1776583965610"
"1637","2026-04-19 04:32:55","24.92","58","941.5600000000001","3920","","","","","-108","2.799999952316284","22573","1776583975603"
"1638","2026-04-19 04:33:05","24.91","59","941.54","3920","","","","","-104","6.300000190734863","22574","1776583985610"
"1639","2026-04-19 04:33:15","24.91","59.5","941.5600000000001","3920","","","","","-105","5.5","22575","1776583995577"
"1640","2026-04-19 04:33:25","24.89","59","941.54","3920","","","","","-107","2.799999952316284","22576","1776584005635"
"1641","2026-04-19 04:33:35","24.88","60.5","941.54","3920","","","","","-108","1.7999999523162842","22577","1776584015643"
"1642","2026-04-19 04:33:45","24.87","58.5","941.54","3920","","","","","-108","2.5","22578","1776584025575"
"1643","2026-04-19 04:33:55","24.85","60","941.54","3920","","","","","-108","1.7999999523162842","22579","1776584035614"
"1644","2026-04-19 04:34:05","24.84","60.5","941.54","3920","","","","","-106","4.800000190734863","22580","1776584045601"
"1645","2026-04-19 04:34:15","24.85","59.5","941.58","3900","","","","","-104","5.300000190734863","22581","1776584055610"
"1646","2026-04-19 04:34:25","24.82","63.5","941.54","3900","","","","","-107","2.299999952316284","22582","1776584065613"
"1647","2026-04-19 04:34:35","24.83","60.5","941.58","3920","","","","","-111","-3.299999952316284","22583","1776584075610"
"1648","2026-04-19 04:34:45","24.83","60.5","941.58","3900","","","","","-105","5.300000190734863","22584","1776584085621"
"1649","2026-04-19 04:34:55","24.83","61.5","941.58","3900","","","","","-104","6.300000190734863","22585","1776584095613"
"1650","2026-04-19 04:35:05","24.84","62","941.5600000000001","3900","","","","","-106","5","22586","1776584105574"
"1651","2026-04-19 04:35:15","24.84","60","941.5600000000001","3900","","","","","-103","7.5","22587","1776584115616"
"1652","2026-04-19 04:35:25","24.85","60.5","941.54","3900","","","","","-105","4.5","22588","1776584125610"
"1653","2026-04-19 04:35:35","24.84","59.5","941.5600000000001","3900","","","","","-104","6.300000190734863","22589","1776584135575"
"1654","2026-04-19 04:35:45","24.87","59","941.5600000000001","3900","","","","","-105","5.800000190734863","22590","1776584145625"
"1655","2026-04-19 04:35:55","24.86","61.5","941.58","3900","","","","","-104","6","22591","1776584155604"
"1656","2026-04-19 04:36:05","24.85","60","941.6","3900","","","","","-104","6.5","22592","1776584165615"
"1657","2026-04-19 04:36:15","24.84","59.5","941.5600000000001","3900","","","","","-104","6.800000190734863","22593","1776584175614"
"1658","2026-04-19 04:36:25","24.84","60","941.58","3900","","","","","-106","5.300000190734863","22594","1776584185621"
"1659","2026-04-19 04:36:35","24.82","61.5","941.5600000000001","3900","","","","","-105","5.5","22595","1776584195608"
"1660","2026-04-19 04:36:45","24.81","59","941.58","3900","","","","","-105","5.800000190734863","22596","1776584205579"
"1661","2026-04-19 04:36:55","24.81","57.5","941.6","3900","","","","","-105","5.5","22597","1776584215602"
"1662","2026-04-19 04:37:05","24.83","58.5","941.62","3900","","","","","-106","4.800000190734863","22598","1776584225620"
"1663","2026-04-19 04:37:15","24.84","58.5","941.58","3900","","","","","-105","5.300000190734863","22599","1776584235622"
"1664","2026-04-19 04:37:25","24.84","63","941.6","3900","","","","","-104","6.800000190734863","22600","1776584245612"
"1665","2026-04-19 04:37:35","24.85","63.5","941.6","3900","","","","","-105","5.5","22601","1776584255601"
"1666","2026-04-19 04:37:45","24.84","60.5","941.58","3900","","","","","-105","5.5","22602","1776584265611"
"1667","2026-04-19 04:37:55","24.83","59.5","941.6","3900","","","","","-103","7.300000190734863","22603","1776584275857"
"1668","2026-04-19 04:38:05","24.84","58.5","941.58","3900","","","","","-105","5.5","22604","1776584285606"
"1669","2026-04-19 04:38:15","24.83","60","941.58","3900","","","","","-104","6.5","22605","1776584295619"
"1670","2026-04-19 04:38:25","24.82","62.5","941.62","3900","","","","","-104","6","22606","1776584305606"
"1671","2026-04-19 04:38:35","24.82","60","941.58","3900","","","","","-105","5.5","22607","1776584315634"
"1672","2026-04-19 04:38:45","24.83","58","941.58","3900","","","","","-107","3.799999952316284","22608","1776584325574"
"1673","2026-04-19 04:38:55","24.84","60.5","941.6","3900","","","","","-104","6.5","22609","1776584335613"
"1674","2026-04-19 04:39:05","24.85","60","941.62","3900","","","","","-106","4.800000190734863","22610","1776584345610"
"1675","2026-04-19 04:39:15","24.84","58.5","941.64","3900","","","","","-105","5.800000190734863","22611","1776584355612"
"1676","2026-04-19 04:39:25","24.82","61","941.6","3900","","","","","-106","5","22612","1776584365600"
"1677","2026-04-19 04:39:35","24.8","62.5","941.6","3900","","","","","-103","7.300000190734863","22613","1776584375644"
"1678","2026-04-19 04:39:45","24.78","60.5","941.6","3900","","","","","-104","6","22614","1776584385613"
"1679","2026-04-19 04:39:55","24.77","59","941.6","3900","","","","","-106","4.800000190734863","22615","1776584395584"
"1680","2026-04-19 04:40:05","24.76","60","941.62","3900","","","","","-105","4.800000190734863","22616","1776584405635"
"1681","2026-04-19 04:40:15","24.75","59.5","941.6","3900","","","","","-105","5.800000190734863","22617","1776584415611"
"1682","2026-04-19 04:40:25","24.75","64","941.6","3900","","","","","-107","4","22618","1776584425612"
"1683","2026-04-19 04:40:35","24.73","58","941.6","3900","","","","","-105","5.5","22619","1776584435587"
"1684","2026-04-19 04:40:45","24.73","59.5","941.62","3900","","","","","-105","6","22620","1776584445606"
"1685","2026-04-19 04:40:55","24.75","57","941.58","3900","","","","","-105","5.800000190734863","22621","1776584455624"
"1686","2026-04-19 04:41:05","24.76","60","941.64","3900","","","","","-105","5.5","22622","1776584465613"
"1687","2026-04-19 04:41:15","24.77","59.5","941.64","3900","","","","","-107","3.5","22623","1776584475630"
"1688","2026-04-19 04:41:25","24.77","57.5","941.62","3900","","","","","-105","5.800000190734863","22624","1776584485650"
"1689","2026-04-19 04:41:35","24.76","57.5","941.6","3900","","","","","-105","5.800000190734863","22625","1776584495648"
"1690","2026-04-19 04:41:45","24.76","62","941.64","3900","","","","","-106","4.300000190734863","22626","1776584505573"
"1691","2026-04-19 04:41:55","24.75","58.5","941.62","3880","","","","","-107","4","22627","1776584515587"
"1692","2026-04-19 04:42:05","24.76","60.5","941.62","3900","","","","","-105","5.800000190734863","22628","1776584525610"
"1693","2026-04-19 04:42:15","24.76","62","941.64","3900","","","","","-110","-1","22629","1776584535613"
"1694","2026-04-19 04:42:25","24.77","60.5","941.62","3900","","","","","-107","3.5","22630","1776584545578"
"1695","2026-04-19 04:42:35","24.78","60.5","941.66","3880","","","","","-110","-1","22631","1776584555612"
"1696","2026-04-19 04:42:45","24.79","58","941.64","3900","","","","","-104","7","22632","1776584565604"
"1697","2026-04-19 04:42:55","24.8","61.5","941.66","3880","","","","","-105","5.5","22633","1776584575583"
"1698","2026-04-19 04:43:05","24.81","61","941.64","3900","","","","","-107","3.5","22634","1776584585579"
"1699","2026-04-19 04:43:15","24.82","60.5","941.66","3900","","","","","-110","0.5","22635","1776584595652"
"1700","2026-04-19 04:43:25","24.81","62","941.66","3880","","","","","-104","7","22636","1776584605571"
"1701","2026-04-19 04:43:35","24.82","59.5","941.64","3900","","","","","-104","6.800000190734863","22637","1776584615642"
"1702","2026-04-19 04:43:45","24.81","61","941.66","3900","","","","","-103","7","22638","1776584625611"
"1703","2026-04-19 04:43:55","24.83","58","941.66","3900","","","","","-108","2.799999952316284","22639","1776584635572"
"1704","2026-04-19 04:44:05","24.82","59.5","941.66","3880","","","","","-103","7.300000190734863","22640","1776584645618"
"1705","2026-04-19 04:44:15","24.82","59.5","941.66","3880","","","","","-104","5.5","22641","1776584655605"
"1706","2026-04-19 04:44:25","24.82","62.5","941.6800000000001","3900","","","","","-105","5.5","22642","1776584665602"
"1707","2026-04-19 04:44:35","24.84","60.5","941.7","3900","","","","","-109","2","22643","1776584675605"
"1708","2026-04-19 04:44:45","24.83","59","941.6800000000001","3900","","","","","-105","5.300000190734863","22644","1776584685643"
"1709","2026-04-19 04:44:55","24.83","60.5","941.6800000000001","3900","","","","","-104","6","22645","1776584695608"
"1710","2026-04-19 04:45:05","24.84","60","941.6800000000001","3880","","","","","-103","7","22646","1776584705617"
"1711","2026-04-19 04:45:15","24.85","60","941.6800000000001","3880","","","","","-104","6.800000190734863","22647","1776584715608"
"1712","2026-04-19 04:45:25","24.84","60","941.66","3900","","","","","-108","2.299999952316284","22648","1776584725605"
"1713","2026-04-19 04:45:35","24.84","59.5","941.6800000000001","3900","","","","","-106","5","22649","1776584735647"
"1714","2026-04-19 04:45:45","24.84","59","941.64","3880","","","","","-103","7.300000190734863","22650","1776584745580"
"1715","2026-04-19 04:45:55","24.85","58","941.66","3880","","","","","-107","3.799999952316284","22651","1776584755612"
"1716","2026-04-19 04:46:05","24.85","61","941.66","3880","","","","","-109","0.5","22652","1776584765570"
"1717","2026-04-19 04:46:15","24.87","59.5","941.6800000000001","3880","","","","","-104","6.300000190734863","22653","1776584775613"
"1718","2026-04-19 04:46:25","24.88","58.5","941.66","3880","","","","","-107","3.5","22654","1776584785606"
"1719","2026-04-19 04:46:35","24.88","57.5","941.66","3880","","","","","-105","5.5","22655","1776584795608"
"1720","2026-04-19 04:46:45","24.88","62.5","941.64","3880","","","","","-106","4.800000190734863","22656","1776584805571"
"1721","2026-04-19 04:46:55","24.9","57.5","941.6800000000001","3900","","","","","-105","5.300000190734863","22657","1776584815607"
"1722","2026-04-19 04:47:05","24.92","61.5","941.6800000000001","3880","","","","","-104","5.800000190734863","22658","1776584825621"
"1723","2026-04-19 04:47:15","24.9","59.5","941.6800000000001","3880","","","","","-104","6.800000190734863","22659","1776584835624"
"1724","2026-04-19 04:47:25","24.88","58.5","941.7","3880","","","","","-105","4.800000190734863","22660","1776584845608"
"1725","2026-04-19 04:47:35","24.85","58.5","941.7","3880","","","","","-109","1","22661","1776584855614"
"1726","2026-04-19 04:47:45","24.82","60.5","941.7","3880","","","","","-104","6.5","22662","1776584865604"
"1727","2026-04-19 04:47:55","24.82","60.5","941.6800000000001","3880","","","","","-104","6.5","22663","1776584875605"
"1728","2026-04-19 04:48:05","24.82","63","941.7","3880","","","","","-107","3","22664","1776584885606"
"1729","2026-04-19 04:48:15","24.83","61","941.72","3880","","","","","-109","0.800000011920929","22665","1776584895605"
"1730","2026-04-19 04:48:25","24.82","61.5","941.7","3880","","","","","-110","-0.5","22666","1776584905633"
"1731","2026-04-19 04:48:35","24.83","59.5","941.72","3880","","","","","-104","6.5","22667","1776584915574"
"1732","2026-04-19 04:48:45","24.83","60","941.7","3900","","","","","-104","6.5","22668","1776584925616"
"1733","2026-04-19 04:48:55","24.83","61","941.72","3880","","","","","-104","6.300000190734863","22669","1776584935609"
"1734","2026-04-19 04:49:05","24.82","62","941.74","3880","","","","","-105","6","22670","1776584945606"
"1735","2026-04-19 04:49:15","24.82","62.5","941.72","3880","","","","","-106","5","22671","1776584955628"
"1736","2026-04-19 04:49:25","24.82","59.5","941.74","3880","","","","","-104","6.300000190734863","22672","1776584965601"
"1737","2026-04-19 04:49:35","24.83","57.5","941.72","3880","","","","","-106","4.5","22673","1776584975624"
"1738","2026-04-19 04:49:45","24.82","58","941.72","3880","","","","","-104","6.5","22674","1776584985610"
"1739","2026-04-19 04:49:55","24.82","58.5","941.72","3880","","","","","-105","5.800000190734863","22675","1776584995612"
"1740","2026-04-19 04:50:05","24.8","61","941.6800000000001","3880","","","","","-108","3","22676","1776585005605"
"1741","2026-04-19 04:50:15","24.8","61.5","941.72","3880","","","","","-104","6","22677","1776585015617"
"1742","2026-04-19 04:50:25","24.79","62.5","941.72","3880","","","","","-108","1.7999999523162842","22678","1776585025607"
"1743","2026-04-19 04:50:35","24.79","60.5","941.7","3880","","","","","-105","6","22679","1776585035610"
"1744","2026-04-19 04:50:45","24.8","63.5","941.72","3880","","","","","-108","1.7999999523162842","22680","1776585045611"
"1745","2026-04-19 04:50:55","24.8","59.5","941.76","3880","","","","","-104","6.5","22681","1776585055606"
"1746","2026-04-19 04:51:05","24.8","60","941.72","3880","","","","","-104","5.800000190734863","22682","1776585065611"
"1747","2026-04-19 04:51:15","24.81","60","941.74","3880","","","","","-107","4","22683","1776585075615"
"1748","2026-04-19 04:51:25","24.8","60.5","941.74","3880","","","","","-104","5.800000190734863","22684","1776585085608"
"1749","2026-04-19 04:51:35","24.81","60.5","941.72","3880","","","","","-104","6.800000190734863","22685","1776585095607"
"1750","2026-04-19 04:51:45","24.8","61.5","941.72","3880","","","","","-103","7.5","22686","1776585105613"
"1751","2026-04-19 04:51:55","24.82","59","941.72","3880","","","","","-107","3","22687","1776585115568"
"1752","2026-04-19 04:52:05","24.82","59","941.74","3880","","","","","-105","5","22688","1776585125645"
"1753","2026-04-19 04:52:15","24.81","59.5","941.72","3880","","","","","-104","6","22689","1776585135625"
"1754","2026-04-19 04:52:25","24.81","59.5","941.72","3880","","","","","-105","5.300000190734863","22690","1776585145607"
"1755","2026-04-19 04:52:35","24.82","61.5","941.72","3880","","","","","-104","6.5","22691","1776585155607"
"1756","2026-04-19 04:52:45","24.83","60.5","941.78","3880","","","","","-104","6.800000190734863","22692","1776585165612"
"1757","2026-04-19 04:52:55","24.83","59.5","941.74","3880","","","","","-103","7.300000190734863","22693","1776585175579"
"1758","2026-04-19 04:53:05","24.85","57","941.78","3880","","","","","-106","4.300000190734863","22694","1776585185604"
"1759","2026-04-19 04:53:15","24.83","61.5","941.74","3880","","","","","-104","6.5","22695","1776585195610"
"1760","2026-04-19 04:53:25","24.85","60.5","941.76","3880","","","","","-104","6.300000190734863","22696","1776585205607"
"1761","2026-04-19 04:53:35","24.85","60.5","941.76","3880","","","","","-104","5.800000190734863","22697","1776585215623"
"1762","2026-04-19 04:53:45","24.85","61","941.76","3880","","","","","-105","5.300000190734863","22698","1776585225606"
"1763","2026-04-19 04:53:55","24.85","60","941.74","3880","","","","","-109","0","22699","1776585235574"
"1764","2026-04-19 04:54:05","24.84","60","941.78","3880","","","","","-105","4.800000190734863","22700","1776585245640"
"1765","2026-04-19 04:54:15","24.85","58.5","941.78","3880","","","","","-104","6.800000190734863","22701","1776585255612"
"1766","2026-04-19 04:54:25","24.86","60.5","941.76","3880","","","","","-104","6.300000190734863","22702","1776585265600"
"1767","2026-04-19 04:54:35","24.86","59","941.74","3880","","","","","-103","7","22703","1776585275613"
"1768","2026-04-19 04:54:45","24.86","58.5","941.76","3880","","","","","-103","6.300000190734863","22704","1776585285568"
"1769","2026-04-19 04:54:55","24.86","58.5","941.8000000000001","3880","","","","","-106","3","22705","1776585295581"
"1770","2026-04-19 04:55:05","24.87","59.5","941.78","3880","","","","","-109","1.5","22706","1776585305586"
"1771","2026-04-19 04:55:15","24.87","63","941.76","3880","","","","","-104","6.300000190734863","22707","1776585315586"
"1772","2026-04-19 04:55:25","24.86","59","941.78","3880","","","","","-103","7.300000190734863","22708","1776585325568"
"1773","2026-04-19 04:55:35","24.85","60.5","941.8000000000001","3880","","","","","-109","1.7999999523162842","22709","1776585335611"
"1774","2026-04-19 04:55:45","24.85","59","941.78","3880","","","","","-105","5.300000190734863","22710","1776585345606"
"1775","2026-04-19 04:55:55","24.84","57.5","941.76","3880","","","","","-104","6.5","22711","1776585355605"
"1776","2026-04-19 04:56:05","24.84","59.5","941.76","3880","","","","","-104","6.5","22712","1776585365655"
"1777","2026-04-19 04:56:15","24.83","57","941.8000000000001","3880","","","","","-104","6.800000190734863","22713","1776585375605"
"1778","2026-04-19 04:56:25","24.82","60.5","941.76","3880","","","","","-104","6.800000190734863","22714","1776585385651"
"1779","2026-04-19 04:56:35","24.81","63.5","941.78","3880","","","","","-104","6.5","22715","1776585395621"
"1780","2026-04-19 04:56:45","24.8","58","941.78","3880","","","","","-104","7","22716","1776585405577"
"1781","2026-04-19 04:56:55","24.8","58.5","941.8000000000001","3880","","","","","-105","5.5","22717","1776585415599"
"1782","2026-04-19 04:57:05","24.8","60","941.78","3880","","","","","-105","5.300000190734863","22718","1776585425588"
"1783","2026-04-19 04:57:15","24.79","61","941.76","3880","","","","","-105","5.800000190734863","22719","1776585435570"
"1784","2026-04-19 04:57:25","24.8","60","941.74","3880","","","","","-103","7.300000190734863","22720","1776585445601"
"1785","2026-04-19 04:57:35","24.81","59","941.76","3880","","","","","-107","3.799999952316284","22721","1776585455579"
"1786","2026-04-19 04:57:45","24.82","60.5","941.82","3880","","","","","-105","6.300000190734863","22722","1776585465613"
"1787","2026-04-19 04:57:55","24.81","60","941.8000000000001","3880","","","","","-106","4.800000190734863","22723","1776585475611"
"1788","2026-04-19 04:58:05","24.81","61.5","941.8000000000001","3880","","","","","-105","5.800000190734863","22724","1776585485619"
"1789","2026-04-19 04:58:15","24.81","60.5","941.8000000000001","3880","","","","","-107","3.299999952316284","22725","1776585495574"
"1790","2026-04-19 04:58:25","24.82","60","941.8000000000001","3880","","","","","-106","3.799999952316284","22726","1776585505607"
"1791","2026-04-19 04:58:35","24.83","59.5","941.8000000000001","3880","","","","","-103","7.5","22727","1776585515606"
"1792","2026-04-19 04:58:45","24.84","59.5","941.82","3880","","","","","-105","5.5","22728","1776585525610"
"1793","2026-04-19 04:58:55","24.83","59.5","941.82","3880","","","","","-105","5.5","22729","1776585535599"
"1794","2026-04-19 04:59:05","24.82","60.5","941.8000000000001","3880","","","","","-108","2","22730","1776585545608"
"1795","2026-04-19 04:59:15","24.82","63.5","941.84","3880","","","","","-104","5","22731","1776585555615"
"1796","2026-04-19 04:59:25","24.81","61","941.82","3880","","","","","-106","4.5","22732","1776585565603"
"1797","2026-04-19 04:59:35","24.82","60","941.86","3880","","","","","-104","6.300000190734863","22733","1776585575572"
"1798","2026-04-19 04:59:45","24.82","60.5","941.88","3880","","","","","-104","6.300000190734863","22734","1776585585613"
"1799","2026-04-19 04:59:55","24.81","59.5","941.86","3880","","","","","-104","6.300000190734863","22735","1776585595607"
"1800","2026-04-19 05:00:05","24.82","60.5","941.88","3880","","","","","-104","6","22736","1776585605623"
"1801","2026-04-19 05:00:15","24.82","60","941.86","3880","","","","","-107","3.799999952316284","22737","1776585615609"
"1802","2026-04-19 05:00:25","24.83","58.5","941.84","3880","","","","","-106","4","22738","1776585625599"
"1803","2026-04-19 05:00:35","24.83","60","941.86","3880","","","","","-106","5.300000190734863","22739","1776585635603"
"1804","2026-04-19 05:00:45","24.83","59","941.88","3880","","","","","-104","7.5","22740","1776585645647"
"1805","2026-04-19 05:00:55","24.84","59.5","941.88","3880","","","","","-106","4.800000190734863","22741","1776585655599"
"1806","2026-04-19 05:01:05","24.83","61.5","941.86","3880","","","","","-105","5.5","22742","1776585665610"
"1807","2026-04-19 05:01:15","24.84","60","941.86","3880","","","","","-105","5.800000190734863","22743","1776585675606"
"1808","2026-04-19 05:01:25","24.84","59.5","941.88","3880","","","","","-105","5.5","22744","1776585685609"
"1809","2026-04-19 05:01:35","24.84","60.5","941.88","3880","","","","","-107","3.5","22745","1776585695608"
"1810","2026-04-19 05:01:45","24.85","59","941.88","3880","","","","","-108","2.799999952316284","22746","1776585705613"
"1811","2026-04-19 05:01:55","24.84","56.5","941.88","3880","","","","","-104","6.300000190734863","22747","1776585715598"
"1812","2026-04-19 05:02:05","24.85","61.5","941.88","3880","","","","","-105","6","22748","1776585725565"
"1813","2026-04-19 05:02:15","24.85","60","941.9","3880","","","","","-105","5.5","22749","1776585735584"
"1814","2026-04-19 05:02:25","24.87","59.5","941.9","3880","","","","","-104","6.800000190734863","22750","1776585745579"
"1815","2026-04-19 05:02:35","24.87","61","941.9","3880","","","","","-105","5.800000190734863","22751","1776585755595"
"1816","2026-04-19 05:02:45","24.87","60","941.9","3880","","","","","-105","6","22752","1776585765603"
"1817","2026-04-19 05:02:55","24.87","61","941.9200000000001","3880","","","","","-104","6.5","22753","1776585775604"
"1818","2026-04-19 05:03:05","24.88","60.5","941.9200000000001","3880","","","","","-104","6.800000190734863","22754","1776585785598"
"1819","2026-04-19 05:03:15","24.89","61","941.9200000000001","3880","","","","","-103","7.5","22755","1776585795605"
"1820","2026-04-19 05:03:25","24.89","58","941.9","3880","","","","","-106","4.800000190734863","22756","1776585805613"
"1821","2026-04-19 05:03:35","24.89","60.5","941.9","3880","","","","","-105","6","22757","1776585815614"
"1822","2026-04-19 05:03:45","24.89","60.5","941.9200000000001","3880","","","","","-104","6.800000190734863","22758","1776585825579"
"1823","2026-04-19 05:03:55","24.89","61.5","941.9200000000001","3880","","","","","-104","5.800000190734863","22759","1776585835599"
"1824","2026-04-19 05:04:05","24.89","63.5","941.9200000000001","3880","","","","","-105","6","22760","1776585845604"
"1825","2026-04-19 05:04:15","24.9","59","941.9200000000001","3880","","","","","-105","5.800000190734863","22761","1776585855590"
"1826","2026-04-19 05:04:25","24.9","60","941.94","3880","","","","","-105","5.5","22762","1776585865607"
"1827","2026-04-19 05:04:35","24.9","59","941.9200000000001","3880","","","","","-105","5.5","22763","1776585875620"
"1828","2026-04-19 05:04:45","24.88","56.5","941.9200000000001","3880","","","","","-104","5","22764","1776585885579"
"1829","2026-04-19 05:04:55","24.88","59","941.94","3880","","","","","-107","3.5","22765","1776585895579"
"1830","2026-04-19 05:05:05","24.89","60","941.96","3880","","","","","-106","4.800000190734863","22766","1776585905567"
"1831","2026-04-19 05:05:15","24.9","57","941.98","3880","","","","","-104","5.800000190734863","22767","1776585915614"
"1832","2026-04-19 05:05:25","24.9","58.5","941.98","3880","","","","","-107","2.799999952316284","22768","1776585925585"
"1833","2026-04-19 05:05:35","24.91","62.5","941.96","3880","","","","","-104","6.5","22769","1776585935617"
"1834","2026-04-19 05:05:45","24.91","60.5","941.96","3880","","","","","-104","6","22770","1776585945603"
"1835","2026-04-19 05:05:55","24.89","59.5","941.98","3880","","","","","-104","5.5","22771","1776585955607"
"1836","2026-04-19 05:06:05","24.88","60.5","941.96","3880","","","","","-104","6.300000190734863","22772","1776585965626"
"1837","2026-04-19 05:06:15","24.89","58.5","941.98","3880","","","","","-106","5","22773","1776585975634"
"1838","2026-04-19 05:06:25","24.89","59","942","3880","","","","","-104","6.300000190734863","22774","1776585985619"
"1839","2026-04-19 05:06:35","24.86","60","941.96","3880","","","","","-105","5.800000190734863","22775","1776585995608"
"1840","2026-04-19 05:06:45","24.86","62","941.98","3880","","","","","-104","6","22776","1776586005601"
"1841","2026-04-19 05:06:55","24.85","60.5","941.98","3880","","","","","-105","4.300000190734863","22777","1776586015605"
"1842","2026-04-19 05:07:05","24.85","59.5","942.04","3880","","","","","-104","7","22778","1776586025604"
"1843","2026-04-19 05:07:15","24.85","59","942","3880","","","","","-109","0.30000001192092896","22779","1776586035576"
"1844","2026-04-19 05:07:25","24.86","62","942","3880","","","","","-105","5.800000190734863","22780","1776586045603"
"1845","2026-04-19 05:07:35","24.85","57","942.02","3880","","","","","-105","5.800000190734863","22781","1776586055611"
"1846","2026-04-19 05:07:45","24.84","57","942","3880","","","","","-104","6.5","22782","1776586065609"
"1847","2026-04-19 05:07:55","24.84","56","942.04","3880","","","","","-104","6.5","22783","1776586075604"
"1848","2026-04-19 05:08:05","24.83","59","942","3880","","","","","-104","7","22784","1776586085620"
"1849","2026-04-19 05:08:15","24.83","58","942.02","3880","","","","","-104","5.800000190734863","22785","1776586095574"
"1850","2026-04-19 05:08:25","24.84","60","942.02","3880","","","","","-104","6.5","22786","1776586105573"
"1851","2026-04-19 05:08:35","24.84","57.5","942.02","3880","","","","","-105","5.5","22787","1776586115698"
"1852","2026-04-19 05:08:45","24.83","60","942.02","3880","","","","","-105","6","22788","1776586125599"
"1853","2026-04-19 05:08:55","24.84","59","942.0600000000001","3880","","","","","-104","5.5","22789","1776586135616"
"1854","2026-04-19 05:09:05","24.85","59.5","942.02","3880","","","","","-104","6.5","22790","1776586145608"
"1855","2026-04-19 05:09:15","24.85","61","942.04","3880","","","","","-104","6.300000190734863","22791","1776586155608"
"1856","2026-04-19 05:09:25","24.85","59.5","942","3880","","","","","-105","5.5","22792","1776586165609"
"1857","2026-04-19 05:09:35","24.86","61","942.04","3880","","","","","-104","6.300000190734863","22793","1776586175615"
"1858","2026-04-19 05:09:45","24.86","58.5","942.02","3880","","","","","-105","5.5","22794","1776586185617"
"1859","2026-04-19 05:09:55","24.87","60","942","3880","","","","","-104","6.5","22795","1776586195578"
"1860","2026-04-19 05:10:05","24.88","59","942.02","3880","","","","","-104","6","22796","1776586205606"
"1861","2026-04-19 05:10:15","24.87","56.5","942.02","3960","","","","","-105","5.800000190734863","22797","1776586215633"
"1862","2026-04-19 05:10:25","24.87","60","942","3960","","","","","-104","5.300000190734863","22798","1776586225605"
"1863","2026-04-19 05:10:35","24.88","60","942.02","3960","","","","","-104","6.300000190734863","22799","1776586235612"
"1864","2026-04-19 05:10:45","24.89","61.5","942.04","3960","","","","","-105","4","22800","1776586245613"
"1865","2026-04-19 05:10:55","24.9","59.5","942.02","3960","","","","","-105","5.5","22801","1776586255607"
"1866","2026-04-19 05:11:05","24.9","59.5","941.98","3960","","","","","-104","5.300000190734863","22802","1776586265566"
"1867","2026-04-19 05:11:15","24.92","61","942","3960","","","","","-104","7","22803","1776586275608"
"1868","2026-04-19 05:11:25","24.92","60.5","942.02","3960","","","","","-105","5","22804","1776586285606"
"1869","2026-04-19 05:11:35","24.91","59.5","942.02","3960","","","","","-105","6","22805","1776586295603"
"1870","2026-04-19 05:11:45","24.9","59.5","942.04","3960","","","","","-103","7.800000190734863","22806","1776586305601"
"1871","2026-04-19 05:11:55","24.87","59","942.04","3960","","","","","-107","3.5","22807","1776586315597"
"1872","2026-04-19 05:12:05","24.87","60","942.02","3960","","","","","-106","4.800000190734863","22808","1776586325629"
"1873","2026-04-19 05:12:15","24.88","60.5","942.0600000000001","3960","","","","","-106","4.5","22809","1776586335576"
"1874","2026-04-19 05:12:25","24.88","61","942.04","3960","","","","","-105","5.300000190734863","22810","1776586345605"
"1875","2026-04-19 05:12:35","24.89","60.5","942.04","3960","","","","","-105","5.800000190734863","22811","1776586355577"
"1876","2026-04-19 05:12:45","24.9","59.5","942.04","3960","","","","","-105","6","22812","1776586365603"
"1877","2026-04-19 05:12:55","24.9","63","942.02","3960","","","","","-104","6.800000190734863","22813","1776586375573"
"1878","2026-04-19 05:13:05","24.89","60.5","942.0600000000001","3960","","","","","-108","2.799999952316284","22814","1776586385607"
"1879","2026-04-19 05:13:15","24.89","57","942.04","3960","","","","","-105","6","22815","1776586395614"
"1880","2026-04-19 05:13:25","24.88","60","942.0600000000001","3960","","","","","-104","6.5","22816","1776586405608"
"1881","2026-04-19 05:13:35","24.88","59.5","942.0600000000001","3960","","","","","-104","6.5","22817","1776586415573"
"1882","2026-04-19 05:13:45","24.88","59.5","942.08","3960","","","","","-105","5.800000190734863","22818","1776586425615"
"1883","2026-04-19 05:13:55","24.87","58","942.08","3960","","","","","-104","6.300000190734863","22819","1776586435596"
"1884","2026-04-19 05:14:05","24.87","57.5","942.0600000000001","3960","","","","","-105","5.800000190734863","22820","1776586445623"
"1885","2026-04-19 05:14:15","24.87","60","942.08","3960","","","","","-104","6.300000190734863","22821","1776586455603"
"1886","2026-04-19 05:14:25","24.9","62","942.08","3960","","","","","-104","6.300000190734863","22822","1776586465599"
"1887","2026-04-19 05:14:35","24.91","59.5","942.0600000000001","3960","","","","","-104","6.300000190734863","22823","1776586475599"
"1888","2026-04-19 05:14:45","24.91","61","942.04","3960","","","","","-104","6","22824","1776586485570"
"1889","2026-04-19 05:14:55","24.93","60","942.0600000000001","3960","","","","","-104","7","22825","1776586495598"
"1890","2026-04-19 05:15:05","24.92","59","942.08","3920","","","","","-105","6.300000190734863","22826","1776586505579"
"1891","2026-04-19 05:15:15","24.93","60.5","942.1","3920","","","","","-103","5.800000190734863","22827","1776586515611"
"1892","2026-04-19 05:15:25","24.91","60","942.1","3920","","","","","-103","7.300000190734863","22828","1776586525605"
"1893","2026-04-19 05:15:35","24.9","59","942.1","3920","","","","","-104","6.300000190734863","22829","1776586535604"
"1894","2026-04-19 05:15:45","24.9","60","942.1","3920","","","","","-106","5","22830","1776586545620"
"1895","2026-04-19 05:15:55","24.89","55.5","942.1","3920","","","","","-104","6.800000190734863","22831","1776586555596"
"1896","2026-04-19 05:16:05","24.88","62","942.12","3920","","","","","-107","4","22832","1776586565647"
"1897","2026-04-19 05:16:15","24.88","60","942.1","3920","","","","","-104","6.5","22833","1776586575636"
"1898","2026-04-19 05:16:25","24.88","62.5","942.12","3920","","","","","-105","5.800000190734863","22834","1776586585603"
"1899","2026-04-19 05:16:35","24.89","59.5","942.1","3920","","","","","-104","6.5","22835","1776586595597"
"1900","2026-04-19 05:16:45","24.88","61","942.08","3900","","","","","-104","6.800000190734863","22836","1776586605604"
"1901","2026-04-19 05:16:55","24.88","61","942.08","3900","","","","","-104","6.800000190734863","22837","1776586615604"
"1902","2026-04-19 05:17:05","24.89","60.5","942.12","3900","","","","","-104","6.300000190734863","22838","1776586625607"
"1903","2026-04-19 05:17:15","24.88","61","942.12","3900","","","","","-107","3.799999952316284","22839","1776586635605"
"1904","2026-04-19 05:17:25","24.88","63.5","942.12","3900","","","","","-105","5.800000190734863","22840","1776586645607"
"1905","2026-04-19 05:17:35","24.88","60.5","942.0600000000001","3900","","","","","-103","7.5","22841","1776586655611"
"1906","2026-04-19 05:17:45","24.88","59.5","942.1","3900","","","","","-104","6.5","22842","1776586665626"
"1907","2026-04-19 05:17:55","24.89","56","942.1","3900","","","","","-105","5.5","22843","1776586675602"
"1908","2026-04-19 05:18:05","24.88","61","942.1","3900","","","","","-103","7.5","22844","1776586685572"
"1909","2026-04-19 05:18:15","24.89","59","942.08","3900","","","","","-104","6","22845","1776586695594"
"1910","2026-04-19 05:18:25","24.88","61","942.1","3900","","","","","-105","6.5","22846","1776586705578"
"1911","2026-04-19 05:18:35","24.87","64","942.08","3900","","","","","-104","7","22847","1776586715601"
"1912","2026-04-19 05:18:45","24.87","59","942.08","3900","","","","","-104","6.300000190734863","22848","1776586725606"
"1913","2026-04-19 05:18:55","24.86","58.5","942.12","3900","","","","","-105","5.800000190734863","22849","1776586735598"
"1914","2026-04-19 05:19:05","24.86","60.5","942.12","3900","","","","","-105","5.5","22850","1776586745606"
"1915","2026-04-19 05:19:15","24.87","63","942.1","3900","","","","","-105","5.800000190734863","22851","1776586755565"
"1916","2026-04-19 05:19:25","24.87","59.5","942.0600000000001","3900","","","","","-104","6.800000190734863","22852","1776586765606"
"1917","2026-04-19 05:19:35","24.89","58.5","942.12","3900","","","","","-103","7.300000190734863","22853","1776586775619"
"1918","2026-04-19 05:19:45","24.9","56","942.12","3900","","","","","-105","5.800000190734863","22854","1776586785619"
"1919","2026-04-19 05:19:55","24.9","57.5","942.12","3900","","","","","-103","6.800000190734863","22855","1776586795601"
"1920","2026-04-19 05:20:05","24.9","59","942.12","3900","","","","","-103","7.300000190734863","22856","1776586805626"
"1921","2026-04-19 05:20:15","24.91","59.5","942.16","3900","","","","","-104","6","22857","1776586815576"
"1922","2026-04-19 05:20:25","24.89","60","942.12","3900","","","","","-104","6.800000190734863","22858","1776586825607"
"1923","2026-04-19 05:20:35","24.89","60.5","942.1","3900","","","","","-107","4","22859","1776586835572"
"1924","2026-04-19 05:20:45","24.89","60.5","942.1","3900","","","","","-103","7.5","22860","1776586845620"
"1925","2026-04-19 05:20:55","24.9","59","942.14","3900","","","","","-103","7","22861","1776586855595"
"1926","2026-04-19 05:21:05","24.89","61","942.14","3900","","","","","-103","7.5","22862","1776586865604"
"1927","2026-04-19 05:21:15","24.89","60.5","942.12","3900","","","","","-103","6.800000190734863","22863","1776586875600"
"1928","2026-04-19 05:21:25","24.9","60","942.12","3900","","","","","-105","5.5","22864","1776586885607"
"1929","2026-04-19 05:21:35","24.89","59.5","942.12","3900","","","","","-103","7.5","22865","1776586895616"
"1930","2026-04-19 05:21:45","24.9","59.5","942.1","3900","","","","","-105","5.5","22866","1776586905610"
"1931","2026-04-19 05:21:55","24.89","59.5","942.1","3900","","","","","-104","6.800000190734863","22867","1776586915603"
"1932","2026-04-19 05:22:05","24.89","59.5","942.1","3900","","","","","-103","7.5","22868","1776586925598"
"1933","2026-04-19 05:22:15","24.9","61","942.12","3900","","","","","-104","6.800000190734863","22869","1776586935577"
"1934","2026-04-19 05:22:25","24.89","59.5","942.08","3900","","","","","-106","4.5","22870","1776586945568"
"1935","2026-04-19 05:22:35","24.91","59.5","942.1","3900","","","","","-103","7.5","22871","1776586955578"
"1936","2026-04-19 05:22:45","24.91","59.5","942.12","3900","","","","","-104","7","22872","1776586965602"
"1937","2026-04-19 05:22:55","24.92","60","942.12","3900","","","","","-103","7.5","22873","1776586975605"
"1938","2026-04-19 05:23:05","24.93","59.5","942.14","3900","","","","","-104","7","22874","1776586985606"
"1939","2026-04-19 05:23:15","24.92","57.5","942.12","3900","","","","","-103","7","22875","1776586995602"
"1940","2026-04-19 05:23:25","24.91","61","942.12","3900","","","","","-104","6.800000190734863","22876","1776587005598"
"1941","2026-04-19 05:23:35","24.91","62.5","942.14","3900","","","","","-105","5.800000190734863","22877","1776587015618"
"1942","2026-04-19 05:23:45","24.9","58.5","942.12","3900","","","","","-104","6.5","22878","1776587025602"
"1943","2026-04-19 05:23:55","24.91","60.5","942.12","3900","","","","","-105","5.800000190734863","22879","1776587035594"
"1944","2026-04-19 05:24:05","24.91","59.5","942.14","3880","","","","","-105","5.800000190734863","22880","1776587045606"
"1945","2026-04-19 05:24:15","24.92","59.5","942.14","3900","","","","","-106","4.800000190734863","22881","1776587055605"
"1946","2026-04-19 05:24:25","24.92","60","942.14","3900","","","","","-107","3.299999952316284","22882","1776587065603"
"1947","2026-04-19 05:24:35","24.92","57.5","942.12","3900","","","","","-104","6.300000190734863","22883","1776587075572"
"1948","2026-04-19 05:24:45","24.91","62.5","942.14","3900","","","","","-108","3","22884","1776587085585"
"1949","2026-04-19 05:24:55","24.9","62","942.14","3900","","","","","-106","5.300000190734863","22885","1776587095595"
"1950","2026-04-19 05:25:05","24.9","58","942.14","3900","","","","","-105","6","22886","1776587105641"
"1951","2026-04-19 05:25:15","24.89","59.5","942.14","3900","","","","","-104","6.800000190734863","22887","1776587115575"
"1952","2026-04-19 05:25:25","24.89","62","942.14","3880","","","","","-105","5.300000190734863","22888","1776587125574"
"1953","2026-04-19 05:25:35","24.89","58","942.1800000000001","3900","","","","","-106","5","22889","1776587135610"
"1954","2026-04-19 05:25:45","24.89","59.5","942.14","3880","","","","","-105","5.300000190734863","22890","1776587145611"
"1955","2026-04-19 05:25:55","24.89","62","942.16","3900","","","","","-105","5.300000190734863","22891","1776587155640"
"1956","2026-04-19 05:26:05","24.88","61","942.14","3900","","","","","-104","5.800000190734863","22892","1776587165628"
"1957","2026-04-19 05:26:15","24.88","59","942.14","3880","","","","","-105","6","22893","1776587175568"
"1958","2026-04-19 05:26:25","24.89","62","942.16","3880","","","","","-103","7.300000190734863","22894","1776587185607"
"1959","2026-04-19 05:26:35","24.88","60","942.14","3900","","","","","-106","4.5","22895","1776587195606"
"1960","2026-04-19 05:26:45","24.88","59","942.16","3880","","","","","-106","5","22896","1776587205594"
"1961","2026-04-19 05:26:55","24.87","59.5","942.1800000000001","3880","","","","","-107","3.799999952316284","22897","1776587215606"
"1962","2026-04-19 05:27:05","24.87","62","942.16","3880","","","","","-103","7.800000190734863","22898","1776587225574"
"1963","2026-04-19 05:27:15","24.87","60.5","942.16","3880","","","","","-107","3.799999952316284","22899","1776587235598"
"1964","2026-04-19 05:27:25","24.88","63.5","942.2","3880","","","","","-105","4.800000190734863","22900","1776587245606"
"1965","2026-04-19 05:27:35","24.88","60","942.16","3900","","","","","-104","6.5","22901","1776587255612"
"1966","2026-04-19 05:27:45","24.89","60.5","942.2","3880","","","","","-105","5","22902","1776587265613"
"1967","2026-04-19 05:27:55","24.89","59.5","942.1800000000001","3900","","","","","-104","7","22903","1776587275576"
"1968","2026-04-19 05:28:05","24.88","59.5","942.1800000000001","3880","","","","","-105","5.300000190734863","22904","1776587285607"
"1969","2026-04-19 05:28:15","24.89","60.5","942.2","3880","","","","","-104","6.300000190734863","22905","1776587295571"
"1970","2026-04-19 05:28:25","24.89","59.5","942.14","3880","","","","","-106","4.800000190734863","22906","1776587305577"
"1971","2026-04-19 05:28:35","24.91","61","942.1800000000001","3900","","","","","-104","6.5","22907","1776587315598"
"1972","2026-04-19 05:28:45","24.89","57.5","942.1800000000001","3880","","","","","-106","4","22908","1776587325579"
"1973","2026-04-19 05:28:55","24.88","59.5","942.1800000000001","3880","","","","","-108","2.299999952316284","22909","1776587335571"
"1974","2026-04-19 05:29:05","24.88","61","942.1800000000001","3880","","","","","-104","5.800000190734863","22910","1776587345599"
"1975","2026-04-19 05:29:15","24.89","63","942.14","3880","","","","","-105","5.5","22911","1776587355594"
"1976","2026-04-19 05:29:25","24.9","60","942.2","3880","","","","","-104","6.300000190734863","22912","1776587365570"
"1977","2026-04-19 05:29:35","24.89","61","942.16","3880","","","","","-109","1","22913","1776587375598"
"1978","2026-04-19 05:29:45","24.9","60","942.22","3880","","","","","-104","6","22914","1776587385604"
"1979","2026-04-19 05:29:55","24.88","57.5","942.1800000000001","3880","","","","","-105","5.5","22915","1776587395603"
"1980","2026-04-19 05:30:05","24.88","60.5","942.1800000000001","3880","","","","","-105","5.800000190734863","22916","1776587405614"
"1981","2026-04-19 05:30:15","24.85","60","942.16","3880","","","","","-105","5.5","22917","1776587415618"
"1982","2026-04-19 05:30:25","24.86","61","942.1800000000001","3880","","","","","-104","5.800000190734863","22918","1776587425604"
"1983","2026-04-19 05:30:35","24.86","61","942.1800000000001","3880","","","","","-104","6.5","22919","1776587435568"
"1984","2026-04-19 05:30:45","24.86","59.5","942.1800000000001","3880","","","","","-105","6.300000190734863","22920","1776587445642"
"1985","2026-04-19 05:30:55","24.87","60.5","942.1800000000001","3880","","","","","-104","6.800000190734863","22921","1776587455604"
"1986","2026-04-19 05:31:05","24.86","59.5","942.1800000000001","3880","","","","","-110","0","22922","1776587465610"
"1987","2026-04-19 05:31:15","24.88","60","942.16","3900","","","","","-104","6.800000190734863","22923","1776587475599"
"1988","2026-04-19 05:31:25","24.89","59.5","942.1800000000001","3880","","","","","-105","5.300000190734863","22924","1776587485601"
"1989","2026-04-19 05:31:35","24.88","57.5","942.2","3880","","","","","-105","5.5","22925","1776587495607"
"1990","2026-04-19 05:31:45","24.88","60.5","942.1800000000001","3880","","","","","-106","5.300000190734863","22926","1776587505604"
"1991","2026-04-19 05:31:55","24.89","60","942.2","3880","","","","","-104","6.300000190734863","22927","1776587515596"
"1992","2026-04-19 05:32:05","24.88","60","942.1800000000001","3880","","","","","-104","6.800000190734863","22928","1776587525622"
"1993","2026-04-19 05:32:15","24.88","60.5","942.2","3880","","","","","-105","5.300000190734863","22929","1776587535617"
"1994","2026-04-19 05:32:25","24.86","58","942.2","3880","","","","","-104","6.5","22930","1776587545597"
"1995","2026-04-19 05:32:35","24.85","56.5","942.2","3880","","","","","-104","6.5","22931","1776587555566"
"1996","2026-04-19 05:32:45","24.85","59","942.2","3880","","","","","-104","6.5","22932","1776587565580"
"1997","2026-04-19 05:32:55","24.86","59.5","942.2","3880","","","","","-107","3.799999952316284","22933","1776587575596"
"1998","2026-04-19 05:33:05","24.85","58","942.22","3880","","","","","-106","4.300000190734863","22934","1776587585582"
"1999","2026-04-19 05:33:15","24.85","57","942.22","3880","","","","","-104","7","22935","1776587595602"
"2000","2026-04-19 05:33:25","24.85","61","942.2","3880","","","","","-108","2.5","22936","1776587605604"
"2001","2026-04-19 05:33:35","24.86","60.5","942.22","3880","","","","","-104","6.800000190734863","22937","1776587615601"
"2002","2026-04-19 05:33:45","24.87","62.5","942.22","3880","","","","","-112","-4.300000190734863","22938","1776587625606"
"2003","2026-04-19 05:33:55","24.89","59.5","942.22","3880","","","","","-105","5","22939","1776587635599"
"2004","2026-04-19 05:34:05","24.86","59","942.24","3880","","","","","-104","6.5","22940","1776587645603"
"2005","2026-04-19 05:34:15","24.85","60","942.2","3880","","","","","-106","5","22941","1776587655605"
"2006","2026-04-19 05:34:25","24.86","61","942.2","3880","","","","","-104","6.800000190734863","22942","1776587665592"
"2007","2026-04-19 05:34:35","24.86","60","942.22","3880","","","","","-105","5.5","22943","1776587675595"
"2008","2026-04-19 05:34:45","24.87","61","942.22","3880","","","","","-105","5.5","22944","1776587685604"
"2009","2026-04-19 05:34:55","24.87","63","942.26","3880","","","","","-105","5.300000190734863","22945","1776587695583"
"2010","2026-04-19 05:35:05","24.85","61","942.24","3880","","","","","-104","6.800000190734863","22946","1776587705639"
"2011","2026-04-19 05:35:15","24.84","60.5","942.24","3880","","","","","-105","5.800000190734863","22947","1776587715605"
"2012","2026-04-19 05:35:25","24.84","60.5","942.22","3880","","","","","-104","5.800000190734863","22948","1776587725566"
"2013","2026-04-19 05:35:35","24.83","59.5","942.24","3880","","","","","-105","5","22949","1776587735598"
"2014","2026-04-19 05:35:45","24.83","62.5","942.24","3880","","","","","-105","4","22950","1776587745594"
"2015","2026-04-19 05:35:55","24.82","61.5","942.26","3880","","","","","-104","5.300000190734863","22951","1776587755605"
"2016","2026-04-19 05:36:05","24.82","56.5","942.28","3880","","","","","-105","6","22952","1776587765599"
"2017","2026-04-19 05:36:15","24.83","62","942.24","3880","","","","","-106","4.800000190734863","22953","1776587775639"
"2018","2026-04-19 05:36:25","24.84","62","942.26","3880","","","","","-104","6.5","22954","1776587785602"
"2019","2026-04-19 05:36:35","24.84","58.5","942.24","3880","","","","","-105","5.300000190734863","22955","1776587795570"
"2020","2026-04-19 05:36:45","24.84","59.5","942.26","3880","","","","","-109","1.2999999523162842","22956","1776587805604"
"2021","2026-04-19 05:36:55","24.85","59","942.28","3880","","","","","-105","5.5","22957","1776587815593"
"2022","2026-04-19 05:37:05","24.85","60","942.26","3880","","","","","-105","6","22958","1776587825562"
"2023","2026-04-19 05:37:15","24.86","57","942.28","3880","","","","","-103","7.800000190734863","22959","1776587835621"
"2024","2026-04-19 05:37:25","24.86","62","942.3000000000001","3880","","","","","-104","5","22960","1776587845566"
"2025","2026-04-19 05:37:35","24.86","60","942.26","3880","","","","","-104","5.800000190734863","22961","1776587855567"
"2026","2026-04-19 05:37:45","24.86","58.5","942.28","3880","","","","","-108","2.5","22962","1776587865604"
"2027","2026-04-19 05:37:55","24.86","62","942.26","3880","","","","","-108","2.799999952316284","22963","1776587875596"
"2028","2026-04-19 05:38:05","24.86","56.5","942.26","3880","","","","","-104","5.800000190734863","22964","1776587885609"
"2029","2026-04-19 05:38:15","24.86","60","942.28","3880","","","","","-105","5.5","22965","1776587895593"
"2030","2026-04-19 05:38:25","24.89","60","942.28","3880","","","","","-106","5.300000190734863","22966","1776587905604"
"2031","2026-04-19 05:38:35","24.89","62","942.28","3880","","","","","-104","6.5","22967","1776587915577"
"2032","2026-04-19 05:38:45","24.89","60.5","942.3000000000001","3880","","","","","-108","3.299999952316284","22968","1776587925592"
"2033","2026-04-19 05:38:55","24.89","60.5","942.3000000000001","3880","","","","","-104","6.5","22969","1776587935567"
"2034","2026-04-19 05:39:05","24.87","59","942.3000000000001","3880","","","","","-111","-1","22970","1776587945604"
"2035","2026-04-19 05:39:15","24.87","60.5","942.3000000000001","3880","","","","","-104","7","22971","1776587955849"
"2036","2026-04-19 05:39:25","24.86","60","942.3000000000001","3880","","","","","-105","5.800000190734863","22972","1776587965597"
"2037","2026-04-19 05:39:35","24.85","60","942.28","3880","","","","","-106","5.300000190734863","22973","1776587975604"
"2038","2026-04-19 05:39:45","24.84","60.5","942.3000000000001","3880","","","","","-103","7.800000190734863","22974","1776587985599"
"2039","2026-04-19 05:39:55","24.83","62","942.3000000000001","3880","","","","","-105","5.800000190734863","22975","1776587995575"
"2040","2026-04-19 05:40:05","24.84","63","942.3000000000001","3880","","","","","-106","5","22976","1776588005639"
"2041","2026-04-19 05:40:15","24.84","59.5","942.3000000000001","3880","","","","","-104","6.800000190734863","22977","1776588015597"
"2042","2026-04-19 05:40:25","24.85","60.5","942.3000000000001","3880","","","","","-104","6.800000190734863","22978","1776588025605"
"2043","2026-04-19 05:40:35","24.86","57.5","942.3000000000001","3880","","","","","-104","6.5","22979","1776588035603"
"2044","2026-04-19 05:40:45","24.86","61.5","942.28","3880","","","","","-105","5.800000190734863","22980","1776588045574"
"2045","2026-04-19 05:40:55","24.87","60.5","942.3000000000001","3880","","","","","-107","3.299999952316284","22981","1776588055566"
"2046","2026-04-19 05:41:05","24.88","60","942.28","3880","","","","","-108","2.299999952316284","22982","1776588065581"
"2047","2026-04-19 05:41:15","24.88","61","942.32","3880","","","","","-105","5","22983","1776588075609"
"2048","2026-04-19 05:41:25","24.87","63.5","942.3000000000001","3880","","","","","-105","5.5","22984","1776588085571"
"2049","2026-04-19 05:41:35","24.87","58.5","942.3000000000001","3880","","","","","-106","4.800000190734863","22985","1776588095615"
"2050","2026-04-19 05:41:45","24.88","60.5","942.3000000000001","3880","","","","","-108","2.799999952316284","22986","1776588105616"
"2051","2026-04-19 05:41:55","24.88","60.5","942.3000000000001","3880","","","","","-105","5.800000190734863","22987","1776588115604"
"2052","2026-04-19 05:42:05","24.89","60","942.28","3880","","","","","-106","4.300000190734863","22988","1776588125593"
"2053","2026-04-19 05:42:15","24.88","61","942.3000000000001","3880","","","","","-105","5.5","22989","1776588135598"
"2054","2026-04-19 05:42:25","24.87","62","942.3000000000001","3880","","","","","-104","6.300000190734863","22990","1776588145574"
"2055","2026-04-19 05:42:35","24.89","60.5","942.3000000000001","3880","","","","","-103","7.300000190734863","22991","1776588155578"
"2056","2026-04-19 05:42:45","24.88","60.5","942.26","3880","","","","","-104","6","22992","1776588165575"
"2057","2026-04-19 05:42:55","24.88","61","942.24","3880","","","","","-104","6.800000190734863","22993","1776588175596"
"2058","2026-04-19 05:43:05","24.88","57","942.26","3880","","","","","-103","6","22994","1776588185569"
"2059","2026-04-19 05:43:15","24.87","60.5","942.3000000000001","3880","","","","","-104","6.5","22995","1776588195601"
"2060","2026-04-19 05:43:25","24.88","62.5","942.3000000000001","3880","","","","","-104","7.300000190734863","22996","1776588205602"
"2061","2026-04-19 05:43:35","24.87","59.5","942.3000000000001","3880","","","","","-106","4.5","22997","1776588215622"
"2062","2026-04-19 05:43:45","24.86","58","942.3000000000001","3880","","","","","-111","-2.5","22998","1776588225602"
"2063","2026-04-19 05:43:55","24.89","62","942.28","3880","","","","","-103","7.300000190734863","22999","1776588235603"
"2064","2026-04-19 05:44:05","24.88","60.5","942.28","3880","","","","","-105","5.800000190734863","23000","1776588245604"
"2065","2026-04-19 05:44:15","24.88","59.5","942.24","3880","","","","","-105","5.5","23001","1776588255595"
"2066","2026-04-19 05:44:25","24.86","60.5","942.28","3880","","","","","-108","3","23002","1776588265602"
"2067","2026-04-19 05:44:35","24.86","61","942.28","3880","","","","","-108","2.299999952316284","23003","1776588275605"
"2068","2026-04-19 05:44:45","24.88","61","942.3000000000001","3880","","","","","-105","5.300000190734863","23004","1776588285594"
"2069","2026-04-19 05:44:55","24.87","61.5","942.28","3880","","","","","-108","2.799999952316284","23005","1776588295594"
"2070","2026-04-19 05:45:05","24.88","63.5","942.24","3880","","","","","-105","6.300000190734863","23006","1776588305603"
"2071","2026-04-19 05:45:15","24.88","61","942.24","3880","","","","","-104","6.5","23007","1776588315607"
"2072","2026-04-19 05:45:25","24.89","59","942.24","3880","","","","","-106","5","23008","1776588325571"
"2073","2026-04-19 05:45:35","24.88","59.5","942.26","3880","","","","","-103","7.5","23009","1776588335568"
"2074","2026-04-19 05:45:45","24.89","61","942.28","3880","","","","","-106","4.300000190734863","23010","1776588345615"
"2075","2026-04-19 05:45:55","24.88","59","942.26","3880","","","","","-105","5.300000190734863","23011","1776588355583"
"2076","2026-04-19 05:46:05","24.9","59.5","942.28","3880","","","","","-107","4","23012","1776588365632"
"2077","2026-04-19 05:46:15","24.91","59.5","942.24","3880","","","","","-104","6.300000190734863","23013","1776588375561"
"2078","2026-04-19 05:46:25","24.92","59.5","942.3000000000001","3880","","","","","-104","6.300000190734863","23014","1776588385593"
"2079","2026-04-19 05:46:35","24.93","59","942.28","3880","","","","","-106","5","23015","1776588395570"
"2080","2026-04-19 05:46:45","24.9","59.5","942.28","3880","","","","","-104","6.300000190734863","23016","1776588405596"
"2081","2026-04-19 05:46:55","24.88","61","942.26","3880","","","","","-110","0.30000001192092896","23017","1776588415592"
"2082","2026-04-19 05:47:05","24.89","62","942.26","3880","","","","","-104","6.300000190734863","23018","1776588425574"
"2083","2026-04-19 05:47:15","24.91","60.5","942.3000000000001","3880","","","","","-106","5.300000190734863","23019","1776588435611"
"2084","2026-04-19 05:47:25","24.91","61.5","942.3000000000001","3880","","","","","-104","6.5","23020","1776588445602"
"2085","2026-04-19 05:47:35","24.9","59.5","942.32","3880","","","","","-105","6","23021","1776588455609"
"2086","2026-04-19 05:47:45","24.9","59.5","942.28","3880","","","","","-104","6","23022","1776588465592"
"2087","2026-04-19 05:47:55","24.9","57","942.3000000000001","3880","","","","","-104","6.5","23023","1776588475596"
"2088","2026-04-19 05:48:05","24.87","58.5","942.36","3880","","","","","-106","4.800000190734863","23024","1776588485589"
"2089","2026-04-19 05:48:15","24.86","60","942.32","3880","","","","","-109","1.5","23025","1776588495596"
"2090","2026-04-19 05:48:25","24.86","62.5","942.32","3880","","","","","-104","6.300000190734863","23026","1776588505572"
"2091","2026-04-19 05:48:35","24.86","60","942.32","3880","","","","","-104","6","23027","1776588515571"
"2092","2026-04-19 05:48:45","24.86","61","942.32","3880","","","","","-107","3.299999952316284","23028","1776588525580"
"2093","2026-04-19 05:48:55","24.87","60","942.26","3880","","","","","-104","7","23029","1776588535595"
"2094","2026-04-19 05:49:05","24.86","58.5","942.32","3880","","","","","-104","6.800000190734863","23030","1776588545599"
"2095","2026-04-19 05:49:15","24.85","64","942.32","3880","","","","","-107","3.5","23031","1776588555605"
"2096","2026-04-19 05:49:25","24.85","62","942.32","3880","","","","","-108","2.799999952316284","23032","1776588565595"
"2097","2026-04-19 05:49:35","24.84","60","942.34","3880","","","","","-108","2.799999952316284","23033","1776588575615"
"2098","2026-04-19 05:49:45","24.85","62","942.34","3880","","","","","-105","5.800000190734863","23034","1776588585568"
"2099","2026-04-19 05:49:55","24.84","57.5","942.3000000000001","3880","","","","","-105","5.800000190734863","23035","1776588595561"
"2100","2026-04-19 05:50:05","24.87","60.5","942.36","3880","","","","","-105","5.800000190734863","23036","1776588605606"
"2101","2026-04-19 05:50:15","24.88","60.5","942.32","3880","","","","","-104","6.5","23037","1776588615606"
"2102","2026-04-19 05:50:25","24.88","58.5","942.34","3880","","","","","-107","4.300000190734863","23038","1776588625590"
"2103","2026-04-19 05:50:35","24.89","60","942.34","3880","","","","","-106","5.5","23039","1776588635596"
"2104","2026-04-19 05:50:45","24.89","60","942.34","3880","","","","","-104","6","23040","1776588645561"
"2105","2026-04-19 05:50:55","24.9","59","942.32","3880","","","","","-105","6.5","23041","1776588655601"
"2106","2026-04-19 05:51:05","24.9","60","942.32","3880","","","","","-106","5.300000190734863","23042","1776588665614"
"2107","2026-04-19 05:51:15","24.9","59.5","942.36","3880","","","","","-107","3.799999952316284","23043","1776588675579"
"2108","2026-04-19 05:51:25","24.89","60.5","942.36","3880","","","","","-104","6.5","23044","1776588685567"
"2109","2026-04-19 05:51:35","24.89","62.5","942.34","3880","","","","","-104","6.800000190734863","23045","1776588695604"
"2110","2026-04-19 05:51:45","24.89","59","942.34","3880","","","","","-104","7","23046","1776588705605"
"2111","2026-04-19 05:51:55","24.89","60.5","942.36","3880","","","","","-107","3","23047","1776588715569"
"2112","2026-04-19 05:52:05","24.88","59.5","942.34","3880","","","","","-109","1.5","23048","1776588725625"
"2113","2026-04-19 05:52:15","24.89","62.5","942.36","3880","","","","","-105","5.800000190734863","23049","1776588735594"
"2114","2026-04-19 05:52:25","24.89","58.5","942.34","3880","","","","","-111","-2","23050","1776588745599"
"2115","2026-04-19 05:52:35","24.9","60","942.36","3880","","","","","-107","2.799999952316284","23051","1776588755597"
"2116","2026-04-19 05:52:45","24.9","57","942.32","3880","","","","","-104","5.5","23052","1776588765602"
"2117","2026-04-19 05:52:55","24.89","59.5","942.32","3960","","","","","-111","-1.7999999523162842","23053","1776588775578"
"2118","2026-04-19 05:53:05","24.89","59.5","942.34","3960","","","","","-106","5","23054","1776588785607"
"2119","2026-04-19 05:53:15","24.89","59.5","942.32","3960","","","","","-110","0","23055","1776588795599"
"2120","2026-04-19 05:53:25","24.89","59.5","942.34","3960","","","","","-104","6.800000190734863","23056","1776588805598"
"2121","2026-04-19 05:53:35","24.9","62","942.32","3960","","","","","-106","5","23057","1776588815600"
"2122","2026-04-19 05:53:45","24.89","60.5","942.32","3960","","","","","-104","6.800000190734863","23058","1776588825595"
"2123","2026-04-19 05:53:55","24.88","60","942.34","3960","","","","","-104","7","23059","1776588835603"
"2124","2026-04-19 05:54:05","24.87","61.5","942.34","3960","","","","","-111","-4.300000190734863","23060","1776588845610"
"2125","2026-04-19 05:54:15","24.86","61","942.34","3960","","","","","-105","5.300000190734863","23061","1776588855562"
"2126","2026-04-19 05:54:25","24.84","60.5","942.34","3960","","","","","-107","3.299999952316284","23062","1776588865588"
"2127","2026-04-19 05:54:35","24.83","61.5","942.32","3960","","","","","-104","6.300000190734863","23063","1776588875573"
"2128","2026-04-19 05:54:45","24.83","60.5","942.36","3960","","","","","-109","1","23064","1776588885594"
"2129","2026-04-19 05:54:55","24.83","60.5","942.32","3960","","","","","-108","3","23065","1776588895599"
"2130","2026-04-19 05:55:05","24.85","59.5","942.38","3960","","","","","-105","6","23066","1776588905593"
"2131","2026-04-19 05:55:15","24.87","59","942.36","3960","","","","","-103","7.300000190734863","23067","1776588915607"
"2132","2026-04-19 05:55:25","24.88","58","942.36","3960","","","","","-107","4","23068","1776588925591"
"2133","2026-04-19 05:55:35","24.9","61","942.32","3960","","","","","-104","6.5","23069","1776588935580"
"2134","2026-04-19 05:55:45","24.9","60.5","942.36","3960","","","","","-104","6","23070","1776588945598"
"2135","2026-04-19 05:55:55","24.89","60","942.34","3960","","","","","-104","7","23071","1776588955594"
"2136","2026-04-19 05:56:05","24.88","60.5","942.36","3960","","","","","-112","-4.800000190734863","23072","1776588965622"
"2137","2026-04-19 05:56:15","24.86","58.5","942.36","3960","","","","","-105","5.300000190734863","23073","1776588975572"
"2138","2026-04-19 05:56:25","24.86","60","942.34","3960","","","","","-106","5.300000190734863","23074","1776588985591"
"2139","2026-04-19 05:56:35","24.88","60","942.34","3960","","","","","-104","5.5","23075","1776588995563"
"2140","2026-04-19 05:56:45","24.89","58.5","942.32","3960","","","","","-105","5.800000190734863","23076","1776589005626"
"2141","2026-04-19 05:56:55","24.9","60","942.36","3960","","","","","-104","6.800000190734863","23077","1776589015601"
"2142","2026-04-19 05:57:05","24.91","61","942.36","3960","","","","","-105","5.300000190734863","23078","1776589025594"
"2143","2026-04-19 05:57:15","24.89","60.5","942.36","3960","","","","","-106","4.5","23079","1776589035590"
"2144","2026-04-19 05:57:25","24.89","62.5","942.34","3960","","","","","-104","6.5","23080","1776589045588"
"2145","2026-04-19 05:57:35","24.88","60","942.34","3920","","","","","-105","6","23081","1776589055606"
"2146","2026-04-19 05:57:45","24.89","61.5","942.34","3920","","","","","-104","6.300000190734863","23082","1776589065606"
"2147","2026-04-19 05:57:55","24.86","58","942.38","3920","","","","","-106","4.5","23083","1776589075593"
"2148","2026-04-19 05:58:05","24.88","60","942.38","3920","","","","","-105","5.800000190734863","23084","1776589085569"
"2149","2026-04-19 05:58:15","24.87","60","942.34","3920","","","","","-107","4.300000190734863","23085","1776589095607"
"2150","2026-04-19 05:58:25","24.87","60.5","942.36","3920","","","","","-106","4.300000190734863","23086","1776589105601"
"2151","2026-04-19 05:58:35","24.87","57.5","942.36","3920","","","","","-103","7.800000190734863","23087","1776589115605"
"2152","2026-04-19 05:58:45","24.86","60.5","942.34","3920","","","","","-103","5.300000190734863","23088","1776589125576"
"2153","2026-04-19 05:58:55","24.87","61","942.34","3900","","","","","-105","5.5","23089","1776589135600"
"2154","2026-04-19 05:59:05","24.89","58.5","942.34","3920","","","","","-105","5.5","23090","1776589145602"
"2155","2026-04-19 05:59:15","24.9","59.5","942.34","3920","","","","","-110","-1.2999999523162842","23091","1776589155572"
"2156","2026-04-19 05:59:25","24.91","62","942.32","3920","","","","","-107","3","23092","1776589165597"
"2157","2026-04-19 05:59:35","24.91","62","942.34","3900","","","","","-105","5.300000190734863","23093","1776589175602"
"2158","2026-04-19 05:59:45","24.9","61.5","942.34","3900","","","","","-104","6","23094","1776589185597"
"2159","2026-04-19 05:59:55","24.91","60","942.36","3900","","","","","-105","5","23095","1776589195601"
"2160","2026-04-19 06:00:05","24.91","61.5","942.36","3900","","","","","-106","4.5","23096","1776589205597"
"2161","2026-04-19 06:00:15","24.91","60.5","942.34","3900","","","","","-102","6.800000190734863","23097","1776589215589"
"2162","2026-04-19 06:00:25","24.9","59.5","942.36","3920","","","","","-104","5.800000190734863","23098","1776589225593"
"2163","2026-04-19 06:00:35","24.88","62.5","942.38","3900","","","","","-105","5.5","23099","1776589235556"
"2164","2026-04-19 06:00:45","24.88","59","942.38","3900","","","","","-108","2.5","23100","1776589245588"
"2165","2026-04-19 06:00:55","24.89","60.5","942.34","3900","","","","","-104","5.5","23101","1776589255591"
"2166","2026-04-19 06:01:05","24.88","60","942.34","3900","","","","","-106","5.300000190734863","23102","1776589265596"
"2167","2026-04-19 06:01:15","24.88","58.5","942.36","3900","","","","","-106","4.800000190734863","23103","1776589275595"
"2168","2026-04-19 06:01:25","24.88","60","942.38","3900","","","","","-104","5.800000190734863","23104","1776589285562"
"2169","2026-04-19 06:01:35","24.89","59.5","942.4","3900","","","","","-106","4.800000190734863","23105","1776589295603"
"2170","2026-04-19 06:01:45","24.91","60","942.38","3900","","","","","-109","1.7999999523162842","23106","1776589305603"
"2171","2026-04-19 06:01:55","24.89","60.5","942.36","3900","","","","","-104","6.300000190734863","23107","1776589315560"
"2172","2026-04-19 06:02:05","24.89","60","942.34","3900","","","","","-105","5.5","23108","1776589325598"
"2173","2026-04-19 06:02:15","24.87","60","942.34","3900","","","","","-110","0","23109","1776589335566"
"2174","2026-04-19 06:02:25","24.87","60.5","942.3000000000001","3900","","","","","-111","-5","23110","1776589345586"
"2175","2026-04-19 06:02:35","24.88","58.5","942.36","3900","","","","","-106","5","23111","1776589355590"
"2176","2026-04-19 06:02:45","24.86","62.5","942.36","3900","","","","","-105","5.5","23112","1776589365617"
"2177","2026-04-19 06:02:55","24.86","58.5","942.34","3900","","","","","-105","5.300000190734863","23113","1776589375596"
"2178","2026-04-19 06:03:05","24.85","63.5","942.32","3900","","","","","-104","6.800000190734863","23114","1776589385596"
"2179","2026-04-19 06:03:15","24.84","57.5","942.32","3900","","","","","-105","5.300000190734863","23115","1776589395613"
"2180","2026-04-19 06:03:25","24.84","58.5","942.32","3900","","","","","-104","6.800000190734863","23116","1776589405559"
"2181","2026-04-19 06:03:35","24.83","62.5","942.3000000000001","3900","","","","","-103","7.300000190734863","23117","1776589415590"
"2182","2026-04-19 06:03:45","24.84","60","942.34","3900","","","","","-105","5.800000190734863","23118","1776589425572"
"2183","2026-04-19 06:03:55","24.82","61","942.34","3900","","","","","-108","2.799999952316284","23119","1776589435586"
"2184","2026-04-19 06:04:05","24.83","60.5","942.34","3900","","","","","-104","6.5","23120","1776589445584"
"2185","2026-04-19 06:04:15","24.83","61","942.34","3900","","","","","-106","4.5","23121","1776589455562"
"2186","2026-04-19 06:04:25","24.83","60.5","942.32","3900","","","","","-110","-1","23122","1776589465584"
"2187","2026-04-19 06:04:35","24.83","63","942.32","3900","","","","","-105","5","23123","1776589475575"
"2188","2026-04-19 06:04:45","24.83","59","942.32","3900","","","","","-103","7.800000190734863","23124","1776589485556"
"2189","2026-04-19 06:04:55","24.82","58.5","942.32","3900","","","","","-104","7.300000190734863","23125","1776589495600"
"2190","2026-04-19 06:05:05","24.81","59","942.32","3900","","","","","-105","5.800000190734863","23126","1776589505592"
"2191","2026-04-19 06:05:15","24.78","57","942.26","3900","","","","","-106","4.5","23127","1776589515594"
"2192","2026-04-19 06:05:25","24.78","59.5","942.28","3900","","","","","-107","3.799999952316284","23128","1776589525592"
"2193","2026-04-19 06:05:35","24.79","61.5","942.3000000000001","3900","","","","","-105","5","23129","1776589535597"
"2194","2026-04-19 06:05:45","24.84","61","942.3000000000001","3900","","","","","-106","4.5","23130","1776589545569"
"2195","2026-04-19 06:05:55","24.83","62.5","942.32","3900","","","","","-103","7.800000190734863","23131","1776589555584"
"2196","2026-04-19 06:06:05","24.83","59","942.32","3900","","","","","-104","6","23132","1776589565598"
"2197","2026-04-19 06:06:15","24.84","60","942.34","3900","","","","","-108","1.7999999523162842","23133","1776589575591"
"2198","2026-04-19 06:06:25","24.83","60.5","942.34","3900","","","","","-106","5","23134","1776589585591"
"2199","2026-04-19 06:06:35","24.85","59.5","942.32","3900","","","","","-107","4","23135","1776589595620"
"2200","2026-04-19 06:06:45","24.85","58.5","942.32","3900","","","","","-105","5.800000190734863","23136","1776589605596"
"2201","2026-04-19 06:06:55","24.86","57.5","942.32","3900","","","","","-106","4.5","23137","1776589615592"
"2202","2026-04-19 06:07:05","24.86","59","942.32","3900","","","","","-105","5.5","23138","1776589625565"
"2203","2026-04-19 06:07:15","24.85","61","942.3000000000001","3880","","","","","-106","5","23139","1776589635569"
"2204","2026-04-19 06:07:25","24.87","58.5","942.3000000000001","3900","","","","","-103","7.300000190734863","23140","1776589645570"
"2205","2026-04-19 06:07:35","24.88","61.5","942.32","3900","","","","","-104","6.5","23141","1776589655591"
"2206","2026-04-19 06:07:45","24.89","60.5","942.3000000000001","3900","","","","","-105","5.5","23142","1776589665565"
"2207","2026-04-19 06:07:55","24.89","59.5","942.26","3900","","","","","-105","5.5","23143","1776589675588"
"2208","2026-04-19 06:08:05","24.89","59.5","942.32","3900","","","","","-104","6.800000190734863","23144","1776589685595"
"2209","2026-04-19 06:08:15","24.9","61","942.32","3900","","","","","-104","6.5","23145","1776589695604"
"2210","2026-04-19 06:08:25","24.88","60.5","942.3000000000001","3880","","","","","-105","5.5","23146","1776589705597"
"2211","2026-04-19 06:08:35","24.89","62","942.32","3900","","","","","-104","6.300000190734863","23147","1776589715583"
"2212","2026-04-19 06:08:45","24.9","60","942.28","3880","","","","","-104","6.5","23148","1776589725620"
"2213","2026-04-19 06:08:55","24.89","60","942.26","3880","","","","","-106","4","23149","1776589735591"
"2214","2026-04-19 06:09:05","24.88","60","942.3000000000001","3900","","","","","-108","2","23150","1776589745562"
"2215","2026-04-19 06:09:15","24.88","61.5","942.26","3900","","","","","-111","-1.5","23151","1776589755591"
"2216","2026-04-19 06:09:25","24.87","58","942.28","3900","","","","","-111","-1.7999999523162842","23152","1776589765590"
"2217","2026-04-19 06:09:35","24.85","61.5","942.28","3900","","","","","-103","7.300000190734863","23153","1776589775598"
"2218","2026-04-19 06:09:45","24.84","62","942.32","3900","","","","","-105","5.300000190734863","23154","1776589785596"
"2219","2026-04-19 06:09:55","24.82","61.5","942.3000000000001","3900","","","","","-104","6.300000190734863","23155","1776589795589"
"2220","2026-04-19 06:10:05","24.83","59.5","942.3000000000001","3900","","","","","-106","5","23156","1776589805591"
"2221","2026-04-19 06:10:15","24.84","60.5","942.3000000000001","3880","","","","","-104","6.300000190734863","23157","1776589815591"
"2222","2026-04-19 06:10:25","24.84","61.5","942.3000000000001","3900","","","","","-104","6","23158","1776589825585"
"2223","2026-04-19 06:10:35","24.84","64","942.28","3880","","","","","-104","6.300000190734863","23159","1776589835578"
"2224","2026-04-19 06:10:45","24.83","60","942.26","3880","","","","","-107","3","23160","1776589845584"
"2225","2026-04-19 06:10:55","24.83","62","942.3000000000001","3880","","","","","-104","6.300000190734863","23161","1776589855594"
"2226","2026-04-19 06:11:05","24.82","59","942.26","3880","","","","","-104","6.5","23162","1776589865566"
"2227","2026-04-19 06:11:15","24.84","59.5","942.32","3880","","","","","-104","6.800000190734863","23163","1776589875562"
"2228","2026-04-19 06:11:25","24.85","63","942.32","3880","","","","","-105","5.300000190734863","23164","1776589885594"
"2229","2026-04-19 06:11:35","24.83","61","942.3000000000001","3880","","","","","-110","-0.5","23165","1776589895584"
"2230","2026-04-19 06:11:45","24.83","59.5","942.28","3880","","","","","-104","6.800000190734863","23166","1776589905603"
"2231","2026-04-19 06:11:55","24.83","59.5","942.28","3880","","","","","-104","6.800000190734863","23167","1776589915588"
"2232","2026-04-19 06:12:05","24.87","63.5","942.28","3880","","","","","-103","7.5","23168","1776589925589"
"2233","2026-04-19 06:12:15","24.87","59","942.32","3880","","","","","-103","7.300000190734863","23169","1776589935595"
"2234","2026-04-19 06:12:25","24.88","58","942.3000000000001","3900","","","","","-106","4.5","23170","1776589945584"
"2235","2026-04-19 06:12:35","24.89","57.5","942.28","3880","","","","","-105","4.300000190734863","23171","1776589955554"
"2236","2026-04-19 06:12:45","24.88","57.5","942.28","3880","","","","","-103","7.5","23172","1776589965563"
"2237","2026-04-19 06:12:55","24.86","60","942.3000000000001","3880","","","","","-104","6","23173","1776589975582"
"2238","2026-04-19 06:13:05","24.84","61","942.3000000000001","3880","","","","","-110","-1.5","23174","1776589985608"
"2239","2026-04-19 06:13:15","24.84","59","942.34","3880","","","","","-105","5.800000190734863","23175","1776589995595"
"2240","2026-04-19 06:13:25","24.83","58","942.3000000000001","3880","","","","","-105","5.800000190734863","23176","1776590005562"
"2241","2026-04-19 06:13:35","24.83","60","942.3000000000001","3880","","","","","-105","5.800000190734863","23177","1776590015598"
"2242","2026-04-19 06:13:45","24.84","60","942.36","3880","","","","","-106","5","23178","1776590025624"
"2243","2026-04-19 06:13:55","24.84","61.5","942.36","3880","","","","","-105","5.5","23179","1776590035588"
"2244","2026-04-19 06:14:05","24.82","61","942.38","3880","","","","","-104","6.300000190734863","23180","1776590045570"
"2245","2026-04-19 06:14:15","24.82","62","942.36","3880","","","","","-104","5.800000190734863","23181","1776590055596"
"2246","2026-04-19 06:14:25","24.82","60.5","942.32","3880","","","","","-104","6","23182","1776590065583"
"2247","2026-04-19 06:14:35","24.81","61.5","942.32","3880","","","","","-104","6.300000190734863","23183","1776590075598"
"2248","2026-04-19 06:14:45","24.81","57","942.34","3880","","","","","-104","5.800000190734863","23184","1776590085612"
"2249","2026-04-19 06:15:05","24.79","61.5","942.32","3880","","","","","-104","6.5","23186","1776590105610"
"2250","2026-04-19 06:15:15","24.8","61.5","942.34","3880","","","","","-104","6.300000190734863","23187","1776590115590"
"2251","2026-04-19 06:15:25","24.81","58","942.36","3880","","","","","-104","6.800000190734863","23188","1776590125586"
"2252","2026-04-19 06:15:35","24.82","57","942.36","3880","","","","","-104","6.800000190734863","23189","1776590135606"
"2253","2026-04-19 06:15:45","24.82","60","942.34","3880","","","","","-106","5","23190","1776590145595"
"2254","2026-04-19 06:15:55","24.83","59.5","942.38","3880","","","","","-105","4","23191","1776590155590"
"2255","2026-04-19 06:16:05","24.83","60","942.34","3880","","","","","-104","6","23192","1776590165603"
"2256","2026-04-19 06:16:15","24.83","59.5","942.36","3880","","","","","-105","5.5","23193","1776590175562"
"2257","2026-04-19 06:16:25","24.82","60","942.34","3880","","","","","-105","5.300000190734863","23194","1776590185587"
"2258","2026-04-19 06:16:35","24.82","59.5","942.38","3880","","","","","-104","6.800000190734863","23195","1776590195618"
"2259","2026-04-19 06:16:45","24.83","60","942.34","3880","","","","","-106","4.5","23196","1776590205593"
"2260","2026-04-19 06:16:55","24.84","59.5","942.34","3880","","","","","-105","5.5","23197","1776590215589"
"2261","2026-04-19 06:17:05","24.85","60","942.36","3880","","","","","-104","5.5","23198","1776590225593"
"2262","2026-04-19 06:17:15","24.86","60.5","942.38","3880","","","","","-104","6.5","23199","1776590235592"
"2263","2026-04-19 06:17:25","24.85","57","942.38","3880","","","","","-104","6","23200","1776590245591"
"2264","2026-04-19 06:17:35","24.85","57","942.36","3880","","","","","-104","6.300000190734863","23201","1776590255552"
"2265","2026-04-19 06:17:45","24.86","60.5","942.38","3880","","","","","-103","6.5","23202","1776590265593"
"2266","2026-04-19 06:17:55","24.85","61.5","942.36","3880","","","","","-104","6.300000190734863","23203","1776590275594"
"2267","2026-04-19 06:18:05","24.87","62","942.4","3880","","","","","-105","4","23204","1776590285589"
"2268","2026-04-19 06:18:15","24.86","60.5","942.4200000000001","3880","","","","","-105","5.5","23205","1776590295581"
"2269","2026-04-19 06:18:25","24.84","60.5","942.38","3880","","","","","-104","6.5","23206","1776590305614"
"2270","2026-04-19 06:18:35","24.83","58.5","942.4","3880","","","","","-103","7","23207","1776590315595"
"2271","2026-04-19 06:18:45","24.82","63","942.36","3880","","","","","-105","5.5","23208","1776590325553"
"2272","2026-04-19 06:18:55","24.79","63.5","942.38","3880","","","","","-108","2.799999952316284","23209","1776590335558"
"2273","2026-04-19 06:19:05","24.78","60.5","942.4","3880","","","","","-106","4.300000190734863","23210","1776590345554"
"2274","2026-04-19 06:19:15","24.75","60","942.38","3880","","","","","-104","5.800000190734863","23211","1776590355563"
"2275","2026-04-19 06:19:25","24.73","61","942.4200000000001","3880","","","","","-104","6.5","23212","1776590365557"
"2276","2026-04-19 06:19:35","24.71","60.5","942.44","3880","","","","","-105","5.300000190734863","23213","1776590375562"
"2277","2026-04-19 06:19:45","24.72","62","942.44","3880","","","","","-104","6.800000190734863","23214","1776590385558"
"2278","2026-04-19 06:19:55","24.73","61","942.4200000000001","3880","","","","","-103","7.300000190734863","23215","1776590395588"
"2279","2026-04-19 06:20:05","24.74","59.5","942.4200000000001","3880","","","","","-103","7.5","23216","1776590405594"
"2280","2026-04-19 06:20:15","24.75","58","942.44","3880","","","","","-105","5.300000190734863","23217","1776590415594"
"2281","2026-04-19 06:20:25","24.76","60","942.4200000000001","3880","","","","","-105","5.800000190734863","23218","1776590425554"
"2282","2026-04-19 06:20:35","24.77","57.5","942.4","3880","","","","","-105","5.300000190734863","23219","1776590435596"
"2283","2026-04-19 06:20:45","24.78","62","942.4200000000001","3880","","","","","-104","6.300000190734863","23220","1776590445559"
"2284","2026-04-19 06:20:55","24.78","61.5","942.44","3880","","","","","-104","6.300000190734863","23221","1776590455584"
"2285","2026-04-19 06:21:05","24.78","62","942.44","3880","","","","","-104","6.300000190734863","23222","1776590465602"
"2286","2026-04-19 06:21:15","24.78","60.5","942.44","3880","","","","","-105","5.300000190734863","23223","1776590475559"
"2287","2026-04-19 06:21:25","24.78","61.5","942.44","3880","","","","","-104","6","23224","1776590485583"
"2288","2026-04-19 06:21:35","24.78","61","942.44","3880","","","","","-104","6.800000190734863","23225","1776590495573"
"2289","2026-04-19 06:21:45","24.79","58.5","942.44","3880","","","","","-104","6.5","23226","1776590505588"
"2290","2026-04-19 06:21:55","24.79","57","942.4200000000001","3880","","","","","-104","6.300000190734863","23227","1776590515590"
"2291","2026-04-19 06:22:05","24.8","60","942.4","3880","","","","","-105","5.800000190734863","23228","1776590525588"
"2292","2026-04-19 06:22:15","24.82","60","942.46","3880","","","","","-104","6.300000190734863","23229","1776590535596"
"2293","2026-04-19 06:22:25","24.82","59.5","942.4200000000001","3880","","","","","-106","4","23230","1776590545593"
"2294","2026-04-19 06:22:35","24.82","60","942.44","3880","","","","","-109","1.5","23231","1776590555598"
"2295","2026-04-19 06:22:45","24.82","60.5","942.44","3880","","","","","-105","5.800000190734863","23232","1776590565569"
"2296","2026-04-19 06:22:55","24.8","57.5","942.4200000000001","3880","","","","","-103","7","23233","1776590575590"
"2297","2026-04-19 06:23:05","24.79","58.5","942.46","3880","","","","","-103","6.300000190734863","23234","1776590585565"
"2298","2026-04-19 06:23:15","24.78","62","942.46","3880","","","","","-104","6.300000190734863","23235","1776590595589"
"2299","2026-04-19 06:23:25","24.77","58.5","942.46","3880","","","","","-103","7.300000190734863","23236","1776590605587"
"2300","2026-04-19 06:23:35","24.76","58","942.46","3880","","","","","-105","5.300000190734863","23237","1776590615589"
"2301","2026-04-19 06:23:45","24.75","60","942.46","3880","","","","","-106","4.5","23238","1776590625583"
"2302","2026-04-19 06:23:55","24.75","57","942.44","3880","","","","","-105","6","23239","1776590635582"
"2303","2026-04-19 06:24:05","24.77","61","942.48","3880","","","","","-105","4.800000190734863","23240","1776590645587"
"2304","2026-04-19 06:24:15","24.77","61.5","942.46","3880","","","","","-103","7.300000190734863","23241","1776590655618"
"2305","2026-04-19 06:24:25","24.77","59.5","942.46","3880","","","","","-104","6.800000190734863","23242","1776590665590"
"2306","2026-04-19 06:24:35","24.78","61.5","942.5","3880","","","","","-105","6","23243","1776590675626"
"2307","2026-04-19 06:24:45","24.77","63","942.46","3880","","","","","-104","6","23244","1776590685634"
"2308","2026-04-19 06:24:55","24.75","61","942.48","3880","","","","","-105","5.800000190734863","23245","1776590695598"
"2309","2026-04-19 06:25:05","24.75","60","942.52","3880","","","","","-104","7.300000190734863","23246","1776590705601"
"2310","2026-04-19 06:25:15","24.72","60.5","942.48","3880","","","","","-104","5.5","23247","1776590715573"
"2311","2026-04-19 06:25:25","24.72","61.5","942.5","3880","","","","","-103","7","23248","1776590725583"
"2312","2026-04-19 06:25:35","24.72","61","942.5","3880","","","","","-104","6.800000190734863","23249","1776590735587"
"2313","2026-04-19 06:25:45","24.73","60","942.5","3880","","","","","-106","5","23250","1776590745562"
"2314","2026-04-19 06:25:55","24.72","60.5","942.48","3880","","","","","-104","6","23251","1776590755593"
"2315","2026-04-19 06:26:05","24.71","61","942.52","3880","","","","","-105","5.800000190734863","23252","1776590765601"
"2316","2026-04-19 06:26:15","24.7","62.5","942.52","3880","","","","","-104","7","23253","1776590775595"
"2317","2026-04-19 06:26:25","24.72","58.5","942.5","3880","","","","","-105","5.300000190734863","23254","1776590785583"
"2318","2026-04-19 06:26:35","24.75","59","942.5","3880","","","","","-104","6.5","23255","1776590795588"
"2319","2026-04-19 06:26:45","24.77","61.5","942.52","3880","","","","","-104","7","23256","1776590805586"
"2320","2026-04-19 06:26:55","24.76","60","942.54","3880","","","","","-105","5.5","23257","1776590815590"
"2321","2026-04-19 06:27:05","24.76","59.5","942.52","3880","","","","","-107","3.5","23258","1776590825589"
"2322","2026-04-19 06:27:15","24.76","62.5","942.54","3880","","","","","-105","5.300000190734863","23259","1776590835558"
"2323","2026-04-19 06:27:25","24.74","61.5","942.54","3880","","","","","-105","4","23260","1776590845556"
"2324","2026-04-19 06:27:35","24.72","62","942.52","3880","","","","","-104","6.300000190734863","23261","1776590855593"
"2325","2026-04-19 06:27:45","24.71","61","942.5600000000001","3880","","","","","-104","6.800000190734863","23262","1776590865584"
"2326","2026-04-19 06:27:55","24.7","61","942.54","3880","","","","","-104","6.300000190734863","23263","1776590875583"
"2327","2026-04-19 06:28:05","24.7","57.5","942.52","3880","","","","","-104","7.300000190734863","23264","1776590885596"
"2328","2026-04-19 06:28:15","24.7","61","942.54","3880","","","","","-107","4.5","23265","1776590895617"
"2329","2026-04-19 06:28:25","24.71","58.5","942.54","3880","","","","","-107","4.5","23266","1776590905555"
"2330","2026-04-19 06:28:35","24.72","59.5","942.54","3880","","","","","-106","3.799999952316284","23267","1776590915596"
"2331","2026-04-19 06:28:45","24.73","61","942.52","3880","","","","","-106","5","23268","1776590925582"
"2332","2026-04-19 06:28:55","24.74","60","942.54","3880","","","","","-103","7.300000190734863","23269","1776590935587"
"2333","2026-04-19 06:29:05","24.74","60","942.5","3880","","","","","-104","7","23270","1776590945566"
"2334","2026-04-19 06:29:15","24.76","63","942.5600000000001","3880","","","","","-107","3.799999952316284","23271","1776590955586"
"2335","2026-04-19 06:29:25","24.77","60.5","942.5600000000001","3880","","","","","-104","6","23272","1776590965590"
"2336","2026-04-19 06:29:35","24.78","60","942.5600000000001","3880","","","","","-104","6.5","23273","1776590975558"
"2337","2026-04-19 06:29:45","24.78","62","942.5600000000001","3880","","","","","-106","4.800000190734863","23274","1776590985600"
"2338","2026-04-19 06:29:55","24.77","59.5","942.5600000000001","3880","","","","","-105","5.300000190734863","23275","1776590995590"
"2339","2026-04-19 06:30:05","24.77","61","942.5600000000001","3880","","","","","-104","6.5","23276","1776591005583"
"2340","2026-04-19 06:30:15","24.76","62.5","942.5600000000001","3880","","","","","-104","5.800000190734863","23277","1776591015581"
"2341","2026-04-19 06:30:25","24.75","61","942.54","3880","","","","","-105","5.300000190734863","23278","1776591025587"
"2342","2026-04-19 06:30:35","24.73","63.5","942.54","3880","","","","","-105","5.800000190734863","23279","1776591035589"
"2343","2026-04-19 06:30:45","24.72","60","942.54","3880","","","","","-104","7","23280","1776591045614"
"2344","2026-04-19 06:30:55","24.71","57.5","942.54","3880","","","","","-107","4.800000190734863","23281","1776591055591"
"2345","2026-04-19 06:31:05","24.7","59","942.54","3880","","","","","-108","3.5","23282","1776591065582"
"2346","2026-04-19 06:31:15","24.7","61","942.5600000000001","3880","","","","","-105","5","23283","1776591075613"
"2347","2026-04-19 06:31:25","24.7","59.5","942.58","3880","","","","","-103","7.300000190734863","23284","1776591085563"
"2348","2026-04-19 06:31:35","24.69","61","942.5600000000001","3880","","","","","-105","5.800000190734863","23285","1776591095631"
"2349","2026-04-19 06:31:45","24.67","61","942.54","3880","","","","","-106","4.800000190734863","23286","1776591105559"
"2350","2026-04-19 06:31:55","24.66","59.5","942.58","3880","","","","","-104","6.300000190734863","23287","1776591115551"
"2351","2026-04-19 06:32:05","24.66","62","942.58","3880","","","","","-105","5.300000190734863","23288","1776591125568"
"2352","2026-04-19 06:32:15","24.66","60","942.58","3880","","","","","-105","6.5","23289","1776591135573"
"2353","2026-04-19 06:32:25","24.67","59.5","942.58","3880","","","","","-104","6.800000190734863","23290","1776591145550"
"2354","2026-04-19 06:32:35","24.69","61","942.5600000000001","3880","","","","","-103","7","23291","1776591155592"
"2355","2026-04-19 06:32:45","24.7","63","942.5600000000001","3880","","","","","-104","6.5","23292","1776591165591"
"2356","2026-04-19 06:32:55","24.71","60","942.6","3880","","","","","-106","5","23293","1776591175584"
"2357","2026-04-19 06:33:05","24.73","60","942.62","3880","","","","","-104","6.800000190734863","23294","1776591185591"
"2358","2026-04-19 06:33:15","24.74","61.5","942.58","3880","","","","","-104","6.5","23295","1776591195587"
"2359","2026-04-19 06:33:25","24.75","60","942.58","3880","","","","","-104","7","23296","1776591205584"
"2360","2026-04-19 06:33:35","24.74","60.5","942.5600000000001","3880","","","","","-104","6","23297","1776591215592"
"2361","2026-04-19 06:33:45","24.74","59.5","942.62","3880","","","","","-109","0.800000011920929","23298","1776591225593"
"2362","2026-04-19 06:33:55","24.73","58.5","942.6","3880","","","","","-104","6.300000190734863","23299","1776591235584"
"2363","2026-04-19 06:34:05","24.74","60.5","942.6","3960","","","","","-105","6.5","23300","1776591245594"
"2364","2026-04-19 06:34:15","24.74","60.5","942.62","3960","","","","","-108","4","23301","1776591255582"
"2365","2026-04-19 06:34:25","24.74","57.5","942.6","3960","","","","","-107","4.800000190734863","23302","1776591265588"
"2366","2026-04-19 06:34:35","24.75","61.5","942.6","3960","","","","","-108","3.799999952316284","23303","1776591275618"
"2367","2026-04-19 06:34:45","24.74","60.5","942.6","3960","","","","","-105","7.300000190734863","23304","1776591285566"
"2368","2026-04-19 06:34:55","24.75","63.5","942.5600000000001","3960","","","","","-107","4.800000190734863","23305","1776591295583"
"2369","2026-04-19 06:35:05","24.78","59.5","942.6","3960","","","","","-107","4.5","23306","1776591305591"
"2370","2026-04-19 06:35:15","24.8","60","942.6","3960","","","","","-107","4.800000190734863","23307","1776591315584"
"2371","2026-04-19 06:35:25","24.8","59","942.6","3960","","","","","-105","5.5","23308","1776591325591"
"2372","2026-04-19 06:35:35","24.79","61.5","942.6","3960","","","","","-105","5.5","23309","1776591335599"
"2373","2026-04-19 06:35:45","24.79","61","942.6","3960","","","","","-104","6.5","23310","1776591345560"
"2374","2026-04-19 06:35:55","24.8","60","942.6","3960","","","","","-106","6","23311","1776591355585"
"2375","2026-04-19 06:36:05","24.81","61.5","942.6","3960","","","","","-104","7","23312","1776591365582"
"2376","2026-04-19 06:36:15","24.81","58","942.62","3960","","","","","-106","5.5","23313","1776591375630"
"2377","2026-04-19 06:36:25","24.81","60","942.6","3960","","","","","-111","-0.30000001192092896","23314","1776591385583"
"2378","2026-04-19 06:36:35","24.81","58","942.6","3960","","","","","-105","6.300000190734863","23315","1776591395588"
"2379","2026-04-19 06:36:45","24.8","57.5","942.6","3960","","","","","-108","4.5","23316","1776591405617"
"2380","2026-04-19 06:36:55","24.79","60","942.62","3960","","","","","-107","5","23317","1776591415554"
"2381","2026-04-19 06:37:05","24.79","60","942.64","3960","","","","","-107","5","23318","1776591425561"
"2382","2026-04-19 06:37:15","24.78","59","942.62","3960","","","","","-106","5.300000190734863","23319","1776591435591"
"2383","2026-04-19 06:37:25","24.78","60.5","942.62","3960","","","","","-108","2.799999952316284","23320","1776591445559"
"2384","2026-04-19 06:37:35","24.79","58","942.66","3960","","","","","-104","7.300000190734863","23321","1776591455584"
"2385","2026-04-19 06:37:45","24.78","60","942.6","3960","","","","","-109","2.299999952316284","23322","1776591465592"
"2386","2026-04-19 06:37:55","24.77","61","942.62","3960","","","","","-105","6.300000190734863","23323","1776591475592"
"2387","2026-04-19 06:38:05","24.76","64","942.62","3960","","","","","-106","5.5","23324","1776591485581"
"2388","2026-04-19 06:38:15","24.74","58","942.6","3960","","","","","-104","7.300000190734863","23325","1776591495597"
"2389","2026-04-19 06:38:25","24.72","60","942.6","3960","","","","","-107","4.300000190734863","23326","1776591505558"
"2390","2026-04-19 06:38:35","24.73","59.5","942.62","3960","","","","","-105","6.800000190734863","23327","1776591515595"
"2391","2026-04-19 06:38:45","24.73","61","942.62","3960","","","","","-106","5.300000190734863","23328","1776591525587"
"2392","2026-04-19 06:38:55","24.71","61","942.64","3920","","","","","-106","4.800000190734863","23329","1776591535586"
"2393","2026-04-19 06:39:05","24.72","60.5","942.62","3920","","","","","-105","6","23330","1776591545550"
"2394","2026-04-19 06:39:15","24.72","63","942.64","3920","","","","","-104","7.300000190734863","23331","1776591555592"
"2395","2026-04-19 06:39:25","24.71","59.5","942.64","3920","","","","","-106","5.5","23332","1776591565626"
"2396","2026-04-19 06:39:35","24.71","60","942.64","3920","","","","","-107","4.5","23333","1776591575595"
"2397","2026-04-19 06:39:45","24.72","57.5","942.64","3920","","","","","-107","5.300000190734863","23334","1776591585631"
"2398","2026-04-19 06:39:55","24.74","57","942.6","3920","","","","","-107","4.300000190734863","23335","1776591595594"
"2399","2026-04-19 06:40:05","24.74","62.5","942.6800000000001","3920","","","","","-107","4.300000190734863","23336","1776591605568"
"2400","2026-04-19 06:40:15","24.75","60.5","942.64","3920","","","","","-105","6.5","23337","1776591615617"
"2401","2026-04-19 06:40:25","24.75","58","942.64","3920","","","","","-105","6.300000190734863","23338","1776591625589"
"2402","2026-04-19 06:40:35","24.75","60.5","942.64","3920","","","","","-104","7","23339","1776591635559"
"2403","2026-04-19 06:40:45","24.75","59","942.62","3900","","","","","-107","4.800000190734863","23340","1776591645592"
"2404","2026-04-19 06:40:55","24.74","61.5","942.64","3900","","","","","-105","6.300000190734863","23341","1776591655595"
"2405","2026-04-19 06:41:05","24.73","62.5","942.66","3900","","","","","-105","6","23342","1776591665589"
"2406","2026-04-19 06:41:15","24.73","58","942.64","3920","","","","","-104","7.300000190734863","23343","1776591675609"
"2407","2026-04-19 06:41:25","24.73","62","942.6800000000001","3920","","","","","-105","6.300000190734863","23344","1776591685591"
"2408","2026-04-19 06:41:35","24.73","62.5","942.64","3900","","","","","-109","2","23345","1776591695587"
"2409","2026-04-19 06:41:45","24.72","60","942.7","3900","","","","","-104","7","23346","1776591705633"
"2410","2026-04-19 06:41:55","24.73","61","942.66","3900","","","","","-106","5.800000190734863","23347","1776591715588"
"2411","2026-04-19 06:42:05","24.73","60.5","942.66","3900","","","","","-105","6.800000190734863","23348","1776591725599"
"2412","2026-04-19 06:42:15","24.71","59","942.66","3900","","","","","-106","5.800000190734863","23349","1776591735554"
"2413","2026-04-19 06:42:25","24.73","60","942.7","3900","","","","","-104","7","23350","1776591745589"
"2414","2026-04-19 06:42:35","24.73","60.5","942.6800000000001","3900","","","","","-105","6.800000190734863","23351","1776591755610"
"2415","2026-04-19 06:42:45","24.75","61","942.66","3900","","","","","-106","5.5","23352","1776591765561"
"2416","2026-04-19 06:42:55","24.73","60.5","942.6800000000001","3900","","","","","-108","3.799999952316284","23353","1776591775582"
"2417","2026-04-19 06:43:05","24.73","61.5","942.6800000000001","3900","","","","","-105","6","23354","1776591785587"
"2418","2026-04-19 06:43:15","24.74","58.5","942.66","3900","","","","","-105","6.5","23355","1776591795589"
"2419","2026-04-19 06:43:25","24.76","60","942.7","3900","","","","","-106","5.800000190734863","23356","1776591805594"
"2420","2026-04-19 06:43:35","24.76","61","942.7","3900","","","","","-104","7.800000190734863","23357","1776591815595"
"2421","2026-04-19 06:43:45","24.75","57.5","942.6800000000001","3900","","","","","-106","5.800000190734863","23358","1776591825564"
"2422","2026-04-19 06:43:55","24.74","60","942.6800000000001","3900","","","","","-108","4.300000190734863","23359","1776591835592"
"2423","2026-04-19 06:44:05","24.74","59.5","942.7","3900","","","","","-105","6.800000190734863","23360","1776591845563"
"2424","2026-04-19 06:44:15","24.74","58.5","942.7","3900","","","","","-106","5.5","23361","1776591855589"
"2425","2026-04-19 06:44:25","24.72","63.5","942.7","3900","","","","","-106","5.300000190734863","23362","1776591865594"
"2426","2026-04-19 06:44:35","24.69","60","942.7","3900","","","","","-105","6.5","23363","1776591875592"
"2427","2026-04-19 06:44:45","24.7","63.5","942.72","3900","","","","","-105","6","23364","1776591885566"
"2428","2026-04-19 06:44:55","24.71","59.5","942.72","3900","","","","","-105","5.5","23365","1776591895585"
"2429","2026-04-19 06:45:05","24.71","59","942.72","3900","","","","","-108","3.299999952316284","23366","1776591905596"
"2430","2026-04-19 06:45:15","24.7","63.5","942.72","3900","","","","","-105","6.5","23367","1776591915605"
"2431","2026-04-19 06:45:25","24.69","60","942.7","3900","","","","","-104","7.5","23368","1776591925580"
"2432","2026-04-19 06:45:35","24.69","62","942.7","3900","","","","","-104","6.300000190734863","23369","1776591935615"
"2433","2026-04-19 06:45:45","24.68","62.5","942.72","3900","","","","","-106","5","23370","1776591945591"
"2434","2026-04-19 06:45:55","24.69","59","942.7","3900","","","","","-107","5","23371","1776591955585"
"2435","2026-04-19 06:46:05","24.71","64","942.74","3900","","","","","-105","6.5","23372","1776591965631"
"2436","2026-04-19 06:46:15","24.73","60.5","942.72","3900","","","","","-106","5.5","23373","1776591975589"
"2437","2026-04-19 06:46:25","24.73","59","942.72","3900","","","","","-104","6.800000190734863","23374","1776591985588"
"2438","2026-04-19 06:46:35","24.73","60.5","942.7","3900","","","","","-106","5.5","23375","1776591995591"
"2439","2026-04-19 06:46:45","24.72","60.5","942.74","3900","","","","","-106","5.800000190734863","23376","1776592005587"
"2440","2026-04-19 06:46:55","24.73","58","942.72","3900","","","","","-105","6","23377","1776592015590"
"2441","2026-04-19 06:47:05","24.74","60.5","942.6800000000001","3900","","","","","-104","7","23378","1776592025584"
"2442","2026-04-19 06:47:15","24.75","58.5","942.72","3900","","","","","-106","6","23379","1776592035598"
"2443","2026-04-19 06:47:25","24.77","59.5","942.74","3900","","","","","-105","6.5","23380","1776592045594"
"2444","2026-04-19 06:47:35","24.75","60","942.74","3900","","","","","-105","6.5","23381","1776592055571"
"2445","2026-04-19 06:47:45","24.74","57","942.74","3900","","","","","-109","2","23382","1776592065608"
"2446","2026-04-19 06:47:55","24.73","62","942.7","3900","","","","","-106","4.800000190734863","23383","1776592075577"
"2447","2026-04-19 06:48:05","24.74","63.5","942.72","3900","","","","","-105","6.800000190734863","23384","1776592085593"
"2448","2026-04-19 06:48:15","24.74","63.5","942.74","3900","","","","","-105","6.5","23385","1776592095565"
"2449","2026-04-19 06:48:25","24.72","61","942.72","3900","","","","","-111","0","23386","1776592105587"
"2450","2026-04-19 06:48:35","24.72","57.5","942.74","3900","","","","","-107","4.300000190734863","23387","1776592115584"
"2451","2026-04-19 06:48:45","24.74","56","942.76","3900","","","","","-108","4","23388","1776592125561"
"2452","2026-04-19 06:48:55","24.76","60.5","942.74","3900","","","","","-103","7.800000190734863","23389","1776592135595"
"2453","2026-04-19 06:49:05","24.76","57.5","942.74","3900","","","","","-104","5.5","23390","1776592145599"
"2454","2026-04-19 06:49:15","24.75","60.5","942.76","3900","","","","","-111","-0.30000001192092896","23391","1776592155601"
"2455","2026-04-19 06:49:25","24.75","61","942.76","3900","","","","","-106","5.300000190734863","23392","1776592165588"
"2456","2026-04-19 06:49:35","24.76","63.5","942.74","3880","","","","","-108","3.799999952316284","23393","1776592175591"
"2457","2026-04-19 06:49:45","24.75","59","942.74","3900","","","","","-105","6","23394","1776592185599"
"2458","2026-04-19 06:49:55","24.73","59.5","942.76","3900","","","","","-105","6","23395","1776592195586"
"2459","2026-04-19 06:50:05","24.71","61.5","942.78","3880","","","","","-105","5","23396","1776592205610"
"2460","2026-04-19 06:50:15","24.71","59","942.76","3900","","","","","-106","6","23397","1776592215595"
"2461","2026-04-19 06:50:25","24.71","59","942.74","3900","","","","","-107","4.5","23398","1776592225583"
"2462","2026-04-19 06:50:35","24.69","62","942.74","3880","","","","","-106","5.300000190734863","23399","1776592235594"
"2463","2026-04-19 06:50:45","24.7","60.5","942.78","3900","","","","","-105","6.300000190734863","23400","1776592245586"
"2464","2026-04-19 06:50:55","24.69","57","942.76","3880","","","","","-105","5.800000190734863","23401","1776592255589"
"2465","2026-04-19 06:51:05","24.69","61","942.78","3900","","","","","-104","7","23402","1776592265587"
"2466","2026-04-19 06:51:15","24.67","60","942.78","3900","","","","","-107","4.800000190734863","23403","1776592275588"
"2467","2026-04-19 06:51:25","24.68","61","942.8000000000001","3900","","","","","-109","2.5","23404","1776592285590"
"2468","2026-04-19 06:51:35","24.68","63","942.76","3900","","","","","-107","3.799999952316284","23405","1776592295598"
"2469","2026-04-19 06:51:45","24.68","60.5","942.78","3900","","","","","-105","6.300000190734863","23406","1776592305555"
"2470","2026-04-19 06:51:55","24.66","60","942.8000000000001","3880","","","","","-106","5","23407","1776592315593"
"2471","2026-04-19 06:52:05","24.68","62.5","942.78","3880","","","","","-105","6.800000190734863","23408","1776592325585"
"2472","2026-04-19 06:52:15","24.68","61","942.82","3880","","","","","-105","6.800000190734863","23409","1776592335586"
"2473","2026-04-19 06:52:25","24.69","59.5","942.8000000000001","3880","","","","","-105","5.800000190734863","23410","1776592345587"
"2474","2026-04-19 06:52:35","24.69","62","942.78","3880","","","","","-106","5.300000190734863","23411","1776592355563"
"2475","2026-04-19 06:52:45","24.69","60","942.78","3880","","","","","-112","-2.299999952316284","23412","1776592365571"
"2476","2026-04-19 06:52:55","24.7","62","942.8000000000001","3880","","","","","-109","2.5","23413","1776592375590"
"2477","2026-04-19 06:53:05","24.72","60.5","942.82","3900","","","","","-106","5.800000190734863","23414","1776592385556"
"2478","2026-04-19 06:53:15","24.7","60","942.84","3880","","","","","-110","1.5","23415","1776592395556"
"2479","2026-04-19 06:53:25","24.69","60","942.82","3880","","","","","-105","6.5","23416","1776592405593"
"2480","2026-04-19 06:53:35","24.68","61.5","942.84","3900","","","","","-105","5","23417","1776592415592"
"2481","2026-04-19 06:53:45","24.66","60","942.88","3900","","","","","-104","7.300000190734863","23418","1776592425612"
"2482","2026-04-19 06:53:55","24.65","58","942.86","3880","","","","","-106","4.800000190734863","23419","1776592435584"
"2483","2026-04-19 06:54:05","24.66","59.5","942.9","3880","","","","","-109","2","23420","1776592445587"
"2484","2026-04-19 06:54:15","24.66","62","942.88","3880","","","","","-112","-2.5","23421","1776592455627"
"2485","2026-04-19 06:54:25","24.67","64","942.88","3880","","","","","-108","3.799999952316284","23422","1776592465588"
"2486","2026-04-19 06:54:35","24.68","58.5","942.86","3880","","","","","-106","5.300000190734863","23423","1776592475565"
"2487","2026-04-19 06:54:45","24.68","61","942.9","3880","","","","","-105","6","23424","1776592485564"
"2488","2026-04-19 06:54:55","24.69","60","942.94","3880","","","","","-107","5","23425","1776592495624"
"2489","2026-04-19 06:55:05","24.69","60.5","942.88","3900","","","","","-107","4.800000190734863","23426","1776592505561"
"2490","2026-04-19 06:55:15","24.7","59.5","942.9200000000001","3880","","","","","-105","5.5","23427","1776592515565"
"2491","2026-04-19 06:55:25","24.7","62","942.9200000000001","3880","","","","","-107","5","23428","1776592525594"
"2492","2026-04-19 06:55:35","24.69","62.5","942.88","3880","","","","","-105","6.300000190734863","23429","1776592535583"
"2493","2026-04-19 06:55:45","24.69","61","942.9200000000001","3880","","","","","-104","6.800000190734863","23430","1776592545605"
"2494","2026-04-19 06:55:55","24.69","59.5","942.9","3880","","","","","-106","5.800000190734863","23431","1776592555587"
"2495","2026-04-19 06:56:05","24.71","60","942.9200000000001","3880","","","","","-104","6.800000190734863","23432","1776592565553"
"2496","2026-04-19 06:56:15","24.7","61.5","942.88","3880","","","","","-110","1.7999999523162842","23433","1776592575589"
"2497","2026-04-19 06:56:25","24.7","61","942.9200000000001","3880","","","","","-105","6.300000190734863","23434","1776592585585"
"2498","2026-04-19 06:56:35","24.7","59","942.9200000000001","3880","","","","","-105","6","23435","1776592595589"
"2499","2026-04-19 06:56:45","24.71","59.5","942.9200000000001","3880","","","","","-107","4.5","23436","1776592605585"
"2500","2026-04-19 06:56:55","24.72","60","942.9200000000001","3880","","","","","-105","7","23437","1776592615587"
"2501","2026-04-19 06:57:05","24.72","59","942.88","3880","","","","","-105","6.300000190734863","23438","1776592625582"
"2502","2026-04-19 06:57:15","24.72","60","943","3880","","","","","-104","7","23439","1776592635604"
"2503","2026-04-19 06:57:25","24.71","59.5","942.94","3880","","","","","-107","4.800000190734863","23440","1776592645590"
"2504","2026-04-19 06:57:35","24.71","59.5","942.98","3880","","","","","-111","-1","23441","1776592655592"
"2505","2026-04-19 06:57:45","24.7","58.5","942.96","3880","","","","","-106","5.300000190734863","23442","1776592665598"
"2506","2026-04-19 06:57:55","24.7","60.5","942.96","3880","","","","","-105","5.800000190734863","23443","1776592675594"
"2507","2026-04-19 06:58:05","24.7","59","942.98","3880","","","","","-105","6.300000190734863","23444","1776592685597"
"2508","2026-04-19 06:58:15","24.71","60","942.96","3880","","","","","-106","6","23445","1776592695553"
"2509","2026-04-19 06:58:25","24.7","62","942.96","3880","","","","","-105","5.800000190734863","23446","1776592705586"
"2510","2026-04-19 06:58:35","24.72","63.5","942.98","3880","","","","","-107","4.300000190734863","23447","1776592715557"
"2511","2026-04-19 06:58:45","24.71","59","943","3880","","","","","-106","5","23448","1776592725558"
"2512","2026-04-19 06:58:55","24.7","63","942.98","3880","","","","","-108","3.799999952316284","23449","1776592735589"
"2513","2026-04-19 06:59:05","24.69","60.5","942.98","3880","","","","","-105","5.800000190734863","23450","1776592745566"
"2514","2026-04-19 06:59:15","24.69","59","942.98","3880","","","","","-106","5.800000190734863","23451","1776592755590"
"2515","2026-04-19 06:59:25","24.68","60","942.98","3880","","","","","-107","4.800000190734863","23452","1776592765585"
"2516","2026-04-19 06:59:35","24.69","60","942.98","3880","","","","","-109","2.5","23453","1776592775616"
"2517","2026-04-19 06:59:45","24.69","62","943","3880","","","","","-105","6.5","23454","1776592785615"
"2518","2026-04-19 06:59:55","24.69","62.5","942.98","3880","","","","","-106","5.300000190734863","23455","1776592795582"
"2519","2026-04-19 07:00:05","24.69","62","942.98","3880","","","","","-106","5.5","23456","1776592805597"
"2520","2026-04-19 07:00:15","24.7","64","943.02","3880","","","","","-106","5.5","23457","1776592815591"
"2521","2026-04-19 07:00:25","24.69","59.5","943","3880","","","","","-105","6.5","23458","1776592825594"
"2522","2026-04-19 07:00:35","24.7","58.5","942.96","3880","","","","","-108","3.5","23459","1776592835598"
"2523","2026-04-19 07:00:45","24.7","60","943.02","3880","","","","","-112","-1.7999999523162842","23460","1776592845589"
"2524","2026-04-19 07:00:55","24.69","60.5","942.98","3880","","","","","-107","5","23461","1776592855591"
"2525","2026-04-19 07:01:05","24.67","59.5","943.02","3880","","","","","-106","5.5","23462","1776592865588"
"2526","2026-04-19 07:01:15","24.68","61","943","3880","","","","","-105","6.300000190734863","23463","1776592875602"
"2527","2026-04-19 07:01:25","24.67","59.5","942.98","3880","","","","","-106","5","23464","1776592885585"
"2528","2026-04-19 07:01:35","24.69","59","943.04","3880","","","","","-105","6.300000190734863","23465","1776592895594"
"2529","2026-04-19 07:01:45","24.7","59.5","943.04","3880","","","","","-106","4.5","23466","1776592905601"
"2530","2026-04-19 07:01:55","24.72","58.5","943.04","3880","","","","","-105","5.5","23467","1776592915583"
"2531","2026-04-19 07:02:05","24.72","57","943.04","3880","","","","","-105","6.5","23468","1776592925627"
"2532","2026-04-19 07:02:15","24.71","59.5","943.0600000000001","3880","","","","","-104","7","23469","1776592935593"
"2533","2026-04-19 07:02:25","24.72","59","943.04","3880","","","","","-105","6.5","23470","1776592945590"
"2534","2026-04-19 07:02:35","24.72","59.5","943.0600000000001","3880","","","","","-109","2.299999952316284","23471","1776592955590"
"2535","2026-04-19 07:02:45","24.71","60","943.0600000000001","3880","","","","","-107","4.300000190734863","23472","1776592965586"
"2536","2026-04-19 07:02:55","24.72","60.5","943.04","3880","","","","","-104","6.800000190734863","23473","1776592975586"
"2537","2026-04-19 07:03:05","24.72","60","943.0600000000001","3880","","","","","-106","6.300000190734863","23474","1776592985585"
"2538","2026-04-19 07:03:15","24.71","59","943.12","3880","","","","","-108","3.799999952316284","23475","1776592995604"
"2539","2026-04-19 07:03:25","24.72","61","943.1","3880","","","","","-105","6","23476","1776593005552"
"2540","2026-04-19 07:03:35","24.72","60.5","943.12","3880","","","","","-104","6.5","23477","1776593015591"
"2541","2026-04-19 07:03:45","24.75","61","943.08","3880","","","","","-112","-2.799999952316284","23478","1776593025589"
"2542","2026-04-19 07:03:55","24.75","59.5","943.08","3880","","","","","-112","-4.800000190734863","23479","1776593035592"
"2543","2026-04-19 07:04:05","24.75","59.5","943.08","3880","","","","","-104","7","23480","1776593045631"
"2544","2026-04-19 07:04:15","24.76","59","943.1","3880","","","","","-107","4.300000190734863","23481","1776593055554"
"2545","2026-04-19 07:04:25","24.74","57.5","943.1","3880","","","","","-105","6.800000190734863","23482","1776593065563"
"2546","2026-04-19 07:04:35","24.73","59.5","943.12","3880","","","","","-105","6.800000190734863","23483","1776593075595"
"2547","2026-04-19 07:04:45","24.72","60.5","943.08","3880","","","","","-105","6.5","23484","1776593085594"
"2548","2026-04-19 07:04:55","24.72","56.5","943.1","3880","","","","","-105","6.800000190734863","23485","1776593095593"
"2549","2026-04-19 07:05:05","24.72","62","943.1","3880","","","","","-105","6","23486","1776593105602"
"2550","2026-04-19 07:05:15","24.72","60","943.14","3880","","","","","-104","7.5","23487","1776593115586"
"2551","2026-04-19 07:05:25","24.72","60","943.1","3880","","","","","-108","3.5","23488","1776593125581"
"2552","2026-04-19 07:05:35","24.72","58","943.12","3880","","","","","-106","5.800000190734863","23489","1776593135601"
"2553","2026-04-19 07:05:45","24.72","59","943.12","3880","","","","","-105","6","23490","1776593145583"
"2554","2026-04-19 07:05:55","24.73","62","943.12","3880","","","","","-106","5.300000190734863","23491","1776593155593"
"2555","2026-04-19 07:06:05","24.74","62","943.08","3880","","","","","-107","4.800000190734863","23492","1776593165560"
"2556","2026-04-19 07:06:15","24.74","62","943.1","3880","","","","","-110","0.30000001192092896","23493","1776593175558"
"2557","2026-04-19 07:06:25","24.74","59","943.12","3880","","","","","-105","5.800000190734863","23494","1776593185580"
"2558","2026-04-19 07:06:35","24.73","61.5","943.14","3880","","","","","-105","6.5","23495","1776593195589"
"2559","2026-04-19 07:06:45","24.74","62","943.1","3880","","","","","-106","5.5","23496","1776593205587"
"2560","2026-04-19 07:06:55","24.74","59.5","943.16","3880","","","","","-105","7","23497","1776593215589"
"2561","2026-04-19 07:07:05","24.73","61","943.12","3880","","","","","-105","5.800000190734863","23498","1776593225606"
"2562","2026-04-19 07:07:15","24.74","60","943.14","3880","","","","","-105","6","23499","1776593235592"
"2563","2026-04-19 07:07:25","24.75","63","943.14","3880","","","","","-104","7","23500","1776593245594"
"2564","2026-04-19 07:07:35","24.74","60.5","943.16","3880","","","","","-105","6.800000190734863","23501","1776593255587"
"2565","2026-04-19 07:07:45","24.71","60","943.1","3880","","","","","-105","6.5","23502","1776593265612"
"2566","2026-04-19 07:07:55","24.69","60","943.14","3880","","","","","-104","7.300000190734863","23503","1776593275590"
"2567","2026-04-19 07:08:05","24.69","60","943.14","3880","","","","","-106","5.5","23504","1776593285620"
"2568","2026-04-19 07:08:15","24.69","61","943.16","3880","","","","","-106","5.5","23505","1776593295592"
"2569","2026-04-19 07:08:25","24.69","60","943.1800000000001","3880","","","","","-105","5.800000190734863","23506","1776593305609"
"2570","2026-04-19 07:08:35","24.7","61.5","943.14","3880","","","","","-106","5.300000190734863","23507","1776593315556"
"2571","2026-04-19 07:08:45","24.71","59","943.16","3880","","","","","-111","-1.2999999523162842","23508","1776593325556"
"2572","2026-04-19 07:08:55","24.72","59.5","943.16","3880","","","","","-104","7","23509","1776593335582"
"2573","2026-04-19 07:09:05","24.73","60.5","943.1800000000001","3880","","","","","-106","5.5","23510","1776593345555"
"2574","2026-04-19 07:09:15","24.72","59.5","943.16","3880","","","","","-105","6","23511","1776593355560"
"2575","2026-04-19 07:09:25","24.73","63","943.2","3880","","","","","-105","6.300000190734863","23512","1776593365567"
"2576","2026-04-19 07:09:35","24.72","60.5","943.14","3880","","","","","-105","5.5","23513","1776593375562"
"2577","2026-04-19 07:09:45","24.74","60.5","943.16","3880","","","","","-104","7","23514","1776593385617"
"2578","2026-04-19 07:09:55","24.73","62","943.16","3880","","","","","-105","6.800000190734863","23515","1776593395588"
"2579","2026-04-19 07:10:05","24.72","60.5","943.1800000000001","3880","","","","","-106","5.300000190734863","23516","1776593405560"
"2580","2026-04-19 07:10:15","24.7","61","943.1800000000001","3880","","","","","-106","5.300000190734863","23517","1776593415565"
"2581","2026-04-19 07:10:25","24.72","63.5","943.2","3880","","","","","-105","6","23518","1776593425564"
"2582","2026-04-19 07:10:35","24.71","59.5","943.2","3880","","","","","-106","5.300000190734863","23519","1776593435597"
"2583","2026-04-19 07:10:45","24.72","60","943.2","3880","","","","","-107","4","23520","1776593445596"
"2584","2026-04-19 07:10:55","24.73","61","943.1800000000001","3880","","","","","-105","6.5","23521","1776593455582"
"2585","2026-04-19 07:11:05","24.77","58.5","943.22","3880","","","","","-107","5","23522","1776593465593"
"2586","2026-04-19 07:11:15","24.77","60","943.2","3880","","","","","-105","7","23523","1776593475592"
"2587","2026-04-19 07:11:25","24.79","59","943.24","3880","","","","","-109","1.7999999523162842","23524","1776593485589"
"2588","2026-04-19 07:11:35","24.77","58.5","943.2","3880","","","","","-107","4.5","23525","1776593495603"
"2589","2026-04-19 07:11:45","24.77","60.5","943.22","3880","","","","","-105","6.300000190734863","23526","1776593505589"
"2590","2026-04-19 07:11:55","24.77","59","943.22","3880","","","","","-105","6.800000190734863","23527","1776593515590"
"2591","2026-04-19 07:12:05","24.79","58.5","943.28","3880","","","","","-106","5.5","23528","1776593525619"
"2592","2026-04-19 07:12:15","24.79","60.5","943.22","3880","","","","","-108","3.799999952316284","23529","1776593535586"
"2593","2026-04-19 07:12:25","24.79","59","943.2","3880","","","","","-104","5.800000190734863","23530","1776593545583"
"2594","2026-04-19 07:12:35","24.79","58.5","943.24","3880","","","","","-105","6.5","23531","1776593555582"
"2595","2026-04-19 07:12:45","24.79","62.5","943.22","3880","","","","","-105","6","23532","1776593565583"
"2596","2026-04-19 07:12:55","24.79","60","943.24","3880","","","","","-105","6.300000190734863","23533","1776593575594"
"2597","2026-04-19 07:13:05","24.8","61.5","943.24","3880","","","","","-105","5","23534","1776593585619"
"2598","2026-04-19 07:13:15","24.79","63","943.22","3880","","","","","-105","5.800000190734863","23535","1776593595587"
"2599","2026-04-19 07:13:25","24.8","60.5","943.26","3880","","","","","-105","6.800000190734863","23536","1776593605561"
"2600","2026-04-19 07:13:35","24.82","59","943.26","3880","","","","","-107","4.800000190734863","23537","1776593615587"
"2601","2026-04-19 07:13:45","24.83","60.5","943.26","3880","","","","","-106","5.5","23538","1776593625606"
"2602","2026-04-19 07:13:55","24.85","60","943.26","3880","","","","","-108","3.299999952316284","23539","1776593635584"
"2603","2026-04-19 07:14:05","24.86","59","943.3000000000001","3880","","","","","-112","-4.300000190734863","23540","1776593645613"
"2604","2026-04-19 07:14:15","24.86","59","943.26","3880","","","","","-106","5.800000190734863","23541","1776593655569"
"2605","2026-04-19 07:14:25","24.86","60.5","943.24","3880","","","","","-107","5","23542","1776593665588"
"2606","2026-04-19 07:14:35","24.85","59.5","943.28","3880","","","","","-105","6.300000190734863","23543","1776593675553"
"2607","2026-04-19 07:14:45","24.85","59","943.24","3960","","","","","-105","5.800000190734863","23544","1776593685563"
"2608","2026-04-19 07:14:55","24.85","59.5","943.26","3960","","","","","-106","5.5","23545","1776593695589"
"2609","2026-04-19 07:15:05","24.85","60","943.24","3960","","","","","-106","5.5","23546","1776593705568"
"2610","2026-04-19 07:15:15","24.86","56","943.24","3960","","","","","-106","5.5","23547","1776593715594"
"2611","2026-04-19 07:15:25","24.85","59","943.26","3960","","","","","-106","5.300000190734863","23548","1776593725586"
"2612","2026-04-19 07:15:35","24.83","61","943.28","3960","","","","","-105","6.5","23549","1776593735556"
"2613","2026-04-19 07:15:45","24.8","60","943.26","3960","","","","","-105","4.800000190734863","23550","1776593745583"
"2614","2026-04-19 07:15:55","24.78","58.5","943.28","3960","","","","","-106","5","23551","1776593755585"
"2615","2026-04-19 07:16:05","24.77","60.5","943.24","3960","","","","","-106","5.800000190734863","23552","1776593765618"
"2616","2026-04-19 07:16:15","24.76","60","943.3000000000001","3960","","","","","-109","2.5","23553","1776593775586"
"2617","2026-04-19 07:16:25","24.73","60","943.26","3960","","","","","-105","6.800000190734863","23554","1776593785585"
"2618","2026-04-19 07:16:35","24.76","59.5","943.28","3960","","","","","-106","5.5","23555","1776593795563"
"2619","2026-04-19 07:16:45","24.76","63.5","943.28","3960","","","","","-107","3.799999952316284","23556","1776593805564"
"2620","2026-04-19 07:16:55","24.75","58.5","943.28","3960","","","","","-105","6","23557","1776593815581"
"2621","2026-04-19 07:17:05","24.74","60.5","943.28","3960","","","","","-105","6.300000190734863","23558","1776593825569"
"2622","2026-04-19 07:17:15","24.74","60.5","943.24","3960","","","","","-105","6","23559","1776593835591"
"2623","2026-04-19 07:17:25","24.76","63.5","943.32","3960","","","","","-105","6.300000190734863","23560","1776593845586"
"2624","2026-04-19 07:17:35","24.77","59.5","943.32","3960","","","","","-106","5.300000190734863","23561","1776593855584"
"2625","2026-04-19 07:17:45","24.75","58.5","943.28","3960","","","","","-106","5.800000190734863","23562","1776593865601"
"2626","2026-04-19 07:17:55","24.76","61.5","943.28","3960","","","","","-105","5.800000190734863","23563","1776593875590"
"2627","2026-04-19 07:18:05","24.82","60","943.32","3960","","","","","-107","4.5","23564","1776593885599"
"2628","2026-04-19 07:18:15","24.82","59.5","943.3000000000001","3960","","","","","-105","6.5","23565","1776593895591"
"2629","2026-04-19 07:18:25","24.82","59.5","943.34","3960","","","","","-106","5.5","23566","1776593905598"
"2630","2026-04-19 07:18:35","24.83","56.5","943.3000000000001","3960","","","","","-103","7.300000190734863","23567","1776593915590"
"2631","2026-04-19 07:18:45","24.83","60","943.3000000000001","3960","","","","","-105","6.5","23568","1776593925569"
"2632","2026-04-19 07:18:55","24.82","61.5","943.3000000000001","3960","","","","","-105","6","23569","1776593935585"
"2633","2026-04-19 07:19:05","24.85","61.5","943.32","3960","","","","","-105","6","23570","1776593945618"
"2634","2026-04-19 07:19:15","24.87","60.5","943.32","3920","","","","","-105","6.5","23571","1776593955583"
"2635","2026-04-19 07:19:25","24.86","59.5","943.3000000000001","3920","","","","","-107","4.800000190734863","23572","1776593965585"
"2636","2026-04-19 07:19:35","24.85","59","943.3000000000001","3920","","","","","-106","5","23573","1776593975630"
"2637","2026-04-19 07:19:45","24.84","60.5","943.3000000000001","3920","","","","","-106","5","23574","1776593985639"
"2638","2026-04-19 07:19:55","24.83","56.5","943.28","3920","","","","","-106","5.300000190734863","23575","1776593995591"
"2639","2026-04-19 07:20:05","24.83","57","943.3000000000001","3920","","","","","-106","5.5","23576","1776594005596"
"2640","2026-04-19 07:20:15","24.84","61","943.3000000000001","3920","","","","","-108","3.799999952316284","23577","1776594015596"
"2641","2026-04-19 07:20:25","24.86","60","943.28","3920","","","","","-107","4.300000190734863","23578","1776594025584"
"2642","2026-04-19 07:20:35","24.88","59.5","943.32","3920","","","","","-107","4.5","23579","1776594035588"
"2643","2026-04-19 07:20:45","24.89","57","943.3000000000001","3920","","","","","-106","5.5","23580","1776594045588"
"2644","2026-04-19 07:20:55","24.88","59","943.34","3900","","","","","-107","4.800000190734863","23581","1776594055582"
"2645","2026-04-19 07:21:05","24.87","59","943.3000000000001","3900","","","","","-107","4.300000190734863","23582","1776594065594"
"2646","2026-04-19 07:21:15","24.88","60.5","943.28","3900","","","","","-105","6","23583","1776594075604"
"2647","2026-04-19 07:21:25","24.89","58.5","943.3000000000001","3900","","","","","-105","6.300000190734863","23584","1776594085575"
"2648","2026-04-19 07:21:35","24.9","60","943.3000000000001","3900","","","","","-106","5.5","23585","1776594095593"
"2649","2026-04-19 07:21:45","24.89","59","943.32","3900","","","","","-106","5.800000190734863","23586","1776594105613"
"2650","2026-04-19 07:21:55","24.89","60","943.3000000000001","3900","","","","","-111","-1.2999999523162842","23587","1776594115583"
"2651","2026-04-19 07:22:05","24.87","59.5","943.3000000000001","3900","","","","","-111","-1.2999999523162842","23588","1776594125631"
"2652","2026-04-19 07:22:15","24.86","59","943.3000000000001","3900","","","","","-110","0.30000001192092896","23589","1776594135588"
"2653","2026-04-19 07:22:25","24.85","58.5","943.3000000000001","3900","","","","","-107","4.800000190734863","23590","1776594145588"
"2654","2026-04-19 07:22:35","24.84","58.5","943.3000000000001","3900","","","","","-105","6.800000190734863","23591","1776594155589"
"2655","2026-04-19 07:22:45","24.83","59","943.28","3900","","","","","-112","-4.800000190734863","23592","1776594165581"
"2656","2026-04-19 07:22:55","24.83","58","943.3000000000001","3900","","","","","-107","5.5","23593","1776594175585"
"2657","2026-04-19 07:23:05","24.84","56","943.32","3900","","","","","-108","3.799999952316284","23594","1776594185580"
"2658","2026-04-19 07:23:15","24.85","60","943.32","3900","","","","","-105","6.5","23595","1776594195589"
"2659","2026-04-19 07:23:25","24.87","60","943.32","3900","","","","","-104","7.300000190734863","23596","1776594205591"
"2660","2026-04-19 07:23:35","24.88","60","943.28","3900","","","","","-106","5.5","23597","1776594215589"
"2661","2026-04-19 07:23:45","24.92","57","943.32","3900","","","","","-102","8.5","23598","1776594225617"
"2662","2026-04-19 07:23:55","24.94","61.5","943.32","3900","","","","","-106","5.5","23599","1776594235557"
"2663","2026-04-19 07:24:05","24.94","60","943.28","3900","","","","","-105","5","23600","1776594245615"
"2664","2026-04-19 07:24:15","24.96","58.5","943.32","3900","","","","","-108","3.299999952316284","23601","1776594255552"
"2665","2026-04-19 07:24:25","24.96","61","943.32","3900","","","","","-105","5.5","23602","1776594265583"
"2666","2026-04-19 07:24:35","24.94","59","943.3000000000001","3900","","","","","-105","6.300000190734863","23603","1776594275581"
"2667","2026-04-19 07:24:45","24.93","61.5","943.34","3900","","","","","-105","5.800000190734863","23604","1776594285583"
"2668","2026-04-19 07:24:55","24.92","57","943.3000000000001","3900","","","","","-107","5","23605","1776594295587"
"2669","2026-04-19 07:25:05","24.9","58.5","943.32","3900","","","","","-105","5.5","23606","1776594305586"
"2670","2026-04-19 07:25:15","24.87","55.5","943.26","3900","","","","","-105","6.300000190734863","23607","1776594315581"
"2671","2026-04-19 07:25:25","24.87","63","943.3000000000001","3900","","","","","-106","5.5","23608","1776594325583"
"2672","2026-04-19 07:25:35","24.84","57.5","943.3000000000001","3900","","","","","-105","5.300000190734863","23609","1776594335593"
"2673","2026-04-19 07:25:45","24.82","58.5","943.28","3900","","","","","-105","5.800000190734863","23610","1776594345602"
"2674","2026-04-19 07:25:55","24.8","60","943.32","3900","","","","","-106","5.300000190734863","23611","1776594355589"
"2675","2026-04-19 07:26:05","24.79","60","943.32","3900","","","","","-110","1.7999999523162842","23612","1776594365619"
"2676","2026-04-19 07:26:15","24.82","59.5","943.34","3900","","","","","-106","5.5","23613","1776594375628"
"2677","2026-04-19 07:26:25","24.83","59.5","943.28","3900","","","","","-107","4.300000190734863","23614","1776594385591"
"2678","2026-04-19 07:26:35","24.86","59.5","943.32","3900","","","","","-105","5.800000190734863","23615","1776594395561"
"2679","2026-04-19 07:26:45","24.86","60.5","943.32","3900","","","","","-105","6.5","23616","1776594405634"
"2680","2026-04-19 07:26:55","24.84","58","943.26","3900","","","","","-105","6.800000190734863","23617","1776594415584"
"2681","2026-04-19 07:27:05","24.86","59.5","943.32","3900","","","","","-106","5.5","23618","1776594425590"
"2682","2026-04-19 07:27:15","24.86","60","943.26","3900","","","","","-112","-2.5","23619","1776594435587"
"2683","2026-04-19 07:27:25","24.86","58.5","943.28","3900","","","","","-111","-1.2999999523162842","23620","1776594445585"
"2684","2026-04-19 07:27:35","24.88","59","943.3000000000001","3900","","","","","-105","6.800000190734863","23621","1776594455585"
"2685","2026-04-19 07:27:45","24.88","60","943.3000000000001","3900","","","","","-107","5","23622","1776594465561"
"2686","2026-04-19 07:27:55","24.89","59","943.32","3900","","","","","-106","5.5","23623","1776594475580"
"2687","2026-04-19 07:28:05","24.89","59.5","943.3000000000001","3900","","","","","-106","4.800000190734863","23624","1776594485562"
"2688","2026-04-19 07:28:15","24.91","57.5","943.28","3900","","","","","-113","-6.5","23625","1776594495589"
"2689","2026-04-19 07:28:25","24.93","59.5","943.3000000000001","3900","","","","","-109","3","23626","1776594505582"
"2690","2026-04-19 07:28:35","24.95","59","943.28","3900","","","","","-106","5.300000190734863","23627","1776594515589"
"2691","2026-04-19 07:28:45","24.95","57.5","943.34","3900","","","","","-105","6.5","23628","1776594525583"
"2692","2026-04-19 07:28:55","24.95","59.5","943.32","3900","","","","","-106","5.800000190734863","23629","1776594535580"
"2693","2026-04-19 07:29:05","24.92","59","943.32","3900","","","","","-107","4.5","23630","1776594545560"
"2694","2026-04-19 07:29:15","24.9","58","943.34","3900","","","","","-105","6.800000190734863","23631","1776594555596"
"2695","2026-04-19 07:29:25","24.91","58.5","943.32","3900","","","","","-105","6.300000190734863","23632","1776594565552"
"2696","2026-04-19 07:29:35","24.91","62","943.32","3880","","","","","-106","5","23633","1776594575608"
"2697","2026-04-19 07:29:45","24.9","57","943.32","3900","","","","","-107","4.300000190734863","23634","1776594585584"
"2698","2026-04-19 07:29:55","24.88","58.5","943.34","3900","","","","","-106","5.5","23635","1776594595581"
"2699","2026-04-19 07:30:05","24.88","60.5","943.32","3900","","","","","-112","-3","23636","1776594605598"
"2700","2026-04-19 07:30:15","24.88","58.5","943.34","3900","","","","","-108","3.299999952316284","23637","1776594615600"
"2701","2026-04-19 07:30:25","24.88","59","943.3000000000001","3900","","","","","-109","2","23638","1776594625578"
"2702","2026-04-19 07:30:35","24.88","60","943.3000000000001","3880","","","","","-105","7","23639","1776594635550"
"2703","2026-04-19 07:30:45","24.85","58.5","943.36","3880","","","","","-110","0.800000011920929","23640","1776594645584"
"2704","2026-04-19 07:30:55","24.85","58.5","943.3000000000001","3900","","","","","-108","3.799999952316284","23641","1776594655581"
"2705","2026-04-19 07:31:05","24.84","62","943.32","3880","","","","","-108","3.299999952316284","23642","1776594665571"
"2706","2026-04-19 07:31:15","24.84","63.5","943.36","3900","","","","","-107","4.5","23643","1776594675556"
"2707","2026-04-19 07:31:25","24.83","60.5","943.3000000000001","3880","","","","","-106","5.5","23644","1776594685586"
"2708","2026-04-19 07:31:35","24.84","59","943.32","3880","","","","","-107","4.800000190734863","23645","1776594695587"
"2709","2026-04-19 07:31:45","24.85","61","943.32","3900","","","","","-105","6.300000190734863","23646","1776594705591"
"2710","2026-04-19 07:31:55","24.86","59.5","943.34","3900","","","","","-106","5.5","23647","1776594715581"
"2711","2026-04-19 07:32:05","24.88","59","943.36","3880","","","","","-107","5","23648","1776594725590"
"2712","2026-04-19 07:32:15","24.92","59.5","943.36","3880","","","","","-106","5.5","23649","1776594735590"
"2713","2026-04-19 07:32:25","24.92","59","943.36","3880","","","","","-105","5.800000190734863","23650","1776594745585"
"2714","2026-04-19 07:32:35","24.94","56.5","943.36","3880","","","","","-105","6.300000190734863","23651","1776594755582"
"2715","2026-04-19 07:32:45","24.93","61","943.36","3900","","","","","-106","5","23652","1776594765586"
"2716","2026-04-19 07:32:55","24.91","59","943.36","3880","","","","","-112","-3.5","23653","1776594775579"
"2717","2026-04-19 07:33:05","24.9","60","943.32","3880","","","","","-108","3","23654","1776594785585"
"2718","2026-04-19 07:33:15","24.9","58","943.34","3880","","","","","-110","1","23655","1776594795604"
"2719","2026-04-19 07:33:25","24.9","60","943.34","3880","","","","","-104","7.5","23656","1776594805588"
"2720","2026-04-19 07:33:35","24.88","61","943.34","3880","","","","","-105","6.5","23657","1776594815562"
"2721","2026-04-19 07:33:45","24.86","60.5","943.32","3880","","","","","-106","5","23658","1776594825590"
"2722","2026-04-19 07:33:55","24.85","56.5","943.4","3880","","","","","-105","6.5","23659","1776594835559"
"2723","2026-04-19 07:34:05","24.84","61.5","943.36","3880","","","","","-106","5.5","23660","1776594845555"
"2724","2026-04-19 07:34:15","24.83","56","943.38","3880","","","","","-106","5","23661","1776594855551"
"2725","2026-04-19 07:34:25","24.85","60","943.38","3880","","","","","-105","6","23662","1776594865589"
"2726","2026-04-19 07:34:35","24.86","59","943.4","3880","","","","","-109","1","23663","1776594875563"
"2727","2026-04-19 07:34:45","24.85","59","943.36","3880","","","","","-109","2.299999952316284","23664","1776594885561"
"2728","2026-04-19 07:34:55","24.84","62","943.36","3880","","","","","-104","7.300000190734863","23665","1776594895572"
"2729","2026-04-19 07:35:05","24.84","59.5","943.4","3880","","","","","-105","5.800000190734863","23666","1776594905628"
"2730","2026-04-19 07:35:15","24.83","59","943.38","3880","","","","","-113","-5.800000190734863","23667","1776594915584"
"2731","2026-04-19 07:35:25","24.83","61.5","943.4200000000001","3880","","","","","-110","1.5","23668","1776594925550"
"2732","2026-04-19 07:35:35","24.84","61.5","943.38","3880","","","","","-112","-2","23669","1776594935588"
"2733","2026-04-19 07:35:45","24.84","59","943.36","3880","","","","","-108","2.799999952316284","23670","1776594945589"
"2734","2026-04-19 07:35:55","24.82","59","943.36","3880","","","","","-112","-2.799999952316284","23671","1776594955583"
"2735","2026-04-19 07:36:05","24.8","58.5","943.4","3880","","","","","-110","1","23672","1776594965608"
"2736","2026-04-19 07:36:15","24.8","59.5","943.36","3880","","","","","-105","6.800000190734863","23673","1776594975588"
"2737","2026-04-19 07:36:25","24.79","57.5","943.38","3880","","","","","-108","4","23674","1776594985583"
"2738","2026-04-19 07:36:35","24.78","62","943.38","3880","","","","","-109","2","23675","1776594995597"
"2739","2026-04-19 07:36:45","24.77","59","943.38","3880","","","","","-106","6.300000190734863","23676","1776595005615"
"2740","2026-04-19 07:36:55","24.76","60","943.38","3880","","","","","-109","2.5","23677","1776595015586"
"2741","2026-04-19 07:37:05","24.74","57","943.4","3880","","","","","-106","5.300000190734863","23678","1776595025561"
"2742","2026-04-19 07:37:15","24.72","62.5","943.4","3880","","","","","-108","2.799999952316284","23679","1776595035558"
"2743","2026-04-19 07:37:25","24.7","61.5","943.4","3880","","","","","-106","5.5","23680","1776595045580"
"2744","2026-04-19 07:37:35","24.69","61.5","943.4200000000001","3880","","","","","-107","4.5","23681","1776595055608"
"2745","2026-04-19 07:37:45","24.7","60.5","943.36","3880","","","","","-110","1.5","23682","1776595065584"
"2746","2026-04-19 07:37:55","24.7","59","943.36","3880","","","","","-106","5.800000190734863","23683","1776595075578"
"2747","2026-04-19 07:38:05","24.7","60.5","943.44","3880","","","","","-106","5.300000190734863","23684","1776595085561"
"2748","2026-04-19 07:38:15","24.69","60","943.38","3880","","","","","-107","4.5","23685","1776595095581"
"2749","2026-04-19 07:38:25","24.71","59","943.44","3880","","","","","-109","2","23686","1776595105589"
"2750","2026-04-19 07:38:35","24.72","62.5","943.4","3880","","","","","-105","6","23687","1776595115581"
"2751","2026-04-19 07:38:45","24.7","56","943.36","3880","","","","","-106","5.300000190734863","23688","1776595125578"
"2752","2026-04-19 07:38:55","24.73","59","943.38","3880","","","","","-106","5.300000190734863","23689","1776595135587"
"2753","2026-04-19 07:39:05","24.76","59.5","943.38","3880","","","","","-107","4.300000190734863","23690","1776595145588"
"2754","2026-04-19 07:39:15","24.79","58","943.36","3880","","","","","-110","0","23691","1776595155551"
"2755","2026-04-19 07:39:25","24.8","59.5","943.38","3880","","","","","-107","4.800000190734863","23692","1776595165595"
"2756","2026-04-19 07:39:35","24.8","59","943.4","3880","","","","","-110","-0.30000001192092896","23693","1776595175574"
"2757","2026-04-19 07:39:45","24.79","61","943.4","3880","","","","","-104","7.300000190734863","23694","1776595185582"
"2758","2026-04-19 07:39:55","24.77","59.5","943.4","3880","","","","","-105","6.800000190734863","23695","1776595195617"
"2759","2026-04-19 07:40:05","24.77","62.5","943.38","3880","","","","","-105","6.800000190734863","23696","1776595205557"
"2760","2026-04-19 07:40:15","24.79","61","943.4","3880","","","","","-106","5.800000190734863","23697","1776595215558"
"2761","2026-04-19 07:40:25","24.83","60.5","943.4200000000001","3880","","","","","-108","3.5","23698","1776595225584"
"2762","2026-04-19 07:40:35","24.81","58.5","943.38","3880","","","","","-107","4.800000190734863","23699","1776595235588"
"2763","2026-04-19 07:40:45","24.81","62.5","943.36","3880","","","","","-108","3.299999952316284","23700","1776595245605"
"2764","2026-04-19 07:40:55","24.81","59","943.38","3880","","","","","-108","3.799999952316284","23701","1776595255559"
"2765","2026-04-19 07:41:05","24.83","56","943.38","3880","","","","","-108","2.799999952316284","23702","1776595265577"
"2766","2026-04-19 07:41:15","24.82","59.5","943.4","3880","","","","","-106","5.5","23703","1776595275621"
"2767","2026-04-19 07:41:25","24.79","59.5","943.4","3880","","","","","-107","4.300000190734863","23704","1776595285588"
"2768","2026-04-19 07:41:35","24.78","58","943.44","3880","","","","","-105","6.300000190734863","23705","1776595295629"
"2769","2026-04-19 07:41:45","24.77","60","943.4","3880","","","","","-105","6.800000190734863","23706","1776595305553"
"2770","2026-04-19 07:41:55","24.76","61","943.38","3880","","","","","-106","5","23707","1776595315570"
"2771","2026-04-19 07:42:05","24.78","58.5","943.4","3880","","","","","-108","3","23708","1776595325578"
"2772","2026-04-19 07:42:15","24.78","57.5","943.36","3880","","","","","-106","5.5","23709","1776595335558"
"2773","2026-04-19 07:42:25","24.79","60","943.4","3880","","","","","-105","5.800000190734863","23710","1776595345582"
"2774","2026-04-19 07:42:35","24.78","57","943.36","3880","","","","","-106","5.5","23711","1776595355582"
"2775","2026-04-19 07:42:45","24.8","60.5","943.4","3880","","","","","-106","5","23712","1776595365609"
"2776","2026-04-19 07:42:55","24.81","60","943.38","3880","","","","","-106","5.800000190734863","23713","1776595375577"
"2777","2026-04-19 07:43:05","24.83","60","943.4200000000001","3880","","","","","-106","5.5","23714","1776595385580"
"2778","2026-04-19 07:43:15","24.84","56","943.4","3880","","","","","-106","5","23715","1776595395606"
"2779","2026-04-19 07:43:25","24.86","60.5","943.38","3880","","","","","-105","5.5","23716","1776595405582"
"2780","2026-04-19 07:43:35","24.86","58.5","943.44","3880","","","","","-105","6.5","23717","1776595415557"
"2781","2026-04-19 07:43:45","24.86","59","943.4200000000001","3880","","","","","-105","6.800000190734863","23718","1776595425585"
"2782","2026-04-19 07:43:55","24.84","59.5","943.4200000000001","3880","","","","","-106","5.800000190734863","23719","1776595435585"
"2783","2026-04-19 07:44:05","24.82","58.5","943.4200000000001","3880","","","","","-106","4.5","23720","1776595445590"
"2784","2026-04-19 07:44:15","24.78","59","943.4","3880","","","","","-106","4.800000190734863","23721","1776595455606"
"2785","2026-04-19 07:44:25","24.76","61","943.44","3880","","","","","-106","4.300000190734863","23722","1776595465588"
"2786","2026-04-19 07:44:35","24.78","60","943.4200000000001","3880","","","","","-106","5.300000190734863","23723","1776595475594"
"2787","2026-04-19 07:44:45","24.73","60","943.4200000000001","3880","","","","","-107","5","23724","1776595485618"
"2788","2026-04-19 07:44:55","24.73","60","943.4","3880","","","","","-106","5.300000190734863","23725","1776595495578"
"2789","2026-04-19 07:45:05","24.74","60","943.4200000000001","3880","","","","","-108","3.299999952316284","23726","1776595505554"
"2790","2026-04-19 07:45:15","24.78","61","943.44","3880","","","","","-105","6.5","23727","1776595515550"
"2791","2026-04-19 07:45:25","24.81","59.5","943.4","3880","","","","","-106","5.5","23728","1776595525629"
"2792","2026-04-19 07:45:35","24.81","57","943.4200000000001","3880","","","","","-107","2.799999952316284","23729","1776595535559"
"2793","2026-04-19 07:45:45","24.81","59","943.44","3880","","","","","-112","-2.799999952316284","23730","1776595545551"
"2794","2026-04-19 07:45:55","24.85","60.5","943.4200000000001","3880","","","","","-111","-0.30000001192092896","23731","1776595555548"
"2795","2026-04-19 07:46:05","24.86","59.5","943.4200000000001","3880","","","","","-108","4","23732","1776595565586"
"2796","2026-04-19 07:46:15","24.88","60","943.46","3880","","","","","-107","5.300000190734863","23733","1776595575548"
"2797","2026-04-19 07:46:25","24.87","57","943.44","3880","","","","","-109","2.299999952316284","23734","1776595585579"
"2798","2026-04-19 07:46:35","24.86","60.5","943.48","3880","","","","","-106","5","23735","1776595595563"
"2799","2026-04-19 07:46:45","24.85","59","943.46","3880","","","","","-108","4.300000190734863","23736","1776595605566"
"2800","2026-04-19 07:46:55","24.84","59.5","943.4200000000001","3880","","","","","-106","5.5","23737","1776595615586"
"2801","2026-04-19 07:47:05","24.82","60","943.44","3880","","","","","-106","5.800000190734863","23738","1776595625627"
"2802","2026-04-19 07:47:15","24.85","62","943.46","3880","","","","","-105","5.800000190734863","23739","1776595635590"
"2803","2026-04-19 07:47:25","24.84","63","943.46","3880","","","","","-106","4.800000190734863","23740","1776595645557"
"2804","2026-04-19 07:47:35","24.84","58.5","943.44","3880","","","","","-106","4.800000190734863","23741","1776595655559"
"2805","2026-04-19 07:47:45","24.85","61","943.46","3880","","","","","-107","5","23742","1776595665579"
"2806","2026-04-19 07:47:55","24.84","59","943.48","3880","","","","","-108","3.799999952316284","23743","1776595675578"
"2807","2026-04-19 07:48:15","24.83","61.5","943.48","3880","","","","","-106","5.5","23745","1776595695580"
"2808","2026-04-19 07:48:25","24.83","60.5","943.5","3880","","","","","-111","-1.2999999523162842","23746","1776595705578"
"2809","2026-04-19 07:48:35","24.84","58.5","943.5","3880","","","","","-105","6.5","23747","1776595715586"
"2810","2026-04-19 07:48:45","24.83","61","943.5","3880","","","","","-106","5.5","23748","1776595725587"
"2811","2026-04-19 07:48:55","24.84","57","943.5","3880","","","","","-106","5.5","23749","1776595735576"
"2812","2026-04-19 07:49:05","24.84","60","943.46","3880","","","","","-112","-4.300000190734863","23750","1776595745560"
"2813","2026-04-19 07:49:15","24.87","60.5","943.52","3880","","","","","-110","1","23751","1776595755563"
"2814","2026-04-19 07:49:25","24.86","59.5","943.5","3880","","","","","-107","3.299999952316284","23752","1776595765587"
"2815","2026-04-19 07:49:35","24.86","62.5","943.48","3880","","","","","-111","-1.5","23753","1776595775561"
"2816","2026-04-19 07:49:45","24.84","59.5","943.5","3880","","","","","-105","6.800000190734863","23754","1776595785582"
"2817","2026-04-19 07:49:55","24.83","58.5","943.5","3880","","","","","-105","6.5","23755","1776595795586"
"2818","2026-04-19 07:50:05","24.83","59","943.5","3880","","","","","-111","-2.5","23756","1776595805620"
"2819","2026-04-19 07:50:15","24.82","60","943.52","3880","","","","","-106","5.300000190734863","23757","1776595815552"
"2820","2026-04-19 07:50:25","24.82","59.5","943.48","3880","","","","","-106","5","23758","1776595825590"
"2821","2026-04-19 07:50:45","24.8","60","943.5","3900","","","","","-108","4","23760","1776595845616"
"2822","2026-04-19 07:50:55","24.82","60.5","943.54","3880","","","","","-106","5.5","23761","1776595855578"
"2823","2026-04-19 07:51:05","24.82","59","943.52","3880","","","","","-107","4.800000190734863","23762","1776595865583"
"2824","2026-04-19 07:51:15","24.81","58","943.52","3880","","","","","-108","4","23763","1776595875554"
"2825","2026-04-19 07:51:25","24.79","61.5","943.52","3880","","","","","-107","4.5","23764","1776595885588"
"2826","2026-04-19 07:51:35","24.79","59.5","943.54","3880","","","","","-107","4.800000190734863","23765","1776595895548"
"2827","2026-04-19 07:51:45","24.78","58","943.5","3880","","","","","-105","7","23766","1776595905581"
"2828","2026-04-19 07:51:55","24.77","57","943.48","3880","","","","","-106","5.5","23767","1776595915586"
"2829","2026-04-19 07:52:05","24.77","62","943.54","3880","","","","","-106","5.5","23768","1776595925593"
"2830","2026-04-19 07:52:15","24.79","61","943.54","3880","","","","","-105","6.300000190734863","23769","1776595935545"
"2831","2026-04-19 07:52:25","24.79","60","943.52","3880","","","","","-107","4.300000190734863","23770","1776595945582"
"2832","2026-04-19 07:52:35","24.8","62.5","943.52","3880","","","","","-106","5.300000190734863","23771","1776595955556"
"2833","2026-04-19 07:52:45","24.8","57.5","943.5600000000001","3880","","","","","-106","5.5","23772","1776595965621"
"2834","2026-04-19 07:52:55","24.8","64","943.5","3880","","","","","-106","5.300000190734863","23773","1776595975581"
"2835","2026-04-19 07:53:05","24.8","58.5","943.54","3880","","","","","-108","3","23774","1776595985589"
"2836","2026-04-19 07:53:15","24.81","59.5","943.54","3880","","","","","-106","5","23775","1776595995586"
"2837","2026-04-19 07:53:25","24.8","60","943.54","3880","","","","","-106","5.300000190734863","23776","1776596005584"
"2838","2026-04-19 07:53:35","24.77","57","943.52","3880","","","","","-106","5.300000190734863","23777","1776596015586"
"2839","2026-04-19 07:53:45","24.76","60","943.54","3880","","","","","-106","5","23778","1776596025585"
"2840","2026-04-19 07:53:55","24.76","63.5","943.54","3880","","","","","-106","5.300000190734863","23779","1776596035587"
"2841","2026-04-19 07:54:05","24.75","59","943.5600000000001","3880","","","","","-106","5.300000190734863","23780","1776596045588"
"2842","2026-04-19 07:54:15","24.76","61.5","943.58","3880","","","","","-107","4.300000190734863","23781","1776596055584"
"2843","2026-04-19 07:54:25","24.76","61","943.58","3880","","","","","-106","5.300000190734863","23782","1776596065584"
"2844","2026-04-19 07:54:35","24.77","63","943.52","3880","","","","","-106","5","23783","1776596075577"
"2845","2026-04-19 07:54:45","24.79","60","943.5600000000001","3880","","","","","-105","6.300000190734863","23784","1776596085575"
"2846","2026-04-19 07:54:55","24.83","61.5","943.5600000000001","3880","","","","","-107","4.5","23785","1776596095585"
"2847","2026-04-19 07:55:05","24.84","59.5","943.6","3880","","","","","-105","4","23786","1776596105582"
"2848","2026-04-19 07:55:15","24.84","58.5","943.6","3880","","","","","-105","5.5","23787","1776596115581"
"2849","2026-04-19 07:55:25","24.85","60","943.5600000000001","3880","","","","","-107","3.5","23788","1776596125547"
"2850","2026-04-19 07:55:35","24.86","60","943.5600000000001","3880","","","","","-108","3","23789","1776596135549"
"2851","2026-04-19 07:55:45","24.87","61.5","943.58","3960","","","","","-106","4.300000190734863","23790","1776596145560"
"2852","2026-04-19 07:55:55","24.86","59","943.5600000000001","3960","","","","","-107","4.800000190734863","23791","1776596155554"
"2853","2026-04-19 07:56:05","24.87","57.5","943.52","3960","","","","","-105","5","23792","1776596165593"
"2854","2026-04-19 07:56:15","24.88","59.5","943.5600000000001","3960","","","","","-107","3.799999952316284","23793","1776596175553"
"2855","2026-04-19 07:56:25","24.87","63","943.5600000000001","3960","","","","","-109","2","23794","1776596185610"
"2856","2026-04-19 07:56:35","24.86","60","943.54","3960","","","","","-111","-1","23795","1776596195591"
"2857","2026-04-19 07:56:45","24.85","61","943.5600000000001","3960","","","","","-108","3.5","23796","1776596205555"
"2858","2026-04-19 07:56:55","24.85","59.5","943.5600000000001","3960","","","","","-108","3.299999952316284","23797","1776596215586"
"2859","2026-04-19 07:57:05","24.85","56.5","943.5600000000001","3960","","","","","-107","4.300000190734863","23798","1776596225607"
"2860","2026-04-19 07:57:15","24.85","60","943.54","3960","","","","","-107","4.5","23799","1776596235616"
"2861","2026-04-19 07:57:25","24.87","59.5","943.5600000000001","3960","","","","","-107","4","23800","1776596245584"
"2862","2026-04-19 07:57:35","24.88","60","943.5600000000001","3960","","","","","-104","5.5","23801","1776596255552"
"2863","2026-04-19 07:57:45","24.86","60","943.54","3960","","","","","-104","6","23802","1776596265588"
"2864","2026-04-19 07:57:55","24.87","60.5","943.5600000000001","3960","","","","","-107","4.800000190734863","23803","1776596275553"
"2865","2026-04-19 07:58:05","24.86","61.5","943.52","3960","","","","","-106","5.800000190734863","23804","1776596285586"
"2866","2026-04-19 07:58:15","24.86","57","943.58","3960","","","","","-107","3.799999952316284","23805","1776596295576"
"2867","2026-04-19 07:58:25","24.87","56","943.54","3960","","","","","-106","4.300000190734863","23806","1776596305575"
"2868","2026-04-19 07:58:35","24.88","63","943.54","3960","","","","","-110","-0.5","23807","1776596315552"
"2869","2026-04-19 07:58:45","24.88","60","943.5600000000001","3960","","","","","-111","-2.299999952316284","23808","1776596325579"
"2870","2026-04-19 07:58:55","24.86","57.5","943.5600000000001","3960","","","","","-108","2.5","23809","1776596335586"
"2871","2026-04-19 07:59:05","24.86","61","943.58","3960","","","","","-104","5.5","23810","1776596345584"
"2872","2026-04-19 07:59:15","24.84","60","943.5600000000001","3960","","","","","-108","2.299999952316284","23811","1776596355579"
"2873","2026-04-19 07:59:25","24.85","60","943.5600000000001","3960","","","","","-105","4","23812","1776596365587"
"2874","2026-04-19 07:59:35","24.84","59","943.62","3960","","","","","-105","5.5","23813","1776596375552"
"2875","2026-04-19 07:59:45","24.84","60","943.58","3960","","","","","-105","5.300000190734863","23814","1776596385560"
"2876","2026-04-19 07:59:55","24.84","59","943.58","3960","","","","","-105","5.800000190734863","23815","1776596395575"
"2877","2026-04-19 08:00:05","24.83","60","943.6","3960","","","","","-107","2","23816","1776596405633"
"2878","2026-04-19 08:00:15","24.82","61.5","943.58","3960","","","","","-109","1.7999999523162842","23817","1776596415583"
"2879","2026-04-19 08:00:25","24.81","60","943.58","3920","","","","","-106","4.5","23818","1776596425581"
"2880","2026-04-19 08:00:35","24.8","61.5","943.58","3920","","","","","-103","7.300000190734863","23819","1776596435600"
"2881","2026-04-19 08:00:45","24.8","59.5","943.6","3920","","","","","-107","3","23820","1776596445548"
"2882","2026-04-19 08:00:55","24.79","57","943.58","3920","","","","","-107","2.799999952316284","23821","1776596455575"
"2883","2026-04-19 08:01:05","24.79","60","943.58","3920","","","","","-106","4.5","23822","1776596465548"
"2884","2026-04-19 08:01:15","24.78","60","943.58","3920","","","","","-106","4.800000190734863","23823","1776596475604"
"2885","2026-04-19 08:01:25","24.78","61.5","943.5600000000001","3920","","","","","-109","2.299999952316284","23824","1776596485576"
"2886","2026-04-19 08:01:35","24.77","60","943.54","3900","","","","","-107","4","23825","1776596495557"
"2887","2026-04-19 08:01:45","24.78","58","943.58","3900","","","","","-106","4.300000190734863","23826","1776596505575"
"2888","2026-04-19 08:01:55","24.79","59.5","943.58","3900","","","","","-107","3.5","23827","1776596515600"
"2889","2026-04-19 08:02:05","24.8","58.5","943.62","3900","","","","","-111","-2.299999952316284","23828","1776596525551"
"2890","2026-04-19 08:02:15","24.78","58.5","943.6","3900","","","","","-104","6","23829","1776596535596"
"2891","2026-04-19 08:02:25","24.78","56.5","943.58","3900","","","","","-105","5.5","23830","1776596545578"
"2892","2026-04-19 08:02:35","24.78","62.5","943.62","3900","","","","","-106","4.800000190734863","23831","1776596555586"
"2893","2026-04-19 08:02:45","24.77","57.5","943.6","3900","","","","","-107","4","23832","1776596565586"
"2894","2026-04-19 08:02:55","24.77","59.5","943.6","3900","","","","","-104","6.300000190734863","23833","1776596575586"
"2895","2026-04-19 08:03:05","24.77","59","943.62","3900","","","","","-106","4.5","23834","1776596585544"
"2896","2026-04-19 08:03:15","24.77","60","943.6","3900","","","","","-106","5","23835","1776596595598"
"2897","2026-04-19 08:03:25","24.79","58.5","943.6","3900","","","","","-107","3.799999952316284","23836","1776596605586"
"2898","2026-04-19 08:03:35","24.83","60","943.62","3900","","","","","-106","4.5","23837","1776596615578"
"2899","2026-04-19 08:03:45","24.83","58.5","943.6","3900","","","","","-105","5.300000190734863","23838","1776596625560"
"2900","2026-04-19 08:03:55","24.82","59.5","943.64","3900","","","","","-106","5","23839","1776596635585"
"2901","2026-04-19 08:04:05","24.82","59.5","943.62","3900","","","","","-106","4.300000190734863","23840","1776596645589"
"2902","2026-04-19 08:04:15","24.82","60","943.64","3900","","","","","-105","5.5","23841","1776596655585"
"2903","2026-04-19 08:04:25","24.81","61.5","943.6","3900","","","","","-105","5.5","23842","1776596665543"
"2904","2026-04-19 08:04:35","24.8","59.5","943.66","3900","","","","","-106","4.800000190734863","23843","1776596675576"
"2905","2026-04-19 08:04:45","24.81","57.5","943.64","3900","","","","","-106","4.800000190734863","23844","1776596685587"
"2906","2026-04-19 08:04:55","24.82","60","943.62","3900","","","","","-106","4.5","23845","1776596695578"
"2907","2026-04-19 08:05:05","24.8","59","943.6","3900","","","","","-106","4.5","23846","1776596705582"
"2908","2026-04-19 08:05:15","24.79","60.5","943.64","3900","","","","","-105","5","23847","1776596715602"
"2909","2026-04-19 08:05:25","24.79","59.5","943.66","3900","","","","","-105","5.300000190734863","23848","1776596725586"
"2910","2026-04-19 08:05:35","24.79","59","943.64","3900","","","","","-106","5","23849","1776596735576"
"2911","2026-04-19 08:05:45","24.81","60","943.62","3900","","","","","-106","4.800000190734863","23850","1776596745552"
"2912","2026-04-19 08:05:55","24.8","60","943.62","3900","","","","","-105","5.5","23851","1776596755555"
"2913","2026-04-19 08:06:05","24.8","60","943.64","3900","","","","","-106","5","23852","1776596765573"
"2914","2026-04-19 08:06:15","24.79","57.5","943.64","3900","","","","","-106","4.800000190734863","23853","1776596775553"
"2915","2026-04-19 08:06:25","24.78","58.5","943.64","3900","","","","","-106","4.800000190734863","23854","1776596785572"
"2916","2026-04-19 08:06:35","24.79","59.5","943.64","3900","","","","","-106","5","23855","1776596795580"
"2917","2026-04-19 08:06:45","24.8","57.5","943.64","3900","","","","","-106","4.800000190734863","23856","1776596805589"
"2918","2026-04-19 08:06:55","24.81","60","943.66","3900","","","","","-104","5.800000190734863","23857","1776596815577"
"2919","2026-04-19 08:07:05","24.83","59.5","943.66","3900","","","","","-105","5.5","23858","1776596825585"
"2920","2026-04-19 08:07:15","24.83","58","943.64","3900","","","","","-105","5.300000190734863","23859","1776596835606"
"2921","2026-04-19 08:07:25","24.84","59.5","943.6800000000001","3900","","","","","-107","3.5","23860","1776596845573"
"2922","2026-04-19 08:07:35","24.86","57","943.6800000000001","3900","","","","","-105","5","23861","1776596855548"
"2923","2026-04-19 08:07:45","24.88","60.5","943.7","3900","","","","","-107","3.799999952316284","23862","1776596865590"
"2924","2026-04-19 08:07:55","24.88","59.5","943.6800000000001","3900","","","","","-106","4.5","23863","1776596875577"
"2925","2026-04-19 08:08:05","24.86","58","943.72","3900","","","","","-106","4.800000190734863","23864","1776596885575"
"2926","2026-04-19 08:08:15","24.86","57","943.72","3900","","","","","-106","5","23865","1776596895553"
"2927","2026-04-19 08:08:25","24.87","62.5","943.6800000000001","3900","","","","","-107","3","23866","1776596905577"
"2928","2026-04-19 08:08:35","24.86","60","943.7","3900","","","","","-108","1.7999999523162842","23867","1776596915573"
"2929","2026-04-19 08:08:45","24.83","60","943.6800000000001","3900","","","","","-110","0.30000001192092896","23868","1776596925579"
"2930","2026-04-19 08:08:55","24.85","61.5","943.7","3900","","","","","-104","6.5","23869","1776596935584"
"2931","2026-04-19 08:09:05","24.86","62","943.7","3900","","","","","-106","4.5","23870","1776596945580"
"2932","2026-04-19 08:09:15","24.86","60","943.7","3900","","","","","-104","6.5","23871","1776596955591"
"2933","2026-04-19 08:09:25","24.87","60.5","943.6800000000001","3900","","","","","-106","4.5","23872","1776596965584"
"2934","2026-04-19 08:09:35","24.85","59.5","943.7","3900","","","","","-106","4.5","23873","1776596975580"
"2935","2026-04-19 08:09:45","24.83","61.5","943.6800000000001","3880","","","","","-105","5.300000190734863","23874","1776596985580"
"2936","2026-04-19 08:09:55","24.83","59.5","943.7","3900","","","","","-106","5","23875","1776596995575"
"2937","2026-04-19 08:10:05","24.83","59","943.74","3900","","","","","-106","4.5","23876","1776597005602"
"2938","2026-04-19 08:10:15","24.83","58.5","943.74","3900","","","","","-107","4","23877","1776597015577"
"2939","2026-04-19 08:10:25","24.82","60.5","943.72","3900","","","","","-106","5","23878","1776597025575"
"2940","2026-04-19 08:10:35","24.84","56","943.7","3900","","","","","-106","4.800000190734863","23879","1776597035606"
"2941","2026-04-19 08:10:45","24.84","59","943.7","3900","","","","","-103","7.300000190734863","23880","1776597045547"
"2942","2026-04-19 08:10:55","24.85","59.5","943.7","3880","","","","","-105","5.800000190734863","23881","1776597055545"
"2943","2026-04-19 08:11:05","24.85","62.5","943.7","3900","","","","","-106","5","23882","1776597065614"
"2944","2026-04-19 08:11:15","24.87","59.5","943.72","3880","","","","","-106","4.300000190734863","23883","1776597075606"
"2945","2026-04-19 08:11:25","24.86","57.5","943.7","3900","","","","","-105","5.5","23884","1776597085542"
"2946","2026-04-19 08:11:35","24.86","60.5","943.72","3900","","","","","-108","2.299999952316284","23885","1776597095558"
"2947","2026-04-19 08:11:45","24.85","59.5","943.72","3880","","","","","-107","3.299999952316284","23886","1776597105550"
"2948","2026-04-19 08:11:55","24.85","60.5","943.72","3900","","","","","-105","5.800000190734863","23887","1776597115574"
"2949","2026-04-19 08:12:05","24.87","60","943.72","3900","","","","","-107","4","23888","1776597125560"
"2950","2026-04-19 08:12:15","24.88","61","943.74","3880","","","","","-107","3.299999952316284","23889","1776597135591"
"2951","2026-04-19 08:12:25","24.88","61.5","943.6800000000001","3900","","","","","-107","3.5","23890","1776597145549"
"2952","2026-04-19 08:12:35","24.88","60","943.72","3880","","","","","-106","5","23891","1776597155546"
"2953","2026-04-19 08:12:45","24.85","59.5","943.7","3880","","","","","-106","4.800000190734863","23892","1776597165584"
"2954","2026-04-19 08:12:55","24.85","58.5","943.7","3900","","","","","-106","4.300000190734863","23893","1776597175581"
"2955","2026-04-19 08:13:05","24.84","60","943.72","3900","","","","","-107","4","23894","1776597185592"
"2956","2026-04-19 08:13:15","24.83","56.5","943.74","3900","","","","","-107","3.799999952316284","23895","1776597195550"
"2957","2026-04-19 08:13:25","24.81","59.5","943.7","3880","","","","","-105","5.300000190734863","23896","1776597205554"
"2958","2026-04-19 08:13:35","24.8","61.5","943.66","3900","","","","","-106","4.300000190734863","23897","1776597215572"
"2959","2026-04-19 08:13:45","24.82","57.5","943.7","3880","","","","","-105","5.5","23898","1776597225587"
"2960","2026-04-19 08:13:55","24.8","57.5","943.7","3880","","","","","-106","4.800000190734863","23899","1776597235581"
"2961","2026-04-19 08:14:05","24.8","60.5","943.72","3900","","","","","-106","4.5","23900","1776597245556"
"2962","2026-04-19 08:14:15","24.81","60.5","943.7","3880","","","","","-105","5.300000190734863","23901","1776597255581"
"2963","2026-04-19 08:14:25","24.8","59.5","943.7","3900","","","","","-106","5","23902","1776597265585"
"2964","2026-04-19 08:14:35","24.8","59.5","943.7","3880","","","","","-108","2.799999952316284","23903","1776597275555"
"2965","2026-04-19 08:14:45","24.8","59","943.72","3880","","","","","-104","6.5","23904","1776597285578"
"2966","2026-04-19 08:14:55","24.8","57","943.7","3880","","","","","-105","6","23905","1776597295577"
"2967","2026-04-19 08:15:05","24.8","61","943.7","3900","","","","","-107","3.5","23906","1776597305581"
"2968","2026-04-19 08:15:15","24.78","60.5","943.7","3880","","","","","-105","5.5","23907","1776597315604"
"2969","2026-04-19 08:15:25","24.78","60","943.72","3880","","","","","-106","5","23908","1776597325550"
"2970","2026-04-19 08:15:35","24.79","61.5","943.7","3880","","","","","-106","5","23909","1776597335578"
"2971","2026-04-19 08:15:45","24.82","61","943.72","3880","","","","","-105","5.5","23910","1776597345564"
"2972","2026-04-19 08:15:55","24.82","58.5","943.7","3880","","","","","-106","4.800000190734863","23911","1776597355588"
"2973","2026-04-19 08:16:05","24.84","60","943.74","3880","","","","","-106","4.300000190734863","23912","1776597365557"
"2974","2026-04-19 08:16:15","24.85","60.5","943.74","3880","","","","","-106","4.5","23913","1776597375555"
"2975","2026-04-19 08:16:25","24.87","59","943.72","3880","","","","","-106","4.5","23914","1776597385576"
"2976","2026-04-19 08:16:35","24.87","60","943.74","3880","","","","","-105","5.5","23915","1776597395549"
"2977","2026-04-19 08:16:45","24.87","60","943.76","3880","","","","","-105","4.5","23916","1776597405583"
"2978","2026-04-19 08:16:55","24.85","60","943.78","3880","","","","","-103","7","23917","1776597415579"
"2979","2026-04-19 08:17:05","24.83","59","943.76","3880","","","","","-105","5.300000190734863","23918","1776597425581"
"2980","2026-04-19 08:17:15","24.84","63","943.76","3880","","","","","-108","2.799999952316284","23919","1776597435608"
"2981","2026-04-19 08:17:25","24.85","60","943.74","3880","","","","","-107","2.799999952316284","23920","1776597445544"
"2982","2026-04-19 08:17:35","24.84","63","943.76","3880","","","","","-112","-4","23921","1776597455547"
"2983","2026-04-19 08:17:45","24.84","60","943.76","3900","","","","","-105","4.800000190734863","23922","1776597465554"
"2984","2026-04-19 08:17:55","24.85","60","943.74","3880","","","","","-106","4.5","23923","1776597475576"
"2985","2026-04-19 08:18:05","24.83","61","943.7","3880","","","","","-104","6.300000190734863","23924","1776597485583"
"2986","2026-04-19 08:18:15","24.82","60","943.76","3880","","","","","-107","4.5","23925","1776597495582"
"2987","2026-04-19 08:18:25","24.82","60","943.72","3880","","","","","-105","5.300000190734863","23926","1776597505548"
"2988","2026-04-19 08:18:35","24.85","62.5","943.76","3880","","","","","-105","5","23927","1776597515548"
"2989","2026-04-19 08:18:45","24.89","59.5","943.76","3880","","","","","-106","5","23928","1776597525583"
"2990","2026-04-19 08:18:55","24.91","59.5","943.8000000000001","3880","","","","","-106","4.800000190734863","23929","1776597535583"
"2991","2026-04-19 08:19:05","24.92","61","943.76","3880","","","","","-105","5.5","23930","1776597545554"
"2992","2026-04-19 08:19:15","24.91","59.5","943.76","3880","","","","","-105","5.5","23931","1776597555602"
"2993","2026-04-19 08:19:25","24.93","59.5","943.76","3880","","","","","-105","5","23932","1776597565573"
"2994","2026-04-19 08:19:35","24.93","59.5","943.74","3880","","","","","-105","5.300000190734863","23933","1776597575584"
"2995","2026-04-19 08:19:45","24.93","56.5","943.74","3880","","","","","-106","4.5","23934","1776597585580"
"2996","2026-04-19 08:19:55","24.92","56","943.76","3880","","","","","-105","5","23935","1776597595576"
"2997","2026-04-19 08:20:05","24.91","60.5","943.76","3880","","","","","-106","4.5","23936","1776597605576"
"2998","2026-04-19 08:20:15","24.91","60","943.8000000000001","3880","","","","","-105","5.300000190734863","23937","1776597615580"
"2999","2026-04-19 08:20:25","24.9","57.5","943.76","3880","","","","","-106","4.800000190734863","23938","1776597625572"
"3000","2026-04-19 08:20:35","24.91","61.5","943.78","3880","","","","","-105","5.300000190734863","23939","1776597635575"
"3001","2026-04-19 08:20:45","24.91","56.5","943.76","3880","","","","","-105","5.300000190734863","23940","1776597645582"
"3002","2026-04-19 08:20:55","24.91","60","943.78","3880","","","","","-105","5.800000190734863","23941","1776597655577"
"3003","2026-04-19 08:21:05","24.93","59.5","943.78","3880","","","","","-107","4.300000190734863","23942","1776597665579"
"3004","2026-04-19 08:21:15","24.95","60","943.78","3880","","","","","-105","5.300000190734863","23943","1776597675578"
"3005","2026-04-19 08:21:25","24.98","62","943.78","3880","","","","","-106","4.800000190734863","23944","1776597685547"
"3006","2026-04-19 08:21:35","24.97","59","943.8000000000001","3880","","","","","-111","-2","23945","1776597695564"
"3007","2026-04-19 08:21:45","24.94","59","943.8000000000001","3880","","","","","-107","3.5","23946","1776597705558"
"3008","2026-04-19 08:21:55","24.93","61","943.78","3880","","","","","-110","0.30000001192092896","23947","1776597715563"
"3009","2026-04-19 08:22:05","24.94","59.5","943.8000000000001","3880","","","","","-104","6.5","23948","1776597725620"
"3010","2026-04-19 08:22:15","24.95","60","943.78","3880","","","","","-105","5.300000190734863","23949","1776597735619"
"3011","2026-04-19 08:22:25","24.96","59.5","943.8000000000001","3880","","","","","-105","5.300000190734863","23950","1776597745573"
"3012","2026-04-19 08:22:35","24.96","60.5","943.8000000000001","3880","","","","","-106","4.800000190734863","23951","1776597755556"
"3013","2026-04-19 08:22:45","24.96","60","943.82","3880","","","","","-106","4","23952","1776597765548"
"3014","2026-04-19 08:22:55","24.95","59.5","943.78","3880","","","","","-109","0.30000001192092896","23953","1776597775570"
"3015","2026-04-19 08:23:05","24.94","60","943.8000000000001","3880","","","","","-106","4.300000190734863","23954","1776597785586"
"3016","2026-04-19 08:23:15","24.92","58","943.82","3880","","","","","-104","6","23955","1776597795581"
"3017","2026-04-19 08:23:25","24.91","60","943.8000000000001","3880","","","","","-109","1","23956","1776597805583"
"3018","2026-04-19 08:23:35","24.91","59","943.8000000000001","3880","","","","","-107","4","23957","1776597815581"
"3019","2026-04-19 08:23:45","24.92","57.5","943.84","3880","","","","","-104","6.300000190734863","23958","1776597825594"
"3020","2026-04-19 08:23:55","24.92","59.5","943.82","3880","","","","","-106","5.300000190734863","23959","1776597835582"
"3021","2026-04-19 08:24:05","24.93","60","943.8000000000001","3880","","","","","-106","4","23960","1776597845595"
"3022","2026-04-19 08:24:15","24.93","60","943.82","3880","","","","","-106","4.5","23961","1776597855554"
"3023","2026-04-19 08:24:25","24.93","59.5","943.8000000000001","3880","","","","","-105","4","23962","1776597865572"
"3024","2026-04-19 08:24:35","24.95","59.5","943.82","3880","","","","","-105","5","23963","1776597875541"
"3025","2026-04-19 08:24:45","24.95","58","943.84","3880","","","","","-105","5","23964","1776597885583"
"3026","2026-04-19 08:24:55","24.95","59","943.84","3880","","","","","-108","2","23965","1776597895577"
"3027","2026-04-19 08:25:05","24.96","61.5","943.8000000000001","3880","","","","","-104","5.5","23966","1776597905544"
"3028","2026-04-19 08:25:15","24.95","60","943.84","3880","","","","","-106","4.800000190734863","23967","1776597915615"
"3029","2026-04-19 08:25:25","24.95","62.5","943.82","3880","","","","","-110","-0.30000001192092896","23968","1776597925587"
"3030","2026-04-19 08:25:35","24.96","60","943.86","3880","","","","","-105","4.300000190734863","23969","1776597935551"
"3031","2026-04-19 08:25:45","24.98","60","943.86","3880","","","","","-106","4.5","23970","1776597945551"
"3032","2026-04-19 08:25:55","25.01","60","943.88","3880","","","","","-105","5.300000190734863","23971","1776597955560"
"3033","2026-04-19 08:26:05","24.99","60","943.86","3880","","","","","-105","4","23972","1776597965580"
"3034","2026-04-19 08:26:15","25","61.5","943.88","3880","","","","","-107","3.5","23973","1776597975551"
"3035","2026-04-19 08:26:25","25","63.5","943.84","3880","","","","","-105","5.300000190734863","23974","1776597985583"
"3036","2026-04-19 08:26:35","24.98","61.5","943.82","3880","","","","","-106","4.5","23975","1776597995614"
"3037","2026-04-19 08:26:45","24.98","59.5","943.86","3880","","","","","-107","4.300000190734863","23976","1776598005540"
"3038","2026-04-19 08:26:55","24.97","61.5","943.86","3880","","","","","-107","4","23977","1776598015574"
"3039","2026-04-19 08:27:05","24.96","59.5","943.86","3880","","","","","-106","4.5","23978","1776598025543"
"3040","2026-04-19 08:27:15","24.97","58","943.86","3880","","","","","-106","4.5","23979","1776598035581"
"3041","2026-04-19 08:27:25","24.97","60","943.84","3880","","","","","-105","5.300000190734863","23980","1776598045580"
"3042","2026-04-19 08:27:35","24.99","58","943.86","3880","","","","","-106","5.300000190734863","23981","1776598055549"
"3043","2026-04-19 08:27:45","25.01","58","943.88","3880","","","","","-105","5.5","23982","1776598065551"
"3044","2026-04-19 08:27:55","25.02","60","943.88","3880","","","","","-105","5.800000190734863","23983","1776598075582"
"3045","2026-04-19 08:28:05","25.02","59","943.86","3880","","","","","-107","3.5","23984","1776598085548"
"3046","2026-04-19 08:28:15","25","59.5","943.9200000000001","3880","","","","","-106","5","23985","1776598095585"
"3047","2026-04-19 08:28:25","25","56.5","943.88","3880","","","","","-107","3.799999952316284","23986","1776598105578"
"3048","2026-04-19 08:28:35","25","59","943.86","3880","","","","","-106","4.800000190734863","23987","1776598115543"
"3049","2026-04-19 08:28:45","24.98","60","943.86","3880","","","","","-106","5","23988","1776598125597"
"3050","2026-04-19 08:28:55","24.98","60.5","943.86","3880","","","","","-108","2.799999952316284","23989","1776598135579"
"3051","2026-04-19 08:29:05","24.98","59","943.84","3880","","","","","-105","5.300000190734863","23990","1776598145571"
"3052","2026-04-19 08:29:15","24.98","60","943.9","3880","","","","","-106","4.300000190734863","23991","1776598155548"
"3053","2026-04-19 08:29:25","24.99","59","943.88","3880","","","","","-107","3.799999952316284","23992","1776598165576"
"3054","2026-04-19 08:29:35","24.98","59.5","943.9","3880","","","","","-111","-1.5","23993","1776598175550"
"3055","2026-04-19 08:29:55","24.98","59.5","943.88","3880","","","","","-107","4","23995","1776598195580"
"3056","2026-04-19 08:30:05","24.97","62.5","943.88","3880","","","","","-107","3.799999952316284","23996","1776598205586"
"3057","2026-04-19 08:30:15","24.97","59.5","943.86","3880","","","","","-107","3","23997","1776598215542"
"3058","2026-04-19 08:30:25","24.95","60","943.88","3880","","","","","-103","7.300000190734863","23998","1776598225582"
"3059","2026-04-19 08:30:35","24.95","60","943.88","3880","","","","","-108","2","23999","1776598235593"
"3060","2026-04-19 08:30:45","24.94","59.5","943.86","3880","","","","","-107","3.299999952316284","24000","1776598245579"
"3061","2026-04-19 08:30:55","24.96","58","943.88","3880","","","","","-106","4.800000190734863","24001","1776598255578"
"3062","2026-04-19 08:31:05","24.95","60","943.88","3880","","","","","-105","4.800000190734863","24002","1776598265562"
"3063","2026-04-19 08:31:15","24.96","59.5","943.86","3880","","","","","-106","3.799999952316284","24003","1776598275618"
"3064","2026-04-19 08:31:25","24.96","63","943.86","3880","","","","","-106","3.5","24004","1776598285575"
"3065","2026-04-19 08:31:35","24.96","60","943.88","3880","","","","","-106","5.300000190734863","24005","1776598295625"
"3066","2026-04-19 08:31:45","24.95","57.5","943.86","3880","","","","","-106","3.299999952316284","24006","1776598305546"
"3067","2026-04-19 08:31:55","24.94","59.5","943.9","3880","","","","","-106","4","24007","1776598315552"
"3068","2026-04-19 08:32:05","24.92","62","943.9","3880","","","","","-111","-2","24008","1776598325545"
"3069","2026-04-19 08:32:15","24.91","58","943.88","3880","","","","","-106","4.800000190734863","24009","1776598335573"
"3070","2026-04-19 08:32:25","24.9","58.5","943.9","3880","","","","","-105","4.800000190734863","24010","1776598345574"
"3071","2026-04-19 08:32:35","24.91","59","943.88","3880","","","","","-107","3.799999952316284","24011","1776598355580"
"3072","2026-04-19 08:32:45","24.91","60.5","943.88","3880","","","","","-105","5.5","24012","1776598365550"
"3073","2026-04-19 08:32:55","24.92","60.5","943.9200000000001","3880","","","","","-105","5.800000190734863","24013","1776598375569"
"3074","2026-04-19 08:33:05","24.93","56.5","943.94","3880","","","","","-107","3.299999952316284","24014","1776598385614"
"3075","2026-04-19 08:33:15","24.94","60","943.9200000000001","3880","","","","","-106","4.300000190734863","24015","1776598395612"
"3076","2026-04-19 08:33:25","24.96","60","943.88","3880","","","","","-112","-6","24016","1776598405568"
"3077","2026-04-19 08:33:35","24.97","60.5","943.9200000000001","3880","","","","","-107","4","24017","1776598415580"
"3078","2026-04-19 08:33:45","24.99","59","943.9200000000001","3880","","","","","-107","4","24018","1776598425544"
"3079","2026-04-19 08:33:55","25","59.5","943.9200000000001","3880","","","","","-107","4.300000190734863","24019","1776598435581"
"3080","2026-04-19 08:34:05","25.01","61","943.9","3880","","","","","-110","0.30000001192092896","24020","1776598445586"
"3081","2026-04-19 08:34:15","25.02","59.5","943.94","3880","","","","","-110","-1.7999999523162842","24021","1776598455549"
"3082","2026-04-19 08:34:25","25","59.5","943.9200000000001","3880","","","","","-105","5","24022","1776598465575"
"3083","2026-04-19 08:34:35","25","60.5","943.88","3880","","","","","-112","-7.300000190734863","24023","1776598475550"
"3084","2026-04-19 08:34:45","25","58.5","943.9200000000001","3880","","","","","-108","2.5","24024","1776598485547"
"3085","2026-04-19 08:34:55","24.97","56","943.9200000000001","3880","","","","","-111","-3","24025","1776598495577"
"3086","2026-04-19 08:35:05","24.98","58.5","943.9","3880","","","","","-107","4","24026","1776598505581"
"3087","2026-04-19 08:35:15","24.96","59.5","943.9200000000001","3880","","","","","-110","-0.800000011920929","24027","1776598515584"
"3088","2026-04-19 08:35:25","24.95","59","943.9200000000001","3880","","","","","-105","5.5","24028","1776598525579"
"3089","2026-04-19 08:35:35","24.97","59.5","943.94","3880","","","","","-112","-4","24029","1776598535624"
"3090","2026-04-19 08:35:45","24.98","60","943.94","3880","","","","","-110","-0.800000011920929","24030","1776598545558"
"3091","2026-04-19 08:35:55","24.98","58.5","943.9","3880","","","","","-109","0.800000011920929","24031","1776598555572"
"3092","2026-04-19 08:36:05","24.97","58.5","943.9200000000001","3880","","","","","-110","0.30000001192092896","24032","1776598565553"
"3093","2026-04-19 08:36:15","24.96","60","943.9200000000001","3880","","","","","-105","5.300000190734863","24033","1776598575547"
"3094","2026-04-19 08:36:25","24.97","57.5","943.9","3880","","","","","-106","4.300000190734863","24034","1776598585609"
"3095","2026-04-19 08:36:45","24.97","57.5","943.94","3960","","","","","-110","0.30000001192092896","24036","1776598605545"
"3096","2026-04-19 08:36:55","24.96","60","943.96","3960","","","","","-106","4.5","24037","1776598615544"
"3097","2026-04-19 08:37:05","24.95","62.5","943.96","3960","","","","","-111","-4.800000190734863","24038","1776598625545"
"3098","2026-04-19 08:37:15","24.95","59","943.9200000000001","3960","","","","","-109","1.5","24039","1776598635601"
"3099","2026-04-19 08:37:25","24.95","60.5","943.96","3960","","","","","-111","-3.299999952316284","24040","1776598645576"
"3100","2026-04-19 08:37:35","24.94","64","943.96","3960","","","","","-107","4.300000190734863","24041","1776598655577"
"3101","2026-04-19 08:37:45","24.94","59","943.98","3960","","","","","-107","3.299999952316284","24042","1776598665549"
"3102","2026-04-19 08:37:55","24.93","59.5","943.96","3960","","","","","-108","2","24043","1776598675574"
"3103","2026-04-19 08:38:05","24.93","60","943.98","3960","","","","","-107","3.5","24044","1776598685560"
"3104","2026-04-19 08:38:15","24.92","57","943.98","3960","","","","","-109","1","24045","1776598695585"
"3105","2026-04-19 08:38:25","24.92","59","943.98","3960","","","","","-111","-2.5","24046","1776598705578"
"3106","2026-04-19 08:38:35","24.93","59.5","943.96","3960","","","","","-111","-3.299999952316284","24047","1776598715595"
"3107","2026-04-19 08:38:55","24.94","60","943.98","3960","","","","","-104","6.5","24049","1776598735576"
"3108","2026-04-19 08:39:05","24.95","59.5","943.94","3960","","","","","-107","4","24050","1776598745544"
"3109","2026-04-19 08:39:15","24.96","60","944","3960","","","","","-110","-0.5","24051","1776598755582"
"3110","2026-04-19 08:39:25","24.95","61","943.96","3960","","","","","-110","-1.5","24052","1776598765541"
"3111","2026-04-19 08:39:35","24.95","59","943.98","3960","","","","","-108","2.799999952316284","24053","1776598775603"
"3112","2026-04-19 08:39:45","24.96","58.5","943.96","3960","","","","","-107","4","24054","1776598785611"
"3113","2026-04-19 08:39:55","24.96","62.5","944","3960","","","","","-106","5","24055","1776598795568"
"3114","2026-04-19 08:40:05","24.97","61","944","3960","","","","","-111","-3","24056","1776598805571"
"3115","2026-04-19 08:40:15","24.97","60","944","3960","","","","","-110","0.30000001192092896","24057","1776598815577"
"3116","2026-04-19 08:40:35","24.94","60","943.96","3960","","","","","-108","2.299999952316284","24059","1776598835570"
"3117","2026-04-19 08:40:45","24.95","56.5","944","3960","","","","","-107","3.799999952316284","24060","1776598845577"
"3118","2026-04-19 08:40:55","24.97","60","944","3960","","","","","-106","4.800000190734863","24061","1776598855573"
"3119","2026-04-19 08:41:05","24.96","60","943.98","3960","","","","","-109","1.2999999523162842","24062","1776598865617"
"3120","2026-04-19 08:41:15","24.98","62","944","3960","","","","","-105","4.5","24063","1776598875553"
"3121","2026-04-19 08:41:25","24.99","59.5","944","3920","","","","","-106","5.300000190734863","24064","1776598885550"
"3122","2026-04-19 08:41:35","25.01","59","944.04","3920","","","","","-107","4","24065","1776598895606"
"3123","2026-04-19 08:41:45","25.01","59","944.02","3920","","","","","-105","5.300000190734863","24066","1776598905616"
"3124","2026-04-19 08:41:55","25.02","56","944.02","3920","","","","","-108","2.799999952316284","24067","1776598915597"
"3125","2026-04-19 08:42:05","25.02","59.5","943.98","3920","","","","","-108","2","24068","1776598925544"
"3126","2026-04-19 08:42:15","25.02","58.5","944.02","3920","","","","","-105","5.5","24069","1776598935552"
"3127","2026-04-19 08:42:25","25.02","60","944.02","3920","","","","","-106","5","24070","1776598945542"
"3128","2026-04-19 08:42:35","25.04","60","944.02","3920","","","","","-108","2.799999952316284","24071","1776598955574"
"3129","2026-04-19 08:42:45","25.04","59","944.02","3920","","","","","-107","4.300000190734863","24072","1776598965550"
"3130","2026-04-19 08:42:55","25.05","56.5","944.02","3920","","","","","-106","5","24073","1776598975581"
"3131","2026-04-19 08:43:05","25.06","59.5","944.0600000000001","3920","","","","","-105","5.5","24074","1776598985546"
"3132","2026-04-19 08:43:15","25.05","59","944.04","3900","","","","","-111","-2.5","24075","1776598995581"
"3133","2026-04-19 08:43:25","25.06","57.5","944.04","3900","","","","","-108","2.5","24076","1776599005568"
"3134","2026-04-19 08:43:35","25.06","58.5","944.0600000000001","3920","","","","","-112","-6","24077","1776599015591"
"3135","2026-04-19 08:43:45","25.04","57","944.02","3900","","","","","-110","-0.30000001192092896","24078","1776599025599"
"3136","2026-04-19 08:43:55","25.06","59.5","944.04","3900","","","","","-110","-0.5","24079","1776599035573"
"3137","2026-04-19 08:44:05","25.05","57.5","944.08","3900","","","","","-108","3","24080","1776599045608"
"3138","2026-04-19 08:44:15","25.04","58","944.04","3900","","","","","-110","-0.30000001192092896","24081","1776599055551"
"3139","2026-04-19 08:44:25","25.03","56.5","944.04","3900","","","","","-106","4.5","24082","1776599065608"
"3140","2026-04-19 08:44:35","25.03","62.5","944.02","3900","","","","","-105","5.300000190734863","24083","1776599075569"
"3141","2026-04-19 08:44:45","25.03","62.5","944.04","3900","","","","","-107","3.5","24084","1776599085544"
"3142","2026-04-19 08:44:55","25.02","61.5","944.04","3900","","","","","-106","4.800000190734863","24085","1776599095578"
"3143","2026-04-19 08:45:05","25.02","57","944.08","3900","","","","","-108","2.299999952316284","24086","1776599105575"
"3144","2026-04-19 08:45:15","24.99","59.5","944.0600000000001","3900","","","","","-110","0","24087","1776599115548"
"3145","2026-04-19 08:45:25","24.99","60.5","944.0600000000001","3900","","","","","-108","2.5","24088","1776599125580"
"3146","2026-04-19 08:45:35","24.99","63","944.04","3900","","","","","-107","3.5","24089","1776599135555"
"3147","2026-04-19 08:45:45","25","60","944.0600000000001","3900","","","","","-109","1","24090","1776599145604"
"3148","2026-04-19 08:45:55","25.01","59","944.08","3900","","","","","-107","4","24091","1776599155543"
"3149","2026-04-19 08:46:05","25.02","56.5","944.0600000000001","3900","","","","","-107","3.5","24092","1776599165543"
"3150","2026-04-19 08:46:15","25.01","60.5","944.04","3900","","","","","-105","4","24093","1776599175581"
"3151","2026-04-19 08:46:25","25.02","58.5","944.0600000000001","3900","","","","","-106","4.800000190734863","24094","1776599185574"
"3152","2026-04-19 08:46:35","25.02","60.5","944.0600000000001","3900","","","","","-105","5.5","24095","1776599195570"
"3153","2026-04-19 08:46:45","25.02","59.5","944.0600000000001","3900","","","","","-107","4","24096","1776599205587"
"3154","2026-04-19 08:46:55","25.03","56","944.1","3900","","","","","-107","4.300000190734863","24097","1776599215572"
"3155","2026-04-19 08:47:05","25.03","62","944.08","3900","","","","","-105","5.800000190734863","24098","1776599225592"
"3156","2026-04-19 08:47:15","25.03","59.5","944.0600000000001","3900","","","","","-108","1.7999999523162842","24099","1776599235583"
"3157","2026-04-19 08:47:25","25.04","59","944.0600000000001","3900","","","","","-107","4","24100","1776599245540"
"3158","2026-04-19 08:47:35","25.04","60","944.08","3900","","","","","-106","4.5","24101","1776599255540"
"3159","2026-04-19 08:47:45","25.05","59","944.12","3900","","","","","-105","4.800000190734863","24102","1776599265581"
"3160","2026-04-19 08:47:55","25.06","59","944.1","3900","","","","","-104","6","24103","1776599275564"
"3161","2026-04-19 08:48:05","25.06","60","944.08","3900","","","","","-107","3.5","24104","1776599285606"
"3162","2026-04-19 08:48:15","25.07","59","944.12","3900","","","","","-107","4.300000190734863","24105","1776599295592"
"3163","2026-04-19 08:48:25","25.07","59.5","944.08","3900","","","","","-106","5","24106","1776599305576"
"3164","2026-04-19 08:48:35","25.08","59.5","944.12","3900","","","","","-106","4.5","24107","1776599315613"
"3165","2026-04-19 08:48:45","25.09","59.5","944.16","3900","","","","","-106","5","24108","1776599325539"
"3166","2026-04-19 08:48:55","25.09","60","944.16","3900","","","","","-105","5.300000190734863","24109","1776599335572"
"3167","2026-04-19 08:49:05","25.08","59.5","944.14","3900","","","","","-105","5","24110","1776599345608"
"3168","2026-04-19 08:49:15","25.09","59","944.14","3900","","","","","-105","5.300000190734863","24111","1776599355577"
"3169","2026-04-19 08:49:25","25.1","60.5","944.12","3900","","","","","-106","4.800000190734863","24112","1776599365584"
"3170","2026-04-19 08:49:35","25.09","60","944.1","3900","","","","","-107","3.5","24113","1776599375553"
"3171","2026-04-19 08:49:45","25.1","60.5","944.1","3900","","","","","-105","6.300000190734863","24114","1776599385549"
"3172","2026-04-19 08:49:55","25.1","59.5","944.08","3900","","","","","-107","4.300000190734863","24115","1776599395577"
"3173","2026-04-19 08:50:05","25.1","58.5","944.1","3900","","","","","-107","3.799999952316284","24116","1776599405569"
"3174","2026-04-19 08:50:15","25.1","59.5","944.14","3900","","","","","-107","3.299999952316284","24117","1776599415550"
"3175","2026-04-19 08:50:25","25.12","59","944.12","3900","","","","","-106","4.300000190734863","24118","1776599425573"
"3176","2026-04-19 08:50:35","25.14","59","944.14","3900","","","","","-104","5","24119","1776599435571"
"3177","2026-04-19 08:50:45","25.13","59","944.1","3900","","","","","-104","6.5","24120","1776599445581"
"3178","2026-04-19 08:50:55","25.14","59","944.1","3900","","","","","-109","0.800000011920929","24121","1776599455575"
"3179","2026-04-19 08:51:05","25.15","59.5","944.14","3880","","","","","-106","4.300000190734863","24122","1776599465551"
"3180","2026-04-19 08:51:15","25.15","59","944.16","3900","","","","","-107","3.299999952316284","24123","1776599475580"
"3181","2026-04-19 08:51:25","25.15","59.5","944.12","3900","","","","","-105","6","24124","1776599485583"
"3182","2026-04-19 08:51:35","25.15","59.5","944.14","3880","","","","","-107","4","24125","1776599495577"
"3183","2026-04-19 08:51:45","25.15","59.5","944.12","3880","","","","","-111","-3.299999952316284","24126","1776599505556"
"3184","2026-04-19 08:51:55","25.15","59.5","944.12","3900","","","","","-107","3.799999952316284","24127","1776599515538"
"3185","2026-04-19 08:52:05","25.14","60","944.14","3880","","","","","-106","4.800000190734863","24128","1776599525579"
"3186","2026-04-19 08:52:15","25.12","59","944.12","3900","","","","","-108","2.299999952316284","24129","1776599535599"
"3187","2026-04-19 08:52:25","25.14","59.5","944.16","3880","","","","","-107","3","24130","1776599545575"
"3188","2026-04-19 08:52:35","25.13","59.5","944.14","3900","","","","","-107","4","24131","1776599555537"
"3189","2026-04-19 08:52:45","25.15","57.5","944.16","3880","","","","","-108","2.5","24132","1776599565542"
"3190","2026-04-19 08:52:55","25.15","59.5","944.12","3900","","","","","-108","2.799999952316284","24133","1776599575569"
"3191","2026-04-19 08:53:05","25.17","56.5","944.16","3900","","","","","-106","4.5","24134","1776599585548"
"3192","2026-04-19 08:53:15","25.17","59.5","944.14","3900","","","","","-108","2","24135","1776599595544"
"3193","2026-04-19 08:53:25","25.16","60","944.16","3900","","","","","-104","6.5","24136","1776599605577"
"3194","2026-04-19 08:53:35","25.16","60.5","944.16","3900","","","","","-105","5.300000190734863","24137","1776599615584"
"3195","2026-04-19 08:53:45","25.14","59.5","944.14","3900","","","","","-107","4.300000190734863","24138","1776599625591"
"3196","2026-04-19 08:53:55","25.14","60.5","944.14","3880","","","","","-108","2.799999952316284","24139","1776599635544"
"3197","2026-04-19 08:54:05","25.14","59","944.16","3900","","","","","-103","7.300000190734863","24140","1776599645547"
"3198","2026-04-19 08:54:15","25.15","58.5","944.1800000000001","3900","","","","","-105","5","24141","1776599655545"
"3199","2026-04-19 08:54:25","25.16","59","944.14","3900","","","","","-109","1","24142","1776599665575"
"3200","2026-04-19 08:54:35","25.16","59.5","944.1800000000001","3880","","","","","-112","-5.5","24143","1776599675547"
"3201","2026-04-19 08:54:45","25.17","59.5","944.1800000000001","3880","","","","","-109","1","24144","1776599685549"
"3202","2026-04-19 08:55:05","25.19","59","944.2","3880","","","","","-110","-0.30000001192092896","24146","1776599705568"
"3203","2026-04-19 08:55:15","25.19","55.5","944.2","3880","","","","","-105","5.300000190734863","24147","1776599715565"
"3204","2026-04-19 08:55:25","25.19","59.5","944.2","3880","","","","","-107","3.5","24148","1776599725576"
"3205","2026-04-19 08:55:45","25.18","59.5","944.2","3880","","","","","-108","2.299999952316284","24150","1776599745543"
"3206","2026-04-19 08:55:55","25.18","59","944.1800000000001","3880","","","","","-106","4.800000190734863","24151","1776599755566"
"3207","2026-04-19 08:56:05","25.18","59","944.1800000000001","3880","","","","","-109","0.30000001192092896","24152","1776599765543"
"3208","2026-04-19 08:56:15","25.19","58.5","944.1800000000001","3880","","","","","-109","1.2999999523162842","24153","1776599775569"
"3209","2026-04-19 08:56:25","25.19","59.5","944.16","3900","","","","","-110","-0.5","24154","1776599785588"
"3210","2026-04-19 08:56:35","25.18","59","944.1800000000001","3880","","","","","-108","2.5","24155","1776599795579"
"3211","2026-04-19 08:56:45","25.19","59","944.2","3880","","","","","-110","-1","24156","1776599805572"
"3212","2026-04-19 08:57:05","25.19","58.5","944.22","3880","","","","","-105","5.300000190734863","24158","1776599825594"
"3213","2026-04-19 08:57:15","25.19","58","944.16","3880","","","","","-106","4.5","24159","1776599835575"
"3214","2026-04-19 08:57:25","25.19","61","944.16","3880","","","","","-106","4.800000190734863","24160","1776599845535"
"3215","2026-04-19 08:57:35","25.19","58.5","944.2","3880","","","","","-107","3.5","24161","1776599855547"
"3216","2026-04-19 08:57:45","25.18","58.5","944.22","3880","","","","","-106","5","24162","1776599865590"
"3217","2026-04-19 08:57:55","25.17","58.5","944.2","3880","","","","","-107","4","24163","1776599875576"
"3218","2026-04-19 08:58:05","25.17","58.5","944.2","3880","","","","","-107","4","24164","1776599885568"
"3219","2026-04-19 08:58:15","25.18","58.5","944.22","3880","","","","","-107","4.300000190734863","24165","1776599895583"
"3220","2026-04-19 08:58:25","25.19","59","944.1800000000001","3880","","","","","-110","-1","24166","1776599905576"
"3221","2026-04-19 08:58:35","25.2","59","944.22","3880","","","","","-108","3","24167","1776599915581"
"3222","2026-04-19 08:58:45","25.2","58","944.22","3880","","","","","-109","0","24168","1776599925546"
"3223","2026-04-19 08:58:55","25.21","59","944.1800000000001","3880","","","","","-106","5","24169","1776599935576"
"3224","2026-04-19 08:59:05","25.22","58.5","944.22","3880","","","","","-108","2.299999952316284","24170","1776599945545"
"3225","2026-04-19 08:59:15","25.22","58.5","944.2","3880","","","","","-105","5.5","24171","1776599955619"
"3226","2026-04-19 08:59:25","25.22","58","944.1800000000001","3880","","","","","-106","4.5","24172","1776599965570"
"3227","2026-04-19 08:59:35","25.22","58","944.1800000000001","3880","","","","","-109","1.7999999523162842","24173","1776599975596"
"3228","2026-04-19 08:59:45","25.23","58.5","944.2","3880","","","","","-107","3.299999952316284","24174","1776599985573"
"3229","2026-04-19 08:59:55","25.24","58","944.2","3880","","","","","-107","3.5","24175","1776599995569"
"3230","2026-04-19 09:00:05","25.23","58.5","944.1800000000001","3880","","","","","-109","1","24176","1776600005576"
"3231","2026-04-19 09:00:15","25.24","58.5","944.2","3880","","","","","-110","-0.5","24177","1776600015572"
"3232","2026-04-19 09:00:25","25.24","59","944.2","3880","","","","","-107","3.5","24178","1776600025573"
"3233","2026-04-19 09:00:35","25.25","59.5","944.24","3880","","","","","-110","0","24179","1776600035546"
"3234","2026-04-19 09:00:45","25.25","59.5","944.22","3880","","","","","-107","4","24180","1776600045569"
"3235","2026-04-19 09:01:15","25.28","58.5","944.24","3880","","","","","-110","-1","24183","1776600075612"
"3236","2026-04-19 09:01:25","25.28","58.5","944.22","3880","","","","","-107","3.5","24184","1776600085571"
"3237","2026-04-19 09:01:35","25.29","58","944.26","3880","","","","","-106","4.800000190734863","24185","1776600095620"
"3238","2026-04-19 09:01:45","25.3","59","944.28","3880","","","","","-104","6.800000190734863","24186","1776600105554"
"3239","2026-04-19 09:01:55","25.3","58","944.26","3880","","","","","-107","4","24187","1776600115585"
"3240","2026-04-19 09:02:15","25.3","58.5","944.28","3880","","","","","-110","-0.5","24189","1776600135586"
"3241","2026-04-19 09:02:25","25.3","57.5","944.26","3880","","","","","-107","4","24190","1776600145566"
"3242","2026-04-19 09:02:35","25.3","58.5","944.26","3880","","","","","-106","4.5","24191","1776600155547"
"3243","2026-04-19 09:02:45","25.31","58.5","944.24","3880","","","","","-109","1.7999999523162842","24192","1776600165539"
"3244","2026-04-19 09:02:55","25.32","58","944.28","3880","","","","","-109","1","24193","1776600175547"
"3245","2026-04-19 09:03:05","25.32","58","944.3000000000001","3880","","","","","-106","4.300000190734863","24194","1776600185539"
"3246","2026-04-19 09:03:15","25.33","58.5","944.28","3880","","","","","-111","-3.5","24195","1776600195542"
"3247","2026-04-19 09:03:25","25.33","58.5","944.28","3880","","","","","-104","7","24196","1776600205575"
"3248","2026-04-19 09:03:35","25.32","58.5","944.24","3880","","","","","-111","-3.5","24197","1776600215572"
"3249","2026-04-19 09:03:45","25.34","60","944.24","3880","","","","","-106","5","24198","1776600225603"
"3250","2026-04-19 09:03:55","25.35","58","944.28","3880","","","","","-105","5","24199","1776600235575"
"3251","2026-04-19 09:04:05","25.35","57.5","944.26","3880","","","","","-109","1.2999999523162842","24200","1776600245569"
"3252","2026-04-19 09:04:15","25.35","58","944.26","3880","","","","","-112","-4","24201","1776600255586"
"3253","2026-04-19 09:04:25","25.35","58.5","944.28","3880","","","","","-112","-4","24202","1776600265570"
"3254","2026-04-19 09:04:35","25.36","57.5","944.28","3880","","","","","-110","-1.5","24203","1776600275583"
"3255","2026-04-19 09:04:45","25.36","59","944.28","3880","","","","","-108","2","24204","1776600285552"
"3256","2026-04-19 09:04:55","25.36","57.5","944.28","3880","","","","","-108","2.5","24205","1776600295571"
"3257","2026-04-19 09:05:05","25.36","58","944.26","3880","","","","","-111","-3.299999952316284","24206","1776600305569"
"3258","2026-04-19 09:05:15","25.37","58","944.3000000000001","3880","","","","","-111","-2","24207","1776600315537"
"3259","2026-04-19 09:05:25","25.37","57.5","944.26","3880","","","","","-106","4.300000190734863","24208","1776600325566"
"3260","2026-04-19 09:05:35","25.38","58.5","944.32","3880","","","","","-107","4","24209","1776600335549"
"3261","2026-04-19 09:05:45","25.38","57.5","944.28","3880","","","","","-110","-1","24210","1776600345574"
"3262","2026-04-19 09:06:05","25.39","58","944.3000000000001","3880","","","","","-104","6.300000190734863","24212","1776600365559"
"3263","2026-04-19 09:06:15","25.4","57.5","944.34","3880","","","","","-110","0","24213","1776600375598"
"3264","2026-04-19 09:06:25","25.4","57.5","944.28","3880","","","","","-106","5","24214","1776600385574"
"3265","2026-04-19 09:06:35","25.4","57.5","944.28","3880","","","","","-106","4.300000190734863","24215","1776600395537"
"3266","2026-04-19 09:06:45","25.41","57.5","944.32","3880","","","","","-110","-3.5","24216","1776600405570"
"3267","2026-04-19 09:06:55","25.41","57.5","944.3000000000001","3880","","","","","-109","0.800000011920929","24217","1776600415576"
"3268","2026-04-19 09:07:05","25.41","57.5","944.32","3880","","","","","-107","3.299999952316284","24218","1776600425540"
"3269","2026-04-19 09:07:15","25.42","57.5","944.32","3880","","","","","-104","6","24219","1776600435616"
"3270","2026-04-19 09:07:25","25.42","57.5","944.3000000000001","3880","","","","","-106","4.800000190734863","24220","1776600445554"
"3271","2026-04-19 09:07:35","25.42","57","944.3000000000001","3880","","","","","-106","5","24221","1776600455535"
"3272","2026-04-19 09:07:45","25.42","57","944.32","3880","","","","","-107","2.799999952316284","24222","1776600465543"
"3273","2026-04-19 09:07:55","25.42","58","944.3000000000001","3880","","","","","-108","1.7999999523162842","24223","1776600475536"
"3274","2026-04-19 09:08:05","25.42","58","944.3000000000001","3880","","","","","-110","-0.5","24224","1776600485541"
"3275","2026-04-19 09:08:25","25.42","57.5","944.36","3880","","","","","-106","4.5","24226","1776600505565"
"3276","2026-04-19 09:08:35","25.41","56.5","944.28","3880","","","","","-104","5.5","24227","1776600515594"
"3277","2026-04-19 09:08:45","25.41","58.5","944.32","3880","","","","","-110","-0.800000011920929","24228","1776600525548"
"3278","2026-04-19 09:08:55","25.41","57.5","944.3000000000001","3880","","","","","-105","5","24229","1776600535573"
"3279","2026-04-19 09:09:05","25.41","57.5","944.32","3880","","","","","-110","-1.2999999523162842","24230","1776600545546"
"3280","2026-04-19 09:09:15","25.41","58","944.3000000000001","3880","","","","","-110","0.30000001192092896","24231","1776600555572"
"3281","2026-04-19 09:09:25","25.42","57.5","944.34","3880","","","","","-112","-6.300000190734863","24232","1776600565570"
"3282","2026-04-19 09:09:35","25.43","57.5","944.32","3880","","","","","-108","2.5","24233","1776600575573"
"3283","2026-04-19 09:09:45","25.44","57.5","944.3000000000001","3880","","","","","-106","4.5","24234","1776600585544"
"3284","2026-04-19 09:09:55","25.44","57.5","944.3000000000001","3880","","","","","-110","-0.800000011920929","24235","1776600595586"
"3285","2026-04-19 09:10:05","25.45","57","944.3000000000001","3880","","","","","-110","-0.5","24236","1776600605549"
"3286","2026-04-19 09:10:15","25.45","57","944.34","3880","","","","","-110","-1.2999999523162842","24237","1776600615546"
"3287","2026-04-19 09:10:25","25.45","57.5","944.32","3880","","","","","-106","5","24238","1776600625571"
"3288","2026-04-19 09:10:35","25.47","57","944.32","3880","","","","","-110","-2.5","24239","1776600635546"
"3289","2026-04-19 09:10:45","25.47","57.5","944.34","3880","","","","","-107","3.5","24240","1776600645565"
"3290","2026-04-19 09:11:05","25.47","57","944.3000000000001","3880","","","","","-106","4.300000190734863","24242","1776600665540"
"3291","2026-04-19 09:11:15","25.48","57","944.34","3880","","","","","-109","1.7999999523162842","24243","1776600675544"
"3292","2026-04-19 09:11:25","25.48","56.5","944.36","3880","","","","","-105","5","24244","1776600685568"
"3293","2026-04-19 09:11:35","25.48","57.5","944.34","3880","","","","","-104","6.5","24245","1776600695580"
"3294","2026-04-19 09:11:45","25.49","57.5","944.32","3880","","","","","-112","-7.300000190734863","24246","1776600705590"
"3295","2026-04-19 09:11:55","25.49","57","944.32","3880","","","","","-107","3.5","24247","1776600715567"
"3296","2026-04-19 09:12:05","25.5","57","944.36","3880","","","","","-105","5.5","24248","1776600725608"
"3297","2026-04-19 09:12:15","25.49","57","944.32","3880","","","","","-105","5.300000190734863","24249","1776600735566"
"3298","2026-04-19 09:12:25","25.5","57","944.32","3880","","","","","-104","6.300000190734863","24250","1776600745564"
"3299","2026-04-19 09:12:35","25.51","57.5","944.36","3880","","","","","-110","-0.800000011920929","24251","1776600755536"
"3300","2026-04-19 09:12:45","25.51","56.5","944.34","3880","","","","","-109","-0.30000001192092896","24252","1776600765546"
"3301","2026-04-19 09:12:55","25.52","56","944.34","3880","","","","","-112","-4.800000190734863","24253","1776600775564"
"3302","2026-04-19 09:13:15","25.54","56.5","944.34","3880","","","","","-107","4","24255","1776600795552"
"3303","2026-04-19 09:13:25","25.53","56.5","944.32","3880","","","","","-111","-3.5","24256","1776600805570"
"3304","2026-04-19 09:13:35","25.53","56.5","944.38","3880","","","","","-110","-2","24257","1776600815542"
"3305","2026-04-19 09:13:45","25.53","56.5","944.36","3880","","","","","-108","2.299999952316284","24258","1776600825535"
"3306","2026-04-19 09:13:55","25.53","56.5","944.34","3880","","","","","-111","-3","24259","1776600835566"
"3307","2026-04-19 09:14:05","25.53","56.5","944.32","3880","","","","","-109","1.2999999523162842","24260","1776600845539"
"3308","2026-04-19 09:14:15","25.54","57","944.34","3880","","","","","-108","2.799999952316284","24261","1776600855611"
"3309","2026-04-19 09:14:25","25.54","56","944.4","3880","","","","","-110","-0.5","24262","1776600865566"
"3310","2026-04-19 09:14:35","25.54","56","944.36","3880","","","","","-107","3","24263","1776600875545"
"3311","2026-04-19 09:14:45","25.56","56","944.38","3880","","","","","-108","3","24264","1776600885577"
"3312","2026-04-19 09:14:55","25.56","56.5","944.32","3880","","","","","-105","5.300000190734863","24265","1776600895565"
"3313","2026-04-19 09:15:05","25.56","56","944.36","3880","","","","","-109","1","24266","1776600905572"
"3314","2026-04-19 09:15:15","25.56","57","944.34","3880","","","","","-109","1.2999999523162842","24267","1776600915541"
"3315","2026-04-19 09:15:25","25.56","56.5","944.36","3880","","","","","-111","-2","24268","1776600925563"
"3316","2026-04-19 09:15:35","25.56","56","944.32","3880","","","","","-107","2.299999952316284","24269","1776600935570"
"3317","2026-04-19 09:15:45","25.58","56.5","944.32","3880","","","","","-103","7.300000190734863","24270","1776600945590"
"3318","2026-04-19 09:15:55","25.58","56.5","944.38","3880","","","","","-107","4","24271","1776600955572"
"3319","2026-04-19 09:16:05","25.59","56.5","944.34","3880","","","","","-105","4.800000190734863","24272","1776600965597"
"3320","2026-04-19 09:16:15","25.59","56","944.32","3880","","","","","-107","2.299999952316284","24273","1776600975568"
"3321","2026-04-19 09:16:25","25.58","56.5","944.34","3880","","","","","-107","4.300000190734863","24274","1776600985571"
"3322","2026-04-19 09:16:35","25.58","56.5","944.34","3880","","","","","-107","4","24275","1776600995573"
"3323","2026-04-19 09:16:45","25.59","56.5","944.32","3880","","","","","-107","3.799999952316284","24276","1776601005572"
"3324","2026-04-19 09:16:55","25.59","56","944.34","3880","","","","","-111","-3.299999952316284","24277","1776601015567"
"3325","2026-04-19 09:17:05","25.6","56","944.36","3880","","","","","-105","5.5","24278","1776601025566"
"3326","2026-04-19 09:17:15","25.6","56.5","944.32","3880","","","","","-110","0","24279","1776601035544"
"3327","2026-04-19 09:17:25","25.6","57","944.34","3880","","","","","-104","6.800000190734863","24280","1776601045556"
"3328","2026-04-19 09:17:35","25.6","56.5","944.36","3880","","","","","-107","3.5","24281","1776601055573"
"3329","2026-04-19 09:17:45","25.6","55.5","944.32","3880","","","","","-106","5.300000190734863","24282","1776601065546"
"3330","2026-04-19 09:17:55","25.6","56.5","944.32","3880","","","","","-108","2","24283","1776601075571"
"3331","2026-04-19 09:18:05","25.62","56","944.32","3880","","","","","-110","-0.5","24284","1776601085570"
"3332","2026-04-19 09:18:15","25.62","56","944.3000000000001","3880","","","","","-108","1","24285","1776601095578"
"3333","2026-04-19 09:18:25","25.63","55.5","944.3000000000001","3880","","","","","-107","3.5","24286","1776601105569"
"3334","2026-04-19 09:18:35","25.63","56","944.3000000000001","3960","","","","","-107","3.799999952316284","24287","1776601115577"
"3335","2026-04-19 09:18:45","25.63","56","944.28","3960","","","","","-111","-4.300000190734863","24288","1776601125596"
"3336","2026-04-19 09:18:55","25.62","56","944.32","3960","","","","","-111","-3.5","24289","1776601135575"
"3337","2026-04-19 09:19:05","25.62","56.5","944.34","3960","","","","","-111","-3.5","24290","1776601145596"
"3338","2026-04-19 09:19:15","25.62","56","944.28","3960","","","","","-111","-2","24291","1776601155568"
"3339","2026-04-19 09:19:25","25.62","55.5","944.34","3960","","","","","-108","2.299999952316284","24292","1776601165575"
"3340","2026-04-19 09:19:35","25.63","55.5","944.32","3960","","","","","-107","3.5","24293","1776601175551"
"3341","2026-04-19 09:19:45","25.62","56","944.36","3960","","","","","-111","-3","24294","1776601185549"
"3342","2026-04-19 09:19:55","25.63","56","944.36","3960","","","","","-110","0","24295","1776601195575"
"3343","2026-04-19 09:20:05","25.63","56","944.3000000000001","3960","","","","","-110","-0.800000011920929","24296","1776601205563"
"3344","2026-04-19 09:20:15","25.63","56","944.3000000000001","3960","","","","","-109","0.5","24297","1776601215565"
"3345","2026-04-19 09:20:25","25.63","55.5","944.32","3960","","","","","-108","2.299999952316284","24298","1776601225568"
"3346","2026-04-19 09:20:35","25.64","55.5","944.34","3960","","","","","-111","-1.5","24299","1776601235566"
"3347","2026-04-19 09:20:45","25.65","55.5","944.28","3960","","","","","-112","-8.800000190734863","24300","1776601245545"
"3348","2026-04-19 09:20:55","25.64","55.5","944.34","3960","","","","","-109","1.7999999523162842","24301","1776601255573"
"3349","2026-04-19 09:21:15","25.66","55","944.28","3960","","","","","-108","1.7999999523162842","24303","1776601275551"
"3350","2026-04-19 09:21:25","25.66","55.5","944.28","3960","","","","","-107","3","24304","1776601285568"
"3351","2026-04-19 09:21:35","25.68","55.5","944.28","3960","","","","","-111","-4.300000190734863","24305","1776601295556"
"3352","2026-04-19 09:21:45","25.68","55.5","944.34","3960","","","","","-108","2.299999952316284","24306","1776601305552"
"3353","2026-04-19 09:21:55","25.69","55.5","944.3000000000001","3960","","","","","-106","4.5","24307","1776601315546"
"3354","2026-04-19 09:22:05","25.7","55.5","944.28","3960","","","","","-106","5","24308","1776601325608"
"3355","2026-04-19 09:22:15","25.71","55.5","944.3000000000001","3960","","","","","-105","5.5","24309","1776601335560"
"3356","2026-04-19 09:22:25","25.71","55","944.32","3960","","","","","-111","-2.799999952316284","24310","1776601345568"
"3357","2026-04-19 09:22:35","25.71","55","944.28","3960","","","","","-109","1.2999999523162842","24311","1776601355580"
"3358","2026-04-19 09:22:45","25.71","54.5","944.32","3960","","","","","-111","-3","24312","1776601365545"
"3359","2026-04-19 09:22:55","25.71","54.5","944.28","3960","","","","","-107","3.299999952316284","24313","1776601375562"
"3360","2026-04-19 09:23:05","25.71","55","944.26","3960","","","","","-110","-0.5","24314","1776601385544"
"3361","2026-04-19 09:23:15","25.71","55","944.28","3920","","","","","-106","4","24315","1776601395539"
"3362","2026-04-19 09:23:25","25.71","55","944.3000000000001","3920","","","","","-109","0.800000011920929","24316","1776601405563"
"3363","2026-04-19 09:23:45","25.72","54.5","944.34","3920","","","","","-110","-1","24318","1776601425607"
"3364","2026-04-19 09:23:55","25.72","54.5","944.3000000000001","3920","","","","","-112","-7.800000190734863","24319","1776601435572"
"3365","2026-04-19 09:24:15","25.73","54.5","944.34","3920","","","","","-111","-3.5","24321","1776601455579"
"3366","2026-04-19 09:24:25","25.74","54.5","944.28","3920","","","","","-107","3.799999952316284","24322","1776601465570"
"3367","2026-04-19 09:24:35","25.74","54.5","944.32","3920","","","","","-110","-0.800000011920929","24323","1776601475594"
"3368","2026-04-19 09:24:45","25.74","54","944.3000000000001","3920","","","","","-109","1","24324","1776601485577"
"3369","2026-04-19 09:24:55","25.75","54","944.32","3920","","","","","-108","2.799999952316284","24325","1776601495568"
"3370","2026-04-19 09:25:05","25.75","54","944.32","3900","","","","","-109","1.7999999523162842","24326","1776601505587"
"3371","2026-04-19 09:25:15","25.76","54","944.36","3900","","","","","-107","3","24327","1776601515595"
"3372","2026-04-19 09:25:25","25.77","54","944.32","3920","","","","","-107","3.799999952316284","24328","1776601525567"
"3373","2026-04-19 09:25:35","25.77","54","944.32","3900","","","","","-107","2.5","24329","1776601535549"
"3374","2026-04-19 09:25:45","25.77","53.5","944.32","3900","","","","","-109","2","24330","1776601545542"
"3375","2026-04-19 09:25:55","25.76","54","944.3000000000001","3900","","","","","-107","3.799999952316284","24331","1776601555562"
"3376","2026-04-19 09:26:05","25.77","54","944.34","3900","","","","","-108","2.299999952316284","24332","1776601565533"
"3377","2026-04-19 09:26:15","25.78","53.5","944.36","3900","","","","","-112","-7.300000190734863","24333","1776601575565"
"3378","2026-04-19 09:26:35","25.79","54","944.36","3900","","","","","-105","5.800000190734863","24335","1776601595561"
"3379","2026-04-19 09:26:45","25.79","54","944.36","3900","","","","","-105","5.300000190734863","24336","1776601605570"
"3380","2026-04-19 09:26:55","25.78","54","944.34","3900","","","","","-106","4.300000190734863","24337","1776601615574"
"3381","2026-04-19 09:27:05","25.79","54.5","944.34","3900","","","","","-108","2","24338","1776601625618"
"3382","2026-04-19 09:27:35","25.79","54.5","944.36","3900","","","","","-111","-2.299999952316284","24341","1776601655544"
"3383","2026-04-19 09:27:55","25.79","53.5","944.38","3900","","","","","-107","4","24343","1776601675591"
"3384","2026-04-19 09:28:05","25.8","53.5","944.36","3900","","","","","-111","-6.5","24344","1776601685564"
"3385","2026-04-19 09:28:15","25.8","53.5","944.36","3900","","","","","-108","2.299999952316284","24345","1776601695541"
"3386","2026-04-19 09:28:25","25.81","53.5","944.4","3900","","","","","-109","1.5","24346","1776601705562"
"3387","2026-04-19 09:28:35","25.81","53","944.38","3900","","","","","-104","6","24347","1776601715534"
"3388","2026-04-19 09:28:45","25.81","53","944.32","3900","","","","","-106","4.5","24348","1776601725537"
"3389","2026-04-19 09:28:55","25.81","53.5","944.36","3900","","","","","-112","-8","24349","1776601735574"
"3390","2026-04-19 09:29:05","25.83","53","944.38","3900","","","","","-112","-8","24350","1776601745585"
"3391","2026-04-19 09:29:15","25.83","53.5","944.38","3900","","","","","-110","-0.800000011920929","24351","1776601755550"
"3392","2026-04-19 09:29:25","25.83","53","944.36","3900","","","","","-110","0.30000001192092896","24352","1776601765573"
"3393","2026-04-19 09:29:35","25.81","53","944.36","3900","","","","","-106","4.300000190734863","24353","1776601775591"
"3394","2026-04-19 09:29:45","25.81","53","944.3000000000001","3900","","","","","-106","4.800000190734863","24354","1776601785600"
"3395","2026-04-19 09:29:55","25.81","53","944.36","3900","","","","","-106","4.5","24355","1776601795573"
"3396","2026-04-19 09:30:05","25.8","52","944.32","3900","","","","","-107","3.5","24356","1776601805548"
"3397","2026-04-19 09:30:15","25.8","52.5","944.34","3900","","","","","-107","2.299999952316284","24357","1776601815543"
"3398","2026-04-19 09:30:25","25.79","53.5","944.34","3900","","","","","-106","4.5","24358","1776601825572"
"3399","2026-04-19 09:30:35","25.79","53","944.36","3900","","","","","-107","3.299999952316284","24359","1776601835539"
"3400","2026-04-19 09:30:45","25.81","53","944.38","3900","","","","","-106","4.300000190734863","24360","1776601845563"
"3401","2026-04-19 09:30:55","25.81","53","944.34","3900","","","","","-106","4.300000190734863","24361","1776601855569"
"3402","2026-04-19 09:31:05","25.81","53","944.36","3900","","","","","-109","1.2999999523162842","24362","1776601865565"
"3403","2026-04-19 09:31:25","25.83","53","944.36","3900","","","","","-108","1.7999999523162842","24364","1776601885570"
"3404","2026-04-19 09:31:35","25.83","53","944.36","3900","","","","","-107","3.5","24365","1776601895546"
"3405","2026-04-19 09:31:55","25.85","53","944.34","3900","","","","","-106","5","24367","1776601915533"
"3406","2026-04-19 09:32:05","25.85","53","944.36","3900","","","","","-106","4.800000190734863","24368","1776601925540"
"3407","2026-04-19 09:32:15","25.86","53","944.38","3900","","","","","-110","-0.800000011920929","24369","1776601935577"
"3408","2026-04-19 09:32:25","25.86","53","944.34","3900","","","","","-112","-4.5","24370","1776601945541"
"3409","2026-04-19 09:32:35","25.86","53","944.32","3900","","","","","-112","-5.5","24371","1776601955540"
"3410","2026-04-19 09:32:45","25.87","52","944.34","3900","","","","","-111","-2.299999952316284","24372","1776601965539"
"3411","2026-04-19 09:32:55","25.87","52.5","944.36","3900","","","","","-110","-1.5","24373","1776601975559"
"3412","2026-04-19 09:33:05","25.88","53","944.34","3900","","","","","-107","4.300000190734863","24374","1776601985533"
"3413","2026-04-19 09:33:15","25.88","52.5","944.34","3900","","","","","-107","4.5","24375","1776601995602"
"3414","2026-04-19 09:33:25","25.87","53","944.36","3900","","","","","-107","3","24376","1776602005572"
"3415","2026-04-19 09:33:35","25.87","52.5","944.36","3900","","","","","-107","4","24377","1776602015543"
"3416","2026-04-19 09:33:45","25.88","52.5","944.32","3900","","","","","-112","-7.800000190734863","24378","1776602025548"
"3417","2026-04-19 09:33:55","25.89","52.5","944.36","3880","","","","","-111","-2.299999952316284","24379","1776602035568"
"3418","2026-04-19 09:34:05","25.89","52.5","944.38","3900","","","","","-109","1","24380","1776602045583"
"3419","2026-04-19 09:34:15","25.89","52.5","944.34","3880","","","","","-111","-2.299999952316284","24381","1776602055545"
"3420","2026-04-19 09:34:25","25.89","52.5","944.34","3900","","","","","-112","-5.5","24382","1776602065572"
"3421","2026-04-19 09:34:35","25.89","52","944.32","3900","","","","","-112","-5.300000190734863","24383","1776602075547"
"3422","2026-04-19 09:34:45","25.89","52.5","944.34","3900","","","","","-111","-3.299999952316284","24384","1776602085574"
"3423","2026-04-19 09:34:55","25.89","52.5","944.34","3900","","","","","-107","4","24385","1776602095566"
"3424","2026-04-19 09:35:05","25.89","52.5","944.34","3880","","","","","-107","3.299999952316284","24386","1776602105576"
"3425","2026-04-19 09:35:15","25.89","52","944.32","3880","","","","","-110","0.30000001192092896","24387","1776602115577"
"3426","2026-04-19 09:35:35","25.87","52.5","944.34","3900","","","","","-112","-6","24389","1776602135594"
"3427","2026-04-19 09:35:45","25.86","52.5","944.36","3880","","","","","-110","-1.2999999523162842","24390","1776602145535"
"3428","2026-04-19 09:35:55","25.87","52.5","944.38","3900","","","","","-107","4","24391","1776602155572"
"3429","2026-04-19 09:36:05","25.86","52.5","944.34","3880","","","","","-106","4.300000190734863","24392","1776602165572"
"3430","2026-04-19 09:36:15","25.87","52","944.36","3900","","","","","-109","0.5","24393","1776602175567"
"3431","2026-04-19 09:36:25","25.88","52.5","944.3000000000001","3880","","","","","-111","-2","24394","1776602185573"
"3432","2026-04-19 09:36:45","25.89","52.5","944.34","3900","","","","","-111","-4.800000190734863","24396","1776602205563"
"3433","2026-04-19 09:36:55","25.89","52","944.32","3880","","","","","-110","0","24397","1776602215570"
"3434","2026-04-19 09:37:15","25.89","51.5","944.3000000000001","3900","","","","","-113","-7.800000190734863","24399","1776602235531"
"3435","2026-04-19 09:37:25","25.89","51.5","944.32","3900","","","","","-110","0.30000001192092896","24400","1776602245549"
"3436","2026-04-19 09:37:35","25.89","52","944.32","3880","","","","","-112","-7.300000190734863","24401","1776602255538"
"3437","2026-04-19 09:37:45","25.88","52","944.34","3880","","","","","-110","-0.800000011920929","24402","1776602265590"
"3438","2026-04-19 09:37:55","25.89","51.5","944.3000000000001","3880","","","","","-109","-0.30000001192092896","24403","1776602275539"
"3439","2026-04-19 09:38:05","25.9","52","944.34","3900","","","","","-108","2.799999952316284","24404","1776602285602"
"3440","2026-04-19 09:38:15","25.91","51.5","944.36","3880","","","","","-110","-0.30000001192092896","24405","1776602295537"
"3441","2026-04-19 09:38:25","25.91","51.5","944.32","3880","","","","","-110","-0.800000011920929","24406","1776602305530"
"3442","2026-04-19 09:38:35","25.92","52","944.32","3900","","","","","-108","3","24407","1776602315542"
"3443","2026-04-19 09:38:45","25.93","51.5","944.3000000000001","3900","","","","","-106","4","24408","1776602325579"
"3444","2026-04-19 09:38:55","25.94","52","944.34","3880","","","","","-106","4.800000190734863","24409","1776602335565"
"3445","2026-04-19 09:39:05","25.95","52","944.34","3880","","","","","-111","-3.799999952316284","24410","1776602345573"
"3446","2026-04-19 09:39:15","25.95","51.5","944.34","3880","","","","","-111","-2.299999952316284","24411","1776602355575"
"3447","2026-04-19 09:39:25","25.94","52","944.32","3880","","","","","-111","-3.799999952316284","24412","1776602365571"
"3448","2026-04-19 09:39:35","25.95","51.5","944.32","3880","","","","","-109","-2.299999952316284","24413","1776602375549"
"3449","2026-04-19 09:39:45","25.96","51.5","944.3000000000001","3880","","","","","-109","1.5","24414","1776602385535"
"3450","2026-04-19 09:39:55","25.96","51.5","944.28","3900","","","","","-108","2.799999952316284","24415","1776602395570"
"3451","2026-04-19 09:40:05","25.97","51.5","944.34","3880","","","","","-109","0.800000011920929","24416","1776602405598"
"3452","2026-04-19 09:40:25","25.97","51.5","944.34","3880","","","","","-107","3.799999952316284","24418","1776602425567"
"3453","2026-04-19 09:40:35","25.96","51","944.38","3900","","","","","-107","3","24419","1776602435537"
"3454","2026-04-19 09:40:55","25.98","51.5","944.32","3880","","","","","-111","-4","24421","1776602455567"
"3455","2026-04-19 09:41:05","25.98","51.5","944.3000000000001","3880","","","","","-110","-0.5","24422","1776602465538"
"3456","2026-04-19 09:41:15","25.97","51.5","944.3000000000001","3880","","","","","-112","-4.800000190734863","24423","1776602475572"
"3457","2026-04-19 09:41:25","25.96","51.5","944.32","3880","","","","","-111","-3","24424","1776602485570"
"3458","2026-04-19 09:41:35","25.96","51.5","944.32","3880","","","","","-111","-3.799999952316284","24425","1776602495573"
"3459","2026-04-19 09:41:45","25.96","51","944.32","3880","","","","","-108","1.7999999523162842","24426","1776602505571"
"3460","2026-04-19 09:41:55","25.96","51","944.32","3880","","","","","-110","-1.5","24427","1776602515566"
"3461","2026-04-19 09:42:05","25.96","51.5","944.34","3880","","","","","-107","3.799999952316284","24428","1776602525568"
"3462","2026-04-19 09:42:15","25.95","51","944.3000000000001","3880","","","","","-107","3.299999952316284","24429","1776602535565"
"3463","2026-04-19 09:42:25","25.94","51.5","944.34","3880","","","","","-107","2.799999952316284","24430","1776602545536"
"3464","2026-04-19 09:42:35","25.95","51","944.32","3880","","","","","-112","-4.300000190734863","24431","1776602555544"
"3465","2026-04-19 09:42:45","25.96","51","944.32","3880","","","","","-108","2.299999952316284","24432","1776602565543"
"3466","2026-04-19 09:42:55","25.96","51","944.36","3900","","","","","-112","-4.800000190734863","24433","1776602575564"
"3467","2026-04-19 09:43:05","25.96","51","944.32","3880","","","","","-110","0.30000001192092896","24434","1776602585539"
"3468","2026-04-19 09:43:15","25.97","51","944.36","3880","","","","","-112","-5","24435","1776602595554"
"3469","2026-04-19 09:43:25","25.98","51","944.34","3880","","","","","-110","-0.30000001192092896","24436","1776602605560"
"3470","2026-04-19 09:43:45","25.99","51","944.34","3880","","","","","-112","-5.300000190734863","24438","1776602625567"
"3471","2026-04-19 09:44:05","25.99","51","944.36","3880","","","","","-105","5.300000190734863","24440","1776602645597"
"3472","2026-04-19 09:44:15","26","51.5","944.34","3880","","","","","-110","-1.5","24441","1776602655605"
"3473","2026-04-19 09:44:25","25.99","51","944.32","3880","","","","","-110","-1.2999999523162842","24442","1776602665566"
"3474","2026-04-19 09:44:35","25.99","51","944.34","3880","","","","","-108","2.299999952316284","24443","1776602675531"
"3475","2026-04-19 09:44:45","25.99","51","944.34","3880","","","","","-109","1.5","24444","1776602685540"
"3476","2026-04-19 09:44:55","26","51","944.34","3880","","","","","-109","1","24445","1776602695572"
"3477","2026-04-19 09:45:05","26","51","944.32","3880","","","","","-110","-0.5","24446","1776602705567"
"3478","2026-04-19 09:45:15","26","51","944.32","3880","","","","","-106","3.799999952316284","24447","1776602715547"
"3479","2026-04-19 09:45:25","26","51","944.32","3880","","","","","-112","-4","24448","1776602725563"
"3480","2026-04-19 09:45:35","26.01","51","944.3000000000001","3880","","","","","-109","0.800000011920929","24449","1776602735545"
"3481","2026-04-19 09:45:45","26.01","50.5","944.32","3880","","","","","-106","4.300000190734863","24450","1776602745595"
"3482","2026-04-19 09:45:55","26.02","50.5","944.34","3880","","","","","-109","0","24451","1776602755567"
"3483","2026-04-19 09:46:05","26.02","51","944.36","3880","","","","","-111","-3","24452","1776602765573"
"3484","2026-04-19 09:46:15","26.03","51","944.36","3880","","","","","-112","-6","24453","1776602775590"
"3485","2026-04-19 09:46:25","26.03","51","944.34","3880","","","","","-109","1.2999999523162842","24454","1776602785572"
"3486","2026-04-19 09:46:35","26.03","50.5","944.34","3880","","","","","-110","-1.5","24455","1776602795566"
"3487","2026-04-19 09:46:45","26.03","50.5","944.34","3880","","","","","-110","-1","24456","1776602805534"
"3488","2026-04-19 09:46:55","26.04","51","944.3000000000001","3880","","","","","-110","0.30000001192092896","24457","1776602815567"
"3489","2026-04-19 09:47:05","26.04","50.5","944.32","3880","","","","","-110","-1.5","24458","1776602825562"
"3490","2026-04-19 09:47:15","26.05","50.5","944.3000000000001","3880","","","","","-109","1.2999999523162842","24459","1776602835563"
"3491","2026-04-19 09:47:25","26.06","50.5","944.34","3880","","","","","-108","2.299999952316284","24460","1776602845563"
"3492","2026-04-19 09:47:35","26.06","50.5","944.3000000000001","3880","","","","","-108","2.799999952316284","24461","1776602855540"
"3493","2026-04-19 09:47:45","26.07","50.5","944.32","3880","","","","","-109","0","24462","1776602865566"
"3494","2026-04-19 09:47:55","26.07","51","944.34","3880","","","","","-107","2.799999952316284","24463","1776602875565"
"3495","2026-04-19 09:48:05","26.08","50.5","944.3000000000001","3880","","","","","-111","-3.799999952316284","24464","1776602885550"
"3496","2026-04-19 09:48:15","26.06","50","944.32","3880","","","","","-108","2.5","24465","1776602895532"
"3497","2026-04-19 09:48:25","26.06","50.5","944.3000000000001","3880","","","","","-107","3.299999952316284","24466","1776602905561"
"3498","2026-04-19 09:48:35","26.05","50.5","944.3000000000001","3880","","","","","-107","3.299999952316284","24467","1776602915566"
"3499","2026-04-19 09:48:45","26.06","50.5","944.32","3880","","","","","-107","3.799999952316284","24468","1776602925543"
"3500","2026-04-19 09:48:55","26.06","50.5","944.32","3880","","","","","-108","1","24469","1776602935564"
"3501","2026-04-19 09:49:05","26.07","50.5","944.32","3880","","","","","-107","3.799999952316284","24470","1776602945588"
"3502","2026-04-19 09:49:15","26.08","50.5","944.32","3880","","","","","-108","2.299999952316284","24471","1776602955576"
"3503","2026-04-19 09:49:25","26.09","50.5","944.32","3880","","","","","-111","-2.299999952316284","24472","1776602965561"
"3504","2026-04-19 09:49:35","26.09","50","944.34","3880","","","","","-107","2.5","24473","1776602975573"
"3505","2026-04-19 09:49:45","26.11","50.5","944.38","3880","","","","","-111","-2.799999952316284","24474","1776602985530"
"3506","2026-04-19 09:49:55","26.11","50","944.36","3880","","","","","-109","0.5","24475","1776602995568"
"3507","2026-04-19 09:50:05","26.11","50","944.32","3880","","","","","-109","0.800000011920929","24476","1776603005571"
"3508","2026-04-19 09:50:15","26.11","50","944.34","3880","","","","","-112","-5.300000190734863","24477","1776603015537"
"3509","2026-04-19 09:50:25","26.12","50","944.38","3880","","","","","-106","4","24478","1776603025567"
"3510","2026-04-19 09:50:45","26.12","50","944.38","3880","","","","","-107","4","24480","1776603045540"
"3511","2026-04-19 09:50:55","26.12","50","944.34","3880","","","","","-112","-4","24481","1776603055570"
"3512","2026-04-19 09:51:05","26.13","50","944.36","3880","","","","","-108","2","24482","1776603065565"
"3513","2026-04-19 09:51:15","26.12","50","944.34","3880","","","","","-109","0.5","24483","1776603075567"
"3514","2026-04-19 09:51:25","26.12","49.5","944.3000000000001","3880","","","","","-111","-3.5","24484","1776603085570"
"3515","2026-04-19 09:51:55","26.11","49.5","944.4","3880","","","","","-111","-2","24487","1776603115586"
"3516","2026-04-19 09:52:05","26.11","50","944.36","3880","","","","","-110","-1.2999999523162842","24488","1776603125568"
"3517","2026-04-19 09:52:25","26.12","50","944.36","3880","","","","","-108","2.299999952316284","24490","1776603145567"
"3518","2026-04-19 09:52:35","26.13","50","944.36","3880","","","","","-111","-2.5","24491","1776603155611"
"3519","2026-04-19 09:52:55","26.14","50","944.36","3880","","","","","-112","-5.800000190734863","24493","1776603175560"
"3520","2026-04-19 09:53:25","26.13","49.5","944.34","3880","","","","","-108","2.299999952316284","24496","1776603205564"
"3521","2026-04-19 09:53:35","26.13","49.5","944.36","3880","","","","","-110","-1","24497","1776603215607"
"3522","2026-04-19 09:53:45","26.13","49.5","944.34","3880","","","","","-112","-6.300000190734863","24498","1776603225530"
"3523","2026-04-19 09:53:55","26.13","49.5","944.32","3880","","","","","-111","-3","24499","1776603235565"
"3524","2026-04-19 09:54:05","26.13","49.5","944.36","3880","","","","","-108","2.5","24500","1776603245540"
"3525","2026-04-19 09:54:15","26.13","49.5","944.34","3880","","","","","-109","1","24501","1776603255539"
"3526","2026-04-19 09:54:25","26.13","49.5","944.34","3880","","","","","-107","3.299999952316284","24502","1776603265569"
"3527","2026-04-19 09:54:35","26.12","49.5","944.32","3880","","","","","-108","2.799999952316284","24503","1776603275568"
"3528","2026-04-19 09:54:45","26.13","49.5","944.34","3880","","","","","-107","4.300000190734863","24504","1776603285573"
"3529","2026-04-19 09:54:55","26.12","49.5","944.32","3880","","","","","-107","3.799999952316284","24505","1776603295569"
"3530","2026-04-19 09:55:05","26.12","50","944.32","3880","","","","","-107","4","24506","1776603305543"
"3531","2026-04-19 09:55:15","26.12","50","944.34","3880","","","","","-106","5","24507","1776603315602"
"3532","2026-04-19 09:55:25","26.12","49.5","944.32","3880","","","","","-110","-0.800000011920929","24508","1776603325566"
"3533","2026-04-19 09:55:35","26.13","49.5","944.32","3880","","","","","-110","-3.799999952316284","24509","1776603335536"
"3534","2026-04-19 09:55:45","26.14","50","944.34","3880","","","","","-111","-3","24510","1776603345558"
"3535","2026-04-19 09:55:55","26.14","49.5","944.32","3880","","","","","-107","3.799999952316284","24511","1776603355566"
"3536","2026-04-19 09:56:05","26.15","49.5","944.34","3880","","","","","-107","2.799999952316284","24512","1776603365580"
"3537","2026-04-19 09:56:15","26.16","49.5","944.36","3880","","","","","-106","4.800000190734863","24513","1776603375563"
"3538","2026-04-19 09:56:25","26.16","49.5","944.36","3880","","","","","-109","0.800000011920929","24514","1776603385562"
"3539","2026-04-19 09:56:35","26.17","49.5","944.3000000000001","3880","","","","","-107","4.300000190734863","24515","1776603395566"
"3540","2026-04-19 09:56:45","26.17","49.5","944.32","3880","","","","","-108","2.299999952316284","24516","1776603405541"
"3541","2026-04-19 09:56:55","26.18","49.5","944.38","3880","","","","","-110","-0.30000001192092896","24517","1776603415570"
"3542","2026-04-19 09:57:05","26.18","49.5","944.4","3880","","","","","-112","-6.800000190734863","24518","1776603425586"
"3543","2026-04-19 09:57:15","26.18","49.5","944.36","3880","","","","","-104","6.800000190734863","24519","1776603435570"
"3544","2026-04-19 09:57:25","26.19","49.5","944.32","3880","","","","","-107","3.299999952316284","24520","1776603445566"
"3545","2026-04-19 09:57:35","26.19","49.5","944.32","3880","","","","","-104","6","24521","1776603455568"
"3546","2026-04-19 09:57:45","26.18","49.5","944.3000000000001","3880","","","","","-111","-1.5","24522","1776603465560"
"3547","2026-04-19 09:57:55","26.19","49.5","944.34","3880","","","","","-111","-2.299999952316284","24523","1776603475570"
"3548","2026-04-19 09:58:15","26.2","49.5","944.34","3880","","","","","-110","0.800000011920929","24525","1776603495539"
"3549","2026-04-19 09:58:25","26.19","49.5","944.36","3880","","","","","-111","-1.5","24526","1776603505539"
"3550","2026-04-19 09:58:35","26.19","49.5","944.32","3880","","","","","-110","-0.30000001192092896","24527","1776603515536"
"3551","2026-04-19 09:58:45","26.2","49.5","944.34","3880","","","","","-110","-0.800000011920929","24528","1776603525566"
"3552","2026-04-19 09:58:55","26.2","49.5","944.34","3880","","","","","-110","-1.2999999523162842","24529","1776603535569"
"3553","2026-04-19 09:59:05","26.2","49.5","944.4","3880","","","","","-109","0.5","24530","1776603545536"
"3554","2026-04-19 09:59:15","26.2","49.5","944.32","3880","","","","","-109","1","24531","1776603555585"
"3555","2026-04-19 09:59:25","26.21","49.5","944.36","3880","","","","","-106","3.799999952316284","24532","1776603565559"
"3556","2026-04-19 09:59:35","26.22","49.5","944.36","3880","","","","","-109","0.5","24533","1776603575546"
"3557","2026-04-19 09:59:45","26.22","49.5","944.34","3880","","","","","-112","-4.800000190734863","24534","1776603585576"
"3558","2026-04-19 09:59:55","26.23","49","944.36","3880","","","","","-109","0.5","24535","1776603595538"
"3559","2026-04-19 10:00:05","26.23","49","944.34","3880","","","","","-108","2.299999952316284","24536","1776603605569"
"3560","2026-04-19 10:00:15","26.24","49.5","944.38","3880","","","","","-109","0.5","24537","1776603615581"
"3561","2026-04-19 10:00:25","26.24","49","944.34","3880","","","","","-112","-4.800000190734863","24538","1776603625562"
"3562","2026-04-19 10:00:35","26.25","49","944.34","3880","","","","","-107","3.5","24539","1776603635588"
"3563","2026-04-19 10:00:45","26.25","49","944.36","3880","","","","","-107","3.299999952316284","24540","1776603645535"
"3564","2026-04-19 10:00:55","26.25","49","944.4","3880","","","","","-108","2.5","24541","1776603655561"
"3565","2026-04-19 10:01:05","26.26","49.5","944.38","3880","","","","","-109","1.7999999523162842","24542","1776603665574"
"3566","2026-04-19 10:01:15","26.26","49","944.34","3880","","","","","-112","-6.300000190734863","24543","1776603675559"
"3567","2026-04-19 10:01:25","26.25","49.5","944.36","3880","","","","","-112","-5.5","24544","1776603685570"
"3568","2026-04-19 10:01:35","26.26","49","944.36","3880","","","","","-110","-0.30000001192092896","24545","1776603695537"
"3569","2026-04-19 10:01:45","26.26","49","944.4","3880","","","","","-109","0.800000011920929","24546","1776603705543"
"3570","2026-04-19 10:01:55","26.26","49","944.38","3960","","","","","-111","-4","24547","1776603715575"
"3571","2026-04-19 10:02:05","26.26","49.5","944.36","3960","","","","","-107","3.799999952316284","24548","1776603725562"
"3572","2026-04-19 10:02:15","26.26","49","944.4","3960","","","","","-108","2.799999952316284","24549","1776603735533"
"3573","2026-04-19 10:02:35","26.25","49.5","944.36","3960","","","","","-108","2.299999952316284","24551","1776603755573"
"3574","2026-04-19 10:02:55","26.25","49","944.36","3960","","","","","-110","-1.2999999523162842","24553","1776603775564"
"3575","2026-04-19 10:03:05","26.26","49","944.34","3960","","","","","-110","0.30000001192092896","24554","1776603785530"
"3576","2026-04-19 10:03:15","26.26","49","944.38","3960","","","","","-107","2.299999952316284","24555","1776603795561"
"3577","2026-04-19 10:03:25","26.26","49","944.36","3960","","","","","-112","-6.300000190734863","24556","1776603805568"
"3578","2026-04-19 10:03:35","26.27","49","944.34","3960","","","","","-111","-1.7999999523162842","24557","1776603815569"
"3579","2026-04-19 10:03:45","26.29","49","944.36","3960","","","","","-110","-1.2999999523162842","24558","1776603825529"
"3580","2026-04-19 10:03:55","26.3","49","944.36","3960","","","","","-106","4.5","24559","1776603835569"
"3581","2026-04-19 10:04:05","26.3","49","944.36","3960","","","","","-107","3.299999952316284","24560","1776603845564"
"3582","2026-04-19 10:04:15","26.3","49","944.4200000000001","3960","","","","","-109","1.2999999523162842","24561","1776603855590"
"3583","2026-04-19 10:04:35","26.31","49","944.4","3960","","","","","-108","2.299999952316284","24563","1776603875538"
"3584","2026-04-19 10:04:45","26.32","49","944.36","3960","","","","","-106","4.800000190734863","24564","1776603885541"
"3585","2026-04-19 10:04:55","26.34","49","944.4","3960","","","","","-110","-1.2999999523162842","24565","1776603895535"
"3586","2026-04-19 10:05:05","26.34","49","944.4200000000001","3960","","","","","-109","-0.30000001192092896","24566","1776603905538"
"3587","2026-04-19 10:05:15","26.34","49","944.4","3960","","","","","-111","-2.5","24567","1776603915573"
"3588","2026-04-19 10:05:25","26.35","49","944.38","3960","","","","","-110","-0.800000011920929","24568","1776603925564"
"3589","2026-04-19 10:05:35","26.36","49","944.4","3960","","","","","-110","0.30000001192092896","24569","1776603935539"
"3590","2026-04-19 10:05:45","26.36","49","944.38","3960","","","","","-110","-1","24570","1776603945543"
"3591","2026-04-19 10:05:55","26.36","48.5","944.4","3960","","","","","-109","0.5","24571","1776603955567"
"3592","2026-04-19 10:06:05","26.36","49","944.4","3960","","","","","-109","1.2999999523162842","24572","1776603965617"
"3593","2026-04-19 10:06:15","26.36","49","944.44","3960","","","","","-108","2.5","24573","1776603975538"
"3594","2026-04-19 10:06:25","26.36","49","944.38","3960","","","","","-110","0.5","24574","1776603985565"
"3595","2026-04-19 10:06:35","26.36","49","944.44","3960","","","","","-112","-4.800000190734863","24575","1776603995576"
"3596","2026-04-19 10:07:15","26.38","48.5","944.4","3920","","","","","-109","1.7999999523162842","24579","1776604035571"
"3597","2026-04-19 10:07:25","26.38","48.5","944.4200000000001","3920","","","","","-110","-0.5","24580","1776604045563"
"3598","2026-04-19 10:07:35","26.39","48.5","944.4200000000001","3920","","","","","-111","-3.5","24581","1776604055562"
"3599","2026-04-19 10:07:45","26.4","49","944.4","3920","","","","","-109","0.5","24582","1776604065560"
"3600","2026-04-19 10:07:55","26.4","49","944.4200000000001","3920","","","","","-105","5.300000190734863","24583","1776604075557"
"3601","2026-04-19 10:08:15","26.4","48.5","944.4","3920","","","","","-109","1","24585","1776604095536"
"3602","2026-04-19 10:08:25","26.4","48.5","944.4","3920","","","","","-107","3.799999952316284","24586","1776604105561"
"3603","2026-04-19 10:08:35","26.39","48.5","944.4","3900","","","","","-109","1","24587","1776604115576"
"3604","2026-04-19 10:08:45","26.39","48.5","944.4200000000001","3900","","","","","-106","5","24588","1776604125568"
"3605","2026-04-19 10:08:55","26.39","48.5","944.38","3900","","","","","-109","2","24589","1776604135528"
"3606","2026-04-19 10:09:25","26.39","48.5","944.38","3900","","","","","-110","0","24592","1776604165557"
"3607","2026-04-19 10:09:45","26.41","48.5","944.4200000000001","3900","","","","","-112","-6.300000190734863","24594","1776604185529"
"3608","2026-04-19 10:09:55","26.4","48.5","944.4200000000001","3900","","","","","-110","0.5","24595","1776604195565"
"3609","2026-04-19 10:10:05","26.41","48.5","944.4200000000001","3900","","","","","-110","-1","24596","1776604205527"
"3610","2026-04-19 10:10:15","26.41","48.5","944.4200000000001","3900","","","","","-109","2","24597","1776604215537"
"3611","2026-04-19 10:10:35","26.4","48.5","944.4200000000001","3900","","","","","-112","-6.5","24599","1776604235539"
"3612","2026-04-19 10:10:45","26.4","48","944.4200000000001","3900","","","","","-108","2.799999952316284","24600","1776604245541"
"3613","2026-04-19 10:10:55","26.4","48.5","944.44","3900","","","","","-110","-1.7999999523162842","24601","1776604255569"
"3614","2026-04-19 10:11:05","26.4","48","944.4","3900","","","","","-109","1.5","24602","1776604265597"
"3615","2026-04-19 10:11:25","26.4","48.5","944.38","3900","","","","","-111","-3.299999952316284","24604","1776604285564"
"3616","2026-04-19 10:11:35","26.4","48.5","944.38","3900","","","","","-106","3","24605","1776604295607"
"3617","2026-04-19 10:11:45","26.4","48.5","944.38","3900","","","","","-107","2.299999952316284","24606","1776604305532"
"3618","2026-04-19 10:11:55","26.4","48.5","944.36","3900","","","","","-107","3.299999952316284","24607","1776604315559"
"3619","2026-04-19 10:12:05","26.4","48.5","944.38","3900","","","","","-108","2.299999952316284","24608","1776604325542"
"3620","2026-04-19 10:12:15","26.41","48.5","944.4","3900","","","","","-108","1.7999999523162842","24609","1776604335558"
"3621","2026-04-19 10:12:25","26.41","48.5","944.38","3900","","","","","-107","3","24610","1776604345559"
"3622","2026-04-19 10:12:35","26.4","48.5","944.4","3900","","","","","-106","4.5","24611","1776604355552"
"3623","2026-04-19 10:12:45","26.4","48.5","944.36","3900","","","","","-107","2.799999952316284","24612","1776604365534"
"3624","2026-04-19 10:12:55","26.4","48","944.38","3900","","","","","-108","3","24613","1776604375579"
"3625","2026-04-19 10:13:05","26.41","48.5","944.38","3900","","","","","-108","2.5","24614","1776604385541"
"3626","2026-04-19 10:13:15","26.42","48.5","944.38","3900","","","","","-111","-3.5","24615","1776604395568"
"3627","2026-04-19 10:13:25","26.41","48.5","944.38","3900","","","","","-109","1.5","24616","1776604405562"
"3628","2026-04-19 10:13:45","26.43","48.5","944.36","3900","","","","","-108","1.7999999523162842","24618","1776604425558"
"3629","2026-04-19 10:13:55","26.43","48.5","944.36","3900","","","","","-109","0.5","24619","1776604435561"
"3630","2026-04-19 10:14:05","26.43","48.5","944.36","3900","","","","","-112","-5.800000190734863","24620","1776604445563"
"3631","2026-04-19 10:14:15","26.44","48.5","944.38","3900","","","","","-110","0","24621","1776604455536"
"3632","2026-04-19 10:14:25","26.44","48.5","944.4","3900","","","","","-107","2.299999952316284","24622","1776604465533"
"3633","2026-04-19 10:14:35","26.45","48.5","944.36","3900","","","","","-106","4.5","24623","1776604475569"
"3634","2026-04-19 10:14:45","26.46","48","944.38","3900","","","","","-110","0.30000001192092896","24624","1776604485577"
"3635","2026-04-19 10:14:55","26.48","48.5","944.38","3900","","","","","-107","3.5","24625","1776604495537"
"3636","2026-04-19 10:15:05","26.5","48","944.34","3900","","","","","-107","3.5","24626","1776604505574"
"3637","2026-04-19 10:15:15","26.51","48.5","944.36","3900","","","","","-106","4.800000190734863","24627","1776604515540"
"3638","2026-04-19 10:15:25","26.52","48","944.38","3900","","","","","-108","2.299999952316284","24628","1776604525567"
"3639","2026-04-19 10:15:35","26.52","48","944.36","3900","","","","","-108","3","24629","1776604535530"
"3640","2026-04-19 10:15:45","26.51","48","944.36","3900","","","","","-103","7.5","24630","1776604545567"
"3641","2026-04-19 10:15:55","26.51","48","944.34","3900","","","","","-109","1.2999999523162842","24631","1776604555564"
"3642","2026-04-19 10:16:05","26.52","47.5","944.36","3900","","","","","-109","1.7999999523162842","24632","1776604565542"
"3643","2026-04-19 10:16:15","26.5","48","944.38","3900","","","","","-110","0.800000011920929","24633","1776604575534"
"3644","2026-04-19 10:16:25","26.49","48","944.4","3900","","","","","-112","-5.300000190734863","24634","1776604585560"
"3645","2026-04-19 10:16:35","26.49","48","944.36","3900","","","","","-112","-5.300000190734863","24635","1776604595570"
"3646","2026-04-19 10:16:45","26.49","48.5","944.38","3900","","","","","-112","-4","24636","1776604605567"
"3647","2026-04-19 10:16:55","26.5","48","944.36","3900","","","","","-109","0.5","24637","1776604615559"
"3648","2026-04-19 10:17:05","26.5","48","944.34","3900","","","","","-107","3.799999952316284","24638","1776604625534"
"3649","2026-04-19 10:17:15","26.51","48","944.3000000000001","3900","","","","","-107","2","24639","1776604635540"
"3650","2026-04-19 10:17:25","26.51","48","944.32","3900","","","","","-108","2.299999952316284","24640","1776604645563"
"3651","2026-04-19 10:17:35","26.52","48","944.34","3900","","","","","-108","2.799999952316284","24641","1776604655569"
"3652","2026-04-19 10:17:45","26.52","48","944.34","3900","","","","","-108","3","24642","1776604665542"
"3653","2026-04-19 10:17:55","26.52","48","944.32","3900","","","","","-108","2.5","24643","1776604675565"
"3654","2026-04-19 10:18:05","26.51","48","944.38","3900","","","","","-109","1.7999999523162842","24644","1776604685557"
"3655","2026-04-19 10:18:15","26.51","48","944.38","3900","","","","","-108","2.5","24645","1776604695531"
"3656","2026-04-19 10:18:25","26.52","48","944.36","3900","","","","","-109","1.5","24646","1776604705568"
"3657","2026-04-19 10:18:35","26.53","48.5","944.36","3900","","","","","-107","3.5","24647","1776604715566"
"3658","2026-04-19 10:18:45","26.55","48.5","944.38","3900","","","","","-112","-4.300000190734863","24648","1776604725538"
"3659","2026-04-19 10:18:55","26.56","48","944.36","3880","","","","","-109","1.7999999523162842","24649","1776604735563"
"3660","2026-04-19 10:19:05","26.56","48","944.34","3900","","","","","-109","0.5","24650","1776604745572"
"3661","2026-04-19 10:19:15","26.55","48","944.36","3900","","","","","-111","-1.7999999523162842","24651","1776604755558"
"3662","2026-04-19 10:19:25","26.55","48","944.36","3880","","","","","-109","1.2999999523162842","24652","1776604765565"
"3663","2026-04-19 10:19:35","26.55","48","944.38","3900","","","","","-108","2.299999952316284","24653","1776604775566"
"3664","2026-04-19 10:19:45","26.55","48","944.38","3900","","","","","-109","1.7999999523162842","24654","1776604785527"
"3665","2026-04-19 10:19:55","26.55","48","944.34","3900","","","","","-107","3.799999952316284","24655","1776604795565"
"3666","2026-04-19 10:20:05","26.56","48","944.36","3880","","","","","-109","1.5","24656","1776604805533"
"3667","2026-04-19 10:20:15","26.55","48","944.36","3900","","","","","-112","-7.300000190734863","24657","1776604815600"
"3668","2026-04-19 10:20:25","26.54","48","944.32","3880","","","","","-111","-2.5","24658","1776604825564"
"3669","2026-04-19 10:20:35","26.54","48","944.34","3900","","","","","-109","1.5","24659","1776604835537"
"3670","2026-04-19 10:20:45","26.55","48","944.36","3900","","","","","-108","1.5","24660","1776604845534"
"3671","2026-04-19 10:20:55","26.55","47.5","944.34","3860","","","","","-109","2","24661","1776604855562"
"3672","2026-04-19 10:21:05","26.54","48","944.3000000000001","3900","","","","","-110","0","24662","1776604865539"
"3673","2026-04-19 10:21:15","26.54","48","944.34","3900","","","","","-111","-3","24663","1776604875587"
"3674","2026-04-19 10:21:25","26.54","48","944.34","3900","","","","","-108","3.299999952316284","24664","1776604885557"
"3675","2026-04-19 10:21:35","26.54","48","944.32","3900","","","","","-107","3.299999952316284","24665","1776604895543"
"3676","2026-04-19 10:21:45","26.54","48","944.32","3900","","","","","-107","2.799999952316284","24666","1776604905558"
"3677","2026-04-19 10:21:55","26.54","48","944.32","3880","","","","","-108","2.299999952316284","24667","1776604915557"
"3678","2026-04-19 10:22:05","26.54","48","944.32","3900","","","","","-106","4.5","24668","1776604925600"
"3679","2026-04-19 10:22:15","26.53","48","944.32","3880","","","","","-110","-1","24669","1776604935528"
"3680","2026-04-19 10:22:25","26.53","48","944.3000000000001","3880","","","","","-111","-3.799999952316284","24670","1776604945561"
"3681","2026-04-19 10:22:45","26.55","48","944.32","3880","","","","","-110","-1.7999999523162842","24672","1776604965541"
"3682","2026-04-19 10:22:55","26.56","48","944.3000000000001","3880","","","","","-111","-3.799999952316284","24673","1776604975562"
"3683","2026-04-19 10:23:05","26.57","48","944.32","3900","","","","","-111","-3.5","24674","1776604985565"
"3684","2026-04-19 10:23:15","26.56","48","944.3000000000001","3880","","","","","-109","1.7999999523162842","24675","1776604995556"
"3685","2026-04-19 10:23:25","26.56","48","944.32","3880","","","","","-108","2.299999952316284","24676","1776605005565"
"3686","2026-04-19 10:23:35","26.55","48","944.32","3900","","","","","-110","-1.7999999523162842","24677","1776605015560"
"3687","2026-04-19 10:23:45","26.54","47.5","944.32","3880","","","","","-111","-2.799999952316284","24678","1776605025556"
"3688","2026-04-19 10:23:55","26.54","47.5","944.32","3880","","","","","-111","-1.7999999523162842","24679","1776605035567"
"3689","2026-04-19 10:24:05","26.55","48","944.3000000000001","3880","","","","","-109","1","24680","1776605045559"
"3690","2026-04-19 10:24:15","26.56","48","944.32","3900","","","","","-110","-2.5","24681","1776605055533"
"3691","2026-04-19 10:24:25","26.56","48","944.32","3880","","","","","-108","2.799999952316284","24682","1776605065543"
"3692","2026-04-19 10:24:35","26.57","48","944.34","3880","","","","","-109","0.800000011920929","24683","1776605075543"
"3693","2026-04-19 10:24:45","26.58","48","944.34","3880","","","","","-109","1.5","24684","1776605085569"
"3694","2026-04-19 10:25:05","26.58","47.5","944.3000000000001","3900","","","","","-112","-4.800000190734863","24686","1776605105597"
"3695","2026-04-19 10:25:25","26.57","48","944.32","3880","","","","","-107","3.5","24688","1776605125566"
"3696","2026-04-19 10:25:35","26.58","47.5","944.32","3880","","","","","-109","1","24689","1776605135561"
"3697","2026-04-19 10:25:45","26.58","48","944.34","3900","","","","","-111","-3.5","24690","1776605145536"
"3698","2026-04-19 10:25:55","26.58","47.5","944.32","3880","","","","","-112","-4.5","24691","1776605155557"
"3699","2026-04-19 10:26:05","26.59","48","944.3000000000001","3880","","","","","-112","-5.300000190734863","24692","1776605165541"
"3700","2026-04-19 10:26:15","26.58","47.5","944.28","3900","","","","","-108","2.299999952316284","24693","1776605175539"
"3701","2026-04-19 10:26:25","26.59","47.5","944.3000000000001","3880","","","","","-108","2","24694","1776605185568"
"3702","2026-04-19 10:26:35","26.59","48","944.3000000000001","3880","","","","","-108","2.299999952316284","24695","1776605195543"
"3703","2026-04-19 10:26:45","26.6","47.5","944.3000000000001","3880","","","","","-108","2","24696","1776605205531"
"3704","2026-04-19 10:26:55","26.6","48","944.28","3880","","","","","-107","3","24697","1776605215554"
"3705","2026-04-19 10:27:25","26.61","48","944.3000000000001","3880","","","","","-110","-0.30000001192092896","24700","1776605245557"
"3706","2026-04-19 10:27:45","26.61","47.5","944.26","3880","","","","","-112","-6.300000190734863","24702","1776605265534"
"3707","2026-04-19 10:27:55","26.61","47.5","944.28","3880","","","","","-109","1.7999999523162842","24703","1776605275558"
"3708","2026-04-19 10:28:05","26.62","47.5","944.3000000000001","3880","","","","","-109","2","24704","1776605285556"
"3709","2026-04-19 10:28:15","26.62","47.5","944.3000000000001","3880","","","","","-109","2","24705","1776605295602"
"3710","2026-04-19 10:28:25","26.61","47.5","944.26","3880","","","","","-108","2","24706","1776605305569"
"3711","2026-04-19 10:28:35","26.61","47.5","944.3000000000001","3900","","","","","-109","1.2999999523162842","24707","1776605315589"
"3712","2026-04-19 10:28:45","26.61","47.5","944.3000000000001","3880","","","","","-110","-0.5","24708","1776605325550"
"3713","2026-04-19 10:29:05","26.61","47.5","944.3000000000001","3880","","","","","-110","0","24710","1776605345561"
"3714","2026-04-19 10:29:15","26.6","47.5","944.28","3880","","","","","-108","2.5","24711","1776605355562"
"3715","2026-04-19 10:29:25","26.6","47.5","944.28","3880","","","","","-110","0.5","24712","1776605365566"
"3716","2026-04-19 10:29:35","26.6","47","944.28","3880","","","","","-109","1.5","24713","1776605375526"
"3717","2026-04-19 10:29:45","26.61","47.5","944.3000000000001","3880","","","","","-110","0","24714","1776605385560"
"3718","2026-04-19 10:29:55","26.62","47.5","944.3000000000001","3880","","","","","-108","2.5","24715","1776605395568"
"3719","2026-04-19 10:30:05","26.62","47.5","944.3000000000001","3880","","","","","-108","2.299999952316284","24716","1776605405535"
"3720","2026-04-19 10:30:15","26.62","47.5","944.3000000000001","3880","","","","","-108","2.5","24717","1776605415535"
"3721","2026-04-19 10:30:25","26.62","47.5","944.26","3880","","","","","-109","1.2999999523162842","24718","1776605425564"
"3722","2026-04-19 10:30:35","26.64","47.5","944.26","3880","","","","","-109","2.299999952316284","24719","1776605435532"
"3723","2026-04-19 10:30:55","26.63","47.5","944.28","3880","","","","","-109","0.5","24721","1776605455561"
"3724","2026-04-19 10:31:05","26.64","47.5","944.28","3880","","","","","-107","3","24722","1776605465558"
"3725","2026-04-19 10:31:15","26.63","47.5","944.28","3880","","","","","-111","-3.299999952316284","24723","1776605475564"
"3726","2026-04-19 10:31:25","26.64","47.5","944.3000000000001","3880","","","","","-111","-2.5","24724","1776605485563"
"3727","2026-04-19 10:31:35","26.64","47.5","944.32","3880","","","","","-111","-2.799999952316284","24725","1776605495543"
"3728","2026-04-19 10:31:45","26.65","47","944.34","3880","","","","","-112","-5","24726","1776605505566"
"3729","2026-04-19 10:31:55","26.65","47","944.28","3880","","","","","-112","-6","24727","1776605515558"
"3730","2026-04-19 10:32:05","26.65","47","944.3000000000001","3880","","","","","-112","-5","24728","1776605525555"
"3731","2026-04-19 10:32:15","26.64","47.5","944.3000000000001","3880","","","","","-105","5.5","24729","1776605535590"
"3732","2026-04-19 10:32:25","26.64","47.5","944.3000000000001","3880","","","","","-112","-7.5","24730","1776605545557"
"3733","2026-04-19 10:32:35","26.64","47.5","944.32","3880","","","","","-109","0","24731","1776605555533"
"3734","2026-04-19 10:32:45","26.64","47.5","944.3000000000001","3880","","","","","-111","-3.5","24732","1776605565537"
"3735","2026-04-19 10:32:55","26.65","47.5","944.3000000000001","3880","","","","","-112","-7.5","24733","1776605575563"
"3736","2026-04-19 10:33:05","26.65","47","944.28","3880","","","","","-111","-1.7999999523162842","24734","1776605585564"
"3737","2026-04-19 10:33:15","26.65","47.5","944.28","3880","","","","","-112","-7.5","24735","1776605595535"
"3738","2026-04-19 10:33:25","26.65","47","944.24","3880","","","","","-113","-9.800000190734863","24736","1776605605561"
"3739","2026-04-19 10:33:35","26.64","47","944.24","3880","","","","","-109","0.800000011920929","24737","1776605615565"
"3740","2026-04-19 10:33:45","26.65","47.5","944.3000000000001","3880","","","","","-111","-2.799999952316284","24738","1776605625566"
"3741","2026-04-19 10:33:55","26.64","47","944.28","3880","","","","","-110","-1.5","24739","1776605635558"
"3742","2026-04-19 10:34:05","26.65","47.5","944.22","3880","","","","","-108","2.799999952316284","24740","1776605645604"
"3743","2026-04-19 10:34:15","26.66","47.5","944.24","3880","","","","","-110","-1.5","24741","1776605655538"
"3744","2026-04-19 10:34:35","26.67","47","944.24","3880","","","","","-110","-1.2999999523162842","24743","1776605675564"
"3745","2026-04-19 10:34:55","26.66","47","944.24","3880","","","","","-111","-3.5","24745","1776605695558"
"3746","2026-04-19 10:35:15","26.67","47.5","944.26","3880","","","","","-110","-0.5","24747","1776605715525"
"3747","2026-04-19 10:35:35","26.68","47","944.24","3880","","","","","-109","1.2999999523162842","24749","1776605735563"
"3748","2026-04-19 10:35:45","26.67","47","944.28","3880","","","","","-109","1","24750","1776605745564"
"3749","2026-04-19 10:35:55","26.67","47","944.24","3880","","","","","-107","2.799999952316284","24751","1776605755567"
"3750","2026-04-19 10:36:05","26.68","47","944.22","3880","","","","","-109","1.7999999523162842","24752","1776605765551"
"3751","2026-04-19 10:36:15","26.67","47","944.26","3880","","","","","-112","-3.799999952316284","24753","1776605775556"
"3752","2026-04-19 10:36:25","26.67","47","944.22","3880","","","","","-112","-7.5","24754","1776605785555"
"3753","2026-04-19 10:36:45","26.68","47","944.1800000000001","3880","","","","","-111","-2","24756","1776605805605"
"3754","2026-04-19 10:36:55","26.68","47","944.2","3880","","","","","-110","-2.5","24757","1776605815563"
"3755","2026-04-19 10:37:05","26.67","47","944.22","3880","","","","","-107","3","24758","1776605825564"
"3756","2026-04-19 10:37:15","26.68","47","944.24","3880","","","","","-112","-4.800000190734863","24759","1776605835565"
"3757","2026-04-19 10:37:35","26.69","47","944.1800000000001","3880","","","","","-112","-8","24761","1776605855589"
"3758","2026-04-19 10:37:45","26.69","47","944.22","3880","","","","","-111","-2.799999952316284","24762","1776605865569"
"3759","2026-04-19 10:37:55","26.69","47","944.24","3880","","","","","-110","-0.800000011920929","24763","1776605875554"
"3760","2026-04-19 10:38:15","26.69","47","944.24","3880","","","","","-107","3.5","24765","1776605895576"
"3761","2026-04-19 10:38:25","26.69","47","944.1800000000001","3880","","","","","-108","2","24766","1776605905560"
"3762","2026-04-19 10:38:35","26.7","47","944.22","3880","","","","","-108","1.7999999523162842","24767","1776605915560"
"3763","2026-04-19 10:38:55","26.7","47","944.2","3880","","","","","-112","-5.5","24769","1776605935562"
"3764","2026-04-19 10:39:05","26.71","46.5","944.2","3880","","","","","-112","-6.800000190734863","24770","1776605945560"
"3765","2026-04-19 10:39:15","26.71","47","944.22","3880","","","","","-110","0.5","24771","1776605955553"
"3766","2026-04-19 10:39:25","26.71","46.5","944.1800000000001","3880","","","","","-108","2.5","24772","1776605965556"
"3767","2026-04-19 10:39:35","26.7","47","944.16","3880","","","","","-111","-3.299999952316284","24773","1776605975558"
"3768","2026-04-19 10:39:45","26.7","47","944.16","3880","","","","","-110","0","24774","1776605985530"
"3769","2026-04-19 10:39:55","26.7","47","944.2","3880","","","","","-110","-1.7999999523162842","24775","1776605995559"
"3770","2026-04-19 10:40:05","26.7","47","944.12","3880","","","","","-109","0.30000001192092896","24776","1776606005527"
"3771","2026-04-19 10:40:15","26.7","47","944.16","3880","","","","","-111","-3.5","24777","1776606015566"
"3772","2026-04-19 10:40:25","26.72","47","944.1800000000001","3880","","","","","-112","-5","24778","1776606025563"
"3773","2026-04-19 10:40:35","26.73","47","944.2","3880","","","","","-107","3.5","24779","1776606035523"
"3774","2026-04-19 10:40:45","26.74","47","944.1800000000001","3880","","","","","-111","-1.2999999523162842","24780","1776606045529"
"3775","2026-04-19 10:40:55","26.74","47","944.16","3880","","","","","-111","-2.799999952316284","24781","1776606055556"
"3776","2026-04-19 10:41:05","26.74","46.5","944.12","3880","","","","","-112","-7.5","24782","1776606065529"
"3777","2026-04-19 10:41:15","26.74","46.5","944.16","3880","","","","","-111","-4.300000190734863","24783","1776606075545"
"3778","2026-04-19 10:41:25","26.75","47","944.1800000000001","3880","","","","","-109","0.800000011920929","24784","1776606085532"
"3779","2026-04-19 10:41:35","26.76","46.5","944.16","3880","","","","","-111","-3.799999952316284","24785","1776606095577"
"3780","2026-04-19 10:41:45","26.75","46.5","944.16","3880","","","","","-108","3","24786","1776606105586"
"3781","2026-04-19 10:41:55","26.74","47","944.1800000000001","3880","","","","","-109","1.7999999523162842","24787","1776606115554"
"3782","2026-04-19 10:42:05","26.74","46.5","944.1800000000001","3880","","","","","-112","-5","24788","1776606125571"
"3783","2026-04-19 10:42:15","26.74","46.5","944.1800000000001","3880","","","","","-112","-7.5","24789","1776606135529"
"3784","2026-04-19 10:42:35","26.74","46.5","944.1800000000001","3880","","","","","-108","2.799999952316284","24791","1776606155533"
"3785","2026-04-19 10:42:45","26.73","46.5","944.16","3880","","","","","-110","-0.30000001192092896","24792","1776606165557"
"3786","2026-04-19 10:42:55","26.74","46.5","944.1800000000001","3880","","","","","-112","-4.5","24793","1776606175555"
"3787","2026-04-19 10:43:05","26.74","46.5","944.14","3880","","","","","-110","-1.7999999523162842","24794","1776606185557"
"3788","2026-04-19 10:43:15","26.74","46","944.16","3880","","","","","-110","0.5","24795","1776606195567"
"3789","2026-04-19 10:43:25","26.74","46.5","944.16","3880","","","","","-111","-2.799999952316284","24796","1776606205559"
"3790","2026-04-19 10:43:35","26.74","46.5","944.2","3880","","","","","-111","-3.5","24797","1776606215592"
"3791","2026-04-19 10:43:45","26.74","46.5","944.16","3880","","","","","-110","-1.2999999523162842","24798","1776606225532"
"3792","2026-04-19 10:43:55","26.76","46.5","944.2","3880","","","","","-110","0","24799","1776606235553"
"3793","2026-04-19 10:44:05","26.77","46","944.1800000000001","3880","","","","","-110","-1","24800","1776606245529"
"3794","2026-04-19 10:44:15","26.78","46","944.1800000000001","3880","","","","","-109","1.7999999523162842","24801","1776606255524"
"3795","2026-04-19 10:44:25","26.77","46.5","944.1800000000001","3880","","","","","-112","-5.5","24802","1776606265565"
"3796","2026-04-19 10:44:35","26.77","46.5","944.2","3880","","","","","-104","6.800000190734863","24803","1776606275532"
"3797","2026-04-19 10:44:55","26.77","46","944.1800000000001","3880","","","","","-110","0","24805","1776606295563"
"3798","2026-04-19 10:45:15","26.78","46.5","944.1800000000001","3880","","","","","-110","-0.5","24807","1776606315556"
"3799","2026-04-19 10:45:25","26.79","46","944.14","3880","","","","","-110","-1.5","24808","1776606325533"
"3800","2026-04-19 10:45:35","26.78","46.5","944.1800000000001","3880","","","","","-113","-9.5","24809","1776606335576"
"3801","2026-04-19 10:45:55","26.77","46.5","944.14","3880","","","","","-107","3","24811","1776606355552"
"3802","2026-04-19 10:46:05","26.77","46.5","944.16","3880","","","","","-103","7","24812","1776606365601"
"3803","2026-04-19 10:46:15","26.77","46","944.14","3880","","","","","-105","5.800000190734863","24813","1776606375562"
"3804","2026-04-19 10:46:25","26.77","46","944.14","3880","","","","","-109","1.2999999523162842","24814","1776606385561"
"3805","2026-04-19 10:46:35","26.76","46.5","944.1800000000001","3880","","","","","-112","-5","24815","1776606395528"
"3806","2026-04-19 10:46:45","26.75","46.5","944.14","3880","","","","","-110","-1.5","24816","1776606405529"
"3807","2026-04-19 10:46:55","26.75","46","944.16","3960","","","","","-109","0","24817","1776606415559"
"3808","2026-04-19 10:47:05","26.75","46.5","944.14","3960","","","","","-108","2","24818","1776606425566"
"3809","2026-04-19 10:47:15","26.75","46.5","944.14","3960","","","","","-109","1.2999999523162842","24819","1776606435593"
"3810","2026-04-19 10:47:25","26.74","46.5","944.1","3960","","","","","-110","0.30000001192092896","24820","1776606445561"
"3811","2026-04-19 10:47:35","26.76","46.5","944.16","3960","","","","","-109","1.7999999523162842","24821","1776606455580"
"3812","2026-04-19 10:47:45","26.76","46.5","944.14","3960","","","","","-110","-1.2999999523162842","24822","1776606465590"
"3813","2026-04-19 10:47:55","26.76","46.5","944.16","3960","","","","","-110","0","24823","1776606475563"
"3814","2026-04-19 10:48:15","26.77","46.5","944.12","3960","","","","","-111","-3.299999952316284","24825","1776606495605"
"3815","2026-04-19 10:48:25","26.78","46.5","944.12","3960","","","","","-110","-0.5","24826","1776606505557"
"3816","2026-04-19 10:48:35","26.79","46.5","944.14","3960","","","","","-109","0.5","24827","1776606515538"
"3817","2026-04-19 10:48:45","26.79","46.5","944.1800000000001","3960","","","","","-109","0.5","24828","1776606525539"
"3818","2026-04-19 10:48:55","26.79","46","944.1800000000001","3960","","","","","-111","-3","24829","1776606535524"
"3819","2026-04-19 10:49:05","26.79","46","944.12","3960","","","","","-108","2.299999952316284","24830","1776606545538"
"3820","2026-04-19 10:49:15","26.8","46.5","944.12","3960","","","","","-109","1.2999999523162842","24831","1776606555561"
"3821","2026-04-19 10:49:25","26.8","46","944.14","3960","","","","","-109","1.7999999523162842","24832","1776606565554"
"3822","2026-04-19 10:49:35","26.79","46","944.12","3960","","","","","-109","1","24833","1776606575562"
"3823","2026-04-19 10:49:45","26.8","46.5","944.14","3960","","","","","-108","2.799999952316284","24834","1776606585558"
"3824","2026-04-19 10:49:55","26.8","46","944.12","3960","","","","","-108","2.5","24835","1776606595564"
"3825","2026-04-19 10:50:05","26.79","46","944.12","3960","","","","","-109","1","24836","1776606605556"
"3826","2026-04-19 10:50:15","26.8","46","944.12","3960","","","","","-110","-0.5","24837","1776606615582"
"3827","2026-04-19 10:50:25","26.81","46.5","944.12","3960","","","","","-109","-2.5","24838","1776606625562"
"3828","2026-04-19 10:50:35","26.82","46.5","944.14","3960","","","","","-110","-0.800000011920929","24839","1776606635562"
"3829","2026-04-19 10:50:45","26.84","46","944.12","3960","","","","","-110","-0.800000011920929","24840","1776606645527"
"3830","2026-04-19 10:50:55","26.85","46.5","944.16","3960","","","","","-110","0.30000001192092896","24841","1776606655571"
"3831","2026-04-19 10:51:15","26.84","46","944.16","3960","","","","","-108","2","24843","1776606675602"
"3832","2026-04-19 10:51:25","26.84","46","944.14","3960","","","","","-112","-5.5","24844","1776606685554"
"3833","2026-04-19 10:51:35","26.86","46","944.16","3960","","","","","-112","-5.5","24845","1776606695524"
"3834","2026-04-19 10:51:45","26.85","46","944.14","3960","","","","","-110","-0.30000001192092896","24846","1776606705532"
"3835","2026-04-19 10:51:55","26.86","46","944.12","3920","","","","","-110","-0.5","24847","1776606715560"
"3836","2026-04-19 10:52:05","26.86","46","944.1","3920","","","","","-109","1.5","24848","1776606725558"
"3837","2026-04-19 10:52:15","26.84","46","944.12","3920","","","","","-110","-0.30000001192092896","24849","1776606735535"
"3838","2026-04-19 10:52:25","26.85","46","944.14","3920","","","","","-108","2.299999952316284","24850","1776606745558"
"3839","2026-04-19 10:52:35","26.85","46","944.12","3920","","","","","-112","-5.5","24851","1776606755592"
"3840","2026-04-19 10:52:45","26.86","46","944.12","3920","","","","","-108","3","24852","1776606765527"
"3841","2026-04-19 10:52:55","26.85","46","944.12","3920","","","","","-109","0.800000011920929","24853","1776606775555"
"3842","2026-04-19 10:53:05","26.85","46","944.12","3920","","","","","-110","0","24854","1776606785610"
"3843","2026-04-19 10:53:15","26.86","46","944.12","3920","","","","","-109","1.7999999523162842","24855","1776606795559"
"3844","2026-04-19 10:53:35","26.86","46","944.08","3920","","","","","-108","3","24857","1776606815535"
"3845","2026-04-19 10:53:45","26.85","46","944.0600000000001","3920","","","","","-110","0.800000011920929","24858","1776606825553"
"3846","2026-04-19 10:53:55","26.85","46","944.0600000000001","3920","","","","","-108","2","24859","1776606835559"
"3847","2026-04-19 10:54:05","26.84","46","944.0600000000001","3900","","","","","-110","0.5","24860","1776606845557"
"3848","2026-04-19 10:54:15","26.84","46","944.14","3900","","","","","-111","-2.299999952316284","24861","1776606855588"
"3849","2026-04-19 10:54:25","26.85","46","944.1","3920","","","","","-111","-1.5","24862","1776606865558"
"3850","2026-04-19 10:54:35","26.85","46","944.12","3920","","","","","-110","-1.2999999523162842","24863","1776606875568"
"3851","2026-04-19 10:54:45","26.85","46","944.08","3900","","","","","-110","-1","24864","1776606885528"
"3852","2026-04-19 10:54:55","26.86","46","944.1","3900","","","","","-108","2.299999952316284","24865","1776606895562"
"3853","2026-04-19 10:55:05","26.86","46","944.12","3900","","","","","-105","5.300000190734863","24866","1776606905530"
"3854","2026-04-19 10:55:25","26.86","46","944.1","3900","","","","","-112","-7","24868","1776606925555"
"3855","2026-04-19 10:55:35","26.86","46","944.14","3900","","","","","-111","-2.5","24869","1776606935551"
"3856","2026-04-19 10:55:45","26.86","46","944.08","3900","","","","","-111","-2.299999952316284","24870","1776606945523"
"3857","2026-04-19 10:55:55","26.85","46","944.14","3900","","","","","-112","-4.300000190734863","24871","1776606955565"
"3858","2026-04-19 10:56:15","26.85","46","944.12","3900","","","","","-110","-1","24873","1776606975562"
"3859","2026-04-19 10:56:35","26.86","46","944.08","3900","","","","","-108","2.299999952316284","24875","1776606995531"
"3860","2026-04-19 10:56:45","26.86","46","944.04","3900","","","","","-108","2","24876","1776607005558"
"3861","2026-04-19 10:56:55","26.85","46","944.0600000000001","3900","","","","","-112","-4.300000190734863","24877","1776607015532"
"3862","2026-04-19 10:57:05","26.85","45.5","944.0600000000001","3900","","","","","-110","0.800000011920929","24878","1776607025565"
"3863","2026-04-19 10:57:15","26.85","46","944.08","3900","","","","","-107","3.5","24879","1776607035539"
"3864","2026-04-19 10:57:25","26.85","46","944.08","3900","","","","","-108","2","24880","1776607045562"
"3865","2026-04-19 10:57:35","26.86","46","944.1","3900","","","","","-107","4","24881","1776607055569"
"3866","2026-04-19 10:57:45","26.87","46","944.0600000000001","3900","","","","","-108","2.299999952316284","24882","1776607065562"
"3867","2026-04-19 10:57:55","26.87","46","944.1","3900","","","","","-109","1.5","24883","1776607075561"
"3868","2026-04-19 10:58:05","26.87","46","944.08","3900","","","","","-110","-0.5","24884","1776607085589"
"3869","2026-04-19 10:58:15","26.87","46","944.08","3900","","","","","-109","0.5","24885","1776607095529"
"3870","2026-04-19 10:58:25","26.88","46","944.08","3900","","","","","-109","1.2999999523162842","24886","1776607105558"
"3871","2026-04-19 10:58:35","26.87","46","944.1","3900","","","","","-111","-3","24887","1776607115597"
"3872","2026-04-19 10:58:45","26.86","46","944.1","3900","","","","","-110","-0.30000001192092896","24888","1776607125535"
"3873","2026-04-19 10:58:55","26.87","46","944.1","3900","","","","","-110","0","24889","1776607135570"
"3874","2026-04-19 10:59:05","26.88","46","944.1","3900","","","","","-112","-5.5","24890","1776607145560"
"3875","2026-04-19 10:59:15","26.87","46","944.08","3900","","","","","-111","-2","24891","1776607155560"
"3876","2026-04-19 10:59:25","26.88","46","944.1","3900","","","","","-112","-3.799999952316284","24892","1776607165556"
"3877","2026-04-19 10:59:35","26.89","46","944.12","3900","","","","","-109","1","24893","1776607175557"
"3878","2026-04-19 10:59:45","26.89","46","944.08","3900","","","","","-109","1.5","24894","1776607185557"
"3879","2026-04-19 10:59:55","26.89","46","944.1","3900","","","","","-108","2.299999952316284","24895","1776607195562"
"3880","2026-04-19 11:00:15","26.88","46","944.08","3900","","","","","-109","0.800000011920929","24897","1776607215535"
"3881","2026-04-19 11:00:25","26.88","46","944.08","3900","","","","","-106","4.800000190734863","24898","1776607225559"
"3882","2026-04-19 11:00:35","26.89","46","944.0600000000001","3900","","","","","-104","6","24899","1776607235531"
"3883","2026-04-19 11:00:45","26.88","46","944.1","3900","","","","","-111","-2.299999952316284","24900","1776607245529"
"3884","2026-04-19 11:00:55","26.89","46","944.1","3900","","","","","-110","0","24901","1776607255526"
"3885","2026-04-19 11:01:05","26.89","46","944.12","3900","","","","","-106","5","24902","1776607265558"
"3886","2026-04-19 11:01:15","26.9","46","944.08","3900","","","","","-110","0.5","24903","1776607275592"
"3887","2026-04-19 11:01:25","26.9","46","944.1","3900","","","","","-106","4.300000190734863","24904","1776607285558"
"3888","2026-04-19 11:01:35","26.91","46","944.08","3900","","","","","-111","-2.299999952316284","24905","1776607295522"
"3889","2026-04-19 11:01:45","26.91","46","944.08","3900","","","","","-111","-2.799999952316284","24906","1776607305531"
"3890","2026-04-19 11:01:55","26.91","46","944.08","3900","","","","","-111","-3.799999952316284","24907","1776607315558"
"3891","2026-04-19 11:02:05","26.92","46","944.1","3900","","","","","-107","3.299999952316284","24908","1776607325525"
"3892","2026-04-19 11:02:15","26.92","46","944.08","3900","","","","","-111","-1","24909","1776607335563"
"3893","2026-04-19 11:02:25","26.92","46","944.12","3900","","","","","-106","-2","24910","1776607345563"
"3894","2026-04-19 11:02:35","26.92","45.5","944.08","3900","","","","","-109","1.5","24911","1776607355531"
"3895","2026-04-19 11:02:45","26.93","45.5","944.08","3900","","","","","-109","1.5","24912","1776607365533"
"3896","2026-04-19 11:02:55","26.92","45.5","944.0600000000001","3900","","","","","-109","1.5","24913","1776607375552"
"3897","2026-04-19 11:03:05","26.92","45.5","944.0600000000001","3900","","","","","-110","-0.30000001192092896","24914","1776607385570"
"3898","2026-04-19 11:03:15","26.91","45.5","944.08","3900","","","","","-111","-3","24915","1776607395527"
"3899","2026-04-19 11:03:35","26.9","45.5","944.12","3900","","","","","-112","-3.5","24917","1776607415569"
"3900","2026-04-19 11:03:45","26.9","46","944.1","3900","","","","","-112","-4.800000190734863","24918","1776607425594"
"3901","2026-04-19 11:03:55","26.91","45.5","944.12","3900","","","","","-110","-0.800000011920929","24919","1776607435560"
"3902","2026-04-19 11:04:15","26.91","46","944.1","3900","","","","","-108","3.299999952316284","24921","1776607455539"
"3903","2026-04-19 11:04:25","26.91","45.5","944.08","3900","","","","","-112","-4.800000190734863","24922","1776607465551"
"3904","2026-04-19 11:04:35","26.91","45.5","944.0600000000001","3900","","","","","-110","-1","24923","1776607475529"
"3905","2026-04-19 11:04:45","26.92","46","944.04","3900","","","","","-112","-6.5","24924","1776607485570"
"3906","2026-04-19 11:04:55","26.92","46","944.08","3900","","","","","-108","2.299999952316284","24925","1776607495529"
"3907","2026-04-19 11:05:15","26.92","45.5","944.1","3900","","","","","-110","-1.5","24927","1776607515544"
"3908","2026-04-19 11:05:25","26.92","45.5","944.08","3880","","","","","-110","-0.5","24928","1776607525567"
"3909","2026-04-19 11:05:35","26.91","46","944.08","3900","","","","","-110","0","24929","1776607535550"
"3910","2026-04-19 11:05:45","26.9","45.5","944.04","3880","","","","","-106","4.5","24930","1776607545540"
"3911","2026-04-19 11:05:55","26.9","46","944.0600000000001","3900","","","","","-112","-8","24931","1776607555555"
"3912","2026-04-19 11:06:05","26.9","46","944.1","3900","","","","","-110","-1.5","24932","1776607565599"
"3913","2026-04-19 11:06:15","26.9","46","944.0600000000001","3900","","","","","-110","-1.7999999523162842","24933","1776607575564"
"3914","2026-04-19 11:06:25","26.91","45.5","944.08","3900","","","","","-112","-6.800000190734863","24934","1776607585554"
"3915","2026-04-19 11:06:35","26.91","45.5","944.08","3900","","","","","-110","-1.2999999523162842","24935","1776607595526"
"3916","2026-04-19 11:06:55","26.92","46","944.0600000000001","3880","","","","","-110","-1.7999999523162842","24937","1776607615554"
"3917","2026-04-19 11:07:05","26.92","45.5","944.04","3900","","","","","-111","-2","24938","1776607625533"
"3918","2026-04-19 11:07:15","26.91","45.5","944.04","3900","","","","","-109","1.2999999523162842","24939","1776607635536"
"3919","2026-04-19 11:07:25","26.91","46","944.0600000000001","3900","","","","","-111","-3","24940","1776607645557"
"3920","2026-04-19 11:07:35","26.92","46","944.08","3900","","","","","-111","-3.799999952316284","24941","1776607655558"
"3921","2026-04-19 11:07:45","26.91","46","944.0600000000001","3880","","","","","-112","-7","24942","1776607665583"
"3922","2026-04-19 11:07:55","26.92","45.5","944.04","3900","","","","","-108","2.5","24943","1776607675560"
"3923","2026-04-19 11:08:05","26.92","46","944.0600000000001","3900","","","","","-111","-3.5","24944","1776607685580"
"3924","2026-04-19 11:08:15","26.93","45.5","944.0600000000001","3900","","","","","-112","-6.5","24945","1776607695570"
"3925","2026-04-19 11:08:25","26.92","45.5","944.0600000000001","3900","","","","","-109","1","24946","1776607705563"
"3926","2026-04-19 11:08:35","26.92","45.5","944.0600000000001","3900","","","","","-111","-3.5","24947","1776607715552"
"3927","2026-04-19 11:08:45","26.92","46","944.04","3880","","","","","-111","-3","24948","1776607725532"
"3928","2026-04-19 11:08:55","26.93","45.5","944.04","3900","","","","","-110","-1.2999999523162842","24949","1776607735561"
"3929","2026-04-19 11:09:05","26.94","46","944.0600000000001","3880","","","","","-112","-4.800000190734863","24950","1776607745537"
"3930","2026-04-19 11:09:15","26.95","45.5","944.0600000000001","3900","","","","","-109","1.2999999523162842","24951","1776607755529"
"3931","2026-04-19 11:09:25","26.95","45.5","944.04","3900","","","","","-107","3.299999952316284","24952","1776607765555"
"3932","2026-04-19 11:09:35","26.97","46","944","3900","","","","","-108","2.299999952316284","24953","1776607775530"
"3933","2026-04-19 11:09:45","26.97","45.5","944.02","3900","","","","","-108","1.7999999523162842","24954","1776607785560"
"3934","2026-04-19 11:09:55","26.98","45.5","943.98","3880","","","","","-107","4","24955","1776607795551"
"3935","2026-04-19 11:10:05","26.98","45.5","943.98","3880","","","","","-108","2.299999952316284","24956","1776607805558"
"3936","2026-04-19 11:10:15","26.98","46","943.98","3880","","","","","-110","-0.800000011920929","24957","1776607815559"
"3937","2026-04-19 11:10:25","26.97","45.5","944","3900","","","","","-108","2.299999952316284","24958","1776607825567"
"3938","2026-04-19 11:10:35","26.97","45.5","944","3880","","","","","-109","1","24959","1776607835536"
"3939","2026-04-19 11:10:45","26.97","45.5","943.98","3900","","","","","-109","1","24960","1776607845533"
"3940","2026-04-19 11:10:55","26.97","45.5","944.04","3880","","","","","-109","1.5","24961","1776607855575"
"3941","2026-04-19 11:11:05","26.96","45.5","944.0600000000001","3880","","","","","-109","1.5","24962","1776607865577"
"3942","2026-04-19 11:11:15","26.96","45.5","944.0600000000001","3880","","","","","-109","2.299999952316284","24963","1776607875586"
"3943","2026-04-19 11:11:25","26.95","45.5","944","3880","","","","","-110","-1","24964","1776607885532"
"3944","2026-04-19 11:11:35","26.95","46","944.04","3880","","","","","-105","5.5","24965","1776607895523"
"3945","2026-04-19 11:11:45","26.95","46","944.02","3880","","","","","-112","-3.5","24966","1776607905582"
"3946","2026-04-19 11:11:55","26.97","46","944","3880","","","","","-108","2.299999952316284","24967","1776607915559"
"3947","2026-04-19 11:12:05","26.97","45.5","944","3900","","","","","-109","1.7999999523162842","24968","1776607925531"
"3948","2026-04-19 11:12:15","26.97","45.5","944.0600000000001","3880","","","","","-111","-4","24969","1776607935608"
"3949","2026-04-19 11:12:25","26.97","46","944.04","3880","","","","","-110","-1.5","24970","1776607945554"
"3950","2026-04-19 11:12:35","26.97","45.5","944","3880","","","","","-110","-0.800000011920929","24971","1776607955557"
"3951","2026-04-19 11:12:55","26.96","45.5","944.04","3880","","","","","-111","-1.5","24973","1776607975554"
"3952","2026-04-19 11:13:05","26.96","45.5","944","3880","","","","","-110","-2.5","24974","1776607985533"
"3953","2026-04-19 11:13:15","26.96","46","944.02","3900","","","","","-109","1.5","24975","1776607995561"
"3954","2026-04-19 11:13:25","26.96","46","944.0600000000001","3880","","","","","-108","2.299999952316284","24976","1776608005536"
"3955","2026-04-19 11:13:35","26.97","45.5","944","3880","","","","","-109","1.5","24977","1776608015570"
"3956","2026-04-19 11:13:45","26.98","46","944.04","3880","","","","","-109","1.2999999523162842","24978","1776608025559"
"3957","2026-04-19 11:13:55","26.98","45.5","944.02","3880","","","","","-110","-0.800000011920929","24979","1776608035554"
"3958","2026-04-19 11:14:05","26.98","46","944.02","3880","","","","","-109","2","24980","1776608045594"
"3959","2026-04-19 11:14:15","26.98","46","943.98","3880","","","","","-110","-0.800000011920929","24981","1776608055554"
"3960","2026-04-19 11:14:25","26.98","46","944","3900","","","","","-109","1.2999999523162842","24982","1776608065551"
"3961","2026-04-19 11:14:35","26.99","46","943.98","3880","","","","","-108","1.5","24983","1776608075527"
"3962","2026-04-19 11:14:45","26.99","45.5","944","3880","","","","","-110","0.5","24984","1776608085538"
"3963","2026-04-19 11:14:55","26.99","45.5","944.02","3880","","","","","-108","2.299999952316284","24985","1776608095553"
"3964","2026-04-19 11:15:05","27","45.5","944","3880","","","","","-108","2.5","24986","1776608105530"
"3965","2026-04-19 11:15:15","27","45.5","944","3880","","","","","-109","1.2999999523162842","24987","1776608115559"
"3966","2026-04-19 11:15:25","27","46","943.98","3880","","","","","-109","1.5","24988","1776608125562"
"3967","2026-04-19 11:15:35","27","46","944","3880","","","","","-110","0.5","24989","1776608135560"
"3968","2026-04-19 11:15:45","27","45.5","944","3880","","","","","-108","2","24990","1776608145603"
"3969","2026-04-19 11:15:55","27","45.5","944","3880","","","","","-108","2.5","24991","1776608155560"
"3970","2026-04-19 11:16:05","27","45.5","943.98","3880","","","","","-108","2.299999952316284","24992","1776608165536"
"3971","2026-04-19 11:16:15","26.99","45.5","943.98","3880","","","","","-108","2.5","24993","1776608175527"
"3972","2026-04-19 11:16:25","26.99","45.5","943.96","3880","","","","","-108","2.5","24994","1776608185577"
"3973","2026-04-19 11:16:35","26.99","45.5","943.96","3880","","","","","-109","1.5","24995","1776608195561"
"3974","2026-04-19 11:16:45","26.98","45.5","943.96","3880","","","","","-109","1.2999999523162842","24996","1776608205560"
"3975","2026-04-19 11:16:55","26.98","46","943.94","3880","","","","","-109","1.5","24997","1776608215526"
"3976","2026-04-19 11:17:05","26.98","45.5","943.98","3880","","","","","-109","0.30000001192092896","24998","1776608225526"
"3977","2026-04-19 11:17:15","26.98","46","943.98","3880","","","","","-108","2.5","24999","1776608235551"
"3978","2026-04-19 11:17:25","26.98","45.5","943.98","3880","","","","","-110","0.5","25000","1776608245557"
"3979","2026-04-19 11:17:35","26.97","46","943.94","3880","","","","","-110","-0.800000011920929","25001","1776608255560"
"3980","2026-04-19 11:17:45","26.96","46","943.94","3880","","","","","-111","-1.7999999523162842","25002","1776608265530"
"3981","2026-04-19 11:17:55","26.95","45.5","943.9","3880","","","","","-110","-0.800000011920929","25003","1776608275553"
"3982","2026-04-19 11:18:05","26.96","46","943.9200000000001","3880","","","","","-111","-2.799999952316284","25004","1776608285528"
"3983","2026-04-19 11:18:15","26.96","46","943.94","3880","","","","","-110","-0.30000001192092896","25005","1776608295562"
"3984","2026-04-19 11:18:25","26.95","46","943.94","3880","","","","","-110","0","25006","1776608305566"
"3985","2026-04-19 11:18:35","26.96","45.5","943.94","3900","","","","","-109","2","25007","1776608315534"
"3986","2026-04-19 11:18:45","26.95","46","943.9","3880","","","","","-109","1.2999999523162842","25008","1776608325559"
"3987","2026-04-19 11:18:55","26.95","46","943.9200000000001","3880","","","","","-108","2.799999952316284","25009","1776608335559"
"3988","2026-04-19 11:19:05","26.95","46","943.9200000000001","3880","","","","","-107","2.5","25010","1776608345595"
"3989","2026-04-19 11:19:15","26.94","46","943.9","3880","","","","","-112","-4.5","25011","1776608355529"
"3990","2026-04-19 11:19:25","26.95","46","943.96","3880","","","","","-112","-4.300000190734863","25012","1776608365554"
"3991","2026-04-19 11:19:35","26.95","46","943.98","3880","","","","","-111","-2","25013","1776608375532"
"3992","2026-04-19 11:19:45","26.96","46","943.98","3880","","","","","-110","-1","25014","1776608385551"
"3993","2026-04-19 11:20:05","26.96","46","943.96","3880","","","","","-112","-6.300000190734863","25016","1776608405557"
"3994","2026-04-19 11:20:25","26.95","46","943.9200000000001","3880","","","","","-110","-1.7999999523162842","25018","1776608425555"
"3995","2026-04-19 11:20:35","26.96","46","943.9","3880","","","","","-112","-7","25019","1776608435563"
"3996","2026-04-19 11:20:45","26.95","46","943.9200000000001","3880","","","","","-112","-6.5","25020","1776608445561"
"3997","2026-04-19 11:20:55","26.95","46","943.9200000000001","3880","","","","","-110","0.5","25021","1776608455578"
"3998","2026-04-19 11:21:05","26.95","46","943.9200000000001","3880","","","","","-111","-2.799999952316284","25022","1776608465526"
"3999","2026-04-19 11:21:15","26.94","46","943.94","3880","","","","","-109","2.299999952316284","25023","1776608475572"
"4000","2026-04-19 11:21:25","26.95","46","943.94","3880","","","","","-111","-1.5","25024","1776608485552"
"4001","2026-04-19 11:21:35","26.94","46","943.9200000000001","3880","","","","","-112","-6.300000190734863","25025","1776608495558"
"4002","2026-04-19 11:21:45","26.94","45.5","943.94","3880","","","","","-111","-1.5","25026","1776608505527"
"4003","2026-04-19 11:21:55","26.94","45.5","943.9200000000001","3880","","","","","-109","1","25027","1776608515524"
"4004","2026-04-19 11:22:05","26.95","46","943.96","3880","","","","","-112","-4.5","25028","1776608525527"
"4005","2026-04-19 11:22:15","26.97","46","943.94","3880","","","","","-107","3.299999952316284","25029","1776608535533"
"4006","2026-04-19 11:22:25","26.97","46","943.96","3880","","","","","-108","2.299999952316284","25030","1776608545557"
"4007","2026-04-19 11:22:35","26.97","45.5","943.9200000000001","3880","","","","","-112","-5.800000190734863","25031","1776608555564"
"4008","2026-04-19 11:22:45","26.97","45.5","943.94","3880","","","","","-110","0.30000001192092896","25032","1776608565536"
"4009","2026-04-19 11:22:55","26.96","46","943.96","3880","","","","","-107","3.799999952316284","25033","1776608575553"
"4010","2026-04-19 11:23:25","26.95","46","943.94","3880","","","","","-111","-4","25036","1776608605560"
"4011","2026-04-19 11:23:35","26.96","46","943.96","3880","","","","","-109","0.800000011920929","25037","1776608615601"
"4012","2026-04-19 11:23:45","26.97","46","943.96","3880","","","","","-109","1.7999999523162842","25038","1776608625556"
"4013","2026-04-19 11:23:55","26.98","46","943.98","3900","","","","","-110","-0.30000001192092896","25039","1776608635561"
"4014","2026-04-19 11:24:05","26.97","46","943.94","3880","","","","","-110","0.30000001192092896","25040","1776608645537"
"4015","2026-04-19 11:24:15","26.98","46","943.9200000000001","3880","","","","","-109","1.7999999523162842","25041","1776608655555"
"4016","2026-04-19 11:24:25","26.98","46","943.94","3880","","","","","-109","1.7999999523162842","25042","1776608665550"
"4017","2026-04-19 11:24:35","26.99","46","943.9200000000001","3880","","","","","-109","1","25043","1776608675528"
"4018","2026-04-19 11:24:45","26.99","46","943.94","3880","","","","","-109","2","25044","1776608685551"
"4019","2026-04-19 11:24:55","27","46","943.9200000000001","3880","","","","","-109","1.7999999523162842","25045","1776608695552"
"4020","2026-04-19 11:25:05","27","46","943.9200000000001","3880","","","","","-109","1.7999999523162842","25046","1776608705589"
"4021","2026-04-19 11:25:15","27","46","943.9200000000001","3880","","","","","-109","2","25047","1776608715554"
"4022","2026-04-19 11:25:25","27","46","943.94","3880","","","","","-109","2","25048","1776608725547"
"4023","2026-04-19 11:25:35","26.99","46","943.9","3880","","","","","-108","2.299999952316284","25049","1776608735528"
"4024","2026-04-19 11:25:45","26.99","46","943.9","3880","","","","","-109","2","25050","1776608745560"
"4025","2026-04-19 11:25:55","26.99","46","943.94","3880","","","","","-109","2","25051","1776608755553"
"4026","2026-04-19 11:26:05","26.98","46","943.94","3880","","","","","-109","2","25052","1776608765575"
"4027","2026-04-19 11:26:15","26.97","46","943.9200000000001","3880","","","","","-108","2.299999952316284","25053","1776608775552"
"4028","2026-04-19 11:26:25","26.97","46","943.9","3880","","","","","-109","2","25054","1776608785525"
"4029","2026-04-19 11:26:35","26.97","46","943.96","3880","","","","","-108","2.799999952316284","25055","1776608795606"
"4030","2026-04-19 11:26:45","26.98","46","943.96","3880","","","","","-111","-1.5","25056","1776608805549"
"4031","2026-04-19 11:26:55","26.97","46","943.94","3880","","","","","-109","1","25057","1776608815542"
"4032","2026-04-19 11:27:05","26.97","46","943.9200000000001","3880","","","","","-108","2.799999952316284","25058","1776608825534"
"4033","2026-04-19 11:27:15","26.99","46","943.9","3880","","","","","-108","2.799999952316284","25059","1776608835561"
"4034","2026-04-19 11:27:25","27","46","943.96","3880","","","","","-108","2.799999952316284","25060","1776608845559"
"4035","2026-04-19 11:27:35","27","46","943.9200000000001","3880","","","","","-109","1.7999999523162842","25061","1776608855534"
"4036","2026-04-19 11:27:45","27","46","943.9","3880","","","","","-107","3","25062","1776608865549"
"4037","2026-04-19 11:27:55","27","46","943.94","3880","","","","","-110","-0.30000001192092896","25063","1776608875554"
"4038","2026-04-19 11:28:05","26.98","46","943.9","3880","","","","","-107","3.799999952316284","25064","1776608885552"
"4039","2026-04-19 11:28:15","26.98","46","943.9","3880","","","","","-108","3.299999952316284","25065","1776608895554"
"4040","2026-04-19 11:28:25","26.97","46","943.9","3880","","","","","-107","4","25066","1776608905555"
"4041","2026-04-19 11:28:35","26.98","46","943.9200000000001","3880","","","","","-107","2.5","25067","1776608915553"
"4042","2026-04-19 11:28:45","26.98","46","943.9","3880","","","","","-108","3.299999952316284","25068","1776608925559"
"4043","2026-04-19 11:28:55","26.99","46","943.9","3880","","","","","-108","2.299999952316284","25069","1776608935562"
"4044","2026-04-19 11:29:05","27","46","943.9","3880","","","","","-108","2.799999952316284","25070","1776608945526"
"4045","2026-04-19 11:29:15","27.01","46","943.86","3880","","","","","-108","3","25071","1776608955552"
"4046","2026-04-19 11:29:25","27.02","46","943.88","3880","","","","","-107","4.300000190734863","25072","1776608965559"
"4047","2026-04-19 11:29:35","27.02","46","943.88","3880","","","","","-107","4","25073","1776608975534"
"4048","2026-04-19 11:29:45","27.01","46","943.9","3880","","","","","-108","2.5","25074","1776608985522"
"4049","2026-04-19 11:29:55","27.01","46","943.9","3880","","","","","-109","2","25075","1776608995537"
"4050","2026-04-19 11:30:05","27","46","943.9","3880","","","","","-109","1.5","25076","1776609005554"
"4051","2026-04-19 11:30:15","27","46","943.88","3880","","","","","-109","1.2999999523162842","25077","1776609015561"
"4052","2026-04-19 11:30:25","27.01","46","943.9200000000001","3880","","","","","-107","4","25078","1776609025553"
"4053","2026-04-19 11:30:35","27.02","46","943.9","3880","","","","","-108","2.299999952316284","25079","1776609035557"
"4054","2026-04-19 11:30:45","27.01","46","943.88","3880","","","","","-107","3","25080","1776609045548"
"4055","2026-04-19 11:30:55","27.02","46","943.9","3880","","","","","-108","2.799999952316284","25081","1776609055549"
"4056","2026-04-19 11:31:05","27.03","46","943.9","3880","","","","","-107","3.5","25082","1776609065527"
"4057","2026-04-19 11:31:15","27.04","46","943.88","3880","","","","","-109","2","25083","1776609075571"
"4058","2026-04-19 11:31:25","27.05","46","943.88","3880","","","","","-109","1.2999999523162842","25084","1776609085556"
"4059","2026-04-19 11:31:35","27.05","46","943.9","3960","","","","","-110","-0.30000001192092896","25085","1776609095524"
"4060","2026-04-19 11:31:45","27.06","46","943.9200000000001","3960","","","","","-109","2","25086","1776609105596"
"4061","2026-04-19 11:31:55","27.06","46","943.88","3960","","","","","-109","1","25087","1776609115527"
"4062","2026-04-19 11:32:05","27.05","46","943.88","3960","","","","","-108","2.299999952316284","25088","1776609125525"
"4063","2026-04-19 11:32:15","27.06","46","943.9200000000001","3960","","","","","-110","-0.800000011920929","25089","1776609135535"
"4064","2026-04-19 11:32:25","27.06","46","943.88","3960","","","","","-110","0","25090","1776609145552"
"4065","2026-04-19 11:32:45","27.07","46","943.9","3960","","","","","-110","0.800000011920929","25092","1776609165594"
"4066","2026-04-19 11:32:55","27.08","46","943.9","3960","","","","","-112","-5","25093","1776609175549"
"4067","2026-04-19 11:33:05","27.1","46","943.9","3960","","","","","-108","1.7999999523162842","25094","1776609185562"
"4068","2026-04-19 11:33:15","27.09","46","943.88","3960","","","","","-110","-0.30000001192092896","25095","1776609195520"
"4069","2026-04-19 11:33:25","27.1","46","943.9200000000001","3960","","","","","-109","1","25096","1776609205560"
"4070","2026-04-19 11:33:35","27.1","46","943.88","3960","","","","","-110","-0.5","25097","1776609215571"
"4071","2026-04-19 11:33:55","27.09","46","943.9","3960","","","","","-108","2.799999952316284","25099","1776609235556"
"4072","2026-04-19 11:34:05","27.1","46","943.88","3960","","","","","-108","2.5","25100","1776609245531"
"4073","2026-04-19 11:34:15","27.1","46","943.9200000000001","3960","","","","","-109","1.5","25101","1776609255518"
"4074","2026-04-19 11:34:25","27.09","46","943.9","3960","","","","","-110","-1","25102","1776609265555"
"4075","2026-04-19 11:34:35","27.09","46","943.9","3960","","","","","-109","1","25103","1776609275569"
"4076","2026-04-19 11:34:45","27.1","46","943.9200000000001","3960","","","","","-108","2.299999952316284","25104","1776609285544"
"4077","2026-04-19 11:34:55","27.1","46","943.86","3960","","","","","-106","4.800000190734863","25105","1776609295557"
"4078","2026-04-19 11:35:05","27.09","45.5","943.88","3960","","","","","-108","2.5","25106","1776609305600"
"4079","2026-04-19 11:35:15","27.08","45.5","943.88","3960","","","","","-107","4.300000190734863","25107","1776609315558"
"4080","2026-04-19 11:35:25","27.08","45.5","943.86","3960","","","","","-108","2.299999952316284","25108","1776609325559"
"4081","2026-04-19 11:35:35","27.09","46","943.84","3960","","","","","-106","4.800000190734863","25109","1776609335549"
"4082","2026-04-19 11:35:45","27.09","46","943.84","3960","","","","","-107","4","25110","1776609345556"
"4083","2026-04-19 11:35:55","27.1","46","943.86","3960","","","","","-107","4","25111","1776609355556"
"4084","2026-04-19 11:36:05","27.1","46","943.86","3960","","","","","-108","2.799999952316284","25112","1776609365549"
"4085","2026-04-19 11:36:15","27.09","45.5","943.86","3960","","","","","-108","3","25113","1776609375526"
"4086","2026-04-19 11:36:25","27.09","45.5","943.84","3960","","","","","-107","3","25114","1776609385528"
"4087","2026-04-19 11:36:35","27.1","46","943.86","3960","","","","","-108","2.5","25115","1776609395530"
"4088","2026-04-19 11:36:45","27.1","45.5","943.84","3920","","","","","-106","4.300000190734863","25116","1776609405524"
"4089","2026-04-19 11:36:55","27.1","46","943.84","3920","","","","","-107","2.799999952316284","25117","1776609415559"
"4090","2026-04-19 11:37:05","27.11","46","943.86","3920","","","","","-107","3.299999952316284","25118","1776609425574"
"4091","2026-04-19 11:37:15","27.14","45.5","943.84","3920","","","","","-111","-2.299999952316284","25119","1776609435529"
"4092","2026-04-19 11:37:25","27.15","46","943.84","3920","","","","","-106","4.800000190734863","25120","1776609445554"
"4093","2026-04-19 11:37:35","27.15","45.5","943.86","3920","","","","","-107","3.5","25121","1776609455530"
"4094","2026-04-19 11:37:45","27.15","46","943.86","3920","","","","","-108","2.299999952316284","25122","1776609465561"
"4095","2026-04-19 11:37:55","27.15","46","943.82","3920","","","","","-109","0.800000011920929","25123","1776609475574"
"4096","2026-04-19 11:38:05","27.15","45.5","943.84","3920","","","","","-108","2.5","25124","1776609485599"
"4097","2026-04-19 11:38:15","27.14","45.5","943.84","3920","","","","","-108","2.299999952316284","25125","1776609495605"
"4098","2026-04-19 11:38:25","27.13","46","943.82","3920","","","","","-108","2.5","25126","1776609505559"
"4099","2026-04-19 11:38:35","27.13","46","943.82","3920","","","","","-109","0.800000011920929","25127","1776609515561"
"4100","2026-04-19 11:38:45","27.13","46","943.82","3920","","","","","-108","2.5","25128","1776609525581"
"4101","2026-04-19 11:38:55","27.12","46","943.78","3920","","","","","-109","1.7999999523162842","25129","1776609535558"
"4102","2026-04-19 11:39:05","27.12","46","943.82","3920","","","","","-109","1","25130","1776609545568"
"4103","2026-04-19 11:39:15","27.11","45.5","943.82","3920","","","","","-109","1.5","25131","1776609555526"
"4104","2026-04-19 11:39:25","27.11","46","943.82","3900","","","","","-108","2","25132","1776609565552"
"4105","2026-04-19 11:39:35","27.11","46","943.78","3920","","","","","-109","1","25133","1776609575534"
"4106","2026-04-19 11:39:45","27.12","46","943.78","3900","","","","","-109","1.5","25134","1776609585560"
"4107","2026-04-19 11:39:55","27.13","46","943.82","3900","","","","","-108","2.799999952316284","25135","1776609595549"
"4108","2026-04-19 11:40:05","27.12","46","943.82","3900","","","","","-109","0.800000011920929","25136","1776609605550"
"4109","2026-04-19 11:40:15","27.12","45.5","943.8000000000001","3900","","","","","-109","0.5","25137","1776609615599"
"4110","2026-04-19 11:40:25","27.11","45.5","943.78","3900","","","","","-109","1.7999999523162842","25138","1776609625555"
"4111","2026-04-19 11:40:35","27.1","46","943.76","3900","","","","","-110","-0.800000011920929","25139","1776609635516"
"4112","2026-04-19 11:40:45","27.11","46","943.82","3900","","","","","-109","0.5","25140","1776609645528"
"4113","2026-04-19 11:40:55","27.12","46","943.78","3900","","","","","-110","0.5","25141","1776609655550"
"4114","2026-04-19 11:41:05","27.12","46","943.76","3900","","","","","-108","2.5","25142","1776609665592"
"4115","2026-04-19 11:41:15","27.12","46","943.8000000000001","3900","","","","","-110","0.5","25143","1776609675553"
"4116","2026-04-19 11:41:25","27.13","46","943.78","3900","","","","","-111","-2","25144","1776609685551"
"4117","2026-04-19 11:41:35","27.13","46","943.76","3900","","","","","-110","0.30000001192092896","25145","1776609695557"
"4118","2026-04-19 11:41:45","27.13","46","943.8000000000001","3900","","","","","-108","2.299999952316284","25146","1776609705576"
"4119","2026-04-19 11:41:55","27.12","46","943.76","3900","","","","","-109","1.2999999523162842","25147","1776609715558"
"4120","2026-04-19 11:42:05","27.13","46","943.78","3900","","","","","-109","1.7999999523162842","25148","1776609725519"
"4121","2026-04-19 11:42:15","27.14","46","943.8000000000001","3900","","","","","-111","-2.799999952316284","25149","1776609735528"
"4122","2026-04-19 11:42:35","27.16","46","943.8000000000001","3900","","","","","-111","-3.5","25151","1776609755564"
"4123","2026-04-19 11:42:45","27.16","46","943.78","3900","","","","","-109","1.7999999523162842","25152","1776609765558"
"4124","2026-04-19 11:42:55","27.17","46","943.76","3900","","","","","-109","2","25153","1776609775526"
"4125","2026-04-19 11:43:05","27.17","46","943.76","3900","","","","","-109","1.7999999523162842","25154","1776609785525"
"4126","2026-04-19 11:43:15","27.18","46","943.78","3900","","","","","-109","2.299999952316284","25155","1776609795548"
"4127","2026-04-19 11:43:25","27.18","46","943.74","3900","","","","","-109","1.5","25156","1776609805551"
"4128","2026-04-19 11:43:35","27.17","46","943.78","3900","","","","","-109","1","25157","1776609815570"
"4129","2026-04-19 11:43:45","27.17","46","943.72","3900","","","","","-109","1.2999999523162842","25158","1776609825530"
"4130","2026-04-19 11:43:55","27.16","46","943.74","3900","","","","","-109","2.299999952316284","25159","1776609835554"
"4131","2026-04-19 11:44:05","27.14","45.5","943.74","3900","","","","","-106","4.800000190734863","25160","1776609845569"
"4132","2026-04-19 11:44:15","27.14","46","943.72","3900","","","","","-108","3","25161","1776609855553"
"4133","2026-04-19 11:44:25","27.15","46","943.72","3900","","","","","-107","3.799999952316284","25162","1776609865559"
"4134","2026-04-19 11:44:35","27.15","46","943.74","3900","","","","","-108","3","25163","1776609875523"
"4135","2026-04-19 11:44:45","27.15","46","943.72","3900","","","","","-108","3","25164","1776609885520"
"4136","2026-04-19 11:44:55","27.15","46","943.72","3900","","","","","-107","3.799999952316284","25165","1776609895547"
"4137","2026-04-19 11:45:05","27.15","45.5","943.7","3900","","","","","-108","3","25166","1776609905529"
"4138","2026-04-19 11:45:15","27.14","46","943.74","3900","","","","","-109","2.5","25167","1776609915536"
"4139","2026-04-19 11:45:25","27.14","46","943.72","3900","","","","","-108","2.5","25168","1776609925554"
"4140","2026-04-19 11:45:35","27.14","46","943.74","3900","","","","","-109","1.2999999523162842","25169","1776609935559"
"4141","2026-04-19 11:45:45","27.13","46","943.74","3900","","","","","-108","2","25170","1776609945535"
"4142","2026-04-19 11:45:55","27.13","46","943.74","3900","","","","","-108","2.299999952316284","25171","1776609955553"
"4143","2026-04-19 11:46:05","27.14","46","943.7","3900","","","","","-108","3","25172","1776609965594"
"4144","2026-04-19 11:46:15","27.14","46","943.72","3900","","","","","-107","4.5","25173","1776609975543"
"4145","2026-04-19 11:46:25","27.14","46","943.72","3900","","","","","-107","3.299999952316284","25174","1776609985554"
"4146","2026-04-19 11:46:35","27.14","46","943.74","3900","","","","","-106","4.5","25175","1776609995563"
"4147","2026-04-19 11:46:45","27.15","46","943.74","3900","","","","","-105","5.300000190734863","25176","1776610005599"
"4148","2026-04-19 11:46:55","27.14","46","943.72","3900","","","","","-105","5.800000190734863","25177","1776610015548"
"4149","2026-04-19 11:47:05","27.15","46","943.7","3900","","","","","-106","5","25178","1776610025527"
"4150","2026-04-19 11:47:15","27.15","46","943.74","3900","","","","","-107","4.5","25179","1776610035531"
"4151","2026-04-19 11:47:25","27.16","45.5","943.72","3900","","","","","-107","3.5","25180","1776610045553"
"4152","2026-04-19 11:47:35","27.15","46","943.72","3900","","","","","-106","4.5","25181","1776610055522"
"4153","2026-04-19 11:47:45","27.16","46","943.72","3900","","","","","-106","4.800000190734863","25182","1776610065542"
"4154","2026-04-19 11:47:55","27.16","45.5","943.72","3900","","","","","-107","2.799999952316284","25183","1776610075550"
"4155","2026-04-19 11:48:05","27.17","46","943.72","3900","","","","","-107","3.5","25184","1776610085557"
"4156","2026-04-19 11:48:15","27.18","45.5","943.7","3900","","","","","-107","4.300000190734863","25185","1776610095525"
"4157","2026-04-19 11:48:25","27.17","45.5","943.74","3900","","","","","-108","3.299999952316284","25186","1776610105547"
"4158","2026-04-19 11:48:35","27.18","46","943.74","3900","","","","","-107","3.299999952316284","25187","1776610115594"
"4159","2026-04-19 11:48:45","27.18","46","943.7","3900","","","","","-107","3.299999952316284","25188","1776610125520"
"4160","2026-04-19 11:48:55","27.18","46","943.6800000000001","3900","","","","","-110","0.30000001192092896","25189","1776610135550"
"4161","2026-04-19 11:49:05","27.19","46","943.7","3900","","","","","-110","-0.30000001192092896","25190","1776610145600"
"4162","2026-04-19 11:49:15","27.19","45.5","943.72","3880","","","","","-109","1.5","25191","1776610155531"
"4163","2026-04-19 11:49:25","27.18","45.5","943.7","3900","","","","","-110","1.2999999523162842","25192","1776610165549"
"4164","2026-04-19 11:49:35","27.16","45.5","943.7","3900","","","","","-109","1","25193","1776610175560"
"4165","2026-04-19 11:49:45","27.16","46","943.6800000000001","3900","","","","","-110","-1","25194","1776610185526"
"4166","2026-04-19 11:49:55","27.16","45.5","943.7","3900","","","","","-111","-3.799999952316284","25195","1776610195548"
"4167","2026-04-19 11:50:05","27.13","46","943.66","3900","","","","","-111","-3","25196","1776610205521"
"4168","2026-04-19 11:50:15","27.13","46","943.7","3900","","","","","-111","-1.2999999523162842","25197","1776610215523"
"4169","2026-04-19 11:50:25","27.13","46","943.72","3880","","","","","-110","0","25198","1776610225545"
"4170","2026-04-19 11:50:35","27.13","46","943.66","3880","","","","","-108","2.799999952316284","25199","1776610235558"
"4171","2026-04-19 11:50:45","27.13","46","943.6800000000001","3900","","","","","-108","2.299999952316284","25200","1776610245577"
"4172","2026-04-19 11:50:55","27.12","46","943.6800000000001","3900","","","","","-108","2.799999952316284","25201","1776610255557"
"4173","2026-04-19 11:51:05","27.13","46","943.6800000000001","3900","","","","","-108","2.5","25202","1776610265554"
"4174","2026-04-19 11:51:15","27.12","46","943.7","3900","","","","","-110","0.800000011920929","25203","1776610275603"
"4175","2026-04-19 11:51:25","27.12","46","943.66","3900","","","","","-108","3","25204","1776610285577"
"4176","2026-04-19 11:51:35","27.12","46","943.66","3900","","","","","-108","2.5","25205","1776610295563"
"4177","2026-04-19 11:51:45","27.14","46","943.66","3900","","","","","-109","1.7999999523162842","25206","1776610305534"
"4178","2026-04-19 11:51:55","27.15","46","943.6800000000001","3900","","","","","-108","2.799999952316284","25207","1776610315552"
"4179","2026-04-19 11:52:05","27.15","46","943.64","3900","","","","","-109","1.5","25208","1776610325533"
"4180","2026-04-19 11:52:15","27.14","46","943.6800000000001","3900","","","","","-106","4.5","25209","1776610335573"
"4181","2026-04-19 11:52:25","27.13","46","943.64","3900","","","","","-106","4.300000190734863","25210","1776610345551"
"4182","2026-04-19 11:52:35","27.15","46","943.66","3900","","","","","-107","4.300000190734863","25211","1776610355593"
"4183","2026-04-19 11:52:45","27.16","46","943.66","3900","","","","","-107","4.300000190734863","25212","1776610365524"
"4184","2026-04-19 11:52:55","27.15","46","943.6800000000001","3900","","","","","-108","2.799999952316284","25213","1776610375526"
"4185","2026-04-19 11:53:05","27.15","46","943.66","3880","","","","","-108","3.299999952316284","25214","1776610385535"
"4186","2026-04-19 11:53:15","27.15","46","943.66","3900","","","","","-107","4","25215","1776610395531"
"4187","2026-04-19 11:53:25","27.15","46","943.66","3900","","","","","-105","5.800000190734863","25216","1776610405547"
"4188","2026-04-19 11:53:35","27.15","46","943.7","3880","","","","","-105","5","25217","1776610415558"
"4189","2026-04-19 11:53:45","27.16","46","943.64","3900","","","","","-105","5.5","25218","1776610425520"
"4190","2026-04-19 11:53:55","27.16","46","943.64","3900","","","","","-105","5.300000190734863","25219","1776610435545"
"4191","2026-04-19 11:54:05","27.16","46","943.66","3880","","","","","-106","4.800000190734863","25220","1776610445527"
"4192","2026-04-19 11:54:15","27.17","46","943.66","3900","","","","","-107","2.299999952316284","25221","1776610455527"
"4193","2026-04-19 11:54:25","27.16","46","943.64","3900","","","","","-108","2.5","25222","1776610465549"
"4194","2026-04-19 11:54:35","27.17","46","943.64","3880","","","","","-107","3.799999952316284","25223","1776610475564"
"4195","2026-04-19 11:54:45","27.16","46","943.64","3900","","","","","-107","4.5","25224","1776610485567"
"4196","2026-04-19 11:54:55","27.16","46","943.62","3880","","","","","-106","4.800000190734863","25225","1776610495556"
"4197","2026-04-19 11:55:05","27.15","46","943.66","3880","","","","","-107","3.5","25226","1776610505532"
"4198","2026-04-19 11:55:15","27.16","46","943.66","3880","","","","","-106","4.800000190734863","25227","1776610515548"
"4199","2026-04-19 11:55:25","27.18","46","943.6800000000001","3900","","","","","-107","4.300000190734863","25228","1776610525551"
"4200","2026-04-19 11:55:35","27.18","46","943.66","3880","","","","","-109","1.7999999523162842","25229","1776610535562"
"4201","2026-04-19 11:55:45","27.18","46","943.66","3880","","","","","-107","3.799999952316284","25230","1776610545554"
"4202","2026-04-19 11:55:55","27.18","45.5","943.66","3880","","","","","-106","4","25231","1776610555555"
"4203","2026-04-19 11:56:05","27.17","46","943.64","3900","","","","","-108","3.299999952316284","25232","1776610565575"
"4204","2026-04-19 11:56:15","27.17","46","943.66","3880","","","","","-106","4","25233","1776610575549"
"4205","2026-04-19 11:56:25","27.17","46","943.64","3880","","","","","-109","1.7999999523162842","25234","1776610585548"
"4206","2026-04-19 11:56:35","27.17","46","943.66","3880","","","","","-108","1.7999999523162842","25235","1776610595550"
"4207","2026-04-19 11:56:45","27.16","46","943.62","3880","","","","","-106","5.300000190734863","25236","1776610605546"
"4208","2026-04-19 11:56:55","27.16","46","943.66","3880","","","","","-107","3.5","25237","1776610615561"
"4209","2026-04-19 11:57:05","27.15","46","943.62","3880","","","","","-110","-0.30000001192092896","25238","1776610625525"
"4210","2026-04-19 11:57:15","27.15","46","943.64","3880","","","","","-109","1.5","25239","1776610635528"
"4211","2026-04-19 11:57:25","27.15","46","943.62","3880","","","","","-108","2.5","25240","1776610645520"
"4212","2026-04-19 11:57:35","27.15","46","943.64","3900","","","","","-107","3.299999952316284","25241","1776610655561"
"4213","2026-04-19 11:57:45","27.15","46","943.64","3900","","","","","-108","2.799999952316284","25242","1776610665572"
"4214","2026-04-19 11:57:55","27.16","46","943.62","3880","","","","","-108","2.299999952316284","25243","1776610675526"
"4215","2026-04-19 11:58:05","27.15","46","943.64","3880","","","","","-107","4","25244","1776610685553"
"4216","2026-04-19 11:58:15","27.14","46","943.62","3880","","","","","-107","4.300000190734863","25245","1776610695557"
"4217","2026-04-19 11:58:25","27.17","46","943.62","3880","","","","","-106","5","25246","1776610705542"
"4218","2026-04-19 11:58:35","27.16","46","943.62","3880","","","","","-105","5.5","25247","1776610715562"
"4219","2026-04-19 11:58:45","27.16","46","943.62","3880","","","","","-105","5.5","25248","1776610725573"
"4220","2026-04-19 11:58:55","27.15","46","943.6","3880","","","","","-104","6","25249","1776610735552"
"4221","2026-04-19 11:59:05","27.16","46","943.62","3880","","","","","-108","3","25250","1776610745582"
"4222","2026-04-19 11:59:15","27.17","46","943.64","3880","","","","","-104","6.300000190734863","25251","1776610755546"
"4223","2026-04-19 11:59:25","27.17","46","943.62","3880","","","","","-105","5","25252","1776610765547"
"4224","2026-04-19 11:59:35","27.16","46","943.64","3880","","","","","-106","4.300000190734863","25253","1776610775528"
"4225","2026-04-19 11:59:45","27.16","46","943.62","3880","","","","","-107","3.799999952316284","25254","1776610785527"
"4226","2026-04-19 11:59:55","27.15","46","943.64","3880","","","","","-107","4","25255","1776610795551"
"4227","2026-04-19 12:00:05","27.15","46","943.62","3880","","","","","-107","3.5","25256","1776610805594"
"4228","2026-04-19 12:00:15","27.15","46","943.62","3900","","","","","-106","5","25257","1776610815521"
"4229","2026-04-19 12:00:25","27.15","46","943.62","3880","","","","","-104","5","25258","1776610825545"
"4230","2026-04-19 12:00:35","27.15","46","943.62","3900","","","","","-105","6","25259","1776610835555"
"4231","2026-04-19 12:00:45","27.16","46","943.62","3880","","","","","-106","5","25260","1776610845549"
"4232","2026-04-19 12:00:55","27.16","46","943.62","3880","","","","","-106","5","25261","1776610855548"
"4233","2026-04-19 12:01:05","27.16","46","943.62","3880","","","","","-106","4.300000190734863","25262","1776610865557"
"4234","2026-04-19 12:01:15","27.16","46","943.64","3880","","","","","-105","5.300000190734863","25263","1776610875596"
"4235","2026-04-19 12:01:25","27.15","46","943.6800000000001","3880","","","","","-106","2.799999952316284","25264","1776610885548"
"4236","2026-04-19 12:01:35","27.15","46","943.6800000000001","3900","","","","","-108","2.5","25265","1776610895556"
"4237","2026-04-19 12:01:45","27.15","46","943.62","3880","","","","","-109","2.299999952316284","25266","1776610905569"
"4238","2026-04-19 12:01:55","27.15","46","943.62","3880","","","","","-108","2.5","25267","1776610915555"
"4239","2026-04-19 12:02:05","27.15","46","943.62","3880","","","","","-107","3.799999952316284","25268","1776610925518"
"4240","2026-04-19 12:02:15","27.13","46","943.6","3880","","","","","-109","1.5","25269","1776610935519"
"4241","2026-04-19 12:02:25","27.14","46","943.6","3880","","","","","-108","3","25270","1776610945552"
"4242","2026-04-19 12:02:35","27.13","46","943.62","3880","","","","","-106","5.300000190734863","25271","1776610955595"
"4243","2026-04-19 12:02:45","27.14","46","943.62","3880","","","","","-107","4","25272","1776610965513"
"4244","2026-04-19 12:02:55","27.15","46","943.64","3880","","","","","-107","4.300000190734863","25273","1776610975550"
"4245","2026-04-19 12:03:05","27.16","46","943.64","3880","","","","","-108","3","25274","1776610985526"
"4246","2026-04-19 12:03:15","27.17","46","943.62","3880","","","","","-108","2.799999952316284","25275","1776610995545"
"4247","2026-04-19 12:03:25","27.17","46","943.64","3880","","","","","-109","2","25276","1776611005546"
"4248","2026-04-19 12:03:35","27.16","46","943.64","3880","","","","","-108","3","25277","1776611015529"
"4249","2026-04-19 12:03:45","27.16","46","943.62","3880","","","","","-109","1.7999999523162842","25278","1776611025522"
"4250","2026-04-19 12:03:55","27.16","46","943.6","3880","","","","","-109","0.800000011920929","25279","1776611035556"
"4251","2026-04-19 12:04:05","27.16","46","943.6","3880","","","","","-108","3","25280","1776611045583"
"4252","2026-04-19 12:04:15","27.17","46","943.6","3880","","","","","-109","1.2999999523162842","25281","1776611055572"
"4253","2026-04-19 12:04:25","27.19","46","943.66","3880","","","","","-107","4","25282","1776611065551"
"4254","2026-04-19 12:04:35","27.18","46","943.64","3880","","","","","-107","3.299999952316284","25283","1776611075599"
"4255","2026-04-19 12:04:45","27.18","46","943.64","3880","","","","","-108","2.5","25284","1776611085552"
"4256","2026-04-19 12:04:55","27.18","46","943.66","3880","","","","","-106","4.800000190734863","25285","1776611095550"
"4257","2026-04-19 12:05:05","27.18","46","943.62","3880","","","","","-107","4","25286","1776611105524"
"4258","2026-04-19 12:05:15","27.17","46","943.62","3880","","","","","-109","2","25287","1776611115526"
"4259","2026-04-19 12:05:25","27.17","46","943.58","3880","","","","","-107","4","25288","1776611125553"
"4260","2026-04-19 12:05:35","27.17","46","943.6","3880","","","","","-108","3","25289","1776611135528"
"4261","2026-04-19 12:05:45","27.17","46","943.6","3880","","","","","-107","3.799999952316284","25290","1776611145521"
"4262","2026-04-19 12:05:55","27.17","46","943.58","3880","","","","","-107","4","25291","1776611155545"
"4263","2026-04-19 12:06:05","27.17","46","943.6","3880","","","","","-107","4","25292","1776611165551"
"4264","2026-04-19 12:06:15","27.17","46","943.58","3880","","","","","-108","3","25293","1776611175558"
"4265","2026-04-19 12:06:25","27.16","46","943.58","3880","","","","","-106","4.300000190734863","25294","1776611185548"
"4266","2026-04-19 12:06:35","27.17","46","943.58","3880","","","","","-106","4.5","25295","1776611195567"
"4267","2026-04-19 12:06:45","27.18","46","943.58","3880","","","","","-108","3","25296","1776611205550"
"4268","2026-04-19 12:06:55","27.17","46","943.6","3880","","","","","-106","5","25297","1776611215554"
"4269","2026-04-19 12:07:05","27.18","46","943.6","3880","","","","","-105","5.5","25298","1776611225551"
"4270","2026-04-19 12:07:15","27.18","46","943.58","3880","","","","","-105","5.800000190734863","25299","1776611235548"
"4271","2026-04-19 12:07:25","27.18","46","943.58","3880","","","","","-106","5","25300","1776611245560"
"4272","2026-04-19 12:07:35","27.17","46","943.5600000000001","3880","","","","","-104","6.300000190734863","25301","1776611255553"
"4273","2026-04-19 12:07:45","27.17","46","943.5600000000001","3880","","","","","-105","5.800000190734863","25302","1776611265564"
"4274","2026-04-19 12:07:55","27.16","46","943.54","3880","","","","","-106","4.5","25303","1776611275519"
"4275","2026-04-19 12:08:05","27.16","46","943.58","3880","","","","","-106","4.800000190734863","25304","1776611285543"
"4276","2026-04-19 12:08:15","27.17","46","943.5600000000001","3880","","","","","-106","4.300000190734863","25305","1776611295523"
"4277","2026-04-19 12:08:25","27.17","46","943.54","3880","","","","","-107","4","25306","1776611305544"
"4278","2026-04-19 12:08:35","27.16","46","943.5600000000001","3880","","","","","-107","4","25307","1776611315521"
"4279","2026-04-19 12:08:45","27.17","46","943.54","3880","","","","","-107","4","25308","1776611325551"
"4280","2026-04-19 12:08:55","27.16","46","943.54","3880","","","","","-106","5","25309","1776611335545"
"4281","2026-04-19 12:09:05","27.17","46","943.54","3880","","","","","-106","4.800000190734863","25310","1776611345516"
"4282","2026-04-19 12:09:15","27.18","46","943.54","3880","","","","","-107","4","25311","1776611355533"
"4283","2026-04-19 12:09:25","27.18","46","943.5","3880","","","","","-106","4.5","25312","1776611365555"
"4284","2026-04-19 12:09:35","27.19","46","943.5","3880","","","","","-105","5.5","25313","1776611375520"
"4285","2026-04-19 12:09:45","27.19","46","943.52","3880","","","","","-106","5.5","25314","1776611385524"
"4286","2026-04-19 12:09:55","27.19","46","943.5","3880","","","","","-108","3.299999952316284","25315","1776611395524"
"4287","2026-04-19 12:10:05","27.2","46","943.52","3880","","","","","-105","5.800000190734863","25316","1776611405531"
"4288","2026-04-19 12:10:15","27.19","46","943.54","3880","","","","","-105","5.800000190734863","25317","1776611415525"
"4289","2026-04-19 12:10:25","27.19","46","943.54","3880","","","","","-104","7.300000190734863","25318","1776611425556"
"4290","2026-04-19 12:10:35","27.18","46","943.52","3880","","","","","-105","5.5","25319","1776611435546"
"4291","2026-04-19 12:10:45","27.18","46","943.5","3880","","","","","-104","6.5","25320","1776611445556"
"4292","2026-04-19 12:10:55","27.18","46","943.52","3880","","","","","-104","6.800000190734863","25321","1776611455552"
"4293","2026-04-19 12:11:05","27.16","46","943.5","3880","","","","","-105","5.300000190734863","25322","1776611465544"
"4294","2026-04-19 12:11:15","27.16","46","943.48","3880","","","","","-106","5","25323","1776611475530"
"4295","2026-04-19 12:11:25","27.16","46","943.46","3880","","","","","-106","4.800000190734863","25324","1776611485550"
"4296","2026-04-19 12:11:35","27.16","46","943.5","3880","","","","","-105","5.300000190734863","25325","1776611495523"
"4297","2026-04-19 12:11:45","27.15","46","943.48","3880","","","","","-105","5.5","25326","1776611505527"
"4298","2026-04-19 12:11:55","27.15","46","943.48","3880","","","","","-105","5.300000190734863","25327","1776611515518"
"4299","2026-04-19 12:12:05","27.14","46","943.52","3880","","","","","-106","4.5","25328","1776611525545"
"4300","2026-04-19 12:12:15","27.14","46","943.48","3880","","","","","-106","4.5","25329","1776611535523"
"4301","2026-04-19 12:12:25","27.14","46","943.48","3880","","","","","-106","5.300000190734863","25330","1776611545546"
"4302","2026-04-19 12:12:35","27.12","46","943.48","3880","","","","","-106","5","25331","1776611555592"
"4303","2026-04-19 12:12:45","27.1","46","943.48","3880","","","","","-106","5","25332","1776611565517"
"4304","2026-04-19 12:12:55","27.1","46","943.46","3880","","","","","-106","5","25333","1776611575552"
"4305","2026-04-19 12:13:05","27.09","46","943.48","3880","","","","","-106","4.800000190734863","25334","1776611585592"
"4306","2026-04-19 12:13:15","27.08","46","943.46","3880","","","","","-106","5","25335","1776611595571"
"4307","2026-04-19 12:13:25","27.08","46","943.4200000000001","3880","","","","","-105","5.300000190734863","25336","1776611605558"
"4308","2026-04-19 12:13:35","27.08","46.5","943.44","3880","","","","","-106","5","25337","1776611615548"
"4309","2026-04-19 12:13:45","27.09","46","943.48","3880","","","","","-106","4.800000190734863","25338","1776611625597"
"4310","2026-04-19 12:13:55","27.09","46","943.48","3880","","","","","-106","5","25339","1776611635554"
"4311","2026-04-19 12:14:05","27.08","46.5","943.48","3880","","","","","-107","3.299999952316284","25340","1776611645520"
"4312","2026-04-19 12:14:15","27.07","46","943.46","3880","","","","","-108","2.799999952316284","25341","1776611655524"
"4313","2026-04-19 12:14:25","27.06","46","943.44","3880","","","","","-108","2.799999952316284","25342","1776611665547"
"4314","2026-04-19 12:14:35","27.05","46","943.44","3880","","","","","-109","2.299999952316284","25343","1776611675591"
"4315","2026-04-19 12:14:45","27.05","46","943.44","3880","","","","","-109","1.7999999523162842","25344","1776611685589"
"4316","2026-04-19 12:14:55","27.05","46.5","943.44","3880","","","","","-109","1.2999999523162842","25345","1776611695545"
"4317","2026-04-19 12:15:05","27.06","46.5","943.46","3880","","","","","-108","3","25346","1776611705524"
"4318","2026-04-19 12:15:15","27.07","46.5","943.48","3880","","","","","-110","0.800000011920929","25347","1776611715530"
"4319","2026-04-19 12:15:25","27.08","46","943.44","3880","","","","","-109","1.7999999523162842","25348","1776611725543"
"4320","2026-04-19 12:15:35","27.07","46","943.48","3880","","","","","-109","2.299999952316284","25349","1776611735550"
"4321","2026-04-19 12:15:45","27.06","46","943.46","3880","","","","","-108","2.299999952316284","25350","1776611745521"
"4322","2026-04-19 12:15:55","27.06","46.5","943.46","3880","","","","","-109","1.7999999523162842","25351","1776611755546"
"4323","2026-04-19 12:16:05","27.05","46.5","943.44","3880","","","","","-110","-0.30000001192092896","25352","1776611765529"
"4324","2026-04-19 12:16:15","27.05","46.5","943.44","3880","","","","","-109","0.5","25353","1776611775515"
"4325","2026-04-19 12:16:25","27.05","46.5","943.44","3880","","","","","-108","2.799999952316284","25354","1776611785551"
"4326","2026-04-19 12:16:35","27.05","46.5","943.4","3880","","","","","-110","-0.800000011920929","25355","1776611795544"
"4327","2026-04-19 12:16:45","27.05","46","943.44","3880","","","","","-109","1","25356","1776611805548"
"4328","2026-04-19 12:16:55","27.07","46.5","943.46","3880","","","","","-109","1.2999999523162842","25357","1776611815553"
"4329","2026-04-19 12:17:05","27.07","46.5","943.44","3960","","","","","-109","1.7999999523162842","25358","1776611825547"
"4330","2026-04-19 12:17:15","27.07","46.5","943.4200000000001","3960","","","","","-107","4","25359","1776611835530"
"4331","2026-04-19 12:17:25","27.09","46.5","943.4200000000001","3960","","","","","-109","1.2999999523162842","25360","1776611845524"
"4332","2026-04-19 12:17:35","27.1","46.5","943.4200000000001","3960","","","","","-108","2.5","25361","1776611855524"
"4333","2026-04-19 12:17:45","27.11","46","943.44","3960","","","","","-109","2.299999952316284","25362","1776611865585"
"4334","2026-04-19 12:17:55","27.12","46","943.4200000000001","3960","","","","","-107","4.5","25363","1776611875587"
"4335","2026-04-19 12:18:05","27.12","46","943.4200000000001","3960","","","","","-108","2.5","25364","1776611885563"
"4336","2026-04-19 12:18:15","27.12","46.5","943.44","3960","","","","","-107","4","25365","1776611895556"
"4337","2026-04-19 12:18:25","27.12","46.5","943.4200000000001","3960","","","","","-107","3.799999952316284","25366","1776611905558"
"4338","2026-04-19 12:18:35","27.11","46","943.46","3960","","","","","-106","4.800000190734863","25367","1776611915545"
"4339","2026-04-19 12:18:45","27.11","46.5","943.44","3960","","","","","-106","5.300000190734863","25368","1776611925554"
"4340","2026-04-19 12:18:55","27.11","46","943.4200000000001","3960","","","","","-106","4.800000190734863","25369","1776611935552"
"4341","2026-04-19 12:19:05","27.1","46","943.4200000000001","3960","","","","","-106","5.300000190734863","25370","1776611945554"
"4342","2026-04-19 12:19:15","27.08","46","943.38","3960","","","","","-106","5","25371","1776611955556"
"4343","2026-04-19 12:19:25","27.07","46","943.38","3960","","","","","-105","5.800000190734863","25372","1776611965547"
"4344","2026-04-19 12:19:35","27.06","46","943.38","3960","","","","","-106","5.5","25373","1776611975524"
"4345","2026-04-19 12:19:45","27.06","46.5","943.4200000000001","3960","","","","","-106","5.300000190734863","25374","1776611985526"
"4346","2026-04-19 12:19:55","27.05","46.5","943.38","3960","","","","","-107","3.5","25375","1776611995552"
"4347","2026-04-19 12:20:05","27.05","46.5","943.38","3960","","","","","-108","2.799999952316284","25376","1776612005588"
"4348","2026-04-19 12:20:15","27.05","46.5","943.38","3960","","","","","-107","4","25377","1776612015522"
"4349","2026-04-19 12:20:25","27.05","46.5","943.38","3960","","","","","-106","4.800000190734863","25378","1776612025547"
"4350","2026-04-19 12:20:35","27.04","46.5","943.4","3960","","","","","-107","3.799999952316284","25379","1776612035520"
"4351","2026-04-19 12:20:45","27.04","46.5","943.4","3960","","","","","-105","5.300000190734863","25380","1776612045524"
"4352","2026-04-19 12:20:55","27.04","46.5","943.38","3960","","","","","-106","5.300000190734863","25381","1776612055552"
"4353","2026-04-19 12:21:05","27.04","46.5","943.36","3960","","","","","-106","4.800000190734863","25382","1776612065551"
"4354","2026-04-19 12:21:15","27.04","46.5","943.34","3960","","","","","-105","5.5","25383","1776612075598"
"4355","2026-04-19 12:21:25","27.03","46.5","943.36","3960","","","","","-105","5.300000190734863","25384","1776612085544"
"4356","2026-04-19 12:21:35","27.04","46.5","943.32","3960","","","","","-107","3.799999952316284","25385","1776612095529"
"4357","2026-04-19 12:21:45","27.04","46.5","943.36","3960","","","","","-105","6","25386","1776612105585"
"4358","2026-04-19 12:21:55","27.05","46.5","943.34","3940","","","","","-104","5.800000190734863","25387","1776612115554"
"4359","2026-04-19 12:22:05","27.05","46.5","943.36","3960","","","","","-106","4","25388","1776612125545"
"4360","2026-04-19 12:22:15","27.05","46.5","943.34","3920","","","","","-106","4.300000190734863","25389","1776612135550"
"4361","2026-04-19 12:22:25","27.05","46.5","943.36","3920","","","","","-107","4.300000190734863","25390","1776612145554"
"4362","2026-04-19 12:22:35","27.05","46.5","943.34","3920","","","","","-105","6","25391","1776612155557"
"4363","2026-04-19 12:22:45","27.03","46.5","943.34","3920","","","","","-105","6","25392","1776612165515"
"4364","2026-04-19 12:22:55","27.02","46.5","943.3000000000001","3920","","","","","-106","5","25393","1776612175548"
"4365","2026-04-19 12:23:05","27.02","46.5","943.32","3920","","","","","-105","4.5","25394","1776612185529"
"4366","2026-04-19 12:23:15","27.02","46.5","943.32","3920","","","","","-106","5","25395","1776612195528"
"4367","2026-04-19 12:23:25","27.02","46.5","943.32","3920","","","","","-106","5.300000190734863","25396","1776612205521"
"4368","2026-04-19 12:23:35","27.03","46.5","943.34","3920","","","","","-107","3.5","25397","1776612215523"
"4369","2026-04-19 12:23:45","27.03","46.5","943.32","3920","","","","","-106","5.300000190734863","25398","1776612225525"
"4370","2026-04-19 12:23:55","27.01","46.5","943.28","3920","","","","","-107","4.5","25399","1776612235552"
"4371","2026-04-19 12:24:05","27.02","46.5","943.3000000000001","3920","","","","","-106","4.5","25400","1776612245527"
"4372","2026-04-19 12:24:15","27.02","46.5","943.34","3920","","","","","-105","5.300000190734863","25401","1776612255551"
"4373","2026-04-19 12:24:25","27.01","46.5","943.28","3920","","","","","-104","6.5","25402","1776612265552"
"4374","2026-04-19 12:24:35","27.02","46.5","943.3000000000001","3920","","","","","-107","3.299999952316284","25403","1776612275526"
"4375","2026-04-19 12:24:45","27.03","46.5","943.28","3900","","","","","-107","4","25404","1776612285521"
"4376","2026-04-19 12:24:55","27.02","46.5","943.32","3920","","","","","-107","3.799999952316284","25405","1776612295552"
"4377","2026-04-19 12:25:05","27.02","46.5","943.28","3900","","","","","-106","5.300000190734863","25406","1776612305528"
"4378","2026-04-19 12:25:15","27","46.5","943.3000000000001","3920","","","","","-109","2","25407","1776612315553"
"4379","2026-04-19 12:25:25","27","46.5","943.32","3920","","","","","-107","3.5","25408","1776612325547"
"4380","2026-04-19 12:25:35","27","46.5","943.32","3920","","","","","-106","4.800000190734863","25409","1776612335555"
"4381","2026-04-19 12:25:45","27.01","46.5","943.32","3920","","","","","-107","4.300000190734863","25410","1776612345517"
"4382","2026-04-19 12:25:55","27.01","46.5","943.28","3900","","","","","-106","5.5","25411","1776612355552"
"4383","2026-04-19 12:26:05","27.03","46.5","943.3000000000001","3900","","","","","-108","3","25412","1776612365521"
"4384","2026-04-19 12:26:15","27.03","46.5","943.32","3900","","","","","-106","5.300000190734863","25413","1776612375554"
"4385","2026-04-19 12:26:25","27.04","46.5","943.3000000000001","3900","","","","","-107","4","25414","1776612385551"
"4386","2026-04-19 12:26:35","27.04","46.5","943.3000000000001","3900","","","","","-109","2","25415","1776612395552"
"4387","2026-04-19 12:26:45","27.04","46.5","943.32","3900","","","","","-109","1.5","25416","1776612405548"
"4388","2026-04-19 12:26:55","27.05","46.5","943.3000000000001","3900","","","","","-107","4.300000190734863","25417","1776612415549"
"4389","2026-04-19 12:27:05","27.06","46.5","943.3000000000001","3900","","","","","-107","3.799999952316284","25418","1776612425547"
"4390","2026-04-19 12:27:15","27.06","46.5","943.28","3900","","","","","-107","4","25419","1776612435513"
"4391","2026-04-19 12:27:25","27.06","46.5","943.34","3900","","","","","-108","2.799999952316284","25420","1776612445546"
"4392","2026-04-19 12:27:35","27.05","46.5","943.3000000000001","3900","","","","","-107","3.5","25421","1776612455519"
"4393","2026-04-19 12:27:45","27.05","46.5","943.3000000000001","3900","","","","","-108","3.299999952316284","25422","1776612465529"
"4394","2026-04-19 12:27:55","27.04","46.5","943.26","3900","","","","","-108","3.299999952316284","25423","1776612475562"
"4395","2026-04-19 12:28:05","27.04","46.5","943.28","3900","","","","","-108","3","25424","1776612485524"
"4396","2026-04-19 12:28:15","27.03","46.5","943.28","3900","","","","","-109","1","25425","1776612495518"
"4397","2026-04-19 12:28:25","27.02","46.5","943.26","3900","","","","","-108","3.5","25426","1776612505550"
"4398","2026-04-19 12:28:35","27.02","46.5","943.26","3900","","","","","-109","1.2999999523162842","25427","1776612515543"
"4399","2026-04-19 12:28:45","27.04","46.5","943.28","3900","","","","","-107","4","25428","1776612525511"
"4400","2026-04-19 12:28:55","27.04","46.5","943.3000000000001","3900","","","","","-107","4","25429","1776612535552"
"4401","2026-04-19 12:29:05","27.04","46.5","943.3000000000001","3900","","","","","-108","3","25430","1776612545529"
"4402","2026-04-19 12:29:15","27.02","46.5","943.28","3900","","","","","-107","4","25431","1776612555562"
"4403","2026-04-19 12:29:25","27.01","46.5","943.3000000000001","3900","","","","","-107","3.799999952316284","25432","1776612565547"
"4404","2026-04-19 12:29:35","26.99","46.5","943.32","3900","","","","","-108","2.5","25433","1776612575528"
"4405","2026-04-19 12:29:45","27","46.5","943.32","3900","","","","","-107","3.5","25434","1776612585582"
"4406","2026-04-19 12:29:55","27","46.5","943.28","3900","","","","","-107","3.299999952316284","25435","1776612595547"
"4407","2026-04-19 12:30:05","27","46.5","943.28","3900","","","","","-108","3","25436","1776612605580"
"4408","2026-04-19 12:30:15","27","46.5","943.32","3900","","","","","-107","3.5","25437","1776612615580"
"4409","2026-04-19 12:30:25","27.01","46.5","943.28","3900","","","","","-108","3","25438","1776612625548"
"4410","2026-04-19 12:30:35","27.01","47","943.26","3900","","","","","-107","3.299999952316284","25439","1776612635522"
"4411","2026-04-19 12:30:45","27.02","46.5","943.28","3900","","","","","-107","4","25440","1776612645594"
"4412","2026-04-19 12:30:55","27.02","46.5","943.26","3900","","","","","-108","3","25441","1776612655548"
"4413","2026-04-19 12:31:05","27.04","46.5","943.28","3900","","","","","-108","3","25442","1776612665517"
"4414","2026-04-19 12:31:15","27.04","46.5","943.26","3900","","","","","-108","3.299999952316284","25443","1776612675518"
"4415","2026-04-19 12:31:25","27.05","46.5","943.26","3900","","","","","-108","2","25444","1776612685552"
"4416","2026-04-19 12:31:35","27.04","46.5","943.26","3900","","","","","-107","4","25445","1776612695545"
"4417","2026-04-19 12:31:45","27.03","46.5","943.26","3900","","","","","-107","4","25446","1776612705525"
"4418","2026-04-19 12:31:55","27.04","46.5","943.26","3900","","","","","-108","2.299999952316284","25447","1776612715543"
"4419","2026-04-19 12:32:05","27.05","46.5","943.26","3900","","","","","-109","2.5","25448","1776612725557"
"4420","2026-04-19 12:32:15","27.06","46.5","943.28","3900","","","","","-109","1.2999999523162842","25449","1776612735552"
"4421","2026-04-19 12:32:25","27.05","46.5","943.28","3900","","","","","-108","2.799999952316284","25450","1776612745543"
"4422","2026-04-19 12:32:35","27.05","46.5","943.24","3900","","","","","-108","2.5","25451","1776612755540"
"4423","2026-04-19 12:32:45","27.04","46.5","943.28","3900","","","","","-110","0.800000011920929","25452","1776612765514"
"4424","2026-04-19 12:32:55","27.04","46.5","943.26","3900","","","","","-109","1.5","25453","1776612775541"
"4425","2026-04-19 12:33:05","27.04","46.5","943.26","3900","","","","","-108","3.299999952316284","25454","1776612785595"
"4426","2026-04-19 12:33:15","27.05","46.5","943.24","3900","","","","","-108","3","25455","1776612795522"
"4427","2026-04-19 12:33:25","27.06","46.5","943.26","3900","","","","","-108","2.799999952316284","25456","1776612805522"
"4428","2026-04-19 12:33:35","27.07","46.5","943.24","3900","","","","","-107","4.300000190734863","25457","1776612815523"
"4429","2026-04-19 12:33:45","27.08","46.5","943.26","3900","","","","","-109","2.299999952316284","25458","1776612825523"
"4430","2026-04-19 12:33:55","27.09","46.5","943.24","3900","","","","","-107","3.5","25459","1776612835522"
"4431","2026-04-19 12:34:05","27.09","46.5","943.26","3900","","","","","-108","3","25460","1776612845588"
"4432","2026-04-19 12:34:15","27.08","46.5","943.22","3900","","","","","-107","3.299999952316284","25461","1776612855525"
"4433","2026-04-19 12:34:25","27.07","46.5","943.28","3900","","","","","-107","3.5","25462","1776612865555"
"4434","2026-04-19 12:34:35","27.07","46.5","943.24","3900","","","","","-108","2.5","25463","1776612875561"
"4435","2026-04-19 12:34:45","27.06","46.5","943.22","3900","","","","","-109","1.5","25464","1776612885523"
"4436","2026-04-19 12:34:55","27.06","46.5","943.22","3900","","","","","-107","4.5","25465","1776612895554"
"4437","2026-04-19 12:35:05","27.06","46.5","943.2","3900","","","","","-108","3","25466","1776612905516"
"4438","2026-04-19 12:35:15","27.06","46.5","943.22","3900","","","","","-108","2.5","25467","1776612915518"
"4439","2026-04-19 12:35:25","27.06","46.5","943.2","3900","","","","","-109","2","25468","1776612925549"
"4440","2026-04-19 12:35:35","27.06","46.5","943.24","3900","","","","","-110","1.2999999523162842","25469","1776612935517"
"4441","2026-04-19 12:35:45","27.07","46.5","943.24","3900","","","","","-108","2.299999952316284","25470","1776612945523"
"4442","2026-04-19 12:35:55","27.06","46.5","943.2","3900","","","","","-108","2.299999952316284","25471","1776612955554"
"4443","2026-04-19 12:36:05","27.05","46.5","943.22","3900","","","","","-109","1.2999999523162842","25472","1776612965524"
"4444","2026-04-19 12:36:15","27.06","46.5","943.22","3900","","","","","-108","2.799999952316284","25473","1776612975523"
"4445","2026-04-19 12:36:25","27.05","46.5","943.1800000000001","3900","","","","","-110","0.5","25474","1776612985542"
"4446","2026-04-19 12:36:35","27.07","46.5","943.24","3900","","","","","-109","1.5","25475","1776612995554"
"4447","2026-04-19 12:36:45","27.08","46.5","943.1800000000001","3900","","","","","-108","2.799999952316284","25476","1776613005551"
"4448","2026-04-19 12:36:55","27.07","46.5","943.2","3900","","","","","-109","2","25477","1776613015547"
"4449","2026-04-19 12:37:05","27.06","46.5","943.2","3900","","","","","-109","1.5","25478","1776613025545"
"4450","2026-04-19 12:37:15","27.04","46.5","943.1800000000001","3900","","","","","-107","3.799999952316284","25479","1776613035511"
"4451","2026-04-19 12:37:25","27.04","46.5","943.1800000000001","3900","","","","","-108","2.799999952316284","25480","1776613045558"
"4452","2026-04-19 12:37:35","27.02","46.5","943.1800000000001","3900","","","","","-108","2.299999952316284","25481","1776613055526"
"4453","2026-04-19 12:37:45","27.02","46.5","943.16","3900","","","","","-108","2.799999952316284","25482","1776613065518"
"4454","2026-04-19 12:37:55","27.02","46.5","943.1800000000001","3900","","","","","-108","3","25483","1776613075550"
"4455","2026-04-19 12:38:05","27.02","46.5","943.1800000000001","3900","","","","","-109","2.5","25484","1776613085523"
"4456","2026-04-19 12:38:15","27.03","46.5","943.16","3880","","","","","-107","3.799999952316284","25485","1776613095517"
"4457","2026-04-19 12:38:25","27.04","46.5","943.1800000000001","3880","","","","","-108","3","25486","1776613105545"
"4458","2026-04-19 12:38:35","27.05","46.5","943.16","3880","","","","","-107","3.299999952316284","25487","1776613115510"
"4459","2026-04-19 12:38:45","27.04","46.5","943.1800000000001","3880","","","","","-109","2","25488","1776613125518"
"4460","2026-04-19 12:38:55","27.05","46.5","943.1800000000001","3900","","","","","-109","1.5","25489","1776613135542"
"4461","2026-04-19 12:39:05","27.07","46.5","943.2","3900","","","","","-109","2.299999952316284","25490","1776613145512"
"4462","2026-04-19 12:39:15","27.07","46.5","943.16","3900","","","","","-110","0.30000001192092896","25491","1776613155587"
"4463","2026-04-19 12:39:25","27.07","46.5","943.16","3900","","","","","-107","3.5","25492","1776613165582"
"4464","2026-04-19 12:39:35","27.07","46.5","943.16","3900","","","","","-109","1.7999999523162842","25493","1776613175523"
"4465","2026-04-19 12:39:45","27.07","46.5","943.16","3900","","","","","-109","2.299999952316284","25494","1776613185544"
"4466","2026-04-19 12:39:55","27.05","46.5","943.16","3900","","","","","-107","3.799999952316284","25495","1776613195551"
"4467","2026-04-19 12:40:05","27.06","46.5","943.16","3880","","","","","-109","2.5","25496","1776613205541"
"4468","2026-04-19 12:40:15","27.06","46.5","943.2","3880","","","","","-109","2.5","25497","1776613215570"
"4469","2026-04-19 12:40:25","27.06","46.5","943.14","3900","","","","","-109","1.2999999523162842","25498","1776613225546"
"4470","2026-04-19 12:40:35","27.06","46.5","943.1800000000001","3880","","","","","-109","2","25499","1776613235529"
"4471","2026-04-19 12:40:45","27.06","46.5","943.16","3900","","","","","-110","0.800000011920929","25500","1776613245521"
"4472","2026-04-19 12:40:55","27.06","46.5","943.1800000000001","3880","","","","","-108","2.799999952316284","25501","1776613255549"
"4473","2026-04-19 12:41:05","27.09","46.5","943.2","3900","","","","","-108","3.299999952316284","25502","1776613265536"
"4474","2026-04-19 12:41:15","27.12","46.5","943.2","3900","","","","","-107","3.799999952316284","25503","1776613275524"
"4475","2026-04-19 12:41:25","27.15","46.5","943.22","3900","","","","","-109","1.7999999523162842","25504","1776613285547"
"4476","2026-04-19 12:41:35","27.16","46.5","943.16","3900","","","","","-109","1.7999999523162842","25505","1776613295520"
"4477","2026-04-19 12:41:45","27.15","46.5","943.2","3900","","","","","-109","2.299999952316284","25506","1776613305582"
"4478","2026-04-19 12:41:55","27.15","46.5","943.22","3900","","","","","-109","2","25507","1776613315551"
"4479","2026-04-19 12:42:05","27.15","46","943.22","3900","","","","","-109","1.5","25508","1776613325515"
"4480","2026-04-19 12:42:15","27.14","46.5","943.1800000000001","3900","","","","","-110","0.800000011920929","25509","1776613335546"
"4481","2026-04-19 12:42:25","27.14","46.5","943.2","3920","","","","","-109","1.7999999523162842","25510","1776613345542"
"4482","2026-04-19 12:42:35","27.13","46.5","943.2","3900","","","","","-109","1.2999999523162842","25511","1776613355540"
"4483","2026-04-19 12:42:45","27.13","46.5","943.1800000000001","3880","","","","","-109","1.7999999523162842","25512","1776613365551"
"4484","2026-04-19 12:42:55","27.14","46.5","943.16","3880","","","","","-111","-2","25513","1776613375562"
"4485","2026-04-19 12:43:05","27.15","46.5","943.16","3900","","","","","-110","1","25514","1776613385534"
"4486","2026-04-19 12:43:15","27.14","46.5","943.1800000000001","3900","","","","","-108","2.299999952316284","25515","1776613395529"
"4487","2026-04-19 12:43:25","27.15","46.5","943.1800000000001","3880","","","","","-109","1.7999999523162842","25516","1776613405510"
"4488","2026-04-19 12:43:35","27.14","46.5","943.16","3880","","","","","-107","3.5","25517","1776613415522"
"4489","2026-04-19 12:43:45","27.13","46.5","943.16","3900","","","","","-109","1.2999999523162842","25518","1776613425555"
"4490","2026-04-19 12:43:55","27.12","46.5","943.1800000000001","3880","","","","","-109","1.7999999523162842","25519","1776613435549"
"4491","2026-04-19 12:44:05","27.1","46.5","943.14","3900","","","","","-109","1.5","25520","1776613445510"
"4492","2026-04-19 12:44:15","27.12","46.5","943.2","3880","","","","","-108","3","25521","1776613455526"
"4493","2026-04-19 12:44:25","27.12","46.5","943.1800000000001","3880","","","","","-108","2.5","25522","1776613465548"
"4494","2026-04-19 12:44:35","27.12","46.5","943.16","3900","","","","","-107","3.5","25523","1776613475513"
"4495","2026-04-19 12:44:45","27.12","46.5","943.16","3880","","","","","-108","2.799999952316284","25524","1776613485530"
"4496","2026-04-19 12:44:55","27.13","46.5","943.16","3880","","","","","-109","1.5","25525","1776613495541"
"4497","2026-04-19 12:45:05","27.14","46.5","943.1800000000001","3880","","","","","-109","1.7999999523162842","25526","1776613505514"
"4498","2026-04-19 12:45:15","27.14","46.5","943.16","3880","","","","","-110","-0.30000001192092896","25527","1776613515541"
"4499","2026-04-19 12:45:25","27.15","46.5","943.1800000000001","3900","","","","","-109","1.2999999523162842","25528","1776613525546"
"4500","2026-04-19 12:45:35","27.15","46.5","943.16","3880","","","","","-108","2.299999952316284","25529","1776613535521"
"4501","2026-04-19 12:45:45","27.16","46.5","943.1800000000001","3880","","","","","-109","1","25530","1776613545578"
"4502","2026-04-19 12:45:55","27.16","46.5","943.1800000000001","3900","","","","","-109","1.5","25531","1776613555515"
"4503","2026-04-19 12:46:05","27.16","46.5","943.16","3880","","","","","-108","2.5","25532","1776613565516"
"4504","2026-04-19 12:46:15","27.16","46.5","943.1800000000001","3880","","","","","-107","3","25533","1776613575519"
"4505","2026-04-19 12:46:25","27.16","46.5","943.16","3880","","","","","-108","3.5","25534","1776613585542"
"4506","2026-04-19 12:46:35","27.17","46.5","943.1800000000001","3880","","","","","-109","2.5","25535","1776613595524"
"4507","2026-04-19 12:46:45","27.16","46.5","943.1800000000001","3880","","","","","-108","2.799999952316284","25536","1776613605522"
"4508","2026-04-19 12:46:55","27.14","46.5","943.16","3880","","","","","-109","0.5","25537","1776613615552"
"4509","2026-04-19 12:47:05","27.13","46.5","943.16","3880","","","","","-109","0.800000011920929","25538","1776613625519"
"4510","2026-04-19 12:47:15","27.12","46.5","943.16","3880","","","","","-109","1.7999999523162842","25539","1776613635525"
"4511","2026-04-19 12:47:25","27.11","46.5","943.1800000000001","3880","","","","","-109","1","25540","1776613645547"
"4512","2026-04-19 12:47:35","27.11","46.5","943.16","3880","","","","","-107","3.799999952316284","25541","1776613655545"
"4513","2026-04-19 12:47:45","27.12","46.5","943.16","3880","","","","","-106","4.800000190734863","25542","1776613665522"
"4514","2026-04-19 12:47:55","27.11","46.5","943.14","3880","","","","","-106","4.800000190734863","25543","1776613675544"
"4515","2026-04-19 12:48:05","27.1","46.5","943.14","3880","","","","","-108","3","25544","1776613685516"
"4516","2026-04-19 12:48:15","27.08","46.5","943.12","3880","","","","","-107","3.799999952316284","25545","1776613695545"
"4517","2026-04-19 12:48:25","27.06","46.5","943.12","3880","","","","","-107","3.799999952316284","25546","1776613705542"
"4518","2026-04-19 12:48:35","27.06","46.5","943.12","3880","","","","","-108","3","25547","1776613715509"
"4519","2026-04-19 12:48:45","27.06","46.5","943.14","3880","","","","","-108","2.5","25548","1776613725514"
"4520","2026-04-19 12:48:55","27.06","46.5","943.1","3880","","","","","-110","0.800000011920929","25549","1776613735548"
"4521","2026-04-19 12:49:05","27.06","46.5","943.12","3880","","","","","-109","2.5","25550","1776613745530"
"4522","2026-04-19 12:49:15","27.06","46.5","943.14","3880","","","","","-109","1.5","25551","1776613755512"
"4523","2026-04-19 12:49:25","27.05","46.5","943.08","3880","","","","","-108","3","25552","1776613765547"
"4524","2026-04-19 12:49:35","27.05","46.5","943.12","3880","","","","","-107","2.799999952316284","25553","1776613775597"
"4525","2026-04-19 12:49:45","27.06","46.5","943.1","3880","","","","","-108","2.299999952316284","25554","1776613785520"
"4526","2026-04-19 12:49:55","27.05","46.5","943.12","3880","","","","","-109","2.299999952316284","25555","1776613795549"
"4527","2026-04-19 12:50:05","27.05","46.5","943.12","3880","","","","","-107","3.5","25556","1776613805521"
"4528","2026-04-19 12:50:15","27.04","46.5","943.1","3880","","","","","-106","5.300000190734863","25557","1776613815517"
"4529","2026-04-19 12:50:25","27.04","46.5","943.08","3880","","","","","-106","5","25558","1776613825552"
"4530","2026-04-19 12:50:35","27.05","46.5","943.1","3880","","","","","-106","5","25559","1776613835599"
"4531","2026-04-19 12:50:45","27.04","46.5","943.08","3880","","","","","-107","4.300000190734863","25560","1776613845521"
"4532","2026-04-19 12:50:55","27.04","46.5","943.12","3880","","","","","-106","5.300000190734863","25561","1776613855552"
"4533","2026-04-19 12:51:05","27.04","46.5","943.12","3880","","","","","-106","5.5","25562","1776613865543"
"4534","2026-04-19 12:51:15","27.05","46.5","943.1","3880","","","","","-105","6.300000190734863","25563","1776613875563"
"4535","2026-04-19 12:51:25","27.05","46.5","943.0600000000001","3880","","","","","-106","5.300000190734863","25564","1776613885516"
"4536","2026-04-19 12:51:35","27.05","46.5","943.08","3880","","","","","-105","5.5","25565","1776613895523"
"4537","2026-04-19 12:51:45","27.05","46.5","943.12","3880","","","","","-106","5","25566","1776613905534"
"4538","2026-04-19 12:51:55","27.05","46.5","943.08","3880","","","","","-106","4.800000190734863","25567","1776613915556"
"4539","2026-04-19 12:52:05","27.04","46.5","943.0600000000001","3880","","","","","-107","3.799999952316284","25568","1776613925529"
"4540","2026-04-19 12:52:15","27.02","46.5","943.0600000000001","3880","","","","","-106","4.800000190734863","25569","1776613935550"
"4541","2026-04-19 12:52:25","27.01","46.5","943.0600000000001","3880","","","","","-106","4.5","25570","1776613945546"
"4542","2026-04-19 12:52:35","27","46.5","943.08","3880","","","","","-106","4.800000190734863","25571","1776613955527"
"4543","2026-04-19 12:52:45","26.99","46.5","943.0600000000001","3880","","","","","-106","4.5","25572","1776613965534"
"4544","2026-04-19 12:52:55","26.99","46.5","943.08","3880","","","","","-106","4.800000190734863","25573","1776613975550"
"4545","2026-04-19 12:53:05","27","47","943.04","3880","","","","","-106","5","25574","1776613985518"
"4546","2026-04-19 12:53:15","27.01","46.5","943.04","3880","","","","","-105","5.300000190734863","25575","1776613995539"
"4547","2026-04-19 12:53:25","27.02","47","943.0600000000001","3880","","","","","-105","5.5","25576","1776614005550"
"4548","2026-04-19 12:53:35","27.01","46.5","943.04","3880","","","","","-105","5.800000190734863","25577","1776614015513"
"4549","2026-04-19 12:53:45","27.01","46.5","943.04","3880","","","","","-107","4.5","25578","1776614025511"
"4550","2026-04-19 12:53:55","27.01","46.5","943.02","3880","","","","","-107","4.300000190734863","25579","1776614035547"
"4551","2026-04-19 12:54:05","27.01","46.5","943.02","3880","","","","","-107","2.799999952316284","25580","1776614045549"
"4552","2026-04-19 12:54:15","27.01","46.5","943.04","3880","","","","","-107","3.5","25581","1776614055548"
"4553","2026-04-19 12:54:25","27.01","46.5","943.02","3880","","","","","-107","4.800000190734863","25582","1776614065516"
"4554","2026-04-19 12:54:35","27.01","46.5","943","3880","","","","","-107","4.5","25583","1776614075524"
"4555","2026-04-19 12:54:45","27.02","46.5","943.02","3880","","","","","-107","3.799999952316284","25584","1776614085530"
"4556","2026-04-19 12:54:55","27.01","46.5","943.02","3880","","","","","-108","3.299999952316284","25585","1776614095545"
"4557","2026-04-19 12:55:05","27.01","46.5","943.02","3880","","","","","-109","2.5","25586","1776614105517"
"4558","2026-04-19 12:55:15","27","46.5","943","3880","","","","","-107","4.300000190734863","25587","1776614115514"
"4559","2026-04-19 12:55:25","26.99","46.5","943","3880","","","","","-107","3.5","25588","1776614125546"
"4560","2026-04-19 12:55:35","27.01","47","943.02","3880","","","","","-108","3","25589","1776614135566"
"4561","2026-04-19 12:55:45","27.01","47","943","3880","","","","","-108","2.5","25590","1776614145589"
"4562","2026-04-19 12:55:55","27.02","46.5","943","3880","","","","","-110","1","25591","1776614155554"
"4563","2026-04-19 12:56:05","27.02","47","942.98","3880","","","","","-109","1","25592","1776614165519"
"4564","2026-04-19 12:56:15","27","47","942.98","3880","","","","","-109","2","25593","1776614175526"
"4565","2026-04-19 12:56:25","27.01","46.5","942.98","3880","","","","","-109","1.5","25594","1776614185550"
"4566","2026-04-19 12:56:35","27.01","47","943","3880","","","","","-108","2.799999952316284","25595","1776614195526"
"4567","2026-04-19 12:56:45","27.01","46.5","942.98","3880","","","","","-107","3.799999952316284","25596","1776614205516"
"4568","2026-04-19 12:56:55","27.01","47","942.98","3880","","","","","-106","4.300000190734863","25597","1776614215551"
"4569","2026-04-19 12:57:05","27.03","47","942.98","3880","","","","","-106","4","25598","1776614225525"
"4570","2026-04-19 12:57:15","27.03","47","943.02","3880","","","","","-107","4.5","25599","1776614235547"
"4571","2026-04-19 12:57:25","27.04","46.5","943","3880","","","","","-108","2.799999952316284","25600","1776614245551"
"4572","2026-04-19 12:57:35","27.03","47","943","3880","","","","","-105","5.5","25601","1776614255526"
"4573","2026-04-19 12:57:45","27.02","46.5","943","3880","","","","","-107","3.799999952316284","25602","1776614265542"
"4574","2026-04-19 12:57:55","27.02","46.5","942.98","3880","","","","","-107","3.299999952316284","25603","1776614275547"
"4575","2026-04-19 12:58:05","27.01","47","942.98","3880","","","","","-104","6.300000190734863","25604","1776614285542"
"4576","2026-04-19 12:58:15","27","47","942.98","3880","","","","","-105","6","25605","1776614295517"
"4577","2026-04-19 12:58:25","27.02","47","942.98","3880","","","","","-105","5.5","25606","1776614305540"
"4578","2026-04-19 12:58:35","27.02","47","942.96","3880","","","","","-105","5.300000190734863","25607","1776614315522"
"4579","2026-04-19 12:58:45","27.01","47","942.94","3880","","","","","-105","5.5","25608","1776614325549"
"4580","2026-04-19 12:58:55","27.02","47","942.98","3880","","","","","-106","5","25609","1776614335548"
"4581","2026-04-19 12:59:05","27.01","47","942.94","3880","","","","","-107","3.5","25610","1776614345527"
"4582","2026-04-19 12:59:15","27","46.5","942.96","3880","","","","","-107","4","25611","1776614355515"
"4583","2026-04-19 12:59:25","26.98","47","942.96","3880","","","","","-109","1","25612","1776614365548"
"4584","2026-04-19 12:59:35","26.97","46.5","942.96","3880","","","","","-108","3","25613","1776614375519"
"4585","2026-04-19 12:59:45","26.96","46.5","942.96","3880","","","","","-109","1.7999999523162842","25614","1776614385558"
"4586","2026-04-19 12:59:55","26.95","47","942.94","3880","","","","","-108","3.5","25615","1776614395545"
"4587","2026-04-19 13:00:05","26.94","47","942.94","3880","","","","","-107","4.300000190734863","25616","1776614405565"
"4588","2026-04-19 13:00:15","26.95","47","942.9200000000001","3880","","","","","-106","4.300000190734863","25617","1776614415516"
"4589","2026-04-19 13:00:25","26.95","47","942.96","3880","","","","","-106","5.300000190734863","25618","1776614425551"
"4590","2026-04-19 13:00:35","26.96","47","942.96","3880","","","","","-104","6","25619","1776614435514"
"4591","2026-04-19 13:00:45","26.97","47","942.96","3880","","","","","-105","6","25620","1776614445569"
"4592","2026-04-19 13:00:55","26.96","47","942.96","3880","","","","","-104","6.5","25621","1776614455543"
"4593","2026-04-19 13:01:05","26.94","47","942.94","3880","","","","","-105","5.5","25622","1776614465549"
"4594","2026-04-19 13:01:15","26.93","47","942.96","3880","","","","","-106","4.800000190734863","25623","1776614475522"
"4595","2026-04-19 13:01:25","26.93","47","942.94","3880","","","","","-105","5.5","25624","1776614485542"
"4596","2026-04-19 13:01:35","26.95","47","942.96","3880","","","","","-104","6.800000190734863","25625","1776614495528"
"4597","2026-04-19 13:01:45","26.94","47","942.96","3880","","","","","-105","6","25626","1776614505572"
"4598","2026-04-19 13:01:55","26.94","47","942.9200000000001","3880","","","","","-106","4.800000190734863","25627","1776614515551"
"4599","2026-04-19 13:02:05","26.94","47","942.96","3880","","","","","-105","6","25628","1776614525545"
"4600","2026-04-19 13:02:15","26.95","47","942.96","3880","","","","","-105","6","25629","1776614535540"
"4601","2026-04-19 13:02:25","26.96","47","942.94","3960","","","","","-107","3","25630","1776614545541"
"4602","2026-04-19 13:02:35","26.95","47","942.96","3960","","","","","-107","3.5","25631","1776614555542"
"4603","2026-04-19 13:02:45","26.95","47","942.98","3960","","","","","-106","5","25632","1776614565544"
"4604","2026-04-19 13:02:55","26.96","47","942.94","3960","","","","","-106","5.300000190734863","25633","1776614575539"
"4605","2026-04-19 13:03:05","26.95","47","942.94","3960","","","","","-105","5.300000190734863","25634","1776614585562"
"4606","2026-04-19 13:03:15","26.95","47","942.94","3960","","","","","-106","5.300000190734863","25635","1776614595544"
"4607","2026-04-19 13:03:25","26.95","47","942.9200000000001","3960","","","","","-106","5","25636","1776614605515"
"4608","2026-04-19 13:03:35","26.95","47","942.94","3960","","","","","-106","3.5","25637","1776614615515"
"4609","2026-04-19 13:03:45","26.95","47","942.94","3960","","","","","-109","2.299999952316284","25638","1776614625550"
"4610","2026-04-19 13:03:55","26.96","47","942.9","3960","","","","","-107","3.799999952316284","25639","1776614635567"
"4611","2026-04-19 13:04:05","26.97","47","942.94","3960","","","","","-106","4.800000190734863","25640","1776614645515"
"4612","2026-04-19 13:04:15","26.98","47","942.9","3960","","","","","-106","5.300000190734863","25641","1776614655541"
"4613","2026-04-19 13:04:25","26.97","47","942.96","3960","","","","","-106","5","25642","1776614665559"
"4614","2026-04-19 13:04:35","26.97","47","942.9200000000001","3960","","","","","-106","4.5","25643","1776614675553"
"4615","2026-04-19 13:04:45","26.97","47","942.9","3960","","","","","-106","5.300000190734863","25644","1776614685558"
"4616","2026-04-19 13:04:55","26.97","47","942.9200000000001","3960","","","","","-107","4.300000190734863","25645","1776614695509"
"4617","2026-04-19 13:05:05","26.97","47","942.9","3960","","","","","-107","4","25646","1776614705510"
"4618","2026-04-19 13:05:15","26.97","47","942.9200000000001","3960","","","","","-108","2.799999952316284","25647","1776614715514"
"4619","2026-04-19 13:05:25","26.97","47","942.9","3960","","","","","-107","4","25648","1776614725547"
"4620","2026-04-19 13:05:35","26.97","47","942.9200000000001","3960","","","","","-107","3.5","25649","1776614735511"
"4621","2026-04-19 13:05:45","26.97","47","942.9200000000001","3960","","","","","-107","4","25650","1776614745581"
"4622","2026-04-19 13:05:55","26.95","47","942.88","3960","","","","","-106","5","25651","1776614755544"
"4623","2026-04-19 13:06:05","26.94","47","942.9200000000001","3960","","","","","-106","4.5","25652","1776614765521"
"4624","2026-04-19 13:06:15","26.94","47","942.9","3960","","","","","-107","4.5","25653","1776614775521"
"4625","2026-04-19 13:06:25","26.93","46.5","942.9","3960","","","","","-107","3.799999952316284","25654","1776614785540"
"4626","2026-04-19 13:06:35","26.93","47","942.9","3960","","","","","-107","3.799999952316284","25655","1776614795518"
"4627","2026-04-19 13:06:45","26.93","47","942.88","3960","","","","","-108","2.299999952316284","25656","1776614805522"
"4628","2026-04-19 13:06:55","26.95","47","942.88","3960","","","","","-110","-0.30000001192092896","25657","1776614815543"
"4629","2026-04-19 13:07:05","26.94","47","942.9","3960","","","","","-109","1.7999999523162842","25658","1776614825823"
"4630","2026-04-19 13:07:15","26.95","47","942.9","3960","","","","","-110","1","25659","1776614835518"
"4631","2026-04-19 13:07:25","26.97","47","942.9","3960","","","","","-111","-3.299999952316284","25660","1776614845539"
"4632","2026-04-19 13:07:35","26.98","47","942.9200000000001","3920","","","","","-111","-2.5","25661","1776614855518"
"4633","2026-04-19 13:07:45","27.01","47","942.9","3920","","","","","-112","-3.5","25662","1776614865542"
"4634","2026-04-19 13:07:55","27.01","47","942.84","3920","","","","","-110","0.800000011920929","25663","1776614875539"
"4635","2026-04-19 13:08:05","27.01","47","942.82","3920","","","","","-109","0.800000011920929","25664","1776614885539"
"4636","2026-04-19 13:08:15","27.01","47","942.82","3920","","","","","-108","2.799999952316284","25665","1776614895520"
"4637","2026-04-19 13:08:25","27.01","47","942.84","3920","","","","","-108","2.799999952316284","25666","1776614905546"
"4638","2026-04-19 13:08:35","27.02","47","942.82","3920","","","","","-109","2","25667","1776614915549"
"4639","2026-04-19 13:08:45","27.02","47","942.84","3920","","","","","-109","1.5","25668","1776614925544"
"4640","2026-04-19 13:08:55","27.02","47","942.84","3920","","","","","-109","1","25669","1776614935521"
"4641","2026-04-19 13:09:05","27.02","47","942.84","3920","","","","","-109","1.7999999523162842","25670","1776614945548"
"4642","2026-04-19 13:09:15","27.03","47","942.84","3920","","","","","-108","2.5","25671","1776614955552"
"4643","2026-04-19 13:09:25","27.03","47","942.82","3920","","","","","-108","3.5","25672","1776614965541"
"4644","2026-04-19 13:09:35","27.03","47","942.84","3900","","","","","-106","5.300000190734863","25673","1776614975542"
"4645","2026-04-19 13:09:45","27.02","47","942.82","3900","","","","","-106","5","25674","1776614985518"
"4646","2026-04-19 13:09:55","27.04","47","942.84","3920","","","","","-108","2.5","25675","1776614995546"
"4647","2026-04-19 13:10:05","27.03","47","942.82","3900","","","","","-107","3.5","25676","1776615005519"
"4648","2026-04-19 13:10:15","27.03","46.5","942.8000000000001","3920","","","","","-106","5.300000190734863","25677","1776615015520"
"4649","2026-04-19 13:10:25","27.02","46.5","942.82","3900","","","","","-105","5.5","25678","1776615025550"
"4650","2026-04-19 13:10:35","27.03","47","942.82","3900","","","","","-106","5.300000190734863","25679","1776615035514"
"4651","2026-04-19 13:10:45","27.02","47","942.78","3920","","","","","-104","6.300000190734863","25680","1776615045513"
"4652","2026-04-19 13:10:55","27.02","47","942.78","3920","","","","","-106","5.300000190734863","25681","1776615055519"
"4653","2026-04-19 13:11:05","27.01","47","942.8000000000001","3900","","","","","-106","5.5","25682","1776615065526"
"4654","2026-04-19 13:11:15","27","47","942.82","3900","","","","","-105","5.5","25683","1776615075543"
"4655","2026-04-19 13:11:25","26.99","47","942.84","3900","","","","","-105","5.5","25684","1776615085546"
"4656","2026-04-19 13:11:35","26.99","47","942.82","3900","","","","","-106","5.300000190734863","25685","1776615095517"
"4657","2026-04-19 13:11:45","26.99","47","942.8000000000001","3900","","","","","-106","5.300000190734863","25686","1776615105516"
"4658","2026-04-19 13:11:55","26.99","47","942.82","3900","","","","","-106","5","25687","1776615115549"
"4659","2026-04-19 13:12:05","26.98","47","942.86","3900","","","","","-105","6","25688","1776615125514"
"4660","2026-04-19 13:12:15","26.99","47","942.84","3900","","","","","-106","5","25689","1776615135520"
"4661","2026-04-19 13:12:25","26.99","47","942.84","3900","","","","","-105","5.800000190734863","25690","1776615145538"
"4662","2026-04-19 13:12:35","26.99","47","942.8000000000001","3900","","","","","-107","3.799999952316284","25691","1776615155516"
"4663","2026-04-19 13:12:45","26.98","47","942.84","3900","","","","","-107","4","25692","1776615165517"
"4664","2026-04-19 13:12:55","26.97","47","942.82","3900","","","","","-109","1","25693","1776615175545"
"4665","2026-04-19 13:13:05","26.97","47","942.84","3900","","","","","-106","4.5","25694","1776615185509"
"4666","2026-04-19 13:13:15","26.95","47","942.8000000000001","3900","","","","","-104","6.5","25695","1776615195546"
"4667","2026-04-19 13:13:25","26.95","47","942.84","3900","","","","","-104","6.5","25696","1776615205548"
"4668","2026-04-19 13:13:35","26.93","47","942.82","3900","","","","","-107","4","25697","1776615215550"
"4669","2026-04-19 13:13:45","26.92","47","942.84","3900","","","","","-106","4.800000190734863","25698","1776615225542"
"4670","2026-04-19 13:13:55","26.93","47","942.8000000000001","3900","","","","","-105","6","25699","1776615235544"
"4671","2026-04-19 13:14:05","26.93","47","942.82","3900","","","","","-105","5.800000190734863","25700","1776615245542"
"4672","2026-04-19 13:14:15","26.94","47","942.84","3900","","","","","-105","5.5","25701","1776615255584"
"4673","2026-04-19 13:14:25","26.96","47","942.84","3900","","","","","-107","4.5","25702","1776615265514"
"4674","2026-04-19 13:14:35","26.97","47","942.84","3900","","","","","-105","5.800000190734863","25703","1776615275535"
"4675","2026-04-19 13:14:45","26.97","47","942.78","3900","","","","","-106","5.5","25704","1776615285542"
"4676","2026-04-19 13:14:55","26.96","47","942.8000000000001","3900","","","","","-106","4.5","25705","1776615295511"
"4677","2026-04-19 13:15:05","26.96","47","942.8000000000001","3900","","","","","-106","5.300000190734863","25706","1776615305524"
"4678","2026-04-19 13:15:15","26.95","47","942.78","3900","","","","","-106","5.800000190734863","25707","1776615315511"
"4679","2026-04-19 13:15:25","26.94","47","942.78","3900","","","","","-105","5","25708","1776615325549"
"4680","2026-04-19 13:15:35","26.94","47","942.82","3900","","","","","-107","3.5","25709","1776615335530"
"4681","2026-04-19 13:15:45","26.95","47","942.78","3900","","","","","-106","5.300000190734863","25710","1776615345574"
"4682","2026-04-19 13:15:55","26.94","47","942.8000000000001","3900","","","","","-105","5.5","25711","1776615355551"
"4683","2026-04-19 13:16:05","26.95","47","942.8000000000001","3900","","","","","-104","6.300000190734863","25712","1776615365519"
"4684","2026-04-19 13:16:15","26.93","47","942.82","3900","","","","","-106","5.300000190734863","25713","1776615375546"
"4685","2026-04-19 13:16:25","26.92","47","942.82","3900","","","","","-106","5.300000190734863","25714","1776615385543"
"4686","2026-04-19 13:16:35","26.92","47","942.82","3900","","","","","-105","5.300000190734863","25715","1776615395537"
"4687","2026-04-19 13:16:45","26.92","47","942.84","3900","","","","","-105","6.300000190734863","25716","1776615405523"
"4688","2026-04-19 13:16:55","26.93","47","942.78","3900","","","","","-105","6","25717","1776615415543"
"4689","2026-04-19 13:17:05","26.94","47","942.78","3900","","","","","-104","6.5","25718","1776615425572"
"4690","2026-04-19 13:17:15","26.95","47","942.76","3900","","","","","-105","6","25719","1776615435518"
"4691","2026-04-19 13:17:25","26.94","47","942.76","3900","","","","","-104","7","25720","1776615445543"
"4692","2026-04-19 13:17:35","26.94","47","942.8000000000001","3900","","","","","-104","7","25721","1776615455536"
"4693","2026-04-19 13:17:45","26.93","47","942.78","3900","","","","","-104","6.5","25722","1776615465576"
"4694","2026-04-19 13:17:55","26.92","47","942.78","3900","","","","","-105","6.300000190734863","25723","1776615475540"
"4695","2026-04-19 13:18:05","26.91","47","942.78","3900","","","","","-105","4.800000190734863","25724","1776615485524"
"4696","2026-04-19 13:18:15","26.92","47","942.74","3900","","","","","-105","6.300000190734863","25725","1776615495510"
"4697","2026-04-19 13:18:25","26.91","47","942.74","3900","","","","","-104","6","25726","1776615505545"
"4698","2026-04-19 13:18:35","26.92","47","942.78","3900","","","","","-104","6.300000190734863","25727","1776615515517"
"4699","2026-04-19 13:18:45","26.92","47","942.76","3900","","","","","-104","6.300000190734863","25728","1776615525545"
"4700","2026-04-19 13:18:55","26.93","47","942.78","3900","","","","","-105","5.800000190734863","25729","1776615535550"
"4701","2026-04-19 13:19:05","26.94","47","942.74","3900","","","","","-105","5.800000190734863","25730","1776615545517"
"4702","2026-04-19 13:19:15","26.94","47","942.76","3900","","","","","-105","5.800000190734863","25731","1776615555543"
"4703","2026-04-19 13:19:25","26.92","47","942.76","3900","","","","","-106","5.300000190734863","25732","1776615565545"
"4704","2026-04-19 13:19:35","26.91","47","942.76","3900","","","","","-106","4.5","25733","1776615575551"
"4705","2026-04-19 13:19:45","26.9","47","942.74","3900","","","","","-107","3.799999952316284","25734","1776615585513"
"4706","2026-04-19 13:19:55","26.9","47","942.76","3880","","","","","-107","4.300000190734863","25735","1776615595543"
"4707","2026-04-19 13:20:05","26.91","47","942.72","3900","","","","","-106","5.300000190734863","25736","1776615605554"
"4708","2026-04-19 13:20:15","26.92","47","942.72","3900","","","","","-107","4.5","25737","1776615615509"
"4709","2026-04-19 13:20:25","26.93","47","942.74","3900","","","","","-107","4.300000190734863","25738","1776615625517"
"4710","2026-04-19 13:20:35","26.93","47.5","942.7","3900","","","","","-106","4.800000190734863","25739","1776615635518"
"4711","2026-04-19 13:20:45","26.93","47","942.6800000000001","3900","","","","","-106","4.800000190734863","25740","1776615645514"
"4712","2026-04-19 13:20:55","26.93","47","942.7","3900","","","","","-107","4.300000190734863","25741","1776615655553"
"4713","2026-04-19 13:21:05","26.93","47","942.7","3900","","","","","-107","4.300000190734863","25742","1776615665514"
"4714","2026-04-19 13:21:15","26.93","47","942.72","3900","","","","","-107","4","25743","1776615675517"
"4715","2026-04-19 13:21:25","26.93","47","942.6800000000001","3900","","","","","-106","4.5","25744","1776615685507"
"4716","2026-04-19 13:21:35","26.92","47","942.6800000000001","3900","","","","","-107","3.799999952316284","25745","1776615695566"
"4717","2026-04-19 13:21:45","26.91","47.5","942.66","3900","","","","","-106","5.300000190734863","25746","1776615705574"
"4718","2026-04-19 13:21:55","26.92","47","942.6800000000001","3900","","","","","-107","3","25747","1776615715542"
"4719","2026-04-19 13:22:05","26.93","47","942.7","3900","","","","","-105","5.300000190734863","25748","1776615725516"
"4720","2026-04-19 13:22:15","26.92","47","942.66","3900","","","","","-107","3.299999952316284","25749","1776615735572"
"4721","2026-04-19 13:22:25","26.9","47","942.66","3900","","","","","-106","5","25750","1776615745559"
"4722","2026-04-19 13:22:35","26.89","47","942.7","3900","","","","","-106","5","25751","1776615755509"
"4723","2026-04-19 13:22:45","26.88","47.5","942.7","3900","","","","","-107","4.300000190734863","25752","1776615765522"
"4724","2026-04-19 13:22:55","26.87","47","942.7","3900","","","","","-106","5.300000190734863","25753","1776615775546"
"4725","2026-04-19 13:23:05","26.87","47.5","942.7","3900","","","","","-105","6","25754","1776615785521"
"4726","2026-04-19 13:23:15","26.86","47.5","942.7","3900","","","","","-105","5.5","25755","1776615795543"
"4727","2026-04-19 13:23:25","26.85","47.5","942.6800000000001","3900","","","","","-108","3.299999952316284","25756","1776615805541"
"4728","2026-04-19 13:23:35","26.84","47.5","942.7","3900","","","","","-108","3.299999952316284","25757","1776615815543"
"4729","2026-04-19 13:23:45","26.84","47.5","942.7","3880","","","","","-108","2.5","25758","1776615825544"
"4730","2026-04-19 13:23:55","26.84","47.5","942.7","3900","","","","","-108","3.299999952316284","25759","1776615835545"
"4731","2026-04-19 13:24:05","26.83","47.5","942.74","3880","","","","","-107","4.5","25760","1776615845539"
"4732","2026-04-19 13:24:15","26.83","47.5","942.72","3900","","","","","-107","4.5","25761","1776615855537"
"4733","2026-04-19 13:24:25","26.83","47","942.7","3900","","","","","-107","3.5","25762","1776615865546"
"4734","2026-04-19 13:24:35","26.82","47","942.6800000000001","3880","","","","","-106","5","25763","1776615875545"
"4735","2026-04-19 13:24:45","26.84","47.5","942.7","3900","","","","","-105","5.5","25764","1776615885582"
"4736","2026-04-19 13:24:55","26.84","47.5","942.7","3900","","","","","-106","5.300000190734863","25765","1776615895506"
"4737","2026-04-19 13:25:05","26.84","47.5","942.7","3900","","","","","-106","5.300000190734863","25766","1776615905516"
"4738","2026-04-19 13:25:15","26.85","47","942.72","3900","","","","","-106","5.300000190734863","25767","1776615915511"
"4739","2026-04-19 13:25:25","26.83","47","942.72","3900","","","","","-105","5.800000190734863","25768","1776615925538"
"4740","2026-04-19 13:25:35","26.82","47.5","942.7","3900","","","","","-106","5.800000190734863","25769","1776615935519"
"4741","2026-04-19 13:25:45","26.8","47.5","942.7","3900","","","","","-106","5.300000190734863","25770","1776615945540"
"4742","2026-04-19 13:25:55","26.79","47.5","942.6800000000001","3900","","","","","-106","5","25771","1776615955545"
"4743","2026-04-19 13:26:05","26.78","47.5","942.7","3900","","","","","-106","4.800000190734863","25772","1776615965591"
"4744","2026-04-19 13:26:15","26.76","47.5","942.6800000000001","3900","","","","","-107","4","25773","1776615975536"
"4745","2026-04-19 13:26:25","26.75","47.5","942.66","3880","","","","","-107","3.5","25774","1776615985540"
"4746","2026-04-19 13:26:35","26.73","47.5","942.6800000000001","3900","","","","","-106","4.5","25775","1776615995519"
"4747","2026-04-19 13:26:45","26.74","47.5","942.66","3880","","","","","-106","5.300000190734863","25776","1776616005513"
"4748","2026-04-19 13:26:55","26.75","47.5","942.7","3900","","","","","-104","6.800000190734863","25777","1776616015541"
"4749","2026-04-19 13:27:05","26.75","47.5","942.66","3880","","","","","-103","7.300000190734863","25778","1776616025520"
"4750","2026-04-19 13:27:15","26.74","47.5","942.66","3880","","","","","-104","6.800000190734863","25779","1776616035557"
"4751","2026-04-19 13:27:25","26.75","47.5","942.6800000000001","3900","","","","","-105","5.300000190734863","25780","1776616045537"
"4752","2026-04-19 13:27:35","26.75","47.5","942.6800000000001","3880","","","","","-105","6","25781","1776616055543"
"4753","2026-04-19 13:27:45","26.78","47.5","942.66","3880","","","","","-105","6","25782","1776616065538"
"4754","2026-04-19 13:27:55","26.78","47.5","942.66","3900","","","","","-105","6.300000190734863","25783","1776616075547"
"4755","2026-04-19 13:28:05","26.78","47.5","942.66","3880","","","","","-106","5.5","25784","1776616085522"
"4756","2026-04-19 13:28:15","26.78","47.5","942.64","3880","","","","","-106","5.5","25785","1776616095545"
"4757","2026-04-19 13:28:25","26.78","47.5","942.6800000000001","3900","","","","","-106","5.300000190734863","25786","1776616105535"
"4758","2026-04-19 13:28:35","26.81","47.5","942.66","3900","","","","","-106","5","25787","1776616115533"
"4759","2026-04-19 13:28:45","26.81","47.5","942.6800000000001","3880","","","","","-106","4.800000190734863","25788","1776616125512"
"4760","2026-04-19 13:28:55","26.82","47.5","942.6800000000001","3880","","","","","-106","5","25789","1776616135538"
"4761","2026-04-19 13:29:05","26.84","47.5","942.6800000000001","3900","","","","","-106","5.300000190734863","25790","1776616145545"
"4762","2026-04-19 13:29:15","26.83","47.5","942.62","3880","","","","","-105","5.5","25791","1776616155555"
"4763","2026-04-19 13:29:25","26.82","47.5","942.64","3880","","","","","-104","6.800000190734863","25792","1776616165534"
"4764","2026-04-19 13:29:35","26.82","47.5","942.64","3900","","","","","-104","6.5","25793","1776616175544"
"4765","2026-04-19 13:29:45","26.81","47.5","942.66","3900","","","","","-104","6.5","25794","1776616185539"
"4766","2026-04-19 13:29:55","26.82","47.5","942.64","3880","","","","","-104","6.800000190734863","25795","1776616195540"
"4767","2026-04-19 13:30:05","26.82","47.5","942.66","3880","","","","","-107","4.800000190734863","25796","1776616205537"
"4768","2026-04-19 13:30:15","26.82","47.5","942.66","3880","","","","","-107","4.5","25797","1776616215513"
"4769","2026-04-19 13:30:25","26.83","47.5","942.66","3880","","","","","-104","6.5","25798","1776616225511"
"4770","2026-04-19 13:30:35","26.85","47.5","942.66","3900","","","","","-109","1","25799","1776616235539"
"4771","2026-04-19 13:30:45","26.84","47.5","942.6800000000001","3880","","","","","-107","4.300000190734863","25800","1776616245519"
"4772","2026-04-19 13:30:55","26.83","47.5","942.66","3880","","","","","-105","6.300000190734863","25801","1776616255523"
"4773","2026-04-19 13:31:05","26.82","47.5","942.66","3880","","","","","-104","6.800000190734863","25802","1776616265549"
"4774","2026-04-19 13:31:15","26.82","47.5","942.64","3880","","","","","-105","5.5","25803","1776616275505"
"4775","2026-04-19 13:31:25","26.82","47.5","942.66","3880","","","","","-106","4.800000190734863","25804","1776616285517"
"4776","2026-04-19 13:31:35","26.81","47.5","942.66","3880","","","","","-106","4.5","25805","1776616295521"
"4777","2026-04-19 13:31:45","26.82","47.5","942.66","3880","","","","","-107","4","25806","1776616305577"
"4778","2026-04-19 13:31:55","26.82","47.5","942.66","3880","","","","","-107","4","25807","1776616315541"
"4779","2026-04-19 13:32:05","26.82","47.5","942.62","3900","","","","","-107","3.799999952316284","25808","1776616325527"
"4780","2026-04-19 13:32:15","26.83","47.5","942.64","3880","","","","","-106","5.300000190734863","25809","1776616335518"
"4781","2026-04-19 13:32:25","26.83","47.5","942.66","3880","","","","","-106","5","25810","1776616345543"
"4782","2026-04-19 13:32:35","26.82","47.5","942.62","3880","","","","","-106","5","25811","1776616355512"
"4783","2026-04-19 13:32:45","26.83","47.5","942.64","3880","","","","","-106","5","25812","1776616365506"
"4784","2026-04-19 13:32:55","26.84","47.5","942.66","3880","","","","","-105","5.300000190734863","25813","1776616375537"
"4785","2026-04-19 13:33:05","26.84","47.5","942.66","3880","","","","","-105","5.800000190734863","25814","1776616385519"
"4786","2026-04-19 13:33:15","26.83","47.5","942.64","3880","","","","","-106","5.300000190734863","25815","1776616395538"
"4787","2026-04-19 13:33:25","26.84","47.5","942.62","3880","","","","","-106","5.5","25816","1776616405544"
"4788","2026-04-19 13:33:35","26.84","47.5","942.62","3880","","","","","-106","5.300000190734863","25817","1776616415535"
"4789","2026-04-19 13:33:45","26.84","47.5","942.64","3880","","","","","-106","5.300000190734863","25818","1776616425524"
"4790","2026-04-19 13:33:55","26.84","47.5","942.62","3880","","","","","-106","5","25819","1776616435540"
"4791","2026-04-19 13:34:05","26.85","47.5","942.62","3900","","","","","-106","5.300000190734863","25820","1776616445536"
"4792","2026-04-19 13:34:15","26.84","47.5","942.6","3880","","","","","-106","5.300000190734863","25821","1776616455513"
"4793","2026-04-19 13:34:25","26.83","47.5","942.6","3880","","","","","-106","5.300000190734863","25822","1776616465546"
"4794","2026-04-19 13:34:35","26.86","47.5","942.62","3900","","","","","-106","5.300000190734863","25823","1776616475536"
"4795","2026-04-19 13:34:45","26.86","47.5","942.6","3880","","","","","-106","4.800000190734863","25824","1776616485546"
"4796","2026-04-19 13:34:55","26.86","47.5","942.58","3880","","","","","-106","5.300000190734863","25825","1776616495544"
"4797","2026-04-19 13:35:05","26.85","47.5","942.58","3880","","","","","-105","5.5","25826","1776616505511"
"4798","2026-04-19 13:35:15","26.84","47.5","942.6","3880","","","","","-106","4.800000190734863","25827","1776616515507"
"4799","2026-04-19 13:35:25","26.84","47.5","942.58","3880","","","","","-106","5.300000190734863","25828","1776616525551"
"4800","2026-04-19 13:35:35","26.84","47.5","942.62","3880","","","","","-105","5.800000190734863","25829","1776616535572"
"4801","2026-04-19 13:35:45","26.84","47.5","942.58","3880","","","","","-104","6.5","25830","1776616545509"
"4802","2026-04-19 13:35:55","26.83","47.5","942.6","3880","","","","","-104","5.800000190734863","25831","1776616555544"
"4803","2026-04-19 13:36:05","26.83","47.5","942.64","3880","","","","","-105","6.300000190734863","25832","1776616565542"
"4804","2026-04-19 13:36:15","26.83","47.5","942.6","3880","","","","","-105","6.300000190734863","25833","1776616575551"
"4805","2026-04-19 13:36:25","26.84","47.5","942.58","3880","","","","","-106","4.800000190734863","25834","1776616585524"
"4806","2026-04-19 13:36:35","26.86","47.5","942.58","3880","","","","","-104","6.800000190734863","25835","1776616595524"
"4807","2026-04-19 13:36:45","26.88","47.5","942.58","3880","","","","","-106","5.5","25836","1776616605543"
"4808","2026-04-19 13:36:55","26.89","47.5","942.58","3880","","","","","-106","5","25837","1776616615541"
"4809","2026-04-19 13:37:05","26.87","47.5","942.6","3880","","","","","-106","5","25838","1776616625546"
"4810","2026-04-19 13:37:15","26.86","47.5","942.58","3880","","","","","-107","4.300000190734863","25839","1776616635513"
"4811","2026-04-19 13:37:25","26.86","47.5","942.6","3880","","","","","-107","3.799999952316284","25840","1776616645515"
"4812","2026-04-19 13:37:35","26.87","47.5","942.58","3880","","","","","-106","5","25841","1776616655514"
"4813","2026-04-19 13:37:45","26.88","47.5","942.58","3880","","","","","-107","4.5","25842","1776616665591"
"4814","2026-04-19 13:37:55","26.9","47.5","942.6","3880","","","","","-107","3.799999952316284","25843","1776616675537"
"4815","2026-04-19 13:38:05","26.91","47.5","942.6","3880","","","","","-108","3","25844","1776616685511"
"4816","2026-04-19 13:38:15","26.93","47.5","942.58","3880","","","","","-107","3.799999952316284","25845","1776616695556"
"4817","2026-04-19 13:38:25","26.94","47.5","942.58","3880","","","","","-109","2","25846","1776616705520"
"4818","2026-04-19 13:38:35","26.96","47.5","942.5600000000001","3880","","","","","-109","2.5","25847","1776616715509"
"4819","2026-04-19 13:38:45","26.97","47.5","942.52","3880","","","","","-109","1.5","25848","1776616725572"
"4820","2026-04-19 13:38:55","26.98","47.5","942.52","3880","","","","","-108","3","25849","1776616735546"
"4821","2026-04-19 13:39:05","26.99","47","942.54","3880","","","","","-108","3.299999952316284","25850","1776616745518"
"4822","2026-04-19 13:39:15","26.98","47","942.52","3880","","","","","-108","2.799999952316284","25851","1776616755537"
"4823","2026-04-19 13:39:25","26.98","47.5","942.54","3880","","","","","-109","1.7999999523162842","25852","1776616765541"
"4824","2026-04-19 13:39:35","27.01","47.5","942.5","3880","","","","","-108","2.799999952316284","25853","1776616775538"
"4825","2026-04-19 13:39:45","27.01","47","942.48","3880","","","","","-109","2","25854","1776616785540"
"4826","2026-04-19 13:39:55","27.04","47","942.5","3880","","","","","-110","0.800000011920929","25855","1776616795539"
"4827","2026-04-19 13:40:05","27.08","47","942.52","3880","","","","","-109","2","25856","1776616805586"
"4828","2026-04-19 13:40:15","27.08","47","942.52","3880","","","","","-108","2.799999952316284","25857","1776616815550"
"4829","2026-04-19 13:40:25","27.07","47","942.52","3880","","","","","-108","3","25858","1776616825574"
"4830","2026-04-19 13:40:35","27.06","47","942.48","3880","","","","","-108","2.5","25859","1776616835512"
"4831","2026-04-19 13:40:45","27.05","47","942.54","3880","","","","","-107","3.799999952316284","25860","1776616845556"
"4832","2026-04-19 13:40:55","27.04","47","942.54","3880","","","","","-106","5.300000190734863","25861","1776616855567"
"4833","2026-04-19 13:41:05","27.05","47","942.52","3880","","","","","-106","5","25862","1776616865517"
"4834","2026-04-19 13:41:15","27.06","47","942.5","3880","","","","","-107","4","25863","1776616875510"
"4835","2026-04-19 13:41:25","27.06","47.5","942.54","3880","","","","","-108","2.799999952316284","25864","1776616885540"
"4836","2026-04-19 13:41:35","27.05","47","942.5","3880","","","","","-104","6.800000190734863","25865","1776616895516"
"4837","2026-04-19 13:41:45","27.02","47","942.48","3880","","","","","-106","5","25866","1776616905509"
"4838","2026-04-19 13:41:55","26.99","47","942.52","3880","","","","","-108","3.299999952316284","25867","1776616915543"
"4839","2026-04-19 13:42:05","26.97","47","942.5","3880","","","","","-104","6.5","25868","1776616925576"
"4840","2026-04-19 13:42:15","26.96","47.5","942.52","3880","","","","","-106","5","25869","1776616935516"
"4841","2026-04-19 13:42:25","26.95","47.5","942.5","3880","","","","","-105","6.300000190734863","25870","1776616945538"
"4842","2026-04-19 13:42:35","26.94","47.5","942.52","3880","","","","","-104","6.5","25871","1776616955513"
"4843","2026-04-19 13:42:45","26.93","47","942.52","3880","","","","","-107","3.799999952316284","25872","1776616965523"
"4844","2026-04-19 13:42:55","26.93","47","942.5600000000001","3880","","","","","-108","3","25873","1776616975541"
"4845","2026-04-19 13:43:05","26.91","47","942.54","3880","","","","","-103","7.800000190734863","25874","1776616985544"
"4846","2026-04-19 13:43:15","26.9","47.5","942.52","3880","","","","","-106","5","25875","1776616995540"
"4847","2026-04-19 13:43:25","26.9","47.5","942.54","3880","","","","","-105","5.5","25876","1776617005542"
"4848","2026-04-19 13:43:35","26.9","47.5","942.52","3880","","","","","-105","6","25877","1776617015520"
"4849","2026-04-19 13:43:45","26.9","47.5","942.5600000000001","3880","","","","","-104","7.300000190734863","25878","1776617025526"
"4850","2026-04-19 13:43:55","26.91","47.5","942.5600000000001","3880","","","","","-107","3.5","25879","1776617035537"
"4851","2026-04-19 13:44:05","26.92","47.5","942.54","3880","","","","","-105","5.800000190734863","25880","1776617045539"
"4852","2026-04-19 13:44:15","26.93","47.5","942.52","3880","","","","","-104","6.5","25881","1776617055513"
"4853","2026-04-19 13:44:25","26.95","47","942.54","3880","","","","","-106","5.300000190734863","25882","1776617065538"
"4854","2026-04-19 13:44:35","26.94","47.5","942.54","3880","","","","","-104","7","25883","1776617075536"
"4855","2026-04-19 13:44:45","26.94","47.5","942.52","3880","","","","","-104","6.300000190734863","25884","1776617085515"
"4856","2026-04-19 13:44:55","26.91","47.5","942.52","3880","","","","","-104","6.800000190734863","25885","1776617095537"
"4857","2026-04-19 13:45:05","26.9","47.5","942.52","3880","","","","","-104","6.5","25886","1776617105508"
"4858","2026-04-19 13:45:15","26.9","47.5","942.54","3880","","","","","-104","7","25887","1776617115539"
"4859","2026-04-19 13:45:25","26.89","47.5","942.54","3880","","","","","-104","6.300000190734863","25888","1776617125535"
"4860","2026-04-19 13:45:35","26.9","47.5","942.5600000000001","3880","","","","","-105","5.800000190734863","25889","1776617135573"
"4861","2026-04-19 13:45:45","26.89","47.5","942.54","3880","","","","","-105","5.300000190734863","25890","1776617145508"
"4862","2026-04-19 13:45:55","26.89","47.5","942.5600000000001","3880","","","","","-105","5.300000190734863","25891","1776617155538"
"4863","2026-04-19 13:46:05","26.89","47.5","942.52","3880","","","","","-102","8","25892","1776617165502"
"4864","2026-04-19 13:46:15","26.89","47.5","942.6","3880","","","","","-103","7.5","25893","1776617175512"
"4865","2026-04-19 13:46:25","26.9","47.5","942.5600000000001","3880","","","","","-104","6.5","25894","1776617185541"
"4866","2026-04-19 13:46:35","26.91","47.5","942.58","3880","","","","","-107","4.300000190734863","25895","1776617195518"
"4867","2026-04-19 13:46:45","26.92","47.5","942.5600000000001","3880","","","","","-103","7.800000190734863","25896","1776617205521"
"4868","2026-04-19 13:46:55","26.91","47.5","942.58","3880","","","","","-102","8.300000190734863","25897","1776617215540"
"4869","2026-04-19 13:47:05","26.92","47.5","942.5600000000001","3880","","","","","-102","7.800000190734863","25898","1776617225534"
"4870","2026-04-19 13:47:15","26.92","47.5","942.52","3880","","","","","-104","6.800000190734863","25899","1776617235518"
"4871","2026-04-19 13:47:25","26.91","47.5","942.58","3880","","","","","-105","6","25900","1776617245545"
"4872","2026-04-19 13:47:35","26.9","47.5","942.54","3880","","","","","-107","4.300000190734863","25901","1776617255522"
"4873","2026-04-19 13:47:45","26.92","47.5","942.58","3880","","","","","-105","5.5","25902","1776617265510"
"4874","2026-04-19 13:47:55","26.94","47.5","942.58","3880","","","","","-103","7.5","25903","1776617275509"
"4875","2026-04-19 13:48:05","26.94","47.5","942.58","3880","","","","","-103","8","25904","1776617285577"
"4876","2026-04-19 13:48:15","26.93","47.5","942.6","3880","","","","","-105","5.800000190734863","25905","1776617295517"
"4877","2026-04-19 13:48:25","26.92","47.5","942.58","3880","","","","","-103","7.5","25906","1776617305539"
"4878","2026-04-19 13:48:35","26.91","47.5","942.5600000000001","3880","","","","","-101","9.300000190734863","25907","1776617315514"
"4879","2026-04-19 13:48:45","26.91","47.5","942.58","3880","","","","","-103","7.5","25908","1776617325518"
"4880","2026-04-19 13:48:55","26.91","47.5","942.5600000000001","3880","","","","","-104","7","25909","1776617335539"
"4881","2026-04-19 13:49:05","26.91","47.5","942.5600000000001","3880","","","","","-105","6","25910","1776617345515"
"4882","2026-04-19 13:49:15","26.93","47.5","942.5600000000001","3880","","","","","-103","7.800000190734863","25911","1776617355538"
"4883","2026-04-19 13:49:25","26.93","47.5","942.5600000000001","3880","","","","","-106","5.300000190734863","25912","1776617365537"
"4884","2026-04-19 13:49:35","26.92","47.5","942.58","3880","","","","","-106","5","25913","1776617375542"
"4885","2026-04-19 13:49:45","26.92","47.5","942.5600000000001","3880","","","","","-103","7.5","25914","1776617385542"
"4886","2026-04-19 13:49:55","26.92","47.5","942.58","3880","","","","","-104","7","25915","1776617395535"
"4887","2026-04-19 13:50:05","26.93","47.5","942.58","3880","","","","","-103","8","25916","1776617405546"
"4888","2026-04-19 13:50:15","26.93","47.5","942.5600000000001","3880","","","","","-102","8.300000190734863","25917","1776617415509"
"4889","2026-04-19 13:50:25","26.93","47.5","942.54","3960","","","","","-104","7.300000190734863","25918","1776617425541"
"4890","2026-04-19 13:50:35","26.9","47.5","942.58","3960","","","","","-102","8.5","25919","1776617435511"
"4891","2026-04-19 13:50:45","26.9","47.5","942.58","3960","","","","","-103","7.800000190734863","25920","1776617445527"
"4892","2026-04-19 13:50:55","26.88","47.5","942.6","3960","","","","","-106","5.300000190734863","25921","1776617455556"
"4893","2026-04-19 13:51:05","26.88","47.5","942.5600000000001","3960","","","","","-108","2.299999952316284","25922","1776617465514"
"4894","2026-04-19 13:51:15","","","","","","","","","-102","8","25923","1776617475206"
"4895","2026-04-19 13:51:15","26.88","47.5","942.5600000000001","3960","","","","","-104","6.800000190734863","25923","1776617475502"
"4896","2026-04-19 13:51:25","26.88","47.5","942.6","3960","","","","","-104","6.800000190734863","25924","1776617485538"
"4897","2026-04-19 13:51:35","26.87","47.5","942.58","3960","","","","","-103","7.800000190734863","25925","1776617495537"
"4898","2026-04-19 13:51:45","26.88","47.5","942.62","3960","","","","","-102","8.300000190734863","25926","1776617505550"
"4899","2026-04-19 13:51:55","26.88","47.5","942.62","3960","","","","","-105","5.800000190734863","25927","1776617515535"
"4900","2026-04-19 13:52:05","26.88","47.5","942.6","3960","","","","","-104","5","25928","1776617525508"
"4901","2026-04-19 13:52:15","26.87","47.5","942.6","3960","","","","","-103","7.800000190734863","25929","1776617535511"
"4902","2026-04-19 13:52:25","26.88","47.5","942.58","3960","","","","","-104","6.800000190734863","25930","1776617545546"
"4903","2026-04-19 13:52:35","26.86","47.5","942.6","3960","","","","","-105","5.800000190734863","25931","1776617555518"
"4904","2026-04-19 13:52:45","26.85","47.5","942.58","3960","","","","","-103","7.800000190734863","25932","1776617565550"
"4905","2026-04-19 13:52:55","26.84","47.5","942.5600000000001","3960","","","","","-105","6","25933","1776617575537"
"4906","2026-04-19 13:53:05","26.83","47.5","942.6","3960","","","","","-102","8.5","25934","1776617585534"
"4907","2026-04-19 13:53:15","26.81","47.5","942.62","3960","","","","","-103","7.5","25935","1776617595515"
"4908","2026-04-19 13:53:25","26.8","47.5","942.58","3960","","","","","-104","6.800000190734863","25936","1776617605533"
"4909","2026-04-19 13:53:35","26.81","47.5","942.6","3960","","","","","-103","7.5","25937","1776617615509"
"4910","2026-04-19 13:53:45","26.82","47.5","942.54","3960","","","","","-105","6","25938","1776617625536"
"4911","2026-04-19 13:53:55","26.85","48","942.5600000000001","3960","","","","","-104","7","25939","1776617635548"
"4912","2026-04-19 13:54:05","26.87","47.5","942.6","3960","","","","","-103","7.800000190734863","25940","1776617645513"
"4913","2026-04-19 13:54:15","26.86","47.5","942.58","3960","","","","","-103","7.800000190734863","25941","1776617655514"
"4914","2026-04-19 13:54:25","26.86","47.5","942.58","3960","","","","","-104","7.5","25942","1776617665548"
"4915","2026-04-19 13:54:35","26.85","47.5","942.58","3960","","","","","-104","6.5","25943","1776617675544"
"4916","2026-04-19 13:54:45","26.85","47.5","942.58","3960","","","","","-105","5.5","25944","1776617685510"
"4917","2026-04-19 13:54:55","26.87","47.5","942.5600000000001","3960","","","","","-106","5","25945","1776617695542"
"4918","2026-04-19 13:55:05","26.89","47.5","942.54","3960","","","","","-105","5.5","25946","1776617705544"
"4919","2026-04-19 13:55:15","26.88","47.5","942.54","3960","","","","","-106","5.300000190734863","25947","1776617715535"
"4920","2026-04-19 13:55:25","26.88","47.5","942.54","3960","","","","","-105","5.800000190734863","25948","1776617725541"
"4921","2026-04-19 13:55:35","26.86","47.5","942.52","3960","","","","","-106","5.300000190734863","25949","1776617735506"
"4922","2026-04-19 13:55:45","26.85","47.5","942.54","3960","","","","","-106","5.5","25950","1776617745582"
"4923","2026-04-19 13:55:55","26.84","47.5","942.5600000000001","3920","","","","","-106","5.300000190734863","25951","1776617755526"
"4924","2026-04-19 13:56:05","26.84","47.5","942.54","3920","","","","","-105","5.5","25952","1776617765505"
"4925","2026-04-19 13:56:15","26.87","47.5","942.58","3920","","","","","-105","5.5","25953","1776617775521"
"4926","2026-04-19 13:56:25","26.88","47.5","942.58","3920","","","","","-103","7.800000190734863","25954","1776617785540"
"4927","2026-04-19 13:56:35","26.88","47.5","942.5600000000001","3920","","","","","-105","5.800000190734863","25955","1776617795518"
"4928","2026-04-19 13:56:45","26.91","47.5","942.5600000000001","3920","","","","","-102","8","25956","1776617805517"
"4929","2026-04-19 13:56:55","26.92","47.5","942.5600000000001","3920","","","","","-105","4.5","25957","1776617815521"
"4930","2026-04-19 13:57:05","26.94","47.5","942.58","3920","","","","","-105","5.800000190734863","25958","1776617825517"
"4931","2026-04-19 13:57:15","26.98","47.5","942.5600000000001","3920","","","","","-103","7.300000190734863","25959","1776617835513"
"4932","2026-04-19 13:57:25","27.01","47.5","942.6","3920","","","","","-105","5.5","25960","1776617845543"
"4933","2026-04-19 13:57:35","26.99","47.5","942.6","3920","","","","","-109","2.299999952316284","25961","1776617855513"
"4934","2026-04-19 13:57:45","26.98","47.5","942.58","3920","","","","","-103","7.800000190734863","25962","1776617865584"
"4935","2026-04-19 13:57:55","26.95","47.5","942.58","3920","","","","","-104","7","25963","1776617875544"
"4936","2026-04-19 13:58:05","26.94","47.5","942.5600000000001","3900","","","","","-104","7.300000190734863","25964","1776617885513"
"4937","2026-04-19 13:58:15","26.96","47.5","942.58","3920","","","","","-104","7.5","25965","1776617895512"
"4938","2026-04-19 13:58:25","26.96","47.5","942.58","3920","","","","","-103","7.5","25966","1776617905542"
"4939","2026-04-19 13:58:35","26.95","47.5","942.6","3900","","","","","-106","5.300000190734863","25967","1776617915548"
"4940","2026-04-19 13:58:45","26.93","47.5","942.62","3900","","","","","-106","5.300000190734863","25968","1776617925515"
"4941","2026-04-19 13:58:55","26.93","47.5","942.6","3900","","","","","-104","6.5","25969","1776617935541"
"4942","2026-04-19 13:59:05","26.93","47.5","942.6","3920","","","","","-104","6.5","25970","1776617945537"
"4943","2026-04-19 13:59:15","26.94","47.5","942.6","3900","","","","","-103","7.800000190734863","25971","1776617955545"
"4944","2026-04-19 13:59:25","26.94","47.5","942.62","3900","","","","","-103","7.5","25972","1776617965538"
"4945","2026-04-19 13:59:35","26.92","47.5","942.64","3900","","","","","-104","7","25973","1776617975540"
"4946","2026-04-19 13:59:45","26.92","47.5","942.6","3900","","","","","-104","6.800000190734863","25974","1776617985510"
"4947","2026-04-19 13:59:55","26.93","47.5","942.58","3900","","","","","-101","8.800000190734863","25975","1776617995538"
"4948","2026-04-19 14:00:05","26.95","47.5","942.6","3900","","","","","-102","8","25976","1776618005532"
"4949","2026-04-19 14:00:15","26.96","47.5","942.62","3900","","","","","-104","6.800000190734863","25977","1776618015531"
"4950","2026-04-19 14:00:25","26.97","47.5","942.6","3900","","","","","-103","7.5","25978","1776618025576"
"4951","2026-04-19 14:00:35","26.98","47.5","942.62","3900","","","","","-105","6.300000190734863","25979","1776618035581"
"4952","2026-04-19 14:00:45","26.98","47.5","942.64","3900","","","","","-104","7","25980","1776618045516"
"4953","2026-04-19 14:00:55","26.98","47.5","942.6","3900","","","","","-103","8","25981","1776618055551"
"4954","2026-04-19 14:01:05","26.98","47.5","942.62","3900","","","","","-102","8.300000190734863","25982","1776618065511"
"4955","2026-04-19 14:01:15","26.98","47.5","942.6","3900","","","","","-102","8.300000190734863","25983","1776618075574"
"4956","2026-04-19 14:01:25","26.97","47.5","942.62","3900","","","","","-103","7.800000190734863","25984","1776618085509"
"4957","2026-04-19 14:01:35","26.96","47.5","942.62","3900","","","","","-102","8","25985","1776618095511"
"4958","2026-04-19 14:01:45","26.95","47.5","942.5600000000001","3900","","","","","-102","8","25986","1776618105512"
"4959","2026-04-19 14:01:55","26.95","47.5","942.6","3900","","","","","-103","7.800000190734863","25987","1776618115538"
"4960","2026-04-19 14:02:05","26.96","47.5","942.6","3900","","","","","-102","8","25988","1776618125549"
"4961","2026-04-19 14:02:15","26.98","47.5","942.6","3900","","","","","-102","8","25989","1776618135512"
"4962","2026-04-19 14:02:25","27.02","47.5","942.5600000000001","3900","","","","","-103","7.5","25990","1776618145538"
"4963","2026-04-19 14:02:35","27.04","47.5","942.6","3900","","","","","-104","6.800000190734863","25991","1776618155555"
"4964","2026-04-19 14:02:45","27.04","47.5","942.58","3900","","","","","-106","5","25992","1776618165565"
"4965","2026-04-19 14:02:55","27.03","47.5","942.5600000000001","3900","","","","","-106","5","25993","1776618175550"
"4966","2026-04-19 14:03:05","27.02","47.5","942.58","3900","","","","","-105","5","25994","1776618185592"
"4967","2026-04-19 14:03:15","27.01","47.5","942.6","3900","","","","","-104","7","25995","1776618195511"
"4968","2026-04-19 14:03:25","27","47","942.5600000000001","3900","","","","","-104","7.5","25996","1776618205541"
"4969","2026-04-19 14:03:35","27.01","47.5","942.58","3900","","","","","-105","6","25997","1776618215513"
"4970","2026-04-19 14:03:45","27.03","47.5","942.58","3900","","","","","-104","6.5","25998","1776618225518"
"4971","2026-04-19 14:03:55","27.02","47.5","942.5600000000001","3900","","","","","-105","5.800000190734863","25999","1776618235575"
"4972","2026-04-19 14:04:05","27.03","47.5","942.58","3900","","","","","-105","5.800000190734863","26000","1776618245531"
"4973","2026-04-19 14:04:15","27.02","47.5","942.5600000000001","3900","","","","","-104","5.5","26001","1776618255514"
"4974","2026-04-19 14:04:25","27.03","47.5","942.58","3900","","","","","-104","7","26002","1776618265513"
"4975","2026-04-19 14:04:35","27.03","47.5","942.6","3900","","","","","-104","6.800000190734863","26003","1776618275516"
"4976","2026-04-19 14:04:45","27.01","47.5","942.62","3900","","","","","-105","5.800000190734863","26004","1776618285519"
"4977","2026-04-19 14:04:55","27","47.5","942.62","3900","","","","","-103","7.800000190734863","26005","1776618295541"
"4978","2026-04-19 14:05:05","26.98","47.5","942.6","3900","","","","","-105","6","26006","1776618305517"
"4979","2026-04-19 14:05:15","26.97","47.5","942.6","3900","","","","","-106","3.5","26007","1776618315534"
"4980","2026-04-19 14:05:25","26.96","47.5","942.6","3900","","","","","-105","6","26008","1776618325539"
"4981","2026-04-19 14:05:35","27","47.5","942.58","3900","","","","","-104","6.800000190734863","26009","1776618335541"
"4982","2026-04-19 14:05:45","27","47.5","942.58","3900","","","","","-102","8","26010","1776618345564"
"4983","2026-04-19 14:05:55","26.98","47.5","942.58","3900","","","","","-104","7.5","26011","1776618355537"
"4984","2026-04-19 14:06:05","26.97","47.5","942.58","3900","","","","","-102","8.5","26012","1776618365507"
"4985","2026-04-19 14:06:15","26.96","47.5","942.54","3900","","","","","-104","6.5","26013","1776618375557"
"4986","2026-04-19 14:06:25","26.94","47.5","942.54","3900","","","","","-102","8.5","26014","1776618385502"
"4987","2026-04-19 14:06:35","26.94","47.5","942.5","3900","","","","","-104","6.800000190734863","26015","1776618395584"
"4988","2026-04-19 14:06:45","26.95","47.5","942.5600000000001","3900","","","","","-103","7.5","26016","1776618405516"
"4989","2026-04-19 14:06:55","26.94","47.5","942.5600000000001","3900","","","","","-105","6.300000190734863","26017","1776618415512"
"4990","2026-04-19 14:07:05","26.94","47.5","942.54","3900","","","","","-104","6.800000190734863","26018","1776618425510"
"4991","2026-04-19 14:07:15","26.95","47.5","942.54","3900","","","","","-104","6","26019","1776618435516"
"4992","2026-04-19 14:07:25","26.96","47.5","942.54","3900","","","","","-106","4.800000190734863","26020","1776618445540"
"4993","2026-04-19 14:07:35","26.99","47.5","942.5600000000001","3900","","","","","-105","5.800000190734863","26021","1776618455510"
"4994","2026-04-19 14:07:45","27.01","47.5","942.58","3900","","","","","-103","7.5","26022","1776618465512"
"4995","2026-04-19 14:07:55","27","47.5","942.58","3900","","","","","-105","5.800000190734863","26023","1776618475542"
"4996","2026-04-19 14:08:05","26.98","47.5","942.58","3900","","","","","-104","7.300000190734863","26024","1776618485585"
"4997","2026-04-19 14:08:15","27","47.5","942.5600000000001","3900","","","","","-104","6.300000190734863","26025","1776618495511"
"4998","2026-04-19 14:08:25","27","47.5","942.52","3900","","","","","-105","5.800000190734863","26026","1776618505557"
"4999","2026-04-19 14:08:35","26.99","47.5","942.52","3900","","","","","-105","5.800000190734863","26027","1776618515520"
"5000","2026-04-19 14:08:45","26.97","47.5","942.54","3900","","","","","-107","4.5","26028","1776618525529"
"5001","2026-04-19 14:08:55","26.95","47","942.5600000000001","3900","","","","","-106","5.5","26029","1776618535534"
"5002","2026-04-19 14:09:05","26.95","47.5","942.52","3900","","","","","-108","3.299999952316284","26030","1776618545503"
"5003","2026-04-19 14:09:15","26.95","47.5","942.52","3900","","","","","-107","4.300000190734863","26031","1776618555517"
"5004","2026-04-19 14:09:25","26.98","47.5","942.5","3900","","","","","-106","4.800000190734863","26032","1776618565542"
"5005","2026-04-19 14:09:35","27.01","47.5","942.5600000000001","3900","","","","","-104","6.5","26033","1776618575519"
"5006","2026-04-19 14:09:45","27.01","47.5","942.54","3900","","","","","-106","5","26034","1776618585505"
"5007","2026-04-19 14:09:55","27","47.5","942.5600000000001","3900","","","","","-104","7.300000190734863","26035","1776618595538"
"5008","2026-04-19 14:10:05","26.99","47.5","942.5600000000001","3880","","","","","-103","7.5","26036","1776618605540"
"5009","2026-04-19 14:10:15","26.98","47.5","942.52","3900","","","","","-104","6.5","26037","1776618615513"
"5010","2026-04-19 14:10:25","26.97","47.5","942.5600000000001","3900","","","","","-106","5","26038","1776618625537"
"5011","2026-04-19 14:10:35","26.98","47.5","942.54","3900","","","","","-105","6.300000190734863","26039","1776618635513"
"5012","2026-04-19 14:10:45","26.98","47.5","942.54","3900","","","","","-105","6","26040","1776618645539"
"5013","2026-04-19 14:10:55","26.97","47.5","942.52","3900","","","","","-104","7","26041","1776618655540"
"5014","2026-04-19 14:11:05","26.97","47.5","942.5600000000001","3900","","","","","-105","5.5","26042","1776618665515"
"5015","2026-04-19 14:11:15","26.98","47.5","942.58","3900","","","","","-105","6.300000190734863","26043","1776618675539"
"5016","2026-04-19 14:11:25","26.98","47.5","942.58","3900","","","","","-104","6","26044","1776618685534"
"5017","2026-04-19 14:11:35","26.99","47.5","942.5600000000001","3900","","","","","-102","8","26045","1776618695545"
"5018","2026-04-19 14:11:45","26.99","47.5","942.52","3900","","","","","-104","6.800000190734863","26046","1776618705512"
"5019","2026-04-19 14:11:55","26.98","47.5","942.54","3900","","","","","-106","5.300000190734863","26047","1776618715544"
"5020","2026-04-19 14:12:05","26.99","47.5","942.54","3900","","","","","-106","4.800000190734863","26048","1776618725513"
"5021","2026-04-19 14:12:15","26.98","47.5","942.54","3900","","","","","-103","7.5","26049","1776618735538"
"5022","2026-04-19 14:12:25","26.98","47.5","942.54","3900","","","","","-108","3.299999952316284","26050","1776618745504"
"5023","2026-04-19 14:12:35","26.98","47.5","942.52","3900","","","","","-106","4.800000190734863","26051","1776618755556"
"5024","2026-04-19 14:12:45","26.96","47.5","942.52","3900","","","","","-104","6.800000190734863","26052","1776618765512"
"5025","2026-04-19 14:12:55","26.97","47.5","942.54","3900","","","","","-105","5.800000190734863","26053","1776618775531"
"5026","2026-04-19 14:13:05","26.97","47.5","942.54","3900","","","","","-107","3.5","26054","1776618785515"
"5027","2026-04-19 14:13:15","26.99","47.5","942.52","3880","","","","","-104","7","26055","1776618795534"
"5028","2026-04-19 14:13:25","26.97","47.5","942.52","3880","","","","","-104","6.800000190734863","26056","1776618805541"
"5029","2026-04-19 14:13:35","26.95","47.5","942.52","3880","","","","","-105","5.800000190734863","26057","1776618815509"
"5030","2026-04-19 14:13:45","26.96","47.5","942.54","3900","","","","","-104","6.800000190734863","26058","1776618825515"
"5031","2026-04-19 14:13:55","26.99","47.5","942.5600000000001","3900","","","","","-105","6","26059","1776618835540"
"5032","2026-04-19 14:14:05","26.98","47.5","942.48","3880","","","","","-105","5.5","26060","1776618845516"
"5033","2026-04-19 14:14:15","26.98","47.5","942.5","3900","","","","","-105","6","26061","1776618855518"
"5034","2026-04-19 14:14:25","26.98","47.5","942.52","3900","","","","","-104","6.800000190734863","26062","1776618865541"
"5035","2026-04-19 14:14:35","26.97","47.5","942.5","3900","","","","","-104","7.300000190734863","26063","1776618875531"
"5036","2026-04-19 14:14:45","26.97","47.5","942.5","3900","","","","","-106","5","26064","1776618885512"
"5037","2026-04-19 14:14:55","26.95","47.5","942.5","3900","","","","","-104","6.5","26065","1776618895539"
"5038","2026-04-19 14:15:05","26.94","47.5","942.5","3900","","","","","-104","7","26066","1776618905509"
"5039","2026-04-19 14:15:15","26.93","47.5","942.48","3880","","","","","-104","6.800000190734863","26067","1776618915507"
"5040","2026-04-19 14:15:25","26.92","47.5","942.48","3900","","","","","-104","7.300000190734863","26068","1776618925535"
"5041","2026-04-19 14:15:35","26.92","47.5","942.48","3880","","","","","-104","6.5","26069","1776618935529"
"5042","2026-04-19 14:15:45","26.9","47.5","942.48","3900","","","","","-104","7","26070","1776618945532"
"5043","2026-04-19 14:15:55","26.9","47.5","942.5","3900","","","","","-105","5.5","26071","1776618955533"
"5044","2026-04-19 14:16:05","26.89","47.5","942.44","3880","","","","","-106","5.300000190734863","26072","1776618965542"
"5045","2026-04-19 14:16:15","26.9","47.5","942.44","3880","","","","","-104","6.5","26073","1776618975506"
"5046","2026-04-19 14:16:25","26.9","47.5","942.44","3880","","","","","-105","5.5","26074","1776618985546"
"5047","2026-04-19 14:16:35","26.91","47.5","942.46","3880","","","","","-105","5.800000190734863","26075","1776618995517"
"5048","2026-04-19 14:16:45","26.91","47.5","942.44","3880","","","","","-105","6","26076","1776619005522"
"5049","2026-04-19 14:16:55","26.93","47.5","942.44","3900","","","","","-105","6","26077","1776619015555"
"5050","2026-04-19 14:17:05","26.93","47.5","942.44","3900","","","","","-105","5.5","26078","1776619025512"
"5051","2026-04-19 14:17:15","26.93","47.5","942.44","3880","","","","","-105","5.300000190734863","26079","1776619035509"
"5052","2026-04-19 14:17:25","26.93","47.5","942.4200000000001","3900","","","","","-105","6.300000190734863","26080","1776619045534"
"5053","2026-04-19 14:17:35","26.97","47.5","942.46","3900","","","","","-104","6.800000190734863","26081","1776619055504"
"5054","2026-04-19 14:17:45","26.98","47.5","942.44","3900","","","","","-104","6.300000190734863","26082","1776619065518"
"5055","2026-04-19 14:17:55","26.97","47.5","942.46","3880","","","","","-104","6.300000190734863","26083","1776619075539"
"5056","2026-04-19 14:18:05","26.96","47.5","942.48","3880","","","","","-104","6.5","26084","1776619085511"
"5057","2026-04-19 14:18:15","26.95","47.5","942.46","3880","","","","","-104","7","26085","1776619095511"
"5058","2026-04-19 14:18:25","26.94","47.5","942.48","3880","","","","","-104","6.800000190734863","26086","1776619105531"
"5059","2026-04-19 14:18:35","26.94","47.5","942.48","3880","","","","","-105","6","26087","1776619115508"
"5060","2026-04-19 14:18:45","26.95","47.5","942.48","3880","","","","","-105","5.800000190734863","26088","1776619125515"
"5061","2026-04-19 14:18:55","26.96","47.5","942.48","3880","","","","","-108","2.299999952316284","26089","1776619135534"
"5062","2026-04-19 14:19:05","26.97","47.5","942.48","3880","","","","","-103","7.5","26090","1776619145541"
"5063","2026-04-19 14:19:15","26.97","47.5","942.48","3880","","","","","-104","6.800000190734863","26091","1776619155507"
"5064","2026-04-19 14:19:25","26.97","47.5","942.48","3880","","","","","-105","6","26092","1776619165534"
"5065","2026-04-19 14:19:35","26.99","47.5","942.5","3880","","","","","-106","5","26093","1776619175506"
"5066","2026-04-19 14:19:45","26.99","47.5","942.48","3880","","","","","-105","6","26094","1776619185508"
"5067","2026-04-19 14:19:55","27.01","47.5","942.48","3880","","","","","-105","6.300000190734863","26095","1776619195531"
"5068","2026-04-19 14:20:05","27.04","47.5","942.5","3880","","","","","-108","2.5","26096","1776619205536"
"5069","2026-04-19 14:20:15","27.06","47.5","942.46","3880","","","","","-105","6","26097","1776619215532"
"5070","2026-04-19 14:20:25","27.04","47.5","942.46","3880","","","","","-104","7.300000190734863","26098","1776619225536"
"5071","2026-04-19 14:20:35","27.04","47.5","942.48","3880","","","","","-106","5","26099","1776619235530"
"5072","2026-04-19 14:20:45","27.03","47.5","942.46","3880","","","","","-104","7","26100","1776619245502"
"5073","2026-04-19 14:20:55","27.02","47.5","942.46","3880","","","","","-105","5.800000190734863","26101","1776619255531"
"5074","2026-04-19 14:21:05","27","47.5","942.48","3880","","","","","-104","6","26102","1776619265509"
"5075","2026-04-19 14:21:15","26.97","47.5","942.46","3880","","","","","-105","6","26103","1776619275537"
"5076","2026-04-19 14:21:25","26.96","47.5","942.46","3880","","","","","-104","6.5","26104","1776619285543"
"5077","2026-04-19 14:21:35","26.96","47.5","942.46","3880","","","","","-106","4.800000190734863","26105","1776619295565"
"5078","2026-04-19 14:21:45","26.97","47.5","942.48","3880","","","","","-105","6","26106","1776619305500"
"5079","2026-04-19 14:21:55","26.97","47.5","942.44","3880","","","","","-103","7.300000190734863","26107","1776619315531"
"5080","2026-04-19 14:22:05","26.98","47.5","942.44","3880","","","","","-104","7","26108","1776619325542"
"5081","2026-04-19 14:22:15","26.96","47.5","942.44","3880","","","","","-102","7.800000190734863","26109","1776619335506"
"5082","2026-04-19 14:22:25","26.96","47.5","942.44","3880","","","","","-105","6","26110","1776619345530"
"5083","2026-04-19 14:22:35","26.96","47.5","942.44","3880","","","","","-105","4.5","26111","1776619355515"
"5084","2026-04-19 14:22:45","26.96","47.5","942.4200000000001","3880","","","","","-105","5.5","26112","1776619365508"
"5085","2026-04-19 14:22:55","26.97","47.5","942.4","3880","","","","","-105","5.800000190734863","26113","1776619375532"
"5086","2026-04-19 14:23:05","26.97","47.5","942.4200000000001","3880","","","","","-105","6.300000190734863","26114","1776619385513"
"5087","2026-04-19 14:23:15","26.97","47.5","942.4200000000001","3880","","","","","-104","6.300000190734863","26115","1776619395502"
"5088","2026-04-19 14:23:25","26.97","47.5","942.4200000000001","3880","","","","","-104","6.5","26116","1776619405531"
"5089","2026-04-19 14:23:35","26.96","47.5","942.4","3880","","","","","-104","6.300000190734863","26117","1776619415507"
"5090","2026-04-19 14:23:45","26.95","47.5","942.4200000000001","3880","","","","","-104","6.300000190734863","26118","1776619425513"
"5091","2026-04-19 14:23:55","26.94","47.5","942.38","3880","","","","","-105","5.800000190734863","26119","1776619435532"
"5092","2026-04-19 14:24:05","26.94","47.5","942.4","3880","","","","","-105","5.800000190734863","26120","1776619445511"
"5093","2026-04-19 14:24:15","26.93","47.5","942.4","3880","","","","","-104","6.5","26121","1776619455506"
"5094","2026-04-19 14:24:25","26.94","47.5","942.4200000000001","3880","","","","","-104","6.800000190734863","26122","1776619465531"
"5095","2026-04-19 14:24:35","26.94","47.5","942.38","3880","","","","","-104","7","26123","1776619475499"
"5096","2026-04-19 14:24:45","26.95","48","942.4","3880","","","","","-104","6","26124","1776619485512"
"5097","2026-04-19 14:24:55","26.96","47.5","942.4","3880","","","","","-104","6.300000190734863","26125","1776619495529"
"5098","2026-04-19 14:25:05","26.99","47.5","942.4200000000001","3880","","","","","-104","6.800000190734863","26126","1776619505508"
"5099","2026-04-19 14:25:15","26.97","47.5","942.4","3880","","","","","-104","6.800000190734863","26127","1776619515530"
"5100","2026-04-19 14:25:25","26.96","47.5","942.4","3880","","","","","-104","6.300000190734863","26128","1776619525538"
"5101","2026-04-19 14:25:35","26.97","47.5","942.38","3880","","","","","-104","7","26129","1776619535500"
"5102","2026-04-19 14:25:45","26.97","47.5","942.4","3880","","","","","-105","5.300000190734863","26130","1776619545538"
"5103","2026-04-19 14:25:55","26.98","47.5","942.38","3880","","","","","-104","5.800000190734863","26131","1776619555528"
"5104","2026-04-19 14:26:05","27","47.5","942.4","3880","","","","","-104","7","26132","1776619565538"
"5105","2026-04-19 14:26:15","27","47.5","942.4","3880","","","","","-105","5.800000190734863","26133","1776619575514"
"5106","2026-04-19 14:26:25","27.01","47.5","942.4","3880","","","","","-106","5.300000190734863","26134","1776619585503"
"5107","2026-04-19 14:26:35","27.01","47.5","942.4","3880","","","","","-106","5.300000190734863","26135","1776619595510"
"5108","2026-04-19 14:26:45","27.01","47.5","942.4","3880","","","","","-105","6.300000190734863","26136","1776619605504"
"5109","2026-04-19 14:26:55","27.02","47.5","942.4200000000001","3880","","","","","-106","4.300000190734863","26137","1776619615499"
"5110","2026-04-19 14:27:05","27.01","47.5","942.4200000000001","3880","","","","","-104","6.5","26138","1776619625502"
"5111","2026-04-19 14:27:15","26.99","47.5","942.44","3880","","","","","-104","7","26139","1776619635500"
"5112","2026-04-19 14:27:25","26.98","47.5","942.4","3880","","","","","-106","5","26140","1776619645540"
"5113","2026-04-19 14:27:35","26.98","47.5","942.4200000000001","3880","","","","","-108","3","26141","1776619655560"
"5114","2026-04-19 14:27:45","26.98","47.5","942.4","3880","","","","","-103","7.5","26142","1776619665517"
"5115","2026-04-19 14:27:55","26.98","47.5","942.38","3880","","","","","-106","5.300000190734863","26143","1776619675532"
"5116","2026-04-19 14:28:05","26.99","47.5","942.4","3880","","","","","-106","5","26144","1776619685516"
"5117","2026-04-19 14:28:15","27.01","47.5","942.38","3880","","","","","-105","6","26145","1776619695530"
"5118","2026-04-19 14:28:25","26.98","47.5","942.4","3880","","","","","-104","7","26146","1776619705531"
"5119","2026-04-19 14:28:35","26.96","47.5","942.4","3880","","","","","-106","5","26147","1776619715507"
"5120","2026-04-19 14:28:45","26.95","47.5","942.4","3880","","","","","-106","4.5","26148","1776619725499"
"5121","2026-04-19 14:28:55","26.97","47.5","942.38","3880","","","","","-106","4.800000190734863","26149","1776619735537"
"5122","2026-04-19 14:29:05","26.98","47.5","942.4","3880","","","","","-108","2.5","26150","1776619745510"
"5123","2026-04-19 14:29:15","26.99","47.5","942.38","3880","","","","","-105","5.5","26151","1776619755530"
"5124","2026-04-19 14:29:25","27","47.5","942.38","3880","","","","","-106","4.800000190734863","26152","1776619765535"
"5125","2026-04-19 14:29:35","27.01","47.5","942.4","3880","","","","","-105","5.800000190734863","26153","1776619775505"
"5126","2026-04-19 14:29:45","27.02","47.5","942.4","3880","","","","","-105","6.300000190734863","26154","1776619785532"
"5127","2026-04-19 14:29:55","27.03","47.5","942.38","3880","","","","","-104","6.5","26155","1776619795536"
"5128","2026-04-19 14:30:05","27.03","47.5","942.4","3880","","","","","-105","6","26156","1776619805509"
"5129","2026-04-19 14:30:15","27.04","47.5","942.36","3880","","","","","-104","6.5","26157","1776619815501"
"5130","2026-04-19 14:30:25","27.03","47.5","942.38","3880","","","","","-106","5","26158","1776619825504"
"5131","2026-04-19 14:30:35","27.02","47.5","942.36","3880","","","","","-105","5.800000190734863","26159","1776619835516"
"5132","2026-04-19 14:30:45","27.01","47.5","942.36","3880","","","","","-107","4.800000190734863","26160","1776619845565"
"5133","2026-04-19 14:30:55","27.01","47.5","942.36","3880","","","","","-105","5.300000190734863","26161","1776619855528"
"5134","2026-04-19 14:31:05","26.97","47.5","942.36","3880","","","","","-105","5.800000190734863","26162","1776619865540"
"5135","2026-04-19 14:31:15","26.96","47.5","942.36","3880","","","","","-107","4","26163","1776619875506"
"5136","2026-04-19 14:31:25","26.95","47.5","942.36","3880","","","","","-106","5","26164","1776619885534"
"5137","2026-04-19 14:31:35","26.95","47.5","942.38","3880","","","","","-104","6","26165","1776619895530"
"5138","2026-04-19 14:31:45","26.95","47.5","942.38","3880","","","","","-104","7.300000190734863","26166","1776619905513"
"5139","2026-04-19 14:31:55","26.97","47.5","942.36","3880","","","","","-105","6","26167","1776619915532"
"5140","2026-04-19 14:32:05","26.98","47.5","942.38","3880","","","","","-103","7.5","26168","1776619925510"
"5141","2026-04-19 14:32:15","27","47.5","942.36","3880","","","","","-105","6","26169","1776619935515"
"5142","2026-04-19 14:32:25","26.99","47.5","942.36","3880","","","","","-104","6.800000190734863","26170","1776619945536"
"5143","2026-04-19 14:32:35","26.99","47.5","942.34","3880","","","","","-104","6.800000190734863","26171","1776619955516"
"5144","2026-04-19 14:32:45","26.98","47.5","942.36","3880","","","","","-103","7","26172","1776619965514"
"5145","2026-04-19 14:32:55","26.98","47.5","942.36","3880","","","","","-104","7","26173","1776619975552"
"5146","2026-04-19 14:33:05","26.98","47.5","942.36","3880","","","","","-104","6.800000190734863","26174","1776619985509"
"5147","2026-04-19 14:33:15","26.97","47.5","942.36","3880","","","","","-106","4.5","26175","1776619995586"
"5148","2026-04-19 14:33:25","26.97","47.5","942.38","3880","","","","","-104","6.800000190734863","26176","1776620005532"
"5149","2026-04-19 14:33:35","26.97","47.5","942.32","3880","","","","","-104","6.800000190734863","26177","1776620015534"
"5150","2026-04-19 14:33:45","26.98","47.5","942.36","3880","","","","","-107","4","26178","1776620025505"
"5151","2026-04-19 14:33:55","26.99","47.5","942.36","3880","","","","","-104","7.5","26179","1776620035530"
"5152","2026-04-19 14:34:05","26.98","47.5","942.32","3880","","","","","-105","5.800000190734863","26180","1776620045531"
"5153","2026-04-19 14:34:15","26.99","47.5","942.34","3880","","","","","-106","5.300000190734863","26181","1776620055560"
"5154","2026-04-19 14:34:25","27","47.5","942.32","3880","","","","","-103","7.800000190734863","26182","1776620065533"
"5155","2026-04-19 14:34:35","27.01","47.5","942.34","3880","","","","","-104","6.300000190734863","26183","1776620075500"
"5156","2026-04-19 14:34:45","27.01","47.5","942.34","3960","","","","","-106","4.800000190734863","26184","1776620085500"
"5157","2026-04-19 14:34:55","27.01","47.5","942.36","3960","","","","","-104","7.5","26185","1776620095530"
"5158","2026-04-19 14:35:05","27.02","47.5","942.34","3960","","","","","-103","7.800000190734863","26186","1776620105504"
"5159","2026-04-19 14:35:15","27.02","47.5","942.3000000000001","3960","","","","","-107","4","26187","1776620115530"
"5160","2026-04-19 14:35:25","27.03","47.5","942.34","3960","","","","","-104","6.5","26188","1776620125537"
"5161","2026-04-19 14:35:35","27.04","47.5","942.36","3960","","","","","-106","5.5","26189","1776620135535"
"5162","2026-04-19 14:35:45","27.04","47.5","942.32","3960","","","","","-104","6.5","26190","1776620145536"
"5163","2026-04-19 14:35:55","27.03","47.5","942.32","3960","","","","","-105","5.800000190734863","26191","1776620155539"
"5164","2026-04-19 14:36:05","27.03","47.5","942.32","3960","","","","","-105","6","26192","1776620165538"
"5165","2026-04-19 14:36:15","27.03","47.5","942.32","3960","","","","","-105","5.5","26193","1776620175506"
"5166","2026-04-19 14:36:25","27.03","47.5","942.32","3960","","","","","-104","6.800000190734863","26194","1776620185529"
"5167","2026-04-19 14:36:35","27.01","47.5","942.32","3960","","","","","-107","4.5","26195","1776620195570"
"5168","2026-04-19 14:36:45","27.01","47.5","942.32","3960","","","","","-103","7.5","26196","1776620205578"
"5169","2026-04-19 14:36:55","27.01","47.5","942.34","3960","","","","","-105","6","26197","1776620215539"
"5170","2026-04-19 14:37:05","27.01","47.5","942.36","3960","","","","","-104","7.5","26198","1776620225499"
"5171","2026-04-19 14:37:15","27.02","47.5","942.38","3960","","","","","-103","7.5","26199","1776620235515"
"5172","2026-04-19 14:37:25","27.03","47.5","942.36","3960","","","","","-106","4.300000190734863","26200","1776620245528"
"5173","2026-04-19 14:37:35","27.03","47.5","942.36","3960","","","","","-105","6","26201","1776620255508"
"5174","2026-04-19 14:37:45","27.04","47.5","942.36","3960","","","","","-106","4.300000190734863","26202","1776620265508"
"5175","2026-04-19 14:37:55","27.04","47.5","942.3000000000001","3960","","","","","-105","6","26203","1776620275526"
"5176","2026-04-19 14:38:05","27.03","47.5","942.34","3960","","","","","-104","7","26204","1776620285503"
"5177","2026-04-19 14:38:15","27.03","47.5","942.34","3960","","","","","-104","6.800000190734863","26205","1776620295504"
"5178","2026-04-19 14:38:25","27.03","47.5","942.34","3960","","","","","-104","6.5","26206","1776620305507"
"5179","2026-04-19 14:38:35","27.02","47.5","942.38","3960","","","","","-106","4.300000190734863","26207","1776620315563"
"5180","2026-04-19 14:38:45","27.02","47.5","942.34","3960","","","","","-107","3.299999952316284","26208","1776620325553"
"5181","2026-04-19 14:38:55","27.02","47.5","942.36","3960","","","","","-104","6.5","26209","1776620335529"
"5182","2026-04-19 14:39:05","27.01","47.5","942.32","3960","","","","","-104","6.5","26210","1776620345664"
"5183","2026-04-19 14:39:15","26.99","47.5","942.34","3960","","","","","-103","7.5","26211","1776620355510"
"5184","2026-04-19 14:39:25","26.97","47.5","942.34","3960","","","","","-104","6.5","26212","1776620365531"
"5185","2026-04-19 14:39:35","26.97","47.5","942.36","3960","","","","","-105","6.300000190734863","26213","1776620375506"
"5186","2026-04-19 14:39:45","26.97","47.5","942.38","3920","","","","","-103","7.5","26214","1776620385504"
"5187","2026-04-19 14:39:55","26.98","47.5","942.34","3920","","","","","-103","7.5","26215","1776620395530"
"5188","2026-04-19 14:40:05","27","47.5","942.34","3920","","","","","-105","5.5","26216","1776620405506"
"5189","2026-04-19 14:40:15","27","48","942.32","3920","","","","","-104","6.300000190734863","26217","1776620415511"
"5190","2026-04-19 14:40:25","27.01","47.5","942.28","3920","","","","","-105","5.800000190734863","26218","1776620425536"
"5191","2026-04-19 14:40:35","27.03","47.5","942.3000000000001","3920","","","","","-105","5.300000190734863","26219","1776620435538"
"5192","2026-04-19 14:40:45","27.04","47.5","942.32","3920","","","","","-105","6","26220","1776620445577"
"5193","2026-04-19 14:40:55","27.03","47.5","942.32","3920","","","","","-106","5.300000190734863","26221","1776620455534"
"5194","2026-04-19 14:41:05","27.03","47.5","942.28","3920","","","","","-105","4.800000190734863","26222","1776620465545"
"5195","2026-04-19 14:41:15","27.06","47.5","942.34","3920","","","","","-105","5.5","26223","1776620475537"
"5196","2026-04-19 14:41:25","27.05","47.5","942.32","3920","","","","","-105","6","26224","1776620485539"
"5197","2026-04-19 14:41:35","27.05","47.5","942.32","3900","","","","","-105","6","26225","1776620495530"
"5198","2026-04-19 14:41:45","27.05","47.5","942.32","3920","","","","","-107","3.799999952316284","26226","1776620505498"
"5199","2026-04-19 14:41:55","27.05","47.5","942.32","3920","","","","","-104","6.5","26227","1776620515529"
"5200","2026-04-19 14:42:05","27.05","47.5","942.3000000000001","3900","","","","","-105","5.800000190734863","26228","1776620525545"
"5201","2026-04-19 14:42:15","27.05","47.5","942.34","3900","","","","","-105","5.5","26229","1776620535501"
"5202","2026-04-19 14:42:25","27.04","47.5","942.34","3920","","","","","-106","5.5","26230","1776620545503"
"5203","2026-04-19 14:42:35","27.06","47.5","942.36","3920","","","","","-104","6.800000190734863","26231","1776620555509"
"5204","2026-04-19 14:42:45","27.06","47.5","942.34","3920","","","","","-105","5.5","26232","1776620565498"
"5205","2026-04-19 14:42:55","27.05","47.5","942.34","3920","","","","","-104","7.5","26233","1776620575534"
"5206","2026-04-19 14:43:05","27.05","47.5","942.32","3900","","","","","-106","5.300000190734863","26234","1776620585588"
"5207","2026-04-19 14:43:15","27.05","47.5","942.32","3900","","","","","-105","5.800000190734863","26235","1776620595519"
"5208","2026-04-19 14:43:25","27.06","47.5","942.32","3900","","","","","-107","5","26236","1776620605542"
"5209","2026-04-19 14:43:35","27.07","47.5","942.34","3900","","","","","-106","4.800000190734863","26237","1776620615506"
"5210","2026-04-19 14:43:45","27.06","47.5","942.34","3900","","","","","-106","5","26238","1776620625511"
"5211","2026-04-19 14:43:55","27.08","47.5","942.34","3900","","","","","-105","5.800000190734863","26239","1776620635537"
"5212","2026-04-19 14:44:05","27.07","47.5","942.32","3900","","","","","-104","6.800000190734863","26240","1776620645508"
"5213","2026-04-19 14:44:15","27.06","47.5","942.34","3920","","","","","-105","4.5","26241","1776620655504"
"5214","2026-04-19 14:44:25","27.05","47.5","942.34","3900","","","","","-105","5.800000190734863","26242","1776620665533"
"5215","2026-04-19 14:44:35","27.05","47.5","942.34","3900","","","","","-105","6","26243","1776620675533"
"5216","2026-04-19 14:44:45","27.05","47.5","942.32","3900","","","","","-103","7.300000190734863","26244","1776620685511"
"5217","2026-04-19 14:44:55","27.04","47.5","942.32","3900","","","","","-105","6","26245","1776620695537"
"5218","2026-04-19 14:45:05","27.02","47.5","942.32","3900","","","","","-103","7.300000190734863","26246","1776620705505"
"5219","2026-04-19 14:45:15","27.03","47.5","942.32","3900","","","","","-104","7.300000190734863","26247","1776620715500"
"5220","2026-04-19 14:45:25","27.04","47.5","942.34","3900","","","","","-104","6.800000190734863","26248","1776620725527"
"5221","2026-04-19 14:45:35","27.03","47.5","942.32","3900","","","","","-103","7","26249","1776620735530"
"5222","2026-04-19 14:45:45","27.04","47.5","942.3000000000001","3900","","","","","-105","6","26250","1776620745535"
"5223","2026-04-19 14:45:55","27.07","47.5","942.3000000000001","3900","","","","","-104","6.300000190734863","26251","1776620755542"
"5224","2026-04-19 14:46:05","27.06","47.5","942.3000000000001","3900","","","","","-106","5","26252","1776620765518"
"5225","2026-04-19 14:46:15","27.06","47.5","942.28","3900","","","","","-106","4.800000190734863","26253","1776620775502"
"5226","2026-04-19 14:46:25","27.08","47.5","942.32","3900","","","","","-106","5.300000190734863","26254","1776620785548"
"5227","2026-04-19 14:46:35","27.09","47.5","942.34","3900","","","","","-107","3.299999952316284","26255","1776620795535"
"5228","2026-04-19 14:46:45","27.09","47.5","942.32","3900","","","","","-106","4.800000190734863","26256","1776620805504"
"5229","2026-04-19 14:46:55","27.09","47.5","942.3000000000001","3900","","","","","-107","4.800000190734863","26257","1776620815564"
"5230","2026-04-19 14:47:05","27.11","47.5","942.28","3900","","","","","-105","5.300000190734863","26258","1776620825558"
"5231","2026-04-19 14:47:15","27.1","47.5","942.28","3900","","","","","-107","4.300000190734863","26259","1776620835564"
"5232","2026-04-19 14:47:25","27.12","47.5","942.32","3900","","","","","-106","5.5","26260","1776620845527"
"5233","2026-04-19 14:47:35","27.13","47.5","942.32","3900","","","","","-106","4","26261","1776620855529"
"5234","2026-04-19 14:47:45","27.12","47.5","942.32","3900","","","","","-106","5","26262","1776620865514"
"5235","2026-04-19 14:47:55","27.09","47.5","942.26","3900","","","","","-107","4.300000190734863","26263","1776620875534"
"5236","2026-04-19 14:48:05","27.1","47.5","942.32","3900","","","","","-107","4.300000190734863","26264","1776620885528"
"5237","2026-04-19 14:48:15","27.08","47.5","942.28","3900","","","","","-106","5.300000190734863","26265","1776620895578"
"5238","2026-04-19 14:48:25","27.06","47.5","942.3000000000001","3900","","","","","-105","6.300000190734863","26266","1776620905538"
"5239","2026-04-19 14:48:35","27.06","47.5","942.26","3900","","","","","-105","6","26267","1776620915502"
"5240","2026-04-19 14:48:45","27.08","47.5","942.26","3900","","","","","-104","6.800000190734863","26268","1776620925575"
"5241","2026-04-19 14:48:55","27.1","47.5","942.3000000000001","3900","","","","","-104","6","26269","1776620935531"
"5242","2026-04-19 14:49:05","27.09","47.5","942.28","3900","","","","","-104","6.300000190734863","26270","1776620945562"
"5243","2026-04-19 14:49:15","27.1","47.5","942.26","3900","","","","","-104","6.300000190734863","26271","1776620955513"
"5244","2026-04-19 14:49:25","27.1","47.5","942.28","3900","","","","","-104","6.300000190734863","26272","1776620965536"
"5245","2026-04-19 14:49:35","27.1","47.5","942.28","3900","","","","","-104","6.5","26273","1776620975509"
"5246","2026-04-19 14:49:45","27.08","47.5","942.3000000000001","3900","","","","","-104","7","26274","1776620985509"
"5247","2026-04-19 14:49:55","27.07","47.5","942.3000000000001","3900","","","","","-104","7.300000190734863","26275","1776620995533"
"5248","2026-04-19 14:50:05","27.07","47.5","942.28","3900","","","","","-105","6.300000190734863","26276","1776621005509"
"5249","2026-04-19 14:50:15","27.08","47.5","942.28","3900","","","","","-106","5.800000190734863","26277","1776621015507"
"5250","2026-04-19 14:50:25","27.08","47.5","942.28","3900","","","","","-106","5.300000190734863","26278","1776621025527"
"5251","2026-04-19 14:50:35","27.07","47.5","942.3000000000001","3900","","","","","-105","5.800000190734863","26279","1776621035507"
"5252","2026-04-19 14:50:45","27.07","47.5","942.28","3900","","","","","-106","5","26280","1776621045537"
"5253","2026-04-19 14:50:55","27.06","47.5","942.22","3900","","","","","-105","5.5","26281","1776621055532"
"5254","2026-04-19 14:51:05","27.04","47.5","942.3000000000001","3900","","","","","-105","5.800000190734863","26282","1776621065537"
"5255","2026-04-19 14:51:15","27.03","47.5","942.3000000000001","3900","","","","","-106","5","26283","1776621075526"
"5256","2026-04-19 14:51:25","27.03","47.5","942.26","3900","","","","","-106","5.300000190734863","26284","1776621085548"
"5257","2026-04-19 14:51:35","27.04","47.5","942.28","3900","","","","","-104","7","26285","1776621095534"
"5258","2026-04-19 14:51:45","27.05","47.5","942.28","3900","","","","","-107","4","26286","1776621105543"
"5259","2026-04-19 14:51:55","27.06","47.5","942.3000000000001","3900","","","","","-106","4.800000190734863","26287","1776621115534"
"5260","2026-04-19 14:52:05","27.05","47.5","942.28","3900","","","","","-108","3","26288","1776621125542"
"5261","2026-04-19 14:52:15","27.04","47.5","942.3000000000001","3900","","","","","-104","7","26289","1776621135514"
"5262","2026-04-19 14:52:25","27.05","47.5","942.26","3900","","","","","-103","7.300000190734863","26290","1776621145503"
"5263","2026-04-19 14:52:35","27.04","47.5","942.26","3900","","","","","-104","6.800000190734863","26291","1776621155542"
"5264","2026-04-19 14:52:45","27.05","47.5","942.24","3900","","","","","-105","6","26292","1776621165538"
"5265","2026-04-19 14:52:55","27.04","47.5","942.24","3900","","","","","-105","6","26293","1776621175532"
"5266","2026-04-19 14:53:05","27.04","47.5","942.26","3900","","","","","-104","7.300000190734863","26294","1776621185540"
"5267","2026-04-19 14:53:15","27.05","47.5","942.24","3900","","","","","-104","7.300000190734863","26295","1776621195536"
"5268","2026-04-19 14:53:25","27.06","47.5","942.24","3900","","","","","-103","7.5","26296","1776621205529"
"5269","2026-04-19 14:53:35","27.05","47.5","942.22","3900","","","","","-104","7.300000190734863","26297","1776621215542"
"5270","2026-04-19 14:53:45","27.05","47.5","942.22","3900","","","","","-104","7","26298","1776621225501"
"5271","2026-04-19 14:53:55","27.06","47.5","942.24","3900","","","","","-104","6.800000190734863","26299","1776621235527"
"5272","2026-04-19 14:54:05","27.06","47.5","942.24","3900","","","","","-107","4.5","26300","1776621245529"
"5273","2026-04-19 14:54:15","27.04","47.5","942.24","3900","","","","","-106","5","26301","1776621255536"
"5274","2026-04-19 14:54:25","27.04","47.5","942.24","3900","","","","","-106","5.300000190734863","26302","1776621265577"
"5275","2026-04-19 14:54:35","27.06","47.5","942.2","3900","","","","","-106","5.300000190734863","26303","1776621275508"
"5276","2026-04-19 14:54:45","27.08","47.5","942.24","3900","","","","","-105","5.800000190734863","26304","1776621285537"
"5277","2026-04-19 14:54:55","27.08","47.5","942.2","3900","","","","","-106","5","26305","1776621295531"
"5278","2026-04-19 14:55:05","27.08","47.5","942.26","3900","","","","","-104","6.300000190734863","26306","1776621305508"
"5279","2026-04-19 14:55:15","27.08","47.5","942.26","3900","","","","","-105","6.300000190734863","26307","1776621315538"
"5280","2026-04-19 14:55:25","27.08","47.5","942.24","3900","","","","","-104","6.5","26308","1776621325529"
"5281","2026-04-19 14:55:35","27.07","47.5","942.24","3900","","","","","-104","6.300000190734863","26309","1776621335537"
"5282","2026-04-19 14:55:45","27.07","47.5","942.24","3880","","","","","-105","6.300000190734863","26310","1776621345528"
"5283","2026-04-19 14:55:55","27.07","47.5","942.24","3900","","","","","-105","6.300000190734863","26311","1776621355534"
"5284","2026-04-19 14:56:05","27.06","47.5","942.22","3880","","","","","-103","8","26312","1776621365532"
"5285","2026-04-19 14:56:15","27.05","47.5","942.24","3900","","","","","-106","4.800000190734863","26313","1776621375539"
"5286","2026-04-19 14:56:25","27.04","47.5","942.22","3900","","","","","-103","7.5","26314","1776621385532"
"5287","2026-04-19 14:56:35","27.05","47.5","942.24","3900","","","","","-105","6","26315","1776621395502"
"5288","2026-04-19 14:56:45","27.05","47.5","942.24","3880","","","","","-104","6.5","26316","1776621405505"
"5289","2026-04-19 14:56:55","27.05","47.5","942.26","3900","","","","","-104","6.5","26317","1776621415537"
"5290","2026-04-19 14:57:05","27.05","47.5","942.22","3900","","","","","-105","5.800000190734863","26318","1776621425510"
"5291","2026-04-19 14:57:15","27.03","47.5","942.24","3880","","","","","-103","8.300000190734863","26319","1776621435568"
"5292","2026-04-19 14:57:25","27.02","47.5","942.24","3900","","","","","-103","7.5","26320","1776621445505"
"5293","2026-04-19 14:57:35","27.02","47.5","942.24","3880","","","","","-105","6.5","26321","1776621455553"
"5294","2026-04-19 14:57:45","27.02","47.5","942.26","3900","","","","","-104","7","26322","1776621465503"
"5295","2026-04-19 14:57:55","27.03","47.5","942.24","3900","","","","","-105","5.800000190734863","26323","1776621475536"
"5296","2026-04-19 14:58:05","27.04","47.5","942.24","3880","","","","","-105","6","26324","1776621485513"
"5297","2026-04-19 14:58:15","27.03","47.5","942.22","3880","","","","","-106","4.800000190734863","26325","1776621495506"
"5298","2026-04-19 14:58:25","27.02","47.5","942.24","3900","","","","","-104","6.5","26326","1776621505535"
"5299","2026-04-19 14:58:35","27.01","47.5","942.22","3900","","","","","-102","8.300000190734863","26327","1776621515527"
"5300","2026-04-19 14:58:45","27","47.5","942.24","3880","","","","","-107","4","26328","1776621525512"
"5301","2026-04-19 14:58:55","27","47.5","942.24","3900","","","","","-105","6","26329","1776621535535"
"5302","2026-04-19 14:59:05","27.01","47.5","942.24","3900","","","","","-104","7.300000190734863","26330","1776621545501"
"5303","2026-04-19 14:59:15","27","47.5","942.24","3880","","","","","-104","6.300000190734863","26331","1776621555514"
"5304","2026-04-19 14:59:25","26.98","47.5","942.22","3880","","","","","-104","7","26332","1776621565526"
"5305","2026-04-19 14:59:35","26.96","47.5","942.22","3900","","","","","-105","6.300000190734863","26333","1776621575501"
"5306","2026-04-19 14:59:45","26.97","47.5","942.24","3900","","","","","-104","7.300000190734863","26334","1776621585568"
"5307","2026-04-19 14:59:55","27","47.5","942.26","3880","","","","","-102","8.5","26335","1776621595528"
"5308","2026-04-19 15:00:05","27.01","47.5","942.26","3900","","","","","-104","6.5","26336","1776621605511"
"5309","2026-04-19 15:00:15","27.02","47.5","942.26","3880","","","","","-106","5","26337","1776621615510"
"5310","2026-04-19 15:00:25","27.04","47.5","942.26","3880","","","","","-106","4.800000190734863","26338","1776621625496"
"5311","2026-04-19 15:00:35","27.05","47.5","942.26","3880","","","","","-105","5.800000190734863","26339","1776621635510"
"5312","2026-04-19 15:00:45","27.03","47.5","942.24","3880","","","","","-104","7.300000190734863","26340","1776621645506"
"5313","2026-04-19 15:00:55","27.02","47.5","942.22","3880","","","","","-106","4.800000190734863","26341","1776621655499"
"5314","2026-04-19 15:01:05","27.02","47.5","942.1800000000001","3900","","","","","-104","7.5","26342","1776621665507"
"5315","2026-04-19 15:01:15","27.02","47.5","942.2","3880","","","","","-104","7.300000190734863","26343","1776621675530"
"5316","2026-04-19 15:01:25","27.04","47.5","942.1800000000001","3880","","","","","-101","8.5","26344","1776621685549"
"5317","2026-04-19 15:01:35","27.04","47.5","942.2","3880","","","","","-104","6.5","26345","1776621695535"
"5318","2026-04-19 15:01:45","27.02","47.5","942.26","3880","","","","","-104","6.800000190734863","26346","1776621705533"
"5319","2026-04-19 15:01:55","27.01","47.5","942.22","3880","","","","","-106","5.300000190734863","26347","1776621715534"
"5320","2026-04-19 15:02:05","27.02","47.5","942.22","3880","","","","","-104","7.300000190734863","26348","1776621725533"
"5321","2026-04-19 15:02:15","27.03","47.5","942.2","3880","","","","","-102","8.800000190734863","26349","1776621735531"
"5322","2026-04-19 15:02:25","27.06","47.5","942.22","3900","","","","","-102","8.5","26350","1776621745507"
"5323","2026-04-19 15:02:35","27.08","47.5","942.1800000000001","3900","","","","","-103","8","26351","1776621755536"
"5324","2026-04-19 15:02:45","27.07","47.5","942.22","3880","","","","","-104","7.800000190734863","26352","1776621765498"
"5325","2026-04-19 15:02:55","27.06","47.5","942.16","3880","","","","","-106","5.300000190734863","26353","1776621775535"
"5326","2026-04-19 15:03:05","27.05","47.5","942.1800000000001","3880","","","","","-107","4","26354","1776621785508"
"5327","2026-04-19 15:03:15","27.07","47.5","942.1800000000001","3880","","","","","-106","5.300000190734863","26355","1776621795507"
"5328","2026-04-19 15:03:25","27.06","47.5","942.16","3880","","","","","-105","5.800000190734863","26356","1776621805529"
"5329","2026-04-19 15:03:35","27.04","47.5","942.14","3880","","","","","-104","6.5","26357","1776621815506"
"5330","2026-04-19 15:03:45","27.04","47.5","942.12","3880","","","","","-106","5","26358","1776621825502"
"5331","2026-04-19 15:03:55","27.03","47.5","942.12","3880","","","","","-104","7.5","26359","1776621835534"
"5332","2026-04-19 15:04:05","27.04","47.5","942.14","3880","","","","","-106","5.800000190734863","26360","1776621845497"
"5333","2026-04-19 15:04:15","27.02","47.5","942.16","3880","","","","","-105","6","26361","1776621855499"
"5334","2026-04-19 15:04:25","27.01","47.5","942.14","3880","","","","","-105","6","26362","1776621865532"
"5335","2026-04-19 15:04:35","27.02","47.5","942.12","3880","","","","","-104","6.800000190734863","26363","1776621875513"
"5336","2026-04-19 15:04:45","27.04","47.5","942.14","3880","","","","","-107","3.799999952316284","26364","1776621885530"
"5337","2026-04-19 15:04:55","27.03","47.5","942.14","3880","","","","","-105","5.800000190734863","26365","1776621895532"
"5338","2026-04-19 15:05:05","27.03","47.5","942.16","3880","","","","","-107","4.300000190734863","26366","1776621905502"
"5339","2026-04-19 15:05:15","27.04","47.5","942.14","3880","","","","","-105","6","26367","1776621915527"
"5340","2026-04-19 15:05:25","27.02","47.5","942.16","3880","","","","","-106","4.800000190734863","26368","1776621925540"
"5341","2026-04-19 15:05:35","27.01","47.5","942.12","3880","","","","","-106","5","26369","1776621935513"
"5342","2026-04-19 15:05:45","26.99","47.5","942.16","3880","","","","","-107","3.799999952316284","26370","1776621945500"
"5343","2026-04-19 15:05:55","26.97","47.5","942.16","3880","","","","","-107","3.5","26371","1776621955547"
"5344","2026-04-19 15:06:05","26.96","47.5","942.14","3880","","","","","-107","3.799999952316284","26372","1776621965531"
"5345","2026-04-19 15:06:15","26.95","48","942.14","3880","","","","","-104","7.5","26373","1776621975530"
"5346","2026-04-19 15:06:25","26.94","47.5","942.16","3880","","","","","-102","8.300000190734863","26374","1776621985559"
"5347","2026-04-19 15:06:35","26.93","48","942.2","3880","","","","","-103","7.5","26375","1776621995537"
"5348","2026-04-19 15:06:45","26.93","47.5","942.1800000000001","3880","","","","","-105","6","26376","1776622005534"
"5349","2026-04-19 15:06:55","26.93","48","942.16","3880","","","","","-103","7.5","26377","1776622015552"
"5350","2026-04-19 15:07:05","26.93","48","942.16","3880","","","","","-104","6.300000190734863","26378","1776622025506"
"5351","2026-04-19 15:07:15","26.97","47.5","942.1800000000001","3880","","","","","-106","4.800000190734863","26379","1776622035498"
"5352","2026-04-19 15:07:25","27.01","47.5","942.16","3880","","","","","-109","2.5","26380","1776622045500"
"5353","2026-04-19 15:07:35","27.03","47.5","942.14","3880","","","","","-105","5.300000190734863","26381","1776622055536"
"5354","2026-04-19 15:07:45","27.03","48","942.16","3880","","","","","-106","5.300000190734863","26382","1776622065506"
"5355","2026-04-19 15:07:55","27.04","47.5","942.16","3880","","","","","-105","6","26383","1776622075503"
"5356","2026-04-19 15:08:05","27.02","47.5","942.16","3880","","","","","-106","5","26384","1776622085509"
"5357","2026-04-19 15:08:15","27","47.5","942.14","3880","","","","","-106","5","26385","1776622095536"
"5358","2026-04-19 15:08:25","26.98","47.5","942.14","3880","","","","","-104","7","26386","1776622105508"
"5359","2026-04-19 15:08:35","26.99","47.5","942.16","3880","","","","","-106","4","26387","1776622115507"
"5360","2026-04-19 15:08:45","27","47.5","942.14","3880","","","","","-107","3.5","26388","1776622125501"
"5361","2026-04-19 15:08:55","27.01","47.5","942.16","3880","","","","","-105","6.5","26389","1776622135502"
"5362","2026-04-19 15:09:05","27.02","47.5","942.14","3880","","","","","-109","2.5","26390","1776622145508"
"5363","2026-04-19 15:09:15","27.01","47.5","942.14","3880","","","","","-104","6.300000190734863","26391","1776622155507"
"5364","2026-04-19 15:09:25","27","47.5","942.16","3880","","","","","-106","5.800000190734863","26392","1776622165531"
"5365","2026-04-19 15:09:35","26.99","47.5","942.14","3880","","","","","-106","5","26393","1776622175525"
"5366","2026-04-19 15:09:45","27","47.5","942.14","3880","","","","","-104","7","26394","1776622185774"
"5367","2026-04-19 15:09:55","27","47.5","942.12","3880","","","","","-105","5.5","26395","1776622195524"
"5368","2026-04-19 15:10:05","27","47.5","942.14","3880","","","","","-105","5.800000190734863","26396","1776622205504"
"5369","2026-04-19 15:10:15","27.02","47.5","942.1","3880","","","","","-104","6.5","26397","1776622215507"
"5370","2026-04-19 15:10:25","27.04","47.5","942.08","3880","","","","","-104","7.300000190734863","26398","1776622225524"
"5371","2026-04-19 15:10:35","27.05","47.5","942.12","3880","","","","","-105","6","26399","1776622235503"
"5372","2026-04-19 15:10:45","27.07","47.5","942.08","3880","","","","","-104","6.5","26400","1776622245504"
"5373","2026-04-19 15:10:55","27.07","47.5","942.1","3880","","","","","-105","6","26401","1776622255534"
"5374","2026-04-19 15:11:05","27.04","47.5","942.04","3880","","","","","-105","5.800000190734863","26402","1776622265532"
"5375","2026-04-19 15:11:15","27.01","47.5","942.08","3880","","","","","-105","6.300000190734863","26403","1776622275520"
"5376","2026-04-19 15:11:25","27.02","47.5","942.1","3880","","","","","-104","6.800000190734863","26404","1776622285528"
"5377","2026-04-19 15:11:35","27.04","47.5","942.1","3880","","","","","-105","6.300000190734863","26405","1776622295513"
"5378","2026-04-19 15:11:45","27.01","47.5","942.1","3880","","","","","-108","3.299999952316284","26406","1776622305501"
"5379","2026-04-19 15:11:55","26.99","47.5","942.0600000000001","3880","","","","","-104","6.800000190734863","26407","1776622315537"
"5380","2026-04-19 15:12:05","26.98","47.5","942.1","3880","","","","","-104","6.5","26408","1776622325537"
"5381","2026-04-19 15:12:15","26.96","47.5","942.1","3880","","","","","-105","6.300000190734863","26409","1776622335540"
"5382","2026-04-19 15:12:25","26.95","47.5","942.0600000000001","3880","","","","","-106","5.5","26410","1776622345532"
"5383","2026-04-19 15:12:35","26.96","47.5","942.1","3880","","","","","-104","7","26411","1776622355530"
"5384","2026-04-19 15:12:45","26.97","48","942.1","3880","","","","","-104","7.5","26412","1776622365503"
"5385","2026-04-19 15:12:55","26.96","47.5","942.08","3880","","","","","-105","6","26413","1776622375536"
"5386","2026-04-19 15:13:05","26.96","47.5","942.08","3880","","","","","-107","4.5","26414","1776622385554"
"5387","2026-04-19 15:13:15","26.95","47.5","942.08","3880","","","","","-107","4.5","26415","1776622395502"
"5388","2026-04-19 15:13:25","26.95","47.5","942.1","3880","","","","","-108","3.299999952316284","26416","1776622405509"
"5389","2026-04-19 15:13:35","26.95","47.5","942.1","3880","","","","","-106","5","26417","1776622415509"
"5390","2026-04-19 15:13:45","26.94","47.5","942.1","3880","","","","","-104","7","26418","1776622425531"
"5391","2026-04-19 15:13:55","26.96","47.5","942.1","3880","","","","","-106","5","26419","1776622435526"
"5392","2026-04-19 15:14:05","26.97","47.5","942.08","3880","","","","","-106","5.300000190734863","26420","1776622445504"
"5393","2026-04-19 15:14:15","26.97","48","942.1","3880","","","","","-105","5.300000190734863","26421","1776622455501"
"5394","2026-04-19 15:14:25","26.97","48","942.08","3880","","","","","-104","6.300000190734863","26422","1776622465546"
"5395","2026-04-19 15:14:35","27","47.5","942.08","3880","","","","","-106","5.5","26423","1776622475497"
"5396","2026-04-19 15:14:45","27.01","47.5","942.0600000000001","3880","","","","","-105","5.5","26424","1776622485502"
"5397","2026-04-19 15:14:55","27.01","47.5","942.04","3880","","","","","-106","5.300000190734863","26425","1776622495527"
"5398","2026-04-19 15:15:05","26.99","47.5","942.08","3880","","","","","-105","5.800000190734863","26426","1776622505503"
"5399","2026-04-19 15:15:15","26.97","47.5","942.0600000000001","3880","","","","","-104","7","26427","1776622515510"
"5400","2026-04-19 15:15:25","26.98","47.5","942.1","3880","","","","","-104","6.5","26428","1776622525532"
"5401","2026-04-19 15:15:35","26.97","47.5","942.08","3880","","","","","-104","7.300000190734863","26429","1776622535512"
"5402","2026-04-19 15:15:45","26.97","47.5","942.08","3880","","","","","-103","7.800000190734863","26430","1776622545500"
"5403","2026-04-19 15:15:55","26.97","47.5","942.0600000000001","3880","","","","","-107","3.5","26431","1776622555525"
"5404","2026-04-19 15:16:05","26.97","47.5","942.08","3880","","","","","-108","3.799999952316284","26432","1776622565525"
"5405","2026-04-19 15:16:15","26.98","47.5","942.04","3880","","","","","-104","6.5","26433","1776622575502"
"5406","2026-04-19 15:16:25","26.98","47.5","942.0600000000001","3880","","","","","-104","6.800000190734863","26434","1776622585528"
"5407","2026-04-19 15:16:35","26.96","47.5","942.0600000000001","3880","","","","","-105","6.300000190734863","26435","1776622595501"
"5408","2026-04-19 15:16:45","26.96","47.5","942.04","3880","","","","","-105","5.300000190734863","26436","1776622605538"
"5409","2026-04-19 15:16:55","26.95","47.5","942.08","3880","","","","","-104","6.800000190734863","26437","1776622615534"
"5410","2026-04-19 15:17:05","26.95","47.5","942.1","3880","","","","","-104","6.300000190734863","26438","1776622625535"
"5411","2026-04-19 15:17:15","26.94","47.5","942.0600000000001","3880","","","","","-104","6.5","26439","1776622635534"
"5412","2026-04-19 15:17:25","26.94","48","942.0600000000001","3880","","","","","-105","5.800000190734863","26440","1776622645524"
"5413","2026-04-19 15:17:35","26.95","48","942.08","3880","","","","","-106","5","26441","1776622655502"
"5414","2026-04-19 15:17:45","26.95","48","942.08","3880","","","","","-105","5.800000190734863","26442","1776622665502"
"5415","2026-04-19 15:17:55","26.95","47.5","942.04","3880","","","","","-104","6.5","26443","1776622675525"
"5416","2026-04-19 15:18:05","26.95","47.5","942.08","3880","","","","","-103","7.5","26444","1776622685505"
"5417","2026-04-19 15:18:15","26.96","47.5","942.0600000000001","3880","","","","","-105","5.800000190734863","26445","1776622695510"
"5418","2026-04-19 15:18:25","26.96","47.5","942.08","3880","","","","","-104","7","26446","1776622705496"
"5419","2026-04-19 15:18:35","26.96","47.5","942.08","3880","","","","","-106","5.300000190734863","26447","1776622715507"
"5420","2026-04-19 15:18:45","26.96","48","942.0600000000001","3880","","","","","-104","6.5","26448","1776622725514"
"5421","2026-04-19 15:18:55","26.96","47.5","942.08","3880","","","","","-104","7.300000190734863","26449","1776622735503"
"5422","2026-04-19 15:19:05","26.95","47.5","942.0600000000001","3880","","","","","-104","6.800000190734863","26450","1776622745505"
"5423","2026-04-19 15:19:15","26.94","47.5","942.0600000000001","3880","","","","","-104","6","26451","1776622755528"
"5424","2026-04-19 15:19:25","26.94","47.5","942.08","3880","","","","","-104","6.800000190734863","26452","1776622765532"
"5425","2026-04-19 15:19:35","26.94","47.5","942.0600000000001","3880","","","","","-107","4.300000190734863","26453","1776622775500"
"5426","2026-04-19 15:19:45","26.95","48","942.04","3880","","","","","-107","3.799999952316284","26454","1776622785508"
"5427","2026-04-19 15:19:55","26.97","47.5","942.08","3880","","","","","-104","7.5","26455","1776622795534"
"5428","2026-04-19 15:20:05","26.96","48","942.0600000000001","3880","","","","","-106","5.800000190734863","26456","1776622805511"
"5429","2026-04-19 15:20:15","26.99","47.5","942.0600000000001","3960","","","","","-108","3.299999952316284","26457","1776622815505"
"5430","2026-04-19 15:20:25","27","47.5","942.02","3960","","","","","-106","5.800000190734863","26458","1776622825530"
"5431","2026-04-19 15:20:35","27","47.5","942.0600000000001","3960","","","","","-105","6","26459","1776622835507"
"5432","2026-04-19 15:20:45","27","47.5","942.02","3960","","","","","-105","6","26460","1776622845517"
"5433","2026-04-19 15:20:55","27","47.5","942.04","3960","","","","","-102","8","26461","1776622855532"
"5434","2026-04-19 15:21:05","26.99","47.5","942.04","3960","","","","","-102","8","26462","1776622865504"
"5435","2026-04-19 15:21:15","26.99","47.5","942.08","3960","","","","","-105","6.300000190734863","26463","1776622875523"
"5436","2026-04-19 15:21:25","26.99","47.5","942.0600000000001","3960","","","","","-106","3.5","26464","1776622885528"
"5437","2026-04-19 15:21:35","26.98","48","942.04","3960","","","","","-104","6.5","26465","1776622895502"
"5438","2026-04-19 15:21:45","26.96","47.5","942.0600000000001","3960","","","","","-107","4.5","26466","1776622905507"
"5439","2026-04-19 15:21:55","26.94","47.5","942.0600000000001","3960","","","","","-104","7.5","26467","1776622915530"
"5440","2026-04-19 15:22:05","26.95","48","942.08","3960","","","","","-105","5.800000190734863","26468","1776622925500"
"5441","2026-04-19 15:22:15","26.95","48","942.0600000000001","3960","","","","","-104","6.300000190734863","26469","1776622935536"
"5442","2026-04-19 15:22:25","26.96","47.5","942.0600000000001","3960","","","","","-105","6","26470","1776622945533"
"5443","2026-04-19 15:22:35","26.95","47.5","942.0600000000001","3960","","","","","-104","6.5","26471","1776622955530"
"5444","2026-04-19 15:22:45","26.95","47.5","942.0600000000001","3960","","","","","-104","6.300000190734863","26472","1776622965532"
"5445","2026-04-19 15:22:55","26.94","47.5","942.08","3960","","","","","-105","6","26473","1776622975505"
"5446","2026-04-19 15:23:05","26.94","48","942.08","3960","","","","","-106","5","26474","1776622985507"
"5447","2026-04-19 15:23:15","26.94","47.5","942.0600000000001","3960","","","","","-104","7","26475","1776622995503"
"5448","2026-04-19 15:23:25","26.93","48","942.08","3960","","","","","-106","5.300000190734863","26476","1776623005532"
"5449","2026-04-19 15:23:35","26.92","48","942.1","3960","","","","","-105","5.800000190734863","26477","1776623015501"
"5450","2026-04-19 15:23:45","26.92","48","942.04","3960","","","","","-107","4.300000190734863","26478","1776623025495"
"5451","2026-04-19 15:23:55","26.92","48","942.04","3960","","","","","-108","3","26479","1776623035497"
"5452","2026-04-19 15:24:05","26.92","48","942.0600000000001","3960","","","","","-105","5.800000190734863","26480","1776623045504"
"5453","2026-04-19 15:24:15","26.92","48","942.1","3960","","","","","-104","7.5","26481","1776623055577"
"5454","2026-04-19 15:24:25","26.92","47.5","942.08","3960","","","","","-108","2.799999952316284","26482","1776623065531"
"5455","2026-04-19 15:24:35","26.92","48","942.04","3960","","","","","-106","5","26483","1776623075501"
"5456","2026-04-19 15:24:45","26.96","48","942.0600000000001","3960","","","","","-107","4","26484","1776623085553"
"5457","2026-04-19 15:24:55","26.98","48","942.08","3960","","","","","-106","5","26485","1776623095527"
"5458","2026-04-19 15:25:05","26.98","47.5","942.0600000000001","3960","","","","","-108","3.5","26486","1776623105498"
"5459","2026-04-19 15:25:15","26.98","47.5","942.0600000000001","3920","","","","","-108","3.5","26487","1776623115506"
"5460","2026-04-19 15:25:25","27","48","942.0600000000001","3920","","","","","-104","7.5","26488","1776623125525"
"5461","2026-04-19 15:25:35","27","47.5","942.08","3920","","","","","-105","6","26489","1776623135566"
"5462","2026-04-19 15:25:45","27.01","48","942.08","3920","","","","","-106","5.300000190734863","26490","1776623145507"
"5463","2026-04-19 15:25:55","27.01","47.5","942.0600000000001","3920","","","","","-106","5.300000190734863","26491","1776623155529"
"5464","2026-04-19 15:26:05","27.02","47.5","942.0600000000001","3920","","","","","-104","6.800000190734863","26492","1776623165498"
"5465","2026-04-19 15:26:15","27.02","47.5","942.0600000000001","3920","","","","","-105","6","26493","1776623175534"
"5466","2026-04-19 15:26:25","27.02","47.5","942.08","3920","","","","","-104","6.5","26494","1776623185525"
"5467","2026-04-19 15:26:35","27","47.5","942.0600000000001","3920","","","","","-104","7","26495","1776623195531"
"5468","2026-04-19 15:26:45","27","47.5","942.12","3920","","","","","-104","7.5","26496","1776623205531"
"5469","2026-04-19 15:26:55","26.99","47.5","942.08","3920","","","","","-105","6","26497","1776623215525"
"5470","2026-04-19 15:27:05","26.96","47.5","942.08","3920","","","","","-104","7","26498","1776623225530"
"5471","2026-04-19 15:27:15","26.96","48","942.08","3900","","","","","-105","5.800000190734863","26499","1776623235509"
"5472","2026-04-19 15:27:25","26.96","47.5","942.0600000000001","3920","","","","","-103","7","26500","1776623245529"
"5473","2026-04-19 15:27:35","26.97","47.5","942.0600000000001","3920","","","","","-105","6.300000190734863","26501","1776623255526"
"5474","2026-04-19 15:27:45","26.95","47.5","942.08","3920","","","","","-105","5.800000190734863","26502","1776623265511"
"5475","2026-04-19 15:27:55","26.95","47.5","942.1","3920","","","","","-103","8.300000190734863","26503","1776623275526"
"5476","2026-04-19 15:28:05","26.96","47.5","942.0600000000001","3920","","","","","-104","7","26504","1776623285519"
"5477","2026-04-19 15:28:15","26.97","47.5","942.1","3920","","","","","-104","7.5","26505","1776623295536"
"5478","2026-04-19 15:28:25","26.97","47.5","942.1","3900","","","","","-104","7","26506","1776623305523"
"5479","2026-04-19 15:28:35","26.98","47.5","942.0600000000001","3900","","","","","-104","6.800000190734863","26507","1776623315501"
"5480","2026-04-19 15:28:45","26.97","47.5","942.0600000000001","3920","","","","","-103","7.5","26508","1776623325503"
"5481","2026-04-19 15:28:55","26.97","48","942.0600000000001","3920","","","","","-104","6.5","26509","1776623335529"
"5482","2026-04-19 15:29:05","26.96","47.5","942.08","3900","","","","","-104","7.300000190734863","26510","1776623345500"
"5483","2026-04-19 15:29:15","26.95","47.5","942.04","3900","","","","","-104","7.300000190734863","26511","1776623355519"
"5484","2026-04-19 15:29:25","26.93","47.5","942.08","3900","","","","","-103","7.5","26512","1776623365525"
"5485","2026-04-19 15:29:35","26.93","47.5","942.04","3900","","","","","-102","8.300000190734863","26513","1776623375502"
"5486","2026-04-19 15:29:45","26.94","47.5","942.02","3900","","","","","-104","7.800000190734863","26514","1776623385507"
"5487","2026-04-19 15:29:55","26.94","47.5","942.04","3900","","","","","-102","8.5","26515","1776623395531"
"5488","2026-04-19 15:30:05","26.95","48","942.1","3900","","","","","-105","6.300000190734863","26516","1776623405502"
"5489","2026-04-19 15:30:15","26.94","47.5","942.0600000000001","3900","","","","","-104","7","26517","1776623415501"
"5490","2026-04-19 15:30:25","26.93","47.5","942.0600000000001","3900","","","","","-104","6.300000190734863","26518","1776623425526"
"5491","2026-04-19 15:30:35","26.91","47.5","942.0600000000001","3900","","","","","-104","6.5","26519","1776623435508"
"5492","2026-04-19 15:30:45","26.91","48","942.0600000000001","3900","","","","","-104","7","26520","1776623445507"
"5493","2026-04-19 15:30:55","26.9","48","942.04","3900","","","","","-104","6","26521","1776623455529"
"5494","2026-04-19 15:31:05","26.89","48","942.04","3900","","","","","-104","6.5","26522","1776623465526"
"5495","2026-04-19 15:31:15","26.9","48","942.08","3900","","","","","-104","6.5","26523","1776623475552"
"5496","2026-04-19 15:31:25","26.92","47.5","942.02","3900","","","","","-104","7","26524","1776623485532"
"5497","2026-04-19 15:31:35","26.93","48","942.02","3900","","","","","-105","6","26525","1776623495502"
"5498","2026-04-19 15:31:45","26.94","48","942.04","3900","","","","","-104","6.300000190734863","26526","1776623505499"
"5499","2026-04-19 15:31:55","26.93","48","942.02","3900","","","","","-104","5.300000190734863","26527","1776623515523"
"5500","2026-04-19 15:32:05","26.94","47.5","942.04","3900","","","","","-105","6","26528","1776623525527"
"5501","2026-04-19 15:32:15","26.95","48","942.04","3900","","","","","-104","6.5","26529","1776623535531"
"5502","2026-04-19 15:32:25","26.94","48","942.02","3900","","","","","-105","6","26530","1776623545530"
"5503","2026-04-19 15:32:35","26.96","48","942.04","3900","","","","","-104","6.300000190734863","26531","1776623555523"
"5504","2026-04-19 15:32:45","26.97","48","942.04","3900","","","","","-104","7.5","26532","1776623565532"
"5505","2026-04-19 15:32:55","26.98","47.5","942.08","3900","","","","","-103","8","26533","1776623575533"
"5506","2026-04-19 15:33:05","26.98","47.5","942.0600000000001","3900","","","","","-105","5.800000190734863","26534","1776623585538"
"5507","2026-04-19 15:33:15","26.97","47.5","942.04","3900","","","","","-104","6.800000190734863","26535","1776623595547"
"5508","2026-04-19 15:33:25","26.97","48","942.02","3900","","","","","-104","6.300000190734863","26536","1776623605493"
"5509","2026-04-19 15:33:35","26.97","47.5","942.04","3900","","","","","-105","6","26537","1776623615527"
"5510","2026-04-19 15:33:45","26.97","47.5","942.0600000000001","3900","","","","","-105","6.300000190734863","26538","1776623625553"
"5511","2026-04-19 15:33:55","26.97","47.5","942.0600000000001","3900","","","","","-104","6.5","26539","1776623635503"
"5512","2026-04-19 15:34:05","26.99","47.5","942.0600000000001","3900","","","","","-104","7","26540","1776623645507"
"5513","2026-04-19 15:34:15","26.99","48","942.04","3900","","","","","-104","6.800000190734863","26541","1776623655533"
"5514","2026-04-19 15:34:25","26.98","47.5","942.0600000000001","3900","","","","","-104","6.5","26542","1776623665536"
"5515","2026-04-19 15:34:35","26.98","47.5","942.04","3900","","","","","-104","6.800000190734863","26543","1776623675509"
"5516","2026-04-19 15:34:45","26.97","47.5","942.0600000000001","3900","","","","","-105","5.800000190734863","26544","1776623685507"
"5517","2026-04-19 15:34:55","26.96","47.5","942.08","3900","","","","","-104","6.5","26545","1776623695505"
"5518","2026-04-19 15:35:05","26.97","47.5","942.0600000000001","3900","","","","","-104","7.300000190734863","26546","1776623705508"
"5519","2026-04-19 15:35:15","26.97","47.5","942.1","3900","","","","","-107","4","26547","1776623715576"
"5520","2026-04-19 15:35:25","26.97","47.5","942.04","3900","","","","","-107","3.299999952316284","26548","1776623725529"
"5521","2026-04-19 15:35:35","26.97","48","942.04","3900","","","","","-105","6.300000190734863","26549","1776623735531"
"5522","2026-04-19 15:35:45","26.96","48","942.0600000000001","3900","","","","","-107","4.800000190734863","26550","1776623745499"
"5523","2026-04-19 15:35:55","26.95","47.5","942.0600000000001","3900","","","","","-104","7","26551","1776623755539"
"5524","2026-04-19 15:36:05","26.94","47.5","942.0600000000001","3900","","","","","-104","7.300000190734863","26552","1776623765508"
"5525","2026-04-19 15:36:15","26.94","48","942.0600000000001","3900","","","","","-104","6.300000190734863","26553","1776623775508"
"5526","2026-04-19 15:36:25","26.94","47.5","942.04","3900","","","","","-104","7","26554","1776623785527"
"5527","2026-04-19 15:36:35","26.94","48","942.0600000000001","3900","","","","","-104","6.5","26555","1776623795531"
"5528","2026-04-19 15:36:45","26.94","47.5","942.08","3900","","","","","-103","7.5","26556","1776623805525"
"5529","2026-04-19 15:36:55","26.95","48","942.02","3900","","","","","-104","7","26557","1776623815526"
"5530","2026-04-19 15:37:05","26.97","48","942.0600000000001","3900","","","","","-103","7.5","26558","1776623825529"
"5531","2026-04-19 15:37:15","26.97","48","942.02","3900","","","","","-102","8.5","26559","1776623835498"
"5532","2026-04-19 15:37:25","26.95","48","942.04","3900","","","","","-106","4.800000190734863","26560","1776623845525"
"5533","2026-04-19 15:37:35","26.95","47.5","942.0600000000001","3900","","","","","-103","7.800000190734863","26561","1776623855509"
"5534","2026-04-19 15:37:45","26.94","47.5","942.04","3900","","","","","-109","2.5","26562","1776623865503"
"5535","2026-04-19 15:37:55","26.97","48","942.12","3900","","","","","-104","7","26563","1776623875551"
"5536","2026-04-19 15:38:05","26.96","47.5","942.0600000000001","3900","","","","","-103","8","26564","1776623885491"
"5537","2026-04-19 15:38:15","26.96","47.5","942.08","3900","","","","","-107","4","26565","1776623895538"
"5538","2026-04-19 15:38:25","26.94","47.5","942.0600000000001","3900","","","","","-105","5.800000190734863","26566","1776623905529"
"5539","2026-04-19 15:38:35","26.95","48","942.0600000000001","3900","","","","","-109","2.299999952316284","26567","1776623915497"
"5540","2026-04-19 15:38:45","26.94","48","942.0600000000001","3880","","","","","-104","7.300000190734863","26568","1776623925502"
"5541","2026-04-19 15:38:55","26.93","47.5","942.0600000000001","3900","","","","","-108","3.299999952316284","26569","1776623935533"
"5542","2026-04-19 15:39:05","26.94","47.5","942.0600000000001","3900","","","","","-107","4","26570","1776623945496"
"5543","2026-04-19 15:39:15","26.95","47.5","942.12","3900","","","","","-104","7.300000190734863","26571","1776623955536"
"5544","2026-04-19 15:39:25","26.94","47.5","942.04","3900","","","","","-105","6.300000190734863","26572","1776623965495"
"5545","2026-04-19 15:39:35","26.94","48","942.0600000000001","3900","","","","","-106","5.300000190734863","26573","1776623975499"
"5546","2026-04-19 15:39:45","26.94","47.5","942.08","3900","","","","","-109","1.7999999523162842","26574","1776623985506"
"5547","2026-04-19 15:39:55","26.93","47.5","942.1","3900","","","","","-106","5.5","26575","1776623995535"
"5548","2026-04-19 15:40:05","26.93","48","942.1","3900","","","","","-104","6.5","26576","1776624005498"
"5549","2026-04-19 15:40:15","26.93","48","942.0600000000001","3900","","","","","-104","7","26577","1776624015503"
"5550","2026-04-19 15:40:25","26.92","47.5","942.0600000000001","3900","","","","","-103","7.800000190734863","26578","1776624025533"
"5551","2026-04-19 15:40:35","26.91","47.5","942.08","3900","","","","","-104","7.300000190734863","26579","1776624035518"
"5552","2026-04-19 15:40:45","26.9","48","942.08","3900","","","","","-104","6.800000190734863","26580","1776624045578"
"5553","2026-04-19 15:40:55","26.89","47.5","942.08","3900","","","","","-108","3","26581","1776624055498"
"5554","2026-04-19 15:41:05","26.9","48","942.0600000000001","3900","","","","","-106","4.5","26582","1776624065523"
"5555","2026-04-19 15:41:15","26.89","48","942.08","3880","","","","","-106","5.300000190734863","26583","1776624075505"
"5556","2026-04-19 15:41:25","26.88","48","942.08","3900","","","","","-110","1.5","26584","1776624085526"
"5557","2026-04-19 15:41:35","26.88","48","942.1","3880","","","","","-106","5.300000190734863","26585","1776624095530"
"5558","2026-04-19 15:41:45","26.87","48","942.1","3900","","","","","-107","4","26586","1776624105506"
"5559","2026-04-19 15:41:55","26.86","48","942.12","3900","","","","","-107","4.300000190734863","26587","1776624115527"
"5560","2026-04-19 15:42:05","26.84","48","942.08","3880","","","","","-105","6.300000190734863","26588","1776624125493"
"5561","2026-04-19 15:42:15","26.83","48","942.08","3900","","","","","-111","-3","26589","1776624135521"
"5562","2026-04-19 15:42:25","26.84","48","942.08","3880","","","","","-107","4.300000190734863","26590","1776624145531"
"5563","2026-04-19 15:42:35","26.83","48","942.12","3900","","","","","-106","5.5","26591","1776624155517"
"5564","2026-04-19 15:42:45","26.82","48","942.12","3900","","","","","-107","4.300000190734863","26592","1776624165521"
"5565","2026-04-19 15:42:55","26.81","48","942.1","3880","","","","","-107","4.300000190734863","26593","1776624175508"
"5566","2026-04-19 15:43:05","26.8","48","942.0600000000001","3900","","","","","-106","5.300000190734863","26594","1776624185529"
"5567","2026-04-19 15:43:15","26.8","48","942.08","3900","","","","","-104","6.5","26595","1776624195499"
"5568","2026-04-19 15:43:25","26.79","48","942.08","3900","","","","","-105","6","26596","1776624205532"
"5569","2026-04-19 15:43:35","26.78","48","942.1","3880","","","","","-105","6.300000190734863","26597","1776624215505"
"5570","2026-04-19 15:43:45","26.78","48","942.1","3880","","","","","-104","6.5","26598","1776624225543"
"5571","2026-04-19 15:43:55","26.78","48","942.1","3900","","","","","-104","6.800000190734863","26599","1776624235560"
"5572","2026-04-19 15:44:05","26.78","48","942.08","3900","","","","","-105","5.800000190734863","26600","1776624245496"
"5573","2026-04-19 15:44:15","26.78","48","942.04","3880","","","","","-104","6.5","26601","1776624255521"
"5574","2026-04-19 15:44:25","26.77","48","942.0600000000001","3900","","","","","-104","7","26602","1776624265520"
"5575","2026-04-19 15:44:35","26.76","48","942.0600000000001","3880","","","","","-105","5.800000190734863","26603","1776624275500"
"5576","2026-04-19 15:44:45","26.76","48","942.04","3880","","","","","-106","5.5","26604","1776624285493"
"5577","2026-04-19 15:44:55","26.77","48","942.04","3900","","","","","-106","4.800000190734863","26605","1776624295529"
"5578","2026-04-19 15:45:05","26.8","48.5","942.0600000000001","3900","","","","","-105","5.800000190734863","26606","1776624305505"
"5579","2026-04-19 15:45:15","26.8","48.5","942.04","3900","","","","","-103","7.300000190734863","26607","1776624315501"
"5580","2026-04-19 15:45:25","26.78","48","942.02","3880","","","","","-111","-1.5","26608","1776624325529"
"5581","2026-04-19 15:45:35","26.78","48","942.0600000000001","3880","","","","","-108","3","26609","1776624335506"
"5582","2026-04-19 15:45:45","26.79","48","942.0600000000001","3880","","","","","-106","4.800000190734863","26610","1776624345500"
"5583","2026-04-19 15:45:55","26.8","48","942.0600000000001","3880","","","","","-106","4.800000190734863","26611","1776624355522"
"5584","2026-04-19 15:46:05","26.81","48","942.0600000000001","3880","","","","","-106","5.5","26612","1776624365509"
"5585","2026-04-19 15:46:15","26.82","48","942.04","3880","","","","","-104","6.5","26613","1776624375504"
"5586","2026-04-19 15:46:25","26.81","48","942.0600000000001","3880","","","","","-105","5.800000190734863","26614","1776624385529"
"5587","2026-04-19 15:46:35","26.8","48","942.08","3900","","","","","-105","5.800000190734863","26615","1776624395524"
"5588","2026-04-19 15:46:45","26.79","48","942.02","3880","","","","","-105","5.800000190734863","26616","1776624405504"
"5589","2026-04-19 15:46:55","26.79","48","942.02","3880","","","","","-104","6.5","26617","1776624415532"
"5590","2026-04-19 15:47:05","26.78","48","942","3880","","","","","-111","-0.800000011920929","26618","1776624425532"
"5591","2026-04-19 15:47:15","26.78","48","942.04","3880","","","","","-107","4.5","26619","1776624435507"
"5592","2026-04-19 15:47:25","26.79","48","942.02","3900","","","","","-105","6","26620","1776624445532"
"5593","2026-04-19 15:47:35","26.79","48","942.04","3880","","","","","-107","4.5","26621","1776624455521"
"5594","2026-04-19 15:47:45","26.8","48","942.02","3880","","","","","-106","5.5","26622","1776624465517"
"5595","2026-04-19 15:47:55","26.8","48","942.0600000000001","3880","","","","","-104","7","26623","1776624475528"
"5596","2026-04-19 15:48:05","26.81","48","942.04","3880","","","","","-106","5.5","26624","1776624485533"
"5597","2026-04-19 15:48:15","26.8","48","942.04","3880","","","","","-108","3","26625","1776624495533"
"5598","2026-04-19 15:48:25","26.81","48","942.0600000000001","3880","","","","","-104","7.300000190734863","26626","1776624505519"
"5599","2026-04-19 15:48:35","26.81","48","942.02","3880","","","","","-105","5.300000190734863","26627","1776624515502"
"5600","2026-04-19 15:48:45","26.81","48","942.0600000000001","3880","","","","","-107","4.800000190734863","26628","1776624525536"
"5601","2026-04-19 15:48:55","26.81","48","942.08","3880","","","","","-106","5.5","26629","1776624535532"
"5602","2026-04-19 15:49:05","26.8","48","942.1","3880","","","","","-106","5.800000190734863","26630","1776624545538"
"5603","2026-04-19 15:49:15","26.81","48","942.08","3880","","","","","-106","5.300000190734863","26631","1776624555494"
"5604","2026-04-19 15:49:25","26.82","48","942.08","3880","","","","","-105","5.800000190734863","26632","1776624565528"
"5605","2026-04-19 15:49:35","26.82","48","942.08","3880","","","","","-107","4.800000190734863","26633","1776624575502"
"5606","2026-04-19 15:49:45","26.83","48","942.08","3880","","","","","-105","5.5","26634","1776624585502"
"5607","2026-04-19 15:49:55","26.84","48","942.0600000000001","3880","","","","","-106","4.800000190734863","26635","1776624595524"
"5608","2026-04-19 15:50:05","26.84","47.5","942.0600000000001","3880","","","","","-106","5.300000190734863","26636","1776624605565"
"5609","2026-04-19 15:50:15","26.86","47.5","942.0600000000001","3880","","","","","-108","3.5","26637","1776624615505"
"5610","2026-04-19 15:50:25","26.86","48","942.08","3880","","","","","-104","6.5","26638","1776624625528"
"5611","2026-04-19 15:50:35","26.86","48","942.0600000000001","3880","","","","","-103","7.800000190734863","26639","1776624635513"
"5612","2026-04-19 15:50:45","26.86","47.5","942.04","3880","","","","","-106","5.5","26640","1776624645522"
"5613","2026-04-19 15:50:55","26.87","48","942.04","3880","","","","","-105","5.800000190734863","26641","1776624655531"
"5614","2026-04-19 15:51:05","26.86","48","942.0600000000001","3880","","","","","-105","6.5","26642","1776624665531"
"5615","2026-04-19 15:51:15","26.87","48","942.02","3880","","","","","-105","6.300000190734863","26643","1776624675523"
"5616","2026-04-19 15:51:25","26.87","48","942.0600000000001","3880","","","","","-104","7","26644","1776624685530"
"5617","2026-04-19 15:51:35","26.85","47.5","942.0600000000001","3880","","","","","-104","6.300000190734863","26645","1776624695490"
"5618","2026-04-19 15:51:45","26.86","47.5","942.0600000000001","3880","","","","","-104","7.5","26646","1776624705522"
"5619","2026-04-19 15:51:55","26.86","48","942.0600000000001","3880","","","","","-104","6.800000190734863","26647","1776624715530"
"5620","2026-04-19 15:52:05","26.86","48","942.08","3880","","","","","-103","8.300000190734863","26648","1776624725531"
"5621","2026-04-19 15:52:15","26.86","48","942.0600000000001","3880","","","","","-104","6.5","26649","1776624735528"
"5622","2026-04-19 15:52:25","26.84","48","942.04","3880","","","","","-104","6.800000190734863","26650","1776624745524"
"5623","2026-04-19 15:52:35","26.85","47.5","942.04","3880","","","","","-103","7.5","26651","1776624755525"
"5624","2026-04-19 15:52:45","26.85","48","942.04","3880","","","","","-104","6.5","26652","1776624765499"
"5625","2026-04-19 15:52:55","26.85","47.5","942.04","3880","","","","","-103","7.800000190734863","26653","1776624775530"
"5626","2026-04-19 15:53:05","26.85","47.5","942.04","3880","","","","","-104","6.5","26654","1776624785528"
"5627","2026-04-19 15:53:15","26.86","48","942.02","3880","","","","","-103","7.800000190734863","26655","1776624795527"
"5628","2026-04-19 15:53:25","26.86","48","942.04","3880","","","","","-103","8","26656","1776624805528"
"5629","2026-04-19 15:53:35","26.86","48","942","3880","","","","","-103","7.800000190734863","26657","1776624815490"
"5630","2026-04-19 15:53:45","26.87","47.5","942.02","3880","","","","","-104","7","26658","1776624825500"
"5631","2026-04-19 15:53:55","26.87","48","942.02","3880","","","","","-105","5.800000190734863","26659","1776624835555"
"5632","2026-04-19 15:54:05","26.87","47.5","942.04","3880","","","","","-107","5","26660","1776624845495"
"5633","2026-04-19 15:54:15","26.88","48","942.02","3880","","","","","-103","8","26661","1776624855506"
"5634","2026-04-19 15:54:25","26.89","47.5","942.04","3880","","","","","-104","6.5","26662","1776624865527"
"5635","2026-04-19 15:54:35","26.9","48","942","3880","","","","","-104","7.800000190734863","26663","1776624875495"
"5636","2026-04-19 15:54:45","26.9","48","942.04","3880","","","","","-103","7.800000190734863","26664","1776624885507"
"5637","2026-04-19 15:54:55","26.89","47.5","942.04","3880","","","","","-104","6.800000190734863","26665","1776624895521"
"5638","2026-04-19 15:55:05","26.88","48","942.04","3880","","","","","-104","6.5","26666","1776624905501"
"5639","2026-04-19 15:55:15","26.89","48","942.04","3880","","","","","-105","6","26667","1776624915520"
"5640","2026-04-19 15:55:25","26.87","47.5","942.04","3880","","","","","-105","5.800000190734863","26668","1776624925528"
"5641","2026-04-19 15:55:35","26.85","48","942.02","3880","","","","","-105","5.800000190734863","26669","1776624935497"
"5642","2026-04-19 15:55:45","26.85","47.5","942.02","3880","","","","","-105","5.800000190734863","26670","1776624945561"
"5643","2026-04-19 15:55:55","26.86","47.5","942","3880","","","","","-104","6.5","26671","1776624955532"
"5644","2026-04-19 15:56:05","26.85","47.5","942.02","3880","","","","","-105","5.800000190734863","26672","1776624965500"
"5645","2026-04-19 15:56:15","26.84","47.5","942.04","3880","","","","","-105","6","26673","1776624975498"
"5646","2026-04-19 15:56:25","26.84","48","942.02","3880","","","","","-106","5.5","26674","1776624985527"
"5647","2026-04-19 15:56:35","26.82","47.5","942.02","3880","","","","","-105","5.5","26675","1776624995516"
"5648","2026-04-19 15:56:45","26.82","47.5","942.04","3880","","","","","-104","7.5","26676","1776625005494"
"5649","2026-04-19 15:56:55","26.82","48","942.04","3880","","","","","-105","6","26677","1776625015521"
"5650","2026-04-19 15:57:05","26.82","48","942","3880","","","","","-104","6.800000190734863","26678","1776625025531"
"5651","2026-04-19 15:57:15","26.81","48","942","3880","","","","","-105","6","26679","1776625035525"
"5652","2026-04-19 15:57:25","26.82","48","942.04","3880","","","","","-104","6.5","26680","1776625045528"
"5653","2026-04-19 15:57:35","26.82","48","942","3880","","","","","-104","6.300000190734863","26681","1776625055505"
"5654","2026-04-19 15:57:45","26.83","48","942","3880","","","","","-104","7","26682","1776625065508"
"5655","2026-04-19 15:57:55","26.83","47.5","941.98","3880","","","","","-105","6.5","26683","1776625075523"
"5656","2026-04-19 15:58:05","26.84","48","942","3880","","","","","-105","6.300000190734863","26684","1776625085511"
"5657","2026-04-19 15:58:15","26.84","48","942.04","3880","","","","","-104","6.5","26685","1776625095523"
"5658","2026-04-19 15:58:25","26.84","48","942","3880","","","","","-104","6.5","26686","1776625105531"
"5659","2026-04-19 15:58:35","26.83","48","942.02","3880","","","","","-104","7","26687","1776625115519"
"5660","2026-04-19 15:58:45","26.83","48","942.02","3880","","","","","-102","8","26688","1776625125528"
"5661","2026-04-19 15:58:55","26.83","48","942","3880","","","","","-105","5.800000190734863","26689","1776625135525"
"5662","2026-04-19 15:59:05","26.83","48","942","3880","","","","","-104","6.300000190734863","26690","1776625145504"
"5663","2026-04-19 15:59:15","26.83","48","941.98","3880","","","","","-103","7.5","26691","1776625155503"
"5664","2026-04-19 15:59:25","26.84","47.5","942","3880","","","","","-105","6","26692","1776625165490"
"5665","2026-04-19 15:59:35","26.83","48","942","3880","","","","","-106","5.800000190734863","26693","1776625175541"
"5666","2026-04-19 15:59:45","26.83","48","942.02","3880","","","","","-106","5","26694","1776625185498"
"5667","2026-04-19 15:59:55","26.82","48","941.96","3880","","","","","-104","6.800000190734863","26695","1776625195492"
"5668","2026-04-19 16:00:05","26.83","48","942","3880","","","","","-104","6.300000190734863","26696","1776625205492"
"5669","2026-04-19 16:00:15","26.83","48","941.98","3880","","","","","-104","7.5","26697","1776625215508"
"5670","2026-04-19 16:00:25","26.82","48","942","3880","","","","","-107","4.300000190734863","26698","1776625225523"
"5671","2026-04-19 16:00:35","26.81","47.5","942","3880","","","","","-103","7.300000190734863","26699","1776625235514"
"5672","2026-04-19 16:00:45","26.79","48","941.98","3880","","","","","-104","6.300000190734863","26700","1776625245502"
"5673","2026-04-19 16:00:55","26.8","48","942.02","3880","","","","","-105","6","26701","1776625255501"
"5674","2026-04-19 16:01:05","26.8","48","942","3880","","","","","-104","6.5","26702","1776625265507"
"5675","2026-04-19 16:01:15","26.81","48","941.98","3880","","","","","-105","5.800000190734863","26703","1776625275578"
"5676","2026-04-19 16:01:25","26.8","47.5","942.02","3880","","","","","-105","6","26704","1776625285519"
"5677","2026-04-19 16:01:35","26.8","48","942","3880","","","","","-103","7.5","26705","1776625295502"
"5678","2026-04-19 16:01:45","26.8","48","941.98","3880","","","","","-104","7.5","26706","1776625305500"
"5679","2026-04-19 16:01:55","26.79","48","942.02","3880","","","","","-103","8","26707","1776625315545"
"5680","2026-04-19 16:02:05","26.78","48","941.98","3880","","","","","-106","5","26708","1776625325503"
"5681","2026-04-19 16:02:15","26.79","48","942","3880","","","","","-105","6.300000190734863","26709","1776625335529"
"5682","2026-04-19 16:02:25","26.8","48","942","3880","","","","","-103","7.800000190734863","26710","1776625345546"
"5683","2026-04-19 16:02:35","26.8","48","941.94","3880","","","","","-103","8","26711","1776625355530"
"5684","2026-04-19 16:02:45","26.8","48","941.98","3880","","","","","-106","5.5","26712","1776625365522"
"5685","2026-04-19 16:02:55","26.8","48","941.98","3880","","","","","-104","6.5","26713","1776625375521"
"5686","2026-04-19 16:03:05","26.81","48","941.96","3880","","","","","-105","5.5","26714","1776625385520"
"5687","2026-04-19 16:03:15","26.82","48","942","3880","","","","","-103","7.800000190734863","26715","1776625395500"
"5688","2026-04-19 16:03:25","26.83","48","942","3880","","","","","-104","6.300000190734863","26716","1776625405533"
"5689","2026-04-19 16:03:35","26.84","48","941.98","3880","","","","","-103","7.800000190734863","26717","1776625415489"
"5690","2026-04-19 16:03:45","26.84","48","942","3880","","","","","-104","6.800000190734863","26718","1776625425534"
"5691","2026-04-19 16:03:55","26.84","48","941.98","3880","","","","","-105","4.800000190734863","26719","1776625435570"
"5692","2026-04-19 16:04:05","26.84","47.5","942","3880","","","","","-104","7","26720","1776625445498"
"5693","2026-04-19 16:04:15","26.84","48","941.98","3880","","","","","-105","6.300000190734863","26721","1776625455496"
"5694","2026-04-19 16:04:25","26.84","48","942.02","3880","","","","","-105","6.300000190734863","26722","1776625465523"
"5695","2026-04-19 16:04:35","26.82","48","942","3880","","","","","-103","7.5","26723","1776625475572"
"5696","2026-04-19 16:04:45","26.81","48","942","3880","","","","","-104","7","26724","1776625485527"
"5697","2026-04-19 16:04:55","26.79","47.5","941.98","3880","","","","","-105","5.800000190734863","26725","1776625495521"
"5698","2026-04-19 16:05:05","26.79","48","941.98","3880","","","","","-104","6.800000190734863","26726","1776625505547"
"5699","2026-04-19 16:05:15","26.78","48","941.98","3880","","","","","-103","7.800000190734863","26727","1776625515520"
"5700","2026-04-19 16:05:25","26.79","48","941.98","3880","","","","","-104","7.300000190734863","26728","1776625525529"
"5701","2026-04-19 16:05:35","26.79","48","941.98","3880","","","","","-104","6.800000190734863","26729","1776625535492"
"5702","2026-04-19 16:05:45","26.79","48","942","3880","","","","","-104","7","26730","1776625545492"
"5703","2026-04-19 16:05:55","26.81","48","941.98","3960","","","","","-103","8","26731","1776625555525"
"5704","2026-04-19 16:06:05","26.83","48","942","3960","","","","","-104","6.800000190734863","26732","1776625565501"
"5705","2026-04-19 16:06:15","26.83","48","941.98","3960","","","","","-104","6.5","26733","1776625575510"
"5706","2026-04-19 16:06:25","26.82","48","941.96","3960","","","","","-105","6","26734","1776625585525"
"5707","2026-04-19 16:06:35","26.82","48","941.98","3960","","","","","-104","6.800000190734863","26735","1776625595497"
"5708","2026-04-19 16:06:45","26.82","48","942","3960","","","","","-105","6.300000190734863","26736","1776625605542"
"5709","2026-04-19 16:07:05","26.81","48","941.98","3960","","","","","-104","7","26738","1776625625489"
"5710","2026-04-19 16:07:15","26.81","48","941.98","3960","","","","","-104","6","26739","1776625635521"
"5711","2026-04-19 16:07:25","26.82","48","942.02","3960","","","","","-106","5.300000190734863","26740","1776625645528"
"5712","2026-04-19 16:07:35","26.82","48","941.98","3960","","","","","-104","7","26741","1776625655499"
"5713","2026-04-19 16:07:45","26.82","48","941.96","3960","","","","","-103","7.5","26742","1776625665522"
"5714","2026-04-19 16:07:55","26.83","48","942","3960","","","","","-103","7.5","26743","1776625675527"
"5715","2026-04-19 16:08:05","26.85","48","941.98","3960","","","","","-104","6.5","26744","1776625685499"
"5716","2026-04-19 16:08:15","26.84","48","941.98","3960","","","","","-105","6","26745","1776625695521"
"5717","2026-04-19 16:08:25","26.83","48","941.96","3960","","","","","-104","7","26746","1776625705519"
"5718","2026-04-19 16:08:35","26.83","47.5","941.98","3960","","","","","-104","6.5","26747","1776625715512"
"5719","2026-04-19 16:08:45","26.83","48","942","3960","","","","","-104","6","26748","1776625725507"
"5720","2026-04-19 16:08:55","26.83","48","941.94","3960","","","","","-104","6.800000190734863","26749","1776625735565"
"5721","2026-04-19 16:09:05","26.83","48","941.94","3960","","","","","-104","6.800000190734863","26750","1776625745499"
"5722","2026-04-19 16:09:15","26.83","48","941.94","3960","","","","","-105","5.800000190734863","26751","1776625755503"
"5723","2026-04-19 16:09:25","26.85","48","941.94","3960","","","","","-105","6.300000190734863","26752","1776625765492"
"5724","2026-04-19 16:09:35","26.85","48","941.98","3960","","","","","-104","6.300000190734863","26753","1776625775499"
"5725","2026-04-19 16:09:45","26.84","47.5","941.96","3960","","","","","-103","7.800000190734863","26754","1776625785502"
"5726","2026-04-19 16:09:55","26.84","48","942","3960","","","","","-105","5","26755","1776625795528"
"5727","2026-04-19 16:10:05","26.83","47.5","941.98","3960","","","","","-104","6.5","26756","1776625805505"
"5728","2026-04-19 16:10:15","26.85","48","941.98","3960","","","","","-105","5.5","26757","1776625815511"
"5729","2026-04-19 16:10:25","26.87","48","942","3960","","","","","-105","5.5","26758","1776625825526"
"5730","2026-04-19 16:10:35","26.87","47.5","942","3960","","","","","-104","6.800000190734863","26759","1776625835494"
"5731","2026-04-19 16:10:45","26.85","47.5","942","3960","","","","","-106","5.5","26760","1776625845505"
"5732","2026-04-19 16:10:55","26.84","48","942","3960","","","","","-105","5.800000190734863","26761","1776625855520"
"5733","2026-04-19 16:11:05","26.85","48","942","3920","","","","","-105","6.300000190734863","26762","1776625865517"
"5734","2026-04-19 16:11:15","26.84","48","941.98","3920","","","","","-105","6","26763","1776625875496"
"5735","2026-04-19 16:11:25","26.83","48","941.98","3920","","","","","-104","6.300000190734863","26764","1776625885519"
"5736","2026-04-19 16:11:35","26.84","48","942","3920","","","","","-105","5.300000190734863","26765","1776625895491"
"5737","2026-04-19 16:11:45","26.83","48","942","3920","","","","","-105","5.5","26766","1776625905491"
"5738","2026-04-19 16:11:55","26.82","48","942.02","3920","","","","","-104","6.800000190734863","26767","1776625915548"
"5739","2026-04-19 16:12:05","26.81","48","942","3920","","","","","-104","7","26768","1776625925494"
"5740","2026-04-19 16:12:15","26.81","47.5","942","3920","","","","","-104","7","26769","1776625935499"
"5741","2026-04-19 16:12:25","26.8","48","942","3920","","","","","-104","7","26770","1776625945532"
"5742","2026-04-19 16:12:35","26.79","48","942.02","3920","","","","","-105","6","26771","1776625955494"
"5743","2026-04-19 16:12:45","26.78","47.5","941.98","3920","","","","","-104","7.300000190734863","26772","1776625965494"
"5744","2026-04-19 16:12:55","26.78","48","942","3920","","","","","-106","5","26773","1776625975526"
"5745","2026-04-19 16:13:05","26.77","48","941.96","3920","","","","","-104","7","26774","1776625985527"
"5746","2026-04-19 16:13:15","26.78","48","942","3920","","","","","-104","6","26775","1776625995523"
"5747","2026-04-19 16:13:25","26.8","48","941.98","3920","","","","","-104","6.5","26776","1776626005520"
"5748","2026-04-19 16:13:35","26.8","48","942","3920","","","","","-104","6.800000190734863","26777","1776626015522"
"5749","2026-04-19 16:13:45","26.79","48","942.04","3900","","","","","-106","5.300000190734863","26778","1776626025525"
"5750","2026-04-19 16:13:55","26.8","48","942.02","3920","","","","","-106","4.800000190734863","26779","1776626035530"
"5751","2026-04-19 16:14:05","26.8","48","942","3900","","","","","-104","7","26780","1776626045491"
"5752","2026-04-19 16:14:15","26.8","48","942","3900","","","","","-105","5.800000190734863","26781","1776626055488"
"5753","2026-04-19 16:14:25","26.8","48","941.96","3900","","","","","-106","5","26782","1776626065495"
"5754","2026-04-19 16:14:35","26.79","48","942","3900","","","","","-104","6.800000190734863","26783","1776626075493"
"5755","2026-04-19 16:14:45","26.77","48","942.02","3900","","","","","-104","6.300000190734863","26784","1776626085501"
"5756","2026-04-19 16:14:55","26.77","48","942","3900","","","","","-104","6.5","26785","1776626095525"
"5757","2026-04-19 16:15:05","26.77","48","942","3900","","","","","-106","5","26786","1776626105496"
"5758","2026-04-19 16:15:15","26.75","48","942.02","3900","","","","","-105","5.800000190734863","26787","1776626115495"
"5759","2026-04-19 16:15:25","26.74","48","942.02","3900","","","","","-105","5.5","26788","1776626125518"
"5760","2026-04-19 16:15:35","26.74","48","941.96","3900","","","","","-107","4.5","26789","1776626135502"
"5761","2026-04-19 16:15:45","26.73","48","941.98","3900","","","","","-106","5.300000190734863","26790","1776626145487"
"5762","2026-04-19 16:15:55","26.73","48","942.02","3900","","","","","-107","3.799999952316284","26791","1776626155529"
"5763","2026-04-19 16:16:05","26.7","48","942.02","3900","","","","","-106","5","26792","1776626165503"
"5764","2026-04-19 16:16:15","26.68","48","942.02","3900","","","","","-106","5","26793","1776626175520"
"5765","2026-04-19 16:16:25","26.69","48","942","3900","","","","","-106","5.300000190734863","26794","1776626185518"
"5766","2026-04-19 16:16:35","26.7","48","941.98","3900","","","","","-103","7.5","26795","1776626195519"
"5767","2026-04-19 16:16:45","26.71","48","942.02","3900","","","","","-105","6","26796","1776626205500"
"5768","2026-04-19 16:16:55","26.71","48","942.02","3900","","","","","-106","4.800000190734863","26797","1776626215529"
"5769","2026-04-19 16:17:05","26.71","48.5","942.02","3900","","","","","-103","7.300000190734863","26798","1776626225564"
"5770","2026-04-19 16:17:15","26.73","48","942","3900","","","","","-104","6.300000190734863","26799","1776626235505"
"5771","2026-04-19 16:17:25","26.74","48","942.02","3900","","","","","-105","5.300000190734863","26800","1776626245518"
"5772","2026-04-19 16:17:35","26.74","48","942.04","3900","","","","","-106","4.5","26801","1776626255521"
"5773","2026-04-19 16:17:45","26.75","48","942.04","3900","","","","","-103","7","26802","1776626265527"
"5774","2026-04-19 16:17:55","26.75","48","942.02","3900","","","","","-107","3.299999952316284","26803","1776626275519"
"5775","2026-04-19 16:18:05","26.77","48","942.0600000000001","3900","","","","","-107","3.799999952316284","26804","1776626285525"
"5776","2026-04-19 16:18:15","26.78","48","942.02","3900","","","","","-105","5.5","26805","1776626295529"
"5777","2026-04-19 16:18:25","26.79","48","942.04","3900","","","","","-106","5.300000190734863","26806","1776626305490"
"5778","2026-04-19 16:18:35","26.79","48","942.0600000000001","3900","","","","","-106","5","26807","1776626315487"
"5779","2026-04-19 16:18:45","26.79","48","942.04","3900","","","","","-107","3.299999952316284","26808","1776626325496"
"5780","2026-04-19 16:18:55","26.79","47.5","942.0600000000001","3900","","","","","-106","5","26809","1776626335545"
"5781","2026-04-19 16:19:05","26.8","48","942.1","3900","","","","","-105","5.800000190734863","26810","1776626345520"
"5782","2026-04-19 16:19:15","26.81","47.5","942.08","3900","","","","","-106","5.300000190734863","26811","1776626355526"
"5783","2026-04-19 16:19:25","26.81","48","942.04","3900","","","","","-106","4.300000190734863","26812","1776626365574"
"5784","2026-04-19 16:19:35","26.81","48","942.0600000000001","3900","","","","","-104","6.800000190734863","26813","1776626375490"
"5785","2026-04-19 16:19:45","26.8","48","942.0600000000001","3900","","","","","-105","5.800000190734863","26814","1776626385489"
"5786","2026-04-19 16:19:55","26.8","48","942.08","3900","","","","","-104","6.300000190734863","26815","1776626395490"
"5787","2026-04-19 16:20:05","26.79","47.5","942.0600000000001","3900","","","","","-104","6.5","26816","1776626405497"
"5788","2026-04-19 16:20:15","26.78","48","942.0600000000001","3900","","","","","-105","6","26817","1776626415518"
"5789","2026-04-19 16:20:25","26.76","48","942.08","3900","","","","","-104","6","26818","1776626425520"
"5790","2026-04-19 16:20:35","26.76","48","942.1","3900","","","","","-105","6","26819","1776626435497"
"5791","2026-04-19 16:20:45","26.75","48","942.0600000000001","3900","","","","","-104","6.800000190734863","26820","1776626445498"
"5792","2026-04-19 16:20:55","26.74","48","942.04","3900","","","","","-104","6","26821","1776626455523"
"5793","2026-04-19 16:21:05","26.73","48","942.04","3900","","","","","-104","7","26822","1776626465501"
"5794","2026-04-19 16:21:15","26.72","48","942.0600000000001","3900","","","","","-104","6.800000190734863","26823","1776626475493"
"5795","2026-04-19 16:21:25","26.72","48","942.0600000000001","3900","","","","","-104","6.300000190734863","26824","1776626485560"
"5796","2026-04-19 16:21:35","26.72","48","942.08","3900","","","","","-104","7","26825","1776626495488"
"5797","2026-04-19 16:21:45","26.74","48","942.08","3900","","","","","-106","4.800000190734863","26826","1776626505499"
"5798","2026-04-19 16:21:55","26.74","48","942.08","3900","","","","","-103","7.800000190734863","26827","1776626515497"
"5799","2026-04-19 16:22:05","26.75","48","942.08","3900","","","","","-102","8","26828","1776626525497"
"5800","2026-04-19 16:22:15","26.74","48","942.0600000000001","3900","","","","","-102","8","26829","1776626535527"
"5801","2026-04-19 16:22:25","26.74","48","942.04","3900","","","","","-104","6.5","26830","1776626545531"
"5802","2026-04-19 16:22:35","26.76","48","942.08","3900","","","","","-104","7.300000190734863","26831","1776626555517"
"5803","2026-04-19 16:22:45","26.76","48","942.1","3900","","","","","-104","6.300000190734863","26832","1776626565500"
"5804","2026-04-19 16:22:55","26.76","48","942.1","3900","","","","","-106","4.800000190734863","26833","1776626575523"
"5805","2026-04-19 16:23:05","26.76","47.5","942.08","3900","","","","","-106","5","26834","1776626585500"
"5806","2026-04-19 16:23:15","26.74","48","942.0600000000001","3900","","","","","-104","6.300000190734863","26835","1776626595520"
"5807","2026-04-19 16:23:25","26.74","48","942.1","3900","","","","","-103","7.5","26836","1776626605519"
"5808","2026-04-19 16:23:35","26.76","48","942.1","3900","","","","","-105","5.5","26837","1776626615529"
"5809","2026-04-19 16:23:45","26.77","48","942.12","3900","","","","","-103","7.5","26838","1776626625520"
"5810","2026-04-19 16:23:55","26.76","48","942.08","3900","","","","","-105","5.5","26839","1776626635528"
"5811","2026-04-19 16:24:05","26.75","48","942.1","3900","","","","","-109","0.800000011920929","26840","1776626645497"
"5812","2026-04-19 16:24:15","26.76","48","942.1","3900","","","","","-106","4.5","26841","1776626655509"
"5813","2026-04-19 16:24:25","26.76","48","942.1","3900","","","","","-104","6.5","26842","1776626665553"
"5814","2026-04-19 16:24:35","26.77","48","942.12","3900","","","","","-104","6.800000190734863","26843","1776626675520"
"5815","2026-04-19 16:24:45","26.78","48","942.12","3900","","","","","-105","6","26844","1776626685499"
"5816","2026-04-19 16:24:55","26.78","48","942.12","3900","","","","","-103","7.800000190734863","26845","1776626695499"
"5817","2026-04-19 16:25:05","26.79","48","942.12","3900","","","","","-104","6.800000190734863","26846","1776626705522"
"5818","2026-04-19 16:25:15","26.78","47.5","942.14","3900","","","","","-103","7.300000190734863","26847","1776626715502"
"5819","2026-04-19 16:25:25","26.77","48","942.14","3900","","","","","-103","7","26848","1776626725496"
"5820","2026-04-19 16:25:35","26.78","48","942.1","3900","","","","","-104","6.300000190734863","26849","1776626735521"
"5821","2026-04-19 16:25:45","26.78","48","942.16","3900","","","","","-103","7.800000190734863","26850","1776626745491"
"5822","2026-04-19 16:25:55","26.77","47.5","942.14","3900","","","","","-104","7.300000190734863","26851","1776626755522"
"5823","2026-04-19 16:26:05","26.76","48","942.14","3920","","","","","-104","6.5","26852","1776626765494"
"5824","2026-04-19 16:26:15","26.76","48","942.12","3900","","","","","-104","6","26853","1776626775514"
"5825","2026-04-19 16:26:25","26.76","48","942.12","3900","","","","","-104","6","26854","1776626785490"
"5826","2026-04-19 16:26:35","26.76","48","942.12","3900","","","","","-104","6.800000190734863","26855","1776626795522"
"5827","2026-04-19 16:26:45","26.74","48","942.12","3880","","","","","-103","7.800000190734863","26856","1776626805495"
"5828","2026-04-19 16:26:55","26.75","48","942.14","3900","","","","","-103","7.5","26857","1776626815525"
"5829","2026-04-19 16:27:05","26.76","48","942.1","3900","","","","","-103","7.300000190734863","26858","1776626825492"
"5830","2026-04-19 16:27:15","26.76","48","942.14","3900","","","","","-104","6.300000190734863","26859","1776626835498"
"5831","2026-04-19 16:27:25","26.76","48","942.14","3900","","","","","-104","6.5","26860","1776626845491"
"5832","2026-04-19 16:27:35","26.77","48","942.14","3900","","","","","-103","7.5","26861","1776626855525"
"5833","2026-04-19 16:27:45","26.78","48","942.14","3900","","","","","-104","6.300000190734863","26862","1776626865523"
"5834","2026-04-19 16:27:55","26.78","48","942.14","3900","","","","","-104","6.5","26863","1776626875528"
"5835","2026-04-19 16:28:05","26.79","48","942.16","3900","","","","","-104","7","26864","1776626885499"
"5836","2026-04-19 16:28:15","26.79","48","942.12","3900","","","","","-104","6.800000190734863","26865","1776626895520"
"5837","2026-04-19 16:28:25","26.8","48","942.12","3880","","","","","-106","4.800000190734863","26866","1776626905523"
"5838","2026-04-19 16:28:35","26.81","48","942.12","3880","","","","","-105","5.800000190734863","26867","1776626915517"
"5839","2026-04-19 16:28:45","26.8","48","942.12","3900","","","","","-105","5.300000190734863","26868","1776626925499"
"5840","2026-04-19 16:28:55","26.79","48","942.14","3900","","","","","-106","5.300000190734863","26869","1776626935524"
"5841","2026-04-19 16:29:05","26.77","48","942.14","3900","","","","","-105","5.800000190734863","26870","1776626945545"
"5842","2026-04-19 16:29:15","26.77","47.5","942.12","3900","","","","","-105","5.800000190734863","26871","1776626955520"
"5843","2026-04-19 16:29:25","26.76","48","942.12","3900","","","","","-104","7","26872","1776626965549"
"5844","2026-04-19 16:29:35","26.75","48","942.12","3900","","","","","-104","7","26873","1776626975497"
"5845","2026-04-19 16:29:45","26.76","48","942.1","3880","","","","","-105","5.800000190734863","26874","1776626985549"
"5846","2026-04-19 16:29:55","26.76","48","942.14","3880","","","","","-102","8","26875","1776626995516"
"5847","2026-04-19 16:30:05","26.76","48","942.14","3880","","","","","-105","6","26876","1776627005491"
"5848","2026-04-19 16:30:15","26.77","48","942.08","3900","","","","","-105","6","26877","1776627015492"
"5849","2026-04-19 16:30:25","26.79","48","942.12","3900","","","","","-104","6.300000190734863","26878","1776627025519"
"5850","2026-04-19 16:30:35","26.79","48","942.1","3900","","","","","-106","5","26879","1776627035490"
"5851","2026-04-19 16:30:45","26.8","48","942.12","3880","","","","","-105","6","26880","1776627045520"
"5852","2026-04-19 16:30:55","26.8","48","942.1","3900","","","","","-104","6.5","26881","1776627055487"
"5853","2026-04-19 16:31:05","26.81","48","942.08","3880","","","","","-104","7","26882","1776627065501"
"5854","2026-04-19 16:31:15","26.82","48","942.1","3880","","","","","-104","7","26883","1776627075497"
"5855","2026-04-19 16:31:25","26.83","47.5","942.12","3900","","","","","-104","6.5","26884","1776627085534"
"5856","2026-04-19 16:31:35","26.83","48","942.12","3880","","","","","-105","5.800000190734863","26885","1776627095492"
"5857","2026-04-19 16:31:45","26.82","47.5","942.1","3880","","","","","-104","6.300000190734863","26886","1776627105511"
"5858","2026-04-19 16:31:55","26.81","48","942.1","3880","","","","","-105","5.5","26887","1776627115524"
"5859","2026-04-19 16:32:05","26.81","48","942.1","3900","","","","","-104","6.800000190734863","26888","1776627125490"
"5860","2026-04-19 16:32:15","26.8","48","942.1","3880","","","","","-104","6.800000190734863","26889","1776627135527"
"5861","2026-04-19 16:32:25","26.79","48","942.0600000000001","3880","","","","","-105","6","26890","1776627145533"
"5862","2026-04-19 16:32:35","26.8","48","942.12","3880","","","","","-105","5.800000190734863","26891","1776627155498"
"5863","2026-04-19 16:32:45","26.8","48","942.1","3880","","","","","-104","6","26892","1776627165496"
"5864","2026-04-19 16:32:55","26.81","48","942.1","3880","","","","","-104","6.300000190734863","26893","1776627175529"
"5865","2026-04-19 16:33:05","26.81","48","942.08","3880","","","","","-105","5.800000190734863","26894","1776627185498"
"5866","2026-04-19 16:33:15","26.81","48","942.1","3900","","","","","-105","6","26895","1776627195522"
"5867","2026-04-19 16:33:25","26.81","48","942.08","3880","","","","","-104","6.300000190734863","26896","1776627205528"
"5868","2026-04-19 16:33:35","26.81","47.5","942.0600000000001","3880","","","","","-104","6.300000190734863","26897","1776627215516"
"5869","2026-04-19 16:33:45","26.82","48","942.08","3880","","","","","-105","6","26898","1776627225524"
"5870","2026-04-19 16:33:55","26.82","48","942.12","3900","","","","","-104","6.300000190734863","26899","1776627235515"
"5871","2026-04-19 16:34:05","26.83","48","942.08","3900","","","","","-103","7.800000190734863","26900","1776627245527"
"5872","2026-04-19 16:34:15","26.83","47.5","942.1","3880","","","","","-103","7.5","26901","1776627255521"
"5873","2026-04-19 16:34:25","26.82","48","942.1","3880","","","","","-102","7.800000190734863","26902","1776627265558"
"5874","2026-04-19 16:34:35","26.81","48","942.12","3880","","","","","-106","4.5","26903","1776627275501"
"5875","2026-04-19 16:34:45","26.81","48","942.08","3880","","","","","-105","6","26904","1776627285523"
"5876","2026-04-19 16:34:55","26.8","48","942.1","3900","","","","","-105","5.800000190734863","26905","1776627295487"
"5877","2026-04-19 16:35:05","26.79","48","942.1","3880","","","","","-106","5.300000190734863","26906","1776627305492"
"5878","2026-04-19 16:35:15","26.78","48","942.08","3880","","","","","-104","6.300000190734863","26907","1776627315498"
"5879","2026-04-19 16:35:25","26.76","48","942.08","3880","","","","","-103","7.300000190734863","26908","1776627325521"
"5880","2026-04-19 16:35:35","26.75","48","942.08","3880","","","","","-104","6.5","26909","1776627335497"
"5881","2026-04-19 16:35:45","26.77","48","942.12","3880","","","","","-104","6.800000190734863","26910","1776627345501"
"5882","2026-04-19 16:35:55","26.77","48","942.1","3880","","","","","-106","5.300000190734863","26911","1776627355520"
"5883","2026-04-19 16:36:05","26.78","47.5","942.12","3880","","","","","-106","5","26912","1776627365503"
"5884","2026-04-19 16:36:15","26.79","48","942.12","3880","","","","","-105","5.5","26913","1776627375517"
"5885","2026-04-19 16:36:25","26.79","48","942.12","3880","","","","","-103","7.300000190734863","26914","1776627385517"
"5886","2026-04-19 16:36:35","26.77","48","942.1","3880","","","","","-103","7.5","26915","1776627395493"
"5887","2026-04-19 16:36:45","26.76","48","942.1","3900","","","","","-105","6","26916","1776627405489"
"5888","2026-04-19 16:36:55","26.75","48","942.1","3880","","","","","-103","7.5","26917","1776627415495"
"5889","2026-04-19 16:37:05","26.77","48","942.12","3880","","","","","-103","7.5","26918","1776627425494"
"5890","2026-04-19 16:37:15","26.78","48","942.1","3880","","","","","-104","6.300000190734863","26919","1776627435494"
"5891","2026-04-19 16:37:25","26.79","48","942.12","3880","","","","","-105","5.800000190734863","26920","1776627445524"
"5892","2026-04-19 16:37:35","26.81","48","942.1","3880","","","","","-104","6","26921","1776627455497"
"5893","2026-04-19 16:37:45","26.82","48","942.12","3880","","","","","-103","7.5","26922","1776627465518"
"5894","2026-04-19 16:37:55","26.83","47.5","942.12","3880","","","","","-104","6.5","26923","1776627475525"
"5895","2026-04-19 16:38:05","26.82","48","942.1","3880","","","","","-105","5.300000190734863","26924","1776627485517"
"5896","2026-04-19 16:38:15","26.83","48","942.14","3880","","","","","-104","6.5","26925","1776627495510"
"5897","2026-04-19 16:38:25","26.83","48","942.12","3880","","","","","-103","7","26926","1776627505515"
"5898","2026-04-19 16:38:35","26.83","47.5","942.14","3880","","","","","-107","3.299999952316284","26927","1776627515495"
"5899","2026-04-19 16:38:45","26.84","48","942.14","3880","","","","","-104","6.5","26928","1776627525525"
"5900","2026-04-19 16:38:55","26.85","47.5","942.14","3880","","","","","-108","2.799999952316284","26929","1776627535525"
"5901","2026-04-19 16:39:05","26.84","48","942.16","3880","","","","","-106","4.800000190734863","26930","1776627545489"
"5902","2026-04-19 16:39:15","26.84","48","942.16","3880","","","","","-108","2.5","26931","1776627555522"
"5903","2026-04-19 16:39:25","26.84","48","942.14","3880","","","","","-104","6.5","26932","1776627565523"
"5904","2026-04-19 16:39:35","26.82","48","942.14","3880","","","","","-106","5","26933","1776627575526"
"5905","2026-04-19 16:39:45","26.8","48","942.12","3880","","","","","-104","6.5","26934","1776627585495"
"5906","2026-04-19 16:39:55","26.8","48","942.14","3880","","","","","-106","5","26935","1776627595492"
"5907","2026-04-19 16:40:05","26.79","48","942.16","3880","","","","","-104","6.300000190734863","26936","1776627605542"
"5908","2026-04-19 16:40:15","26.77","48","942.14","3880","","","","","-103","7.5","26937","1776627615518"
"5909","2026-04-19 16:40:25","26.77","48","942.16","3880","","","","","-104","6.800000190734863","26938","1776627625492"
"5910","2026-04-19 16:40:35","26.77","48","942.2","3880","","","","","-106","5","26939","1776627635516"
"5911","2026-04-19 16:40:45","26.78","48","942.16","3880","","","","","-105","6","26940","1776627645523"
"5912","2026-04-19 16:40:55","26.78","48","942.14","3880","","","","","-103","7.5","26941","1776627655522"
"5913","2026-04-19 16:41:05","26.78","48","942.16","3880","","","","","-104","6.300000190734863","26942","1776627665509"
"5914","2026-04-19 16:41:15","26.79","48","942.16","3880","","","","","-104","6.800000190734863","26943","1776627675495"
"5915","2026-04-19 16:41:25","26.8","48","942.16","3880","","","","","-104","6.800000190734863","26944","1776627685519"
"5916","2026-04-19 16:41:35","26.81","48","942.14","3880","","","","","-104","6.5","26945","1776627695494"
"5917","2026-04-19 16:41:45","26.79","48","942.1800000000001","3880","","","","","-103","7.300000190734863","26946","1776627705502"
"5918","2026-04-19 16:41:55","26.79","48","942.16","3880","","","","","-106","5.5","26947","1776627715523"
"5919","2026-04-19 16:42:05","26.79","48","942.2","3880","","","","","-107","3.799999952316284","26948","1776627725490"
"5920","2026-04-19 16:42:15","26.78","48","942.1800000000001","3880","","","","","-106","5","26949","1776627735501"
"5921","2026-04-19 16:42:25","26.79","48","942.1800000000001","3880","","","","","-104","6.5","26950","1776627745522"
"5922","2026-04-19 16:42:35","26.77","48","942.16","3880","","","","","-104","6.800000190734863","26951","1776627755490"
"5923","2026-04-19 16:42:45","26.75","48","942.16","3880","","","","","-105","5.800000190734863","26952","1776627765495"
"5924","2026-04-19 16:42:55","26.73","48","942.1800000000001","3880","","","","","-104","6.5","26953","1776627775523"
"5925","2026-04-19 16:43:05","26.73","48","942.14","3880","","","","","-105","5.5","26954","1776627785502"
"5926","2026-04-19 16:43:15","26.74","48","942.2","3880","","","","","-104","6","26955","1776627795487"
"5927","2026-04-19 16:43:25","26.77","48","942.14","3880","","","","","-104","5.300000190734863","26956","1776627805523"
"5928","2026-04-19 16:43:35","26.78","48","942.14","3880","","","","","-104","5","26957","1776627815519"
"5929","2026-04-19 16:43:45","26.79","48","942.1800000000001","3880","","","","","-104","6.300000190734863","26958","1776627825516"
"5930","2026-04-19 16:43:55","26.78","48","942.1800000000001","3880","","","","","-104","6.800000190734863","26959","1776627835523"
"5931","2026-04-19 16:44:05","26.74","48","942.16","3880","","","","","-105","5.5","26960","1776627845514"
"5932","2026-04-19 16:44:15","26.72","48","942.1800000000001","3880","","","","","-104","6.300000190734863","26961","1776627855513"
"5933","2026-04-19 16:44:25","26.72","48","942.16","3880","","","","","-103","7.300000190734863","26962","1776627865525"
"5934","2026-04-19 16:44:35","26.72","48","942.16","3880","","","","","-104","5.5","26963","1776627875499"
"5935","2026-04-19 16:44:45","26.71","48","942.1800000000001","3880","","","","","-107","3.799999952316284","26964","1776627885518"
"5936","2026-04-19 16:44:55","26.71","48","942.1800000000001","3880","","","","","-102","-5.800000190734863","26965","1776627895494"
"5937","2026-04-19 16:45:05","26.72","48","942.1800000000001","3880","","","","","-105","5.300000190734863","26966","1776627905493"
"5938","2026-04-19 16:45:15","26.71","48","942.2","3880","","","","","-105","5.800000190734863","26967","1776627915486"
"5939","2026-04-19 16:45:25","26.7","48.5","942.1800000000001","3880","","","","","-104","7","26968","1776627925514"
"5940","2026-04-19 16:45:35","26.71","48","942.1800000000001","3880","","","","","-103","7.300000190734863","26969","1776627935495"
"5941","2026-04-19 16:45:45","26.72","48","942.14","3880","","","","","-104","6.300000190734863","26970","1776627945491"
"5942","2026-04-19 16:45:55","26.74","48","942.16","3880","","","","","-104","7.300000190734863","26971","1776627955524"
"5943","2026-04-19 16:46:05","26.77","48","942.16","3880","","","","","-104","6.5","26972","1776627965496"
"5944","2026-04-19 16:46:15","26.78","48","942.1800000000001","3880","","","","","-103","6","26973","1776627975502"
"5945","2026-04-19 16:46:25","26.79","48","942.16","3880","","","","","-104","6.800000190734863","26974","1776627985518"
"5946","2026-04-19 16:46:35","26.8","48","942.16","3880","","","","","-104","6.5","26975","1776627995497"
"5947","2026-04-19 16:46:45","26.8","48","942.1800000000001","3880","","","","","-104","6.300000190734863","26976","1776628005498"
"5948","2026-04-19 16:46:55","26.81","48","942.22","3880","","","","","-104","7","26977","1776628015515"
"5949","2026-04-19 16:47:05","26.81","48","942.22","3880","","","","","-105","5.5","26978","1776628025492"
"5950","2026-04-19 16:47:15","26.8","48","942.2","3880","","","","","-109","1.2999999523162842","26979","1776628035484"
"5951","2026-04-19 16:47:25","26.8","48","942.1800000000001","3880","","","","","-104","6.800000190734863","26980","1776628045520"
"5952","2026-04-19 16:47:35","26.8","48","942.1800000000001","3880","","","","","-110","0.30000001192092896","26981","1776628055492"
"5953","2026-04-19 16:47:45","26.79","48","942.2","3880","","","","","-105","5.5","26982","1776628065495"
"5954","2026-04-19 16:47:55","26.79","48","942.1800000000001","3880","","","","","-104","5.800000190734863","26983","1776628075515"
"5955","2026-04-19 16:48:05","26.78","48","942.2","3880","","","","","-105","5.300000190734863","26984","1776628085498"
"5956","2026-04-19 16:48:15","26.79","48","942.2","3880","","","","","-104","6.5","26985","1776628095493"
"5957","2026-04-19 16:48:25","26.79","48","942.2","3880","","","","","-107","3.5","26986","1776628105515"
"5958","2026-04-19 16:48:35","26.79","48","942.2","3880","","","","","-105","5","26987","1776628115501"
"5959","2026-04-19 16:48:45","26.77","48","942.1800000000001","3880","","","","","-106","4.300000190734863","26988","1776628125496"
"5960","2026-04-19 16:48:55","26.76","48","942.1800000000001","3880","","","","","-106","4.800000190734863","26989","1776628135514"
"5961","2026-04-19 16:49:05","26.75","48","942.1800000000001","3880","","","","","-105","5.800000190734863","26990","1776628145498"
"5962","2026-04-19 16:49:15","26.75","48","942.2","3880","","","","","-105","5.300000190734863","26991","1776628155527"
"5963","2026-04-19 16:49:25","26.75","48","942.1800000000001","3880","","","","","-105","5.5","26992","1776628165522"
"5964","2026-04-19 16:49:35","26.77","48","942.1800000000001","3880","","","","","-104","6.300000190734863","26993","1776628175539"
"5965","2026-04-19 16:49:45","26.75","48","942.16","3880","","","","","-105","5.5","26994","1776628185514"
"5966","2026-04-19 16:49:55","26.74","48","942.16","3880","","","","","-104","6.5","26995","1776628195521"
"5967","2026-04-19 16:50:05","26.74","48.5","942.1800000000001","3880","","","","","-104","6.5","26996","1776628205546"
"5968","2026-04-19 16:50:15","26.75","48","942.1800000000001","3880","","","","","-103","6.5","26997","1776628215487"
"5969","2026-04-19 16:50:25","26.75","48","942.16","3880","","","","","-103","7","26998","1776628225485"
"5970","2026-04-19 16:50:35","26.77","48","942.16","3880","","","","","-104","6.5","26999","1776628235517"
"5971","2026-04-19 16:50:45","26.78","48","942.16","3880","","","","","-103","7.5","27000","1776628245502"
"5972","2026-04-19 16:50:55","26.8","48","942.2","3880","","","","","-103","7.5","27001","1776628255514"
"5973","2026-04-19 16:51:05","26.81","48","942.16","3880","","","","","-103","7.5","27002","1776628265499"
"5974","2026-04-19 16:51:15","26.83","48","942.2","3880","","","","","-103","6.300000190734863","27003","1776628275500"
"5975","2026-04-19 16:51:25","26.83","48","942.16","3880","","","","","-104","7.300000190734863","27004","1776628285519"
"5976","2026-04-19 16:51:35","26.85","48","942.2","3880","","","","","-103","7","27005","1776628295491"
"5977","2026-04-19 16:51:45","26.86","48","942.16","3880","","","","","-103","7.300000190734863","27006","1776628305498"
"5978","2026-04-19 16:51:55","26.88","48","942.1800000000001","3880","","","","","-103","7.300000190734863","27007","1776628315513"
"5979","2026-04-19 16:52:05","26.9","48","942.1800000000001","3880","","","","","-104","7.300000190734863","27008","1776628325494"
"5980","2026-04-19 16:52:15","26.91","47.5","942.22","3880","","","","","-104","6","27009","1776628335502"
"5981","2026-04-19 16:52:25","26.91","48","942.1800000000001","3880","","","","","-103","7.300000190734863","27010","1776628345484"
"5982","2026-04-19 16:52:35","26.91","47.5","942.16","3960","","","","","-104","7","27011","1776628355514"
"5983","2026-04-19 16:52:45","26.92","47.5","942.2","3960","","","","","-104","6.5","27012","1776628365490"
"5984","2026-04-19 16:52:55","26.91","48","942.1800000000001","3960","","","","","-106","4.800000190734863","27013","1776628375513"
"5985","2026-04-19 16:53:05","26.91","48","942.1800000000001","3960","","","","","-104","7.300000190734863","27014","1776628385524"
"5986","2026-04-19 16:53:15","26.89","47.5","942.16","3960","","","","","-105","5.5","27015","1776628395497"
"5987","2026-04-19 16:53:25","26.89","47.5","942.22","3960","","","","","-103","7.5","27016","1776628405522"
"5988","2026-04-19 16:53:35","26.89","48","942.16","3960","","","","","-104","6.5","27017","1776628415518"
"5989","2026-04-19 16:53:45","26.89","48","942.2","3960","","","","","-103","7.300000190734863","27018","1776628425522"
"5990","2026-04-19 16:53:55","26.89","47.5","942.1800000000001","3960","","","","","-106","4.800000190734863","27019","1776628435484"
"5991","2026-04-19 16:54:05","26.89","47.5","942.16","3960","","","","","-105","5.5","27020","1776628445523"
"5992","2026-04-19 16:54:15","26.89","48","942.1800000000001","3960","","","","","-105","5.800000190734863","27021","1776628455521"
"5993","2026-04-19 16:54:25","26.87","48","942.16","3960","","","","","-104","6","27022","1776628465515"
"5994","2026-04-19 16:54:35","26.86","47.5","942.16","3960","","","","","-105","5.5","27023","1776628475493"
"5995","2026-04-19 16:54:45","26.84","48","942.1800000000001","3960","","","","","-103","7.800000190734863","27024","1776628485499"
"5996","2026-04-19 16:54:55","26.83","47.5","942.2","3960","","","","","-103","7.300000190734863","27025","1776628495512"
"5997","2026-04-19 16:55:05","26.82","48","942.1800000000001","3960","","","","","-103","7.5","27026","1776628505520"
"5998","2026-04-19 16:55:15","26.81","48","942.1800000000001","3960","","","","","-103","7.300000190734863","27027","1776628515514"
"5999","2026-04-19 16:55:25","26.78","48","942.16","3960","","","","","-104","6.5","27028","1776628525496"
"6000","2026-04-19 16:55:35","26.78","48","942.2","3960","","","","","-106","4.800000190734863","27029","1776628535497"
"6001","2026-04-19 16:55:45","26.78","48","942.1800000000001","3960","","","","","-104","6.300000190734863","27030","1776628545492"
"6002","2026-04-19 16:55:55","26.77","48","942.16","3960","","","","","-103","7.5","27031","1776628555518"
"6003","2026-04-19 16:56:05","26.77","48","942.1800000000001","3960","","","","","-102","8.300000190734863","27032","1776628565513"
"6004","2026-04-19 16:56:15","26.77","48","942.16","3960","","","","","-103","7","27033","1776628575490"
"6005","2026-04-19 16:56:25","26.77","48","942.1800000000001","3960","","","","","-107","3.299999952316284","27034","1776628585519"
"6006","2026-04-19 16:56:35","26.79","48","942.1800000000001","3960","","","","","-105","5.300000190734863","27035","1776628595483"
"6007","2026-04-19 16:56:45","26.81","48","942.2","3960","","","","","-104","7.300000190734863","27036","1776628605525"
"6008","2026-04-19 16:56:55","26.82","48","942.2","3960","","","","","-105","6.300000190734863","27037","1776628615517"
"6009","2026-04-19 16:57:05","26.83","48","942.2","3960","","","","","-105","5.5","27038","1776628625492"
"6010","2026-04-19 16:57:15","26.83","48","942.16","3960","","","","","-107","4.300000190734863","27039","1776628635497"
"6011","2026-04-19 16:57:25","26.83","48","942.1800000000001","3960","","","","","-107","3.799999952316284","27040","1776628645522"
"6012","2026-04-19 16:57:35","26.83","48","942.1800000000001","3960","","","","","-103","6.800000190734863","27041","1776628655499"
"6013","2026-04-19 16:57:45","26.83","47.5","942.22","3920","","","","","-103","6.800000190734863","27042","1776628665507"
"6014","2026-04-19 16:57:55","26.84","48","942.2","3920","","","","","-104","6.300000190734863","27043","1776628675521"
"6015","2026-04-19 16:58:05","26.86","48","942.22","3920","","","","","-109","1.5","27044","1776628685525"
"6016","2026-04-19 16:58:15","26.87","48","942.24","3920","","","","","-106","4.5","27045","1776628695516"
"6017","2026-04-19 16:58:25","26.88","48","942.22","3920","","","","","-105","5.800000190734863","27046","1776628705513"
"6018","2026-04-19 16:58:35","26.87","48","942.2","3920","","","","","-106","4.5","27047","1776628715517"
"6019","2026-04-19 16:58:45","26.88","48","942.2","3920","","","","","-108","2.799999952316284","27048","1776628725517"
"6020","2026-04-19 16:58:55","26.89","48","942.26","3920","","","","","-104","6","27049","1776628735514"
"6021","2026-04-19 16:59:05","26.89","48","942.24","3920","","","","","-104","7.300000190734863","27050","1776628745489"
"6022","2026-04-19 16:59:15","26.9","48","942.22","3920","","","","","-105","5.800000190734863","27051","1776628755495"
"6023","2026-04-19 16:59:25","26.9","48","942.2","3900","","","","","-103","6.800000190734863","27052","1776628765525"
"6024","2026-04-19 16:59:35","26.91","47.5","942.22","3920","","","","","-103","6.800000190734863","27053","1776628775492"
"6025","2026-04-19 16:59:45","26.93","47.5","942.24","3900","","","","","-104","6","27054","1776628785501"
"6026","2026-04-19 16:59:55","26.94","48","942.22","3920","","","","","-104","6.300000190734863","27055","1776628795522"
"6027","2026-04-19 17:00:05","26.95","48","942.22","3920","","","","","-106","5.300000190734863","27056","1776628805532"
"6028","2026-04-19 17:00:15","26.95","48","942.22","3920","","","","","-104","6.5","27057","1776628815518"
"6029","2026-04-19 17:00:25","26.94","47.5","942.2","3900","","","","","-104","7.300000190734863","27058","1776628825521"
"6030","2026-04-19 17:00:35","26.92","47.5","942.2","3920","","","","","-103","7","27059","1776628835493"
"6031","2026-04-19 17:00:45","26.91","47.5","942.26","3900","","","","","-106","5","27060","1776628845487"
"6032","2026-04-19 17:00:55","26.91","48","942.22","3900","","","","","-109","1.5","27061","1776628855516"
"6033","2026-04-19 17:01:05","26.9","48","942.1800000000001","3900","","","","","-103","7.800000190734863","27062","1776628865497"
"6034","2026-04-19 17:01:15","26.89","48","942.22","3900","","","","","-105","5.300000190734863","27063","1776628875492"
"6035","2026-04-19 17:01:25","26.89","48","942.2","3900","","","","","-106","5.300000190734863","27064","1776628885493"
"6036","2026-04-19 17:01:35","26.9","48","942.24","3900","","","","","-105","6.300000190734863","27065","1776628895522"
"6037","2026-04-19 17:01:45","26.91","48","942.22","3900","","","","","-104","6.300000190734863","27066","1776628905511"
"6038","2026-04-19 17:01:55","26.91","48","942.2","3900","","","","","-106","5.300000190734863","27067","1776628915492"
"6039","2026-04-19 17:02:05","26.92","47.5","942.22","3900","","","","","-105","6","27068","1776628925514"
"6040","2026-04-19 17:02:15","26.92","47.5","942.22","3900","","","","","-106","5.300000190734863","27069","1776628935530"
"6041","2026-04-19 17:02:25","26.91","47.5","942.22","3900","","","","","-107","3.5","27070","1776628945515"
"6042","2026-04-19 17:02:35","26.9","47.5","942.24","3900","","","","","-105","5.800000190734863","27071","1776628955491"
"6043","2026-04-19 17:02:45","26.91","47.5","942.24","3900","","","","","-107","3.799999952316284","27072","1776628965497"
"6044","2026-04-19 17:02:55","26.9","48","942.24","3900","","","","","-105","6","27073","1776628975501"
"6045","2026-04-19 17:03:05","26.9","48","942.26","3900","","","","","-106","5.300000190734863","27074","1776628985499"
"6046","2026-04-19 17:03:15","26.9","48","942.24","3900","","","","","-108","1.7999999523162842","27075","1776628995514"
"6047","2026-04-19 17:03:25","26.9","48","942.24","3900","","","","","-106","5.300000190734863","27076","1776629005512"
"6048","2026-04-19 17:03:35","26.9","47.5","942.22","3900","","","","","-105","5.5","27077","1776629015490"
"6049","2026-04-19 17:03:45","26.91","47.5","942.24","3900","","","","","-106","4.300000190734863","27078","1776629025500"
"6050","2026-04-19 17:03:55","26.92","48","942.24","3900","","","","","-104","6.5","27079","1776629035519"
"6051","2026-04-19 17:04:05","26.92","47.5","942.24","3900","","","","","-104","6.5","27080","1776629045499"
"6052","2026-04-19 17:04:15","26.94","47.5","942.22","3900","","","","","-103","7.300000190734863","27081","1776629055517"
"6053","2026-04-19 17:04:25","26.93","47.5","942.22","3900","","","","","-104","6.5","27082","1776629065487"
"6054","2026-04-19 17:04:35","26.94","47.5","942.22","3900","","","","","-102","7.5","27083","1776629075490"
"6055","2026-04-19 17:04:45","26.96","48","942.22","3900","","","","","-107","4","27084","1776629085499"
"6056","2026-04-19 17:04:55","26.96","48","942.22","3900","","","","","-106","4.800000190734863","27085","1776629095544"
"6057","2026-04-19 17:05:05","26.95","47.5","942.24","3900","","","","","-105","6","27086","1776629105500"
"6058","2026-04-19 17:05:15","26.94","47.5","942.24","3900","","","","","-103","6.300000190734863","27087","1776629115492"
"6059","2026-04-19 17:05:25","26.95","48","942.24","3900","","","","","-105","5","27088","1776629125522"
"6060","2026-04-19 17:05:35","26.94","47.5","942.22","3900","","","","","-104","6.300000190734863","27089","1776629135496"
"6061","2026-04-19 17:05:45","26.93","48","942.2","3900","","","","","-103","7.300000190734863","27090","1776629145491"
"6062","2026-04-19 17:05:55","26.93","48","942.22","3900","","","","","-104","6.5","27091","1776629155512"
"6063","2026-04-19 17:06:05","26.92","48","942.22","3900","","","","","-104","7","27092","1776629165492"
"6064","2026-04-19 17:06:15","26.92","47.5","942.24","3900","","","","","-104","6.300000190734863","27093","1776629175486"
"6065","2026-04-19 17:06:25","26.92","47.5","942.2","3900","","","","","-104","6","27094","1776629185524"
"6066","2026-04-19 17:06:35","26.93","47.5","942.22","3900","","","","","-104","6.800000190734863","27095","1776629195514"
"6067","2026-04-19 17:06:45","26.93","48","942.2","3900","","","","","-105","5.800000190734863","27096","1776629205496"
"6068","2026-04-19 17:06:55","26.92","48","942.22","3900","","","","","-103","6.5","27097","1776629215515"
"6069","2026-04-19 17:07:05","26.92","47.5","942.22","3900","","","","","-104","6.5","27098","1776629225496"
"6070","2026-04-19 17:07:15","26.92","48","942.22","3900","","","","","-104","6.300000190734863","27099","1776629235497"
"6071","2026-04-19 17:07:25","26.91","47.5","942.2","3900","","","","","-105","5.800000190734863","27100","1776629245518"
"6072","2026-04-19 17:07:35","26.9","47.5","942.22","3900","","","","","-104","6.800000190734863","27101","1776629255489"
"6073","2026-04-19 17:07:45","26.9","47.5","942.2","3900","","","","","-103","7.800000190734863","27102","1776629265493"
"6074","2026-04-19 17:07:55","26.9","47.5","942.24","3900","","","","","-102","8.5","27103","1776629275518"
"6075","2026-04-19 17:08:05","26.91","48","942.24","3900","","","","","-103","7","27104","1776629285518"
"6076","2026-04-19 17:08:15","26.92","48","942.2","3900","","","","","-103","7.300000190734863","27105","1776629295515"
"6077","2026-04-19 17:08:25","26.92","48","942.22","3900","","","","","-104","6.300000190734863","27106","1776629305518"
"6078","2026-04-19 17:08:35","26.91","48","942.22","3900","","","","","-103","7.5","27107","1776629315488"
"6079","2026-04-19 17:08:45","26.9","48","942.22","3900","","","","","-104","6.800000190734863","27108","1776629325515"
"6080","2026-04-19 17:08:55","26.89","48","942.22","3900","","","","","-104","6.300000190734863","27109","1776629335514"
"6081","2026-04-19 17:09:05","26.9","47.5","942.2","3900","","","","","-103","6.5","27110","1776629345510"
"6082","2026-04-19 17:09:15","26.9","48","942.22","3900","","","","","-104","6.800000190734863","27111","1776629355493"
"6083","2026-04-19 17:09:25","26.9","48","942.22","3900","","","","","-103","7.5","27112","1776629365515"
"6084","2026-04-19 17:09:35","26.9","48","942.2","3880","","","","","-103","6.5","27113","1776629375485"
"6085","2026-04-19 17:09:45","26.91","48","942.22","3900","","","","","-104","6.800000190734863","27114","1776629385503"
"6086","2026-04-19 17:09:55","26.91","48","942.22","3900","","","","","-106","4.5","27115","1776629395519"
"6087","2026-04-19 17:10:05","26.9","48","942.22","3900","","","","","-104","6.5","27116","1776629405519"
"6088","2026-04-19 17:10:15","26.89","48","942.2","3900","","","","","-103","7.5","27117","1776629415519"
"6089","2026-04-19 17:10:25","26.89","47.5","942.24","3900","","","","","-104","7.300000190734863","27118","1776629425518"
"6090","2026-04-19 17:10:35","26.88","47.5","942.24","3900","","","","","-103","6.800000190734863","27119","1776629435498"
"6091","2026-04-19 17:10:45","26.86","48","942.24","3900","","","","","-104","6.5","27120","1776629445482"
"6092","2026-04-19 17:10:55","26.87","48","942.24","3900","","","","","-103","7.300000190734863","27121","1776629455518"
"6093","2026-04-19 17:11:05","26.88","48","942.22","3900","","","","","-103","7.300000190734863","27122","1776629465490"
"6094","2026-04-19 17:11:15","26.87","48","942.24","3900","","","","","-103","7.300000190734863","27123","1776629475485"
"6095","2026-04-19 17:11:25","26.85","48","942.24","3900","","","","","-103","7.5","27124","1776629485522"
"6096","2026-04-19 17:11:35","26.83","48","942.24","3880","","","","","-103","7.800000190734863","27125","1776629495530"
"6097","2026-04-19 17:11:45","26.83","48","942.24","3900","","","","","-103","7.800000190734863","27126","1776629505508"
"6098","2026-04-19 17:11:55","26.84","48","942.26","3900","","","","","-103","7.800000190734863","27127","1776629515513"
"6099","2026-04-19 17:12:05","26.83","48","942.24","3900","","","","","-105","5.5","27128","1776629525491"
"6100","2026-04-19 17:12:15","26.85","48","942.22","3900","","","","","-103","7.300000190734863","27129","1776629535486"
"6101","2026-04-19 17:12:25","26.87","48","942.24","3900","","","","","-103","7.300000190734863","27130","1776629545520"
"6102","2026-04-19 17:12:35","26.86","48","942.24","3900","","","","","-103","7.800000190734863","27131","1776629555518"
"6103","2026-04-19 17:12:45","26.87","48","942.26","3900","","","","","-104","6.5","27132","1776629565514"
"6104","2026-04-19 17:12:55","26.85","48","942.24","3880","","","","","-103","6.800000190734863","27133","1776629575514"
"6105","2026-04-19 17:13:05","26.84","48","942.22","3900","","","","","-104","6.300000190734863","27134","1776629585486"
"6106","2026-04-19 17:13:15","26.84","48","942.24","3900","","","","","-104","7","27135","1776629595490"
"6107","2026-04-19 17:13:25","26.85","48","942.26","3900","","","","","-106","4.5","27136","1776629605514"
"6108","2026-04-19 17:13:35","26.84","48","942.24","3900","","","","","-102","8","27137","1776629615489"
"6109","2026-04-19 17:13:45","26.83","48","942.24","3900","","","","","-103","7","27138","1776629625483"
"6110","2026-04-19 17:13:55","26.84","48","942.2","3900","","","","","-103","7.300000190734863","27139","1776629635516"
"6111","2026-04-19 17:14:05","26.84","47.5","942.22","3880","","","","","-106","4.800000190734863","27140","1776629645509"
"6112","2026-04-19 17:14:15","26.84","48","942.22","3900","","","","","-104","7.300000190734863","27141","1776629655514"
"6113","2026-04-19 17:14:25","26.86","48","942.22","3880","","","","","-104","6.300000190734863","27142","1776629665487"
"6114","2026-04-19 17:14:35","26.86","48","942.22","3880","","","","","-104","6.300000190734863","27143","1776629675492"
"6115","2026-04-19 17:14:45","26.87","48","942.24","3880","","","","","-107","3.5","27144","1776629685513"
"6116","2026-04-19 17:14:55","26.89","48","942.26","3900","","","","","-105","6","27145","1776629695511"
"6117","2026-04-19 17:15:05","26.92","48","942.26","3900","","","","","-106","4.5","27146","1776629705483"
"6118","2026-04-19 17:15:15","26.93","47.5","942.22","3900","","","","","-105","6","27147","1776629715498"
"6119","2026-04-19 17:15:25","26.94","48","942.22","3900","","","","","-105","6","27148","1776629725516"
"6120","2026-04-19 17:15:35","26.97","48","942.24","3880","","","","","-104","6.800000190734863","27149","1776629735489"
"6121","2026-04-19 17:15:45","26.96","47.5","942.24","3880","","","","","-104","6.800000190734863","27150","1776629745497"
"6122","2026-04-19 17:15:55","26.96","47.5","942.22","3900","","","","","-103","7.800000190734863","27151","1776629755483"
"6123","2026-04-19 17:16:05","26.97","47.5","942.26","3880","","","","","-106","5","27152","1776629765488"
"6124","2026-04-19 17:16:15","26.98","47.5","942.26","3880","","","","","-105","5.5","27153","1776629775491"
"6125","2026-04-19 17:16:25","26.98","47.5","942.26","3880","","","","","-106","4.800000190734863","27154","1776629785511"
"6126","2026-04-19 17:16:35","26.96","47.5","942.22","3880","","","","","-104","6.300000190734863","27155","1776629795494"
"6127","2026-04-19 17:16:45","26.96","48","942.24","3880","","","","","-105","5.800000190734863","27156","1776629805499"
"6128","2026-04-19 17:16:55","26.97","47.5","942.24","3880","","","","","-104","7","27157","1776629815518"
"6129","2026-04-19 17:17:05","26.97","47.5","942.24","3900","","","","","-105","5.5","27158","1776629825488"
"6130","2026-04-19 17:17:15","26.98","48","942.24","3880","","","","","-105","5.5","27159","1776629835480"
"6131","2026-04-19 17:17:25","26.99","47.5","942.22","3900","","","","","-104","6.800000190734863","27160","1776629845513"
"6132","2026-04-19 17:17:35","27","47.5","942.24","3880","","","","","-104","6.300000190734863","27161","1776629855502"
"6133","2026-04-19 17:17:45","27.01","47.5","942.24","3900","","","","","-103","7.5","27162","1776629865511"
"6134","2026-04-19 17:17:55","27.01","48","942.2","3880","","","","","-105","6","27163","1776629875515"
"6135","2026-04-19 17:18:05","27.01","47.5","942.22","3880","","","","","-105","5.300000190734863","27164","1776629885487"
"6136","2026-04-19 17:18:15","27.01","47.5","942.24","3880","","","","","-103","7.5","27165","1776629895496"
"6137","2026-04-19 17:18:25","27","47.5","942.22","3900","","","","","-102","7.800000190734863","27166","1776629905514"
"6138","2026-04-19 17:18:35","26.99","47.5","942.24","3900","","","","","-103","7.300000190734863","27167","1776629915517"
"6139","2026-04-19 17:18:45","27","48","942.2","3880","","","","","-103","7.800000190734863","27168","1776629925516"
"6140","2026-04-19 17:18:55","27","47.5","942.22","3880","","","","","-103","7.5","27169","1776629935520"
"6141","2026-04-19 17:19:05","26.99","47.5","942.22","3880","","","","","-105","5.800000190734863","27170","1776629945485"
"6142","2026-04-19 17:19:15","26.99","47.5","942.26","3880","","","","","-105","5.800000190734863","27171","1776629955479"
"6143","2026-04-19 17:19:25","26.98","47.5","942.22","3900","","","","","-103","7.5","27172","1776629965515"
"6144","2026-04-19 17:19:35","26.99","47.5","942.24","3880","","","","","-102","8","27173","1776629975519"
"6145","2026-04-19 17:19:45","26.99","47.5","942.22","3880","","","","","-103","7.800000190734863","27174","1776629985481"
"6146","2026-04-19 17:19:55","26.99","47.5","942.22","3880","","","","","-102","8.300000190734863","27175","1776629995518"
"6147","2026-04-19 17:20:05","26.98","48","942.26","3880","","","","","-103","7.5","27176","1776630005523"
"6148","2026-04-19 17:20:15","26.97","47.5","942.26","3880","","","","","-104","6.300000190734863","27177","1776630015519"
"6149","2026-04-19 17:20:25","26.96","47.5","942.2","3880","","","","","-104","6.5","27178","1776630025512"
"6150","2026-04-19 17:20:35","26.94","47.5","942.26","3880","","","","","-104","6","27179","1776630035549"
"6151","2026-04-19 17:20:45","26.91","47.5","942.26","3900","","","","","-103","7.300000190734863","27180","1776630045485"
"6152","2026-04-19 17:20:55","26.89","47.5","942.24","3880","","","","","-103","6.800000190734863","27181","1776630055519"
"6153","2026-04-19 17:21:05","26.87","47.5","942.24","3880","","","","","-103","6.800000190734863","27182","1776630065490"
"6154","2026-04-19 17:21:15","26.86","48","942.24","3880","","","","","-103","7.300000190734863","27183","1776630075489"
"6155","2026-04-19 17:21:25","26.85","48","942.24","3880","","","","","-103","7.800000190734863","27184","1776630085484"
"6156","2026-04-19 17:21:35","26.87","47.5","942.26","3880","","","","","-103","7.5","27185","1776630095501"
"6157","2026-04-19 17:21:45","26.86","48","942.22","3880","","","","","-103","7.5","27186","1776630105509"
"6158","2026-04-19 17:21:55","26.86","48","942.26","3880","","","","","-103","7.800000190734863","27187","1776630115523"
"6159","2026-04-19 17:22:05","26.85","47.5","942.24","3880","","","","","-103","7.5","27188","1776630125511"
"6160","2026-04-19 17:22:15","26.83","48","942.24","3880","","","","","-103","7.5","27189","1776630135489"
"6161","2026-04-19 17:22:25","26.81","48","942.24","3880","","","","","-104","6.5","27190","1776630145519"
"6162","2026-04-19 17:22:35","26.82","48","942.24","3880","","","","","-103","7.800000190734863","27191","1776630155521"
"6163","2026-04-19 17:22:45","26.82","48","942.22","3880","","","","","-103","7.300000190734863","27192","1776630165521"
"6164","2026-04-19 17:22:55","26.82","48","942.24","3880","","","","","-103","7.5","27193","1776630175519"
"6165","2026-04-19 17:23:05","26.81","48","942.24","3880","","","","","-103","7.800000190734863","27194","1776630185497"
"6166","2026-04-19 17:23:15","26.8","48","942.22","3880","","","","","-104","6.300000190734863","27195","1776630195480"
"6167","2026-04-19 17:23:25","26.82","48","942.2","3880","","","","","-104","6.800000190734863","27196","1776630205514"
"6168","2026-04-19 17:23:35","26.83","48","942.24","3880","","","","","-103","7.5","27197","1776630215505"
"6169","2026-04-19 17:23:45","26.84","48","942.24","3880","","","","","-103","7.5","27198","1776630225514"
"6170","2026-04-19 17:23:55","26.85","48","942.24","3880","","","","","-103","6.800000190734863","27199","1776630235514"
"6171","2026-04-19 17:24:05","26.86","48","942.22","3880","","","","","-104","6.5","27200","1776630245489"
"6172","2026-04-19 17:24:15","26.84","48","942.2","3880","","","","","-104","6.300000190734863","27201","1776630255510"
"6173","2026-04-19 17:24:25","26.83","48","942.24","3880","","","","","-103","7","27202","1776630265513"
"6174","2026-04-19 17:24:35","26.8","48","942.22","3880","","","","","-103","7.5","27203","1776630275515"
"6175","2026-04-19 17:24:45","26.8","48","942.22","3880","","","","","-103","6.800000190734863","27204","1776630285520"
"6176","2026-04-19 17:24:55","26.78","48","942.22","3880","","","","","-102","7.800000190734863","27205","1776630295518"
"6177","2026-04-19 17:25:05","26.79","48","942.22","3880","","","","","-104","7.300000190734863","27206","1776630305490"
"6178","2026-04-19 17:25:15","26.78","48","942.22","3880","","","","","-104","5.800000190734863","27207","1776630315496"
"6179","2026-04-19 17:25:25","26.79","48","942.2","3880","","","","","-103","7.300000190734863","27208","1776630325480"
"6180","2026-04-19 17:25:35","26.79","48","942.24","3880","","","","","-103","7.800000190734863","27209","1776630335532"
"6181","2026-04-19 17:25:45","26.82","48","942.1800000000001","3880","","","","","-103","7.5","27210","1776630345490"
"6182","2026-04-19 17:25:55","26.83","48","942.2","3880","","","","","-103","7.800000190734863","27211","1776630355517"
"6183","2026-04-19 17:26:05","26.84","48","942.22","3880","","","","","-103","7.800000190734863","27212","1776630365517"
"6184","2026-04-19 17:26:15","26.85","48","942.2","3880","","","","","-103","6","27213","1776630375489"
"6185","2026-04-19 17:26:25","26.85","48","942.2","3880","","","","","-103","7.800000190734863","27214","1776630385522"
"6186","2026-04-19 17:26:35","26.84","48","942.24","3880","","","","","-103","7.300000190734863","27215","1776630395480"
"6187","2026-04-19 17:26:45","26.84","48","942.22","3880","","","","","-103","7.300000190734863","27216","1776630405487"
"6188","2026-04-19 17:26:55","26.83","48","942.24","3880","","","","","-104","6.5","27217","1776630415522"
"6189","2026-04-19 17:27:05","26.83","48","942.22","3880","","","","","-104","7","27218","1776630425498"
"6190","2026-04-19 17:27:15","26.83","48","942.2","3880","","","","","-102","8","27219","1776630435487"
"6191","2026-04-19 17:27:25","26.84","48","942.2","3880","","","","","-103","7.800000190734863","27220","1776630445514"
"6192","2026-04-19 17:27:35","26.84","48","942.22","3880","","","","","-104","7.300000190734863","27221","1776630455504"
"6193","2026-04-19 17:27:45","26.86","48","942.22","3880","","","","","-103","7.5","27222","1776630465502"
"6194","2026-04-19 17:27:55","26.87","48","942.26","3880","","","","","-103","7.5","27223","1776630475514"
"6195","2026-04-19 17:28:05","26.86","48","942.22","3880","","","","","-103","7.300000190734863","27224","1776630485520"
"6196","2026-04-19 17:28:15","26.86","48","942.22","3880","","","","","-103","7.5","27225","1776630495518"
"6197","2026-04-19 17:28:25","26.85","48","942.22","3880","","","","","-103","7","27226","1776630505511"
"6198","2026-04-19 17:28:35","26.84","48","942.2","3880","","","","","-103","7","27227","1776630515511"
"6199","2026-04-19 17:28:45","26.82","48","942.22","3880","","","","","-103","7.5","27228","1776630525494"
"6200","2026-04-19 17:28:55","26.82","48","942.22","3880","","","","","-104","5.800000190734863","27229","1776630535512"
"6201","2026-04-19 17:29:05","26.81","48","942.2","3880","","","","","-103","7.300000190734863","27230","1776630545492"
"6202","2026-04-19 17:29:15","26.82","48","942.2","3880","","","","","-104","6","27231","1776630555515"
"6203","2026-04-19 17:29:25","26.82","48","942.22","3880","","","","","-103","7.5","27232","1776630565516"
"6204","2026-04-19 17:29:35","26.81","48","942.22","3880","","","","","-104","5.5","27233","1776630575508"
"6205","2026-04-19 17:29:45","26.81","48","942.24","3880","","","","","-103","7.300000190734863","27234","1776630585497"
"6206","2026-04-19 17:29:55","26.81","48","942.22","3880","","","","","-103","7","27235","1776630595521"
"6207","2026-04-19 17:30:05","26.82","48","942.2","3880","","","","","-103","7.5","27236","1776630605519"
"6208","2026-04-19 17:30:15","26.84","48","942.22","3880","","","","","-103","7.5","27237","1776630615514"
"6209","2026-04-19 17:30:25","26.87","48","942.22","3880","","","","","-103","6.800000190734863","27238","1776630625521"
"6210","2026-04-19 17:30:35","26.9","48","942.24","3880","","","","","-103","7.300000190734863","27239","1776630635514"
"6211","2026-04-19 17:30:45","26.91","48","942.22","3880","","","","","-103","7","27240","1776630645519"
"6212","2026-04-19 17:30:55","26.92","48","942.24","3880","","","","","-103","7.800000190734863","27241","1776630655521"
"6213","2026-04-19 17:31:05","26.93","48","942.22","3880","","","","","-103","7","27242","1776630665485"
"6214","2026-04-19 17:31:15","26.94","47.5","942.2","3880","","","","","-103","7.800000190734863","27243","1776630675518"
"6215","2026-04-19 17:31:25","26.94","48","942.22","3880","","","","","-103","6.5","27244","1776630685495"
"6216","2026-04-19 17:31:35","26.94","48","942.22","3880","","","","","-104","7","27245","1776630695493"
"6217","2026-04-19 17:31:45","26.94","47.5","942.2","3880","","","","","-103","7.800000190734863","27246","1776630705531"
"6218","2026-04-19 17:31:55","26.93","47.5","942.1800000000001","3880","","","","","-103","6.800000190734863","27247","1776630715518"
"6219","2026-04-19 17:32:05","26.92","48","942.22","3880","","","","","-104","6.800000190734863","27248","1776630725510"
"6220","2026-04-19 17:32:15","26.91","48","942.22","3880","","","","","-103","7.800000190734863","27249","1776630735497"
"6221","2026-04-19 17:32:25","26.91","48","942.22","3880","","","","","-103","7","27250","1776630745519"
"6222","2026-04-19 17:32:35","26.93","47.5","942.22","3880","","","","","-103","7.5","27251","1776630755495"
"6223","2026-04-19 17:32:45","26.93","48","942.22","3880","","","","","-102","7.800000190734863","27252","1776630765497"
"6224","2026-04-19 17:32:55","26.93","48","942.2","3880","","","","","-103","7.300000190734863","27253","1776630775518"
"6225","2026-04-19 17:33:05","26.94","48","942.24","3880","","","","","-104","7","27254","1776630785484"
"6226","2026-04-19 17:33:15","26.94","47.5","942.26","3880","","","","","-103","6.800000190734863","27255","1776630795479"
"6227","2026-04-19 17:33:25","26.94","48","942.24","3880","","","","","-103","7.800000190734863","27256","1776630805483"
"6228","2026-04-19 17:33:35","26.92","47.5","942.24","3880","","","","","-103","7.300000190734863","27257","1776630815505"
"6229","2026-04-19 17:33:45","26.92","48","942.24","3880","","","","","-103","7.5","27258","1776630825485"
"6230","2026-04-19 17:33:55","26.9","48","942.24","3880","","","","","-103","7.300000190734863","27259","1776630835479"
"6231","2026-04-19 17:34:05","26.9","47.5","942.24","3880","","","","","-103","6.5","27260","1776630845514"
"6232","2026-04-19 17:34:15","26.89","48","942.24","3880","","","","","-103","7","27261","1776630855516"
"6233","2026-04-19 17:34:25","26.88","48","942.24","3880","","","","","-103","7.800000190734863","27262","1776630865512"
"6234","2026-04-19 17:34:35","26.89","48","942.24","3880","","","","","-103","6.5","27263","1776630875496"
"6235","2026-04-19 17:34:45","26.89","48","942.26","3880","","","","","-103","7.300000190734863","27264","1776630885507"
"6236","2026-04-19 17:34:55","26.88","48","942.24","3880","","","","","-103","7","27265","1776630895515"
"6237","2026-04-19 17:35:05","26.87","48","942.2","3880","","","","","-103","7","27266","1776630905491"
"6238","2026-04-19 17:35:15","26.88","48","942.24","3880","","","","","-103","8","27267","1776630915484"
"6239","2026-04-19 17:35:25","26.9","48","942.24","3880","","","","","-103","7.300000190734863","27268","1776630925521"
"6240","2026-04-19 17:35:35","26.91","48","942.26","3880","","","","","-103","6.800000190734863","27269","1776630935484"
"6241","2026-04-19 17:35:45","26.91","48","942.22","3880","","","","","-103","7.5","27270","1776630945490"
"6242","2026-04-19 17:35:55","26.91","48","942.24","3880","","","","","-104","6.800000190734863","27271","1776630955519"
"6243","2026-04-19 17:36:05","26.92","47.5","942.24","3880","","","","","-103","7.300000190734863","27272","1776630965484"
"6244","2026-04-19 17:36:15","26.91","47.5","942.22","3880","","","","","-103","8","27273","1776630975493"
"6245","2026-04-19 17:36:25","26.92","48","942.22","3880","","","","","-102","7.800000190734863","27274","1776630985515"
"6246","2026-04-19 17:36:35","26.91","48","942.24","3880","","","","","-103","7.5","27275","1776630995489"
"6247","2026-04-19 17:36:45","26.91","47.5","942.22","3880","","","","","-103","7.300000190734863","27276","1776631005494"
"6248","2026-04-19 17:36:55","26.92","48","942.22","3880","","","","","-103","6.800000190734863","27277","1776631015513"
"6249","2026-04-19 17:37:05","26.92","48","942.24","3880","","","","","-103","7.800000190734863","27278","1776631025485"
"6250","2026-04-19 17:37:15","26.92","48","942.24","3880","","","","","-103","7.5","27279","1776631035493"
"6251","2026-04-19 17:37:25","26.92","48","942.24","3880","","","","","-103","7.300000190734863","27280","1776631045514"
"6252","2026-04-19 17:37:35","26.92","48","942.26","3880","","","","","-103","7.300000190734863","27281","1776631055515"
"6253","2026-04-19 17:37:45","26.92","47.5","942.24","3880","","","","","-103","7.5","27282","1776631065494"
"6254","2026-04-19 17:37:55","26.92","47.5","942.24","3880","","","","","-102","7.800000190734863","27283","1776631075521"
"6255","2026-04-19 17:38:05","26.94","48","942.22","3960","","","","","-102","8","27284","1776631085511"
"6256","2026-04-19 17:38:15","26.94","48","942.24","3960","","","","","-103","7","27285","1776631095517"
"6257","2026-04-19 17:38:25","26.95","47.5","942.24","3960","","","","","-103","7.800000190734863","27286","1776631105510"
"6258","2026-04-19 17:38:35","26.94","48","942.26","3960","","","","","-103","7.800000190734863","27287","1776631115490"
"6259","2026-04-19 17:38:45","26.94","47.5","942.22","3960","","","","","-103","7.5","27288","1776631125519"
"6260","2026-04-19 17:38:55","26.93","48","942.22","3960","","","","","-104","6.300000190734863","27289","1776631135509"
"6261","2026-04-19 17:39:05","26.93","48","942.24","3960","","","","","-103","7.5","27290","1776631145489"
"6262","2026-04-19 17:39:15","26.94","48","942.28","3960","","","","","-103","7.300000190734863","27291","1776631155488"
"6263","2026-04-19 17:39:25","26.93","48","942.22","3960","","","","","-103","7.5","27292","1776631165525"
"6264","2026-04-19 17:39:35","26.93","47.5","942.24","3960","","","","","-103","7.800000190734863","27293","1776631175507"
"6265","2026-04-19 17:39:45","26.93","48","942.24","3960","","","","","-102","7.800000190734863","27294","1776631185517"
"6266","2026-04-19 17:39:55","26.92","48","942.24","3960","","","","","-103","7.800000190734863","27295","1776631195510"
"6267","2026-04-19 17:40:05","26.92","47.5","942.26","3960","","","","","-103","7.5","27296","1776631205510"
"6268","2026-04-19 17:40:15","26.92","48","942.24","3960","","","","","-103","8","27297","1776631215483"
"6269","2026-04-19 17:40:25","26.91","47.5","942.26","3960","","","","","-102","8.5","27298","1776631225517"
"6270","2026-04-19 17:40:35","26.9","48","942.26","3960","","","","","-103","8","27299","1776631235480"
"6271","2026-04-19 17:40:45","26.9","48","942.28","3960","","","","","-103","7.800000190734863","27300","1776631245517"
"6272","2026-04-19 17:40:55","26.88","48","942.26","3960","","","","","-102","8","27301","1776631255528"
"6273","2026-04-19 17:41:05","26.87","48","942.24","3960","","","","","-102","7.800000190734863","27302","1776631265493"
"6274","2026-04-19 17:41:15","26.88","48","942.26","3960","","","","","-103","7.800000190734863","27303","1776631275486"
"6275","2026-04-19 17:41:25","26.89","48","942.24","3960","","","","","-103","7.800000190734863","27304","1776631285536"
"6276","2026-04-19 17:41:35","26.9","48","942.22","3960","","","","","-103","7.300000190734863","27305","1776631295510"
"6277","2026-04-19 17:41:45","26.89","48","942.26","3960","","","","","-102","7.800000190734863","27306","1776631305515"
"6278","2026-04-19 17:41:55","26.88","48","942.24","3960","","","","","-104","6.300000190734863","27307","1776631315508"
"6279","2026-04-19 17:42:05","26.88","47.5","942.28","3960","","","","","-103","7.5","27308","1776631325522"
"6280","2026-04-19 17:42:15","26.87","48","942.22","3960","","","","","-103","7","27309","1776631335522"
"6281","2026-04-19 17:42:25","26.87","48","942.24","3960","","","","","-103","8","27310","1776631345515"
"6282","2026-04-19 17:42:35","26.88","48","942.28","3960","","","","","-103","7.800000190734863","27311","1776631355482"
"6283","2026-04-19 17:42:45","26.88","48","942.24","3960","","","","","-103","7.800000190734863","27312","1776631365483"
"6284","2026-04-19 17:42:55","26.88","48","942.26","3960","","","","","-103","7.5","27313","1776631375515"
"6285","2026-04-19 17:43:05","26.88","48","942.26","3960","","","","","-103","7.5","27314","1776631385485"
"6286","2026-04-19 17:43:15","26.88","48","942.24","3920","","","","","-103","7.5","27315","1776631395488"
"6287","2026-04-19 17:43:25","26.89","48","942.24","3920","","","","","-104","7.300000190734863","27316","1776631405507"
"6288","2026-04-19 17:43:35","26.9","48","942.28","3920","","","","","-102","7.800000190734863","27317","1776631415480"
"6289","2026-04-19 17:43:45","26.9","48","942.28","3920","","","","","-103","7.800000190734863","27318","1776631425510"
"6290","2026-04-19 17:43:55","26.9","48","942.28","3920","","","","","-102","8","27319","1776631435537"
"6291","2026-04-19 17:44:05","26.89","48","942.24","3920","","","","","-103","7.5","27320","1776631445486"
"6292","2026-04-19 17:44:15","26.89","48","942.26","3920","","","","","-102","7.800000190734863","27321","1776631455489"
"6293","2026-04-19 17:44:25","26.89","48","942.28","3920","","","","","-103","7.5","27322","1776631465509"
"6294","2026-04-19 17:44:35","26.89","48","942.3000000000001","3920","","","","","-103","7.5","27323","1776631475495"
"6295","2026-04-19 17:44:45","26.88","48","942.26","3920","","","","","-102","7.5","27324","1776631485494"
"6296","2026-04-19 17:44:55","26.88","48","942.3000000000001","3920","","","","","-103","7.5","27325","1776631495510"
"6297","2026-04-19 17:45:05","26.9","48","942.28","3920","","","","","-103","7.5","27326","1776631505488"
"6298","2026-04-19 17:45:15","26.89","48","942.3000000000001","3920","","","","","-102","8.300000190734863","27327","1776631515485"
"6299","2026-04-19 17:45:25","26.89","48","942.26","3900","","","","","-103","7.5","27328","1776631525512"
"6300","2026-04-19 17:45:35","26.9","48","942.28","3920","","","","","-103","7.5","27329","1776631535509"
"6301","2026-04-19 17:45:45","26.91","48","942.26","3900","","","","","-102","8","27330","1776631545520"
"6302","2026-04-19 17:45:55","26.91","48","942.26","3900","","","","","-103","7.5","27331","1776631555522"
"6303","2026-04-19 17:46:05","26.92","47.5","942.26","3900","","","","","-103","7.800000190734863","27332","1776631565479"
"6304","2026-04-19 17:46:15","26.92","48","942.24","3920","","","","","-103","7.5","27333","1776631575483"
"6305","2026-04-19 17:46:25","26.92","48","942.28","3920","","","","","-102","7.800000190734863","27334","1776631585520"
"6306","2026-04-19 17:46:35","26.92","48","942.28","3900","","","","","-103","7.800000190734863","27335","1776631595489"
"6307","2026-04-19 17:46:45","26.92","48","942.26","3900","","","","","-103","7.300000190734863","27336","1776631605483"
"6308","2026-04-19 17:46:55","26.93","48","942.28","3900","","","","","-103","7.800000190734863","27337","1776631615510"
"6309","2026-04-19 17:47:05","26.92","48","942.28","3900","","","","","-103","7.300000190734863","27338","1776631625493"
"6310","2026-04-19 17:47:15","26.91","47.5","942.3000000000001","3900","","","","","-102","8","27339","1776631635482"
"6311","2026-04-19 17:47:25","26.9","47.5","942.3000000000001","3900","","","","","-103","7.800000190734863","27340","1776631645509"
"6312","2026-04-19 17:47:35","26.9","48","942.32","3900","","","","","-104","6.800000190734863","27341","1776631655484"
"6313","2026-04-19 17:47:45","26.89","48","942.32","3900","","","","","-103","7.800000190734863","27342","1776631665513"
"6314","2026-04-19 17:47:55","26.88","48","942.3000000000001","3900","","","","","-102","8.300000190734863","27343","1776631675514"
"6315","2026-04-19 17:48:05","26.88","48","942.3000000000001","3900","","","","","-102","7.800000190734863","27344","1776631685483"
"6316","2026-04-19 17:48:15","26.89","48","942.28","3900","","","","","-102","8.300000190734863","27345","1776631695484"
"6317","2026-04-19 17:48:25","26.89","48","942.28","3900","","","","","-103","8","27346","1776631705514"
"6318","2026-04-19 17:48:35","26.9","48","942.32","3900","","","","","-103","7.5","27347","1776631715486"
"6319","2026-04-19 17:48:45","26.9","48","942.32","3900","","","","","-103","7.800000190734863","27348","1776631725480"
"6320","2026-04-19 17:48:55","26.91","48","942.26","3900","","","","","-102","8.300000190734863","27349","1776631735510"
"6321","2026-04-19 17:49:05","26.91","48","942.28","3900","","","","","-102","8","27350","1776631745489"
"6322","2026-04-19 17:49:15","26.91","48","942.26","3900","","","","","-102","7.800000190734863","27351","1776631755511"
"6323","2026-04-19 17:49:25","26.91","48","942.28","3900","","","","","-102","7.800000190734863","27352","1776631765508"
"6324","2026-04-19 17:49:35","26.91","47.5","942.3000000000001","3900","","","","","-103","7.800000190734863","27353","1776631775494"
"6325","2026-04-19 17:49:45","26.9","48","942.28","3900","","","","","-103","7.5","27354","1776631785486"
"6326","2026-04-19 17:49:55","26.89","47.5","942.28","3900","","","","","-102","8","27355","1776631795509"
"6327","2026-04-19 17:50:05","26.87","48","942.28","3900","","","","","-102","8","27356","1776631805486"
"6328","2026-04-19 17:50:15","26.87","48","942.28","3900","","","","","-102","7.800000190734863","27357","1776631815509"
"6329","2026-04-19 17:50:25","26.86","48","942.3000000000001","3900","","","","","-103","7.800000190734863","27358","1776631825516"
"6330","2026-04-19 17:50:35","26.86","48","942.34","3900","","","","","-103","7.800000190734863","27359","1776631835513"
"6331","2026-04-19 17:50:45","26.87","48","942.32","3900","","","","","-103","7.5","27360","1776631845515"
"6332","2026-04-19 17:50:55","26.88","48","942.28","3900","","","","","-103","7.300000190734863","27361","1776631855509"
"6333","2026-04-19 17:51:05","26.89","48","942.3000000000001","3900","","","","","-102","8","27362","1776631865518"
"6334","2026-04-19 17:51:15","26.87","48","942.3000000000001","3900","","","","","-102","8","27363","1776631875520"
"6335","2026-04-19 17:51:25","26.88","48","942.34","3900","","","","","-102","8.300000190734863","27364","1776631885510"
"6336","2026-04-19 17:51:35","26.88","48","942.3000000000001","3900","","","","","-103","7.800000190734863","27365","1776631895481"
"6337","2026-04-19 17:51:45","26.88","48","942.32","3900","","","","","-102","7.800000190734863","27366","1776631905508"
"6338","2026-04-19 17:51:55","26.89","48","942.28","3900","","","","","-103","7","27367","1776631915478"
"6339","2026-04-19 17:52:05","26.91","48","942.28","3900","","","","","-105","5.5","27368","1776631925517"
"6340","2026-04-19 17:52:15","26.92","48","942.3000000000001","3900","","","","","-103","7.5","27369","1776631935493"
"6341","2026-04-19 17:52:25","26.93","48","942.3000000000001","3900","","","","","-102","8","27370","1776631945515"
"6342","2026-04-19 17:52:35","26.93","47.5","942.32","3880","","","","","-103","7.800000190734863","27371","1776631955508"
"6343","2026-04-19 17:52:45","26.93","47.5","942.32","3900","","","","","-103","7.300000190734863","27372","1776631965494"
"6344","2026-04-19 17:52:55","26.93","48","942.3000000000001","3900","","","","","-103","7.800000190734863","27373","1776631975515"
"6345","2026-04-19 17:53:05","26.95","48","942.32","3900","","","","","-103","7.800000190734863","27374","1776631985518"
"6346","2026-04-19 17:53:15","26.96","48","942.3000000000001","3900","","","","","-102","7.5","27375","1776631995484"
"6347","2026-04-19 17:53:25","26.96","47.5","942.3000000000001","3900","","","","","-103","7.5","27376","1776632005508"
"6348","2026-04-19 17:53:35","26.97","47.5","942.3000000000001","3900","","","","","-103","7.800000190734863","27377","1776632015479"
"6349","2026-04-19 17:53:45","26.97","47.5","942.34","3900","","","","","-102","8","27378","1776632025477"
"6350","2026-04-19 17:53:55","26.96","48","942.32","3900","","","","","-102","7.800000190734863","27379","1776632035514"
"6351","2026-04-19 17:54:05","26.97","47.5","942.34","3900","","","","","-103","7.5","27380","1776632045511"
"6352","2026-04-19 17:54:15","26.98","48","942.32","3900","","","","","-103","7","27381","1776632055488"
"6353","2026-04-19 17:54:25","26.99","48","942.32","3900","","","","","-103","7.800000190734863","27382","1776632065509"
"6354","2026-04-19 17:54:35","26.99","48","942.32","3900","","","","","-102","7.800000190734863","27383","1776632075507"
"6355","2026-04-19 17:54:45","26.99","47.5","942.34","3900","","","","","-102","7.800000190734863","27384","1776632085509"
"6356","2026-04-19 17:54:55","26.99","48","942.32","3900","","","","","-102","8","27385","1776632095512"
"6357","2026-04-19 17:55:05","26.98","48","942.32","3900","","","","","-102","8","27386","1776632105517"
"6358","2026-04-19 17:55:15","26.98","47.5","942.34","3900","","","","","-102","7.5","27387","1776632115509"
"6359","2026-04-19 17:55:25","26.98","48","942.32","3880","","","","","-102","8","27388","1776632125508"
"6360","2026-04-19 17:55:35","26.99","47.5","942.34","3900","","","","","-102","7.5","27389","1776632135518"
"6361","2026-04-19 17:55:45","26.98","48","942.34","3900","","","","","-103","6.300000190734863","27390","1776632145493"
"6362","2026-04-19 17:55:55","26.98","47.5","942.32","3900","","","","","-102","8.300000190734863","27391","1776632155478"
"6363","2026-04-19 17:56:05","26.97","48","942.36","3900","","","","","-101","8.300000190734863","27392","1776632165520"
"6364","2026-04-19 17:56:15","26.98","48","942.32","3900","","","","","-102","8","27393","1776632175484"
"6365","2026-04-19 17:56:25","26.99","47.5","942.34","3900","","","","","-102","8","27394","1776632185512"
"6366","2026-04-19 17:56:35","26.98","48","942.3000000000001","3900","","","","","-102","8","27395","1776632195514"
"6367","2026-04-19 17:56:45","26.98","47.5","942.34","3900","","","","","-102","7.800000190734863","27396","1776632205484"
"6368","2026-04-19 17:56:55","26.97","48","942.32","3900","","","","","-102","8","27397","1776632215532"
"6369","2026-04-19 17:57:05","26.97","47.5","942.34","3900","","","","","-103","7.800000190734863","27398","1776632225514"
"6370","2026-04-19 17:57:15","26.98","47.5","942.34","3900","","","","","-102","7.800000190734863","27399","1776632235492"
"6371","2026-04-19 17:57:25","26.98","47.5","942.32","3900","","","","","-102","8","27400","1776632245516"
"6372","2026-04-19 17:57:35","26.97","48","942.36","3900","","","","","-102","8","27401","1776632255524"
"6373","2026-04-19 17:57:45","26.97","47.5","942.34","3900","","","","","-102","8","27402","1776632265490"
"6374","2026-04-19 17:57:55","26.97","47.5","942.36","3900","","","","","-102","8.5","27403","1776632275513"
"6375","2026-04-19 17:58:05","26.96","47.5","942.36","3880","","","","","-102","8","27404","1776632285508"
"6376","2026-04-19 17:58:15","26.97","47.5","942.34","3900","","","","","-102","7.800000190734863","27405","1776632295509"
"6377","2026-04-19 17:58:25","26.97","48","942.36","3900","","","","","-102","8.300000190734863","27406","1776632305518"
"6378","2026-04-19 17:58:35","26.98","47.5","942.36","3900","","","","","-102","8.300000190734863","27407","1776632315514"
"6379","2026-04-19 17:58:45","26.97","48","942.34","3900","","","","","-102","8","27408","1776632325518"
"6380","2026-04-19 17:58:55","26.97","47.5","942.38","3900","","","","","-102","8","27409","1776632335518"
"6381","2026-04-19 17:59:05","26.97","47.5","942.38","3900","","","","","-102","8","27410","1776632345550"
"6382","2026-04-19 17:59:15","26.96","47.5","942.34","3900","","","","","-102","7.800000190734863","27411","1776632355498"
"6383","2026-04-19 17:59:25","26.96","47.5","942.36","3880","","","","","-102","8.300000190734863","27412","1776632365507"
"6384","2026-04-19 17:59:35","26.97","48","942.34","3900","","","","","-103","7.800000190734863","27413","1776632375489"
"6385","2026-04-19 17:59:45","26.98","48","942.36","3900","","","","","-103","7.800000190734863","27414","1776632385505"
"6386","2026-04-19 17:59:55","26.97","47.5","942.36","3900","","","","","-103","7.5","27415","1776632395535"
"6387","2026-04-19 18:00:05","26.96","47.5","942.36","3900","","","","","-103","7.800000190734863","27416","1776632405482"
"6388","2026-04-19 18:00:15","26.96","47.5","942.36","3900","","","","","-102","8.300000190734863","27417","1776632415477"
"6389","2026-04-19 18:00:25","26.94","47.5","942.36","3900","","","","","-102","8.300000190734863","27418","1776632425514"
"6390","2026-04-19 18:00:35","26.93","47.5","942.38","3900","","","","","-103","7.300000190734863","27419","1776632435486"
"6391","2026-04-19 18:00:45","26.93","48","942.38","3880","","","","","-104","6.300000190734863","27420","1776632445494"
"6392","2026-04-19 18:00:55","26.92","47.5","942.36","3900","","","","","-104","6.800000190734863","27421","1776632455510"
"6393","2026-04-19 18:01:05","26.93","47.5","942.38","3900","","","","","-104","6.800000190734863","27422","1776632465485"
"6394","2026-04-19 18:01:15","26.94","48","942.38","3900","","","","","-102","8","27423","1776632475514"
"6395","2026-04-19 18:01:25","26.94","48","942.4","3880","","","","","-103","7.5","27424","1776632485481"
"6396","2026-04-19 18:01:35","26.93","48","942.4","3880","","","","","-103","7.300000190734863","27425","1776632495479"
"6397","2026-04-19 18:01:45","26.93","48","942.38","3900","","","","","-103","7.300000190734863","27426","1776632505478"
"6398","2026-04-19 18:01:55","26.92","48","942.4","3900","","","","","-103","7.800000190734863","27427","1776632515514"
"6399","2026-04-19 18:02:05","26.91","48","942.4200000000001","3900","","","","","-103","8","27428","1776632525488"
"6400","2026-04-19 18:02:15","26.91","48","942.4","3880","","","","","-102","8.300000190734863","27429","1776632535483"
"6401","2026-04-19 18:02:25","26.91","48","942.4200000000001","3880","","","","","-102","8","27430","1776632545513"
"6402","2026-04-19 18:02:35","26.91","48","942.4","3900","","","","","-102","7.800000190734863","27431","1776632555485"
"6403","2026-04-19 18:02:45","26.91","48","942.38","3880","","","","","-102","7.800000190734863","27432","1776632565486"
"6404","2026-04-19 18:02:55","26.91","47.5","942.38","3880","","","","","-102","8","27433","1776632575511"
"6405","2026-04-19 18:03:05","26.91","48","942.4200000000001","3880","","","","","-102","7.800000190734863","27434","1776632585487"
"6406","2026-04-19 18:03:15","26.91","48","942.4","3880","","","","","-103","7.5","27435","1776632595495"
"6407","2026-04-19 18:03:25","26.91","48","942.44","3900","","","","","-103","8","27436","1776632605482"
"6408","2026-04-19 18:03:35","26.92","48","942.4","3880","","","","","-102","8.300000190734863","27437","1776632615485"
"6409","2026-04-19 18:03:45","26.93","48","942.4200000000001","3880","","","","","-102","8","27438","1776632625511"
"6410","2026-04-19 18:03:55","26.93","48","942.4200000000001","3900","","","","","-102","7.800000190734863","27439","1776632635480"
"6411","2026-04-19 18:04:05","26.95","48","942.4","3900","","","","","-102","8","27440","1776632645493"
"6412","2026-04-19 18:04:15","26.95","48","942.4","3880","","","","","-102","8.300000190734863","27441","1776632655507"
"6413","2026-04-19 18:04:25","26.96","47.5","942.4","3880","","","","","-102","8.300000190734863","27442","1776632665510"
"6414","2026-04-19 18:04:35","26.97","48","942.4","3880","","","","","-102","8","27443","1776632675499"
"6415","2026-04-19 18:04:45","26.96","48","942.36","3880","","","","","-103","8","27444","1776632685493"
"6416","2026-04-19 18:04:55","26.97","47.5","942.4200000000001","3880","","","","","-103","7.5","27445","1776632695504"
"6417","2026-04-19 18:05:05","26.98","48","942.4","3880","","","","","-103","7.300000190734863","27446","1776632705490"
"6418","2026-04-19 18:05:15","26.98","47.5","942.4","3900","","","","","-102","7.5","27447","1776632715499"
"6419","2026-04-19 18:05:25","26.99","47.5","942.4200000000001","3880","","","","","-103","7.300000190734863","27448","1776632725517"
"6420","2026-04-19 18:05:35","26.99","47.5","942.4200000000001","3880","","","","","-103","7.5","27449","1776632735516"
"6421","2026-04-19 18:05:45","26.98","48","942.44","3880","","","","","-104","7.300000190734863","27450","1776632745510"
"6422","2026-04-19 18:05:55","26.96","48","942.44","3900","","","","","-103","7.5","27451","1776632755515"
"6423","2026-04-19 18:06:05","26.95","47.5","942.44","3900","","","","","-102","8","27452","1776632765513"
"6424","2026-04-19 18:06:15","26.92","48","942.4200000000001","3880","","","","","-102","8.300000190734863","27453","1776632775492"
"6425","2026-04-19 18:06:25","26.92","47.5","942.46","3880","","","","","-103","8","27454","1776632785550"
"6426","2026-04-19 18:06:35","26.91","48","942.46","3880","","","","","-103","7.800000190734863","27455","1776632795547"
"6427","2026-04-19 18:06:45","26.91","48","942.48","3880","","","","","-102","7.800000190734863","27456","1776632805479"
"6428","2026-04-19 18:06:55","26.9","48","942.4200000000001","3880","","","","","-103","7.300000190734863","27457","1776632815485"
"6429","2026-04-19 18:07:05","26.9","48","942.44","3880","","","","","-103","7.5","27458","1776632825495"
"6430","2026-04-19 18:07:15","26.89","48","942.44","3880","","","","","-103","8","27459","1776632835491"
"6431","2026-04-19 18:07:25","26.87","48","942.46","3880","","","","","-104","6.800000190734863","27460","1776632845505"
"6432","2026-04-19 18:07:35","26.86","48","942.46","3880","","","","","-103","7.5","27461","1776632855490"
"6433","2026-04-19 18:07:45","26.85","48","942.46","3880","","","","","-103","7","27462","1776632865507"
"6434","2026-04-19 18:07:55","26.86","48","942.46","3880","","","","","-103","7.800000190734863","27463","1776632875507"
"6435","2026-04-19 18:08:05","26.86","47.5","942.46","3880","","","","","-103","7.800000190734863","27464","1776632885488"
"6436","2026-04-19 18:08:15","26.85","48","942.48","3880","","","","","-102","7.800000190734863","27465","1776632895486"
"6437","2026-04-19 18:08:25","26.84","48","942.46","3880","","","","","-102","7.300000190734863","27466","1776632905516"
"6438","2026-04-19 18:08:35","26.84","48","942.46","3880","","","","","-103","7.300000190734863","27467","1776632915480"
"6439","2026-04-19 18:08:45","26.83","48","942.46","3880","","","","","-102","8.300000190734863","27468","1776632925482"
"6440","2026-04-19 18:08:55","26.85","48","942.46","3880","","","","","-103","7.800000190734863","27469","1776632935508"
"6441","2026-04-19 18:09:05","26.86","48","942.48","3880","","","","","-102","8.5","27470","1776632945489"
"6442","2026-04-19 18:09:15","26.88","48","942.5","3880","","","","","-102","8.5","27471","1776632955508"
"6443","2026-04-19 18:09:25","26.88","48","942.5","3880","","","","","-102","8.300000190734863","27472","1776632965538"
"6444","2026-04-19 18:09:35","26.89","48","942.48","3880","","","","","-102","7.800000190734863","27473","1776632975482"
"6445","2026-04-19 18:09:45","26.9","48","942.46","3880","","","","","-102","8.5","27474","1776632985504"
"6446","2026-04-19 18:09:55","26.92","48","942.46","3880","","","","","-102","8","27475","1776632995504"
"6447","2026-04-19 18:10:05","26.92","48","942.48","3880","","","","","-102","8.300000190734863","27476","1776633005492"
"6448","2026-04-19 18:10:15","26.93","48","942.46","3880","","","","","-103","7.800000190734863","27477","1776633015510"
"6449","2026-04-19 18:10:25","26.93","48","942.5","3880","","","","","-103","7.5","27478","1776633025508"
"6450","2026-04-19 18:10:35","26.92","48","942.5","3880","","","","","-102","8.300000190734863","27479","1776633035487"
"6451","2026-04-19 18:10:45","26.92","47.5","942.5","3880","","","","","-102","8.300000190734863","27480","1776633045496"
"6452","2026-04-19 18:10:55","26.91","48","942.5","3880","","","","","-102","8.300000190734863","27481","1776633055511"
"6453","2026-04-19 18:11:05","26.91","48","942.5","3880","","","","","-102","8.5","27482","1776633065489"
"6454","2026-04-19 18:11:15","26.89","48","942.5","3880","","","","","-101","8.5","27483","1776633075507"
"6455","2026-04-19 18:11:25","26.88","48","942.52","3880","","","","","-102","8.5","27484","1776633085516"
"6456","2026-04-19 18:11:35","26.88","48","942.5","3880","","","","","-102","8","27485","1776633095507"
"6457","2026-04-19 18:11:45","26.88","48","942.5","3880","","","","","-102","8.300000190734863","27486","1776633105509"
"6458","2026-04-19 18:11:55","26.88","48","942.5","3880","","","","","-102","8.300000190734863","27487","1776633115504"
"6459","2026-04-19 18:12:05","26.88","48","942.52","3880","","","","","-102","8.300000190734863","27488","1776633125476"
"6460","2026-04-19 18:12:15","26.88","48","942.52","3880","","","","","-102","8.300000190734863","27489","1776633135513"
"6461","2026-04-19 18:12:25","26.88","48","942.52","3880","","","","","-102","8.300000190734863","27490","1776633145488"
"6462","2026-04-19 18:12:35","26.88","48","942.52","3880","","","","","-102","8.300000190734863","27491","1776633155483"
"6463","2026-04-19 18:12:45","26.88","48","942.52","3880","","","","","-102","8.300000190734863","27492","1776633165481"
"6464","2026-04-19 18:12:55","26.87","48","942.52","3880","","","","","-102","8","27493","1776633175513"
"6465","2026-04-19 18:13:05","26.86","48","942.54","3880","","","","","-103","8","27494","1776633185482"
"6466","2026-04-19 18:13:15","26.86","48","942.52","3880","","","","","-102","8.5","27495","1776633195512"
"6467","2026-04-19 18:13:25","26.87","48","942.52","3880","","","","","-102","8.800000190734863","27496","1776633205515"
"6468","2026-04-19 18:13:35","26.86","48","942.54","3880","","","","","-102","8.5","27497","1776633215475"
"6469","2026-04-19 18:13:45","26.87","48","942.52","3880","","","","","-102","8.300000190734863","27498","1776633225485"
"6470","2026-04-19 18:13:55","26.87","48","942.54","3880","","","","","-101","8.5","27499","1776633235515"
"6471","2026-04-19 18:14:05","26.86","48","942.54","3880","","","","","-102","7.800000190734863","27500","1776633245485"
"6472","2026-04-19 18:14:15","26.85","48","942.54","3880","","","","","-102","8","27501","1776633255476"
"6473","2026-04-19 18:14:25","26.86","48","942.52","3880","","","","","-102","8","27502","1776633265518"
"6474","2026-04-19 18:14:35","26.86","48","942.54","3880","","","","","-102","8.5","27503","1776633275487"
"6475","2026-04-19 18:14:45","26.85","48","942.5600000000001","3880","","","","","-102","8.300000190734863","27504","1776633285480"
"6476","2026-04-19 18:14:55","26.84","48","942.54","3880","","","","","-103","8","27505","1776633295504"
"6477","2026-04-19 18:15:05","26.84","48","942.5600000000001","3880","","","","","-102","8.5","27506","1776633305491"
"6478","2026-04-19 18:15:15","26.83","48","942.5600000000001","3880","","","","","-103","7.800000190734863","27507","1776633315486"
"6479","2026-04-19 18:15:25","26.83","48.5","942.5600000000001","3880","","","","","-102","8.300000190734863","27508","1776633325485"
"6480","2026-04-19 18:15:35","26.82","48","942.54","3880","","","","","-102","8.300000190734863","27509","1776633335514"
"6481","2026-04-19 18:15:45","26.82","48","942.5600000000001","3880","","","","","-102","8.5","27510","1776633345508"
"6482","2026-04-19 18:15:55","26.83","48","942.54","3880","","","","","-101","8.5","27511","1776633355510"
"6483","2026-04-19 18:16:05","26.83","48","942.5600000000001","3880","","","","","-103","7.5","27512","1776633365509"
"6484","2026-04-19 18:16:15","26.83","48","942.54","3880","","","","","-103","8","27513","1776633375504"
"6485","2026-04-19 18:16:25","26.84","48","942.54","3880","","","","","-102","8","27514","1776633385513"
"6486","2026-04-19 18:16:35","26.84","48","942.54","3880","","","","","-102","8","27515","1776633395491"
"6487","2026-04-19 18:16:45","26.85","48","942.5600000000001","3880","","","","","-101","8.800000190734863","27516","1776633405492"
"6488","2026-04-19 18:16:55","26.85","48","942.5600000000001","3880","","","","","-102","8.300000190734863","27517","1776633415487"
"6489","2026-04-19 18:17:05","26.85","48","942.54","3880","","","","","-101","8.800000190734863","27518","1776633425490"
"6490","2026-04-19 18:17:15","26.85","48","942.58","3880","","","","","-102","8","27519","1776633435537"
"6491","2026-04-19 18:17:25","26.84","48","942.58","3880","","","","","-102","8","27520","1776633445513"
"6492","2026-04-19 18:17:35","26.85","48","942.58","3880","","","","","-103","8","27521","1776633455483"
"6493","2026-04-19 18:17:45","26.87","48","942.5600000000001","3880","","","","","-102","8.5","27522","1776633465481"
"6494","2026-04-19 18:17:55","26.86","48","942.58","3880","","","","","-102","8.300000190734863","27523","1776633475510"
"6495","2026-04-19 18:18:05","26.86","48","942.58","3880","","","","","-102","8","27524","1776633485489"
"6496","2026-04-19 18:18:15","26.84","48","942.6","3880","","","","","-102","8","27525","1776633495486"
"6497","2026-04-19 18:18:25","26.82","48","942.58","3880","","","","","-102","8.300000190734863","27526","1776633505504"
"6498","2026-04-19 18:18:35","26.81","48","942.62","3880","","","","","-102","7","27527","1776633515489"
"6499","2026-04-19 18:18:45","26.8","48","942.6","3880","","","","","-103","7.800000190734863","27528","1776633525482"
"6500","2026-04-19 18:18:55","26.79","48","942.6","3880","","","","","-102","8","27529","1776633535517"
"6501","2026-04-19 18:19:05","26.79","48.5","942.62","3880","","","","","-102","8.300000190734863","27530","1776633545476"
"6502","2026-04-19 18:19:15","26.79","48","942.64","3880","","","","","-102","8.300000190734863","27531","1776633555512"
"6503","2026-04-19 18:19:25","26.79","48.5","942.6","3880","","","","","-101","8.5","27532","1776633565513"
"6504","2026-04-19 18:19:35","26.8","48","942.66","3880","","","","","-102","7.5","27533","1776633575477"
"6505","2026-04-19 18:19:45","26.81","48","942.6","3880","","","","","-103","7.800000190734863","27534","1776633585476"
"6506","2026-04-19 18:19:55","26.82","48","942.64","3880","","","","","-102","8","27535","1776633595503"
"6507","2026-04-19 18:20:05","26.82","48","942.6","3880","","","","","-102","8","27536","1776633605483"
"6508","2026-04-19 18:20:15","26.83","48","942.58","3880","","","","","-102","8.300000190734863","27537","1776633615505"
"6509","2026-04-19 18:20:25","26.85","48","942.6","3880","","","","","-102","8","27538","1776633625506"
"6510","2026-04-19 18:20:35","26.86","48","942.6","3880","","","","","-102","8","27539","1776633635510"
"6511","2026-04-19 18:20:45","26.88","48","942.62","3880","","","","","-102","8","27540","1776633645510"
"6512","2026-04-19 18:20:55","26.88","48","942.62","3880","","","","","-102","8.300000190734863","27541","1776633655510"
"6513","2026-04-19 18:21:05","26.88","48","942.62","3880","","","","","-101","8.800000190734863","27542","1776633665503"
"6514","2026-04-19 18:21:15","26.86","48","942.62","3880","","","","","-102","8","27543","1776633675510"
"6515","2026-04-19 18:21:25","26.85","48","942.6","3880","","","","","-102","8","27544","1776633685511"
"6516","2026-04-19 18:21:35","26.85","48.5","942.64","3880","","","","","-102","8.300000190734863","27545","1776633695504"
"6517","2026-04-19 18:21:45","26.84","48","942.64","3880","","","","","-101","8.800000190734863","27546","1776633705513"
"6518","2026-04-19 18:21:55","26.83","48","942.64","3880","","","","","-102","7.5","27547","1776633715538"
"6519","2026-04-19 18:22:05","26.83","48","942.64","3880","","","","","-102","8","27548","1776633725482"
"6520","2026-04-19 18:22:15","26.85","48","942.62","3880","","","","","-103","7.800000190734863","27549","1776633735497"
"6521","2026-04-19 18:22:25","26.86","48","942.64","3880","","","","","-102","7.5","27550","1776633745553"
"6522","2026-04-19 18:22:35","26.89","48","942.62","3880","","","","","-102","8","27551","1776633755483"
"6523","2026-04-19 18:22:45","26.88","48","942.62","3880","","","","","-102","8.300000190734863","27552","1776633765512"
"6524","2026-04-19 18:22:55","26.88","48","942.62","3880","","","","","-102","8","27553","1776633775509"
"6525","2026-04-19 18:23:05","26.87","48","942.66","3880","","","","","-103","7.300000190734863","27554","1776633785483"
"6526","2026-04-19 18:23:15","26.86","48","942.64","3880","","","","","-102","8","27555","1776633795484"
"6527","2026-04-19 18:23:25","26.86","48","942.62","3880","","","","","-102","8.5","27556","1776633805510"
"6528","2026-04-19 18:23:35","26.85","48","942.64","3880","","","","","-102","7.800000190734863","27557","1776633815476"
"6529","2026-04-19 18:23:45","26.84","48","942.64","3880","","","","","-103","8","27558","1776633825487"
"6530","2026-04-19 18:23:55","26.84","48","942.66","3880","","","","","-102","8.5","27559","1776633835545"
"6531","2026-04-19 18:24:05","26.87","48","942.62","3880","","","","","-102","8.300000190734863","27560","1776633845513"
"6532","2026-04-19 18:24:15","26.88","48","942.64","3880","","","","","-103","7.800000190734863","27561","1776633855477"
"6533","2026-04-19 18:24:25","26.89","48","942.66","3960","","","","","-103","7.800000190734863","27562","1776633865514"
"6534","2026-04-19 18:24:35","26.89","48","942.62","3960","","","","","-103","7.800000190734863","27563","1776633875509"
"6535","2026-04-19 18:24:45","26.91","48","942.6","3960","","","","","-102","8","27564","1776633885478"
"6536","2026-04-19 18:24:55","26.92","48","942.62","3960","","","","","-102","8.300000190734863","27565","1776633895512"
"6537","2026-04-19 18:25:05","26.91","48","942.64","3960","","","","","-102","8","27566","1776633905483"
"6538","2026-04-19 18:25:15","26.89","48","942.64","3960","","","","","-102","8","27567","1776633915487"
"6539","2026-04-19 18:25:25","26.88","48","942.64","3960","","","","","-103","7.5","27568","1776633925508"
"6540","2026-04-19 18:25:35","26.88","48","942.64","3960","","","","","-103","7.5","27569","1776633935487"
"6541","2026-04-19 18:25:45","26.87","48","942.66","3960","","","","","-103","7.800000190734863","27570","1776633945479"
"6542","2026-04-19 18:25:55","26.86","48","942.66","3960","","","","","-103","7.800000190734863","27571","1776633955506"
"6543","2026-04-19 18:26:05","26.85","48","942.62","3960","","","","","-101","8.5","27572","1776633965508"
"6544","2026-04-19 18:26:15","26.85","48","942.66","3960","","","","","-102","8.300000190734863","27573","1776633975503"
"6545","2026-04-19 18:26:25","26.83","48","942.6800000000001","3960","","","","","-101","8.5","27574","1776633985514"
"6546","2026-04-19 18:26:35","26.81","48","942.7","3960","","","","","-102","8.300000190734863","27575","1776633995504"
"6547","2026-04-19 18:26:45","26.8","48.5","942.6800000000001","3960","","","","","-102","8.300000190734863","27576","1776634005478"
"6548","2026-04-19 18:26:55","26.77","48","942.6800000000001","3960","","","","","-102","8","27577","1776634015512"
"6549","2026-04-19 18:27:05","26.75","48","942.64","3960","","","","","-102","8.5","27578","1776634025483"
"6550","2026-04-19 18:27:15","26.75","48.5","942.6800000000001","3960","","","","","-102","8.5","27579","1776634035479"
"6551","2026-04-19 18:27:25","26.76","48","942.6800000000001","3960","","","","","-102","8.300000190734863","27580","1776634045509"
"6552","2026-04-19 18:27:35","26.77","48","942.6800000000001","3960","","","","","-101","8.5","27581","1776634055541"
"6553","2026-04-19 18:27:45","26.78","48.5","942.66","3960","","","","","-103","7.5","27582","1776634065535"
"6554","2026-04-19 18:27:55","26.77","48.5","942.66","3960","","","","","-102","8.5","27583","1776634075513"
"6555","2026-04-19 18:28:05","26.76","48.5","942.7","3960","","","","","-102","7.800000190734863","27584","1776634085480"
"6556","2026-04-19 18:28:15","26.76","48","942.6800000000001","3960","","","","","-102","7.800000190734863","27585","1776634095499"
"6557","2026-04-19 18:28:25","26.77","48.5","942.7","3960","","","","","-103","7.5","27586","1776634105502"
"6558","2026-04-19 18:28:35","26.79","48","942.66","3960","","","","","-102","7.800000190734863","27587","1776634115483"
"6559","2026-04-19 18:28:45","26.8","48","942.7","3960","","","","","-101","8.5","27588","1776634125486"
"6560","2026-04-19 18:28:55","26.82","48","942.62","3960","","","","","-102","8.300000190734863","27589","1776634135511"
"6561","2026-04-19 18:29:05","26.84","48","942.6800000000001","3960","","","","","-102","8","27590","1776634145484"
"6562","2026-04-19 18:29:15","26.84","48.5","942.7","3960","","","","","-102","8","27591","1776634155472"
"6563","2026-04-19 18:29:25","26.85","48","942.6800000000001","3960","","","","","-101","8.5","27592","1776634165505"
"6564","2026-04-19 18:29:35","26.87","48","942.66","3920","","","","","-102","8.300000190734863","27593","1776634175516"
"6565","2026-04-19 18:29:45","26.88","48","942.64","3920","","","","","-101","8.300000190734863","27594","1776634185489"
"6566","2026-04-19 18:29:55","26.89","48","942.64","3920","","","","","-102","8.300000190734863","27595","1776634195507"
"6567","2026-04-19 18:30:05","26.9","48","942.6800000000001","3920","","","","","-101","8.5","27596","1776634205486"
"6568","2026-04-19 18:30:15","26.89","48","942.66","3920","","","","","-101","8.5","27597","1776634215483"
"6569","2026-04-19 18:30:25","26.87","48","942.6800000000001","3920","","","","","-102","8.5","27598","1776634225511"
"6570","2026-04-19 18:30:35","26.86","48","942.7","3920","","","","","-102","8.300000190734863","27599","1776634235489"
"6571","2026-04-19 18:30:45","26.85","48.5","942.66","3920","","","","","-103","7.5","27600","1776634245487"
"6572","2026-04-19 18:30:55","26.85","48","942.7","3920","","","","","-102","8","27601","1776634255515"
"6573","2026-04-19 18:31:05","26.87","48","942.6800000000001","3920","","","","","-102","8","27602","1776634265480"
"6574","2026-04-19 18:31:15","26.86","48","942.6800000000001","3920","","","","","-101","8.5","27603","1776634275483"
"6575","2026-04-19 18:31:25","26.85","48","942.7","3900","","","","","-102","8.300000190734863","27604","1776634285511"
"6576","2026-04-19 18:31:35","26.86","48","942.7","3900","","","","","-102","8.5","27605","1776634295511"
"6577","2026-04-19 18:31:45","26.86","48.5","942.72","3900","","","","","-102","8","27606","1776634305502"
"6578","2026-04-19 18:31:55","26.87","48","942.6800000000001","3900","","","","","-101","8.300000190734863","27607","1776634315484"
"6579","2026-04-19 18:32:05","26.88","48","942.7","3900","","","","","-102","8.5","27608","1776634325513"
"6580","2026-04-19 18:32:15","26.88","48","942.7","3920","","","","","-102","8.5","27609","1776634335508"
"6581","2026-04-19 18:32:25","26.86","48","942.72","3920","","","","","-101","8.300000190734863","27610","1776634345549"
"6582","2026-04-19 18:32:35","26.84","48","942.7","3900","","","","","-102","8.5","27611","1776634355492"
"6583","2026-04-19 18:32:45","26.82","48","942.72","3900","","","","","-102","8.300000190734863","27612","1776634365485"
"6584","2026-04-19 18:32:55","26.8","48","942.6800000000001","3900","","","","","-103","7.800000190734863","27613","1776634375481"
"6585","2026-04-19 18:33:05","26.77","48.5","942.72","3900","","","","","-102","8.5","27614","1776634385505"
"6586","2026-04-19 18:33:15","26.74","48","942.72","3900","","","","","-102","8","27615","1776634395494"
"6587","2026-04-19 18:33:25","26.72","48.5","942.72","3900","","","","","-102","8.300000190734863","27616","1776634405503"
"6588","2026-04-19 18:33:35","26.71","48.5","942.7","3900","","","","","-102","8.300000190734863","27617","1776634415476"
"6589","2026-04-19 18:33:45","26.7","48.5","942.6800000000001","3900","","","","","-102","8","27618","1776634425486"
"6590","2026-04-19 18:33:55","26.69","48.5","942.7","3900","","","","","-102","8.800000190734863","27619","1776634435510"
"6591","2026-04-19 18:34:05","26.69","48.5","942.7","3900","","","","","-101","8.300000190734863","27620","1776634445493"
"6592","2026-04-19 18:34:15","26.7","48.5","942.72","3900","","","","","-101","9","27621","1776634455502"
"6593","2026-04-19 18:34:25","26.7","48.5","942.72","3900","","","","","-101","8.800000190734863","27622","1776634465486"
"6594","2026-04-19 18:34:35","26.69","48.5","942.7","3900","","","","","-101","8.5","27623","1776634475481"
"6595","2026-04-19 18:34:45","26.68","48.5","942.72","3900","","","","","-101","8.800000190734863","27624","1776634485486"
"6596","2026-04-19 18:34:55","26.68","48.5","942.76","3900","","","","","-101","9","27625","1776634495521"
"6597","2026-04-19 18:35:05","26.68","48.5","942.76","3900","","","","","-103","7.5","27626","1776634505480"
"6598","2026-04-19 18:35:15","26.69","48.5","942.76","3900","","","","","-101","8.300000190734863","27627","1776634515488"
"6599","2026-04-19 18:35:25","26.69","48.5","942.72","3900","","","","","-101","9","27628","1776634525514"
"6600","2026-04-19 18:35:35","26.69","48.5","942.7","3900","","","","","-102","8.300000190734863","27629","1776634535507"
"6601","2026-04-19 18:35:45","26.69","48.5","942.72","3900","","","","","-101","7.800000190734863","27630","1776634545483"
"6602","2026-04-19 18:35:55","26.7","48.5","942.74","3900","","","","","-101","8.5","27631","1776634555474"
"6603","2026-04-19 18:36:05","26.7","48.5","942.7","3900","","","","","-102","8.5","27632","1776634565504"
"6604","2026-04-19 18:36:15","26.7","48.5","942.72","3900","","","","","-101","8.300000190734863","27633","1776634575489"
"6605","2026-04-19 18:36:25","26.7","48.5","942.74","3900","","","","","-102","8.300000190734863","27634","1776634585504"
"6606","2026-04-19 18:36:35","26.71","48.5","942.72","3900","","","","","-102","8.300000190734863","27635","1776634595494"
"6607","2026-04-19 18:36:45","26.71","48.5","942.76","3900","","","","","-101","8.800000190734863","27636","1776634605507"
"6608","2026-04-19 18:36:55","26.7","48.5","942.74","3900","","","","","-101","8.800000190734863","27637","1776634615512"
"6609","2026-04-19 18:37:05","26.69","48.5","942.76","3900","","","","","-101","8.5","27638","1776634625487"
"6610","2026-04-19 18:37:15","26.68","48.5","942.78","3900","","","","","-102","8.800000190734863","27639","1776634635506"
"6611","2026-04-19 18:37:25","26.67","48.5","942.78","3900","","","","","-102","8.800000190734863","27640","1776634645511"
"6612","2026-04-19 18:37:35","26.65","48.5","942.76","3900","","","","","-101","8.5","27641","1776634655547"
"6613","2026-04-19 18:37:45","26.65","48.5","942.76","3900","","","","","-102","8.300000190734863","27642","1776634665475"
"6614","2026-04-19 18:37:55","26.67","49","942.76","3900","","","","","-101","8.5","27643","1776634675509"
"6615","2026-04-19 18:38:05","26.68","48.5","942.76","3900","","","","","-102","8.5","27644","1776634685474"
"6616","2026-04-19 18:38:15","26.7","48.5","942.76","3900","","","","","-101","8.5","27645","1776634695502"
"6617","2026-04-19 18:38:25","26.72","48.5","942.74","3900","","","","","-101","9","27646","1776634705475"
"6618","2026-04-19 18:38:35","26.74","48.5","942.76","3900","","","","","-101","8.800000190734863","27647","1776634715511"
"6619","2026-04-19 18:38:45","26.77","48.5","942.78","3900","","","","","-101","8.5","27648","1776634725485"
"6620","2026-04-19 18:38:55","26.79","48.5","942.78","3900","","","","","-101","8.800000190734863","27649","1776634735507"
"6621","2026-04-19 18:39:05","26.79","48.5","942.78","3900","","","","","-101","8.5","27650","1776634745487"
"6622","2026-04-19 18:39:15","26.8","48.5","942.8000000000001","3900","","","","","-102","8.5","27651","1776634755563"
"6623","2026-04-19 18:39:25","26.8","48.5","942.8000000000001","3900","","","","","-102","8.300000190734863","27652","1776634765482"
"6624","2026-04-19 18:39:35","26.79","48.5","942.78","3900","","","","","-102","8","27653","1776634775483"
"6625","2026-04-19 18:39:45","26.79","48","942.8000000000001","3900","","","","","-102","8.5","27654","1776634785506"
"6626","2026-04-19 18:39:55","26.78","48","942.8000000000001","3900","","","","","-101","8.5","27655","1776634795511"
"6627","2026-04-19 18:40:05","26.78","48.5","942.8000000000001","3900","","","","","-101","8.800000190734863","27656","1776634805496"
"6628","2026-04-19 18:40:15","26.77","48.5","942.78","3900","","","","","-101","9","27657","1776634815476"
"6629","2026-04-19 18:40:25","26.76","48","942.78","3900","","","","","-102","8.5","27658","1776634825504"
"6630","2026-04-19 18:40:35","26.75","48.5","942.8000000000001","3900","","","","","-102","8.300000190734863","27659","1776634835493"
"6631","2026-04-19 18:40:45","26.74","48.5","942.8000000000001","3900","","","","","-102","7.800000190734863","27660","1776634845510"
"6632","2026-04-19 18:40:55","26.73","48","942.78","3900","","","","","-101","9","27661","1776634855508"
"6633","2026-04-19 18:41:05","26.72","48.5","942.78","3900","","","","","-101","8.800000190734863","27662","1776634865488"
"6634","2026-04-19 18:41:15","26.71","48.5","942.78","3900","","","","","-103","7.800000190734863","27663","1776634875508"
"6635","2026-04-19 18:41:25","26.69","48.5","942.74","3900","","","","","-102","8.5","27664","1776634885506"
"6636","2026-04-19 18:41:35","26.69","48.5","942.76","3900","","","","","-101","8.800000190734863","27665","1776634895512"
"6637","2026-04-19 18:41:45","26.69","48.5","942.76","3900","","","","","-101","8.800000190734863","27666","1776634905512"
"6638","2026-04-19 18:41:55","26.7","48.5","942.78","3900","","","","","-102","8.5","27667","1776634915507"
"6639","2026-04-19 18:42:05","26.68","48.5","942.78","3880","","","","","-101","8.800000190734863","27668","1776634925505"
"6640","2026-04-19 18:42:15","26.67","48.5","942.76","3900","","","","","-101","8.800000190734863","27669","1776634935473"
"6641","2026-04-19 18:42:25","26.66","48.5","942.78","3900","","","","","-102","8.300000190734863","27670","1776634945514"
"6642","2026-04-19 18:42:35","26.65","48.5","942.8000000000001","3900","","","","","-101","9","27671","1776634955487"
"6643","2026-04-19 18:42:45","26.65","48.5","942.8000000000001","3880","","","","","-101","8.800000190734863","27672","1776634965488"
"6644","2026-04-19 18:42:55","26.64","48.5","942.8000000000001","3900","","","","","-102","8.5","27673","1776634975491"
"6645","2026-04-19 18:43:05","26.63","48.5","942.74","3900","","","","","-101","8.800000190734863","27674","1776634985479"
"6646","2026-04-19 18:43:15","26.61","48.5","942.78","3900","","","","","-101","8.800000190734863","27675","1776634995478"
"6647","2026-04-19 18:43:25","26.6","49","942.8000000000001","3900","","","","","-102","8","27676","1776635005506"
"6648","2026-04-19 18:43:35","26.6","49","942.78","3900","","","","","-101","8.5","27677","1776635015509"
"6649","2026-04-19 18:43:45","26.59","48.5","942.8000000000001","3900","","","","","-102","8.300000190734863","27678","1776635025485"
"6650","2026-04-19 18:43:55","26.58","48.5","942.76","3900","","","","","-101","8.300000190734863","27679","1776635035511"
"6651","2026-04-19 18:44:05","26.59","49","942.78","3880","","","","","-101","8.5","27680","1776635045473"
"6652","2026-04-19 18:44:15","26.59","49","942.8000000000001","3900","","","","","-101","8.800000190734863","27681","1776635055473"
"6653","2026-04-19 18:44:25","26.58","48.5","942.8000000000001","3900","","","","","-102","8.5","27682","1776635065510"
"6654","2026-04-19 18:44:35","26.57","49","942.78","3900","","","","","-102","8.300000190734863","27683","1776635075493"
"6655","2026-04-19 18:44:45","26.57","48.5","942.78","3900","","","","","-103","8","27684","1776635085475"
"6656","2026-04-19 18:44:55","26.55","49","942.78","3900","","","","","-102","8","27685","1776635095501"
"6657","2026-04-19 18:45:05","26.54","49","942.76","3880","","","","","-102","8","27686","1776635105490"
"6658","2026-04-19 18:45:15","26.52","49","942.76","3880","","","","","-103","7.5","27687","1776635115478"
"6659","2026-04-19 18:45:25","26.51","49","942.76","3880","","","","","-102","8","27688","1776635125502"
"6660","2026-04-19 18:45:35","26.5","49","942.8000000000001","3900","","","","","-102","8.300000190734863","27689","1776635135478"
"6661","2026-04-19 18:45:45","26.48","49","942.78","3900","","","","","-102","8.5","27690","1776635145488"
"6662","2026-04-19 18:45:55","26.5","49","942.78","3900","","","","","-101","8.800000190734863","27691","1776635155508"
"6663","2026-04-19 18:46:05","26.51","49","942.78","3880","","","","","-101","8.800000190734863","27692","1776635165478"
"6664","2026-04-19 18:46:15","26.51","49","942.76","3880","","","","","-102","8","27693","1776635175482"
"6665","2026-04-19 18:46:25","26.52","49","942.8000000000001","3880","","","","","-102","8.300000190734863","27694","1776635185502"
"6666","2026-04-19 18:46:35","26.53","49","942.76","3900","","","","","-102","8.5","27695","1776635195478"
"6667","2026-04-19 18:46:45","26.54","49","942.78","3900","","","","","-102","8.5","27696","1776635205487"
"6668","2026-04-19 18:46:55","26.54","49","942.78","3880","","","","","-102","8.5","27697","1776635215509"
"6669","2026-04-19 18:47:05","26.54","49","942.8000000000001","3900","","","","","-102","8.800000190734863","27698","1776635225491"
"6670","2026-04-19 18:47:15","26.52","49","942.8000000000001","3880","","","","","-102","8.5","27699","1776635235509"
"6671","2026-04-19 18:47:25","26.51","49","942.82","3900","","","","","-102","8","27700","1776635245477"
"6672","2026-04-19 18:47:35","26.5","49","942.8000000000001","3900","","","","","-101","8.5","27701","1776635255476"
"6673","2026-04-19 18:47:45","26.49","49","942.82","3900","","","","","-101","8.5","27702","1776635265474"
"6674","2026-04-19 18:47:55","26.48","49","942.82","3880","","","","","-102","8.300000190734863","27703","1776635275501"
"6675","2026-04-19 18:48:05","26.48","49","942.78","3880","","","","","-101","8.5","27704","1776635285478"
"6676","2026-04-19 18:48:15","26.47","49.5","942.8000000000001","3900","","","","","-102","8.5","27705","1776635295486"
"6677","2026-04-19 18:48:25","26.46","49","942.78","3880","","","","","-101","8.5","27706","1776635305485"
"6678","2026-04-19 18:48:35","26.46","49","942.84","3880","","","","","-103","7.800000190734863","27707","1776635315509"
"6679","2026-04-19 18:48:45","26.45","49.5","942.82","3880","","","","","-101","8.5","27708","1776635325478"
"6680","2026-04-19 18:48:55","26.46","49","942.82","3880","","","","","-102","8.300000190734863","27709","1776635335486"
"6681","2026-04-19 18:49:05","26.46","49.5","942.82","3880","","","","","-102","8.300000190734863","27710","1776635345486"
"6682","2026-04-19 18:49:15","26.47","49","942.8000000000001","3880","","","","","-101","9","27711","1776635355494"
"6683","2026-04-19 18:49:25","26.48","49","942.84","3900","","","","","-101","9","27712","1776635365502"
"6684","2026-04-19 18:49:35","26.49","49","942.82","3880","","","","","-102","8.300000190734863","27713","1776635375479"
"6685","2026-04-19 18:49:45","26.5","49","942.82","3900","","","","","-102","8.300000190734863","27714","1776635385473"
"6686","2026-04-19 18:49:55","26.5","49","942.8000000000001","3880","","","","","-102","8","27715","1776635395508"
"6687","2026-04-19 18:50:05","26.51","49","942.78","3880","","","","","-102","8.300000190734863","27716","1776635405488"
"6688","2026-04-19 18:50:15","26.52","49","942.8000000000001","3880","","","","","-101","9","27717","1776635415470"
"6689","2026-04-19 18:50:25","26.54","49","942.84","3880","","","","","-102","8","27718","1776635425511"
"6690","2026-04-19 18:50:35","26.56","49","942.82","3880","","","","","-103","7.800000190734863","27719","1776635435494"
"6691","2026-04-19 18:50:45","26.58","49","942.82","3900","","","","","-102","8","27720","1776635445493"
"6692","2026-04-19 18:50:55","26.61","49","942.82","3900","","","","","-101","8.5","27721","1776635455501"
"6693","2026-04-19 18:51:05","26.61","49","942.84","3880","","","","","-101","8.800000190734863","27722","1776635465484"
"6694","2026-04-19 18:51:15","26.62","49","942.86","3880","","","","","-102","8","27723","1776635475509"
"6695","2026-04-19 18:51:25","26.64","49","942.84","3880","","","","","-101","8.800000190734863","27724","1776635485501"
"6696","2026-04-19 18:51:35","26.64","49","942.82","3880","","","","","-102","7.800000190734863","27725","1776635495510"
"6697","2026-04-19 18:51:45","26.65","49","942.84","3880","","","","","-101","8.5","27726","1776635505505"
"6698","2026-04-19 18:51:55","26.65","49","942.84","3880","","","","","-101","8.5","27727","1776635515503"
"6699","2026-04-19 18:52:05","26.64","48.5","942.82","3880","","","","","-102","8.5","27728","1776635525477"
"6700","2026-04-19 18:52:15","26.62","49","942.82","3880","","","","","-101","8.5","27729","1776635535485"
"6701","2026-04-19 18:52:25","26.63","48.5","942.84","3880","","","","","-101","8.800000190734863","27730","1776635545504"
"6702","2026-04-19 18:52:35","26.63","48.5","942.82","3880","","","","","-101","8.800000190734863","27731","1776635555484"
"6703","2026-04-19 18:52:45","26.63","49","942.84","3880","","","","","-101","9","27732","1776635565487"
"6704","2026-04-19 18:52:55","26.64","49","942.82","3880","","","","","-102","8.5","27733","1776635575470"
"6705","2026-04-19 18:53:05","26.64","49","942.84","3880","","","","","-101","8.800000190734863","27734","1776635585484"
"6706","2026-04-19 18:53:15","26.64","49","942.86","3880","","","","","-102","8.5","27735","1776635595481"
"6707","2026-04-19 18:53:25","26.64","49","942.86","3880","","","","","-101","8.800000190734863","27736","1776635605507"
"6708","2026-04-19 18:53:35","26.64","49","942.82","3880","","","","","-102","8.5","27737","1776635615474"
"6709","2026-04-19 18:53:45","26.65","49","942.86","3880","","","","","-102","8.300000190734863","27738","1776635625478"
"6710","2026-04-19 18:53:55","26.64","49","942.82","3880","","","","","-101","8.800000190734863","27739","1776635635504"
"6711","2026-04-19 18:54:05","26.64","49","942.86","3880","","","","","-101","8.5","27740","1776635645472"
"6712","2026-04-19 18:54:15","26.64","49","942.86","3880","","","","","-102","8.5","27741","1776635655506"
"6713","2026-04-19 18:54:25","26.65","49","942.86","3880","","","","","-101","8.5","27742","1776635665502"
"6714","2026-04-19 18:54:35","26.65","49","942.86","3880","","","","","-102","8.300000190734863","27743","1776635675494"
"6715","2026-04-19 18:54:45","26.65","48.5","942.84","3880","","","","","-101","8.300000190734863","27744","1776635685492"
"6716","2026-04-19 18:54:55","26.64","48.5","942.88","3880","","","","","-101","9","27745","1776635695512"
"6717","2026-04-19 18:55:05","26.64","49","942.86","3880","","","","","-101","9","27746","1776635705511"
"6718","2026-04-19 18:55:15","26.64","48.5","942.88","3880","","","","","-101","8.5","27747","1776635715484"
"6719","2026-04-19 18:55:25","26.63","49","942.86","3880","","","","","-101","8.800000190734863","27748","1776635725477"
"6720","2026-04-19 18:55:35","26.63","49","942.86","3880","","","","","-102","8.300000190734863","27749","1776635735478"
"6721","2026-04-19 18:55:45","26.64","49","942.86","3880","","","","","-101","7.800000190734863","27750","1776635745487"
"6722","2026-04-19 18:55:55","26.65","49","942.84","3900","","","","","-102","8.300000190734863","27751","1776635755512"
"6723","2026-04-19 18:56:05","26.67","49","942.86","3880","","","","","-102","8","27752","1776635765479"
"6724","2026-04-19 18:56:15","26.68","49","942.86","3880","","","","","-102","8.300000190734863","27753","1776635775473"
"6725","2026-04-19 18:56:25","26.71","48.5","942.84","3880","","","","","-101","8.5","27754","1776635785505"
"6726","2026-04-19 18:56:35","26.73","49","942.9","3880","","","","","-101","9","27755","1776635795478"
"6727","2026-04-19 18:56:45","26.74","49","942.88","3880","","","","","-101","7.5","27756","1776635805502"
"6728","2026-04-19 18:56:55","26.74","48.5","942.9","3880","","","","","-101","8.300000190734863","27757","1776635815503"
"6729","2026-04-19 18:57:05","26.75","48.5","942.9","3880","","","","","-102","8","27758","1776635825503"
"6730","2026-04-19 18:57:15","26.77","49","942.9200000000001","3880","","","","","-102","8.5","27759","1776635835513"
"6731","2026-04-19 18:57:25","26.76","48.5","942.9","3880","","","","","-102","8","27760","1776635845501"
"6732","2026-04-19 18:57:35","26.74","49","942.86","3880","","","","","-101","8.800000190734863","27761","1776635855496"
"6733","2026-04-19 18:57:45","26.73","48.5","942.9","3880","","","","","-101","8.800000190734863","27762","1776635865514"
"6734","2026-04-19 18:57:55","26.7","48.5","942.88","3880","","","","","-101","9","27763","1776635875533"
"6735","2026-04-19 18:58:05","26.69","48.5","942.88","3880","","","","","-102","8.5","27764","1776635885501"
"6736","2026-04-19 18:58:15","26.7","48.5","942.88","3880","","","","","-101","8.5","27765","1776635895486"
"6737","2026-04-19 18:58:25","26.7","48.5","942.88","3880","","","","","-101","9","27766","1776635905488"
"6738","2026-04-19 18:58:35","26.69","49","942.9","3880","","","","","-101","8.800000190734863","27767","1776635915507"
"6739","2026-04-19 18:58:45","26.69","48.5","942.88","3880","","","","","-101","8.300000190734863","27768","1776635925480"
"6740","2026-04-19 18:58:55","26.69","48.5","942.86","3880","","","","","-101","8.5","27769","1776635935511"
"6741","2026-04-19 18:59:05","26.69","49","942.88","3880","","","","","-101","8.800000190734863","27770","1776635945487"
"6742","2026-04-19 18:59:15","26.69","49","942.86","3880","","","","","-102","8.300000190734863","27771","1776635955497"
"6743","2026-04-19 18:59:25","26.67","49","942.86","3880","","","","","-102","8.5","27772","1776635965505"
"6744","2026-04-19 18:59:35","26.66","49","942.88","3880","","","","","-102","8.300000190734863","27773","1776635975485"
"6745","2026-04-19 18:59:45","26.66","49","942.9","3880","","","","","-102","8","27774","1776635985472"
"6746","2026-04-19 18:59:55","26.68","49","942.88","3880","","","","","-102","8.300000190734863","27775","1776635995504"
"6747","2026-04-19 19:00:05","26.69","49","942.88","3880","","","","","-102","8.300000190734863","27776","1776636005502"
"6748","2026-04-19 19:00:15","26.7","49","942.88","3880","","","","","-102","7.5","27777","1776636015499"
"6749","2026-04-19 19:00:25","26.71","48.5","942.86","3880","","","","","-102","8","27778","1776636025506"
"6750","2026-04-19 19:00:35","26.72","49","942.88","3880","","","","","-103","7.5","27779","1776636035504"
"6751","2026-04-19 19:00:45","26.72","49","942.9","3880","","","","","-103","7.800000190734863","27780","1776636045504"
"6752","2026-04-19 19:00:55","26.72","49","942.9","3880","","","","","-102","6.800000190734863","27781","1776636055475"
"6753","2026-04-19 19:01:05","26.71","49","942.9","3880","","","","","-102","7.800000190734863","27782","1776636065500"
"6754","2026-04-19 19:01:15","26.72","48.5","942.9","3880","","","","","-102","8.800000190734863","27783","1776636075505"
"6755","2026-04-19 19:01:25","26.73","49","942.88","3880","","","","","-101","8.800000190734863","27784","1776636085507"
"6756","2026-04-19 19:01:35","26.73","49","942.88","3880","","","","","-101","8.5","27785","1776636095500"
"6757","2026-04-19 19:01:45","26.73","48.5","942.94","3880","","","","","-102","8","27786","1776636105503"
"6758","2026-04-19 19:01:55","26.74","48.5","942.88","3880","","","","","-102","8.300000190734863","27787","1776636115510"
"6759","2026-04-19 19:02:05","26.75","48.5","942.9","3880","","","","","-101","8.5","27788","1776636125511"
"6760","2026-04-19 19:02:15","26.76","49","942.9","3880","","","","","-101","8.5","27789","1776636135483"
"6761","2026-04-19 19:02:25","26.77","48.5","942.9200000000001","3880","","","","","-101","8.800000190734863","27790","1776636145502"
"6762","2026-04-19 19:02:35","26.78","48.5","942.9200000000001","3880","","","","","-101","9","27791","1776636155500"
"6763","2026-04-19 19:02:45","26.77","49","942.9","3880","","","","","-102","8.5","27792","1776636165479"
"6764","2026-04-19 19:02:55","26.78","48.5","942.9200000000001","3880","","","","","-101","8.800000190734863","27793","1776636175502"
"6765","2026-04-19 19:03:05","26.78","48.5","942.88","3880","","","","","-101","8.5","27794","1776636185485"
"6766","2026-04-19 19:03:15","26.79","48.5","942.88","3880","","","","","-102","8.5","27795","1776636195516"
"6767","2026-04-19 19:03:25","26.79","48.5","942.9","3880","","","","","-101","8.5","27796","1776636205511"
"6768","2026-04-19 19:03:35","26.8","48.5","942.9","3880","","","","","-102","8.300000190734863","27797","1776636215475"
"6769","2026-04-19 19:03:45","26.8","48.5","942.88","3880","","","","","-101","8.5","27798","1776636225474"
"6770","2026-04-19 19:03:55","26.81","48.5","942.9","3880","","","","","-101","8.5","27799","1776636235505"
"6771","2026-04-19 19:04:05","26.81","48.5","942.9","3880","","","","","-102","8","27800","1776636245473"
"6772","2026-04-19 19:04:15","26.8","49","942.9","3880","","","","","-102","8.300000190734863","27801","1776636255477"
"6773","2026-04-19 19:04:25","26.79","49","942.88","3880","","","","","-102","8.300000190734863","27802","1776636265480"
"6774","2026-04-19 19:04:35","26.79","49","942.88","3880","","","","","-102","8","27803","1776636275505"
"6775","2026-04-19 19:04:45","26.79","49","942.9","3880","","","","","-102","8.300000190734863","27804","1776636285493"
"6776","2026-04-19 19:04:55","26.81","48.5","942.9","3880","","","","","-102","8.5","27805","1776636295509"
"6777","2026-04-19 19:05:05","26.81","48.5","942.9200000000001","3880","","","","","-101","9","27806","1776636305502"
"6778","2026-04-19 19:05:15","26.83","48.5","942.9","3880","","","","","-101","8.800000190734863","27807","1776636315503"
"6779","2026-04-19 19:05:25","26.84","48.5","942.9200000000001","3880","","","","","-101","8.800000190734863","27808","1776636325501"
"6780","2026-04-19 19:05:35","26.85","48.5","942.9","3880","","","","","-101","8.300000190734863","27809","1776636335477"
"6781","2026-04-19 19:05:45","26.84","48.5","942.9200000000001","3880","","","","","-102","8","27810","1776636345500"
"6782","2026-04-19 19:05:55","26.82","48.5","942.9","3880","","","","","-102","8.800000190734863","27811","1776636355506"
"6783","2026-04-19 19:06:05","26.83","48.5","942.9200000000001","3880","","","","","-102","8.300000190734863","27812","1776636365479"
"6784","2026-04-19 19:06:15","26.84","48.5","942.9200000000001","3880","","","","","-103","7.5","27813","1776636375508"
"6785","2026-04-19 19:06:25","26.83","49","942.9","3880","","","","","-102","8.800000190734863","27814","1776636385513"
"6786","2026-04-19 19:06:35","26.83","49","942.9200000000001","3880","","","","","-103","7","27815","1776636395475"
"6787","2026-04-19 19:06:45","26.82","48.5","942.9200000000001","3880","","","","","-102","8.300000190734863","27816","1776636405487"
"6788","2026-04-19 19:06:55","26.83","48.5","942.96","3880","","","","","-101","8.800000190734863","27817","1776636415506"
"6789","2026-04-19 19:07:05","26.84","48.5","942.9200000000001","3880","","","","","-101","9","27818","1776636425470"
"6790","2026-04-19 19:07:15","26.84","48.5","942.96","3880","","","","","-101","8.800000190734863","27819","1776636435500"
"6791","2026-04-19 19:07:25","26.82","49","942.9200000000001","3880","","","","","-102","8.300000190734863","27820","1776636445503"
"6792","2026-04-19 19:07:35","26.8","48.5","942.96","3880","","","","","-101","8.5","27821","1776636455509"
"6793","2026-04-19 19:07:45","26.79","48.5","942.96","3880","","","","","-101","8.300000190734863","27822","1776636465507"
"6794","2026-04-19 19:07:55","26.8","48.5","942.94","3880","","","","","-101","8.5","27823","1776636475506"
"6795","2026-04-19 19:08:05","26.8","49","942.94","3880","","","","","-102","8.300000190734863","27824","1776636485515"
"6796","2026-04-19 19:08:15","26.81","48.5","942.94","3880","","","","","-101","8.5","27825","1776636495496"
"6797","2026-04-19 19:08:25","26.81","48.5","942.94","3880","","","","","-103","7.800000190734863","27826","1776636505485"
"6798","2026-04-19 19:08:35","26.81","48.5","942.96","3880","","","","","-102","8.300000190734863","27827","1776636515484"
"6799","2026-04-19 19:08:45","26.8","48.5","942.96","3880","","","","","-102","8","27828","1776636525479"
"6800","2026-04-19 19:08:55","26.77","49","942.96","3960","","","","","-102","8.300000190734863","27829","1776636535479"
"6801","2026-04-19 19:09:05","26.78","48.5","942.96","3960","","","","","-102","8.300000190734863","27830","1776636545482"
"6802","2026-04-19 19:09:15","26.79","48.5","942.96","3960","","","","","-101","9","27831","1776636555479"
"6803","2026-04-19 19:09:25","26.8","48.5","943","3960","","","","","-102","8","27832","1776636565504"
"6804","2026-04-19 19:09:35","26.81","48.5","942.98","3960","","","","","-101","9","27833","1776636575489"
"6805","2026-04-19 19:09:45","26.8","49","942.98","3960","","","","","-101","9","27834","1776636585494"
"6806","2026-04-19 19:09:55","26.8","48.5","942.98","3960","","","","","-102","8.300000190734863","27835","1776636595511"
"6807","2026-04-19 19:10:05","26.8","48.5","942.98","3960","","","","","-102","8.300000190734863","27836","1776636605493"
"6808","2026-04-19 19:10:15","26.82","48.5","942.98","3960","","","","","-101","8.800000190734863","27837","1776636615500"
"6809","2026-04-19 19:10:25","26.81","49","943","3960","","","","","-102","8.5","27838","1776636625509"
"6810","2026-04-19 19:10:35","26.8","48.5","943.02","3960","","","","","-102","8.5","27839","1776636635478"
"6811","2026-04-19 19:10:45","26.79","48.5","943","3960","","","","","-102","7.800000190734863","27840","1776636645490"
"6812","2026-04-19 19:10:55","26.78","48.5","942.98","3960","","","","","-102","8.300000190734863","27841","1776636655508"
"6813","2026-04-19 19:11:05","26.78","49","943.02","3960","","","","","-102","8","27842","1776636665478"
"6814","2026-04-19 19:11:15","26.77","49","942.98","3960","","","","","-102","8.300000190734863","27843","1776636675503"
"6815","2026-04-19 19:11:25","26.78","49","943","3960","","","","","-101","8.5","27844","1776636685504"
"6816","2026-04-19 19:11:35","26.79","49","942.98","3960","","","","","-102","8.5","27845","1776636695490"
"6817","2026-04-19 19:11:45","26.8","49","943","3960","","","","","-102","8.300000190734863","27846","1776636705502"
"6818","2026-04-19 19:11:55","26.8","48.5","943","3960","","","","","-101","9","27847","1776636715507"
"6819","2026-04-19 19:12:05","26.8","48.5","943.02","3960","","","","","-101","9.300000190734863","27848","1776636725501"
"6820","2026-04-19 19:12:15","26.81","49","943","3960","","","","","-101","9.300000190734863","27849","1776636735471"
"6821","2026-04-19 19:12:25","26.83","49","943.02","3960","","","","","-102","8.300000190734863","27850","1776636745504"
"6822","2026-04-19 19:12:35","26.84","49","943.04","3960","","","","","-101","8.5","27851","1776636755500"
"6823","2026-04-19 19:12:45","26.84","49","943.02","3960","","","","","-101","9","27852","1776636765476"
"6824","2026-04-19 19:12:55","26.87","49","943.04","3960","","","","","-102","8.5","27853","1776636775500"
"6825","2026-04-19 19:13:05","26.87","48.5","943","3960","","","","","-101","8.5","27854","1776636785476"
"6826","2026-04-19 19:13:15","26.89","48.5","943","3960","","","","","-102","8.5","27855","1776636795478"
"6827","2026-04-19 19:13:25","26.87","48.5","943","3960","","","","","-102","8","27856","1776636805507"
"6828","2026-04-19 19:13:35","26.87","48.5","943.0600000000001","3960","","","","","-101","8.5","27857","1776636815523"
"6829","2026-04-19 19:13:45","26.88","48.5","943.04","3960","","","","","-103","7.800000190734863","27858","1776636825478"
"6830","2026-04-19 19:13:55","26.88","49","943.04","3920","","","","","-101","8.800000190734863","27859","1776636835508"
"6831","2026-04-19 19:14:05","26.87","48.5","943","3920","","","","","-101","8.5","27860","1776636845474"
"6832","2026-04-19 19:14:15","26.87","48.5","943.02","3920","","","","","-101","8.800000190734863","27861","1776636855480"
"6833","2026-04-19 19:14:25","26.87","48.5","943.02","3920","","","","","-102","8.300000190734863","27862","1776636865498"
"6834","2026-04-19 19:14:35","26.85","48.5","942.98","3920","","","","","-102","8.300000190734863","27863","1776636875511"
"6835","2026-04-19 19:14:45","26.85","49","943","3920","","","","","-102","8.300000190734863","27864","1776636885469"
"6836","2026-04-19 19:14:55","26.86","49","943.04","3920","","","","","-102","8","27865","1776636895510"
"6837","2026-04-19 19:15:05","26.87","48.5","943.02","3920","","","","","-103","7.800000190734863","27866","1776636905477"
"6838","2026-04-19 19:15:15","26.88","48.5","943.04","3920","","","","","-101","9","27867","1776636915479"
"6839","2026-04-19 19:15:25","26.87","48.5","943.04","3920","","","","","-101","8.800000190734863","27868","1776636925499"
"6840","2026-04-19 19:15:35","26.86","49","943.0600000000001","3920","","","","","-101","8.5","27869","1776636935499"
"6841","2026-04-19 19:15:45","26.88","48.5","943.04","3900","","","","","-101","8.5","27870","1776636945498"
"6842","2026-04-19 19:15:55","26.9","48.5","943.08","3920","","","","","-101","8.800000190734863","27871","1776636955503"
"6843","2026-04-19 19:16:05","26.91","48.5","943.04","3900","","","","","-102","8","27872","1776636965483"
"6844","2026-04-19 19:16:15","26.91","48.5","943.08","3900","","","","","-102","8.300000190734863","27873","1776636975478"
"6845","2026-04-19 19:16:25","26.91","48.5","943.08","3920","","","","","-101","9.800000190734863","27874","1776636985507"
"6846","2026-04-19 19:16:35","26.9","48.5","943.02","3900","","","","","-101","8.800000190734863","27875","1776636995501"
"6847","2026-04-19 19:16:45","26.89","48.5","943.04","3900","","","","","-101","9.300000190734863","27876","1776637005467"
"6848","2026-04-19 19:16:55","26.91","48.5","943.0600000000001","3900","","","","","-102","9","27877","1776637015497"
"6849","2026-04-19 19:17:05","26.91","48.5","943.04","3900","","","","","-101","8.300000190734863","27878","1776637025473"
"6850","2026-04-19 19:17:15","26.9","49","943.0600000000001","3900","","","","","-102","8.5","27879","1776637035501"
"6851","2026-04-19 19:17:25","26.88","48.5","943.0600000000001","3900","","","","","-101","8.800000190734863","27880","1776637045508"
"6852","2026-04-19 19:17:35","26.88","48.5","943.02","3900","","","","","-101","8.5","27881","1776637055511"
"6853","2026-04-19 19:17:45","26.89","48.5","943.0600000000001","3900","","","","","-101","8.800000190734863","27882","1776637065509"
"6854","2026-04-19 19:17:55","26.88","48.5","943.08","3900","","","","","-102","8.5","27883","1776637075508"
"6855","2026-04-19 19:18:05","26.86","49","943.08","3900","","","","","-102","8.300000190734863","27884","1776637085505"
"6856","2026-04-19 19:18:15","26.83","48.5","943.04","3900","","","","","-102","8.5","27885","1776637095479"
"6857","2026-04-19 19:18:25","26.82","48.5","943.04","3900","","","","","-101","8.800000190734863","27886","1776637105511"
"6858","2026-04-19 19:18:35","26.82","48.5","943.04","3900","","","","","-102","8.5","27887","1776637115538"
"6859","2026-04-19 19:18:45","26.83","49","943.0600000000001","3900","","","","","-101","8.800000190734863","27888","1776637125510"
"6860","2026-04-19 19:18:55","26.82","48.5","943.0600000000001","3900","","","","","-101","9","27889","1776637135479"
"6861","2026-04-19 19:19:05","26.8","48.5","943.0600000000001","3900","","","","","-101","9","27890","1776637145500"
"6862","2026-04-19 19:19:15","26.81","49","943.0600000000001","3900","","","","","-102","8.300000190734863","27891","1776637155492"
"6863","2026-04-19 19:19:25","26.83","49","943.0600000000001","3900","","","","","-102","8.5","27892","1776637165503"
"6864","2026-04-19 19:19:35","26.83","49","943.0600000000001","3900","","","","","-101","9","27893","1776637175467"
"6865","2026-04-19 19:19:45","26.83","48.5","943.08","3900","","","","","-101","8.800000190734863","27894","1776637185506"
"6866","2026-04-19 19:19:55","26.83","49","943.0600000000001","3900","","","","","-102","8.5","27895","1776637195505"
"6867","2026-04-19 19:20:05","26.83","49","943.04","3900","","","","","-101","9","27896","1776637205477"
"6868","2026-04-19 19:20:15","26.84","49","943.0600000000001","3900","","","","","-101","9","27897","1776637215480"
"6869","2026-04-19 19:20:25","26.84","48.5","943.08","3900","","","","","-100","8.800000190734863","27898","1776637225507"
"6870","2026-04-19 19:20:35","26.85","49","943.08","3900","","","","","-101","8.800000190734863","27899","1776637235472"
"6871","2026-04-19 19:20:45","26.86","49","943.08","3900","","","","","-101","8.5","27900","1776637245511"
"6872","2026-04-19 19:20:55","26.87","48.5","943.1","3900","","","","","-101","8.800000190734863","27901","1776637255511"
"6873","2026-04-19 19:21:05","26.87","49","943.0600000000001","3900","","","","","-102","8.300000190734863","27902","1776637265478"
"6874","2026-04-19 19:21:15","26.86","48.5","943.08","3900","","","","","-101","8.800000190734863","27903","1776637275479"
"6875","2026-04-19 19:21:25","26.87","49","943.1","3900","","","","","-101","8.300000190734863","27904","1776637285477"
"6876","2026-04-19 19:21:35","26.89","48.5","943.08","3900","","","","","-101","9","27905","1776637295477"
"6877","2026-04-19 19:21:45","26.9","49","943.12","3900","","","","","-102","8","27906","1776637305507"
"6878","2026-04-19 19:21:55","26.91","49","943.1","3900","","","","","-101","8.800000190734863","27907","1776637315506"
"6879","2026-04-19 19:22:05","26.91","48.5","943.1","3900","","","","","-101","9","27908","1776637325476"
"6880","2026-04-19 19:22:15","26.89","48.5","943.1","3900","","","","","-101","8.800000190734863","27909","1776637335507"
"6881","2026-04-19 19:22:25","26.9","48.5","943.12","3900","","","","","-101","8.5","27910","1776637345508"
"6882","2026-04-19 19:22:35","26.88","48.5","943.12","3900","","","","","-101","8.5","27911","1776637355502"
"6883","2026-04-19 19:22:45","26.89","49","943.12","3900","","","","","-101","8.5","27912","1776637365501"
"6884","2026-04-19 19:22:55","26.9","48.5","943.12","3900","","","","","-101","9","27913","1776637375503"
"6885","2026-04-19 19:23:05","26.89","48.5","943.1","3900","","","","","-101","8.5","27914","1776637385478"
"6886","2026-04-19 19:23:15","26.9","48.5","943.12","3900","","","","","-101","9.300000190734863","27915","1776637395489"
"6887","2026-04-19 19:23:25","26.91","48.5","943.14","3900","","","","","-102","8.300000190734863","27916","1776637405503"
"6888","2026-04-19 19:23:35","26.9","48.5","943.12","3900","","","","","-102","8.300000190734863","27917","1776637415501"
"6889","2026-04-19 19:23:45","26.89","49","943.1","3900","","","","","-101","8.800000190734863","27918","1776637425471"
"6890","2026-04-19 19:23:55","26.89","49","943.1","3900","","","","","-101","9","27919","1776637435509"
"6891","2026-04-19 19:24:05","26.89","49","943.14","3900","","","","","-101","9","27920","1776637445485"
"6892","2026-04-19 19:24:15","26.88","49","943.12","3900","","","","","-101","9","27921","1776637455473"
"6893","2026-04-19 19:24:25","26.88","49","943.12","3900","","","","","-101","9","27922","1776637465504"
"6894","2026-04-19 19:24:35","26.86","49","943.14","3880","","","","","-101","8.300000190734863","27923","1776637475474"
"6895","2026-04-19 19:24:45","26.84","49","943.12","3900","","","","","-101","9","27924","1776637485464"
"6896","2026-04-19 19:24:55","26.85","48.5","943.12","3900","","","","","-101","8.800000190734863","27925","1776637495509"
"6897","2026-04-19 19:25:05","26.86","48.5","943.1","3900","","","","","-101","9","27926","1776637505475"
"6898","2026-04-19 19:25:15","26.86","49","943.14","3900","","","","","-101","8.5","27927","1776637515483"
"6899","2026-04-19 19:25:25","26.87","49","943.16","3900","","","","","-101","9","27928","1776637525502"
"6900","2026-04-19 19:25:35","26.87","48.5","943.12","3900","","","","","-101","8.5","27929","1776637535511"
"6901","2026-04-19 19:25:45","26.88","49","943.16","3900","","","","","-101","8.300000190734863","27930","1776637545475"
"6902","2026-04-19 19:25:55","26.88","48.5","943.12","3900","","","","","-101","9","27931","1776637555507"
"6903","2026-04-19 19:26:05","26.88","49","943.1","3900","","","","","-101","8.5","27932","1776637565478"
"6904","2026-04-19 19:26:15","26.87","49","943.12","3900","","","","","-101","9","27933","1776637575479"
"6905","2026-04-19 19:26:25","26.87","48.5","943.14","3900","","","","","-101","9","27934","1776637585501"
"6906","2026-04-19 19:26:35","26.87","48.5","943.14","3900","","","","","-101","8.5","27935","1776637595465"
"6907","2026-04-19 19:26:45","26.88","49","943.14","3900","","","","","-101","8.5","27936","1776637605475"
"6908","2026-04-19 19:26:55","26.86","49","943.12","3900","","","","","-101","8.800000190734863","27937","1776637615469"
"6909","2026-04-19 19:27:05","26.86","49","943.12","3900","","","","","-101","9","27938","1776637625506"
"6910","2026-04-19 19:27:15","26.84","49","943.14","3900","","","","","-101","8.300000190734863","27939","1776637635503"
"6911","2026-04-19 19:27:25","26.83","49","943.12","3900","","","","","-102","8.300000190734863","27940","1776637645504"
"6912","2026-04-19 19:27:35","26.84","49","943.12","3900","","","","","-101","9","27941","1776637655498"
"6913","2026-04-19 19:27:45","26.84","49","943.1","3900","","","","","-101","8.800000190734863","27942","1776637665475"
"6914","2026-04-19 19:27:55","26.83","48.5","943.14","3880","","","","","-101","8.800000190734863","27943","1776637675506"
"6915","2026-04-19 19:28:05","26.85","49","943.12","3900","","","","","-101","8.800000190734863","27944","1776637685501"
"6916","2026-04-19 19:28:15","26.85","49","943.16","3880","","","","","-101","8.300000190734863","27945","1776637695543"
"6917","2026-04-19 19:28:25","26.87","49","943.16","3880","","","","","-101","8.800000190734863","27946","1776637705476"
"6918","2026-04-19 19:28:35","26.86","49","943.12","3900","","","","","-101","8.800000190734863","27947","1776637715502"
"6919","2026-04-19 19:28:45","26.88","49","943.14","3900","","","","","-101","8.300000190734863","27948","1776637725476"
"6920","2026-04-19 19:28:55","26.89","49","943.14","3900","","","","","-102","8.5","27949","1776637735477"
"6921","2026-04-19 19:29:05","26.91","49","943.16","3880","","","","","-101","8.800000190734863","27950","1776637745496"
"6922","2026-04-19 19:29:15","26.89","48.5","943.16","3900","","","","","-102","8.300000190734863","27951","1776637755489"
"6923","2026-04-19 19:29:25","26.89","49","943.16","3900","","","","","-101","8.800000190734863","27952","1776637765501"
"6924","2026-04-19 19:29:35","26.9","49","943.16","3900","","","","","-101","9","27953","1776637775475"
"6925","2026-04-19 19:29:45","26.89","49","943.16","3900","","","","","-101","8.5","27954","1776637785484"
"6926","2026-04-19 19:29:55","26.87","49","943.16","3880","","","","","-101","8.300000190734863","27955","1776637795471"
"6927","2026-04-19 19:30:05","26.87","49","943.1800000000001","3880","","","","","-101","8.800000190734863","27956","1776637805506"
"6928","2026-04-19 19:30:15","26.89","49","943.16","3880","","","","","-101","8.5","27957","1776637815471"
"6929","2026-04-19 19:30:25","26.91","48.5","943.1800000000001","3900","","","","","-101","8.800000190734863","27958","1776637825505"
"6930","2026-04-19 19:30:35","26.92","49","943.16","3880","","","","","-102","7.5","27959","1776637835497"
"6931","2026-04-19 19:30:45","26.93","49","943.1800000000001","3900","","","","","-101","7.800000190734863","27960","1776637845500"
"6932","2026-04-19 19:30:55","26.95","48.5","943.16","3880","","","","","-101","8.800000190734863","27961","1776637855506"
"6933","2026-04-19 19:31:05","26.95","49","943.1800000000001","3880","","","","","-101","9","27962","1776637865500"
"6934","2026-04-19 19:31:15","26.97","49","943.2","3880","","","","","-100","8.5","27963","1776637875496"
"6935","2026-04-19 19:31:25","26.96","48.5","943.14","3880","","","","","-101","8.5","27964","1776637885506"
"6936","2026-04-19 19:31:35","26.94","48.5","943.16","3900","","","","","-101","9","27965","1776637895484"
"6937","2026-04-19 19:31:45","26.94","48.5","943.2","3880","","","","","-101","8.800000190734863","27966","1776637905472"
"6938","2026-04-19 19:31:55","26.94","49","943.1800000000001","3880","","","","","-102","8.5","27967","1776637915505"
"6939","2026-04-19 19:32:05","26.95","48.5","943.2","3900","","","","","-101","8.5","27968","1776637925504"
"6940","2026-04-19 19:32:15","26.96","48.5","943.1800000000001","3880","","","","","-101","8.5","27969","1776637935477"
"6941","2026-04-19 19:32:25","26.95","48.5","943.2","3900","","","","","-102","8.300000190734863","27970","1776637945502"
"6942","2026-04-19 19:32:35","26.95","49","943.2","3880","","","","","-102","8.300000190734863","27971","1776637955496"
"6943","2026-04-19 19:32:45","26.94","48.5","943.1800000000001","3900","","","","","-102","7.800000190734863","27972","1776637965504"
"6944","2026-04-19 19:32:55","26.92","49","943.16","3880","","","","","-102","8.300000190734863","27973","1776637975473"
"6945","2026-04-19 19:33:05","26.91","49","943.1800000000001","3880","","","","","-101","8.800000190734863","27974","1776637985472"
"6946","2026-04-19 19:33:15","26.88","49","943.1800000000001","3880","","","","","-101","8.800000190734863","27975","1776637995493"
"6947","2026-04-19 19:33:25","26.88","49","943.1800000000001","3880","","","","","-101","8.5","27976","1776638005504"
"6948","2026-04-19 19:33:35","26.86","49","943.16","3880","","","","","-102","8","27977","1776638015477"
"6949","2026-04-19 19:33:45","26.84","49","943.1800000000001","3880","","","","","-101","8.5","27978","1776638025478"
"6950","2026-04-19 19:33:55","26.83","49","943.16","3880","","","","","-101","8.800000190734863","27979","1776638035498"
"6951","2026-04-19 19:34:05","26.83","49","943.16","3900","","","","","-101","8.800000190734863","27980","1776638045477"
"6952","2026-04-19 19:34:15","26.84","49","943.16","3880","","","","","-102","8.5","27981","1776638055473"
"6953","2026-04-19 19:34:25","26.86","49","943.2","3900","","","","","-101","8.5","27982","1776638065480"
"6954","2026-04-19 19:34:35","26.84","49","943.14","3880","","","","","-103","7.800000190734863","27983","1776638075490"
"6955","2026-04-19 19:34:45","26.83","49","943.1800000000001","3880","","","","","-101","8.300000190734863","27984","1776638085499"
"6956","2026-04-19 19:34:55","26.81","49","943.1800000000001","3880","","","","","-101","8.800000190734863","27985","1776638095502"
"6957","2026-04-19 19:35:05","26.81","49","943.14","3880","","","","","-101","8.5","27986","1776638105477"
"6958","2026-04-19 19:35:15","26.81","49","943.16","3880","","","","","-102","8","27987","1776638115478"
"6959","2026-04-19 19:35:25","26.8","49.5","943.14","3900","","","","","-101","8.5","27988","1776638125469"
"6960","2026-04-19 19:35:35","26.79","49","943.16","3880","","","","","-101","8.800000190734863","27989","1776638135467"
"6961","2026-04-19 19:35:45","26.79","49","943.14","3880","","","","","-100","9","27990","1776638145465"
"6962","2026-04-19 19:35:55","26.78","49","943.16","3880","","","","","-101","8.800000190734863","27991","1776638155506"
"6963","2026-04-19 19:36:05","26.77","49.5","943.16","3880","","","","","-101","8.5","27992","1776638165470"
"6964","2026-04-19 19:36:15","26.78","49","943.16","3880","","","","","-101","8.800000190734863","27993","1776638175475"
"6965","2026-04-19 19:36:25","26.77","49","943.16","3880","","","","","-101","8.800000190734863","27994","1776638185496"
"6966","2026-04-19 19:36:35","26.77","49","943.1800000000001","3880","","","","","-102","8.5","27995","1776638195485"
"6967","2026-04-19 19:36:45","26.76","49","943.1800000000001","3880","","","","","-102","8.5","27996","1776638205467"
"6968","2026-04-19 19:36:55","26.73","49","943.1800000000001","3880","","","","","-102","7.800000190734863","27997","1776638215502"
"6969","2026-04-19 19:37:05","26.72","49.5","943.1800000000001","3880","","","","","-102","8","27998","1776638225482"
"6970","2026-04-19 19:37:15","26.71","49.5","943.1800000000001","3880","","","","","-101","8.800000190734863","27999","1776638235507"
"6971","2026-04-19 19:37:25","26.69","49.5","943.16","3880","","","","","-101","8","28000","1776638245498"
"6972","2026-04-19 19:37:35","26.68","49.5","943.1800000000001","3880","","","","","-101","8.800000190734863","28001","1776638255507"
"6973","2026-04-19 19:37:45","26.68","49","943.1800000000001","3880","","","","","-101","8.800000190734863","28002","1776638265504"
"6974","2026-04-19 19:37:55","26.69","49.5","943.1800000000001","3880","","","","","-102","7.800000190734863","28003","1776638275499"
"6975","2026-04-19 19:38:05","26.71","49.5","943.1800000000001","3880","","","","","-102","8.300000190734863","28004","1776638285504"
"6976","2026-04-19 19:38:15","26.72","49.5","943.16","3880","","","","","-102","8.5","28005","1776638295494"
"6977","2026-04-19 19:38:25","26.71","49.5","943.1800000000001","3880","","","","","-101","8.5","28006","1776638305505"
"6978","2026-04-19 19:38:35","26.72","49.5","943.1800000000001","3880","","","","","-102","8.300000190734863","28007","1776638315496"
"6979","2026-04-19 19:38:45","26.72","49.5","943.16","3880","","","","","-102","8.5","28008","1776638325539"
"6980","2026-04-19 19:38:55","26.73","49.5","943.14","3880","","","","","-102","8.300000190734863","28009","1776638335477"
"6981","2026-04-19 19:39:05","26.72","49","943.1800000000001","3880","","","","","-101","9","28010","1776638345476"
"6982","2026-04-19 19:39:15","26.72","49.5","943.1800000000001","3880","","","","","-101","9","28011","1776638355471"
"6983","2026-04-19 19:39:25","26.73","49.5","943.1800000000001","3880","","","","","-101","8.800000190734863","28012","1776638365504"
"6984","2026-04-19 19:39:35","26.73","49.5","943.1800000000001","3880","","","","","-101","8.5","28013","1776638375465"
"6985","2026-04-19 19:39:45","26.74","49.5","943.2","3880","","","","","-101","8.800000190734863","28014","1776638385473"
"6986","2026-04-19 19:39:55","26.75","49","943.2","3880","","","","","-102","8.5","28015","1776638395506"
"6987","2026-04-19 19:40:05","26.74","49.5","943.1800000000001","3880","","","","","-101","9","28016","1776638405477"
"6988","2026-04-19 19:40:15","26.73","49","943.2","3880","","","","","-101","9","28017","1776638415497"
"6989","2026-04-19 19:40:25","26.73","49.5","943.22","3880","","","","","-101","8.800000190734863","28018","1776638425489"
"6990","2026-04-19 19:40:35","26.73","49.5","943.2","3880","","","","","-101","8.800000190734863","28019","1776638435473"
"6991","2026-04-19 19:40:45","26.74","49.5","943.2","3880","","","","","-101","8.300000190734863","28020","1776638445501"
"6992","2026-04-19 19:40:55","26.74","49.5","943.22","3880","","","","","-101","9","28021","1776638455507"
"6993","2026-04-19 19:41:05","26.74","49.5","943.22","3880","","","","","-101","8.800000190734863","28022","1776638465527"
"6994","2026-04-19 19:41:15","26.75","49","943.22","3880","","","","","-101","9","28023","1776638475482"
"6995","2026-04-19 19:41:25","26.77","49.5","943.2","3880","","","","","-101","8.800000190734863","28024","1776638485503"
"6996","2026-04-19 19:41:35","26.77","49.5","943.24","3880","","","","","-101","9","28025","1776638495469"
"6997","2026-04-19 19:41:45","26.74","49.5","943.2","3880","","","","","-101","8.5","28026","1776638505471"
"6998","2026-04-19 19:41:55","26.72","49.5","943.2","3880","","","","","-101","8.5","28027","1776638515508"
"6999","2026-04-19 19:42:05","26.7","49.5","943.22","3880","","","","","-102","8.5","28028","1776638525498"
"7000","2026-04-19 19:42:15","26.69","49.5","943.1800000000001","3880","","","","","-101","9","28029","1776638535502"
"7001","2026-04-19 19:42:25","26.67","49.5","943.2","3880","","","","","-101","8.800000190734863","28030","1776638545503"
"7002","2026-04-19 19:42:35","26.66","49.5","943.2","3880","","","","","-101","8.800000190734863","28031","1776638555474"
"7003","2026-04-19 19:42:45","26.65","49.5","943.22","3880","","","","","-101","8.800000190734863","28032","1776638565476"
"7004","2026-04-19 19:42:55","26.64","49.5","943.2","3880","","","","","-101","8.5","28033","1776638575468"
"7005","2026-04-19 19:43:05","26.64","49.5","943.22","3880","","","","","-100","9","28034","1776638585471"
"7006","2026-04-19 19:43:15","26.64","49.5","943.22","3880","","","","","-101","8.800000190734863","28035","1776638595495"
"7007","2026-04-19 19:43:25","26.64","49.5","943.2","3880","","","","","-101","8.5","28036","1776638605500"
"7008","2026-04-19 19:43:35","26.65","49.5","943.26","3880","","","","","-101","8.800000190734863","28037","1776638615502"
"7009","2026-04-19 19:43:45","26.66","49.5","943.22","3880","","","","","-101","9","28038","1776638625484"
"7010","2026-04-19 19:43:55","26.68","49.5","943.24","3880","","","","","-101","8.800000190734863","28039","1776638635500"
"7011","2026-04-19 19:44:05","26.7","49.5","943.22","3880","","","","","-101","8.5","28040","1776638645469"
"7012","2026-04-19 19:44:15","26.72","49.5","943.22","3880","","","","","-101","8.800000190734863","28041","1776638655473"
"7013","2026-04-19 19:44:25","26.73","49.5","943.24","3880","","","","","-101","8.800000190734863","28042","1776638665505"
"7014","2026-04-19 19:44:35","26.73","49.5","943.24","3880","","","","","-102","8.300000190734863","28043","1776638675476"
"7015","2026-04-19 19:44:45","26.73","49.5","943.24","3880","","","","","-102","8.5","28044","1776638685470"
"7016","2026-04-19 19:44:55","26.73","49.5","943.28","3880","","","","","-101","8.5","28045","1776638695495"
"7017","2026-04-19 19:45:05","26.74","49.5","943.26","3880","","","","","-101","8.800000190734863","28046","1776638705467"
"7018","2026-04-19 19:45:15","26.74","49.5","943.24","3880","","","","","-101","8.5","28047","1776638715469"
"7019","2026-04-19 19:45:25","26.71","49.5","943.28","3880","","","","","-101","9","28048","1776638725500"
"7020","2026-04-19 19:45:35","26.69","49.5","943.26","3880","","","","","-101","8.800000190734863","28049","1776638735468"
"7021","2026-04-19 19:45:45","26.69","49.5","943.26","3880","","","","","-101","9","28050","1776638745473"
"7022","2026-04-19 19:45:55","26.68","50","943.28","3880","","","","","-102","8.300000190734863","28051","1776638755506"
"7023","2026-04-19 19:46:05","26.68","49.5","943.26","3880","","","","","-101","9","28052","1776638765507"
"7024","2026-04-19 19:46:15","26.68","49.5","943.24","3880","","","","","-101","8.300000190734863","28053","1776638775511"
"7025","2026-04-19 19:46:25","26.68","49.5","943.28","3880","","","","","-101","8.800000190734863","28054","1776638785494"
"7026","2026-04-19 19:46:35","26.69","49.5","943.26","3880","","","","","-101","8.800000190734863","28055","1776638795508"
"7027","2026-04-19 19:46:45","26.7","50","943.26","3880","","","","","-101","9","28056","1776638805509"
"7028","2026-04-19 19:46:55","26.69","50","943.26","3880","","","","","-102","8.800000190734863","28057","1776638815498"
"7029","2026-04-19 19:47:05","26.68","49.5","943.26","3880","","","","","-101","8.800000190734863","28058","1776638825500"
"7030","2026-04-19 19:47:15","26.69","50","943.3000000000001","3880","","","","","-101","8.300000190734863","28059","1776638835510"
"7031","2026-04-19 19:47:25","26.69","49.5","943.28","3880","","","","","-101","9","28060","1776638845496"
"7032","2026-04-19 19:47:35","26.69","49.5","943.3000000000001","3880","","","","","-101","8.800000190734863","28061","1776638855510"
"7033","2026-04-19 19:47:45","26.68","49.5","943.26","3880","","","","","-101","8.800000190734863","28062","1776638865511"
"7034","2026-04-19 19:47:55","26.68","49.5","943.28","3880","","","","","-101","8","28063","1776638875494"
"7035","2026-04-19 19:48:05","26.68","49.5","943.3000000000001","3880","","","","","-101","8.300000190734863","28064","1776638885498"
"7036","2026-04-19 19:48:15","26.69","49.5","943.3000000000001","3880","","","","","-101","8.800000190734863","28065","1776638895510"
"7037","2026-04-19 19:48:25","26.69","50","943.32","3880","","","","","-102","8.800000190734863","28066","1776638905496"
"7038","2026-04-19 19:48:35","26.68","49.5","943.3000000000001","3880","","","","","-102","8.300000190734863","28067","1776638915496"
"7039","2026-04-19 19:48:45","26.68","49.5","943.3000000000001","3880","","","","","-101","9.5","28068","1776638925501"
"7040","2026-04-19 19:48:55","26.66","49.5","943.28","3880","","","","","-101","9","28069","1776638935495"
"7041","2026-04-19 19:49:05","26.64","50","943.28","3880","","","","","-101","8.800000190734863","28070","1776638945500"
"7042","2026-04-19 19:49:15","26.63","49.5","943.3000000000001","3880","","","","","-101","8.800000190734863","28071","1776638955469"
"7043","2026-04-19 19:49:25","26.61","50","943.3000000000001","3880","","","","","-102","8.300000190734863","28072","1776638965500"
"7044","2026-04-19 19:49:35","26.61","50","943.3000000000001","3880","","","","","-102","8.300000190734863","28073","1776638975511"
"7045","2026-04-19 19:49:45","26.6","50","943.32","3880","","","","","-101","9","28074","1776638985503"
"7046","2026-04-19 19:49:55","26.58","50","943.26","3880","","","","","-101","8.5","28075","1776638995471"
"7047","2026-04-19 19:50:05","26.58","49.5","943.28","3880","","","","","-102","8.5","28076","1776639005508"
"7048","2026-04-19 19:50:15","26.59","49.5","943.28","3880","","","","","-101","8.800000190734863","28077","1776639015502"
"7049","2026-04-19 19:50:25","26.58","50","943.3000000000001","3880","","","","","-101","8.5","28078","1776639025494"
"7050","2026-04-19 19:50:35","26.57","50","943.3000000000001","3880","","","","","-101","9","28079","1776639035476"
"7051","2026-04-19 19:50:45","26.56","50","943.28","3880","","","","","-101","8.5","28080","1776639045506"
"7052","2026-04-19 19:50:55","26.57","50","943.3000000000001","3880","","","","","-100","9.300000190734863","28081","1776639055503"
"7053","2026-04-19 19:51:05","26.57","50","943.26","3880","","","","","-102","8.5","28082","1776639065479"
"7054","2026-04-19 19:51:15","26.56","49.5","943.26","3880","","","","","-101","8.800000190734863","28083","1776639075478"
"7055","2026-04-19 19:51:25","26.58","50","943.3000000000001","3880","","","","","-101","8.300000190734863","28084","1776639085502"
"7056","2026-04-19 19:51:35","26.58","50","943.32","3880","","","","","-101","9","28085","1776639095467"
"7057","2026-04-19 19:51:45","26.57","50","943.28","3880","","","","","-101","9","28086","1776639105466"
"7058","2026-04-19 19:51:55","26.56","50","943.28","3880","","","","","-102","8.300000190734863","28087","1776639115511"
"7059","2026-04-19 19:52:05","26.55","50","943.26","3880","","","","","-101","8.800000190734863","28088","1776639125473"
"7060","2026-04-19 19:52:15","26.56","50","943.3000000000001","3880","","","","","-101","8.800000190734863","28089","1776639135475"
"7061","2026-04-19 19:52:25","26.57","50","943.28","3880","","","","","-101","8.800000190734863","28090","1776639145504"
"7062","2026-04-19 19:52:35","26.58","50","943.26","3880","","","","","-101","8.300000190734863","28091","1776639155509"
"7063","2026-04-19 19:52:45","26.58","50","943.3000000000001","3880","","","","","-102","8.5","28092","1776639165499"
"7064","2026-04-19 19:52:55","26.58","50","943.28","3880","","","","","-101","8.300000190734863","28093","1776639175499"
"7065","2026-04-19 19:53:05","26.58","50","943.3000000000001","3880","","","","","-101","8.5","28094","1776639185507"
"7066","2026-04-19 19:53:15","26.59","50","943.28","3880","","","","","-101","8.5","28095","1776639195501"
"7067","2026-04-19 19:53:25","26.59","50","943.26","3880","","","","","-102","8.5","28096","1776639205474"
"7068","2026-04-19 19:53:35","26.61","50","943.26","3880","","","","","-102","8.5","28097","1776639215467"
"7069","2026-04-19 19:53:45","26.61","50","943.28","3880","","","","","-101","9","28098","1776639225470"
"7070","2026-04-19 19:53:55","26.62","49.5","943.26","3880","","","","","-101","8.300000190734863","28099","1776639235482"
"7071","2026-04-19 19:54:05","26.63","50","943.28","3880","","","","","-101","9","28100","1776639245487"
"7072","2026-04-19 19:54:15","26.64","50","943.28","3880","","","","","-101","8.800000190734863","28101","1776639255508"
"7073","2026-04-19 19:54:25","26.65","49.5","943.28","3960","","","","","-101","8.5","28102","1776639265472"
"7074","2026-04-19 19:54:35","26.66","50","943.3000000000001","3960","","","","","-101","8.5","28103","1776639275470"
"7075","2026-04-19 19:54:45","26.66","49.5","943.26","3960","","","","","-101","8.300000190734863","28104","1776639285506"
"7076","2026-04-19 19:54:55","26.68","50","943.28","3960","","","","","-101","8.5","28105","1776639295503"
"7077","2026-04-19 19:55:05","26.69","50","943.26","3960","","","","","-102","8.300000190734863","28106","1776639305510"
"7078","2026-04-19 19:55:15","26.68","49.5","943.34","3960","","","","","-101","8.800000190734863","28107","1776639315507"
"7079","2026-04-19 19:55:25","26.67","50","943.26","3960","","","","","-100","9.5","28108","1776639325502"
"7080","2026-04-19 19:55:35","26.67","49.5","943.3000000000001","3960","","","","","-101","8.300000190734863","28109","1776639335504"
"7081","2026-04-19 19:55:45","26.66","50","943.3000000000001","3960","","","","","-101","8.800000190734863","28110","1776639345505"
"7082","2026-04-19 19:55:55","26.65","50","943.32","3960","","","","","-101","8.800000190734863","28111","1776639355507"
"7083","2026-04-19 19:56:05","26.65","49.5","943.32","3960","","","","","-101","9","28112","1776639365512"
"7084","2026-04-19 19:56:15","26.66","50","943.32","3960","","","","","-101","8.5","28113","1776639375504"
"7085","2026-04-19 19:56:25","26.66","49.5","943.3000000000001","3960","","","","","-101","9.300000190734863","28114","1776639385501"
"7086","2026-04-19 19:56:35","26.65","50","943.28","3960","","","","","-101","8.800000190734863","28115","1776639395494"
"7087","2026-04-19 19:56:45","26.65","50","943.3000000000001","3960","","","","","-101","8.800000190734863","28116","1776639405479"
"7088","2026-04-19 19:56:55","26.65","50","943.32","3960","","","","","-101","9","28117","1776639415505"
"7089","2026-04-19 19:57:05","26.65","50","943.28","3960","","","","","-101","8.800000190734863","28118","1776639425471"
"7090","2026-04-19 19:57:15","26.66","50","943.28","3960","","","","","-101","8.5","28119","1776639435476"
"7091","2026-04-19 19:57:25","26.66","50","943.3000000000001","3960","","","","","-102","8.300000190734863","28120","1776639445498"
"7092","2026-04-19 19:57:35","26.66","50","943.28","3960","","","","","-101","8.5","28121","1776639455497"
"7093","2026-04-19 19:57:45","26.67","50","943.32","3960","","","","","-102","8.300000190734863","28122","1776639465469"
"7094","2026-04-19 19:57:55","26.68","50","943.3000000000001","3960","","","","","-101","8.800000190734863","28123","1776639475466"
"7095","2026-04-19 19:58:05","26.68","50","943.3000000000001","3960","","","","","-101","8.5","28124","1776639485483"
"7096","2026-04-19 19:58:15","26.68","50","943.34","3960","","","","","-101","9","28125","1776639495506"
"7097","2026-04-19 19:58:25","26.68","50","943.3000000000001","3960","","","","","-101","8.800000190734863","28126","1776639505496"
"7098","2026-04-19 19:58:35","26.68","50","943.3000000000001","3960","","","","","-101","9.300000190734863","28127","1776639515496"
"7099","2026-04-19 19:58:45","26.68","50","943.32","3960","","","","","-101","8.800000190734863","28128","1776639525501"
"7100","2026-04-19 19:58:55","26.67","50","943.34","3960","","","","","-101","8.800000190734863","28129","1776639535495"
"7101","2026-04-19 19:59:05","26.65","49.5","943.34","3960","","","","","-101","8.800000190734863","28130","1776639545531"
"7102","2026-04-19 19:59:15","26.63","49.5","943.34","3960","","","","","-101","8.5","28131","1776639555504"
"7103","2026-04-19 19:59:25","26.61","49.5","943.34","3960","","","","","-101","8.800000190734863","28132","1776639565529"
"7104","2026-04-19 19:59:35","26.61","50","943.32","3920","","","","","-101","8.800000190734863","28133","1776639575543"
"7105","2026-04-19 19:59:45","26.6","50","943.32","3920","","","","","-102","8","28134","1776639585492"
"7106","2026-04-19 19:59:55","26.6","50","943.34","3920","","","","","-102","8.300000190734863","28135","1776639595463"
"7107","2026-04-19 20:00:05","26.61","50","943.32","3920","","","","","-101","8.5","28136","1776639605470"
"7108","2026-04-19 20:00:15","26.62","50","943.34","3920","","","","","-101","9","28137","1776639615474"
"7109","2026-04-19 20:00:25","26.64","50","943.36","3920","","","","","-102","8.300000190734863","28138","1776639625496"
"7110","2026-04-19 20:00:35","26.65","50","943.34","3920","","","","","-102","7.800000190734863","28139","1776639635490"
"7111","2026-04-19 20:00:45","26.65","50","943.34","3920","","","","","-102","8.5","28140","1776639645495"
"7112","2026-04-19 20:00:55","26.66","50","943.36","3920","","","","","-102","8.5","28141","1776639655502"
"7113","2026-04-19 20:01:05","26.66","50","943.3000000000001","3920","","","","","-102","8.5","28142","1776639665497"
"7114","2026-04-19 20:01:15","26.67","50","943.34","3920","","","","","-102","8.300000190734863","28143","1776639675498"
"7115","2026-04-19 20:01:25","26.68","50","943.34","3920","","","","","-102","8.300000190734863","28144","1776639685499"
"7116","2026-04-19 20:01:35","26.68","49.5","943.36","3920","","","","","-101","8.5","28145","1776639695468"
"7117","2026-04-19 20:01:45","26.68","50","943.36","3900","","","","","-102","8","28146","1776639705477"
"7118","2026-04-19 20:01:55","26.7","50","943.36","3920","","","","","-102","8.5","28147","1776639715502"
"7119","2026-04-19 20:02:05","26.7","49.5","943.36","3920","","","","","-102","8.5","28148","1776639725478"
"7120","2026-04-19 20:02:15","26.71","49.5","943.34","3920","","","","","-102","8","28149","1776639735471"
"7121","2026-04-19 20:02:25","26.72","50","943.36","3900","","","","","-101","8.300000190734863","28150","1776639745492"
"7122","2026-04-19 20:02:35","26.74","50","943.36","3920","","","","","-101","8.800000190734863","28151","1776639755493"
"7123","2026-04-19 20:02:45","26.75","49.5","943.34","3900","","","","","-101","8.5","28152","1776639765512"
"7124","2026-04-19 20:02:55","26.75","50","943.34","3900","","","","","-102","8","28153","1776639775500"
"7125","2026-04-19 20:03:05","26.75","49.5","943.34","3900","","","","","-102","8.300000190734863","28154","1776639785502"
"7126","2026-04-19 20:03:15","26.74","50","943.34","3900","","","","","-102","8.5","28155","1776639795500"
"7127","2026-04-19 20:03:25","26.73","49.5","943.36","3900","","","","","-101","8.5","28156","1776639805500"
"7128","2026-04-19 20:03:35","26.74","50","943.36","3900","","","","","-102","8.300000190734863","28157","1776639815493"
"7129","2026-04-19 20:03:45","26.71","50","943.34","3900","","","","","-101","8.300000190734863","28158","1776639825482"
"7130","2026-04-19 20:03:55","26.71","50","943.38","3900","","","","","-102","8","28159","1776639835501"
"7131","2026-04-19 20:04:05","26.74","50","943.38","3900","","","","","-102","8.300000190734863","28160","1776639845477"
"7132","2026-04-19 20:04:15","26.73","49.5","943.38","3900","","","","","-102","8.300000190734863","28161","1776639855542"
"7133","2026-04-19 20:04:25","26.73","49.5","943.4","3900","","","","","-101","8.5","28162","1776639865462"
"7134","2026-04-19 20:04:35","26.73","49.5","943.4","3900","","","","","-102","8.300000190734863","28163","1776639875503"
"7135","2026-04-19 20:04:45","26.71","49.5","943.36","3900","","","","","-102","8.5","28164","1776639885464"
"7136","2026-04-19 20:04:55","26.68","49.5","943.38","3900","","","","","-102","7.800000190734863","28165","1776639895499"
"7137","2026-04-19 20:05:05","26.67","50","943.4","3900","","","","","-102","8","28166","1776639905462"
"7138","2026-04-19 20:05:15","26.64","49.5","943.4","3900","","","","","-101","8.5","28167","1776639915490"
"7139","2026-04-19 20:05:25","26.6","50","943.4200000000001","3900","","","","","-101","8.800000190734863","28168","1776639925479"
"7140","2026-04-19 20:05:35","26.6","50","943.36","3900","","","","","-102","8.300000190734863","28169","1776639935469"
"7141","2026-04-19 20:05:45","26.58","50","943.38","3900","","","","","-101","8.5","28170","1776639945495"
"7142","2026-04-19 20:05:55","26.57","50","943.4","3900","","","","","-102","8.800000190734863","28171","1776639955502"
"7143","2026-04-19 20:06:05","26.56","50","943.4","3900","","","","","-101","8.800000190734863","28172","1776639965466"
"7144","2026-04-19 20:06:15","26.55","50","943.38","3900","","","","","-102","8.300000190734863","28173","1776639975499"
"7145","2026-04-19 20:06:25","26.54","50","943.4200000000001","3900","","","","","-102","8.300000190734863","28174","1776639985499"
"7146","2026-04-19 20:06:35","26.54","50.5","943.4200000000001","3900","","","","","-102","8.300000190734863","28175","1776639995467"
"7147","2026-04-19 20:06:45","26.53","50","943.44","3900","","","","","-101","8.300000190734863","28176","1776640005503"
"7148","2026-04-19 20:06:55","26.52","50","943.44","3900","","","","","-101","8","28177","1776640015502"
"7149","2026-04-19 20:07:05","26.52","50.5","943.4","3900","","","","","-101","8.5","28178","1776640025471"
"7150","2026-04-19 20:07:15","26.52","50","943.4200000000001","3900","","","","","-102","8","28179","1776640035471"
"7151","2026-04-19 20:07:25","26.51","50","943.44","3900","","","","","-102","8.5","28180","1776640045500"
"7152","2026-04-19 20:07:35","26.5","50","943.4","3900","","","","","-102","8.300000190734863","28181","1776640055473"
"7153","2026-04-19 20:07:45","26.48","50.5","943.4200000000001","3900","","","","","-102","8.300000190734863","28182","1776640065497"
"7154","2026-04-19 20:07:55","26.47","50.5","943.44","3900","","","","","-102","8.5","28183","1776640075495"
"7155","2026-04-19 20:08:05","26.46","50.5","943.44","3900","","","","","-101","8.5","28184","1776640085477"
"7156","2026-04-19 20:08:15","26.45","50","943.44","3900","","","","","-101","8.800000190734863","28185","1776640095494"
"7157","2026-04-19 20:08:25","26.45","50","943.46","3900","","","","","-101","8.800000190734863","28186","1776640105494"
"7158","2026-04-19 20:08:35","26.46","50.5","943.4200000000001","3900","","","","","-101","8.300000190734863","28187","1776640115500"
"7159","2026-04-19 20:08:45","26.48","50.5","943.44","3900","","","","","-101","8.5","28188","1776640125504"
"7160","2026-04-19 20:08:55","26.5","50.5","943.48","3900","","","","","-101","8.5","28189","1776640135490"
"7161","2026-04-19 20:09:05","26.5","50.5","943.4200000000001","3900","","","","","-101","8.5","28190","1776640145511"
"7162","2026-04-19 20:09:15","26.51","50.5","943.44","3900","","","","","-102","8.300000190734863","28191","1776640155478"
"7163","2026-04-19 20:09:25","26.51","50","943.44","3900","","","","","-101","8.5","28192","1776640165496"
"7164","2026-04-19 20:09:35","26.51","50","943.46","3900","","","","","-102","8.300000190734863","28193","1776640175479"
"7165","2026-04-19 20:09:45","26.5","50","943.46","3900","","","","","-101","8.800000190734863","28194","1776640185475"
"7166","2026-04-19 20:09:55","26.51","50.5","943.44","3900","","","","","-101","8.5","28195","1776640195463"
"7167","2026-04-19 20:10:05","26.52","50","943.4200000000001","3900","","","","","-102","8.5","28196","1776640205495"
"7168","2026-04-19 20:10:15","26.52","50","943.46","3900","","","","","-102","8.300000190734863","28197","1776640215493"
"7169","2026-04-19 20:10:25","26.52","50.5","943.44","3900","","","","","-102","8.300000190734863","28198","1776640225493"
"7170","2026-04-19 20:10:35","26.52","50","943.4200000000001","3900","","","","","-101","8.5","28199","1776640235488"
"7171","2026-04-19 20:10:45","26.52","50.5","943.46","3900","","","","","-101","8.800000190734863","28200","1776640245504"
"7172","2026-04-19 20:10:55","26.53","50.5","943.4200000000001","3900","","","","","-101","9.300000190734863","28201","1776640255502"
"7173","2026-04-19 20:11:05","26.53","50.5","943.46","3880","","","","","-101","8.5","28202","1776640265467"
"7174","2026-04-19 20:11:15","26.54","50.5","943.4200000000001","3880","","","","","-102","8.5","28203","1776640275496"
"7175","2026-04-19 20:11:25","26.55","50.5","943.4200000000001","3900","","","","","-102","8.300000190734863","28204","1776640285500"
"7176","2026-04-19 20:11:35","26.55","50","943.4","3900","","","","","-101","8.800000190734863","28205","1776640295475"
"7177","2026-04-19 20:11:45","26.55","50.5","943.46","3900","","","","","-101","8.5","28206","1776640305472"
"7178","2026-04-19 20:11:55","26.55","50.5","943.38","3900","","","","","-101","8","28207","1776640315496"
"7179","2026-04-19 20:12:05","26.54","50.5","943.44","3900","","","","","-101","8.800000190734863","28208","1776640325471"
"7180","2026-04-19 20:12:15","26.52","50.5","943.44","3900","","","","","-102","8.300000190734863","28209","1776640335475"
"7181","2026-04-19 20:12:25","26.51","50.5","943.44","3900","","","","","-101","8","28210","1776640345501"
"7182","2026-04-19 20:12:35","26.51","50.5","943.4","3900","","","","","-101","8.5","28211","1776640355480"
"7183","2026-04-19 20:12:45","26.51","50.5","943.4","3900","","","","","-102","8.5","28212","1776640365500"
"7184","2026-04-19 20:12:55","26.51","50.5","943.38","3900","","","","","-101","7.5","28213","1776640375496"
"7185","2026-04-19 20:13:05","26.5","50.5","943.44","3900","","","","","-102","8.5","28214","1776640385476"
"7186","2026-04-19 20:13:15","26.5","50.5","943.4200000000001","3900","","","","","-102","8.300000190734863","28215","1776640395472"
"7187","2026-04-19 20:13:25","26.5","50.5","943.4200000000001","3900","","","","","-101","8.300000190734863","28216","1776640405497"
"7188","2026-04-19 20:13:35","26.51","50.5","943.4","3900","","","","","-102","8.300000190734863","28217","1776640415495"
"7189","2026-04-19 20:13:45","26.52","50.5","943.44","3900","","","","","-101","8.800000190734863","28218","1776640425495"
"7190","2026-04-19 20:13:55","26.54","50.5","943.46","3900","","","","","-102","8.300000190734863","28219","1776640435494"
"7191","2026-04-19 20:14:05","26.55","50.5","943.4200000000001","3900","","","","","-101","8.300000190734863","28220","1776640445471"
"7192","2026-04-19 20:14:15","26.55","50.5","943.4200000000001","3900","","","","","-102","8","28221","1776640455464"
"7193","2026-04-19 20:14:25","26.54","50.5","943.44","3900","","","","","-101","8.5","28222","1776640465497"
"7194","2026-04-19 20:14:35","26.56","50","943.44","3900","","","","","-102","8.300000190734863","28223","1776640475500"
"7195","2026-04-19 20:14:45","26.55","50","943.46","3900","","","","","-102","8.5","28224","1776640485499"
"7196","2026-04-19 20:14:55","26.55","50.5","943.4200000000001","3880","","","","","-101","8.5","28225","1776640495500"
"7197","2026-04-19 20:15:05","26.54","50","943.44","3900","","","","","-101","8.5","28226","1776640505461"
"7198","2026-04-19 20:15:15","26.55","50.5","943.44","3900","","","","","-101","8.5","28227","1776640515472"
"7199","2026-04-19 20:15:25","26.55","50.5","943.48","3900","","","","","-102","8","28228","1776640525467"
"7200","2026-04-19 20:15:35","26.54","50.5","943.44","3900","","","","","-102","8.300000190734863","28229","1776640535472"
"7201","2026-04-19 20:15:45","26.54","50.5","943.48","3900","","","","","-103","7.300000190734863","28230","1776640545474"
"7202","2026-04-19 20:15:55","26.54","50.5","943.52","3880","","","","","-101","8.800000190734863","28231","1776640555460"
"7203","2026-04-19 20:16:05","26.55","50.5","943.48","3880","","","","","-102","7.800000190734863","28232","1776640565470"
"7204","2026-04-19 20:16:15","26.55","50.5","943.5","3900","","","","","-102","8.300000190734863","28233","1776640575470"
"7205","2026-04-19 20:16:25","26.56","50","943.5","3900","","","","","-103","8","28234","1776640585494"
"7206","2026-04-19 20:16:35","26.57","50.5","943.52","3880","","","","","-102","8.5","28235","1776640595495"
"7207","2026-04-19 20:16:45","26.57","50","943.5","3880","","","","","-103","7.5","28236","1776640605474"
"7208","2026-04-19 20:16:55","26.56","50","943.46","3880","","","","","-101","8.300000190734863","28237","1776640615500"
"7209","2026-04-19 20:17:05","26.57","50.5","943.48","3880","","","","","-102","8","28238","1776640625473"
"7210","2026-04-19 20:17:15","26.57","50.5","943.54","3880","","","","","-102","7.800000190734863","28239","1776640635491"
"7211","2026-04-19 20:17:25","26.58","50.5","943.54","3880","","","","","-101","8.800000190734863","28240","1776640645496"
"7212","2026-04-19 20:17:35","26.59","50","943.54","3880","","","","","-103","7.800000190734863","28241","1776640655479"
"7213","2026-04-19 20:17:45","26.59","50.5","943.46","3900","","","","","-102","8","28242","1776640665469"
"7214","2026-04-19 20:17:55","26.58","50","943.52","3880","","","","","-103","7.5","28243","1776640675493"
"7215","2026-04-19 20:18:05","26.58","50.5","943.54","3880","","","","","-102","8","28244","1776640685466"
"7216","2026-04-19 20:18:15","26.58","50.5","943.54","3880","","","","","-102","8.300000190734863","28245","1776640695461"
"7217","2026-04-19 20:18:25","26.57","50.5","943.54","3880","","","","","-102","8","28246","1776640705498"
"7218","2026-04-19 20:18:35","26.57","50","943.5","3880","","","","","-103","7.800000190734863","28247","1776640715542"
"7219","2026-04-19 20:18:45","26.57","50.5","943.5600000000001","3880","","","","","-102","8","28248","1776640725498"
"7220","2026-04-19 20:18:55","26.55","50.5","943.52","3900","","","","","-102","7.800000190734863","28249","1776640735500"
"7221","2026-04-19 20:19:05","26.53","50","943.52","3880","","","","","-102","8.5","28250","1776640745466"
"7222","2026-04-19 20:19:15","26.52","50.5","943.6","3880","","","","","-102","7.800000190734863","28251","1776640755498"
"7223","2026-04-19 20:19:25","26.53","50.5","943.5600000000001","3880","","","","","-103","7.5","28252","1776640765501"
"7224","2026-04-19 20:19:35","26.54","50.5","943.58","3880","","","","","-103","7.5","28253","1776640775471"
"7225","2026-04-19 20:19:45","26.53","50.5","943.54","3900","","","","","-103","7.300000190734863","28254","1776640785471"
"7226","2026-04-19 20:19:55","26.53","50.5","943.54","3880","","","","","-103","7.5","28255","1776640795499"
"7227","2026-04-19 20:20:05","26.52","50.5","943.5600000000001","3880","","","","","-103","7.300000190734863","28256","1776640805497"
"7228","2026-04-19 20:20:15","26.51","50.5","943.5600000000001","3880","","","","","-102","8","28257","1776640815504"
"7229","2026-04-19 20:20:25","26.51","50.5","943.5600000000001","3880","","","","","-103","7.800000190734863","28258","1776640825497"
"7230","2026-04-19 20:20:35","26.52","50.5","943.62","3880","","","","","-105","5.5","28259","1776640835468"
"7231","2026-04-19 20:20:45","26.52","50.5","943.58","3880","","","","","-105","5","28260","1776640845462"
"7232","2026-04-19 20:20:55","26.52","50.5","943.62","3900","","","","","-104","6.5","28261","1776640855503"
"7233","2026-04-19 20:21:05","26.52","50.5","943.64","3880","","","","","-103","7.300000190734863","28262","1776640865490"
"7234","2026-04-19 20:21:15","26.51","50.5","943.64","3880","","","","","-105","4.800000190734863","28263","1776640875496"
"7235","2026-04-19 20:21:25","26.5","50.5","943.64","3880","","","","","-105","5.300000190734863","28264","1776640885494"
"7236","2026-04-19 20:21:35","26.51","50.5","943.64","3880","","","","","-103","7.800000190734863","28265","1776640895496"
"7237","2026-04-19 20:21:45","26.51","50.5","943.64","3880","","","","","-103","7.300000190734863","28266","1776640905499"
"7238","2026-04-19 20:21:55","26.49","50.5","943.6","3880","","","","","-102","8.5","28267","1776640915497"
"7239","2026-04-19 20:22:05","26.49","50.5","943.6","3880","","","","","-103","7","28268","1776640925539"
"7240","2026-04-19 20:22:15","26.51","50.5","943.62","3880","","","","","-105","4.800000190734863","28269","1776640935487"
"7241","2026-04-19 20:22:25","26.5","50.5","943.66","3880","","","","","-103","7.300000190734863","28270","1776640945528"
"7242","2026-04-19 20:22:35","26.49","50.5","943.64","3880","","","","","-103","7","28271","1776640955479"
"7243","2026-04-19 20:22:45","26.5","50.5","943.64","3900","","","","","-102","8","28272","1776640965471"
"7244","2026-04-19 20:22:55","26.51","50.5","943.62","3880","","","","","-103","7.5","28273","1776640975488"
"7245","2026-04-19 20:23:05","26.51","50.5","943.64","3880","","","","","-103","7.300000190734863","28274","1776640985496"
"7246","2026-04-19 20:23:15","26.51","50.5","943.64","3880","","","","","-104","6.5","28275","1776640995469"
"7247","2026-04-19 20:23:25","26.51","50.5","943.64","3880","","","","","-104","6.800000190734863","28276","1776641005487"
"7248","2026-04-19 20:23:35","26.52","50.5","943.64","3880","","","","","-104","5.800000190734863","28277","1776641015496"
"7249","2026-04-19 20:23:45","26.55","50.5","943.66","3880","","","","","-104","6.300000190734863","28278","1776641025491"
"7250","2026-04-19 20:23:55","26.57","50.5","943.6800000000001","3880","","","","","-103","7.800000190734863","28279","1776641035525"
"7251","2026-04-19 20:24:05","26.58","50.5","943.6800000000001","3880","","","","","-104","6","28280","1776641045492"
"7252","2026-04-19 20:24:15","26.58","50.5","943.6800000000001","3880","","","","","-105","6","28281","1776641055490"
"7253","2026-04-19 20:24:25","26.58","50.5","943.66","3880","","","","","-104","7","28282","1776641065490"
"7254","2026-04-19 20:24:35","26.59","50.5","943.64","3880","","","","","-103","7","28283","1776641075501"
"7255","2026-04-19 20:24:45","26.6","50.5","943.66","3880","","","","","-104","6.5","28284","1776641085461"
"7256","2026-04-19 20:24:55","26.6","50.5","943.6800000000001","3880","","","","","-104","6.300000190734863","28285","1776641095487"
"7257","2026-04-19 20:25:05","26.61","50","943.66","3880","","","","","-105","5.800000190734863","28286","1776641105503"
"7258","2026-04-19 20:25:15","26.6","50.5","943.64","3880","","","","","-103","6.800000190734863","28287","1776641115468"
"7259","2026-04-19 20:25:25","26.61","50.5","943.66","3880","","","","","-103","7","28288","1776641125470"
"7260","2026-04-19 20:25:35","26.6","50","943.62","3880","","","","","-103","6.800000190734863","28289","1776641135473"
"7261","2026-04-19 20:25:45","26.6","50.5","943.62","3880","","","","","-102","8.300000190734863","28290","1776641145477"
"7262","2026-04-19 20:25:55","26.6","50.5","943.6","3880","","","","","-103","6.800000190734863","28291","1776641155495"
"7263","2026-04-19 20:26:05","26.59","50.5","943.62","3880","","","","","-105","6","28292","1776641165477"
"7264","2026-04-19 20:26:15","26.6","50.5","943.64","3880","","","","","-104","6.300000190734863","28293","1776641175469"
"7265","2026-04-19 20:26:25","26.61","50.5","943.66","3880","","","","","-109","0.5","28294","1776641185494"
"7266","2026-04-19 20:26:35","26.61","50.5","943.64","3880","","","","","-110","-0.800000011920929","28295","1776641195489"
"7267","2026-04-19 20:26:45","26.62","50","943.64","3880","","","","","-106","4.5","28296","1776641205477"
"7268","2026-04-19 20:27:05","26.62","50.5","943.64","3880","","","","","-106","4.5","28298","1776641225477"
"7269","2026-04-19 20:27:15","26.63","50","943.6800000000001","3880","","","","","-110","-0.5","28299","1776641235475"
"7270","2026-04-19 20:27:25","26.63","50.5","943.66","3880","","","","","-106","4.5","28300","1776641245502"
"7271","2026-04-19 20:27:35","26.63","50.5","943.72","3880","","","","","-106","5","28301","1776641255466"
"7272","2026-04-19 20:27:45","26.62","50","943.66","3880","","","","","-105","5.800000190734863","28302","1776641265489"
"7273","2026-04-19 20:27:55","26.6","50","943.6800000000001","3880","","","","","-103","7","28303","1776641275493"
"7274","2026-04-19 20:28:05","26.58","50","943.6800000000001","3880","","","","","-103","7","28304","1776641285468"
"7275","2026-04-19 20:28:15","26.55","50.5","943.62","3880","","","","","-104","6.5","28305","1776641295499"
"7276","2026-04-19 20:28:25","26.55","50.5","943.62","3880","","","","","-105","5.5","28306","1776641305489"
"7277","2026-04-19 20:28:35","26.54","50.5","943.64","3880","","","","","-106","4.300000190734863","28307","1776641315492"
"7278","2026-04-19 20:28:45","26.53","50.5","943.66","3880","","","","","-107","4.300000190734863","28308","1776641325466"
"7279","2026-04-19 20:28:55","26.54","50","943.66","3880","","","","","-103","6.800000190734863","28309","1776641335494"
"7280","2026-04-19 20:29:05","26.54","50.5","943.6800000000001","3880","","","","","-103","7.300000190734863","28310","1776641345500"
"7281","2026-04-19 20:29:15","26.55","50","943.6800000000001","3880","","","","","-105","5.800000190734863","28311","1776641355499"
"7282","2026-04-19 20:29:25","26.55","50.5","943.6800000000001","3880","","","","","-104","6","28312","1776641365523"
"7283","2026-04-19 20:29:35","26.54","50.5","943.66","3880","","","","","-102","8.300000190734863","28313","1776641375472"
"7284","2026-04-19 20:29:45","26.54","50","943.64","3880","","","","","-108","3","28314","1776641385495"
"7285","2026-04-19 20:29:55","26.51","50.5","943.64","3880","","","","","-105","5.800000190734863","28315","1776641395495"
"7286","2026-04-19 20:30:05","26.49","50.5","943.6800000000001","3880","","","","","-106","5.300000190734863","28316","1776641405487"
"7287","2026-04-19 20:30:15","26.49","50.5","943.64","3880","","","","","-104","6.300000190734863","28317","1776641415472"
"7288","2026-04-19 20:30:25","26.49","50.5","943.66","3880","","","","","-103","7.5","28318","1776641425489"
"7289","2026-04-19 20:30:35","26.49","50.5","943.66","3880","","","","","-103","6.800000190734863","28319","1776641435518"
"7290","2026-04-19 20:30:45","26.49","50.5","943.7","3880","","","","","-106","5","28320","1776641445464"
"7291","2026-04-19 20:30:55","26.49","50.5","943.66","3880","","","","","-104","6","28321","1776641455492"
"7292","2026-04-19 20:31:05","26.49","50.5","943.6800000000001","3880","","","","","-109","1","28322","1776641465471"
"7293","2026-04-19 20:31:15","26.48","50.5","943.66","3880","","","","","-106","4.800000190734863","28323","1776641475467"
"7294","2026-04-19 20:31:25","26.48","50.5","943.66","3880","","","","","-105","5.5","28324","1776641485488"
"7295","2026-04-19 20:31:35","26.49","50.5","943.7","3880","","","","","-103","7.300000190734863","28325","1776641495497"
"7296","2026-04-19 20:31:45","26.49","50.5","943.72","3880","","","","","-105","5","28326","1776641505465"
"7297","2026-04-19 20:31:55","26.5","50.5","943.72","3880","","","","","-104","6.5","28327","1776641515538"
"7298","2026-04-19 20:32:05","26.52","50.5","943.6800000000001","3880","","","","","-104","6.5","28328","1776641525501"
"7299","2026-04-19 20:32:15","26.52","50.5","943.7","3880","","","","","-105","5.5","28329","1776641535468"
"7300","2026-04-19 20:32:25","26.53","50.5","943.72","3880","","","","","-104","6.300000190734863","28330","1776641545468"
"7301","2026-04-19 20:32:35","26.54","50.5","943.7","3880","","","","","-103","7","28331","1776641555467"
"7302","2026-04-19 20:32:45","26.55","50.5","943.6800000000001","3880","","","","","-105","5.5","28332","1776641565500"
"7303","2026-04-19 20:32:55","26.54","50.5","943.72","3880","","","","","-104","6.300000190734863","28333","1776641575491"
"7304","2026-04-19 20:33:05","26.55","50.5","943.6800000000001","3880","","","","","-105","5.5","28334","1776641585471"
"7305","2026-04-19 20:33:15","26.54","50.5","943.66","3880","","","","","-107","4","28335","1776641595492"
"7306","2026-04-19 20:33:25","26.55","50","943.7","3880","","","","","-105","6","28336","1776641605489"
"7307","2026-04-19 20:33:35","26.55","50.5","943.6800000000001","3880","","","","","-106","5","28337","1776641615504"
"7308","2026-04-19 20:33:45","26.55","50.5","943.7","3880","","","","","-105","5.800000190734863","28338","1776641625497"
"7309","2026-04-19 20:33:55","26.55","50.5","943.74","3880","","","","","-104","6.5","28339","1776641635499"
"7310","2026-04-19 20:34:05","26.57","50.5","943.7","3880","","","","","-102","7.5","28340","1776641645495"
"7311","2026-04-19 20:34:15","26.58","50.5","943.74","3880","","","","","-104","6","28341","1776641655495"
"7312","2026-04-19 20:34:25","26.57","50","943.72","3880","","","","","-104","6.800000190734863","28342","1776641665468"
"7313","2026-04-19 20:34:35","26.57","50.5","943.7","3880","","","","","-105","5.5","28343","1776641675529"
"7314","2026-04-19 20:34:45","26.57","50.5","943.72","3880","","","","","-106","5.300000190734863","28344","1776641685493"
"7315","2026-04-19 20:34:55","26.56","50","943.74","3880","","","","","-105","5.300000190734863","28345","1776641695495"
"7316","2026-04-19 20:35:05","26.56","50.5","943.74","3880","","","","","-105","5","28346","1776641705501"
"7317","2026-04-19 20:35:15","26.57","50.5","943.7","3880","","","","","-104","6.5","28347","1776641715467"
"7318","2026-04-19 20:35:25","26.56","50.5","943.72","3880","","","","","-106","4.300000190734863","28348","1776641725472"
"7319","2026-04-19 20:35:35","26.56","50.5","943.6800000000001","3880","","","","","-104","6","28349","1776641735483"
"7320","2026-04-19 20:35:45","26.56","50","943.72","3880","","","","","-104","6.300000190734863","28350","1776641745464"
"7321","2026-04-19 20:35:55","26.55","50.5","943.72","3880","","","","","-104","6","28351","1776641755471"
"7322","2026-04-19 20:36:05","26.55","50.5","943.76","3880","","","","","-106","4.800000190734863","28352","1776641765475"
"7323","2026-04-19 20:36:15","26.54","50.5","943.74","3880","","","","","-103","7.300000190734863","28353","1776641775460"
"7324","2026-04-19 20:36:25","26.54","50.5","943.74","3880","","","","","-104","6.300000190734863","28354","1776641785502"
"7325","2026-04-19 20:36:35","26.55","50","943.6800000000001","3880","","","","","-105","5.5","28355","1776641795474"
"7326","2026-04-19 20:36:45","26.55","50.5","943.74","3880","","","","","-108","2.5","28356","1776641805474"
"7327","2026-04-19 20:36:55","26.54","50.5","943.7","3880","","","","","-105","5.300000190734863","28357","1776641815499"
"7328","2026-04-19 20:37:05","26.54","50","943.76","3880","","","","","-105","5.5","28358","1776641825492"
"7329","2026-04-19 20:37:15","26.54","50.5","943.72","3880","","","","","-104","6.5","28359","1776641835458"
"7330","2026-04-19 20:37:25","26.52","50.5","943.74","3880","","","","","-108","2.5","28360","1776641845492"
"7331","2026-04-19 20:37:35","26.51","50","943.76","3880","","","","","-106","4.5","28361","1776641855476"
"7332","2026-04-19 20:37:45","26.49","50.5","943.74","3880","","","","","-103","7.300000190734863","28362","1776641865468"
"7333","2026-04-19 20:37:55","26.49","50.5","943.78","3880","","","","","-104","6","28363","1776641875746"
"7334","2026-04-19 20:38:05","26.48","50.5","943.76","3880","","","","","-108","2.299999952316284","28364","1776641885463"
"7335","2026-04-19 20:38:15","26.5","50.5","943.76","3880","","","","","-106","5","28365","1776641895470"
"7336","2026-04-19 20:38:25","26.51","50.5","943.74","3880","","","","","-103","7","28366","1776641905494"
"7337","2026-04-19 20:38:35","26.5","50.5","943.78","3880","","","","","-104","6.300000190734863","28367","1776641915507"
"7338","2026-04-19 20:38:45","26.5","50.5","943.76","3880","","","","","-107","3.299999952316284","28368","1776641925534"
"7339","2026-04-19 20:38:55","26.5","50.5","943.76","3880","","","","","-105","5.800000190734863","28369","1776641935489"
"7340","2026-04-19 20:39:05","26.51","50.5","943.78","3880","","","","","-104","6","28370","1776641945497"
"7341","2026-04-19 20:39:15","26.51","50.5","943.78","3880","","","","","-104","6.5","28371","1776641955496"
"7342","2026-04-19 20:39:25","26.51","50.5","943.78","3880","","","","","-107","4","28372","1776641965500"
"7343","2026-04-19 20:39:35","26.5","50.5","943.74","3880","","","","","-104","6.5","28373","1776641975465"
"7344","2026-04-19 20:39:45","26.49","50.5","943.78","3880","","","","","-105","5.5","28374","1776641985472"
"7345","2026-04-19 20:39:55","26.48","50.5","943.74","3880","","","","","-105","5.5","28375","1776641995496"
"7346","2026-04-19 20:40:05","26.48","50.5","943.78","3960","","","","","-105","6.300000190734863","28376","1776642005466"
"7347","2026-04-19 20:40:15","26.49","50.5","943.78","3960","","","","","-104","6.5","28377","1776642015512"
"7348","2026-04-19 20:40:25","26.49","50.5","943.8000000000001","3960","","","","","-105","5.800000190734863","28378","1776642025459"
"7349","2026-04-19 20:40:35","26.48","50.5","943.78","3960","","","","","-104","6.300000190734863","28379","1776642035509"
"7350","2026-04-19 20:40:45","26.49","50.5","943.8000000000001","3960","","","","","-105","5.300000190734863","28380","1776642045459"
"7351","2026-04-19 20:40:55","26.5","50.5","943.8000000000001","3960","","","","","-103","7.300000190734863","28381","1776642055495"
"7352","2026-04-19 20:41:05","26.5","50.5","943.78","3960","","","","","-103","7.300000190734863","28382","1776642065480"
"7353","2026-04-19 20:41:15","26.49","50.5","943.78","3960","","","","","-106","4.800000190734863","28383","1776642075465"
"7354","2026-04-19 20:41:25","26.49","50.5","943.78","3960","","","","","-103","7.300000190734863","28384","1776642085489"
"7355","2026-04-19 20:41:35","26.49","50.5","943.76","3960","","","","","-104","5.5","28385","1776642095485"
"7356","2026-04-19 20:41:45","26.5","50.5","943.78","3960","","","","","-104","5.800000190734863","28386","1776642105495"
"7357","2026-04-19 20:41:55","26.49","50.5","943.78","3960","","","","","-104","6","28387","1776642115488"
"7358","2026-04-19 20:42:05","26.49","50.5","943.8000000000001","3960","","","","","-104","6.5","28388","1776642125468"
"7359","2026-04-19 20:42:15","26.5","50.5","943.8000000000001","3960","","","","","-106","5","28389","1776642135474"
"7360","2026-04-19 20:42:25","26.51","50.5","943.8000000000001","3960","","","","","-109","0.800000011920929","28390","1776642145491"
"7361","2026-04-19 20:42:35","26.51","50.5","943.82","3960","","","","","-110","0","28391","1776642155469"
"7362","2026-04-19 20:42:45","26.51","50.5","943.8000000000001","3960","","","","","-111","-2","28392","1776642165474"
"7363","2026-04-19 20:42:55","26.52","50.5","943.84","3960","","","","","-105","5.300000190734863","28393","1776642175500"
"7364","2026-04-19 20:43:05","26.52","50.5","943.82","3960","","","","","-105","5.5","28394","1776642185461"
"7365","2026-04-19 20:43:15","26.52","50","943.82","3960","","","","","-104","5.5","28395","1776642195462"
"7366","2026-04-19 20:43:25","26.52","50.5","943.82","3960","","","","","-105","5.800000190734863","28396","1776642205490"
"7367","2026-04-19 20:43:35","26.51","50.5","943.82","3960","","","","","-104","6.300000190734863","28397","1776642215490"
"7368","2026-04-19 20:43:45","26.5","50","943.84","3960","","","","","-104","6","28398","1776642225493"
"7369","2026-04-19 20:43:55","26.5","50.5","943.84","3960","","","","","-107","3.5","28399","1776642235464"
"7370","2026-04-19 20:44:05","26.49","50.5","943.82","3960","","","","","-113","-8.5","28400","1776642245494"
"7371","2026-04-19 20:44:15","26.48","50.5","943.8000000000001","3960","","","","","-107","3.799999952316284","28401","1776642255488"
"7372","2026-04-19 20:44:25","26.49","50.5","943.84","3960","","","","","-104","6.300000190734863","28402","1776642265499"
"7373","2026-04-19 20:44:35","26.47","50.5","943.84","3960","","","","","-106","4.5","28403","1776642275506"
"7374","2026-04-19 20:44:45","26.49","50.5","943.84","3960","","","","","-105","6","28404","1776642285464"
"7375","2026-04-19 20:44:55","26.49","50","943.84","3960","","","","","-106","5","28405","1776642295489"
"7376","2026-04-19 20:45:05","26.51","50.5","943.9","3920","","","","","-107","3.5","28406","1776642305496"
"7377","2026-04-19 20:45:15","26.5","50.5","943.84","3920","","","","","-105","6","28407","1776642315496"
"7378","2026-04-19 20:45:25","26.5","50.5","943.86","3920","","","","","-107","3.299999952316284","28408","1776642325492"
"7379","2026-04-19 20:45:35","26.49","50.5","943.84","3920","","","","","-108","3.299999952316284","28409","1776642335466"
"7380","2026-04-19 20:45:45","26.49","50.5","943.86","3920","","","","","-105","5","28410","1776642345495"
"7381","2026-04-19 20:45:55","26.48","50.5","943.82","3920","","","","","-102","7.800000190734863","28411","1776642355467"
"7382","2026-04-19 20:46:05","26.47","50.5","943.86","3920","","","","","-104","6.5","28412","1776642365470"
"7383","2026-04-19 20:46:15","26.47","50.5","943.86","3920","","","","","-107","4","28413","1776642375465"
"7384","2026-04-19 20:46:25","26.48","50.5","943.88","3920","","","","","-106","4.300000190734863","28414","1776642385491"
"7385","2026-04-19 20:46:35","26.49","50.5","943.86","3920","","","","","-108","3","28415","1776642395492"
"7386","2026-04-19 20:46:45","26.5","50.5","943.88","3920","","","","","-106","5","28416","1776642405497"
"7387","2026-04-19 20:47:05","26.49","50.5","943.84","3900","","","","","-108","2.299999952316284","28418","1776642425470"
"7388","2026-04-19 20:47:15","26.48","50.5","943.86","3920","","","","","-108","2.799999952316284","28419","1776642435462"
"7389","2026-04-19 20:47:25","26.47","50.5","943.84","3900","","","","","-107","3.5","28420","1776642445498"
"7390","2026-04-19 20:47:35","26.47","50.5","943.84","3900","","","","","-110","-0.30000001192092896","28421","1776642455474"
"7391","2026-04-19 20:47:45","26.47","50.5","943.86","3900","","","","","-107","3.299999952316284","28422","1776642465487"
"7392","2026-04-19 20:47:55","26.47","50.5","943.88","3920","","","","","-110","-0.800000011920929","28423","1776642475497"
"7393","2026-04-19 20:48:05","26.49","50.5","943.82","3900","","","","","-110","-1.7999999523162842","28424","1776642485495"
"7394","2026-04-19 20:48:15","26.51","50","943.86","3900","","","","","-107","4","28425","1776642495500"
"7395","2026-04-19 20:48:25","26.51","50","943.84","3900","","","","","-107","3","28426","1776642505492"
"7396","2026-04-19 20:48:35","26.51","50.5","943.88","3900","","","","","-107","4","28427","1776642515470"
"7397","2026-04-19 20:48:45","26.52","50.5","943.86","3900","","","","","-104","6","28428","1776642525500"
"7398","2026-04-19 20:48:55","26.52","50","943.88","3900","","","","","-104","6.300000190734863","28429","1776642535497"
"7399","2026-04-19 20:49:05","26.52","50","943.88","3900","","","","","-105","6","28430","1776642545477"
"7400","2026-04-19 20:49:15","26.53","50.5","943.88","3900","","","","","-106","4.5","28431","1776642555495"
"7401","2026-04-19 20:49:25","26.54","50.5","943.88","3900","","","","","-104","6.5","28432","1776642565499"
"7402","2026-04-19 20:49:35","26.55","50.5","943.88","3900","","","","","-106","5","28433","1776642575459"
"7403","2026-04-19 20:49:45","26.56","50.5","943.9","3900","","","","","-109","2.299999952316284","28434","1776642585490"
"7404","2026-04-19 20:49:55","26.56","50","943.86","3900","","","","","-108","2.799999952316284","28435","1776642595488"
"7405","2026-04-19 20:50:05","26.57","50","943.86","3900","","","","","-106","4.5","28436","1776642605494"
"7406","2026-04-19 20:50:15","26.57","50.5","943.9200000000001","3900","","","","","-106","5","28437","1776642615498"
"7407","2026-04-19 20:50:25","26.57","50.5","943.9200000000001","3900","","","","","-108","3","28438","1776642625460"
"7408","2026-04-19 20:50:45","26.59","50","943.9","3900","","","","","-106","4","28440","1776642645464"
"7409","2026-04-19 20:50:55","26.58","50","943.9","3900","","","","","-104","6.5","28441","1776642655482"
"7410","2026-04-19 20:51:05","26.59","50","943.9","3900","","","","","-105","6","28442","1776642665464"
"7411","2026-04-19 20:51:15","26.6","50.5","943.9200000000001","3900","","","","","-107","4.300000190734863","28443","1776642675459"
"7412","2026-04-19 20:51:25","26.59","50","943.94","3900","","","","","-104","6","28444","1776642685492"
"7413","2026-04-19 20:51:35","26.59","50","943.9200000000001","3900","","","","","-105","6","28445","1776642695467"
"7414","2026-04-19 20:51:45","26.6","50","943.9200000000001","3900","","","","","-108","2.299999952316284","28446","1776642705467"
"7415","2026-04-19 20:51:55","26.61","50","943.9200000000001","3900","","","","","-104","6.5","28447","1776642715490"
"7416","2026-04-19 20:52:05","26.59","50","943.9200000000001","3900","","","","","-110","-1","28448","1776642725473"
"7417","2026-04-19 20:52:15","26.59","50","943.9200000000001","3900","","","","","-107","3.799999952316284","28449","1776642735472"
"7418","2026-04-19 20:52:25","26.59","50","943.9","3900","","","","","-105","5.5","28450","1776642745495"
"7419","2026-04-19 20:52:35","26.58","50","943.9200000000001","3900","","","","","-107","4.300000190734863","28451","1776642755467"
"7420","2026-04-19 20:52:45","26.58","50","943.94","3900","","","","","-105","5.5","28452","1776642765464"
"7421","2026-04-19 20:52:55","26.56","50","943.9200000000001","3900","","","","","-104","6","28453","1776642775498"
"7422","2026-04-19 20:53:05","26.56","50","943.9200000000001","3900","","","","","-104","6.5","28454","1776642785497"
"7423","2026-04-19 20:53:15","26.56","50.5","943.9200000000001","3900","","","","","-105","4","28455","1776642795495"
"7424","2026-04-19 20:53:25","26.56","50.5","943.98","3900","","","","","-107","3.5","28456","1776642805493"
"7425","2026-04-19 20:53:35","26.56","50.5","943.96","3900","","","","","-107","4.300000190734863","28457","1776642815499"
"7426","2026-04-19 20:53:45","26.55","50.5","943.94","3900","","","","","-104","6.800000190734863","28458","1776642825465"
"7427","2026-04-19 20:53:55","26.55","50.5","943.96","3900","","","","","-105","6","28459","1776642835462"
"7428","2026-04-19 20:54:05","26.55","50.5","943.9200000000001","3900","","","","","-110","-0.5","28460","1776642845467"
"7429","2026-04-19 20:54:15","26.55","50","943.94","3900","","","","","-106","5","28461","1776642855477"
"7430","2026-04-19 20:54:25","26.56","50","943.96","3900","","","","","-105","5","28462","1776642865494"
"7431","2026-04-19 20:54:35","26.56","50.5","943.9200000000001","3900","","","","","-108","2.799999952316284","28463","1776642875466"
"7432","2026-04-19 20:54:45","26.56","50","943.9200000000001","3900","","","","","-106","4.5","28464","1776642885490"
"7433","2026-04-19 20:54:55","26.57","50","943.9200000000001","3900","","","","","-104","6","28465","1776642895495"
"7434","2026-04-19 20:55:05","26.57","50","943.94","3900","","","","","-103","6.5","28466","1776642905466"
"7435","2026-04-19 20:55:15","26.56","50","943.9","3900","","","","","-104","6.5","28467","1776642915529"
"7436","2026-04-19 20:55:25","26.56","50","943.9200000000001","3900","","","","","-110","-0.800000011920929","28468","1776642925494"
"7437","2026-04-19 20:55:35","26.55","50","943.9200000000001","3900","","","","","-110","-0.30000001192092896","28469","1776642935476"
"7438","2026-04-19 20:55:45","26.55","50","943.94","3900","","","","","-107","3.299999952316284","28470","1776642945468"
"7439","2026-04-19 20:55:55","26.56","50.5","943.94","3900","","","","","-105","6","28471","1776642955493"
"7440","2026-04-19 20:56:05","26.56","50","943.98","3900","","","","","-105","5.300000190734863","28472","1776642965468"
"7441","2026-04-19 20:56:15","26.56","50","943.94","3900","","","","","-107","3","28473","1776642975466"
"7442","2026-04-19 20:56:25","26.56","50.5","943.96","3900","","","","","-107","3.799999952316284","28474","1776642985459"
"7443","2026-04-19 20:56:35","26.56","50.5","943.9200000000001","3900","","","","","-104","6.300000190734863","28475","1776642995473"
"7444","2026-04-19 20:56:45","26.56","50","943.94","3900","","","","","-104","5.5","28476","1776643005482"
"7445","2026-04-19 20:56:55","26.55","50","943.9","3900","","","","","-105","5.5","28477","1776643015486"
"7446","2026-04-19 20:57:05","26.54","50","943.96","3900","","","","","-105","5","28478","1776643025487"
"7447","2026-04-19 20:57:15","26.54","50.5","943.94","3900","","","","","-108","3","28479","1776643035500"
"7448","2026-04-19 20:57:25","26.54","50","943.96","3900","","","","","-106","4.800000190734863","28480","1776643045489"
"7449","2026-04-19 20:57:35","26.54","50.5","943.96","3900","","","","","-106","4.800000190734863","28481","1776643055496"
"7450","2026-04-19 20:57:45","26.55","50","943.98","3900","","","","","-107","3.5","28482","1776643065474"
"7451","2026-04-19 20:57:55","26.53","50.5","943.98","3880","","","","","-104","6","28483","1776643075461"
"7452","2026-04-19 20:58:05","26.53","50","943.96","3880","","","","","-104","6.300000190734863","28484","1776643085466"
"7453","2026-04-19 20:58:15","26.53","50.5","943.98","3900","","","","","-108","2.799999952316284","28485","1776643095465"
"7454","2026-04-19 20:58:25","26.51","50.5","943.96","3900","","","","","-106","4.800000190734863","28486","1776643105489"
"7455","2026-04-19 20:58:35","26.51","50.5","943.96","3900","","","","","-105","5.800000190734863","28487","1776643115497"
"7456","2026-04-19 20:58:45","26.52","50","943.96","3900","","","","","-105","5.5","28488","1776643125497"
"7457","2026-04-19 20:58:55","26.52","50.5","943.94","3900","","","","","-109","1","28489","1776643135487"
"7458","2026-04-19 20:59:05","26.53","50","943.94","3900","","","","","-108","2.799999952316284","28490","1776643145458"
"7459","2026-04-19 20:59:15","26.53","50.5","944","3880","","","","","-106","5.300000190734863","28491","1776643155487"
"7460","2026-04-19 20:59:25","26.53","50","943.96","3900","","","","","-103","7.300000190734863","28492","1776643165493"
"7461","2026-04-19 20:59:35","26.53","50","943.94","3900","","","","","-105","5.5","28493","1776643175493"
"7462","2026-04-19 20:59:45","26.53","50","943.96","3900","","","","","-105","6","28494","1776643185489"
"7463","2026-04-19 20:59:55","26.53","50","944","3900","","","","","-108","2.799999952316284","28495","1776643195487"
"7464","2026-04-19 21:00:05","26.52","50","943.98","3880","","","","","-104","6.300000190734863","28496","1776643205489"
"7465","2026-04-19 21:00:15","26.53","50","943.94","3880","","","","","-107","4.800000190734863","28497","1776643215497"
"7466","2026-04-19 21:00:25","26.52","50","943.9200000000001","3900","","","","","-103","6.800000190734863","28498","1776643225489"
"7467","2026-04-19 21:00:35","26.51","50.5","943.98","3880","","","","","-105","5.800000190734863","28499","1776643235474"
"7468","2026-04-19 21:00:45","26.52","50.5","943.96","3900","","","","","-103","6.800000190734863","28500","1776643245485"
"7469","2026-04-19 21:00:55","26.5","50","943.96","3900","","","","","-105","5.5","28501","1776643255457"
"7470","2026-04-19 21:01:05","26.51","50","943.94","3880","","","","","-106","5.5","28502","1776643265473"
"7471","2026-04-19 21:01:15","26.51","50","943.96","3900","","","","","-104","5.800000190734863","28503","1776643275494"
"7472","2026-04-19 21:01:25","26.52","50","943.96","3880","","","","","-109","1","28504","1776643285464"
"7473","2026-04-19 21:01:45","26.51","50","943.98","3880","","","","","-107","3.799999952316284","28506","1776643305462"
"7474","2026-04-19 21:01:55","26.52","50","943.96","3900","","","","","-106","5","28507","1776643315487"
"7475","2026-04-19 21:02:05","26.52","50.5","943.98","3900","","","","","-107","4.300000190734863","28508","1776643325490"
"7476","2026-04-19 21:02:15","26.53","50","944","3900","","","","","-109","1.5","28509","1776643335462"
"7477","2026-04-19 21:02:25","26.53","50","943.98","3880","","","","","-108","2.5","28510","1776643345489"
"7478","2026-04-19 21:02:35","26.53","50","943.94","3900","","","","","-104","6.5","28511","1776643355461"
"7479","2026-04-19 21:02:45","26.53","50","943.98","3880","","","","","-104","6.300000190734863","28512","1776643365463"
"7480","2026-04-19 21:02:55","26.53","50","943.94","3880","","","","","-105","6","28513","1776643375508"
"7481","2026-04-19 21:03:05","26.54","50.5","944","3880","","","","","-104","6.5","28514","1776643385471"
"7482","2026-04-19 21:03:15","26.55","50","943.96","3880","","","","","-106","5","28515","1776643395462"
"7483","2026-04-19 21:03:25","26.55","50","944","3880","","","","","-105","6","28516","1776643405457"
"7484","2026-04-19 21:03:35","26.57","50.5","943.98","3880","","","","","-108","3","28517","1776643415472"
"7485","2026-04-19 21:03:45","26.57","50.5","943.98","3880","","","","","-105","5.800000190734863","28518","1776643425463"
"7486","2026-04-19 21:03:55","26.57","50","944","3900","","","","","-107","3.299999952316284","28519","1776643435494"
"7487","2026-04-19 21:04:05","26.55","50","943.98","3880","","","","","-104","6.300000190734863","28520","1776643445465"
"7488","2026-04-19 21:04:15","26.54","50","944","3880","","","","","-103","7.300000190734863","28521","1776643455462"
"7489","2026-04-19 21:04:25","26.55","50","943.98","3880","","","","","-107","3.5","28522","1776643465499"
"7490","2026-04-19 21:04:35","26.54","50","944","3880","","","","","-109","1.7999999523162842","28523","1776643475485"
"7491","2026-04-19 21:04:45","26.53","50","944","3880","","","","","-106","4.800000190734863","28524","1776643485490"
"7492","2026-04-19 21:04:55","26.53","50.5","943.98","3880","","","","","-106","5","28525","1776643495495"
"7493","2026-04-19 21:05:05","26.54","50","944","3880","","","","","-104","6.300000190734863","28526","1776643505486"
"7494","2026-04-19 21:05:15","26.53","50","943.98","3900","","","","","-104","6.300000190734863","28527","1776643515488"
"7495","2026-04-19 21:05:25","26.54","50.5","944","3880","","","","","-105","5.800000190734863","28528","1776643525491"
"7496","2026-04-19 21:05:35","26.54","50.5","944","3880","","","","","-106","4.800000190734863","28529","1776643535462"
"7497","2026-04-19 21:05:45","26.53","50.5","943.98","3900","","","","","-105","5.300000190734863","28530","1776643545486"
"7498","2026-04-19 21:05:55","26.52","50","943.98","3880","","","","","-105","5.800000190734863","28531","1776643555487"
"7499","2026-04-19 21:06:05","26.53","50.5","944","3880","","","","","-105","5.800000190734863","28532","1776643565466"
"7500","2026-04-19 21:06:15","26.53","50","944","3880","","","","","-106","4.5","28533","1776643575466"
"7501","2026-04-19 21:06:25","26.52","50","944.02","3880","","","","","-103","7.5","28534","1776643585469"
"7502","2026-04-19 21:06:35","26.52","50","944.02","3880","","","","","-107","3.799999952316284","28535","1776643595465"
"7503","2026-04-19 21:06:45","26.52","50.5","944","3880","","","","","-105","6","28536","1776643605497"
"7504","2026-04-19 21:06:55","26.52","50.5","943.98","3880","","","","","-103","7.300000190734863","28537","1776643615491"
"7505","2026-04-19 21:07:05","26.52","50.5","944","3880","","","","","-109","2","28538","1776643625457"
"7506","2026-04-19 21:07:15","26.53","50.5","944.04","3880","","","","","-105","4","28539","1776643635493"
"7507","2026-04-19 21:07:25","26.53","50.5","944.02","3880","","","","","-105","5.800000190734863","28540","1776643645494"
"7508","2026-04-19 21:07:35","26.53","50","944","3880","","","","","-106","4.300000190734863","28541","1776643655466"
"7509","2026-04-19 21:07:45","26.54","50","944","3880","","","","","-105","6","28542","1776643665459"
"7510","2026-04-19 21:07:55","26.54","50","944","3880","","","","","-105","6","28543","1776643675485"
"7511","2026-04-19 21:08:05","26.54","50","944.04","3880","","","","","-105","5.800000190734863","28544","1776643685467"
"7512","2026-04-19 21:08:15","26.53","50.5","944.02","3880","","","","","-109","2.299999952316284","28545","1776643695461"
"7513","2026-04-19 21:08:25","26.52","50.5","944.02","3880","","","","","-103","7.800000190734863","28546","1776643705487"
"7514","2026-04-19 21:08:35","26.51","50","944.04","3880","","","","","-104","5.800000190734863","28547","1776643715470"
"7515","2026-04-19 21:08:45","26.49","50","944.04","3880","","","","","-102","8.300000190734863","28548","1776643725493"
"7516","2026-04-19 21:08:55","26.49","50","944.04","3880","","","","","-103","7","28549","1776643735456"
"7517","2026-04-19 21:09:05","26.49","50.5","944.02","3880","","","","","-105","5.5","28550","1776643745464"
"7518","2026-04-19 21:09:15","26.49","50.5","944.0600000000001","3880","","","","","-108","2.299999952316284","28551","1776643755466"
"7519","2026-04-19 21:09:25","26.48","50","944.04","3880","","","","","-109","0.800000011920929","28552","1776643765497"
"7520","2026-04-19 21:09:35","26.46","50.5","944.04","3880","","","","","-109","1","28553","1776643775492"
"7521","2026-04-19 21:09:45","26.46","50.5","944.0600000000001","3880","","","","","-106","4.800000190734863","28554","1776643785490"
"7522","2026-04-19 21:09:55","26.45","50","944.0600000000001","3880","","","","","-105","4.5","28555","1776643795488"
"7523","2026-04-19 21:10:05","26.46","50","944.04","3880","","","","","-105","5.300000190734863","28556","1776643805488"
"7524","2026-04-19 21:10:15","26.45","50.5","944.0600000000001","3880","","","","","-105","6.300000190734863","28557","1776643815462"
"7525","2026-04-19 21:10:25","26.45","50.5","944.08","3880","","","","","-105","4.300000190734863","28558","1776643825494"
"7526","2026-04-19 21:10:35","26.47","50.5","944.0600000000001","3880","","","","","-105","5","28559","1776643835494"
"7527","2026-04-19 21:10:45","26.47","50.5","944.04","3880","","","","","-103","6.800000190734863","28560","1776643845466"
"7528","2026-04-19 21:10:55","26.46","50.5","944.0600000000001","3880","","","","","-106","4.800000190734863","28561","1776643855464"
"7529","2026-04-19 21:11:05","26.46","50.5","944.0600000000001","3880","","","","","-105","5.5","28562","1776643865484"
"7530","2026-04-19 21:11:15","26.43","50.5","944.02","3880","","","","","-106","4.300000190734863","28563","1776643875496"
"7531","2026-04-19 21:11:25","26.43","50.5","944.04","3880","","","","","-108","3","28564","1776643885491"
"7532","2026-04-19 21:11:35","26.43","50.5","944.04","3880","","","","","-107","3","28565","1776643895482"
"7533","2026-04-19 21:11:45","26.43","50.5","944.04","3880","","","","","-107","3.799999952316284","28566","1776643905456"
"7534","2026-04-19 21:11:55","26.42","50.5","944.04","3880","","","","","-106","5","28567","1776643915486"
"7535","2026-04-19 21:12:05","26.43","50.5","944.04","3880","","","","","-104","6.300000190734863","28568","1776643925478"
"7536","2026-04-19 21:12:15","26.42","50.5","944.0600000000001","3880","","","","","-105","5.300000190734863","28569","1776643935493"
"7537","2026-04-19 21:12:25","26.43","50.5","944.04","3880","","","","","-106","5.300000190734863","28570","1776643945496"
"7538","2026-04-19 21:12:35","26.43","50.5","944.08","3880","","","","","-106","4.5","28571","1776643955470"
"7539","2026-04-19 21:12:45","26.43","50.5","944.0600000000001","3880","","","","","-104","5.800000190734863","28572","1776643965486"
"7540","2026-04-19 21:12:55","26.42","50.5","944.04","3880","","","","","-104","6","28573","1776643975488"
"7541","2026-04-19 21:13:05","26.41","50.5","944.02","3880","","","","","-104","6","28574","1776643985464"
"7542","2026-04-19 21:13:15","26.4","50.5","944.04","3880","","","","","-105","5.800000190734863","28575","1776643995459"
"7543","2026-04-19 21:13:25","26.4","50.5","944.0600000000001","3880","","","","","-108","2.5","28576","1776644005487"
"7544","2026-04-19 21:13:35","26.39","50.5","944.04","3880","","","","","-102","8","28577","1776644015466"
"7545","2026-04-19 21:13:45","26.39","51","944.02","3880","","","","","-106","5","28578","1776644025494"
"7546","2026-04-19 21:13:55","26.39","50.5","944.02","3880","","","","","-104","6","28579","1776644035497"
"7547","2026-04-19 21:14:05","26.38","50.5","944.0600000000001","3880","","","","","-106","4.800000190734863","28580","1776644045473"
"7548","2026-04-19 21:14:15","26.37","50.5","944.08","3880","","","","","-103","7.5","28581","1776644055466"
"7549","2026-04-19 21:14:25","26.38","50.5","944.04","3880","","","","","-105","5.800000190734863","28582","1776644065487"
"7550","2026-04-19 21:14:35","26.37","51","944.02","3880","","","","","-106","4.800000190734863","28583","1776644075470"
"7551","2026-04-19 21:14:45","26.38","50.5","944.04","3880","","","","","-104","6.800000190734863","28584","1776644085470"
"7552","2026-04-19 21:14:55","26.38","50.5","944.02","3880","","","","","-104","6.300000190734863","28585","1776644095486"
"7553","2026-04-19 21:15:05","26.37","50.5","944.02","3880","","","","","-106","5.300000190734863","28586","1776644105495"
"7554","2026-04-19 21:15:15","26.38","50.5","944.02","3880","","","","","-107","3.5","28587","1776644115496"
"7555","2026-04-19 21:15:25","26.38","50.5","944.02","3880","","","","","-105","6","28588","1776644125487"
"7556","2026-04-19 21:15:35","26.38","50.5","944.0600000000001","3880","","","","","-104","6.5","28589","1776644135486"
"7557","2026-04-19 21:15:45","26.4","50.5","944.08","3880","","","","","-104","6.800000190734863","28590","1776644145497"
"7558","2026-04-19 21:15:55","26.42","50.5","944.04","3880","","","","","-107","3.799999952316284","28591","1776644155495"
"7559","2026-04-19 21:16:05","26.43","50.5","944.0600000000001","3880","","","","","-104","6.800000190734863","28592","1776644165488"
"7560","2026-04-19 21:16:15","26.44","50.5","944.0600000000001","3880","","","","","-104","6.800000190734863","28593","1776644175461"
"7561","2026-04-19 21:16:25","26.45","50.5","944.0600000000001","3880","","","","","-106","4.300000190734863","28594","1776644185473"
"7562","2026-04-19 21:16:35","26.44","50.5","944.0600000000001","3880","","","","","-105","6.300000190734863","28595","1776644195484"
"7563","2026-04-19 21:16:45","26.45","50.5","944.08","3880","","","","","-106","4.5","28596","1776644205464"
"7564","2026-04-19 21:16:55","26.44","50.5","944.08","3880","","","","","-106","5.300000190734863","28597","1776644215496"
"7565","2026-04-19 21:17:05","26.42","50.5","944.0600000000001","3880","","","","","-110","0.800000011920929","28598","1776644225464"
"7566","2026-04-19 21:17:15","26.42","50.5","944.0600000000001","3880","","","","","-106","5","28599","1776644235455"
"7567","2026-04-19 21:17:25","26.42","50.5","944.08","3880","","","","","-106","4.800000190734863","28600","1776644245497"
"7568","2026-04-19 21:17:35","26.4","50.5","944.1","3880","","","","","-104","6.800000190734863","28601","1776644255454"
"7569","2026-04-19 21:17:45","26.4","50.5","944.12","3880","","","","","-106","4.800000190734863","28602","1776644265490"
"7570","2026-04-19 21:17:55","26.4","50.5","944.08","3880","","","","","-103","6.300000190734863","28603","1776644275495"
"7571","2026-04-19 21:18:05","26.4","51","944.12","3880","","","","","-106","4.800000190734863","28604","1776644285482"
"7572","2026-04-19 21:18:15","26.39","50.5","944.12","3880","","","","","-106","5.300000190734863","28605","1776644295487"
"7573","2026-04-19 21:18:25","26.37","50.5","944.12","3880","","","","","-107","3.299999952316284","28606","1776644305489"
"7574","2026-04-19 21:18:35","26.35","50.5","944.1","3880","","","","","-104","6.800000190734863","28607","1776644315495"
"7575","2026-04-19 21:18:45","26.34","50.5","944.08","3880","","","","","-106","4.800000190734863","28608","1776644325477"
"7576","2026-04-19 21:18:55","26.33","51","944.1","3880","","","","","-107","3.799999952316284","28609","1776644335483"
"7577","2026-04-19 21:19:05","26.32","51","944.12","3880","","","","","-105","5.5","28610","1776644345469"
"7578","2026-04-19 21:19:15","26.32","50.5","944.1","3880","","","","","-107","3.799999952316284","28611","1776644355472"
"7579","2026-04-19 21:19:25","26.32","51","944.14","3880","","","","","-109","2","28612","1776644365494"
"7580","2026-04-19 21:19:35","26.32","51","944.1","3880","","","","","-105","5.800000190734863","28613","1776644375498"
"7581","2026-04-19 21:19:45","26.31","51","944.12","3880","","","","","-108","2.5","28614","1776644385464"
"7582","2026-04-19 21:19:55","26.31","51","944.16","3880","","","","","-110","0","28615","1776644395487"
"7583","2026-04-19 21:20:05","26.31","50.5","944.12","3880","","","","","-107","4.300000190734863","28616","1776644405489"
"7584","2026-04-19 21:20:15","26.29","51","944.14","3880","","","","","-106","5.300000190734863","28617","1776644415473"
"7585","2026-04-19 21:20:25","26.29","51","944.14","3880","","","","","-107","4.300000190734863","28618","1776644425495"
"7586","2026-04-19 21:20:35","26.29","51","944.14","3880","","","","","-107","4","28619","1776644435463"
"7587","2026-04-19 21:20:45","26.29","51","944.1","3880","","","","","-109","0.30000001192092896","28620","1776644445495"
"7588","2026-04-19 21:20:55","26.31","51","944.14","3880","","","","","-110","-1","28621","1776644455487"
"7589","2026-04-19 21:21:05","26.32","51","944.12","3880","","","","","-105","5.800000190734863","28622","1776644465470"
"7590","2026-04-19 21:21:15","26.32","51","944.14","3880","","","","","-106","5.300000190734863","28623","1776644475464"
"7591","2026-04-19 21:21:25","26.32","51","944.1800000000001","3880","","","","","-105","6","28624","1776644485487"
"7592","2026-04-19 21:21:35","26.33","51","944.16","3880","","","","","-103","7","28625","1776644495458"
"7593","2026-04-19 21:21:45","26.34","51","944.1800000000001","3880","","","","","-104","6","28626","1776644505459"
"7594","2026-04-19 21:21:55","26.34","51","944.16","3880","","","","","-104","6.300000190734863","28627","1776644515466"
"7595","2026-04-19 21:22:05","26.33","51","944.14","3880","","","","","-104","6","28628","1776644525460"
"7596","2026-04-19 21:22:15","26.32","51","944.16","3880","","","","","-103","6.800000190734863","28629","1776644535477"
"7597","2026-04-19 21:22:25","26.31","51","944.16","3880","","","","","-106","5.300000190734863","28630","1776644545490"
"7598","2026-04-19 21:22:35","26.29","51","944.16","3880","","","","","-106","4.5","28631","1776644555484"
"7599","2026-04-19 21:22:45","26.28","51","944.14","3880","","","","","-106","4.5","28632","1776644565462"
"7600","2026-04-19 21:22:55","26.27","51","944.14","3880","","","","","-105","5.300000190734863","28633","1776644575490"
"7601","2026-04-19 21:23:05","26.29","51","944.14","3880","","","","","-105","5","28634","1776644585459"
"7602","2026-04-19 21:23:15","26.3","51","944.12","3880","","","","","-105","5.800000190734863","28635","1776644595471"
"7603","2026-04-19 21:23:25","26.31","51","944.14","3880","","","","","-106","4.800000190734863","28636","1776644605486"
"7604","2026-04-19 21:23:35","26.32","51","944.16","3880","","","","","-106","4.800000190734863","28637","1776644615464"
"7605","2026-04-19 21:23:45","26.32","51","944.1800000000001","3880","","","","","-108","3.299999952316284","28638","1776644625476"
"7606","2026-04-19 21:23:55","26.33","51","944.14","3880","","","","","-109","0.5","28639","1776644635488"
"7607","2026-04-19 21:24:05","26.33","51","944.16","3880","","","","","-105","5.5","28640","1776644645460"
"7608","2026-04-19 21:24:15","26.32","51","944.12","3880","","","","","-106","4.300000190734863","28641","1776644655462"
"7609","2026-04-19 21:24:25","26.33","51","944.12","3960","","","","","-109","2","28642","1776644665489"
"7610","2026-04-19 21:24:35","26.34","51","944.12","3960","","","","","-109","0.30000001192092896","28643","1776644675467"
"7611","2026-04-19 21:24:45","26.33","51","944.1","3960","","","","","-105","6","28644","1776644685458"
"7612","2026-04-19 21:24:55","26.32","51","944.12","3960","","","","","-108","2.299999952316284","28645","1776644695498"
"7613","2026-04-19 21:25:05","26.31","51","944.12","3960","","","","","-106","5","28646","1776644705469"
"7614","2026-04-19 21:25:15","26.3","51","944.14","3940","","","","","-112","-3.799999952316284","28647","1776644715463"
"7615","2026-04-19 21:25:25","26.28","51","944.1","3960","","","","","-111","-1.5","28648","1776644725485"
"7616","2026-04-19 21:25:35","26.28","51","944.08","3960","","","","","-106","4.800000190734863","28649","1776644735461"
"7617","2026-04-19 21:25:45","26.29","51","944.1","3960","","","","","-106","5","28650","1776644745509"
"7618","2026-04-19 21:25:55","26.28","51","944.12","3960","","","","","-105","5.300000190734863","28651","1776644755483"
"7619","2026-04-19 21:26:05","26.29","51","944.08","3960","","","","","-106","4.5","28652","1776644765461"
"7620","2026-04-19 21:26:15","26.3","51","944.1","3960","","","","","-106","5.800000190734863","28653","1776644775534"
"7621","2026-04-19 21:26:25","26.32","51","944.14","3960","","","","","-105","5.800000190734863","28654","1776644785486"
"7622","2026-04-19 21:26:35","26.32","51","944.12","3960","","","","","-105","5","28655","1776644795484"
"7623","2026-04-19 21:26:45","26.33","51","944.1","3960","","","","","-107","3.799999952316284","28656","1776644805485"
"7624","2026-04-19 21:26:55","26.35","50.5","944.14","3960","","","","","-105","5.300000190734863","28657","1776644815493"
"7625","2026-04-19 21:27:05","26.35","51","944.12","3960","","","","","-109","1.5","28658","1776644825469"
"7626","2026-04-19 21:27:15","26.35","51","944.12","3960","","","","","-110","0","28659","1776644835475"
"7627","2026-04-19 21:27:25","26.36","51","944.14","3960","","","","","-110","-1","28660","1776644845491"
"7628","2026-04-19 21:27:35","26.36","51","944.12","3960","","","","","-106","4","28661","1776644855492"
"7629","2026-04-19 21:27:45","26.36","51","944.12","3960","","","","","-105","5.800000190734863","28662","1776644865456"
"7630","2026-04-19 21:27:55","26.36","51","944.16","3960","","","","","-105","5.5","28663","1776644875492"
"7631","2026-04-19 21:28:05","26.37","50.5","944.12","3960","","","","","-106","4.800000190734863","28664","1776644885471"
"7632","2026-04-19 21:28:15","26.36","51","944.12","3960","","","","","-105","5.800000190734863","28665","1776644895481"
"7633","2026-04-19 21:28:25","26.36","51","944.12","3960","","","","","-105","5","28666","1776644905490"
"7634","2026-04-19 21:28:35","26.36","50.5","944.14","3960","","","","","-108","2.799999952316284","28667","1776644915458"
"7635","2026-04-19 21:28:45","26.37","51","944.12","3960","","","","","-111","-1.7999999523162842","28668","1776644925463"
"7636","2026-04-19 21:28:55","26.39","51","944.12","3960","","","","","-108","1","28669","1776644935497"
"7637","2026-04-19 21:29:05","26.39","51","944.12","3960","","","","","-103","6.5","28670","1776644945467"
"7638","2026-04-19 21:29:15","26.39","51","944.14","3960","","","","","-104","6.800000190734863","28671","1776644955463"
"7639","2026-04-19 21:29:25","26.39","51","944.14","3960","","","","","-106","5.300000190734863","28672","1776644965487"
"7640","2026-04-19 21:29:35","26.39","51","944.12","3920","","","","","-104","6.800000190734863","28673","1776644975459"
"7641","2026-04-19 21:29:45","26.38","51","944.14","3920","","","","","-106","4.800000190734863","28674","1776644985458"
"7642","2026-04-19 21:29:55","26.37","51","944.12","3920","","","","","-106","4.800000190734863","28675","1776644995482"
"7643","2026-04-19 21:30:05","26.38","50.5","944.14","3920","","","","","-104","6.800000190734863","28676","1776645005455"
"7644","2026-04-19 21:30:15","26.37","51","944.16","3920","","","","","-105","5.5","28677","1776645015489"
"7645","2026-04-19 21:30:25","26.38","51","944.16","3920","","","","","-105","5.800000190734863","28678","1776645025487"
"7646","2026-04-19 21:30:35","26.39","50.5","944.14","3920","","","","","-106","4.800000190734863","28679","1776645035492"
"7647","2026-04-19 21:30:45","26.4","51","944.16","3920","","","","","-103","6.800000190734863","28680","1776645045485"
"7648","2026-04-19 21:30:55","26.41","51","944.14","3920","","","","","-104","6.800000190734863","28681","1776645055492"
"7649","2026-04-19 21:31:05","26.41","51","944.16","3920","","","","","-108","3","28682","1776645065487"
"7650","2026-04-19 21:31:15","26.42","51","944.14","3920","","","","","-107","3.5","28683","1776645075490"
"7651","2026-04-19 21:31:25","26.4","51","944.14","3920","","","","","-107","3.799999952316284","28684","1776645085495"
"7652","2026-04-19 21:31:35","26.39","50.5","944.14","3920","","","","","-105","5.5","28685","1776645095454"
"7653","2026-04-19 21:31:45","26.38","51","944.16","3920","","","","","-105","5.300000190734863","28686","1776645105452"
"7654","2026-04-19 21:31:55","26.37","51","944.14","3920","","","","","-107","4.5","28687","1776645115454"
"7655","2026-04-19 21:32:05","26.36","50.5","944.14","3900","","","","","-105","6","28688","1776645125485"
"7656","2026-04-19 21:32:15","26.37","50.5","944.14","3900","","","","","-107","3.799999952316284","28689","1776645135481"
"7657","2026-04-19 21:32:25","26.37","51","944.14","3900","","","","","-106","4.800000190734863","28690","1776645145488"
"7658","2026-04-19 21:32:35","26.36","51","944.14","3900","","","","","-106","5","28691","1776645155463"
"7659","2026-04-19 21:32:45","26.35","51","944.16","3900","","","","","-105","6","28692","1776645165471"
"7660","2026-04-19 21:32:55","26.36","51","944.16","3900","","","","","-105","5.800000190734863","28693","1776645175454"
"7661","2026-04-19 21:33:05","26.36","51","944.14","3900","","","","","-106","4.5","28694","1776645185485"
"7662","2026-04-19 21:33:15","26.36","51","944.12","3900","","","","","-109","0.800000011920929","28695","1776645195473"
"7663","2026-04-19 21:33:25","26.35","51","944.16","3900","","","","","-107","3.5","28696","1776645205482"
"7664","2026-04-19 21:33:35","26.34","51","944.14","3900","","","","","-108","2.299999952316284","28697","1776645215462"
"7665","2026-04-19 21:33:45","26.32","51","944.16","3900","","","","","-106","4.300000190734863","28698","1776645225491"
"7666","2026-04-19 21:33:55","26.32","51","944.16","3900","","","","","-104","5.800000190734863","28699","1776645235491"
"7667","2026-04-19 21:34:05","26.33","51","944.14","3900","","","","","-105","6","28700","1776645245468"
"7668","2026-04-19 21:34:15","26.34","51","944.2","3900","","","","","-108","3","28701","1776645255473"
"7669","2026-04-19 21:34:25","26.35","51","944.16","3900","","","","","-105","5.800000190734863","28702","1776645265495"
"7670","2026-04-19 21:34:35","26.35","51","944.16","3900","","","","","-105","5.800000190734863","28703","1776645275461"
"7671","2026-04-19 21:34:45","26.35","51","944.14","3900","","","","","-108","3","28704","1776645285459"
"7672","2026-04-19 21:35:05","26.36","51","944.2","3900","","","","","-105","5.5","28706","1776645305491"
"7673","2026-04-19 21:35:15","26.36","51","944.1800000000001","3900","","","","","-105","6","28707","1776645315464"
"7674","2026-04-19 21:35:25","26.34","51","944.16","3900","","","","","-105","5.300000190734863","28708","1776645325488"
"7675","2026-04-19 21:35:35","26.34","51","944.1800000000001","3900","","","","","-105","6.300000190734863","28709","1776645335488"
"7676","2026-04-19 21:35:45","26.33","51","944.16","3900","","","","","-104","6.800000190734863","28710","1776645345463"
"7677","2026-04-19 21:35:55","26.33","51","944.16","3900","","","","","-104","6","28711","1776645355488"
"7678","2026-04-19 21:36:05","26.32","51","944.14","3900","","","","","-105","5.800000190734863","28712","1776645365462"
"7679","2026-04-19 21:36:15","26.32","51","944.16","3900","","","","","-106","5","28713","1776645375490"
"7680","2026-04-19 21:36:25","26.33","51","944.16","3900","","","","","-105","5.5","28714","1776645385482"
"7681","2026-04-19 21:36:35","26.32","51","944.1800000000001","3900","","","","","-111","-1.2999999523162842","28715","1776645395504"
"7682","2026-04-19 21:36:45","26.33","51","944.1800000000001","3900","","","","","-110","-0.30000001192092896","28716","1776645405492"
"7683","2026-04-19 21:36:55","26.34","51","944.1800000000001","3900","","","","","-110","0.800000011920929","28717","1776645415486"
"7684","2026-04-19 21:37:05","26.34","51","944.2","3900","","","","","-103","6.800000190734863","28718","1776645425470"
"7685","2026-04-19 21:37:15","26.35","51","944.16","3900","","","","","-105","5.800000190734863","28719","1776645435460"
"7686","2026-04-19 21:37:25","26.34","51","944.1800000000001","3900","","","","","-104","6","28720","1776645445537"
"7687","2026-04-19 21:37:35","26.32","51","944.1800000000001","3900","","","","","-105","5.300000190734863","28721","1776645455463"
"7688","2026-04-19 21:37:45","26.31","51","944.2","3900","","","","","-104","6.300000190734863","28722","1776645465467"
"7689","2026-04-19 21:37:55","26.31","51","944.1800000000001","3900","","","","","-105","5.5","28723","1776645475488"
"7690","2026-04-19 21:38:05","26.31","51","944.16","3900","","","","","-104","5.800000190734863","28724","1776645485459"
"7691","2026-04-19 21:38:15","26.31","51","944.1800000000001","3900","","","","","-109","1.5","28725","1776645495464"
"7692","2026-04-19 21:38:25","26.29","51","944.2","3900","","","","","-106","4.300000190734863","28726","1776645505489"
"7693","2026-04-19 21:38:35","26.28","51","944.2","3900","","","","","-105","5.5","28727","1776645515454"
"7694","2026-04-19 21:38:45","26.29","51","944.1800000000001","3900","","","","","-106","3.799999952316284","28728","1776645525455"
"7695","2026-04-19 21:38:55","26.28","51","944.2","3900","","","","","-105","5.800000190734863","28729","1776645535489"
"7696","2026-04-19 21:39:05","26.3","51","944.22","3900","","","","","-106","4.5","28730","1776645545451"
"7697","2026-04-19 21:39:15","26.31","51","944.2","3900","","","","","-105","6","28731","1776645555474"
"7698","2026-04-19 21:39:25","26.32","51","944.16","3900","","","","","-106","5","28732","1776645565487"
"7699","2026-04-19 21:39:35","26.3","51","944.2","3900","","","","","-109","1.2999999523162842","28733","1776645575464"
"7700","2026-04-19 21:39:45","26.29","51","944.1800000000001","3900","","","","","-106","4.5","28734","1776645585461"
"7701","2026-04-19 21:39:55","26.28","51","944.16","3900","","","","","-106","4.5","28735","1776645595487"
"7702","2026-04-19 21:40:05","26.29","51.5","944.1800000000001","3900","","","","","-113","-7.800000190734863","28736","1776645605485"
"7703","2026-04-19 21:40:15","26.3","51","944.22","3900","","","","","-106","4.800000190734863","28737","1776645615461"
"7704","2026-04-19 21:40:25","26.31","51","944.2","3900","","","","","-111","-2.5","28738","1776645625488"
"7705","2026-04-19 21:40:35","26.31","51","944.2","3900","","","","","-108","2.299999952316284","28739","1776645635465"
"7706","2026-04-19 21:40:55","26.32","51","944.1800000000001","3900","","","","","-107","4","28741","1776645655454"
"7707","2026-04-19 21:41:05","26.33","51.5","944.2","3900","","","","","-108","2.5","28742","1776645665491"
"7708","2026-04-19 21:41:15","26.35","51","944.1800000000001","3880","","","","","-106","4.5","28743","1776645675480"
"7709","2026-04-19 21:41:25","26.34","51","944.22","3900","","","","","-108","2.799999952316284","28744","1776645685488"
"7710","2026-04-19 21:41:35","26.35","51.5","944.1800000000001","3900","","","","","-106","4.800000190734863","28745","1776645695467"
"7711","2026-04-19 21:41:45","26.33","51","944.22","3900","","","","","-105","5.5","28746","1776645705458"
"7712","2026-04-19 21:41:55","26.32","51","944.22","3900","","","","","-104","4.800000190734863","28747","1776645715483"
"7713","2026-04-19 21:42:05","26.34","51","944.24","3900","","","","","-108","2.299999952316284","28748","1776645725463"
"7714","2026-04-19 21:42:15","26.33","51","944.2","3880","","","","","-105","5.300000190734863","28749","1776645735489"
"7715","2026-04-19 21:42:25","26.32","51","944.2","3900","","","","","-104","6.300000190734863","28750","1776645745485"
"7716","2026-04-19 21:42:35","26.33","51","944.2","3880","","","","","-106","5","28751","1776645755458"
"7717","2026-04-19 21:42:45","26.34","51","944.2","3900","","","","","-106","5","28752","1776645765484"
"7718","2026-04-19 21:42:55","26.34","51","944.2","3900","","","","","-107","3.799999952316284","28753","1776645775492"
"7719","2026-04-19 21:43:05","26.35","51","944.2","3900","","","","","-105","5.5","28754","1776645785469"
"7720","2026-04-19 21:43:15","26.33","51","944.22","3880","","","","","-109","0.5","28755","1776645795464"
"7721","2026-04-19 21:43:25","26.31","51","944.2","3900","","","","","-105","5.300000190734863","28756","1776645805483"
"7722","2026-04-19 21:43:35","26.3","51","944.2","3900","","","","","-105","5.800000190734863","28757","1776645815459"
"7723","2026-04-19 21:43:45","26.31","51.5","944.22","3900","","","","","-106","4.5","28758","1776645825493"
"7724","2026-04-19 21:43:55","26.31","51.5","944.22","3900","","","","","-107","4.300000190734863","28759","1776645835492"
"7725","2026-04-19 21:44:05","26.32","51","944.22","3900","","","","","-105","5.300000190734863","28760","1776645845490"
"7726","2026-04-19 21:44:15","26.32","51","944.22","3900","","","","","-105","4.5","28761","1776645855482"
"7727","2026-04-19 21:44:25","26.31","51.5","944.22","3880","","","","","-104","6","28762","1776645865485"
"7728","2026-04-19 21:44:35","26.33","51","944.22","3900","","","","","-105","5.800000190734863","28763","1776645875483"
"7729","2026-04-19 21:44:45","26.33","51.5","944.24","3880","","","","","-108","2.5","28764","1776645885488"
"7730","2026-04-19 21:44:55","26.34","51","944.22","3900","","","","","-106","4.5","28765","1776645895488"
"7731","2026-04-19 21:45:05","26.36","51.5","944.24","3900","","","","","-105","5.800000190734863","28766","1776645905461"
"7732","2026-04-19 21:45:25","26.37","51","944.24","3900","","","","","-106","4.800000190734863","28768","1776645925485"
"7733","2026-04-19 21:45:35","26.36","51","944.24","3880","","","","","-107","3.799999952316284","28769","1776645935451"
"7734","2026-04-19 21:45:45","26.36","51","944.24","3880","","","","","-105","6","28770","1776645945492"
"7735","2026-04-19 21:45:55","26.35","51","944.2","3900","","","","","-105","5.5","28771","1776645955492"
"7736","2026-04-19 21:46:05","26.36","51","944.26","3880","","","","","-105","5.5","28772","1776645965452"
"7737","2026-04-19 21:46:15","26.36","51","944.24","3900","","","","","-105","5.300000190734863","28773","1776645975481"
"7738","2026-04-19 21:46:25","26.35","51","944.26","3900","","","","","-104","5.800000190734863","28774","1776645985483"
"7739","2026-04-19 21:46:35","26.35","51","944.26","3900","","","","","-105","5.300000190734863","28775","1776645995453"
"7740","2026-04-19 21:46:45","26.33","51","944.24","3880","","","","","-105","6","28776","1776646005489"
"7741","2026-04-19 21:46:55","26.31","51","944.24","3880","","","","","-104","6.300000190734863","28777","1776646015480"
"7742","2026-04-19 21:47:05","26.3","51","944.26","3880","","","","","-104","6.300000190734863","28778","1776646025484"
"7743","2026-04-19 21:47:15","26.31","51","944.26","3880","","","","","-104","6.300000190734863","28779","1776646035482"
"7744","2026-04-19 21:47:25","26.31","51.5","944.28","3900","","","","","-105","5.5","28780","1776646045481"
"7745","2026-04-19 21:47:35","26.27","51.5","944.26","3880","","","","","-109","1","28781","1776646055508"
"7746","2026-04-19 21:47:45","26.27","51","944.26","3880","","","","","-105","5.300000190734863","28782","1776646065492"
"7747","2026-04-19 21:47:55","26.27","51.5","944.24","3900","","","","","-103","6.800000190734863","28783","1776646075461"
"7748","2026-04-19 21:48:05","26.27","51.5","944.26","3880","","","","","-104","5.800000190734863","28784","1776646085499"
"7749","2026-04-19 21:48:15","26.27","51","944.24","3880","","","","","-109","1.5","28785","1776646095468"
"7750","2026-04-19 21:48:25","26.27","51.5","944.26","3880","","","","","-105","5.800000190734863","28786","1776646105493"
"7751","2026-04-19 21:48:35","26.27","51","944.26","3900","","","","","-104","6.5","28787","1776646115491"
"7752","2026-04-19 21:48:45","26.28","51.5","944.28","3880","","","","","-103","7.800000190734863","28788","1776646125460"
"7753","2026-04-19 21:48:55","26.3","51","944.26","3880","","","","","-104","6.5","28789","1776646135484"
"7754","2026-04-19 21:49:05","26.3","51.5","944.24","3900","","","","","-109","1.2999999523162842","28790","1776646145457"
"7755","2026-04-19 21:49:15","26.29","51.5","944.26","3880","","","","","-107","3.299999952316284","28791","1776646155515"
"7756","2026-04-19 21:49:25","26.29","51","944.26","3880","","","","","-104","6","28792","1776646165488"
"7757","2026-04-19 21:49:35","26.31","51.5","944.26","3880","","","","","-106","4.5","28793","1776646175460"
"7758","2026-04-19 21:49:45","26.31","51","944.28","3880","","","","","-108","3","28794","1776646185526"
"7759","2026-04-19 21:49:55","26.32","51","944.3000000000001","3880","","","","","-105","5","28795","1776646195489"
"7760","2026-04-19 21:50:05","26.31","51.5","944.26","3900","","","","","-109","0.30000001192092896","28796","1776646205460"
"7761","2026-04-19 21:50:15","26.32","51.5","944.28","3880","","","","","-108","3","28797","1776646215461"
"7762","2026-04-19 21:50:25","26.32","51.5","944.24","3880","","","","","-106","5.300000190734863","28798","1776646225479"
"7763","2026-04-19 21:50:35","26.32","51","944.28","3880","","","","","-107","4","28799","1776646235486"
"7764","2026-04-19 21:50:45","26.34","51","944.28","3880","","","","","-105","6","28800","1776646245459"
"7765","2026-04-19 21:50:55","26.33","51","944.28","3880","","","","","-102","8.300000190734863","28801","1776646255485"
"7766","2026-04-19 21:51:05","26.34","51","944.26","3880","","","","","-110","-1.2999999523162842","28802","1776646265483"
"7767","2026-04-19 21:51:15","26.33","51","944.26","3900","","","","","-106","4.300000190734863","28803","1776646275452"
"7768","2026-04-19 21:51:25","26.33","51.5","944.28","3880","","","","","-105","5.5","28804","1776646285451"
"7769","2026-04-19 21:51:35","26.33","51.5","944.26","3880","","","","","-106","4.300000190734863","28805","1776646295482"
"7770","2026-04-19 21:51:45","26.33","51","944.24","3880","","","","","-109","1.2999999523162842","28806","1776646305455"
"7771","2026-04-19 21:51:55","26.34","51.5","944.26","3880","","","","","-110","-1.2999999523162842","28807","1776646315483"
"7772","2026-04-19 21:52:05","26.32","51","944.3000000000001","3880","","","","","-109","1","28808","1776646325483"
"7773","2026-04-19 21:52:15","26.32","51","944.28","3880","","","","","-105","5.800000190734863","28809","1776646335453"
"7774","2026-04-19 21:52:25","26.3","51.5","944.28","3880","","","","","-103","7.300000190734863","28810","1776646345493"
"7775","2026-04-19 21:52:35","26.28","51.5","944.26","3880","","","","","-108","2.799999952316284","28811","1776646355455"
"7776","2026-04-19 21:52:45","26.27","51.5","944.24","3880","","","","","-105","6.300000190734863","28812","1776646365451"
"7777","2026-04-19 21:52:55","26.26","51.5","944.22","3880","","","","","-106","5","28813","1776646375496"
"7778","2026-04-19 21:53:05","26.26","51.5","944.26","3880","","","","","-111","-2.299999952316284","28814","1776646385450"
"7779","2026-04-19 21:53:15","26.25","51","944.26","3880","","","","","-104","6","28815","1776646395460"
"7780","2026-04-19 21:53:25","26.26","51.5","944.26","3880","","","","","-107","3.5","28816","1776646405470"
"7781","2026-04-19 21:53:35","26.28","51.5","944.3000000000001","3880","","","","","-108","3.5","28817","1776646415458"
"7782","2026-04-19 21:53:45","26.3","51","944.28","3880","","","","","-106","5.5","28818","1776646425461"
"7783","2026-04-19 21:53:55","26.31","51","944.28","3880","","","","","-106","5","28819","1776646435492"
"7784","2026-04-19 21:54:05","26.32","51","944.26","3880","","","","","-104","6","28820","1776646445483"
"7785","2026-04-19 21:54:15","26.32","51.5","944.28","3880","","","","","-102","8","28821","1776646455459"
"7786","2026-04-19 21:54:25","26.32","51","944.24","3880","","","","","-109","0","28822","1776646465489"
"7787","2026-04-19 21:54:35","26.32","51.5","944.26","3880","","","","","-105","6","28823","1776646475466"
"7788","2026-04-19 21:54:45","26.32","51","944.22","3880","","","","","-106","5","28824","1776646485456"
"7789","2026-04-19 21:54:55","26.32","51","944.26","3880","","","","","-106","3","28825","1776646495488"
"7790","2026-04-19 21:55:15","26.31","51","944.32","3880","","","","","-105","5.800000190734863","28827","1776646515454"
"7791","2026-04-19 21:55:25","26.3","51.5","944.24","3880","","","","","-109","0.800000011920929","28828","1776646525484"
"7792","2026-04-19 21:55:35","26.3","51.5","944.26","3880","","","","","-105","5.300000190734863","28829","1776646535456"
"7793","2026-04-19 21:55:45","26.32","51.5","944.24","3880","","","","","-109","1.5","28830","1776646545460"
"7794","2026-04-19 21:55:55","26.32","51.5","944.22","3880","","","","","-111","-2.5","28831","1776646555483"
"7795","2026-04-19 21:56:05","26.31","51.5","944.24","3880","","","","","-112","-3.799999952316284","28832","1776646565472"
"7796","2026-04-19 21:56:15","26.31","51.5","944.26","3880","","","","","-107","3.299999952316284","28833","1776646575489"
"7797","2026-04-19 21:56:25","26.3","51.5","944.26","3880","","","","","-106","5.300000190734863","28834","1776646585483"
"7798","2026-04-19 21:56:35","26.31","51.5","944.26","3880","","","","","-111","-2.299999952316284","28835","1776646595481"
"7799","2026-04-19 21:56:45","26.32","51.5","944.22","3880","","","","","-106","4.800000190734863","28836","1776646605499"
"7800","2026-04-19 21:56:55","26.33","51","944.3000000000001","3880","","","","","-106","4.800000190734863","28837","1776646615479"
"7801","2026-04-19 21:57:05","26.32","51.5","944.26","3880","","","","","-105","5.5","28838","1776646625462"
"7802","2026-04-19 21:57:15","26.31","51.5","944.24","3880","","","","","-106","4.5","28839","1776646635452"
"7803","2026-04-19 21:57:25","26.3","51.5","944.26","3880","","","","","-108","2.299999952316284","28840","1776646645484"
"7804","2026-04-19 21:57:35","26.3","51.5","944.28","3880","","","","","-107","4.300000190734863","28841","1776646655457"
"7805","2026-04-19 21:57:45","26.29","51.5","944.24","3880","","","","","-106","4.5","28842","1776646665469"
"7806","2026-04-19 21:57:55","26.29","51.5","944.24","3880","","","","","-109","1.5","28843","1776646675452"
"7807","2026-04-19 21:58:05","26.27","51.5","944.26","3880","","","","","-109","1","28844","1776646685454"
"7808","2026-04-19 21:58:15","26.27","51.5","944.24","3880","","","","","-108","2.299999952316284","28845","1776646695458"
"7809","2026-04-19 21:58:25","26.26","51.5","944.22","3880","","","","","-107","3.799999952316284","28846","1776646705480"
"7810","2026-04-19 21:58:35","26.26","51.5","944.26","3880","","","","","-110","-1.2999999523162842","28847","1776646715483"
"7811","2026-04-19 21:58:45","26.27","51.5","944.22","3880","","","","","-110","-0.30000001192092896","28848","1776646725497"
"7812","2026-04-19 21:58:55","26.28","51","944.24","3880","","","","","-105","5.800000190734863","28849","1776646735490"
"7813","2026-04-19 21:59:05","26.27","51.5","944.26","3880","","","","","-104","6.5","28850","1776646745450"
"7814","2026-04-19 21:59:15","26.26","51.5","944.2","3880","","","","","-106","4.800000190734863","28851","1776646755451"
"7815","2026-04-19 21:59:25","26.26","51.5","944.22","3880","","","","","-102","8","28852","1776646765484"
"7816","2026-04-19 21:59:35","26.26","51.5","944.24","3880","","","","","-108","2.5","28853","1776646775456"
"7817","2026-04-19 21:59:45","26.25","51.5","944.24","3880","","","","","-104","6.800000190734863","28854","1776646785463"
"7818","2026-04-19 21:59:55","26.24","51.5","944.2","3880","","","","","-103","7.800000190734863","28855","1776646795491"
"7819","2026-04-19 22:00:05","26.24","51.5","944.26","3880","","","","","-107","3","28856","1776646805481"
"7820","2026-04-19 22:00:15","26.24","51.5","944.28","3880","","","","","-107","3.299999952316284","28857","1776646815456"
"7821","2026-04-19 22:00:25","26.24","51.5","944.24","3880","","","","","-110","-0.800000011920929","28858","1776646825491"
"7822","2026-04-19 22:00:35","26.23","51.5","944.2","3880","","","","","-107","3.299999952316284","28859","1776646835485"
"7823","2026-04-19 22:00:45","26.24","52","944.24","3880","","","","","-102","7.800000190734863","28860","1776646845486"
"7824","2026-04-19 22:00:55","26.24","51.5","944.28","3880","","","","","-107","4","28861","1776646855488"
"7825","2026-04-19 22:01:15","26.23","51.5","944.22","3880","","","","","-103","7.300000190734863","28863","1776646875453"
"7826","2026-04-19 22:01:25","26.23","51.5","944.24","3880","","","","","-108","2","28864","1776646885478"
"7827","2026-04-19 22:01:35","26.24","51.5","944.24","3880","","","","","-109","0.5","28865","1776646895483"
"7828","2026-04-19 22:01:45","26.23","51.5","944.3000000000001","3880","","","","","-110","-1","28866","1776646905459"
"7829","2026-04-19 22:01:55","26.23","51.5","944.24","3880","","","","","-106","5.300000190734863","28867","1776646915485"
"7830","2026-04-19 22:02:05","26.23","52","944.24","3880","","","","","-104","6.300000190734863","28868","1776646925491"
"7831","2026-04-19 22:02:15","26.23","51.5","944.26","3880","","","","","-106","5.300000190734863","28869","1776646935483"
"7832","2026-04-19 22:02:25","26.21","51.5","944.26","3880","","","","","-108","2.5","28870","1776646945488"
"7833","2026-04-19 22:02:35","26.21","51.5","944.26","3880","","","","","-106","5","28871","1776646955455"
"7834","2026-04-19 22:02:45","26.22","51.5","944.26","3880","","","","","-107","4.300000190734863","28872","1776646965459"
"7835","2026-04-19 22:02:55","26.22","52","944.28","3880","","","","","-109","0.30000001192092896","28873","1776646975486"
"7836","2026-04-19 22:03:05","26.21","51.5","944.26","3880","","","","","-109","2","28874","1776646985455"
"7837","2026-04-19 22:03:15","26.22","51.5","944.26","3880","","","","","-105","5.5","28875","1776646995454"
"7838","2026-04-19 22:03:25","26.22","51.5","944.28","3880","","","","","-107","3.5","28876","1776647005486"
"7839","2026-04-19 22:03:35","26.22","52","944.28","3880","","","","","-109","1.2999999523162842","28877","1776647015490"
"7840","2026-04-19 22:03:45","26.23","52","944.26","3880","","","","","-108","3","28878","1776647025458"
"7841","2026-04-19 22:03:55","26.25","51.5","944.3000000000001","3880","","","","","-109","1.5","28879","1776647035488"
"7842","2026-04-19 22:04:05","26.25","51.5","944.26","3880","","","","","-109","1","28880","1776647045455"
"7843","2026-04-19 22:04:15","26.25","51.5","944.32","3880","","","","","-106","4.300000190734863","28881","1776647055479"
"7844","2026-04-19 22:04:25","26.23","51.5","944.3000000000001","3880","","","","","-111","-2.299999952316284","28882","1776647065479"
"7845","2026-04-19 22:04:35","26.23","51.5","944.3000000000001","3880","","","","","-110","0","28883","1776647075481"
"7846","2026-04-19 22:04:45","26.23","51.5","944.3000000000001","3880","","","","","-106","4.800000190734863","28884","1776647085465"
"7847","2026-04-19 22:04:55","26.24","51.5","944.24","3880","","","","","-102","8.300000190734863","28885","1776647095487"
"7848","2026-04-19 22:05:05","26.23","51.5","944.22","3880","","","","","-107","3.799999952316284","28886","1776647105485"
"7849","2026-04-19 22:05:15","26.22","51.5","944.28","3880","","","","","-105","5.300000190734863","28887","1776647115450"
"7850","2026-04-19 22:05:25","26.23","52","944.28","3880","","","","","-108","2.799999952316284","28888","1776647125450"
"7851","2026-04-19 22:05:35","26.22","51.5","944.3000000000001","3880","","","","","-107","3.299999952316284","28889","1776647135458"
"7852","2026-04-19 22:05:45","26.22","51.5","944.28","3880","","","","","-105","5.800000190734863","28890","1776647145467"
"7853","2026-04-19 22:05:55","26.23","51.5","944.34","3880","","","","","-106","5.300000190734863","28891","1776647155488"
"7854","2026-04-19 22:06:05","26.22","52","944.28","3880","","","","","-109","2","28892","1776647165484"
"7855","2026-04-19 22:06:15","26.23","51.5","944.3000000000001","3880","","","","","-106","4.300000190734863","28893","1776647175458"
"7856","2026-04-19 22:06:25","26.23","51.5","944.28","3880","","","","","-105","5.800000190734863","28894","1776647185488"
"7857","2026-04-19 22:06:35","26.23","51.5","944.28","3880","","","","","-109","1.7999999523162842","28895","1776647195464"
"7858","2026-04-19 22:06:45","26.22","51.5","944.3000000000001","3880","","","","","-108","2","28896","1776647205489"
"7859","2026-04-19 22:06:55","26.2","51.5","944.34","3880","","","","","-102","7.800000190734863","28897","1776647215481"
"7860","2026-04-19 22:07:05","26.2","51.5","944.36","3880","","","","","-108","1.5","28898","1776647225487"
"7861","2026-04-19 22:07:15","26.2","51.5","944.36","3880","","","","","-102","8","28899","1776647235457"
"7862","2026-04-19 22:07:25","26.21","51.5","944.34","3880","","","","","-103","7","28900","1776647245490"
"7863","2026-04-19 22:07:35","26.21","52","944.32","3880","","","","","-107","4","28901","1776647255457"
"7864","2026-04-19 22:07:45","26.22","52","944.34","3960","","","","","-105","6","28902","1776647265483"
"7865","2026-04-19 22:07:55","26.19","51.5","944.34","3960","","","","","-106","5","28903","1776647275490"
"7866","2026-04-19 22:08:05","26.17","52","944.38","3960","","","","","-106","5","28904","1776647285479"
"7867","2026-04-19 22:08:15","26.17","51.5","944.36","3960","","","","","-107","4","28905","1776647295491"
"7868","2026-04-19 22:08:35","26.19","52","944.34","3960","","","","","-108","3.5","28907","1776647315457"
"7869","2026-04-19 22:08:45","26.19","52","944.38","3960","","","","","-107","3.299999952316284","28908","1776647325483"
"7870","2026-04-19 22:08:55","26.19","52","944.38","3960","","","","","-108","2.299999952316284","28909","1776647335478"
"7871","2026-04-19 22:09:05","26.19","51.5","944.36","3960","","","","","-107","4.5","28910","1776647345454"
"7872","2026-04-19 22:09:15","26.18","52","944.38","3960","","","","","-103","7","28911","1776647355489"
"7873","2026-04-19 22:09:25","26.17","52","944.38","3960","","","","","-106","5.300000190734863","28912","1776647365480"
"7874","2026-04-19 22:09:35","26.18","52","944.4","3960","","","","","-107","3.5","28913","1776647375464"
"7875","2026-04-19 22:09:45","26.18","52","944.4200000000001","3960","","","","","-110","-0.30000001192092896","28914","1776647385484"
"7876","2026-04-19 22:09:55","26.17","52","944.38","3960","","","","","-105","6","28915","1776647395477"
"7877","2026-04-19 22:10:05","26.16","52","944.4","3960","","","","","-106","5","28916","1776647405455"
"7878","2026-04-19 22:10:15","26.13","52","944.38","3960","","","","","-103","7.300000190734863","28917","1776647415479"
"7879","2026-04-19 22:10:25","26.13","52","944.38","3960","","","","","-103","7","28918","1776647425494"
"7880","2026-04-19 22:10:35","26.12","52","944.4","3960","","","","","-107","4","28919","1776647435479"
"7881","2026-04-19 22:10:45","26.12","52","944.38","3960","","","","","-105","5.5","28920","1776647445480"
"7882","2026-04-19 22:10:55","26.11","52","944.4","3960","","","","","-108","2","28921","1776647455483"
"7883","2026-04-19 22:11:05","26.11","52","944.38","3960","","","","","-110","-0.800000011920929","28922","1776647465475"
"7884","2026-04-19 22:11:15","26.12","52","944.38","3960","","","","","-107","3.5","28923","1776647475484"
"7885","2026-04-19 22:11:25","26.14","52","944.4","3960","","","","","-109","1.5","28924","1776647485488"
"7886","2026-04-19 22:11:35","26.16","52","944.38","3960","","","","","-103","6.800000190734863","28925","1776647495485"
"7887","2026-04-19 22:11:45","26.17","52","944.4","3960","","","","","-108","3","28926","1776647505492"
"7888","2026-04-19 22:11:55","26.19","52","944.4200000000001","3960","","","","","-108","2.799999952316284","28927","1776647515487"
"7889","2026-04-19 22:12:05","26.19","52","944.4","3960","","","","","-108","2.5","28928","1776647525450"
"7890","2026-04-19 22:12:15","26.19","52","944.4200000000001","3960","","","","","-110","0","28929","1776647535456"
"7891","2026-04-19 22:12:25","26.21","52","944.4","3960","","","","","-110","-1.5","28930","1776647545480"
"7892","2026-04-19 22:12:35","26.21","52","944.44","3920","","","","","-108","2","28931","1776647555480"
"7893","2026-04-19 22:12:45","26.2","52","944.44","3920","","","","","-112","-4.5","28932","1776647565498"
"7894","2026-04-19 22:12:55","26.2","52","944.4200000000001","3920","","","","","-107","3","28933","1776647575506"
"7895","2026-04-19 22:13:05","26.18","52","944.4200000000001","3920","","","","","-105","5.800000190734863","28934","1776647585477"
"7896","2026-04-19 22:13:15","26.19","52","944.4200000000001","3920","","","","","-108","2.5","28935","1776647595483"
"7897","2026-04-19 22:13:25","26.19","52","944.44","3920","","","","","-103","7.5","28936","1776647605479"
"7898","2026-04-19 22:13:35","26.18","52","944.4200000000001","3920","","","","","-108","2.799999952316284","28937","1776647615457"
"7899","2026-04-19 22:13:45","26.17","52","944.44","3920","","","","","-106","4","28938","1776647625470"
"7900","2026-04-19 22:13:55","26.17","52","944.46","3920","","","","","-109","1.2999999523162842","28939","1776647635479"
"7901","2026-04-19 22:14:05","26.14","52","944.46","3920","","","","","-107","4","28940","1776647645497"
"7902","2026-04-19 22:14:15","26.13","52","944.44","3920","","","","","-112","-5.300000190734863","28941","1776647655486"
"7903","2026-04-19 22:14:25","26.13","52","944.44","3900","","","","","-109","0.30000001192092896","28942","1776647665485"
"7904","2026-04-19 22:14:35","26.12","52","944.44","3900","","","","","-105","5","28943","1776647675460"
"7905","2026-04-19 22:14:45","26.13","52","944.46","3900","","","","","-109","2.299999952316284","28944","1776647685452"
"7906","2026-04-19 22:14:55","26.13","52","944.46","3900","","","","","-103","7.5","28945","1776647695478"
"7907","2026-04-19 22:15:05","26.15","52","944.46","3900","","","","","-111","-1.7999999523162842","28946","1776647705450"
"7908","2026-04-19 22:15:15","26.16","52","944.44","3900","","","","","-104","6.300000190734863","28947","1776647715453"
"7909","2026-04-19 22:15:25","26.18","52","944.52","3900","","","","","-110","-0.30000001192092896","28948","1776647725485"
"7910","2026-04-19 22:15:35","26.18","52","944.5","3900","","","","","-108","2.5","28949","1776647735470"
"7911","2026-04-19 22:15:45","26.19","52","944.44","3900","","","","","-107","3.799999952316284","28950","1776647745452"
"7912","2026-04-19 22:15:55","26.19","52","944.46","3900","","","","","-109","0.800000011920929","28951","1776647755480"
"7913","2026-04-19 22:16:05","26.19","52","944.44","3900","","","","","-107","3.799999952316284","28952","1776647765489"
"7914","2026-04-19 22:16:15","26.22","52","944.46","3900","","","","","-107","3.5","28953","1776647775481"
"7915","2026-04-19 22:16:25","26.21","52","944.4200000000001","3900","","","","","-106","4.5","28954","1776647785478"
"7916","2026-04-19 22:16:35","26.22","52","944.46","3900","","","","","-107","4","28955","1776647795482"
"7917","2026-04-19 22:16:45","26.21","52","944.44","3900","","","","","-106","5","28956","1776647805486"
"7918","2026-04-19 22:16:55","26.21","52","944.46","3900","","","","","-109","-0.30000001192092896","28957","1776647815489"
"7919","2026-04-19 22:17:05","26.21","52","944.48","3900","","","","","-109","0.800000011920929","28958","1776647825451"
"7920","2026-04-19 22:17:15","26.19","52","944.52","3900","","","","","-106","4.300000190734863","28959","1776647835488"
"7921","2026-04-19 22:17:25","26.18","52","944.46","3900","","","","","-107","4","28960","1776647845492"
"7922","2026-04-19 22:17:35","26.19","52","944.44","3900","","","","","-105","5.5","28961","1776647855449"
"7923","2026-04-19 22:17:45","26.19","52","944.46","3900","","","","","-109","2.5","28962","1776647865502"
"7924","2026-04-19 22:17:55","26.17","52.5","944.46","3900","","","","","-109","1.7999999523162842","28963","1776647875449"
"7925","2026-04-19 22:18:05","26.17","52","944.5","3900","","","","","-108","1.7999999523162842","28964","1776647885485"
"7926","2026-04-19 22:18:15","26.18","52","944.48","3900","","","","","-109","1.5","28965","1776647895464"
"7927","2026-04-19 22:18:25","26.16","52","944.48","3900","","","","","-108","2.5","28966","1776647905524"
"7928","2026-04-19 22:18:35","26.15","52","944.46","3900","","","","","-110","-0.5","28967","1776647915465"
"7929","2026-04-19 22:18:45","26.16","52.5","944.48","3900","","","","","-108","2.5","28968","1776647925486"
"7930","2026-04-19 22:18:55","26.16","52","944.5","3900","","","","","-102","7.800000190734863","28969","1776647935453"
"7931","2026-04-19 22:19:05","26.15","52","944.48","3900","","","","","-103","7.300000190734863","28970","1776647945464"
"7932","2026-04-19 22:19:15","26.14","52","944.48","3900","","","","","-108","2","28971","1776647955464"
"7933","2026-04-19 22:19:25","26.12","52.5","944.5","3900","","","","","-109","1.5","28972","1776647965481"
"7934","2026-04-19 22:19:35","26.11","52","944.48","3900","","","","","-103","6.800000190734863","28973","1776647975460"
"7935","2026-04-19 22:19:45","26.09","52.5","944.46","3900","","","","","-108","1.5","28974","1776647985457"
"7936","2026-04-19 22:19:55","26.1","52.5","944.46","3900","","","","","-104","6.5","28975","1776647995446"
"7937","2026-04-19 22:20:05","26.09","52.5","944.46","3900","","","","","-107","2.5","28976","1776648005485"
"7938","2026-04-19 22:20:15","26.09","52.5","944.46","3900","","","","","-106","4.800000190734863","28977","1776648015454"
"7939","2026-04-19 22:20:25","26.1","52.5","944.5","3900","","","","","-105","5.300000190734863","28978","1776648025482"
"7940","2026-04-19 22:20:35","26.11","52.5","944.52","3900","","","","","-107","4","28979","1776648035493"
"7941","2026-04-19 22:20:45","26.11","52.5","944.46","3900","","","","","-103","6.800000190734863","28980","1776648045492"
"7942","2026-04-19 22:20:55","26.12","52","944.4200000000001","3900","","","","","-107","3.5","28981","1776648055487"
"7943","2026-04-19 22:21:05","26.14","52.5","944.44","3900","","","","","-110","0","28982","1776648065459"
"7944","2026-04-19 22:21:15","26.16","52.5","944.5","3900","","","","","-110","-1.5","28983","1776648075463"
"7945","2026-04-19 22:21:35","26.17","52.5","944.44","3900","","","","","-108","3","28985","1776648095480"
"7946","2026-04-19 22:21:45","26.18","52","944.48","3900","","","","","-104","6.300000190734863","28986","1776648105451"
"7947","2026-04-19 22:21:55","26.17","52","944.4200000000001","3900","","","","","-109","1.5","28987","1776648115489"
"7948","2026-04-19 22:22:05","26.17","52.5","944.44","3900","","","","","-112","-4.5","28988","1776648125461"
"7949","2026-04-19 22:22:15","26.16","52","944.48","3900","","","","","-105","5.5","28989","1776648135487"
"7950","2026-04-19 22:22:25","26.15","52","944.48","3900","","","","","-108","3","28990","1776648145477"
"7951","2026-04-19 22:22:35","26.15","52.5","944.48","3900","","","","","-109","0.800000011920929","28991","1776648155477"
"7952","2026-04-19 22:22:45","26.16","52.5","944.48","3900","","","","","-108","2.5","28992","1776648165476"
"7953","2026-04-19 22:22:55","26.15","52","944.46","3900","","","","","-105","5.5","28993","1776648175481"
"7954","2026-04-19 22:23:05","26.15","52.5","944.46","3900","","","","","-109","2","28994","1776648185481"
"7955","2026-04-19 22:23:15","26.17","52.5","944.46","3900","","","","","-108","0.800000011920929","28995","1776648195455"
"7956","2026-04-19 22:23:25","26.17","52.5","944.5","3900","","","","","-112","-6.5","28996","1776648205447"
"7957","2026-04-19 22:23:35","26.18","52.5","944.48","3900","","","","","-105","5.5","28997","1776648215460"
"7958","2026-04-19 22:23:45","26.19","52.5","944.48","3880","","","","","-103","7.300000190734863","28998","1776648225475"
"7959","2026-04-19 22:23:55","26.2","52.5","944.52","3900","","","","","-104","6.5","28999","1776648235485"
"7960","2026-04-19 22:24:05","26.16","52.5","944.48","3900","","","","","-106","4.300000190734863","29000","1776648245483"
"7961","2026-04-19 22:24:15","26.14","52","944.46","3900","","","","","-108","2.299999952316284","29001","1776648255455"
"7962","2026-04-19 22:24:25","26.14","52","944.5","3900","","","","","-104","6.300000190734863","29002","1776648265488"
"7963","2026-04-19 22:24:35","26.13","52","944.48","3880","","","","","-107","3.799999952316284","29003","1776648275460"
"7964","2026-04-19 22:24:45","26.14","52.5","944.48","3900","","","","","-105","5.5","29004","1776648285481"
"7965","2026-04-19 22:24:55","26.15","52","944.46","3880","","","","","-106","4.300000190734863","29005","1776648295487"
"7966","2026-04-19 22:25:05","26.15","52.5","944.48","3880","","","","","-106","4.5","29006","1776648305456"
"7967","2026-04-19 22:25:15","26.15","52","944.48","3900","","","","","-103","6.5","29007","1776648315463"
"7968","2026-04-19 22:25:25","26.15","52.5","944.48","3900","","","","","-109","0.800000011920929","29008","1776648325487"
"7969","2026-04-19 22:25:35","26.12","52","944.5","3900","","","","","-105","5.300000190734863","29009","1776648335450"
"7970","2026-04-19 22:25:45","26.11","52.5","944.48","3900","","","","","-107","2.799999952316284","29010","1776648345460"
"7971","2026-04-19 22:25:55","26.11","52.5","944.5","3900","","","","","-106","4.5","29011","1776648355482"
"7972","2026-04-19 22:26:05","26.1","52.5","944.48","3900","","","","","-110","-0.5","29012","1776648365467"
"7973","2026-04-19 22:26:15","26.1","52.5","944.44","3880","","","","","-108","1.7999999523162842","29013","1776648375476"
"7974","2026-04-19 22:26:25","26.09","52.5","944.46","3900","","","","","-108","3","29014","1776648385485"
"7975","2026-04-19 22:26:35","26.08","52.5","944.44","3900","","","","","-104","6","29015","1776648395478"
"7976","2026-04-19 22:26:45","26.07","52.5","944.46","3900","","","","","-106","3","29016","1776648405480"
"7977","2026-04-19 22:26:55","26.06","52.5","944.48","3900","","","","","-111","-1","29017","1776648415485"
"7978","2026-04-19 22:27:05","26.05","52.5","944.48","3900","","","","","-111","-0.800000011920929","29018","1776648425450"
"7979","2026-04-19 22:27:15","26.05","53","944.48","3880","","","","","-104","6.300000190734863","29019","1776648435461"
"7980","2026-04-19 22:27:25","26.05","52.5","944.48","3900","","","","","-105","5.300000190734863","29020","1776648445484"
"7981","2026-04-19 22:27:35","26.06","52.5","944.48","3900","","","","","-107","4.800000190734863","29021","1776648455488"
"7982","2026-04-19 22:27:45","26.07","52.5","944.48","3880","","","","","-106","4.5","29022","1776648465477"
"7983","2026-04-19 22:27:55","26.06","52.5","944.5","3900","","","","","-106","4.800000190734863","29023","1776648475485"
"7984","2026-04-19 22:28:05","26.06","52.5","944.48","3880","","","","","-109","1.5","29024","1776648485491"
"7985","2026-04-19 22:28:15","26.06","53","944.46","3900","","","","","-110","-0.30000001192092896","29025","1776648495457"
"7986","2026-04-19 22:28:25","26.07","52.5","944.48","3880","","","","","-108","2.799999952316284","29026","1776648505475"
"7987","2026-04-19 22:28:35","26.07","53","944.48","3880","","","","","-109","0.800000011920929","29027","1776648515446"
"7988","2026-04-19 22:28:45","26.07","52.5","944.5","3880","","","","","-109","0.800000011920929","29028","1776648525447"
"7989","2026-04-19 22:28:55","26.09","52.5","944.48","3880","","","","","-110","-0.30000001192092896","29029","1776648535454"
"7990","2026-04-19 22:29:05","26.09","52.5","944.5","3900","","","","","-108","3","29030","1776648545454"
"7991","2026-04-19 22:29:15","26.07","52.5","944.5","3880","","","","","-106","4.5","29031","1776648555464"
"7992","2026-04-19 22:29:25","26.08","53","944.54","3880","","","","","-109","0.800000011920929","29032","1776648565485"
"7993","2026-04-19 22:29:35","26.08","52.5","944.48","3900","","","","","-106","4.800000190734863","29033","1776648575476"
"7994","2026-04-19 22:29:45","26.08","52.5","944.52","3880","","","","","-106","5","29034","1776648585476"
"7995","2026-04-19 22:29:55","26.08","53","944.5","3880","","","","","-106","4.300000190734863","29035","1776648595459"
"7996","2026-04-19 22:30:05","26.08","52.5","944.52","3900","","","","","-107","3.5","29036","1776648605451"
"7997","2026-04-19 22:30:15","26.09","52.5","944.52","3880","","","","","-106","5","29037","1776648615489"
"7998","2026-04-19 22:30:25","26.09","52.5","944.54","3880","","","","","-106","4.300000190734863","29038","1776648625476"
"7999","2026-04-19 22:30:35","26.1","53","944.52","3880","","","","","-109","1.5","29039","1776648635454"
"8000","2026-04-19 22:30:45","26.12","52.5","944.58","3880","","","","","-112","-4.300000190734863","29040","1776648645451"
"8001","2026-04-19 22:30:55","26.11","53","944.58","3880","","","","","-106","5.300000190734863","29041","1776648655476"
"8002","2026-04-19 22:31:05","26.09","52.5","944.62","3880","","","","","-107","3.299999952316284","29042","1776648665469"
"8003","2026-04-19 22:31:15","26.07","52.5","944.54","3880","","","","","-108","2.799999952316284","29043","1776648675457"
"8004","2026-04-19 22:31:25","26.07","52.5","944.52","3880","","","","","-109","0.800000011920929","29044","1776648685478"
"8005","2026-04-19 22:31:35","26.08","52.5","944.5600000000001","3880","","","","","-109","1.5","29045","1776648695450"
"8006","2026-04-19 22:31:45","26.1","52.5","944.54","3880","","","","","-107","4","29046","1776648705481"
"8007","2026-04-19 22:31:55","26.11","52.5","944.5600000000001","3900","","","","","-108","3.299999952316284","29047","1776648715487"
"8008","2026-04-19 22:32:05","26.1","52.5","944.54","3900","","","","","-105","5.5","29048","1776648725484"
"8009","2026-04-19 22:32:15","26.09","52.5","944.58","3880","","","","","-110","-0.5","29049","1776648735476"
"8010","2026-04-19 22:32:25","26.07","53","944.58","3880","","","","","-105","5.800000190734863","29050","1776648745478"
"8011","2026-04-19 22:32:35","26.06","52.5","944.5600000000001","3880","","","","","-110","0","29051","1776648755482"
"8012","2026-04-19 22:32:45","26.05","52.5","944.58","3880","","","","","-105","6.300000190734863","29052","1776648765481"
"8013","2026-04-19 22:32:55","26.05","53","944.54","3880","","","","","-106","5","29053","1776648775484"
"8014","2026-04-19 22:33:05","26.07","53","944.5600000000001","3880","","","","","-104","6.300000190734863","29054","1776648785481"
"8015","2026-04-19 22:33:15","26.09","52.5","944.5600000000001","3880","","","","","-107","3.5","29055","1776648795455"
"8016","2026-04-19 22:33:25","26.1","52.5","944.5600000000001","3880","","","","","-105","5.5","29056","1776648805460"
"8017","2026-04-19 22:33:35","26.11","52.5","944.5600000000001","3880","","","","","-108","1.7999999523162842","29057","1776648815446"
"8018","2026-04-19 22:33:45","26.09","52.5","944.58","3880","","","","","-105","5.800000190734863","29058","1776648825477"
"8019","2026-04-19 22:33:55","26.11","53","944.58","3900","","","","","-107","3.5","29059","1776648835481"
"8020","2026-04-19 22:34:05","26.11","52.5","944.5600000000001","3880","","","","","-109","0.800000011920929","29060","1776648845485"
"8021","2026-04-19 22:34:15","26.1","52.5","944.54","3880","","","","","-109","1.5","29061","1776648855444"
"8022","2026-04-19 22:34:25","26.11","52.5","944.58","3880","","","","","-105","5.800000190734863","29062","1776648865479"
"8023","2026-04-19 22:34:35","26.12","52.5","944.58","3880","","","","","-109","1.5","29063","1776648875457"
"8024","2026-04-19 22:34:45","26.13","52.5","944.5600000000001","3880","","","","","-109","1.5","29064","1776648885488"
"8025","2026-04-19 22:34:55","26.12","52.5","944.54","3880","","","","","-108","1.7999999523162842","29065","1776648895486"
"8026","2026-04-19 22:35:05","26.12","53","944.5600000000001","3880","","","","","-109","1","29066","1776648905477"
"8027","2026-04-19 22:35:15","26.1","53","944.5600000000001","3880","","","","","-111","-1.2999999523162842","29067","1776648915455"
"8028","2026-04-19 22:35:25","26.09","52.5","944.54","3880","","","","","-107","3.299999952316284","29068","1776648925478"
"8029","2026-04-19 22:35:35","26.09","52.5","944.5600000000001","3880","","","","","-109","1.7999999523162842","29069","1776648935476"
"8030","2026-04-19 22:35:45","26.11","53","944.6","3880","","","","","-109","0.800000011920929","29070","1776648945481"
"8031","2026-04-19 22:35:55","26.11","52.5","944.58","3880","","","","","-110","-0.5","29071","1776648955477"
"8032","2026-04-19 22:36:05","26.1","53","944.58","3880","","","","","-104","6.800000190734863","29072","1776648965454"
"8033","2026-04-19 22:36:15","26.09","53","944.6","3880","","","","","-110","-0.30000001192092896","29073","1776648975455"
"8034","2026-04-19 22:36:25","26.08","52.5","944.58","3880","","","","","-108","2.5","29074","1776648985477"
"8035","2026-04-19 22:36:35","26.07","52.5","944.58","3880","","","","","-107","3","29075","1776648995480"
"8036","2026-04-19 22:36:45","26.04","52.5","944.6","3880","","","","","-109","1.2999999523162842","29076","1776649005475"
"8037","2026-04-19 22:36:55","26.03","53","944.6","3880","","","","","-108","3","29077","1776649015485"
"8038","2026-04-19 22:37:05","26.03","53","944.54","3880","","","","","-107","3.5","29078","1776649025612"
"8039","2026-04-19 22:37:15","26.03","52.5","944.5600000000001","3880","","","","","-110","-1.2999999523162842","29079","1776649035461"
"8040","2026-04-19 22:37:25","26.04","53","944.6","3880","","","","","-109","1.5","29080","1776649045478"
"8041","2026-04-19 22:37:35","26.04","52.5","944.62","3880","","","","","-108","2.5","29081","1776649055486"
"8042","2026-04-19 22:37:45","26.04","53","944.64","3880","","","","","-104","6","29082","1776649065478"
"8043","2026-04-19 22:37:55","26.03","53","944.62","3880","","","","","-106","4.300000190734863","29083","1776649075479"
"8044","2026-04-19 22:38:05","26.03","53","944.5600000000001","3880","","","","","-107","4","29084","1776649085446"
"8045","2026-04-19 22:38:25","26.01","53","944.62","3880","","","","","-107","3.5","29086","1776649105485"
"8046","2026-04-19 22:38:35","26.02","53","944.64","3880","","","","","-105","5.5","29087","1776649115490"
"8047","2026-04-19 22:38:45","26","53","944.6","3880","","","","","-108","3","29088","1776649125459"
"8048","2026-04-19 22:38:55","25.99","53","944.6","3880","","","","","-109","0.800000011920929","29089","1776649135476"
"8049","2026-04-19 22:39:05","26","52.5","944.62","3880","","","","","-106","4.800000190734863","29090","1776649145452"
"8050","2026-04-19 22:39:15","25.99","53","944.66","3880","","","","","-106","4.800000190734863","29091","1776649155456"
"8051","2026-04-19 22:39:25","25.98","53.5","944.62","3880","","","","","-108","2.299999952316284","29092","1776649165487"
"8052","2026-04-19 22:39:35","26","53","944.58","3880","","","","","-109","0.800000011920929","29093","1776649175472"
"8053","2026-04-19 22:39:45","26","53","944.66","3880","","","","","-107","3","29094","1776649185481"
"8054","2026-04-19 22:39:55","26","53","944.66","3880","","","","","-109","0.5","29095","1776649195474"
"8055","2026-04-19 22:40:05","26.01","53","944.6800000000001","3880","","","","","-110","-0.5","29096","1776649205450"
"8056","2026-04-19 22:40:15","26.02","53","944.62","3880","","","","","-107","3","29097","1776649215472"
"8057","2026-04-19 22:40:25","26.03","53","944.6","3880","","","","","-105","5.5","29098","1776649225479"
"8058","2026-04-19 22:40:35","26.05","53","944.62","3880","","","","","-105","5.5","29099","1776649235475"
"8059","2026-04-19 22:40:45","26.05","52.5","944.64","3880","","","","","-108","2.299999952316284","29100","1776649245449"
"8060","2026-04-19 22:40:55","26.04","53.5","944.66","3880","","","","","-112","-5.800000190734863","29101","1776649255479"
"8061","2026-04-19 22:41:05","26.03","52.5","944.64","3880","","","","","-103","5.800000190734863","29102","1776649265463"
"8062","2026-04-19 22:41:15","26.03","53","944.62","3880","","","","","-107","3.799999952316284","29103","1776649275452"
"8063","2026-04-19 22:41:25","26.03","53","944.62","3880","","","","","-106","4.5","29104","1776649285482"
"8064","2026-04-19 22:41:35","26.03","53","944.64","3880","","","","","-108","1.2999999523162842","29105","1776649295466"
"8065","2026-04-19 22:41:45","26.01","53","944.6","3880","","","","","-103","6.800000190734863","29106","1776649305477"
"8066","2026-04-19 22:41:55","26","53","944.64","3880","","","","","-106","4.300000190734863","29107","1776649315452"
"8067","2026-04-19 22:42:05","26","53","944.64","3880","","","","","-104","6.300000190734863","29108","1776649325451"
"8068","2026-04-19 22:42:15","26","53","944.62","3880","","","","","-107","3.5","29109","1776649335477"
"8069","2026-04-19 22:42:25","26.01","53","944.66","3880","","","","","-111","-1.7999999523162842","29110","1776649345480"
"8070","2026-04-19 22:42:35","26.01","53","944.66","3880","","","","","-107","4","29111","1776649355479"
"8071","2026-04-19 22:42:45","25.99","53","944.64","3880","","","","","-108","3.5","29112","1776649365484"
"8072","2026-04-19 22:42:55","25.98","53.5","944.62","3880","","","","","-104","6.800000190734863","29113","1776649375476"
"8073","2026-04-19 22:43:05","25.97","53","944.64","3880","","","","","-110","-0.5","29114","1776649385479"
"8074","2026-04-19 22:43:15","25.97","53.5","944.66","3880","","","","","-107","4","29115","1776649395479"
"8075","2026-04-19 22:43:25","25.96","53.5","944.66","3880","","","","","-109","2","29116","1776649405448"
"8076","2026-04-19 22:43:35","25.97","53","944.62","3880","","","","","-108","2.5","29117","1776649415484"
"8077","2026-04-19 22:43:45","25.99","53.5","944.6800000000001","3880","","","","","-110","-0.800000011920929","29118","1776649425503"
"8078","2026-04-19 22:43:55","26","53.5","944.66","3880","","","","","-109","0.800000011920929","29119","1776649435451"
"8079","2026-04-19 22:44:05","26.01","53","944.64","3880","","","","","-105","6","29120","1776649445452"
"8080","2026-04-19 22:44:15","26.02","53.5","944.66","3880","","","","","-105","5","29121","1776649455448"
"8081","2026-04-19 22:44:25","26.02","53","944.7","3880","","","","","-104","6.5","29122","1776649465477"
"8082","2026-04-19 22:44:35","26.01","53.5","944.62","3880","","","","","-108","2.799999952316284","29123","1776649475458"
"8083","2026-04-19 22:44:45","26.02","53.5","944.64","3880","","","","","-104","6.300000190734863","29124","1776649485450"
"8084","2026-04-19 22:44:55","26.03","53","944.66","3880","","","","","-103","6.800000190734863","29125","1776649495477"
"8085","2026-04-19 22:45:05","26.04","53.5","944.6800000000001","3880","","","","","-108","2","29126","1776649505459"
"8086","2026-04-19 22:45:15","26.05","53","944.64","3880","","","","","-107","4","29127","1776649515455"
"8087","2026-04-19 22:45:25","26.05","53","944.7","3880","","","","","-105","5.300000190734863","29128","1776649525484"
"8088","2026-04-19 22:45:35","26.05","53","944.66","3880","","","","","-104","6.5","29129","1776649535474"
"8089","2026-04-19 22:45:45","26.05","53","944.64","3880","","","","","-109","1","29130","1776649545459"
"8090","2026-04-19 22:45:55","26.06","53","944.6800000000001","3880","","","","","-105","5.300000190734863","29131","1776649555498"
"8091","2026-04-19 22:46:05","26.05","53","944.64","3880","","","","","-106","3.5","29132","1776649565477"
"8092","2026-04-19 22:46:15","26.06","53","944.66","3880","","","","","-106","5","29133","1776649575478"
"8093","2026-04-19 22:46:25","26.07","53","944.66","3880","","","","","-108","2","29134","1776649585480"
"8094","2026-04-19 22:46:35","26.06","53","944.64","3880","","","","","-108","2.5","29135","1776649595444"
"8095","2026-04-19 22:46:45","26.05","53","944.66","3880","","","","","-110","-2","29136","1776649605479"
"8096","2026-04-19 22:46:55","26.04","53","944.64","3880","","","","","-110","-1","29137","1776649615478"
"8097","2026-04-19 22:47:05","26.04","53","944.66","3880","","","","","-103","7.5","29138","1776649625481"
"8098","2026-04-19 22:47:15","26.02","53","944.66","3880","","","","","-107","4.300000190734863","29139","1776649635480"
"8099","2026-04-19 22:47:25","26.01","53.5","944.66","3880","","","","","-106","5.300000190734863","29140","1776649645479"
"8100","2026-04-19 22:47:35","26","53.5","944.7","3880","","","","","-108","3.299999952316284","29141","1776649655454"
"8101","2026-04-19 22:47:45","26.02","53.5","944.6800000000001","3880","","","","","-104","6.5","29142","1776649665477"
"8102","2026-04-19 22:47:55","26.02","53","944.7","3880","","","","","-107","2.799999952316284","29143","1776649675520"
"8103","2026-04-19 22:48:05","26.02","53","944.6800000000001","3880","","","","","-107","4.300000190734863","29144","1776649685474"
"8104","2026-04-19 22:48:15","26.02","53","944.6800000000001","3880","","","","","-107","3.299999952316284","29145","1776649695475"
"8105","2026-04-19 22:48:25","26.02","53.5","944.7","3960","","","","","-107","3.5","29146","1776649705484"
"8106","2026-04-19 22:48:35","26.02","53","944.7","3960","","","","","-106","4.300000190734863","29147","1776649715447"
"8107","2026-04-19 22:48:45","26.03","53","944.66","3960","","","","","-108","2.299999952316284","29148","1776649725449"
"8108","2026-04-19 22:48:55","26.03","53.5","944.64","3960","","","","","-109","1.7999999523162842","29149","1776649735451"
"8109","2026-04-19 22:49:05","26.03","53.5","944.72","3960","","","","","-107","3.299999952316284","29150","1776649745456"
"8110","2026-04-19 22:49:15","26.02","53","944.72","3960","","","","","-104","6.5","29151","1776649755444"
"8111","2026-04-19 22:49:25","26.03","53","944.7","3960","","","","","-110","-0.800000011920929","29152","1776649765474"
"8112","2026-04-19 22:49:35","26.03","53","944.66","3960","","","","","-107","2.5","29153","1776649775477"
"8113","2026-04-19 22:49:45","26.04","53","944.7","3960","","","","","-108","2.5","29154","1776649785477"
"8114","2026-04-19 22:49:55","26.07","53","944.66","3960","","","","","-106","4.300000190734863","29155","1776649795453"
"8115","2026-04-19 22:50:05","26.08","53","944.7","3960","","","","","-108","2.5","29156","1776649805474"
"8116","2026-04-19 22:50:15","26.09","53","944.74","3960","","","","","-108","2.299999952316284","29157","1776649815475"
"8117","2026-04-19 22:50:25","26.09","53","944.6800000000001","3960","","","","","-105","5.800000190734863","29158","1776649825485"
"8118","2026-04-19 22:50:35","26.08","53","944.6800000000001","3960","","","","","-106","4.800000190734863","29159","1776649835475"
"8119","2026-04-19 22:50:45","26.09","53.5","944.76","3960","","","","","-109","1.7999999523162842","29160","1776649845480"
"8120","2026-04-19 22:50:55","26.11","53","944.72","3960","","","","","-101","8.800000190734863","29161","1776649855479"
"8121","2026-04-19 22:51:05","26.11","53","944.72","3960","","","","","-109","2","29162","1776649865476"
"8122","2026-04-19 22:51:15","26.1","53","944.72","3960","","","","","-106","4.5","29163","1776649875483"
"8123","2026-04-19 22:51:35","26.06","53","944.76","3960","","","","","-106","4.800000190734863","29165","1776649895495"
"8124","2026-04-19 22:51:45","26.06","53","944.72","3960","","","","","-107","3.299999952316284","29166","1776649905482"
"8125","2026-04-19 22:51:55","26.06","53","944.74","3960","","","","","-107","4","29167","1776649915494"
"8126","2026-04-19 22:52:05","26.05","53","944.72","3960","","","","","-109","1.5","29168","1776649925448"
"8127","2026-04-19 22:52:15","26.04","53","944.7","3960","","","","","-105","6","29169","1776649935477"
"8128","2026-04-19 22:52:25","26.03","53","944.74","3960","","","","","-106","4.5","29170","1776649945484"
"8129","2026-04-19 22:52:35","26.03","53","944.72","3960","","","","","-105","5.300000190734863","29171","1776649955484"
"8130","2026-04-19 22:52:45","26.05","53.5","944.72","3960","","","","","-106","4.5","29172","1776649965451"
"8131","2026-04-19 22:52:55","26.05","53.5","944.7","3960","","","","","-109","1.5","29173","1776649975482"
"8132","2026-04-19 22:53:05","26.05","53.5","944.78","3920","","","","","-106","3.799999952316284","29174","1776649985477"
"8133","2026-04-19 22:53:15","26.04","53","944.76","3920","","","","","-104","6.300000190734863","29175","1776649995482"
"8134","2026-04-19 22:53:25","26.03","53","944.82","3920","","","","","-104","6","29176","1776650005479"
"8135","2026-04-19 22:53:35","26.03","53","944.78","3920","","","","","-103","7","29177","1776650015475"
"8136","2026-04-19 22:53:45","26.04","53.5","944.78","3920","","","","","-107","3.799999952316284","29178","1776650025529"
"8137","2026-04-19 22:53:55","26.04","53.5","944.74","3920","","","","","-106","5","29179","1776650035477"
"8138","2026-04-19 22:54:05","26.04","53.5","944.76","3920","","","","","-111","-1.7999999523162842","29180","1776650045458"
"8139","2026-04-19 22:54:15","26.05","53.5","944.78","3920","","","","","-106","4.800000190734863","29181","1776650055446"
"8140","2026-04-19 22:54:25","26.03","53.5","944.72","3920","","","","","-105","5.800000190734863","29182","1776650065479"
"8141","2026-04-19 22:54:35","26.03","53.5","944.82","3920","","","","","-102","8","29183","1776650075473"
"8142","2026-04-19 22:54:45","26.03","53.5","944.74","3900","","","","","-106","5.5","29184","1776650085475"
"8143","2026-04-19 22:54:55","26.03","53","944.76","3920","","","","","-105","5.300000190734863","29185","1776650095477"
"8144","2026-04-19 22:55:05","26.04","53.5","944.76","3920","","","","","-102","8","29186","1776650105452"
"8145","2026-04-19 22:55:15","26.03","53","944.76","3900","","","","","-101","8.5","29187","1776650115451"
"8146","2026-04-19 22:55:25","26.03","53.5","944.76","3900","","","","","-110","-1.2999999523162842","29188","1776650125475"
"8147","2026-04-19 22:55:35","26.01","53","944.76","3900","","","","","-107","3.299999952316284","29189","1776650135458"
"8148","2026-04-19 22:55:45","26.01","53.5","944.76","3900","","","","","-106","4.300000190734863","29190","1776650145453"
"8149","2026-04-19 22:55:55","26","53.5","944.72","3900","","","","","-106","4.300000190734863","29191","1776650155479"
"8150","2026-04-19 22:56:05","26.01","53.5","944.76","3900","","","","","-101","8.5","29192","1776650165513"
"8151","2026-04-19 22:56:15","26","53.5","944.7","3900","","","","","-103","7.5","29193","1776650175471"
"8152","2026-04-19 22:56:25","26.01","53.5","944.78","3900","","","","","-103","7.5","29194","1776650185477"
"8153","2026-04-19 22:56:35","26.01","53.5","944.76","3900","","","","","-106","5.300000190734863","29195","1776650195454"
"8154","2026-04-19 22:56:45","26","53.5","944.74","3900","","","","","-102","7.800000190734863","29196","1776650205481"
"8155","2026-04-19 22:56:55","26.01","53.5","944.74","3900","","","","","-105","5.800000190734863","29197","1776650215484"
"8156","2026-04-19 22:57:05","26.01","53.5","944.7","3900","","","","","-108","1.7999999523162842","29198","1776650225482"
"8157","2026-04-19 22:57:15","26.01","53.5","944.7","3900","","","","","-107","4.300000190734863","29199","1776650235482"
"8158","2026-04-19 22:57:25","26.01","53.5","944.74","3900","","","","","-107","3.299999952316284","29200","1776650245447"
"8159","2026-04-19 22:57:35","26","53.5","944.66","3900","","","","","-110","-1.2999999523162842","29201","1776650255452"
"8160","2026-04-19 22:57:45","26","54","944.76","3900","","","","","-103","7.300000190734863","29202","1776650265460"
"8161","2026-04-19 22:57:55","25.99","53.5","944.72","3900","","","","","-106","4.5","29203","1776650275480"
"8162","2026-04-19 22:58:05","25.99","53.5","944.74","3900","","","","","-103","7.800000190734863","29204","1776650285467"
"8163","2026-04-19 22:58:15","25.98","53.5","944.72","3900","","","","","-103","7.5","29205","1776650295487"
"8164","2026-04-19 22:58:25","25.98","53.5","944.76","3900","","","","","-105","5.300000190734863","29206","1776650305480"
"8165","2026-04-19 22:58:35","25.97","53.5","944.6800000000001","3900","","","","","-108","3.299999952316284","29207","1776650315444"
"8166","2026-04-19 22:58:45","25.98","54","944.74","3900","","","","","-109","1","29208","1776650325474"
"8167","2026-04-19 22:58:55","25.98","53.5","944.74","3900","","","","","-104","6.5","29209","1776650335483"
"8168","2026-04-19 22:59:05","26","53.5","944.7","3900","","","","","-106","4.5","29210","1776650345512"
"8169","2026-04-19 22:59:15","26","53.5","944.74","3900","","","","","-110","0","29211","1776650355482"
"8170","2026-04-19 22:59:25","25.99","53.5","944.6800000000001","3900","","","","","-104","6.800000190734863","29212","1776650365452"
"8171","2026-04-19 22:59:35","25.99","54","944.72","3900","","","","","-109","0.800000011920929","29213","1776650375471"
"8172","2026-04-19 22:59:45","25.99","53.5","944.72","3900","","","","","-106","5","29214","1776650385444"
"8173","2026-04-19 22:59:55","25.99","53.5","944.6800000000001","3900","","","","","-106","4.300000190734863","29215","1776650395481"
"8174","2026-04-19 23:00:05","26","53.5","944.72","3900","","","","","-104","6.300000190734863","29216","1776650405461"
"8175","2026-04-19 23:00:15","26.01","53.5","944.6800000000001","3900","","","","","-111","-2.299999952316284","29217","1776650415470"
"8176","2026-04-19 23:00:25","26.01","53.5","944.72","3900","","","","","-105","5.800000190734863","29218","1776650425480"
"8177","2026-04-19 23:00:35","25.99","53.5","944.72","3900","","","","","-106","4.800000190734863","29219","1776650435476"
"8178","2026-04-19 23:00:45","25.99","53.5","944.7","3900","","","","","-101","8.300000190734863","29220","1776650445476"
"8179","2026-04-19 23:00:55","25.97","53.5","944.72","3900","","","","","-105","5.800000190734863","29221","1776650455483"
"8180","2026-04-19 23:01:05","25.98","53.5","944.7","3900","","","","","-108","2.5","29222","1776650465449"
"8181","2026-04-19 23:01:15","25.99","53.5","944.72","3900","","","","","-101","7.5","29223","1776650475472"
"8182","2026-04-19 23:01:25","25.99","53.5","944.74","3900","","","","","-106","4.5","29224","1776650485484"
"8183","2026-04-19 23:01:45","25.95","53.5","944.72","3900","","","","","-108","2.299999952316284","29226","1776650505478"
"8184","2026-04-19 23:02:05","25.96","53.5","944.6800000000001","3900","","","","","-110","0","29228","1776650525455"
"8185","2026-04-19 23:02:15","25.97","53.5","944.7","3900","","","","","-106","4.300000190734863","29229","1776650535476"
"8186","2026-04-19 23:02:25","25.97","53.5","944.7","3900","","","","","-108","2","29230","1776650545482"
"8187","2026-04-19 23:02:35","25.98","54","944.6800000000001","3900","","","","","-109","1.5","29231","1776650555483"
"8188","2026-04-19 23:02:45","25.98","53.5","944.7","3900","","","","","-110","-1","29232","1776650565478"
"8189","2026-04-19 23:02:55","25.97","53.5","944.6800000000001","3900","","","","","-105","5.800000190734863","29233","1776650575461"
"8190","2026-04-19 23:03:05","25.95","53.5","944.74","3900","","","","","-106","4.300000190734863","29234","1776650585480"
"8191","2026-04-19 23:03:15","25.92","54","944.72","3900","","","","","-105","5.800000190734863","29235","1776650595453"
"8192","2026-04-19 23:03:25","25.91","53.5","944.72","3900","","","","","-107","3","29236","1776650605476"
"8193","2026-04-19 23:03:35","25.91","54","944.6800000000001","3900","","","","","-105","5.5","29237","1776650615444"
"8194","2026-04-19 23:03:45","25.91","53.5","944.6800000000001","3900","","","","","-103","6.800000190734863","29238","1776650625474"
"8195","2026-04-19 23:03:55","25.93","53.5","944.74","3900","","","","","-106","3.799999952316284","29239","1776650635470"
"8196","2026-04-19 23:04:05","25.91","53.5","944.74","3900","","","","","-110","0","29240","1776650645481"
"8197","2026-04-19 23:04:15","25.9","53.5","944.76","3900","","","","","-106","5","29241","1776650655442"
"8198","2026-04-19 23:04:25","25.89","54","944.72","3900","","","","","-105","5.800000190734863","29242","1776650665482"
"8199","2026-04-19 23:04:35","25.9","54","944.8000000000001","3900","","","","","-100","9.300000190734863","29243","1776650675455"
"8200","2026-04-19 23:04:45","25.91","54","944.6800000000001","3900","","","","","-104","6","29244","1776650685452"
"8201","2026-04-19 23:04:55","25.91","54","944.8000000000001","3900","","","","","-103","6.800000190734863","29245","1776650695471"
"8202","2026-04-19 23:05:05","25.93","54","944.74","3900","","","","","-109","0.5","29246","1776650705483"
"8203","2026-04-19 23:05:15","25.93","54","944.72","3900","","","","","-100","9.5","29247","1776650715450"
"8204","2026-04-19 23:05:25","25.95","54","944.74","3900","","","","","-104","6","29248","1776650725476"
"8205","2026-04-19 23:05:35","25.94","54","944.74","3900","","","","","-106","5.300000190734863","29249","1776650735476"
"8206","2026-04-19 23:05:45","25.95","53.5","944.78","3880","","","","","-105","5.5","29250","1776650745477"
"8207","2026-04-19 23:05:55","25.95","53.5","944.74","3900","","","","","-110","-0.30000001192092896","29251","1776650755481"
"8208","2026-04-19 23:06:05","25.94","54","944.74","3880","","","","","-105","5.300000190734863","29252","1776650765471"
"8209","2026-04-19 23:06:15","25.93","54","944.88","3880","","","","","-104","6.5","29253","1776650775449"
"8210","2026-04-19 23:06:25","25.93","54","944.84","3900","","","","","-107","3.5","29254","1776650785472"
"8211","2026-04-19 23:06:35","25.93","53.5","944.72","3900","","","","","-109","1.5","29255","1776650795482"
"8212","2026-04-19 23:06:45","25.94","54","944.72","3900","","","","","-103","7","29256","1776650805480"
"8213","2026-04-19 23:06:55","25.93","54","944.74","3900","","","","","-103","7.5","29257","1776650815477"
"8214","2026-04-19 23:07:05","25.94","54","944.82","3900","","","","","-109","2","29258","1776650825475"
"8215","2026-04-19 23:07:15","25.94","54","944.78","3900","","","","","-108","2.5","29259","1776650835486"
"8216","2026-04-19 23:07:25","25.93","54","944.82","3900","","","","","-111","-2","29260","1776650845457"
"8217","2026-04-19 23:07:35","25.95","54","944.78","3900","","","","","-109","1.7999999523162842","29261","1776650855472"
"8218","2026-04-19 23:07:45","25.96","53.5","944.8000000000001","3880","","","","","-106","4.800000190734863","29262","1776650865481"
"8219","2026-04-19 23:07:55","25.95","54","944.76","3880","","","","","-106","3.799999952316284","29263","1776650875476"
"8220","2026-04-19 23:08:05","25.96","54","944.74","3880","","","","","-105","5.300000190734863","29264","1776650885479"
"8221","2026-04-19 23:08:15","25.96","54","944.76","3900","","","","","-107","3","29265","1776650895598"
"8222","2026-04-19 23:08:25","25.96","53.5","944.76","3900","","","","","-103","6.5","29266","1776650905484"
"8223","2026-04-19 23:08:35","25.97","54","944.76","3880","","","","","-104","6.300000190734863","29267","1776650915471"
"8224","2026-04-19 23:08:45","25.96","54","944.74","3880","","","","","-108","1.7999999523162842","29268","1776650925442"
"8225","2026-04-19 23:08:55","25.96","54","944.76","3880","","","","","-107","3.299999952316284","29269","1776650935473"
"8226","2026-04-19 23:09:05","25.96","54","944.84","3900","","","","","-106","5.300000190734863","29270","1776650945471"
"8227","2026-04-19 23:09:15","25.96","54","944.82","3880","","","","","-107","4","29271","1776650955465"
"8228","2026-04-19 23:09:35","25.98","54","944.74","3880","","","","","-112","-6","29273","1776650975448"
"8229","2026-04-19 23:09:45","25.98","54","944.78","3900","","","","","-104","6.300000190734863","29274","1776650985447"
"8230","2026-04-19 23:09:55","25.99","53.5","944.76","3880","","","","","-104","6.5","29275","1776650995476"
"8231","2026-04-19 23:10:15","25.99","53.5","944.8000000000001","3880","","","","","-102","8","29277","1776651015451"
"8232","2026-04-19 23:10:25","26","53.5","944.8000000000001","3880","","","","","-112","-5.300000190734863","29278","1776651025480"
"8233","2026-04-19 23:10:35","26","54","944.78","3900","","","","","-106","4","29279","1776651035452"
"8234","2026-04-19 23:10:45","26","54","944.78","3880","","","","","-110","-1.5","29280","1776651045447"
"8235","2026-04-19 23:10:55","25.99","54","944.78","3880","","","","","-108","2.299999952316284","29281","1776651055479"
"8236","2026-04-19 23:11:05","25.99","53.5","944.78","3880","","","","","-103","5.5","29282","1776651065465"
"8237","2026-04-19 23:11:15","25.98","53.5","944.74","3900","","","","","-102","8","29283","1776651075442"
"8238","2026-04-19 23:11:25","25.97","53.5","944.78","3880","","","","","-110","0.5","29284","1776651085473"
"8239","2026-04-19 23:11:35","25.97","54","944.82","3880","","","","","-109","1.2999999523162842","29285","1776651095480"
"8240","2026-04-19 23:11:45","25.94","54","944.72","3900","","","","","-103","6.800000190734863","29286","1776651105474"
"8241","2026-04-19 23:11:55","25.94","54","944.8000000000001","3880","","","","","-104","6.300000190734863","29287","1776651115475"
"8242","2026-04-19 23:12:05","25.92","54","944.82","3900","","","","","-109","1.7999999523162842","29288","1776651125479"
"8243","2026-04-19 23:12:15","25.89","54","944.84","3880","","","","","-105","5.800000190734863","29289","1776651135483"
"8244","2026-04-19 23:12:25","25.87","54","944.84","3880","","","","","-109","0.800000011920929","29290","1776651145480"
"8245","2026-04-19 23:12:35","25.86","54","944.78","3880","","","","","-111","-3.5","29291","1776651155474"
"8246","2026-04-19 23:12:45","25.86","53.5","944.78","3900","","","","","-105","5.300000190734863","29292","1776651165462"
"8247","2026-04-19 23:12:55","25.86","54","944.84","3880","","","","","-107","3.799999952316284","29293","1776651175474"
"8248","2026-04-19 23:13:05","25.85","54.5","944.8000000000001","3880","","","","","-105","5.300000190734863","29294","1776651185479"
"8249","2026-04-19 23:13:15","25.84","53.5","944.82","3880","","","","","-104","6.5","29295","1776651195481"
"8250","2026-04-19 23:13:25","25.83","54.5","944.82","3880","","","","","-112","-3.799999952316284","29296","1776651205479"
"8251","2026-04-19 23:13:35","25.83","54","944.84","3880","","","","","-107","4","29297","1776651215482"
"8252","2026-04-19 23:13:45","25.83","54","944.84","3880","","","","","-107","4.5","29298","1776651225451"
"8253","2026-04-19 23:13:55","25.83","54","944.86","3880","","","","","-104","6.300000190734863","29299","1776651235480"
"8254","2026-04-19 23:14:05","25.85","54","944.82","3880","","","","","-104","6.5","29300","1776651245474"
"8255","2026-04-19 23:14:15","25.86","54","944.8000000000001","3880","","","","","-108","2.5","29301","1776651255478"
"8256","2026-04-19 23:14:25","25.87","54.5","944.8000000000001","3880","","","","","-104","6","29302","1776651265470"
"8257","2026-04-19 23:14:35","25.87","54","944.8000000000001","3880","","","","","-106","5","29303","1776651275467"
"8258","2026-04-19 23:14:45","25.87","54","944.8000000000001","3880","","","","","-108","3.299999952316284","29304","1776651285451"
"8259","2026-04-19 23:14:55","25.87","54","944.8000000000001","3880","","","","","-106","5.300000190734863","29305","1776651295480"
"8260","2026-04-19 23:15:05","25.84","54","944.84","3880","","","","","-108","3","29306","1776651305446"
"8261","2026-04-19 23:15:15","25.83","54.5","944.78","3880","","","","","-104","6.800000190734863","29307","1776651315446"
"8262","2026-04-19 23:15:25","25.83","54","944.82","3880","","","","","-105","5.300000190734863","29308","1776651325481"
"8263","2026-04-19 23:15:35","25.84","54","944.82","3880","","","","","-105","5.300000190734863","29309","1776651335470"
"8264","2026-04-19 23:15:45","25.85","54.5","944.84","3880","","","","","-109","0.5","29310","1776651345452"
"8265","2026-04-19 23:15:55","25.86","54.5","944.78","3880","","","","","-107","3.799999952316284","29311","1776651355477"
"8266","2026-04-19 23:16:05","25.85","54","944.82","3880","","","","","-106","5.300000190734863","29312","1776651365478"
"8267","2026-04-19 23:16:15","25.83","54","944.76","3880","","","","","-106","4.300000190734863","29313","1776651375453"
"8268","2026-04-19 23:16:25","25.85","54","944.8000000000001","3880","","","","","-104","6.5","29314","1776651385447"
"8269","2026-04-19 23:16:35","25.85","54","944.86","3880","","","","","-102","8","29315","1776651395488"
"8270","2026-04-19 23:16:45","25.85","54","944.82","3880","","","","","-106","4.5","29316","1776651405475"
"8271","2026-04-19 23:16:55","25.85","54","944.82","3880","","","","","-103","7.800000190734863","29317","1776651415471"
"8272","2026-04-19 23:17:05","25.85","54","944.78","3880","","","","","-103","7.5","29318","1776651425470"
"8273","2026-04-19 23:17:15","25.85","54","944.82","3880","","","","","-109","1.5","29319","1776651435479"
"8274","2026-04-19 23:17:25","25.86","54.5","944.8000000000001","3880","","","","","-109","0.800000011920929","29320","1776651445482"
"8275","2026-04-19 23:17:35","25.88","54","944.8000000000001","3880","","","","","-104","6.300000190734863","29321","1776651455456"
"8276","2026-04-19 23:17:45","25.88","54.5","944.78","3880","","","","","-105","5.800000190734863","29322","1776651465474"
"8277","2026-04-19 23:17:55","25.86","54.5","944.82","3880","","","","","-104","6.5","29323","1776651475473"
"8278","2026-04-19 23:18:05","25.86","54","944.82","3880","","","","","-107","3.5","29324","1776651485480"
"8279","2026-04-19 23:18:15","25.85","54","944.82","3880","","","","","-109","0.800000011920929","29325","1776651495449"
"8280","2026-04-19 23:18:25","25.83","54","944.8000000000001","3880","","","","","-106","5.300000190734863","29326","1776651505479"
"8281","2026-04-19 23:18:35","25.82","54.5","944.82","3880","","","","","-106","5.300000190734863","29327","1776651515457"
"8282","2026-04-19 23:18:45","25.81","54.5","944.8000000000001","3880","","","","","-108","2.799999952316284","29328","1776651525478"
"8283","2026-04-19 23:18:55","25.82","54.5","944.82","3880","","","","","-109","0.800000011920929","29329","1776651535475"
"8284","2026-04-19 23:19:05","25.82","54","944.84","3880","","","","","-105","5.5","29330","1776651545452"
"8285","2026-04-19 23:19:15","25.83","54","944.84","3880","","","","","-107","2.799999952316284","29331","1776651555480"
"8286","2026-04-19 23:19:25","25.85","54","944.84","3880","","","","","-106","5","29332","1776651565471"
"8287","2026-04-19 23:19:35","25.86","54","944.84","3880","","","","","-109","1.2999999523162842","29333","1776651575502"
"8288","2026-04-19 23:19:45","25.87","54","944.82","3880","","","","","-105","5.5","29334","1776651585450"
"8289","2026-04-19 23:19:55","25.88","54","944.86","3880","","","","","-107","3.5","29335","1776651595472"
"8290","2026-04-19 23:20:05","25.88","54.5","944.88","3880","","","","","-105","5.5","29336","1776651605474"
"8291","2026-04-19 23:20:15","25.87","54","944.84","3880","","","","","-111","-2","29337","1776651615455"
"8292","2026-04-19 23:20:25","25.86","54.5","944.86","3880","","","","","-106","4.800000190734863","29338","1776651625452"
"8293","2026-04-19 23:20:35","25.85","54.5","944.88","3880","","","","","-104","6.300000190734863","29339","1776651635454"
"8294","2026-04-19 23:20:45","25.86","54","944.9","3880","","","","","-105","5.5","29340","1776651645482"
"8295","2026-04-19 23:20:55","25.87","54","944.9200000000001","3880","","","","","-106","5","29341","1776651655480"
"8296","2026-04-19 23:21:05","25.88","54","944.86","3880","","","","","-106","5.300000190734863","29342","1776651665445"
"8297","2026-04-19 23:21:15","25.9","54","944.9","3880","","","","","-107","4","29343","1776651675479"
"8298","2026-04-19 23:21:25","25.91","54","944.9200000000001","3880","","","","","-105","5.300000190734863","29344","1776651685476"
"8299","2026-04-19 23:21:35","25.91","54","944.9200000000001","3880","","","","","-106","4.5","29345","1776651695456"
"8300","2026-04-19 23:21:45","25.92","54","944.9","3880","","","","","-107","3.799999952316284","29346","1776651705469"
"8301","2026-04-19 23:21:55","25.94","54.5","944.9200000000001","3880","","","","","-106","4.300000190734863","29347","1776651715469"
"8302","2026-04-19 23:22:05","25.94","54","944.88","3880","","","","","-104","6.5","29348","1776651725473"
"8303","2026-04-19 23:22:15","25.94","54","944.96","3880","","","","","-103","7","29349","1776651735480"
"8304","2026-04-19 23:22:25","25.92","54","944.9200000000001","3880","","","","","-105","5.800000190734863","29350","1776651745480"
"8305","2026-04-19 23:22:35","25.92","54.5","944.9","3880","","","","","-107","4","29351","1776651755465"
"8306","2026-04-19 23:22:45","25.91","53.5","944.96","3880","","","","","-104","6.5","29352","1776651765483"
"8307","2026-04-19 23:22:55","25.89","54","944.94","3880","","","","","-106","4.800000190734863","29353","1776651775476"
"8308","2026-04-19 23:23:05","25.9","54.5","944.9200000000001","3880","","","","","-109","1.2999999523162842","29354","1776651785463"
"8309","2026-04-19 23:23:15","25.9","54.5","944.96","3880","","","","","-109","0.800000011920929","29355","1776651795469"
"8310","2026-04-19 23:23:25","25.9","54.5","944.9","3880","","","","","-107","3.799999952316284","29356","1776651805478"
"8311","2026-04-19 23:23:35","25.89","54","944.96","3880","","","","","-104","6","29357","1776651815479"
"8312","2026-04-19 23:23:45","25.89","54.5","945","3880","","","","","-104","6.5","29358","1776651825473"
"8313","2026-04-19 23:23:55","25.89","54","944.96","3880","","","","","-105","5.300000190734863","29359","1776651835468"
"8314","2026-04-19 23:24:05","25.89","54","945","3880","","","","","-107","3.299999952316284","29360","1776651845473"
"8315","2026-04-19 23:24:15","25.89","54","944.96","3880","","","","","-111","-1.5","29361","1776651855440"
"8316","2026-04-19 23:24:25","25.89","54","944.96","3880","","","","","-105","5.300000190734863","29362","1776651865444"
"8317","2026-04-19 23:24:35","25.89","54.5","944.94","3880","","","","","-107","3.799999952316284","29363","1776651875477"
"8318","2026-04-19 23:24:45","25.89","54.5","944.98","3880","","","","","-105","5.5","29364","1776651885451"
"8319","2026-04-19 23:24:55","25.89","54.5","945","3880","","","","","-108","2.5","29365","1776651895446"
"8320","2026-04-19 23:25:05","25.88","54.5","945.02","3880","","","","","-107","3.5","29366","1776651905465"
"8321","2026-04-19 23:25:25","25.86","54.5","944.94","3880","","","","","-108","2.299999952316284","29368","1776651925477"
"8322","2026-04-19 23:25:35","25.86","54.5","944.96","3880","","","","","-110","-1","29369","1776651935471"
"8323","2026-04-19 23:25:45","25.85","54.5","944.96","3880","","","","","-108","2.5","29370","1776651945442"
"8324","2026-04-19 23:25:55","25.87","54","944.96","3880","","","","","-106","5.300000190734863","29371","1776651955478"
"8325","2026-04-19 23:26:05","25.87","54.5","945","3880","","","","","-108","2.799999952316284","29372","1776651965476"
"8326","2026-04-19 23:26:15","25.86","54.5","945","3880","","","","","-106","4.800000190734863","29373","1776651975472"
"8327","2026-04-19 23:26:25","25.87","54","945","3880","","","","","-105","5.800000190734863","29374","1776651985472"
"8328","2026-04-19 23:26:35","25.87","54","945","3880","","","","","-107","3.5","29375","1776651995464"
"8329","2026-04-19 23:26:45","25.87","54","945.02","3880","","","","","-106","4.800000190734863","29376","1776652005469"
"8330","2026-04-19 23:26:55","25.86","54","944.98","3880","","","","","-106","4.800000190734863","29377","1776652015470"
"8331","2026-04-19 23:27:05","25.85","54.5","944.96","3880","","","","","-104","6.5","29378","1776652025480"
"8332","2026-04-19 23:27:15","25.86","54","944.94","3880","","","","","-105","5.5","29379","1776652035457"
"8333","2026-04-19 23:27:25","25.88","54.5","944.98","3880","","","","","-108","3","29380","1776652045476"
"8334","2026-04-19 23:27:35","25.89","54.5","944.98","3880","","","","","-105","5.800000190734863","29381","1776652055445"
"8335","2026-04-19 23:27:45","25.89","54","944.96","3880","","","","","-107","4","29382","1776652065473"
"8336","2026-04-19 23:27:55","25.89","54.5","944.98","3880","","","","","-111","-1.2999999523162842","29383","1776652075472"
"8337","2026-04-19 23:28:05","25.89","54.5","944.9200000000001","3880","","","","","-107","3.799999952316284","29384","1776652085484"
"8338","2026-04-19 23:28:15","25.9","54.5","944.96","3880","","","","","-110","-0.30000001192092896","29385","1776652095477"
"8339","2026-04-19 23:28:25","25.9","54","944.98","3880","","","","","-110","-0.30000001192092896","29386","1776652105483"
"8340","2026-04-19 23:28:35","25.9","54","945","3880","","","","","-106","4.300000190734863","29387","1776652115479"
"8341","2026-04-19 23:28:45","25.9","54","945.02","3880","","","","","-106","4.5","29388","1776652125475"
"8342","2026-04-19 23:28:55","25.91","54","944.98","3880","","","","","-106","4.300000190734863","29389","1776652135480"
"8343","2026-04-19 23:29:05","25.92","54","944.96","3880","","","","","-108","3","29390","1776652145454"
"8344","2026-04-19 23:29:15","25.92","54.5","944.98","3880","","","","","-107","4","29391","1776652155477"
"8345","2026-04-19 23:29:25","25.93","54","944.98","3880","","","","","-111","-2","29392","1776652165477"
"8346","2026-04-19 23:29:35","25.93","53.5","945","3880","","","","","-106","4.5","29393","1776652175480"
"8347","2026-04-19 23:29:45","25.93","54.5","945.02","3880","","","","","-103","7","29394","1776652185472"
"8348","2026-04-19 23:29:55","25.94","54","945.02","3880","","","","","-108","2.5","29395","1776652195476"
"8349","2026-04-19 23:30:05","25.95","54","945.02","3880","","","","","-107","3.799999952316284","29396","1776652205443"
"8350","2026-04-19 23:30:15","25.95","54","944.98","3880","","","","","-106","5","29397","1776652215450"
"8351","2026-04-19 23:30:25","25.95","54","945.02","3880","","","","","-109","1.2999999523162842","29398","1776652225470"
"8352","2026-04-19 23:30:35","25.96","54","945","3880","","","","","-110","-0.30000001192092896","29399","1776652235452"
"8353","2026-04-19 23:30:45","25.96","54","945","3880","","","","","-105","5.300000190734863","29400","1776652245461"
"8354","2026-04-19 23:30:55","25.95","54.5","945","3880","","","","","-106","5","29401","1776652255467"
"8355","2026-04-19 23:31:05","25.93","54","944.96","3960","","","","","-107","2.799999952316284","29402","1776652265480"
"8356","2026-04-19 23:31:15","25.92","54","945.02","3960","","","","","-110","-0.800000011920929","29403","1776652275452"
"8357","2026-04-19 23:31:25","25.93","54","945.02","3960","","","","","-107","3.5","29404","1776652285439"
"8358","2026-04-19 23:31:35","25.92","54","944.98","3960","","","","","-106","4.5","29405","1776652295473"
"8359","2026-04-19 23:31:45","25.88","54","944.98","3960","","","","","-106","5","29406","1776652305473"
"8360","2026-04-19 23:31:55","25.86","54","945.02","3960","","","","","-108","2.299999952316284","29407","1776652315474"
"8361","2026-04-19 23:32:05","25.87","54.5","944.98","3960","","","","","-108","2","29408","1776652325447"
"8362","2026-04-19 23:32:15","25.87","54.5","944.96","3960","","","","","-103","5.800000190734863","29409","1776652335443"
"8363","2026-04-19 23:32:25","25.88","54","945","3960","","","","","-107","4","29410","1776652345480"
"8364","2026-04-19 23:32:35","25.87","54","945","3960","","","","","-108","2.299999952316284","29411","1776652355457"
"8365","2026-04-19 23:32:45","25.87","54","944.98","3960","","","","","-105","5","29412","1776652365465"
"8366","2026-04-19 23:32:55","25.87","54.5","945","3960","","","","","-108","3.299999952316284","29413","1776652375473"
"8367","2026-04-19 23:33:05","25.87","54.5","945","3960","","","","","-107","4","29414","1776652385472"
"8368","2026-04-19 23:33:15","25.87","54","945","3960","","","","","-109","-0.30000001192092896","29415","1776652395445"
"8369","2026-04-19 23:33:25","25.87","54","945","3960","","","","","-107","3.5","29416","1776652405477"
"8370","2026-04-19 23:33:35","25.87","54","945","3960","","","","","-109","0.30000001192092896","29417","1776652415498"
"8371","2026-04-19 23:33:45","25.87","54.5","945","3960","","","","","-107","4","29418","1776652425469"
"8372","2026-04-19 23:33:55","25.88","54","945","3960","","","","","-108","2.299999952316284","29419","1776652435469"
"8373","2026-04-19 23:34:05","25.88","54","944.98","3960","","","","","-108","2.299999952316284","29420","1776652445474"
"8374","2026-04-19 23:34:15","25.89","54","944.98","3960","","","","","-108","2.799999952316284","29421","1776652455453"
"8375","2026-04-19 23:34:25","25.89","54","945","3960","","","","","-107","3.799999952316284","29422","1776652465475"
"8376","2026-04-19 23:34:35","25.91","54","945","3960","","","","","-105","5.300000190734863","29423","1776652475477"
"8377","2026-04-19 23:34:45","25.94","54.5","945","3960","","","","","-106","5.300000190734863","29424","1776652485475"
"8378","2026-04-19 23:34:55","25.95","54.5","945","3960","","","","","-107","3.299999952316284","29425","1776652495441"
"8379","2026-04-19 23:35:05","25.96","54.5","945.02","3960","","","","","-109","1.7999999523162842","29426","1776652505442"
"8380","2026-04-19 23:35:15","25.96","54","945.02","3960","","","","","-107","4","29427","1776652515497"
"8381","2026-04-19 23:35:25","25.98","54","945","3980","","","","","-104","5.5","29428","1776652525470"
"8382","2026-04-19 23:35:35","25.99","53.5","944.98","3960","","","","","-104","5.800000190734863","29429","1776652535437"
"8383","2026-04-19 23:35:45","25.99","54","945","3960","","","","","-106","4.800000190734863","29430","1776652545475"
"8384","2026-04-19 23:35:55","25.98","54","945","3920","","","","","-105","5.5","29431","1776652555480"
"8385","2026-04-19 23:36:05","25.98","54","945.02","3920","","","","","-106","4.300000190734863","29432","1776652565472"
"8386","2026-04-19 23:36:15","25.97","54","944.98","3920","","","","","-110","-0.5","29433","1776652575477"
"8387","2026-04-19 23:36:25","25.98","54","945","3920","","","","","-109","0.30000001192092896","29434","1776652585479"
"8388","2026-04-19 23:36:35","25.98","54","944.98","3920","","","","","-106","4.800000190734863","29435","1776652595455"
"8389","2026-04-19 23:36:45","25.98","54","945","3920","","","","","-109","1.7999999523162842","29436","1776652605463"
"8390","2026-04-19 23:36:55","25.98","54","945.02","3920","","","","","-106","4.300000190734863","29437","1776652615478"
"8391","2026-04-19 23:37:05","25.99","54","945.02","3920","","","","","-105","5.800000190734863","29438","1776652625469"
"8392","2026-04-19 23:37:15","25.98","54.5","945.02","3920","","","","","-105","5.800000190734863","29439","1776652635474"
"8393","2026-04-19 23:37:25","25.98","54","945","3900","","","","","-107","3.5","29440","1776652645468"
"8394","2026-04-19 23:37:35","25.97","54","944.98","3900","","","","","-104","5.800000190734863","29441","1776652655475"
"8395","2026-04-19 23:37:45","25.98","54","945","3920","","","","","-104","6.300000190734863","29442","1776652665444"
"8396","2026-04-19 23:37:55","25.98","54.5","944.98","3920","","","","","-104","6.800000190734863","29443","1776652675471"
"8397","2026-04-19 23:38:05","25.98","54.5","945","3900","","","","","-103","6.800000190734863","29444","1776652685504"
"8398","2026-04-19 23:38:15","25.97","54","944.96","3920","","","","","-103","7","29445","1776652695437"
"8399","2026-04-19 23:38:25","25.98","54","944.96","3900","","","","","-106","4.5","29446","1776652705470"
"8400","2026-04-19 23:38:35","25.97","54","944.94","3900","","","","","-106","5.300000190734863","29447","1776652715469"
"8401","2026-04-19 23:38:45","25.96","54","944.98","3900","","","","","-109","1.5","29448","1776652725445"
"8402","2026-04-19 23:38:55","25.95","54","944.96","3900","","","","","-111","-2.5","29449","1776652735561"
"8403","2026-04-19 23:39:05","25.94","54","944.96","3900","","","","","-107","3.5","29450","1776652745466"
"8404","2026-04-19 23:39:15","25.93","54","944.96","3900","","","","","-103","7.5","29451","1776652755474"
"8405","2026-04-19 23:39:25","25.92","54.5","944.94","3900","","","","","-110","-0.800000011920929","29452","1776652765478"
"8406","2026-04-19 23:39:35","25.92","54","944.96","3900","","","","","-106","4.5","29453","1776652775476"
"8407","2026-04-19 23:39:45","25.9","54","944.96","3900","","","","","-106","4.800000190734863","29454","1776652785488"
"8408","2026-04-19 23:39:55","25.9","54","944.96","3900","","","","","-107","3.5","29455","1776652795466"
"8409","2026-04-19 23:40:05","25.9","54","944.96","3900","","","","","-108","2.799999952316284","29456","1776652805477"
"8410","2026-04-19 23:40:15","25.91","54","944.96","3900","","","","","-109","1.5","29457","1776652815474"
"8411","2026-04-19 23:40:25","25.91","54","944.96","3900","","","","","-110","-0.5","29458","1776652825470"
"8412","2026-04-19 23:40:35","25.96","54","944.98","3900","","","","","-109","0.5","29459","1776652835454"
"8413","2026-04-19 23:40:45","25.96","54","945","3900","","","","","-106","4.300000190734863","29460","1776652845462"
"8414","2026-04-19 23:40:55","25.96","54","944.98","3900","","","","","-107","3.799999952316284","29461","1776652855439"
"8415","2026-04-19 23:41:05","25.96","54","944.94","3900","","","","","-106","4.800000190734863","29462","1776652865467"
"8416","2026-04-19 23:41:15","25.95","54","945","3900","","","","","-102","8","29463","1776652875476"
"8417","2026-04-19 23:41:25","25.94","54.5","944.98","3900","","","","","-106","4.300000190734863","29464","1776652885475"
"8418","2026-04-19 23:41:35","25.94","54","944.98","3900","","","","","-105","5.800000190734863","29465","1776652895487"
"8419","2026-04-19 23:41:45","25.95","54","945","3900","","","","","-105","5.5","29466","1776652905450"
"8420","2026-04-19 23:41:55","25.94","54.5","945","3900","","","","","-105","6","29467","1776652915476"
"8421","2026-04-19 23:42:05","25.91","54","945","3900","","","","","-107","4","29468","1776652925454"
"8422","2026-04-19 23:42:15","25.9","54","945","3900","","","","","-110","-0.800000011920929","29469","1776652935474"
"8423","2026-04-19 23:42:25","25.89","54","944.96","3900","","","","","-107","4","29470","1776652945475"
"8424","2026-04-19 23:42:35","25.88","54.5","945","3900","","","","","-105","5.300000190734863","29471","1776652955470"
"8425","2026-04-19 23:42:45","25.88","54","945","3900","","","","","-107","3.299999952316284","29472","1776652965442"
"8426","2026-04-19 23:42:55","25.88","54.5","945.02","3900","","","","","-107","3.5","29473","1776652975468"
"8427","2026-04-19 23:43:05","25.88","54.5","944.98","3900","","","","","-106","5","29474","1776652985471"
"8428","2026-04-19 23:43:15","25.88","54.5","944.98","3900","","","","","-103","7","29475","1776652995469"
"8429","2026-04-19 23:43:25","25.88","54","945","3900","","","","","-109","1.5","29476","1776653005473"
"8430","2026-04-19 23:43:35","25.89","54.5","944.98","3900","","","","","-106","4.5","29477","1776653015448"
"8431","2026-04-19 23:43:45","25.87","54","944.98","3900","","","","","-108","2.5","29478","1776653025439"
"8432","2026-04-19 23:43:55","25.88","54","945","3900","","","","","-106","4","29479","1776653035468"
"8433","2026-04-19 23:44:05","25.87","54","945","3900","","","","","-107","3.5","29480","1776653045475"
"8434","2026-04-19 23:44:15","25.89","54.5","944.98","3900","","","","","-104","6","29481","1776653055498"
"8435","2026-04-19 23:44:25","25.89","54.5","944.94","3900","","","","","-109","0.800000011920929","29482","1776653065467"
"8436","2026-04-19 23:44:35","25.89","54.5","944.98","3900","","","","","-109","1.7999999523162842","29483","1776653075448"
"8437","2026-04-19 23:44:45","25.88","54","945.02","3900","","","","","-104","6","29484","1776653085474"
"8438","2026-04-19 23:44:55","25.86","54.5","944.98","3900","","","","","-104","6.5","29485","1776653095472"
"8439","2026-04-19 23:45:05","25.87","54.5","944.96","3880","","","","","-107","2.799999952316284","29486","1776653105478"
"8440","2026-04-19 23:45:15","25.86","54","944.96","3900","","","","","-107","3.5","29487","1776653115466"
"8441","2026-04-19 23:45:25","25.87","54.5","944.96","3900","","","","","-110","-0.5","29488","1776653125470"
"8442","2026-04-19 23:45:35","25.88","54.5","944.96","3900","","","","","-106","5","29489","1776653135437"
"8443","2026-04-19 23:45:45","25.88","54","944.98","3900","","","","","-107","3","29490","1776653145476"
"8444","2026-04-19 23:45:55","25.9","54.5","944.96","3900","","","","","-107","3.5","29491","1776653155476"
"8445","2026-04-19 23:46:05","25.9","54.5","944.96","3880","","","","","-106","3.799999952316284","29492","1776653165470"
"8446","2026-04-19 23:46:15","25.87","54","945","3880","","","","","-105","5.800000190734863","29493","1776653175440"
"8447","2026-04-19 23:46:25","25.87","54.5","944.98","3900","","","","","-110","-1.5","29494","1776653185470"
"8448","2026-04-19 23:46:35","25.88","54","944.96","3900","","","","","-109","1.5","29495","1776653195477"
"8449","2026-04-19 23:46:45","25.87","54","944.96","3900","","","","","-110","-1.2999999523162842","29496","1776653205456"
"8450","2026-04-19 23:46:55","25.89","54","944.96","3900","","","","","-108","2.799999952316284","29497","1776653215475"
"8451","2026-04-19 23:47:05","25.91","54","944.94","3900","","","","","-107","3.5","29498","1776653225473"
"8452","2026-04-19 23:47:15","25.9","54","944.94","3900","","","","","-106","5","29499","1776653235476"
"8453","2026-04-19 23:47:25","25.91","54","944.9200000000001","3900","","","","","-108","2.5","29500","1776653245470"
"8454","2026-04-19 23:47:35","25.91","54.5","944.98","3900","","","","","-106","4.800000190734863","29501","1776653255443"
"8455","2026-04-19 23:47:45","25.91","54","944.9200000000001","3900","","","","","-106","5.300000190734863","29502","1776653265442"
"8456","2026-04-19 23:47:55","25.91","54","944.94","3880","","","","","-107","2.799999952316284","29503","1776653275467"
"8457","2026-04-19 23:48:05","25.94","53.5","944.9200000000001","3900","","","","","-108","2","29504","1776653285449"
"8458","2026-04-19 23:48:15","25.94","54","944.9200000000001","3880","","","","","-109","1.5","29505","1776653295439"
"8459","2026-04-19 23:48:25","25.95","54","944.94","3900","","","","","-107","4","29506","1776653305469"
"8460","2026-04-19 23:48:35","25.93","54","944.9","3880","","","","","-109","1.2999999523162842","29507","1776653315451"
"8461","2026-04-19 23:48:45","25.94","54","944.98","3900","","","","","-106","5","29508","1776653325469"
"8462","2026-04-19 23:48:55","25.94","54.5","944.94","3900","","","","","-103","7.300000190734863","29509","1776653335469"
"8463","2026-04-19 23:49:05","25.92","54","944.96","3880","","","","","-107","3.299999952316284","29510","1776653345469"
"8464","2026-04-19 23:49:15","25.92","54","944.94","3900","","","","","-105","5.300000190734863","29511","1776653355469"
"8465","2026-04-19 23:49:25","25.92","54","944.9","3900","","","","","-108","2.5","29512","1776653365471"
"8466","2026-04-19 23:49:35","25.91","54","944.9200000000001","3880","","","","","-105","5.300000190734863","29513","1776653375469"
"8467","2026-04-19 23:49:45","25.9","54.5","944.9","3900","","","","","-106","4","29514","1776653385437"
"8468","2026-04-19 23:49:55","25.89","54.5","944.9200000000001","3900","","","","","-107","3","29515","1776653395474"
"8469","2026-04-19 23:50:05","25.87","54","944.9","3900","","","","","-112","-5.800000190734863","29516","1776653405439"
"8470","2026-04-19 23:50:15","25.86","54","944.9","3900","","","","","-106","4","29517","1776653415450"
"8471","2026-04-19 23:50:25","25.86","54","944.9","3880","","","","","-104","6.300000190734863","29518","1776653425465"
"8472","2026-04-19 23:50:35","25.85","54","944.88","3880","","","","","-108","2.5","29519","1776653435466"
"8473","2026-04-19 23:50:45","25.86","54.5","944.9","3880","","","","","-103","7.800000190734863","29520","1776653445445"
"8474","2026-04-19 23:50:55","25.86","54.5","944.9","3880","","","","","-109","1.2999999523162842","29521","1776653455468"
"8475","2026-04-19 23:51:05","25.86","54","944.98","3900","","","","","-108","2","29522","1776653465445"
"8476","2026-04-19 23:51:15","25.86","54","944.9","3880","","","","","-104","6.800000190734863","29523","1776653475469"
"8477","2026-04-19 23:51:25","25.85","54","944.94","3880","","","","","-109","1.5","29524","1776653485467"
"8478","2026-04-19 23:51:35","25.86","54","944.9","3880","","","","","-104","6.300000190734863","29525","1776653495473"
"8479","2026-04-19 23:51:45","25.89","54","944.9","3900","","","","","-106","4","29526","1776653505447"
"8480","2026-04-19 23:51:55","25.89","54.5","944.9200000000001","3880","","","","","-103","6.800000190734863","29527","1776653515474"
"8481","2026-04-19 23:52:05","25.9","54.5","944.9","3900","","","","","-109","0","29528","1776653525475"
"8482","2026-04-19 23:52:15","25.9","54","944.88","3880","","","","","-109","0.5","29529","1776653535474"
"8483","2026-04-19 23:52:25","25.9","54","944.9","3880","","","","","-107","3.799999952316284","29530","1776653545467"
"8484","2026-04-19 23:52:35","25.91","54.5","944.88","3880","","","","","-109","1.2999999523162842","29531","1776653555466"
"8485","2026-04-19 23:52:45","25.93","54","944.88","3900","","","","","-110","-0.800000011920929","29532","1776653565468"
"8486","2026-04-19 23:52:55","25.92","54","944.88","3880","","","","","-106","4.800000190734863","29533","1776653575476"
"8487","2026-04-19 23:53:05","25.92","54","944.9200000000001","3880","","","","","-107","3.5","29534","1776653585474"
"8488","2026-04-19 23:53:15","25.9","54","944.88","3880","","","","","-105","5.5","29535","1776653595469"
"8489","2026-04-19 23:53:25","25.89","54","944.88","3880","","","","","-109","1","29536","1776653605472"
"8490","2026-04-19 23:53:35","25.89","54","944.88","3880","","","","","-107","3","29537","1776653615467"
"8491","2026-04-19 23:53:45","25.89","54","944.98","3880","","","","","-103","7","29538","1776653625444"
"8492","2026-04-19 23:53:55","25.87","54","944.9","3880","","","","","-104","6.5","29539","1776653635479"
"8493","2026-04-19 23:54:05","25.86","54","944.86","3880","","","","","-108","1.7999999523162842","29540","1776653645478"
"8494","2026-04-19 23:54:15","25.86","54","944.88","3880","","","","","-107","3","29541","1776653655437"
"8495","2026-04-19 23:54:25","25.84","54.5","944.9","3880","","","","","-108","2","29542","1776653665477"
"8496","2026-04-19 23:54:35","25.83","54","944.9","3880","","","","","-105","5","29543","1776653675464"
"8497","2026-04-19 23:54:45","25.83","54","944.9","3880","","","","","-106","5.300000190734863","29544","1776653685480"
"8498","2026-04-19 23:54:55","25.84","54","944.9200000000001","3880","","","","","-107","3.299999952316284","29545","1776653695479"
"8499","2026-04-19 23:55:05","25.82","54.5","944.88","3880","","","","","-105","4.300000190734863","29546","1776653705475"
"8500","2026-04-19 23:55:15","25.82","54","944.88","3880","","","","","-105","5.300000190734863","29547","1776653715442"
"8501","2026-04-19 23:55:25","25.81","54.5","944.88","3880","","","","","-106","4.300000190734863","29548","1776653725476"
"8502","2026-04-19 23:55:35","25.81","54.5","944.88","3880","","","","","-107","3.5","29549","1776653735440"
"8503","2026-04-19 23:55:45","25.82","54","944.86","3880","","","","","-103","7.5","29550","1776653745479"
"8504","2026-04-19 23:55:55","25.84","54.5","944.9","3880","","","","","-106","4.800000190734863","29551","1776653755465"
"8505","2026-04-19 23:56:05","25.86","54","944.9","3880","","","","","-103","6.800000190734863","29552","1776653765464"
"8506","2026-04-19 23:56:15","25.86","54","944.88","3880","","","","","-106","4","29553","1776653775451"
"8507","2026-04-19 23:56:25","25.86","54.5","944.88","3880","","","","","-105","5.5","29554","1776653785468"
"8508","2026-04-19 23:56:35","25.85","54","944.88","3880","","","","","-109","0.5","29555","1776653795468"
"8509","2026-04-19 23:56:45","25.84","54.5","944.9","3880","","","","","-104","6.5","29556","1776653805466"
"8510","2026-04-19 23:56:55","25.83","54","944.88","3880","","","","","-102","7.800000190734863","29557","1776653815467"
"8511","2026-04-19 23:57:05","25.83","54","944.88","3880","","","","","-107","4","29558","1776653825472"
"8512","2026-04-19 23:57:15","25.82","54","944.84","3880","","","","","-107","4","29559","1776653835466"
"8513","2026-04-19 23:57:25","25.81","54","944.9","3880","","","","","-109","1.7999999523162842","29560","1776653845469"
"8514","2026-04-19 23:57:35","25.8","54.5","944.9","3880","","","","","-109","1.2999999523162842","29561","1776653855474"
"8515","2026-04-19 23:57:45","25.81","54","944.9","3880","","","","","-104","6.300000190734863","29562","1776653865471"
"8516","2026-04-19 23:57:55","25.79","54.5","944.94","3880","","","","","-109","1.5","29563","1776653875468"
"8517","2026-04-19 23:58:05","25.78","54","944.88","3880","","","","","-104","6.300000190734863","29564","1776653885468"
"8518","2026-04-19 23:58:15","25.77","54.5","944.88","3880","","","","","-104","6.300000190734863","29565","1776653895467"
"8519","2026-04-19 23:58:25","25.78","54","944.88","3880","","","","","-106","4.300000190734863","29566","1776653905478"
"8520","2026-04-19 23:58:35","25.81","54.5","944.88","3880","","","","","-107","3","29567","1776653915453"
"8521","2026-04-19 23:58:45","25.81","54","944.9","3880","","","","","-111","-2.5","29568","1776653925462"
"8522","2026-04-19 23:58:55","25.81","54","944.88","3880","","","","","-104","5.5","29569","1776653935475"
"8523","2026-04-19 23:59:05","25.82","54.5","944.9","3880","","","","","-102","7.800000190734863","29570","1776653945469"
"8524","2026-04-19 23:59:15","25.79","54","944.9","3880","","","","","-107","4.300000190734863","29571","1776653955447"
"8525","2026-04-19 23:59:25","25.75","54.5","944.9","3880","","","","","-104","6","29572","1776653965472"
"8526","2026-04-19 23:59:35","25.73","54","944.88","3880","","","","","-111","-2","29573","1776653975466"
"8527","2026-04-19 23:59:45","25.71","54.5","944.88","3880","","","","","-105","5.5","29574","1776653985470"
"8528","2026-04-19 23:59:55","25.68","54.5","944.86","3880","","","","","-106","4.800000190734863","29575","1776653995476"
