"Nº","Data e Hora (America/Sao_Paulo)","Temperatura (°C)","Umidade Relativa (%)","Pressão Atmosférica (hPa)","Tensão do Sistema (mV)","Luminosidade (lux)","Latitude (°)","Longitude (°)","Altitude (m)","RSSI (dBm)","SNR (dB)","Frame Counter","Timestamp Aquisição (ms)"
"1","2026-03-03 00:00:12","22.2","61","943.4200000000001","3060","0","","","","-114","-5.8","49286","1772506812751"
"2","2026-03-03 00:02:12","22.2","61","943.46","3120","0","","","","-113","-4.3","49288","1772506932751"
"3","2026-03-03 00:03:13","22.22","61","943.5600000000001","3100","0","","","","-114","-10","49289","1772506992763"
"4","2026-03-03 00:05:12","22.21","61","943.54","3120","0","","","","-114","-4.8","49291","1772507112751"
"5","2026-03-03 00:06:12","22.18","61","943.52","3100","0","","","","-113","-2.8","49292","1772507172757"
"6","2026-03-03 00:07:12","22.17","61","943.48","3120","0","","","","-113","-4","49293","1772507232755"
"7","2026-03-03 00:08:12","22.16","61","943.52","3080","0","","","","-114","-8","49294","1772507292760"
"8","2026-03-03 00:09:12","22.17","61","943.5600000000001","3080","0","","","","-114","-7","49295","1772507352743"
"9","2026-03-03 00:10:12","22.15","61","943.52","3060","0","","","","-114","-7","49296","1772507412747"
"10","2026-03-03 00:12:12","22.17","61","943.5","3060","0","","","","-113","-3.5","49298","1772507532751"
"11","2026-03-03 00:13:12","22.19","60.5","943.52","3120","0","","","","-114","-5.5","49299","1772507592752"
"12","2026-03-03 00:14:12","22.18","60.5","943.48","3080","0","","","","-113","-2.5","49300","1772507652760"
"13","2026-03-03 00:15:12","22.18","60.5","943.48","3120","0","","","","-113","-4.3","49301","1772507712750"
"14","2026-03-03 00:16:12","22.2","60.5","943.5","3080","0","","","","-113","-3.3","49302","1772507772753"
"15","2026-03-03 00:17:12","22.18","60.5","943.48","3060","0","","","","-114","-9.5","49303","1772507832753"
"16","2026-03-03 00:18:12","22.19","60.5","943.4","3060","0","","","","-114","-4.8","49304","1772507892755"
"17","2026-03-03 00:19:12","22.19","60.5","943.4200000000001","3060","0","","","","-114","-7.8","49305","1772507952755"
"18","2026-03-03 00:20:12","22.19","60.5","943.46","3060","0","","","","-113","-4.5","49306","1772508012756"
"19","2026-03-03 00:21:12","22.18","60.5","943.46","3100","0","","","","-113","-4.5","49307","1772508072749"
"20","2026-03-03 00:22:12","22.15","60.5","943.44","3120","0","","","","-114","-9.3","49308","1772508132755"
"21","2026-03-03 00:24:12","22.14","60.5","943.46","3120","0","","","","-113","-4.3","49310","1772508252799"
"22","2026-03-03 00:26:12","22.12","60.5","943.5","3100","0","","","","-113","-6.8","49312","1772508372766"
"23","2026-03-03 00:27:12","22.12","60","943.4200000000001","3060","0","","","","-113","-4.3","49313","1772508432752"
"24","2026-03-03 00:29:13","22.11","60","943.4200000000001","3060","0","","","","-113","-4.8","49315","1772508552753"
"25","2026-03-03 00:30:12","22.12","60","943.34","3060","0","","","","-112","-3.5","49316","1772508612764"
"26","2026-03-03 00:31:12","22.1","60","943.38","3060","0","","","","-113","-4.5","49317","1772508672748"
"27","2026-03-03 00:32:12","22.11","60","943.28","3080","0","","","","-114","-7.3","49318","1772508732751"
"28","2026-03-03 00:35:12","22.13","60","943.26","3080","0","","","","-114","-7","49321","1772508912756"
"29","2026-03-03 00:37:12","22.14","59.5","943.24","3080","0","","","","-113","-5.8","49323","1772509032743"
"30","2026-03-03 00:39:12","22.16","59.5","943.22","3080","0","","","","-114","-9.5","49325","1772509152751"
"31","2026-03-03 00:40:12","22.17","59.5","943.24","3100","0","","","","-114","-6.8","49326","1772509212762"
"32","2026-03-03 00:42:12","22.16","59.5","943.24","3080","0","","","","-113","-6.3","49328","1772509332748"
"33","2026-03-03 00:44:12","22.15","59.5","943.22","3100","0","","","","-114","-8.5","49330","1772509452748"
"34","2026-03-03 00:45:12","22.15","59","943.32","3060","0","","","","-114","-5.8","49331","1772509512751"
"35","2026-03-03 00:47:12","22.1","59","943.2","3100","0","","","","-113","-7","49333","1772509632751"
"36","2026-03-03 00:48:12","22.08","59","943.22","3080","0","","","","-112","-2.8","49334","1772509692751"
"37","2026-03-03 00:49:12","22.09","59","943.2","3060","0","","","","-113","-5","49335","1772509752747"
"38","2026-03-03 00:50:12","22.1","59","943.1800000000001","3060","0","","","","-113","-5","49336","1772509812754"
"39","2026-03-03 00:52:13","22.12","59","943.1","3040","0","","","","-112","-4","49338","1772509932762"
"40","2026-03-03 00:54:12","22.11","59","943.08","3040","0","","","","-112","-4.3","49340","1772510052750"
"41","2026-03-03 00:57:12","22.09","58.5","943.1","3040","0","","","","-112","-2.5","49343","1772510232758"
"42","2026-03-03 00:58:12","22.09","58.5","943.08","3060","0","","","","-113","-3","49344","1772510292754"
"43","2026-03-03 01:00:12","22.1","58.5","943.12","3080","0","","","","-113","-5.3","49346","1772510412753"
"44","2026-03-03 01:01:12","22.1","58.5","943.1","3080","0","","","","-114","-6.3","49347","1772510472751"
"45","2026-03-03 01:03:12","22.09","58.5","943.08","3100","0","","","","-113","-4.8","49349","1772510592846"
"46","2026-03-03 01:04:12","22.1","58.5","943.0600000000001","3060","0","","","","-114","-7.8","49350","1772510652753"
"47","2026-03-03 01:05:12","22.08","58.5","943.04","3060","0","","","","-113","-7","49351","1772510712755"
"48","2026-03-03 01:06:12","22.07","58.5","943.02","3080","0","","","","-113","-3.8","49352","1772510772753"
"49","2026-03-03 01:11:12","22.03","58.5","943.02","3040","0","","","","-114","-6.5","49357","1772511072756"
"50","2026-03-03 01:12:12","22.02","58.5","942.96","3040","0","","","","-114","-9.8","49358","1772511132746"
"51","2026-03-03 01:13:12","22.03","58.5","943.02","3080","0","","","","-114","-7","49359","1772511192746"
"52","2026-03-03 01:16:12","22.05","58.5","942.9200000000001","3100","0","","","","-113","-3","49362","1772511372832"
"53","2026-03-03 01:19:12","22.03","58.5","942.88","3080","0","","","","-113","-4","49365","1772511552753"
"54","2026-03-03 01:20:12","22.02","58.5","942.9","3060","0","","","","-113","-5","49366","1772511612754"
"55","2026-03-03 01:22:12","22","58.5","942.86","3100","0","","","","-114","-10.3","49368","1772511732759"
"56","2026-03-03 01:23:12","22.02","58.5","942.84","3080","0","","","","-113","-4.8","49369","1772511792758"
"57","2026-03-03 01:24:12","22.03","58.5","942.8000000000001","3060","0","","","","-113","-4.8","49370","1772511852746"
"58","2026-03-03 01:25:12","22.05","58.5","942.82","3080","0","","","","-113","-5.8","49371","1772511912756"
"59","2026-03-03 01:27:13","22.04","58","942.8000000000001","3080","0","","","","-113","-6.8","49373","1772512032756"
"60","2026-03-03 01:28:12","22.04","58.5","942.9","3040","0","","","","-113","-4","49374","1772512092750"
"61","2026-03-03 01:29:12","22","58.5","942.84","3060","0","","","","-114","-8.3","49375","1772512152748"
"62","2026-03-03 01:30:13","22","58.5","942.78","3020","0","","","","-112","-2.3","49376","1772512212846"
"63","2026-03-03 01:31:12","22","58.5","942.8000000000001","3100","0","","","","-113","-5.3","49377","1772512272750"
"64","2026-03-03 01:33:12","22.02","58.5","942.78","3040","0","","","","-112","-3","49379","1772512392752"
"65","2026-03-03 01:34:12","22","58.5","942.76","3020","0","","","","-113","-4","49380","1772512452745"
"66","2026-03-03 01:36:12","22.01","58.5","942.74","3060","0","","","","-112","-2.5","49382","1772512572748"
"67","2026-03-03 01:37:12","21.98","58.5","942.82","3080","0","","","","-114","-3.8","49383","1772512632760"
"68","2026-03-03 01:38:12","22","58.5","942.74","3080","0","","","","-114","-3.8","49384","1772512692742"
"69","2026-03-03 01:39:12","22","58.5","942.74","3020","0","","","","-112","-1","49385","1772512752749"
"70","2026-03-03 01:40:12","22","58.5","942.76","3040","0","","","","-113","-4.3","49386","1772512812745"
"71","2026-03-03 01:44:12","21.98","58.5","942.74","3040","0","","","","-113","-5","49390","1772513052746"
"72","2026-03-03 01:46:12","22","58.5","942.7","3080","0","","","","-114","-4.5","49392","1772513172745"
"73","2026-03-03 01:47:12","21.98","58.5","942.6800000000001","3040","0","","","","-113","-3.8","49393","1772513232746"
"74","2026-03-03 01:48:12","21.97","58.5","942.6800000000001","3020","0","","","","-113","-3.3","49394","1772513292746"
"75","2026-03-03 01:49:12","21.99","58.5","942.66","3080","0","","","","-113","-2.5","49395","1772513352744"
"76","2026-03-03 01:50:12","22.01","58.5","942.6800000000001","3060","0","","","","-113","-4.5","49396","1772513412748"
"77","2026-03-03 01:51:12","21.99","58.5","942.6800000000001","3040","0","","","","-114","-3.5","49397","1772513472751"
"78","2026-03-03 01:53:12","21.99","58.5","942.66","3080","0","","","","-113","-4","49399","1772513592742"
"79","2026-03-03 01:54:12","22","58.5","942.74","3020","0","","","","-114","-5.3","49400","1772513652748"
"80","2026-03-03 01:55:12","21.99","58.5","942.6800000000001","3080","0","","","","-114","-5","49401","1772513712755"
"81","2026-03-03 01:57:12","21.98","58.5","942.66","3080","0","","","","-114","-7.5","49403","1772513832745"
"82","2026-03-03 01:58:12","22.01","58.5","942.74","3080","0","","","","-113","-4.3","49404","1772513892742"
"83","2026-03-03 01:59:12","22.02","58.5","942.72","3080","0","","","","-114","-8","49405","1772513952784"
"84","2026-03-03 02:00:12","22.02","58.5","942.72","3060","0","","","","-113","-4.3","49406","1772514012745"
"85","2026-03-03 02:01:12","22","58.5","942.7","3080","0","","","","-115","-9.8","49407","1772514072752"
"86","2026-03-03 02:02:13","21.96","58.5","942.6800000000001","3080","0","","","","-114","-5","49408","1772514132761"
"87","2026-03-03 02:03:12","21.94","58.5","942.66","3020","0","","","","-115","-10.8","49409","1772514192750"
"88","2026-03-03 02:05:12","21.93","58.5","942.64","3060","0","","","","-114","-5","49411","1772514312752"
"89","2026-03-03 02:06:12","21.93","58.5","942.66","3020","0","","","","-115","-8.5","49412","1772514372742"
"90","2026-03-03 02:07:12","21.94","58.5","942.62","3040","0","","","","-113","-3.3","49413","1772514432741"
"91","2026-03-03 02:08:12","21.95","58.5","942.62","3020","0","","","","-114","-4.8","49414","1772514492744"
"92","2026-03-03 02:09:12","21.94","58.5","942.58","3080","0","","","","-114","-5.5","49415","1772514552750"
"93","2026-03-03 02:10:12","21.96","58.5","942.6","3020","0","","","","-114","-6.3","49416","1772514612750"
"94","2026-03-03 02:11:12","21.96","58.5","942.7","3040","0","","","","-115","-9.3","49417","1772514672755"
"95","2026-03-03 02:12:12","21.95","58.5","942.52","3020","0","","","","-113","-3.3","49418","1772514732750"
"96","2026-03-03 02:13:12","21.94","58.5","942.52","3060","0","","","","-114","-5.8","49419","1772514792739"
"97","2026-03-03 02:14:12","21.94","58.5","942.52","3080","0","","","","-113","-3.3","49420","1772514852746"
"98","2026-03-03 02:15:12","21.95","58.5","942.46","3020","0","","","","-113","-4","49421","1772514912743"
"99","2026-03-03 02:16:12","21.96","58.5","942.46","3020","0","","","","-114","-4.3","49422","1772514972798"
"100","2026-03-03 02:17:13","21.95","58.5","942.46","3020","0","","","","-115","-7.5","49423","1772515032904"
"101","2026-03-03 02:23:12","21.94","58.5","942.4200000000001","3040","0","","","","-114","-6.3","49429","1772515392750"
"102","2026-03-03 02:24:12","21.93","58.5","942.38","3040","0","","","","-115","-7.3","49430","1772515452746"
"103","2026-03-03 02:25:12","21.93","58","942.44","3000","0","","","","-115","-9.3","49431","1772515512747"
"104","2026-03-03 02:26:12","21.93","58.5","942.48","3040","0","","","","-115","-6.3","49432","1772515572743"
"105","2026-03-03 02:27:12","21.93","58.5","942.4","3040","0","","","","-114","-5.3","49433","1772515632747"
"106","2026-03-03 02:29:13","21.87","58.5","942.48","3020","0","","","","-114","-6","49435","1772515752754"
"107","2026-03-03 02:30:12","21.87","58.5","942.48","3080","0","","","","-114","-5.5","49436","1772515812783"
"108","2026-03-03 02:31:12","21.88","58.5","942.46","3020","0","","","","-114","-6.3","49437","1772515872751"
"109","2026-03-03 02:33:12","21.89","58.5","942.52","3060","0","","","","-114","-5.5","49439","1772515992743"
"110","2026-03-03 02:34:12","21.89","58.5","942.44","3000","0","","","","-115","-7.5","49440","1772516052747"
"111","2026-03-03 02:36:12","21.84","58.5","942.44","3020","0","","","","-114","-3.5","49442","1772516172749"
"112","2026-03-03 02:37:12","21.84","58.5","942.48","3020","0","","","","-114","-6","49443","1772516232744"
"113","2026-03-03 02:38:12","21.86","58.5","942.52","3020","0","","","","-114","-6.8","49444","1772516292747"
"114","2026-03-03 02:39:12","21.89","58.5","942.52","3000","0","","","","-114","-4","49445","1772516352753"
"115","2026-03-03 02:42:12","21.9","58.5","942.58","3000","0","","","","-114","-4","49448","1772516532747"
"116","2026-03-03 02:43:12","21.89","58.5","942.58","3000","0","","","","-114","-4","49449","1772516592748"
"117","2026-03-03 02:44:12","21.91","58.5","942.6","3000","0","","","","-114","-3.8","49450","1772516652744"
"118","2026-03-03 02:45:12","21.89","58.5","942.5600000000001","3040","0","","","","-113","-2.3","49451","1772516712748"
"119","2026-03-03 02:46:12","21.9","58.5","942.58","3040","0","","","","-114","-4.8","49452","1772516772741"
"120","2026-03-03 02:47:12","21.9","58.5","942.6","3040","0","","","","-113","-3","49453","1772516832757"
"121","2026-03-03 02:48:12","21.92","58.5","942.6","3060","0","","","","-114","-4","49454","1772516892755"
"122","2026-03-03 02:49:12","21.94","58.5","942.58","3060","0","","","","-113","-2.5","49455","1772516952743"
"123","2026-03-03 02:50:12","21.93","58.5","942.6","3000","0","","","","-114","-5","49456","1772517012742"
"124","2026-03-03 02:51:12","21.92","58.5","942.62","3000","0","","","","-113","-2","49457","1772517072745"
"125","2026-03-03 02:52:12","21.93","58.5","942.6","3060","0","","","","-114","-3.5","49458","1772517132746"
"126","2026-03-03 02:53:12","21.94","58.5","942.58","2980","0","","","","-114","-4.5","49459","1772517192751"
"127","2026-03-03 02:54:12","21.96","58.5","942.58","3060","0","","","","-114","-3.8","49460","1772517252740"
"128","2026-03-03 02:55:12","21.95","58.5","942.52","3040","0","","","","-114","-3.5","49461","1772517312737"
"129","2026-03-03 02:56:13","21.94","58.5","942.54","3020","0","","","","-114","-4","49462","1772517372748"
"130","2026-03-03 02:57:12","21.93","58.5","942.54","3000","0","","","","-115","-6.3","49463","1772517432744"
"131","2026-03-03 02:58:12","21.92","58","942.52","3060","0","","","","-114","-4","49464","1772517492745"
"132","2026-03-03 02:59:12","21.93","58.5","942.4200000000001","3040","0","","","","-115","-8","49465","1772517552746"
"133","2026-03-03 03:00:12","21.94","58.5","942.46","3060","0","","","","-113","-1.5","49466","1772517612740"
"134","2026-03-03 03:01:12","21.94","58.5","942.44","3060","0","","","","-114","-3.5","49467","1772517672741"
"135","2026-03-03 03:02:12","21.97","58","942.4","3040","0","","","","-114","-3.5","49468","1772517732738"
"136","2026-03-03 03:03:12","21.97","58","942.38","3060","0","","","","-113","-1.8","49469","1772517792751"
"137","2026-03-03 03:04:12","21.98","58","942.4200000000001","3020","0","","","","-114","-5","49470","1772517852743"
"138","2026-03-03 03:06:13","21.96","58.5","942.38","3020","0","","","","-114","-4.5","49472","1772517972747"
"139","2026-03-03 03:07:13","21.98","58","942.4","3060","0","","","","-113","-1.5","49473","1772518032891"
"140","2026-03-03 03:08:12","21.99","58","942.34","3000","0","","","","-114","-3.5","49474","1772518092746"
"141","2026-03-03 03:09:12","21.99","58","942.36","3040","0","","","","-114","-4.5","49475","1772518152738"
"142","2026-03-03 03:10:12","22","58","942.34","2980","0","","","","-114","-4.3","49476","1772518212748"
"143","2026-03-03 03:11:13","22","58","942.36","3020","0","","","","-114","-5","49477","1772518272740"
"144","2026-03-03 03:12:12","22","58","942.36","3060","0","","","","-115","-8","49478","1772518332747"
"145","2026-03-03 03:13:13","21.99","58","942.34","3040","0","","","","-114","-5","49479","1772518392806"
"146","2026-03-03 03:14:12","22","58","942.34","3000","0","","","","-114","-6","49480","1772518452740"
"147","2026-03-03 03:15:12","21.99","58","942.3000000000001","3000","0","","","","-115","-8.3","49481","1772518512754"
"148","2026-03-03 03:16:13","21.99","58","942.26","2980","0","","","","-114","-4.3","49482","1772518572743"
"149","2026-03-03 03:17:12","22","58","942.24","2980","0","","","","-113","-3","49483","1772518632743"
"150","2026-03-03 03:19:13","21.99","58","942.22","3000","0","","","","-114","-5","49485","1772518752748"
"151","2026-03-03 03:20:12","21.99","58","942.2","3040","0","","","","-115","-8.5","49486","1772518812741"
"152","2026-03-03 03:21:13","21.97","58.5","942.2","2980","0","","","","-114","-6","49487","1772518872748"
"153","2026-03-03 03:23:12","21.96","58.5","942.2","3020","0","","","","-114","-4","49489","1772518992733"
"154","2026-03-03 03:25:12","21.97","58.5","942.16","2980","0","","","","-114","-4.8","49491","1772519112748"
"155","2026-03-03 03:26:12","21.95","58.5","942.1800000000001","3000","0","","","","-115","-6","49492","1772519172748"
"156","2026-03-03 03:27:12","21.96","58.5","942.16","3020","0","","","","-114","-6","49493","1772519232745"
"157","2026-03-03 03:28:12","21.93","58.5","942.14","3040","0","","","","-113","-1.3","49494","1772519292750"
"158","2026-03-03 03:29:12","21.96","58.5","942.14","3020","0","","","","-115","-8.5","49495","1772519352752"
"159","2026-03-03 03:30:12","21.95","58.5","942.1800000000001","2980","0","","","","-114","-5.3","49496","1772519412738"
"160","2026-03-03 03:31:12","21.96","58.5","942.16","3040","0","","","","-113","-2.3","49497","1772519472744"
"161","2026-03-03 03:32:12","21.95","58.5","942.16","3020","0","","","","-114","-3.8","49498","1772519532745"
"162","2026-03-03 03:33:12","21.94","58.5","942.08","2980","0","","","","-113","-3.3","49499","1772519592744"
"163","2026-03-03 03:34:12","21.93","58.5","942.14","3020","0","","","","-113","-1","49500","1772519652745"
"164","2026-03-03 03:35:12","21.9","58.5","942.12","2980","0","","","","-113","-2.8","49501","1772519712743"
"165","2026-03-03 03:36:12","21.94","58.5","942.16","3040","0","","","","-114","-2.8","49502","1772519772748"
"166","2026-03-03 03:37:12","21.94","58.5","942.14","2980","0","","","","-115","-6.3","49503","1772519832748"
"167","2026-03-03 03:38:12","21.91","58.5","942.14","2960","0","","","","-115","-8.5","49504","1772519892740"
"168","2026-03-03 03:39:13","21.91","58.5","942.08","3000","0","","","","-114","-5","49505","1772519952745"
"169","2026-03-03 03:40:13","21.92","58.5","942.12","2980","0","","","","-113","-2.5","49506","1772520012745"
"170","2026-03-03 03:41:12","21.94","58.5","942.1800000000001","3040","0","","","","-114","-4.8","49507","1772520072743"
"171","2026-03-03 03:42:12","21.97","58.5","942.2","3040","0","","","","-113","-2","49508","1772520132740"
"172","2026-03-03 03:43:12","21.95","58.5","942.14","3040","0","","","","-114","-5","49509","1772520192747"
"173","2026-03-03 03:44:12","21.96","58.5","942.14","3000","0","","","","-113","-2.8","49510","1772520252745"
"174","2026-03-03 03:45:12","21.98","58.5","942.2","2960","0","","","","-114","-3.5","49511","1772520312738"
"175","2026-03-03 03:46:12","21.99","58.5","942.1800000000001","3020","0","","","","-114","-5.5","49512","1772520372735"
"176","2026-03-03 03:47:12","21.96","58.5","942.2","3020","0","","","","-114","-4","49513","1772520432740"
"177","2026-03-03 03:48:12","21.98","58.5","942.24","3040","0","","","","-114","-4","49514","1772520492745"
"178","2026-03-03 03:49:12","21.98","58.5","942.28","3020","0","","","","-113","-2.3","49515","1772520552737"
"179","2026-03-03 03:50:12","22","58.5","942.3000000000001","2960","0","","","","-114","-4","49516","1772520612733"
"180","2026-03-03 03:51:12","22.02","58.5","942.36","3000","0","","","","-113","-2.8","49517","1772520672746"
"181","2026-03-03 03:52:13","22.03","58.5","942.32","3040","0","","","","-114","-4.5","49518","1772520732736"
"182","2026-03-03 03:53:13","22.04","58.5","942.3000000000001","2980","0","","","","-114","-4.5","49519","1772520792736"
"183","2026-03-03 03:54:12","22.03","58.5","942.36","3020","0","","","","-113","-2.3","49520","1772520852734"
"184","2026-03-03 03:55:12","22.04","58.5","942.3000000000001","3040","0","","","","-114","-5.5","49521","1772520912742"
"185","2026-03-03 03:56:13","22.05","58.5","942.34","2960","0","","","","-114","-3.8","49522","1772520972788"
"186","2026-03-03 03:57:13","22.03","58.5","942.3000000000001","3000","0","","","","-113","-3.3","49523","1772521032741"
"187","2026-03-03 03:58:12","22.02","58.5","942.3000000000001","2960","0","","","","-114","-4.5","49524","1772521092737"
"188","2026-03-03 03:59:12","22.03","58.5","942.28","2960","0","","","","-114","-5.8","49525","1772521152743"
"189","2026-03-03 04:00:12","22.06","58.5","942.28","3020","0","","","","-114","-4.3","49526","1772521212732"
"190","2026-03-03 04:01:12","22.03","58.5","942.28","2980","0","","","","-114","-4.5","49527","1772521272737"
"191","2026-03-03 04:02:12","22.05","58.5","942.28","3020","0","","","","-114","-3.8","49528","1772521332749"
"192","2026-03-03 04:03:12","22.06","58.5","942.24","2960","0","","","","-114","-4.5","49529","1772521392735"
"193","2026-03-03 04:04:12","22.05","58.5","942.28","2960","0","","","","-114","-3.5","49530","1772521452755"
"194","2026-03-03 04:05:12","22.06","58.5","942.3000000000001","2960","0","","","","-114","-4.3","49531","1772521512741"
"195","2026-03-03 04:06:13","22.04","58.5","942.32","3020","0","","","","-115","-7","49532","1772521572800"
"196","2026-03-03 04:07:12","22.05","58.5","942.32","2960","0","","","","-114","-6","49533","1772521632738"
"197","2026-03-03 04:08:12","22.06","58.5","942.4","3000","0","","","","-114","-5.8","49534","1772521692739"
"198","2026-03-03 04:09:13","22.07","58.5","942.38","3000","0","","","","-113","-4","49535","1772521752737"
"199","2026-03-03 04:10:12","22.07","58.5","942.4","2960","0","","","","-114","-5.8","49536","1772521812737"
"200","2026-03-03 04:11:12","22.08","58.5","942.46","2960","0","","","","-114","-4.8","49537","1772521872748"
"201","2026-03-03 04:12:12","22.09","58.5","942.5","2960","0","","","","-114","-4.5","49538","1772521932744"
"202","2026-03-03 04:13:12","22.1","58.5","942.52","3000","0","","","","-114","-4.5","49539","1772521992745"
"203","2026-03-03 04:14:12","22.1","58.5","942.54","3020","0","","","","-114","-4.8","49540","1772522052734"
"204","2026-03-03 04:15:12","22.09","58.5","942.54","3020","0","","","","-114","-5.8","49541","1772522112735"
"205","2026-03-03 04:16:12","22.08","58.5","942.52","2940","0","","","","-114","-5","49542","1772522172744"
"206","2026-03-03 04:17:12","22.06","58.5","942.52","3000","0","","","","-114","-5","49543","1772522232742"
"207","2026-03-03 04:18:13","22.07","58.5","942.52","2960","0","","","","-114","-4.8","49544","1772522292744"
"208","2026-03-03 04:19:12","22.07","58.5","942.48","3000","0","","","","-114","-3.8","49545","1772522352747"
"209","2026-03-03 04:20:12","22.07","58.5","942.5","2980","0","","","","-115","-5.5","49546","1772522412747"
"210","2026-03-03 04:21:12","22.08","58.5","942.46","3020","0","","","","-114","-4.5","49547","1772522472749"
"211","2026-03-03 04:22:13","22.08","58.5","942.46","3020","0","","","","-114","-5","49548","1772522532738"
"212","2026-03-03 04:23:12","22.09","58.5","942.44","2940","0","","","","-114","-4.8","49549","1772522592737"
"213","2026-03-03 04:24:12","22.11","58.5","942.4200000000001","3020","0","","","","-114","-4.8","49550","1772522652740"
"214","2026-03-03 04:25:12","22.11","58.5","942.44","3020","0","","","","-114","-3.8","49551","1772522712741"
"215","2026-03-03 04:26:12","22.12","58.5","942.4","2940","0","","","","-114","-3.5","49552","1772522772747"
"216","2026-03-03 04:27:13","22.1","58.5","942.4","3000","0","","","","-114","-4.3","49553","1772522832742"
"217","2026-03-03 04:28:12","22.11","58.5","942.38","2960","0","","","","-114","-4.3","49554","1772522892737"
"218","2026-03-03 04:29:12","22.11","58.5","942.4","2940","0","","","","-113","-1.8","49555","1772522952734"
"219","2026-03-03 04:30:12","22.08","58.5","942.4200000000001","2940","0","","","","-114","-3.8","49556","1772523012732"
"220","2026-03-03 04:31:12","22.08","58.5","942.4","2940","0","","","","-114","-5","49557","1772523072741"
"221","2026-03-03 04:32:13","22.07","58.5","942.4200000000001","3020","0","","","","-114","-4.5","49558","1772523132750"
"222","2026-03-03 04:33:12","22.06","58.5","942.46","2960","0","","","","-114","-4.8","49559","1772523192741"
"223","2026-03-03 04:34:12","22.06","58.5","942.4200000000001","2960","0","","","","-114","-4.5","49560","1772523252736"
"224","2026-03-03 04:35:12","22.05","58.5","942.46","3020","0","","","","-113","-3.3","49561","1772523312741"
"225","2026-03-03 04:36:13","22.05","58.5","942.4200000000001","2940","0","","","","-113","-3","49562","1772523372786"
"226","2026-03-03 04:37:12","22.06","58.5","942.5","2960","0","","","","-114","-4.3","49563","1772523432738"
"227","2026-03-03 04:38:12","22.05","58.5","942.44","3020","0","","","","-113","-2.8","49564","1772523492740"
"228","2026-03-03 04:39:12","22.03","58.5","942.5","2980","0","","","","-114","-4","49565","1772523552748"
"229","2026-03-03 04:40:13","22.03","58.5","942.52","2960","0","","","","-114","-5.5","49566","1772523612742"
"230","2026-03-03 04:41:12","22.01","58.5","942.52","2940","0","","","","-114","-3.8","49567","1772523672735"
"231","2026-03-03 04:42:13","22.01","58.5","942.54","2960","0","","","","-114","-4","49568","1772523732877"
"232","2026-03-03 04:43:12","22.03","58.5","942.54","3020","0","","","","-114","-4.3","49569","1772523792735"
"233","2026-03-03 04:44:12","22.03","58.5","942.54","2980","0","","","","-114","-4","49570","1772523852739"
"234","2026-03-03 04:45:13","22.05","58.5","942.5600000000001","3000","0","","","","-114","-4","49571","1772523912745"
"235","2026-03-03 04:46:12","22.04","58.5","942.62","2960","0","","","","-114","-3.5","49572","1772523972745"
"236","2026-03-03 04:47:12","22.05","58.5","942.62","2960","0","","","","-114","-5","49573","1772524032740"
"237","2026-03-03 04:48:12","22.04","58.5","942.62","2980","0","","","","-114","-5","49574","1772524092732"
"238","2026-03-03 04:49:13","22.04","58.5","942.62","2980","0","","","","-114","-4.3","49575","1772524152743"
"239","2026-03-03 04:50:12","22.04","58.5","942.66","2960","0","","","","-114","-4.3","49576","1772524212742"
"240","2026-03-03 04:51:12","22.04","58.5","942.66","2940","0","","","","-114","-4.8","49577","1772524272740"
"241","2026-03-03 04:52:12","22.06","58.5","942.62","3000","0","","","","-114","-4.8","49578","1772524332743"
"242","2026-03-03 04:53:13","22.07","58.5","942.62","3000","0","","","","-114","-4","49579","1772524392728"
"243","2026-03-03 04:54:12","22.07","58.5","942.62","3000","0","","","","-114","-4","49580","1772524452737"
"244","2026-03-03 04:55:12","22.08","58.5","942.66","2940","0","","","","-114","-4.5","49581","1772524512737"
"245","2026-03-03 04:56:13","22.08","58.5","942.64","2980","0","","","","-114","-4","49582","1772524572732"
"246","2026-03-03 04:57:12","22.08","58.5","942.64","2940","0","","","","-114","-5.3","49583","1772524632743"
"247","2026-03-03 04:58:12","22.08","58.5","942.66","3000","0","","","","-114","-4.5","49584","1772524692747"
"248","2026-03-03 04:59:13","22.09","58.5","942.64","3000","0","","","","-114","-4.3","49585","1772524752737"
"249","2026-03-03 05:00:12","22.1","58.5","942.64","2960","0","","","","-114","-4","49586","1772524812730"
"250","2026-03-03 05:01:12","22.1","58.5","942.66","2940","0","","","","-114","-5","49587","1772524872731"
"251","2026-03-03 05:02:12","22.1","58.5","942.7","2960","0","","","","-114","-5.3","49588","1772524932735"
"252","2026-03-03 05:03:13","22.1","58.5","942.6800000000001","2940","0","","","","-114","-4.5","49589","1772524992738"
"253","2026-03-03 05:04:12","22.1","58.5","942.74","2960","0","","","","-114","-5.3","49590","1772525052743"
"254","2026-03-03 05:05:13","22.1","58.5","942.72","2980","0","","","","-114","-3.5","49591","1772525112731"
"255","2026-03-03 05:06:13","22.09","58.5","942.72","2920","0","","","","-115","-6","49592","1772525172739"
"256","2026-03-03 05:07:12","22.09","58.5","942.72","3000","0","","","","-114","-6.3","49593","1772525232734"
"257","2026-03-03 05:08:13","22.1","58.5","942.78","2940","0","","","","-115","-6.3","49594","1772525292738"
"258","2026-03-03 05:09:13","22.09","58.5","942.74","3000","0","","","","-114","-6","49595","1772525352820"
"259","2026-03-03 05:10:13","22.08","58.5","942.76","2940","0","","","","-114","-5","49596","1772525412733"
"260","2026-03-03 05:11:12","22.08","58.5","942.76","2940","0","","","","-114","-5.3","49597","1772525472744"
"261","2026-03-03 05:12:12","22.05","58.5","942.78","2920","0","","","","-114","-4.8","49598","1772525532737"
"262","2026-03-03 05:13:12","22.06","58.5","942.8000000000001","2940","0","","","","-114","-6","49599","1772525592736"
"263","2026-03-03 05:14:12","22.04","58.5","942.74","2980","0","","","","-114","-5.3","49600","1772525652733"
"264","2026-03-03 05:15:12","22.02","58.5","942.76","2980","0","","","","-114","-5.5","49601","1772525712740"
"265","2026-03-03 05:16:12","22.03","58.5","942.72","2980","0","","","","-115","-7","49602","1772525772730"
"266","2026-03-03 05:17:12","22.05","58.5","942.78","2920","0","","","","-114","-4.5","49603","1772525832735"
"267","2026-03-03 05:18:13","22.06","58.5","942.74","2980","0","","","","-114","-5","49604","1772525892732"
"268","2026-03-03 05:19:12","22.07","58.5","942.78","2900","0","","","","-114","-4.8","49605","1772525952795"
"269","2026-03-03 05:20:12","22.1","58.5","942.76","2920","0","","","","-114","-5.5","49606","1772526012734"
"270","2026-03-03 05:21:12","22.09","58.5","942.74","2920","0","","","","-114","-5.5","49607","1772526072734"
"271","2026-03-03 05:22:12","22.1","58.5","942.72","2980","0","","","","-114","-5.5","49608","1772526132737"
"272","2026-03-03 05:23:12","22.11","58.5","942.7","2980","0","","","","-115","-6","49609","1772526192733"
"273","2026-03-03 05:24:13","22.12","58.5","942.6800000000001","2920","0","","","","-115","-7","49610","1772526252738"
"274","2026-03-03 05:25:12","22.12","58.5","942.7","2900","0","","","","-114","-5.5","49611","1772526312737"
"275","2026-03-03 05:26:12","22.12","58.5","942.74","2980","0","","","","-114","-5","49612","1772526372737"
"276","2026-03-03 05:27:12","22.12","58.5","942.78","2900","0","","","","-114","-4.5","49613","1772526432725"
"277","2026-03-03 05:28:13","22.11","58.5","942.78","2900","0","","","","-114","-4.8","49614","1772526492740"
"278","2026-03-03 05:29:12","22.12","58.5","942.78","2980","0","","","","-114","-5","49615","1772526552741"
"279","2026-03-03 05:30:12","22.11","58.5","942.76","2900","0","","","","-114","-5.5","49616","1772526612740"
"280","2026-03-03 05:31:12","22.1","58.5","942.72","2980","0","","","","-114","-4.5","49617","1772526672737"
"281","2026-03-03 05:32:12","22.11","58.5","942.74","2940","0","","","","-114","-4.3","49618","1772526732736"
"282","2026-03-03 05:33:12","22.1","58.5","942.72","2900","0","","","","-114","-4.8","49619","1772526792742"
"283","2026-03-03 05:34:13","22.11","58.5","942.76","2900","0","","","","-114","-5","49620","1772526852723"
"284","2026-03-03 05:35:12","22.1","58.5","942.74","2900","0","","","","-114","-3.5","49621","1772526912726"
"285","2026-03-03 05:36:13","22.08","58.5","942.74","2940","0","","","","-114","-5.8","49622","1772526972734"
"286","2026-03-03 05:37:12","22.08","58.5","942.72","2900","0","","","","-114","-4.3","49623","1772527032743"
"287","2026-03-03 05:38:12","22.08","58.5","942.78","2900","0","","","","-114","-2.5","49624","1772527092730"
"288","2026-03-03 05:39:12","22.1","58.5","942.76","2960","0","","","","-114","-4.8","49625","1772527152737"
"289","2026-03-03 05:40:13","22.07","58.5","942.76","2940","0","","","","-114","-4.8","49626","1772527212734"
"290","2026-03-03 05:41:12","22.05","58.5","942.76","2980","0","","","","-114","-3.8","49627","1772527272738"
"291","2026-03-03 05:42:12","22.05","58.5","942.76","2920","0","","","","-114","-4.3","49628","1772527332738"
"292","2026-03-03 05:43:12","22.03","59","942.74","2960","0","","","","-113","-4.8","49629","1772527392742"
"293","2026-03-03 05:44:13","22.03","59","942.74","2980","0","","","","-114","-3.5","49630","1772527452736"
"294","2026-03-03 05:45:13","22","59","942.8000000000001","2920","0","","","","-114","-5.3","49631","1772527512729"
"295","2026-03-03 05:46:12","22.01","59","942.76","2920","0","","","","-113","-2.5","49632","1772527572731"
"296","2026-03-03 05:47:12","21.98","59","942.72","2940","0","","","","-114","-4","49633","1772527632729"
"297","2026-03-03 05:48:13","21.99","59","942.74","2920","0","","","","-114","-5.3","49634","1772527692731"
"298","2026-03-03 05:49:12","21.98","59","942.78","2900","0","","","","-114","-4","49635","1772527752738"
"299","2026-03-03 05:50:12","21.97","59","942.76","2900","0","","","","-115","-5.5","49636","1772527812737"
"300","2026-03-03 05:51:13","21.96","59","942.78","2960","0","","","","-113","-2.8","49637","1772527872741"
"301","2026-03-03 05:52:12","21.95","59","942.76","2900","0","","","","-114","-4.3","49638","1772527932732"
"302","2026-03-03 05:53:12","21.96","59","942.76","2940","0","","","","-114","-3.5","49639","1772527992726"
"303","2026-03-03 05:54:12","21.93","59","942.76","2960","0","","","","-113","-1.5","49640","1772528052735"
"304","2026-03-03 05:55:12","21.91","59","942.82","2900","0","","","","-114","-3.8","49641","1772528112742"
"305","2026-03-03 05:56:12","21.9","59","942.78","2880","0","","","","-114","-6.5","49642","1772528172723"
"306","2026-03-03 05:57:12","21.89","59","942.78","2880","0","","","","-115","-7","49643","1772528232730"
"307","2026-03-03 05:58:12","21.88","59.5","942.8000000000001","2920","0","","","","-114","-5.5","49644","1772528292730"
"308","2026-03-03 05:59:13","21.89","59","942.8000000000001","2940","0","","","","-115","-7.3","49645","1772528352735"
"309","2026-03-03 06:00:12","21.88","59.5","942.82","2900","0","","","","-113","-2.3","49646","1772528412730"
"310","2026-03-03 06:01:13","21.88","59.5","942.82","2980","0","","","","-114","-4.8","49647","1772528472748"
"311","2026-03-03 06:02:12","21.88","59.5","942.9","2960","0","","","","-115","-7.3","49648","1772528532730"
"312","2026-03-03 06:03:12","21.88","59.5","942.9","2920","0","","","","-113","-3.5","49649","1772528592781"
"313","2026-03-03 06:04:12","21.9","59.5","942.94","2900","0","","","","-113","-2.8","49650","1772528652731"
"314","2026-03-03 06:05:13","21.91","59","942.98","2900","0","","","","-114","-4","49651","1772528712818"
"315","2026-03-03 06:06:12","21.9","59","943","2940","0","","","","-113","-2.5","49652","1772528772735"
"316","2026-03-03 06:07:12","21.87","59.5","943.02","2940","0","","","","-114","-3.5","49653","1772528832735"
"317","2026-03-03 06:08:12","21.88","59.5","943.0600000000001","2940","0","","","","-114","-5.3","49654","1772528892738"
"318","2026-03-03 06:09:13","21.9","59.5","943.02","2880","0","","","","-114","-4.8","49655","1772528952738"
"319","2026-03-03 06:11:13","21.91","59","943.08","2960","0","","","","-114","-4","49657","1772529072737"
"320","2026-03-03 06:12:13","21.91","59","943.02","2920","0","","","","-115","-8","49658","1772529132887"
"321","2026-03-03 06:13:12","21.89","59.5","943.1","2900","0","","","","-113","-3.5","49659","1772529192785"
"322","2026-03-03 06:14:12","21.86","59.5","943.08","2900","0","","","","-114","-6.3","49660","1772529252744"
"323","2026-03-03 06:15:12","21.83","59.5","943.1","2940","0","","","","-114","-4.5","49661","1772529312735"
"324","2026-03-03 06:16:12","21.85","59.5","943.16","2920","0","","","","-113","-4.3","49662","1772529372733"
"325","2026-03-03 06:17:12","21.85","59.5","943.2","2940","0","","","","-114","-3.8","49663","1772529432723"
"326","2026-03-03 06:18:13","21.84","59.5","943.14","2940","0","","","","-114","-3.3","49664","1772529492730"
"327","2026-03-03 06:19:12","21.85","59.5","943.2","2940","0","","","","-114","-4.3","49665","1772529552736"
"328","2026-03-03 06:20:12","21.86","59.5","943.1800000000001","2900","0","","","","-114","-4.5","49666","1772529612729"
"329","2026-03-03 06:22:12","21.85","59.5","943.24","2880","0","","","","-114","-5.8","49668","1772529732735"
"330","2026-03-03 06:23:13","21.85","59.5","943.22","2920","0","","","","-114","-3.5","49669","1772529792722"
"331","2026-03-03 06:24:12","21.85","59.5","943.26","2900","0","","","","-114","-2.8","49670","1772529852734"
"332","2026-03-03 06:25:12","21.85","59.5","943.28","2920","0","","","","-113","-1","49671","1772529912731"
"333","2026-03-03 06:26:12","21.83","59.5","943.26","2920","0","","","","-113","-3","49672","1772529972720"
"334","2026-03-03 06:27:12","21.84","59.5","943.22","2900","0","","","","-112","-1","49673","1772530032721"
"335","2026-03-03 06:28:12","21.85","59.5","943.2","2920","0","","","","-114","-3.3","49674","1772530092732"
"336","2026-03-03 06:29:12","21.83","59.5","943.2","2880","0","","","","-114","-5","49675","1772530152726"
"337","2026-03-03 06:30:13","21.84","59.5","943.2","2900","0","","","","-114","-5.8","49676","1772530212730"
"338","2026-03-03 06:31:12","21.84","59.5","943.2","2880","4","","","","-113","-2","49677","1772530272737"
"339","2026-03-03 06:32:12","21.8","59.5","943.24","2940","4","","","","-114","-6.5","49678","1772530332735"
"340","2026-03-03 06:33:12","21.79","59.5","943.24","2880","4","","","","-114","-7.8","49679","1772530392730"
"341","2026-03-03 06:34:12","21.79","59.5","943.24","2860","8","","","","-114","-4.3","49680","1772530452733"
"342","2026-03-03 06:35:12","21.81","59.5","943.28","2860","16","","","","-114","-6.5","49681","1772530512726"
"343","2026-03-03 06:37:13","21.81","59.5","943.28","2860","60","","","","-113","-3.8","49683","1772530632730"
"344","2026-03-03 06:38:12","21.81","59.5","943.32","2920","100","","","","-115","-7.3","49684","1772530692725"
"345","2026-03-03 06:40:12","21.86","59.5","943.32","2880","160","","","","-114","-8.3","49686","1772530812730"
"346","2026-03-03 06:41:13","21.89","59.5","943.32","2860","184","","","","-113","-3.8","49687","1772530872736"
"347","2026-03-03 06:42:13","21.92","59.5","943.32","2920","200","","","","-113","-4","49688","1772530932731"
"348","2026-03-03 06:43:12","21.96","59.5","943.38","2840","208","","","","-114","-6.3","49689","1772530992722"
"349","2026-03-03 06:44:12","21.99","59","943.34","2920","220","","","","-113","-3.3","49690","1772531052748"
"350","2026-03-03 06:45:12","22.02","59","943.36","2920","224","","","","-113","-2.8","49691","1772531112726"
"351","2026-03-03 06:47:12","22.08","59","943.4200000000001","2880","244","","","","-113","-3","49693","1772531232778"
"352","2026-03-03 06:48:12","22.07","59","943.44","2840","244","","","","-114","-7.8","49694","1772531292731"
"353","2026-03-03 06:49:12","22.06","59","943.36","2900","252","","","","-115","-8.5","49695","1772531352730"
"354","2026-03-03 06:50:13","22.07","59","943.38","2860","256","","","","-115","-8.8","49696","1772531412736"
"355","2026-03-03 06:51:12","22.1","59","943.4200000000001","2860","252","","","","-114","-5.8","49697","1772531472732"
"356","2026-03-03 06:52:12","22.14","59","943.4","2840","244","","","","-114","-3.3","49698","1772531532721"
"357","2026-03-03 06:53:13","22.15","59","943.46","2860","236","","","","-113","-4.3","49699","1772531592857"
"358","2026-03-03 06:54:13","22.15","59","943.38","2900","220","","","","-115","-7.5","49700","1772531652724"
"359","2026-03-03 06:57:13","22.2","59","943.5","2920","180","","","","-114","-8.3","49703","1772531832735"
"360","2026-03-03 06:58:12","22.19","59","943.48","2840","172","","","","-115","-7.3","49704","1772531892727"
"361","2026-03-03 06:59:12","22.19","59","943.48","2860","164","","","","-114","-8","49705","1772531952728"
"362","2026-03-03 07:00:12","22.2","59","943.48","2900","148","","","","-114","-6.8","49706","1772532012728"
"363","2026-03-03 07:02:12","22.18","59","943.46","2860","140","","","","-114","-3.5","49708","1772532132719"
"364","2026-03-03 07:03:13","22.18","59","943.44","2900","132","","","","-113","-2.5","49709","1772532192783"
"365","2026-03-03 07:04:12","22.2","59","943.4200000000001","2860","124","","","","-113","-2.8","49710","1772532252720"
"366","2026-03-03 07:06:13","22.17","59","943.54","2840","96","","","","-115","-8.5","49712","1772532372729"
"367","2026-03-03 07:07:12","22.18","59","943.52","2900","100","","","","-114","-4.5","49713","1772532432729"
"368","2026-03-03 07:08:12","22.2","59","943.54","2900","92","","","","-114","-4.5","49714","1772532492718"
"369","2026-03-03 07:10:13","22.18","59.5","943.52","2880","88","","","","-114","-6","49716","1772532612737"
"370","2026-03-03 07:11:12","22.19","59.5","943.5600000000001","2820","72","","","","-114","-6.8","49717","1772532672725"
"371","2026-03-03 07:13:12","22.18","59.5","943.66","2860","456","","","","-114","-6.5","49719","1772532792725"
"372","2026-03-03 07:14:12","22.2","59.5","943.6","2860","440","","","","-114","-4.3","49720","1772532852732"
"373","2026-03-03 07:15:13","22.19","59.5","943.64","2840","436","","","","-113","-4","49721","1772532912726"
"374","2026-03-03 07:16:13","22.05","59","943.64","2920","424","","","","-114","-6.3","49722","1772532972734"
"375","2026-03-03 07:17:12","22.05","59","943.6800000000001","2860","432","","","","-113","-2.5","49723","1772533032734"
"376","2026-03-03 07:18:12","21.99","59","943.7","2820","420","","","","-114","-7","49724","1772533092740"
"377","2026-03-03 07:19:12","21.9","59","943.66","2840","408","","","","-114","-6.5","49725","1772533152727"
"378","2026-03-03 07:20:12","21.85","59","943.7","2840","408","","","","-113","-3.8","49726","1772533212736"
"379","2026-03-03 07:21:12","21.84","59","943.7","2840","396","","","","-113","-3.8","49727","1772533272735"
"380","2026-03-03 07:22:13","21.89","58.5","943.7","2860","388","","","","-114","-5.8","49728","1772533332731"
"381","2026-03-03 07:23:12","21.81","58.5","943.76","2860","384","","","","-114","-4.8","49729","1772533392732"
"382","2026-03-03 07:24:12","21.81","58.5","943.76","2900","392","","","","-114","-5","49730","1772533452722"
"383","2026-03-03 07:25:12","21.79","58","943.82","2880","384","","","","-114","-4","49731","1772533512724"
"384","2026-03-03 07:27:13","21.69","58","943.78","2800","380","","","","-114","-6.5","49733","1772533632722"
"385","2026-03-03 07:28:13","21.75","58","943.8000000000001","2840","380","","","","-113","-3.5","49734","1772533692734"
"386","2026-03-03 07:29:12","21.67","58","943.78","2860","380","","","","-114","-3.8","49735","1772533752730"
"387","2026-03-03 07:31:13","21.74","57.5","943.84","2880","380","","","","-113","-3.8","49737","1772533872731"
"388","2026-03-03 07:32:13","21.69","57.5","943.9","2860","384","","","","-114","-4.8","49738","1772533932730"
"389","2026-03-03 07:33:12","21.69","57.5","943.86","2840","384","","","","-113","-2.8","49739","1772533992727"
"390","2026-03-03 07:34:12","21.62","57.5","943.84","2860","384","","","","-113","-2.5","49740","1772534052733"
"391","2026-03-03 07:35:12","21.63","57.5","943.84","2800","388","","","","-113","-2.5","49741","1772534112730"
"392","2026-03-03 07:36:12","21.64","57","943.86","2860","380","","","","-114","-5","49742","1772534172724"
"393","2026-03-03 07:37:12","21.67","57","943.88","2820","380","","","","-113","-3.5","49743","1772534232729"
"394","2026-03-03 07:38:12","21.67","57","943.88","2860","388","","","","-113","-1.8","49744","1772534292729"
"395","2026-03-03 07:39:12","21.65","57","943.88","2840","380","","","","-113","-3","49745","1772534352788"
"396","2026-03-03 07:40:12","21.56","57","943.88","2800","388","","","","-113","-3.8","49746","1772534412726"
"397","2026-03-03 07:41:13","21.6","57","943.9","2840","388","","","","-114","-4","49747","1772534472721"
"398","2026-03-03 07:42:13","21.61","57","943.86","2860","392","","","","-114","-3.3","49748","1772534532726"
"399","2026-03-03 07:43:13","21.59","56.5","943.9","2820","388","","","","-112","-1","49749","1772534593116"
"400","2026-03-03 07:44:12","21.61","57","943.88","2800","392","","","","-113","-2.8","49750","1772534652748"
"401","2026-03-03 07:45:13","21.74","57.5","943.98","2840","396","","","","-113","-2.8","49751","1772534712723"
"402","2026-03-03 07:46:13","21.82","57.5","943.98","2840","388","","","","-113","-2.5","49752","1772534772734"
"403","2026-03-03 07:47:12","21.87","58.5","943.98","2780","400","","","","-114","-4.5","49753","1772534832741"
"404","2026-03-03 07:48:12","21.91","58.5","944.04","2780","404","","","","-114","-4.5","49754","1772534892733"
"405","2026-03-03 07:49:12","21.95","59","944.0600000000001","2800","408","","","","-114","-5","49755","1772534952732"
"406","2026-03-03 07:50:12","21.99","59.5","944.0600000000001","2780","408","","","","-113","-1.3","49756","1772535012729"
"407","2026-03-03 07:51:12","22.02","60","944.1","2880","412","","","","-114","-5.8","49757","1772535072738"
"408","2026-03-03 07:52:12","22.07","60","944.1","2880","408","","","","-113","-2.5","49758","1772535132733"
"409","2026-03-03 07:53:12","22.09","60","944.12","2860","428","","","","-113","-3.3","49759","1772535192725"
"410","2026-03-03 07:54:12","22.12","60.5","944.12","2780","436","","","","-113","-2.3","49760","1772535252733"
"411","2026-03-03 07:55:12","22.13","61","944.16","2880","452","","","","-113","-3","49761","1772535312719"
"412","2026-03-03 07:56:13","22.15","61.5","944.16","2800","472","","","","-113","-2.5","49762","1772535372730"
"413","2026-03-03 07:57:12","22.18","61.5","944.16","2800","500","","","","-113","-2.5","49763","1772535432718"
"414","2026-03-03 07:58:13","22.19","62","944.12","2840","512","","","","-113","-2.8","49764","1772535492731"
"415","2026-03-03 07:59:12","22.22","62","944.22","2840","520","","","","-113","-2.8","49765","1772535552733"
"416","2026-03-03 08:00:12","22.26","62","944.2","2780","536","","","","-114","-3.8","49766","1772535612727"
"417","2026-03-03 08:01:12","22.28","62.5","944.2","2780","540","","","","-113","-3.3","49767","1772535672724"
"418","2026-03-03 08:02:13","22.32","62.5","944.1800000000001","2840","556","","","","-113","-3.3","49768","1772535732721"
"419","2026-03-03 08:03:12","22.36","62.5","944.24","2820","576","","","","-114","-4.3","49769","1772535792740"
"420","2026-03-03 08:05:12","22.48","62","944.26","2760","620","","","","-115","-7.3","49771","1772535912729"
"421","2026-03-03 08:06:13","22.54","62","944.28","2800","644","","","","-113","-2.5","49772","1772535972719"
"422","2026-03-03 08:07:12","22.62","62","944.24","2860","664","","","","-113","-1.3","49773","1772536032721"
"423","2026-03-03 08:08:12","22.68","61.5","944.22","2760","688","","","","-112","-0.5","49774","1772536092726"
"424","2026-03-03 08:09:12","22.77","61.5","944.22","2780","712","","","","-113","-2","49775","1772536152717"
"425","2026-03-03 08:10:12","22.85","61.5","944.2","2820","716","","","","-113","-2.5","49776","1772536212722"
"426","2026-03-03 08:11:12","22.94","61","944.2","2780","744","","","","-113","-2.8","49777","1772536272722"
"427","2026-03-03 08:12:12","23.03","60.5","944.24","2820","752","","","","-112","-0.5","49778","1772536332724"
"428","2026-03-03 08:13:13","23.14","60.5","944.26","2800","772","","","","-113","-2","49779","1772536392736"
"429","2026-03-03 08:14:12","23.24","60","944.26","2760","788","","","","-114","-5.8","49780","1772536452729"
"430","2026-03-03 08:15:12","23.34","60","944.26","2800","800","","","","-113","-3","49781","1772536512732"
"431","2026-03-03 08:16:13","23.45","59.5","944.26","2760","800","","","","-113","-3","49782","1772536572727"
"432","2026-03-03 08:17:13","23.52","59.5","944.28","2780","820","","","","-113","-2.8","49783","1772536632730"
"433","2026-03-03 08:18:12","23.64","59","944.24","2800","816","","","","-113","-2.3","49784","1772536692720"
"434","2026-03-03 08:19:13","23.7","59","944.26","2760","832","","","","-113","-2.5","49785","1772536752725"
"435","2026-03-03 08:20:13","23.78","58.5","944.3000000000001","2820","832","","","","-114","-4","49786","1772536812720"
"436","2026-03-03 08:21:12","23.87","58.5","944.3000000000001","2800","828","","","","-114","-5.3","49787","1772536872721"
"437","2026-03-03 08:22:12","23.83","58.5","944.32","2760","812","","","","-114","-4.8","49788","1772536932729"
"438","2026-03-03 08:23:12","23.79","58.5","944.34","2760","816","","","","-114","-4.3","49789","1772536992727"
"439","2026-03-03 08:24:13","23.85","58.5","944.38","2780","828","","","","-115","-8.3","49790","1772537052725"
"440","2026-03-03 08:25:12","23.85","58","944.36","2840","816","","","","-114","-4","49791","1772537112722"
"441","2026-03-03 08:26:12","23.93","58","944.36","2820","820","","","","-113","-2.8","49792","1772537172719"
"442","2026-03-03 08:27:12","24.06","57.5","944.36","2740","816","","","","-114","-3.3","49793","1772537232724"
"443","2026-03-03 08:28:12","23.82","56.5","944.38","2820","812","","","","-113","-0.8","49794","1772537292724"
"444","2026-03-03 08:29:12","23.36","57.5","944.36","2780","808","","","","-113","-2.5","49795","1772537352722"
"445","2026-03-03 08:30:12","23.06","57.5","944.4","2800","804","","","","-113","-3","49796","1772537412716"
"446","2026-03-03 08:31:12","22.82","57.5","944.36","2800","804","","","","-113","-1.8","49797","1772537472721"
"447","2026-03-03 08:32:12","22.67","57.5","944.4","2800","800","","","","-113","-2","49798","1772537532721"
"448","2026-03-03 08:33:13","22.5","57.5","944.4200000000001","2840","808","","","","-113","-1.3","49799","1772537592767"
"449","2026-03-03 08:34:12","22.39","57","944.4200000000001","2780","800","","","","-113","-2.3","49800","1772537652720"
"450","2026-03-03 08:35:12","22.29","57","944.44","2820","804","","","","-112","-0.3","49801","1772537712727"
"451","2026-03-03 08:36:12","22.25","57","944.44","2780","796","","","","-115","-6.3","49802","1772537772723"
"452","2026-03-03 08:37:12","22.16","57","944.48","2720","792","","","","-114","-3.3","49803","1772537832722"
"453","2026-03-03 08:38:12","22.1","56.5","944.46","2840","792","","","","-113","-2.3","49804","1772537892791"
"454","2026-03-03 08:40:12","22.06","56","944.5","2820","784","","","","-114","-4.3","49806","1772538012727"
"455","2026-03-03 08:41:13","22.04","56","944.52","2740","792","","","","-113","-2.3","49807","1772538072734"
"456","2026-03-03 08:42:12","21.95","56","944.52","2780","788","","","","-113","-3","49808","1772538132721"
"457","2026-03-03 08:43:12","21.92","56","944.5600000000001","2740","780","","","","-114","-4.8","49809","1772538192733"
"458","2026-03-03 08:44:12","21.92","55.5","944.5","2720","780","","","","-113","-1.8","49810","1772538252723"
"459","2026-03-03 08:45:12","21.87","55.5","944.5600000000001","2820","776","","","","-114","-3","49811","1772538312728"
"460","2026-03-03 08:46:13","21.86","55.5","944.5600000000001","2780","780","","","","-113","-1.8","49812","1772538372728"
"461","2026-03-03 08:47:12","21.81","55","944.5600000000001","2720","780","","","","-113","-1.5","49813","1772538432721"
"462","2026-03-03 08:48:12","21.82","55","944.5600000000001","2720","764","","","","-113","-1.3","49814","1772538492723"
"463","2026-03-03 08:49:12","21.84","54.5","944.5600000000001","2780","768","","","","-114","-5","49815","1772538552791"
"464","2026-03-03 08:50:12","21.75","55","944.6","2740","772","","","","-113","-1.3","49816","1772538612718"
"465","2026-03-03 08:51:12","21.8","54.5","944.58","2720","772","","","","-114","-4.5","49817","1772538672723"
"466","2026-03-03 08:52:13","21.76","54.5","944.62","2820","764","","","","-113","-2.5","49818","1772538732721"
"467","2026-03-03 08:53:13","21.76","54.5","944.64","2780","760","","","","-113","-1.5","49819","1772538792716"
"468","2026-03-03 08:54:13","21.74","54.5","944.64","2780","760","","","","-113","-0.5","49820","1772538852723"
"469","2026-03-03 08:55:12","21.78","54","944.66","2760","764","","","","-113","-3","49821","1772538912721"
"470","2026-03-03 08:56:12","21.74","54","944.6800000000001","2740","756","","","","-113","-2.5","49822","1772538972727"
"471","2026-03-03 08:57:12","21.68","54","944.6800000000001","2800","748","","","","-114","-4","49823","1772539032721"
"472","2026-03-03 08:58:12","21.72","54","944.7","2700","748","","","","-114","-2","49824","1772539092724"
"473","2026-03-03 08:59:12","21.67","54","944.72","2760","756","","","","-114","-5.5","49825","1772539152720"
"474","2026-03-03 09:00:13","21.63","54","944.74","2740","744","","","","-113","-2.8","49826","1772539212732"
"475","2026-03-03 09:01:13","21.62","54","944.74","2720","744","","","","-114","-3.3","49827","1772539272726"
"476","2026-03-03 09:02:12","21.57","54","944.6800000000001","2740","748","","","","-113","-2.3","49828","1772539332720"
"477","2026-03-03 09:03:13","21.55","54","944.72","2780","740","","","","-113","-3.3","49829","1772539392729"
"478","2026-03-03 09:04:12","21.57","54","944.74","2700","740","","","","-113","-3","49830","1772539452722"
"479","2026-03-03 09:05:13","21.55","54","944.76","2780","736","","","","-113","-1.8","49831","1772539512723"
"480","2026-03-03 09:06:13","21.58","54","944.72","2760","740","","","","-112","-1","49832","1772539572721"
"481","2026-03-03 09:07:13","21.53","54","944.74","2680","736","","","","-114","-3.8","49833","1772539632720"
"482","2026-03-03 09:08:12","21.57","53.5","944.74","2760","732","","","","-113","-2","49834","1772539692723"
"483","2026-03-03 09:09:12","21.56","53.5","944.76","2740","736","","","","-113","-3","49835","1772539752811"
"484","2026-03-03 09:10:12","21.49","53.5","944.78","2740","724","","","","-113","-2.8","49836","1772539812716"
"485","2026-03-03 09:11:12","21.47","53.5","944.78","2720","732","","","","-113","-2","49837","1772539872717"
"486","2026-03-03 09:12:13","21.51","53.5","944.76","2680","728","","","","-113","-3.3","49838","1772539932730"
"487","2026-03-03 09:13:13","21.49","53.5","944.78","2740","724","","","","-112","-1","49839","1772539992726"
"488","2026-03-03 09:14:13","21.52","53.5","944.76","2700","720","","","","-113","-2.5","49840","1772540052794"
"489","2026-03-03 09:15:12","21.48","53.5","944.76","2720","716","","","","-112","-1.3","49841","1772540112723"
"490","2026-03-03 09:16:12","21.46","53.5","944.8000000000001","2780","720","","","","-114","-4.8","49842","1772540172732"
"491","2026-03-03 09:17:13","21.46","53.5","944.82","2740","720","","","","-113","-2.3","49843","1772540232712"
"492","2026-03-03 09:18:12","21.48","53.5","944.84","2680","716","","","","-112","-1.8","49844","1772540292720"
"493","2026-03-03 09:19:13","21.53","53.5","944.8000000000001","2760","720","","","","-113","-3.5","49845","1772540352725"
"494","2026-03-03 09:20:12","21.51","53.5","944.86","2680","716","","","","-113","-3","49846","1772540412731"
"495","2026-03-03 09:21:12","21.49","53.5","944.84","2760","712","","","","-113","-2.3","49847","1772540472719"
"496","2026-03-03 09:22:13","21.49","53","944.86","2760","716","","","","-113","-2","49848","1772540532713"
"497","2026-03-03 09:23:12","21.37","53.5","944.84","2760","712","","","","-113","-4","49849","1772540592715"
"498","2026-03-03 09:24:12","21.39","53","944.8000000000001","2740","704","","","","-113","-2.3","49850","1772540652717"
"499","2026-03-03 09:25:12","21.33","53.5","944.88","2680","700","","","","-113","-1.5","49851","1772540712727"
"500","2026-03-03 09:26:12","21.39","53.5","944.86","2740","700","","","","-113","-1.8","49852","1772540772720"
"501","2026-03-03 09:27:12","21.48","53","944.84","2760","692","","","","-113","-3","49853","1772540832714"
"502","2026-03-03 09:28:12","21.7","53","944.84","2660","692","","","","-113","-4.5","49854","1772540892716"
"503","2026-03-03 09:29:12","21.82","52.5","944.84","2680","652","","","","-113","-3.8","49855","1772540952716"
"504","2026-03-03 09:30:12","21.88","52.5","944.84","2720","644","","","","-114","-5.3","49856","1772541012721"
"505","2026-03-03 09:31:12","22.02","52.5","944.8000000000001","2680","664","","","","-113","-3.8","49857","1772541072717"
"506","2026-03-03 09:32:13","22.1","52","944.78","2640","664","","","","-113","-4.5","49858","1772541132735"
"507","2026-03-03 09:33:12","22.17","52","944.8000000000001","2680","644","","","","-113","-1.8","49859","1772541192715"
"508","2026-03-03 09:34:12","22.19","51.5","944.8000000000001","2740","644","","","","-112","-2","49860","1772541252709"
"509","2026-03-03 09:35:12","22.22","51.5","944.84","2740","644","","","","-113","-3.5","49861","1772541312727"
"510","2026-03-03 09:36:13","22.22","51.5","944.8000000000001","2640","652","","","","-113","-4","49862","1772541372882"
"511","2026-03-03 09:37:13","22.29","51.5","944.76","2720","648","","","","-113","-3.8","49863","1772541432783"
"512","2026-03-03 09:38:12","22.38","51","944.76","2720","644","","","","-113","-4","49864","1772541492730"
"513","2026-03-03 09:39:12","22.39","51","944.76","2700","640","","","","-114","-4.8","49865","1772541552710"
"514","2026-03-03 09:40:13","22.31","51.5","944.74","2720","644","","","","-113","-3","49866","1772541612722"
"515","2026-03-03 09:41:12","22.37","51.5","944.78","2700","648","","","","-113","-2.8","49867","1772541672713"
"516","2026-03-03 09:42:12","22.27","51.5","944.76","2680","640","","","","-114","-6.3","49868","1772541732718"
"517","2026-03-03 09:43:12","22.2","51.5","944.8000000000001","2720","644","","","","-113","-3.8","49869","1772541792720"
"518","2026-03-03 09:44:12","22.14","51.5","944.8000000000001","2680","636","","","","-113","-2.8","49870","1772541852757"
"519","2026-03-03 09:45:12","22.1","51.5","944.8000000000001","2700","636","","","","-113","-1.8","49871","1772541912716"
"520","2026-03-03 09:46:12","22.12","51","944.78","2720","640","","","","-114","-3.8","49872","1772541972710"
"521","2026-03-03 09:47:13","22.11","51.5","944.8000000000001","2680","628","","","","-113","-2.8","49873","1772542032878"
"522","2026-03-03 09:48:13","22.21","51.5","944.84","2620","612","","","","-113","-3.5","49874","1772542092721"
"523","2026-03-03 09:49:12","22.1","51","944.8000000000001","2700","620","","","","-113","-2.8","49875","1772542152718"
"524","2026-03-03 09:50:12","22.14","51","944.8000000000001","2620","628","","","","-113","-3","49876","1772542212717"
"525","2026-03-03 09:51:12","22.08","51.5","944.8000000000001","2600","624","","","","-113","-2.5","49877","1772542272717"
"526","2026-03-03 09:52:13","22.12","51","944.72","2660","620","","","","-113","-2.3","49878","1772542332844"
"527","2026-03-03 09:53:12","22.09","51","944.74","2660","624","","","","-113","-3","49879","1772542392723"
"528","2026-03-03 09:54:12","22.14","52","944.76","2640","620","","","","-113","-2","49880","1772542452712"
"529","2026-03-03 09:55:12","22.27","53.5","944.76","2620","616","","","","-113","-3.8","49881","1772542512722"
"530","2026-03-03 09:56:12","22.37","53.5","944.72","2600","624","","","","-113","-3.8","49882","1772542572713"
"531","2026-03-03 09:57:13","22.5","55","944.7","2600","620","","","","-113","-2.8","49883","1772542632717"
"532","2026-03-03 09:58:12","22.59","56","944.72","2640","612","","","","-113","-3.5","49884","1772542692714"
"533","2026-03-03 09:59:13","22.68","57","944.74","2680","560","","","","-114","-5","49885","1772542752726"
"534","2026-03-03 10:00:12","22.62","58","944.76","2620","644","","","","-113","-3.3","49886","1772542812721"
"535","2026-03-03 10:01:12","22.64","59","944.76","2660","640","","","","-113","-2.3","49887","1772542872723"
"536","2026-03-03 10:02:13","22.68","59.5","944.72","2640","616","","","","-114","-5.3","49888","1772542932723"
"537","2026-03-03 10:03:12","22.75","60","944.74","2620","568","","","","-114","-5","49889","1772542992718"
"538","2026-03-03 10:04:12","22.82","60.5","944.72","2680","592","","","","-113","-3.3","49890","1772543052725"
"539","2026-03-03 10:05:12","22.92","61.5","944.74","2660","616","","","","-114","-4.8","49891","1772543112727"
"540","2026-03-03 10:06:12","23.12","61.5","944.76","2660","620","","","","-114","-6.3","49892","1772543172717"
"541","2026-03-03 10:07:12","23.22","62","944.76","2580","628","","","","-114","-7","49893","1772543232720"
"542","2026-03-03 10:08:12","23.23","62","944.74","2580","632","","","","-113","-4","49894","1772543292715"
"543","2026-03-03 10:09:12","23.28","62","944.7","2620","632","","","","-113","-6.5","49895","1772543352711"
"544","2026-03-03 10:10:13","23.34","62","944.7","2560","572","","","","-113","-6.5","49896","1772543412725"
"545","2026-03-03 10:11:12","23.41","62.5","944.66","2620","592","","","","-113","-7","49897","1772543472711"
"546","2026-03-03 10:12:12","23.52","62","944.64","2560","596","","","","-113","-5.3","49898","1772543532711"
"547","2026-03-03 10:13:12","23.62","62","944.64","2600","616","","","","-113","-6.5","49899","1772543592709"
"548","2026-03-03 10:14:12","23.7","62","944.64","2640","604","","","","-113","-7.3","49900","1772543652709"
"549","2026-03-03 10:15:12","23.63","62","944.62","2620","580","","","","-113","-6.8","49901","1772543712721"
"550","2026-03-03 10:16:13","23.65","62.5","944.64","2600","580","","","","-113","-5.8","49902","1772543772714"
"551","2026-03-03 10:17:13","23.82","62.5","944.62","2540","580","","","","-114","-8.3","49903","1772543832712"
"552","2026-03-03 10:18:13","23.96","62","944.58","2640","604","","","","-113","-4","49904","1772543892718"
"553","2026-03-03 10:19:12","23.99","62","944.54","2600","604","","","","-113","-6.3","49905","1772543952715"
"554","2026-03-03 10:20:12","23.92","61.5","944.54","2580","608","","","","-113","-5.3","49906","1772544012714"
"555","2026-03-03 10:21:12","23.81","61.5","944.6","2520","608","","","","-114","-8.3","49907","1772544072730"
"556","2026-03-03 10:22:12","23.75","61.5","944.58","2580","596","","","","-112","-3.5","49908","1772544132723"
"557","2026-03-03 10:23:12","23.69","61.5","944.58","2620","592","","","","-113","-4.8","49909","1772544192727"
"558","2026-03-03 10:24:12","23.66","61.5","944.6","2540","592","","","","-113","-7","49910","1772544252730"
"559","2026-03-03 10:25:13","23.53","61.5","944.64","2620","580","","","","-113","-5","49911","1772544312722"
"560","2026-03-03 10:26:13","23.29","61","944.62","2520","592","","","","-113","-4.8","49912","1772544372714"
"561","2026-03-03 10:27:12","23","61","944.58","2520","592","","","","-113","-4.5","49913","1772544432717"
"562","2026-03-03 10:28:13","22.89","61","944.62","2540","592","","","","-112","-2.8","49914","1772544492725"
"563","2026-03-03 10:29:12","22.74","61","944.58","2540","592","","","","-113","-4","49915","1772544552718"
"564","2026-03-03 10:30:13","22.6","61","944.62","2580","580","","","","-113","-6","49916","1772544612880"
"565","2026-03-03 10:31:12","22.59","61","944.64","2580","572","","","","-113","-6.8","49917","1772544672717"
"566","2026-03-03 10:32:12","22.63","60.5","944.58","2500","584","","","","-112","-3","49918","1772544732716"
"567","2026-03-03 10:33:12","22.54","60.5","944.6","2580","580","","","","-112","-2.5","49919","1772544792719"
"568","2026-03-03 10:34:12","22.4","60.5","944.5600000000001","2580","580","","","","-112","-2","49920","1772544852716"
"569","2026-03-03 10:35:12","22.35","60","944.58","2520","572","","","","-112","-4.3","49921","1772544912708"
"570","2026-03-03 10:36:12","22.35","60","944.58","2540","568","","","","-112","-1.8","49922","1772544972712"
"571","2026-03-03 10:37:13","22.34","60","944.52","2540","576","","","","-112","-2.8","49923","1772545032722"
"572","2026-03-03 10:38:12","22.29","60","944.54","2480","560","","","","-112","-3.3","49924","1772545092714"
"573","2026-03-03 10:39:12","22.42","59.5","944.58","2540","572","","","","-113","-5.5","49925","1772545152714"
"574","2026-03-03 10:40:12","22.42","59","944.54","2460","572","","","","-113","-3.8","49926","1772545212721"
"575","2026-03-03 10:41:12","22.32","59","944.52","2560","564","","","","-113","-6.8","49927","1772545272716"
"576","2026-03-03 10:42:12","22.29","59","944.52","2560","568","","","","-113","-4.3","49928","1772545332714"
"577","2026-03-03 10:43:12","22.29","59","944.48","2460","572","","","","-112","-2.8","49929","1772545392718"
"578","2026-03-03 10:44:12","22.26","59","944.52","2460","560","","","","-112","-3.3","49930","1772545452756"
"579","2026-03-03 10:45:13","22.28","58.5","944.5","2460","560","","","","-112","-2.5","49931","1772545512717"
"580","2026-03-03 10:46:12","22.24","58.5","944.46","2460","548","","","","-113","-7.3","49932","1772545572723"
"581","2026-03-03 10:47:12","22.2","58.5","944.48","2460","560","","","","-112","-2","49933","1772545632717"
"582","2026-03-03 10:48:12","22.14","58.5","944.48","2460","556","","","","-112","-3.5","49934","1772545692727"
"583","2026-03-03 10:49:12","22.12","58.5","944.46","2480","560","","","","-112","-2.3","49935","1772545752709"
"584","2026-03-03 10:50:12","22.17","58","944.48","2500","556","","","","-112","-1.8","49936","1772545812724"
"585","2026-03-03 10:51:12","22.23","58","944.46","2460","552","","","","-111","0.3","49937","1772545872710"
"586","2026-03-03 10:52:12","22.22","58","944.4200000000001","2480","560","","","","-112","-2.8","49938","1772545932714"
"587","2026-03-03 10:53:12","22.22","57.5","944.4200000000001","2460","556","","","","-112","-1.8","49939","1772545992712"
"588","2026-03-03 10:54:12","22.24","57.5","944.4","2440","560","","","","-112","-1.5","49940","1772546052718"
"589","2026-03-03 10:55:13","22.22","57.5","944.38","2500","556","","","","-113","-4.3","49941","1772546112719"
"590","2026-03-03 10:56:12","22.23","57.5","944.38","2500","560","","","","-112","-2.3","49942","1772546172722"
"591","2026-03-03 10:57:13","22.19","57.5","944.38","2480","556","","","","-113","-4.3","49943","1772546232721"
"592","2026-03-03 10:58:13","22.09","57.5","944.34","2480","552","","","","-112","-2.3","49944","1772546292718"
"593","2026-03-03 10:59:12","22.11","57","944.34","2480","552","","","","-112","-2.8","49945","1772546352726"
"594","2026-03-03 11:00:12","22.01","57.5","944.34","2460","548","","","","-111","-1","49946","1772546412717"
"595","2026-03-03 11:01:13","22.02","57","944.34","2460","540","","","","-111","-1.5","49947","1772546472721"
"596","2026-03-03 11:02:12","22.1","57","944.3000000000001","2480","544","","","","-112","-1.8","49948","1772546532718"
"597","2026-03-03 11:03:13","22.07","57","944.3000000000001","2440","540","","","","-111","-1.5","49949","1772546592713"
"598","2026-03-03 11:04:12","22.05","57","944.3000000000001","2400","536","","","","-112","-3.3","49950","1772546652721"
"599","2026-03-03 11:05:12","22.04","57","944.28","2440","540","","","","-113","-5.3","49951","1772546712715"
"600","2026-03-03 11:06:12","22.1","56.5","944.28","2380","544","","","","-112","-1.5","49952","1772546772769"
"601","2026-03-03 11:07:12","22.03","56.5","944.22","2420","544","","","","-112","-1.5","49953","1772546832721"
"602","2026-03-03 11:08:12","22.04","56.5","944.24","2440","540","","","","-113","-7","49954","1772546892720"
"603","2026-03-03 11:09:12","22.08","56.5","944.26","2420","536","","","","-113","-3.8","49955","1772546952711"
"604","2026-03-03 11:10:12","22.05","56.5","944.26","2400","536","","","","-113","-6.5","49956","1772547012716"
"605","2026-03-03 11:11:12","22.11","56.5","944.24","2380","528","","","","-113","-5.8","49957","1772547072712"
"606","2026-03-03 11:12:12","22.1","56","944.24","2400","536","","","","-114","-7.5","49958","1772547132710"
"607","2026-03-03 11:13:12","22.08","56","944.3000000000001","2400","540","","","","-114","-8","49959","1772547192714"
"608","2026-03-03 11:14:12","22.09","56","944.24","2440","536","","","","-113","-4","49960","1772547252718"
"609","2026-03-03 11:15:12","22.07","56","944.24","2360","540","","","","-113","-6","49961","1772547312715"
"610","2026-03-03 11:16:12","22.01","56.5","944.24","2360","536","","","","-112","-1.5","49962","1772547372734"
"611","2026-03-03 11:17:12","22.01","56.5","944.22","2360","532","","","","-114","-8.5","49963","1772547432714"
"612","2026-03-03 11:18:12","21.97","56","944.1800000000001","2440","528","","","","-112","-2.3","49964","1772547492716"
"613","2026-03-03 11:19:12","21.88","56.5","944.1800000000001","2440","516","","","","-113","-4.5","49965","1772547552717"
"614","2026-03-03 11:21:12","22.1","56","944.1800000000001","2340","396","","","","-114","-8.3","49967","1772547672713"
"615","2026-03-03 11:22:12","22.01","56","944.1800000000001","2380","388","","","","-114","-8.8","49968","1772547732712"
"616","2026-03-03 11:24:12","22.4","55","944.2","2360","376","","","","-113","-3.5","49970","1772547852715"
"617","2026-03-03 11:25:12","22.65","54","944.1800000000001","2380","384","","","","-113","-4","49971","1772547912721"
"618","2026-03-03 11:26:12","22.75","54","944.14","2320","376","","","","-113","-4.8","49972","1772547972714"
"619","2026-03-03 11:27:12","22.94","53.5","944.1800000000001","2340","388","","","","-113","-3.5","49973","1772548032752"
"620","2026-03-03 11:28:12","22.97","53","944.16","2340","288","","","","-112","-2","49974","1772548092719"
"621","2026-03-03 11:29:12","22.98","53","944.14","2340","272","","","","-114","-7.3","49975","1772548152715"
"622","2026-03-03 11:30:12","23.12","53","944.14","2380","288","","","","-114","-6.8","49976","1772548212715"
"623","2026-03-03 11:31:12","23.08","52.5","944.12","2400","280","","","","-113","-5.5","49977","1772548272711"
"624","2026-03-03 13:31:37","25.44","35","1013.22","2020","44000","","","","-112","-2","49981","1772555497658"
"625","2026-03-03 13:32:37","25.45","35.5","1013.2","2040","48000","","","","-114","-7","49982","1772555557653"
"626","2026-03-03 13:33:37","25.46","36","1013.1800000000001","2060","52000","","","","-114","-7.3","49983","1772555617674"
"627","2026-03-03 13:35:37","23.53","54.5","942.74","3840","276","","","","-113","-5.8","49985","1772555737661"
"628","2026-03-03 13:36:37","23.42","54.5","942.72","3920","276","","","","-114","-8","49986","1772555797655"
"629","2026-03-03 13:37:37","23.3","54.5","942.72","3840","276","","","","-113","-5","49987","1772555857665"
"630","2026-03-03 13:38:37","23.18","55","942.7","3840","280","","","","-114","-7.3","49988","1772555917653"
"631","2026-03-03 13:39:37","23.27","54.5","942.7","3900","276","","","","-114","-7.5","49989","1772555977658"
"632","2026-03-03 13:40:37","23.23","54","942.72","3860","280","","","","-113","-3.3","49990","1772556037680"
"633","2026-03-03 13:41:37","23.11","54.5","942.72","3840","276","","","","-112","-1.3","49991","1772556097661"
"634","2026-03-03 13:42:37","23.05","54.5","942.7","3920","280","","","","-113","-3.5","49992","1772556157664"
"635","2026-03-03 13:43:37","23.14","54.5","942.7","3920","276","","","","-113","-6","49993","1772556217684"
"636","2026-03-03 13:44:38","23.26","54","942.64","3880","280","","","","-113","-5","49994","1772556277670"
"637","2026-03-03 13:45:37","23.21","54.5","942.64","3840","268","","","","-113","-5","49995","1772556337667"
"638","2026-03-03 13:46:37","23.47","54.5","942.66","3900","272","","","","-113","-3.5","49996","1772556397663"
"639","2026-03-03 13:47:37","23.6","53.5","942.64","3860","272","","","","-114","-5.5","49997","1772556457665"
"640","2026-03-03 13:48:37","23.37","53.5","942.62","3900","280","","","","-113","-4.5","49998","1772556517654"
"641","2026-03-03 13:49:37","23.37","53.5","942.6","3880","260","","","","-113","-4.3","49999","1772556577660"
"642","2026-03-03 13:50:37","23.33","54","942.58","3900","272","","","","-114","-6.8","50000","1772556637661"
"643","2026-03-03 13:51:37","23.31","54","942.6","3880","276","","","","-113","-3","50001","1772556697657"
"644","2026-03-03 13:52:37","23.27","54","942.5600000000001","3840","272","","","","-112","0.3","50002","1772556757660"
"645","2026-03-03 13:53:37","23.27","55","942.6","3840","272","","","","-113","-4","50003","1772556817662"
"646","2026-03-03 13:54:37","23.35","54.5","942.5600000000001","3840","280","","","","-114","-7.5","50004","1772556877669"
"647","2026-03-03 13:55:37","23.58","54","942.58","3840","272","","","","-114","-6.5","50005","1772556937662"
"648","2026-03-03 13:56:37","23.68","53.5","942.5600000000001","3820","280","","","","-114","-7.5","50006","1772556997653"
"649","2026-03-03 13:57:37","23.77","53.5","942.54","3820","272","","","","-113","-3","50007","1772557057663"
"650","2026-03-03 13:58:37","23.72","53.5","942.5","3840","280","","","","-114","-4.8","50008","1772557117659"
"651","2026-03-03 13:59:37","23.72","53.5","942.46","3920","288","","","","-113","-7.5","50009","1772557177666"
"652","2026-03-03 14:00:37","23.74","53.5","942.48","3860","288","","","","-113","-3.8","50010","1772557237665"
"653","2026-03-03 14:01:37","23.74","53.5","942.5","3860","280","","","","-113","-4.8","50011","1772557297661"
"654","2026-03-03 14:02:37","23.73","53.5","942.44","3840","284","","","","-112","-3.3","50012","1772557357730"
"655","2026-03-03 14:03:37","23.59","53.5","942.48","3840","280","","","","-113","-6","50013","1772557417667"
"656","2026-03-03 14:04:37","23.6","53.5","942.44","3820","284","","","","-113","-5.3","50014","1772557477664"
"657","2026-03-03 14:05:37","23.61","53.5","942.44","3860","284","","","","-113","-3.8","50015","1772557537657"
"658","2026-03-03 14:06:37","23.64","53","942.44","3840","280","","","","-113","-5","50016","1772557597661"
"659","2026-03-03 14:08:37","23.65","53","942.4","3840","280","","","","-114","-9.5","50018","1772557717666"
"660","2026-03-03 14:09:37","23.66","53.5","942.4","3820","276","","","","-113","-5","50019","1772557777655"
"661","2026-03-03 14:10:37","23.7","53","942.36","3900","280","","","","-114","-5.8","50020","1772557837653"
"662","2026-03-03 14:11:37","23.6","53","942.34","3820","280","","","","-113","-4","50021","1772557897659"
"663","2026-03-03 14:12:37","23.62","53","942.3000000000001","3860","284","","","","-114","-6.3","50022","1772557957660"
"664","2026-03-03 14:13:37","23.62","53","942.32","3860","280","","","","-113","-3.3","50023","1772558017654"
"665","2026-03-03 14:14:37","23.65","52.5","942.28","3840","276","","","","-113","-4","50024","1772558077662"
"666","2026-03-03 14:15:37","23.67","52.5","942.28","3900","280","","","","-114","-6.3","50025","1772558137658"
"667","2026-03-03 14:16:37","23.72","52.5","942.26","3820","276","","","","-113","-1.8","50026","1772558197692"
"668","2026-03-03 14:18:37","23.63","52.5","942.26","3920","280","","","","-113","-2.8","50028","1772558317660"
"669","2026-03-03 14:20:37","23.61","52.5","942.1800000000001","3840","276","","","","-114","-7.5","50030","1772558437663"
"670","2026-03-03 14:21:37","23.62","52.5","942.2","3820","276","","","","-114","-6.3","50031","1772558497664"
"671","2026-03-03 14:22:37","23.58","52.5","942.2","3840","280","","","","-114","-5.3","50032","1772558557651"
"672","2026-03-03 14:23:37","23.58","52.5","942.16","3820","276","","","","-113","-5.8","50033","1772558617665"
"673","2026-03-03 14:24:37","23.58","52.5","942.14","3900","280","","","","-114","-8","50034","1772558677658"
"674","2026-03-03 14:25:37","23.51","52.5","942.14","3840","272","","","","-114","-7","50035","1772558737651"
"675","2026-03-03 14:28:37","23.6","52","942.08","3880","276","","","","-113","-5","50038","1772558917657"
"676","2026-03-03 14:29:37","23.51","52","942.1","3820","276","","","","-113","-4.3","50039","1772558977656"
"677","2026-03-03 14:30:37","23.48","52","942.08","3820","276","","","","-113","-3.8","50040","1772559037656"
"678","2026-03-03 14:31:37","23.52","52","942.0600000000001","3880","272","","","","-113","-4.5","50041","1772559097660"
"679","2026-03-03 14:32:37","23.55","52","942.08","3880","268","","","","-114","-7.5","50042","1772559157660"
"680","2026-03-03 14:33:37","23.46","51.5","942.08","3880","268","","","","-113","-4","50043","1772559217672"
"681","2026-03-03 14:34:37","23.36","52","942.04","3900","268","","","","-113","-3.8","50044","1772559277648"
"682","2026-03-03 14:35:37","23.32","52","942.04","3820","268","","","","-113","-5","50045","1772559337682"
"683","2026-03-03 14:36:37","23.39","51.5","942.02","3840","264","","","","-114","-8","50046","1772559397652"
"684","2026-03-03 14:37:37","23.33","51.5","941.98","3920","264","","","","-113","-5","50047","1772559457664"
"685","2026-03-03 14:38:37","23.37","51.5","941.94","3860","264","","","","-113","-5","50048","1772559517661"
"686","2026-03-03 14:39:37","23.36","51.5","941.98","3880","268","","","","-113","-3.8","50049","1772559577653"
"687","2026-03-03 14:40:37","23.26","51.5","941.94","3840","272","","","","-112","-3","50050","1772559637656"
"688","2026-03-03 14:41:37","23.39","52","941.98","3860","264","","","","-113","-4.3","50051","1772559697657"
"689","2026-03-03 14:42:37","23.42","52","941.96","3900","272","","","","-113","-4.5","50052","1772559757666"
"690","2026-03-03 14:43:37","23.45","52","941.9200000000001","3860","264","","","","-114","-7.3","50053","1772559817661"
"691","2026-03-03 14:45:37","23.58","51.5","941.88","3820","264","","","","-114","-5.5","50055","1772559937655"
"692","2026-03-03 14:46:37","23.57","51.5","941.86","3840","264","","","","-114","-6.5","50056","1772559997657"
"693","2026-03-03 14:48:37","23.56","52","941.88","3840","268","","","","-112","-1.3","50058","1772560117664"
"694","2026-03-03 14:49:37","23.51","52","941.9200000000001","3880","264","","","","-113","-3.8","50059","1772560177654"
"695","2026-03-03 14:50:37","23.57","52","941.84","3920","256","","","","-114","-8.3","50060","1772560237664"
"696","2026-03-03 14:51:37","23.58","52","941.88","3820","260","","","","-114","-6.3","50061","1772560297650"
"697","2026-03-03 14:53:37","23.6","52","941.84","3840","264","","","","-114","-7.5","50063","1772560417646"
"698","2026-03-03 14:54:37","23.63","51.5","941.84","3820","268","","","","-115","-9.8","50064","1772560477704"
"699","2026-03-03 14:55:37","23.6","52","941.82","3860","268","","","","-114","-7","50065","1772560537661"
"700","2026-03-03 14:56:37","23.63","52","941.78","3840","264","","","","-112","-2","50066","1772560597649"
"701","2026-03-03 14:57:37","23.67","51.5","941.8000000000001","3880","264","","","","-114","-6.5","50067","1772560657688"
"702","2026-03-03 14:58:37","23.59","52","941.82","3920","264","","","","-113","-3.8","50068","1772560717649"
"703","2026-03-03 14:59:37","23.63","51.5","941.84","3920","260","","","","-113","-3.3","50069","1772560777661"
"704","2026-03-03 15:00:37","23.55","52","941.86","3840","264","","","","-114","-7.8","50070","1772560837652"
"705","2026-03-03 15:01:37","23.53","52","941.82","3920","260","","","","-114","-5.3","50071","1772560897646"
"706","2026-03-03 15:02:37","23.5","52","941.82","3860","260","","","","-114","-6.3","50072","1772560957644"
"707","2026-03-03 15:03:37","23.56","53","941.8000000000001","3820","260","","","","-115","-9.8","50073","1772561017660"
"708","2026-03-03 15:08:37","24.02","54.5","941.7","3820","264","","","","-114","-6","50078","1772561317646"
"709","2026-03-03 15:09:37","23.99","55","941.72","3920","268","","","","-113","-5","50079","1772561377663"
"710","2026-03-03 15:10:37","24.05","55.5","941.74","3820","264","","","","-113","-5.8","50080","1772561437658"
"711","2026-03-03 15:11:37","23.98","56","941.6800000000001","3880","260","","","","-113","-4.5","50081","1772561497731"
"712","2026-03-03 15:13:37","23.93","56","941.7","3880","264","","","","-114","-6.5","50083","1772561617662"
"713","2026-03-03 15:14:37","23.92","56.5","941.7","3880","268","","","","-114","-7.3","50084","1772561677650"
"714","2026-03-03 15:15:37","23.92","57","941.6800000000001","3900","260","","","","-114","-5.5","50085","1772561737651"
"715","2026-03-03 15:16:37","23.95","57","941.64","3840","264","","","","-114","-7","50086","1772561797651"
"716","2026-03-03 15:17:37","23.92","57","941.62","3900","260","","","","-114","-6","50087","1772561857653"
"717","2026-03-03 15:18:37","23.83","57","941.64","3900","252","","","","-114","-9","50088","1772561917645"
"718","2026-03-03 15:19:37","23.9","57.5","941.62","3840","256","","","","-113","-4.5","50089","1772561977662"
"719","2026-03-03 15:20:37","23.92","57","941.58","3920","264","","","","-114","-5.3","50090","1772562037651"
"720","2026-03-03 15:22:37","23.81","57.5","941.58","3900","268","","","","-114","-10.3","50092","1772562157662"
"721","2026-03-03 15:25:37","23.94","57.5","941.6","3860","264","","","","-114","-7.8","50095","1772562337659"
"722","2026-03-03 15:28:37","24.02","57.5","941.58","3840","264","","","","-114","-7.8","50098","1772562517656"
"723","2026-03-03 15:29:37","24.01","57.5","941.52","3860","256","","","","-114","-7.8","50099","1772562577717"
"724","2026-03-03 15:30:37","24.03","56.5","941.5600000000001","3920","260","","","","-114","-6.3","50100","1772562637643"
"725","2026-03-03 15:31:37","24.03","56.5","941.54","3900","264","","","","-114","-5.5","50101","1772562697661"
"726","2026-03-03 15:32:37","24","56","941.52","3820","256","","","","-113","-3.3","50102","1772562757656"
"727","2026-03-03 15:33:37","23.92","56","941.54","3820","256","","","","-114","-5.5","50103","1772562817660"
"728","2026-03-03 15:34:38","23.86","56","941.52","3860","256","","","","-113","-2.8","50104","1772562877653"
"729","2026-03-03 15:35:37","23.82","56","941.5","3880","256","","","","-113","-3.3","50105","1772562937644"
"730","2026-03-03 15:36:37","23.78","56","941.52","3820","260","","","","-114","-8.8","50106","1772562997663"
"731","2026-03-03 15:37:37","23.8","55.5","941.52","3880","256","","","","-115","-8.5","50107","1772563057650"
"732","2026-03-03 15:38:37","23.84","55.5","941.46","3900","260","","","","-114","-8.3","50108","1772563117649"
"733","2026-03-03 15:40:37","23.78","55","941.48","3860","264","","","","-114","-6.8","50110","1772563237662"
"734","2026-03-03 15:41:37","23.82","55","941.46","3880","264","","","","-114","-7.5","50111","1772563297659"
"735","2026-03-03 15:42:37","23.81","54.5","941.48","3860","264","","","","-114","-6.3","50112","1772563357653"
"736","2026-03-03 15:45:37","23.82","54","941.38","3840","264","","","","-114","-7.8","50115","1772563537649"
"737","2026-03-03 15:46:37","23.77","54","941.4","3920","264","","","","-115","-8.5","50116","1772563597662"
"738","2026-03-03 15:47:37","23.72","54","941.4","3840","264","","","","-115","-9.5","50117","1772563657652"
"739","2026-03-03 15:48:37","23.74","54","941.4200000000001","3820","264","","","","-114","-8.5","50118","1772563717645"
"740","2026-03-03 15:49:37","23.69","54","941.36","3820","264","","","","-114","-8.3","50119","1772563777657"
"741","2026-03-03 15:54:37","23.53","53.5","941.38","3820","256","","","","-113","-5.5","50124","1772564077643"
"742","2026-03-03 15:58:37","23.34","53","941.3000000000001","3820","260","","","","-114","-6.8","50128","1772564317665"
"743","2026-03-03 16:00:37","23.35","53","941.28","3820","264","","","","-114","-6.3","50130","1772564437642"
"744","2026-03-03 16:01:37","23.42","53","941.3000000000001","3860","264","","","","-114","-4.5","50131","1772564497663"
"745","2026-03-03 16:03:37","23.51","52.5","941.28","3820","264","","","","-115","-10","50133","1772564617648"
"746","2026-03-03 16:04:37","23.51","52.5","941.24","3840","260","","","","-114","-6","50134","1772564677650"
"747","2026-03-03 16:05:37","23.54","52.5","941.24","3900","256","","","","-113","-3","50135","1772564737644"
"748","2026-03-03 16:06:37","23.53","52.5","941.24","3820","256","","","","-113","-2.5","50136","1772564797654"
"749","2026-03-03 16:07:37","23.4","53","941.22","3840","264","","","","-113","-3","50137","1772564857653"
"750","2026-03-03 16:08:37","23.41","53","941.24","3820","264","","","","-114","-7.3","50138","1772564917654"
"751","2026-03-03 16:09:37","23.45","52.5","941.26","3860","256","","","","-114","-6.5","50139","1772564977652"
"752","2026-03-03 16:12:37","23.42","52.5","941.24","3920","260","","","","-114","-6.8","50142","1772565157646"
"753","2026-03-03 16:13:37","23.33","53","941.22","3860","256","","","","-114","-7.8","50143","1772565217648"
"754","2026-03-03 16:14:37","23.39","52.5","941.26","3840","264","","","","-114","-8.3","50144","1772565277662"
"755","2026-03-03 16:16:37","23.35","52.5","941.22","3920","256","","","","-114","-8","50146","1772565397668"
"756","2026-03-03 16:17:37","23.38","52.5","941.16","3860","260","","","","-113","-4.3","50147","1772565457657"
"757","2026-03-03 16:18:37","23.32","52.5","941.22","3860","264","","","","-114","-7.3","50148","1772565517643"
"758","2026-03-03 16:19:37","23.29","52.5","941.22","3840","252","","","","-113","-5","50149","1772565577643"
"759","2026-03-03 16:20:37","23.28","52.5","941.2","3880","256","","","","-114","-6.5","50150","1772565637645"
"760","2026-03-03 16:22:37","23.28","52.5","941.1800000000001","3880","252","","","","-114","-9","50152","1772565757645"
"761","2026-03-03 16:23:37","23.23","52.5","941.16","3820","264","","","","-114","-8","50153","1772565817645"
"762","2026-03-03 16:24:37","23.28","52.5","941.12","3920","260","","","","-114","-6.5","50154","1772565877647"
"763","2026-03-03 16:26:37","23.31","52","941.14","3880","256","","","","-114","-5.3","50156","1772565997640"
"764","2026-03-03 16:28:37","23.24","52","941.1800000000001","3880","264","","","","-114","-9.3","50158","1772566117650"
"765","2026-03-03 16:29:37","23.24","52","941.16","3900","252","","","","-114","-5.5","50159","1772566177639"
"766","2026-03-03 16:30:37","23.27","52","941.16","3840","252","","","","-113","-3.8","50160","1772566237654"
"767","2026-03-03 16:31:37","23.21","52","941.1800000000001","3900","256","","","","-113","-2.5","50161","1772566297643"
"768","2026-03-03 16:32:37","23.25","52","941.1800000000001","3920","252","","","","-115","-8.3","50162","1772566357660"
"769","2026-03-03 16:33:38","23.22","52","941.2","3820","256","","","","-114","-4.5","50163","1772566417641"
"770","2026-03-03 16:34:37","23.24","51.5","941.2","3840","252","","","","-115","-6.3","50164","1772566477651"
"771","2026-03-03 16:36:37","23.12","51.5","941.16","3920","260","","","","-115","-8.3","50166","1772566597650"
"772","2026-03-03 16:37:39","23.17","51.5","941.14","3820","260","","","","-115","-7.8","50167","1772566657726"
"773","2026-03-03 16:38:37","23.21","51.5","941.1800000000001","3840","260","","","","-115","-8","50168","1772566717640"
"774","2026-03-03 16:39:37","23.16","51.5","941.16","3820","260","","","","-115","-6.5","50169","1772566777646"
"775","2026-03-03 16:40:37","23.12","51.5","941.16","3820","256","","","","-114","-4.8","50170","1772566837647"
"776","2026-03-03 16:41:37","23.12","51.5","941.1800000000001","3880","252","","","","-114","-6.5","50171","1772566897655"
"777","2026-03-03 16:43:37","22.98","51.5","941.1800000000001","3820","256","","","","-114","-7.5","50173","1772567017643"
"778","2026-03-03 16:46:37","23.13","51","941.1800000000001","3820","252","","","","-114","-7.5","50176","1772567197650"
"779","2026-03-03 16:47:37","23.15","51.5","941.2","3820","252","","","","-114","-6.8","50177","1772567257647"
"780","2026-03-03 16:48:37","23.18","51.5","941.1800000000001","3820","252","","","","-113","-4.8","50178","1772567317640"
"781","2026-03-03 16:49:37","23.15","51.5","941.1800000000001","3840","260","","","","-114","-7","50179","1772567377638"
"782","2026-03-03 16:50:37","23.12","51.5","941.1800000000001","3920","260","","","","-114","-5","50180","1772567437647"
"783","2026-03-03 16:51:37","23.13","51.5","941.16","3860","252","","","","-114","-6.5","50181","1772567497638"
"784","2026-03-03 16:52:37","23.14","51.5","941.16","3820","252","","","","-115","-9","50182","1772567557641"
"785","2026-03-03 16:53:37","23.16","52.5","941.14","3820","256","","","","-114","-7","50183","1772567617639"
"786","2026-03-03 16:54:37","23.31","53","941.16","3860","252","","","","-115","-10","50184","1772567677652"
"787","2026-03-03 16:56:37","23.37","54.5","941.2","3860","260","","","","-113","-2.8","50186","1772567797650"
"788","2026-03-03 16:57:37","23.43","54.5","941.16","3820","252","","","","-114","-5.5","50187","1772567857641"
"789","2026-03-03 16:58:37","23.49","55","941.1800000000001","3920","252","","","","-114","-4.5","50188","1772567917642"
"790","2026-03-03 16:59:37","23.51","55","941.1800000000001","3840","252","","","","-114","-4","50189","1772567977654"
"791","2026-03-03 17:00:37","23.54","55.5","941.1800000000001","3880","252","","","","-114","-6","50190","1772568037658"
"792","2026-03-03 17:01:37","23.58","55.5","941.2","3860","260","","","","-114","-8","50191","1772568097652"
"793","2026-03-03 17:02:37","23.56","56","941.2","3860","256","","","","-114","-7.5","50192","1772568157645"
"794","2026-03-03 17:03:37","23.56","56.5","941.24","3820","260","","","","-114","-4.8","50193","1772568217650"
"795","2026-03-03 17:04:37","23.62","56.5","941.22","3820","256","","","","-112","-2","50194","1772568277664"
"796","2026-03-03 17:06:37","23.66","56.5","941.22","3880","252","","","","-115","-9","50196","1772568397650"
"797","2026-03-03 17:07:37","23.7","57","941.24","3820","252","","","","-114","-7","50197","1772568457648"
"798","2026-03-03 17:08:37","23.75","57","941.26","3920","256","","","","-113","-4.5","50198","1772568517644"
"799","2026-03-03 17:09:37","23.75","57","941.26","3840","252","","","","-114","-4","50199","1772568577644"
"800","2026-03-03 17:10:37","23.77","57","941.24","3880","256","","","","-113","-4.8","50200","1772568637646"
"801","2026-03-03 17:11:37","23.8","57","941.24","3840","256","","","","-112","-2","50201","1772568697644"
"802","2026-03-03 17:12:37","23.78","57","941.26","3820","260","","","","-114","-6.8","50202","1772568757638"
"803","2026-03-03 17:13:37","23.77","57","941.26","3900","252","","","","-114","-5.5","50203","1772568817652"
"804","2026-03-03 17:14:37","23.78","57","941.24","3820","256","","","","-114","-6","50204","1772568877641"
"805","2026-03-03 17:15:37","23.8","57","941.26","3860","256","","","","-112","-2","50205","1772568937646"
"806","2026-03-03 17:16:37","23.76","56.5","941.24","3900","256","","","","-113","-2","50206","1772568997647"
"807","2026-03-03 17:17:37","23.77","56.5","941.2","3900","252","","","","-113","-4.3","50207","1772569057646"
"808","2026-03-03 17:18:37","23.81","56.5","941.22","3840","252","","","","-113","-5.5","50208","1772569117647"
"809","2026-03-03 17:19:37","23.87","56","941.24","3920","252","","","","-114","-7","50209","1772569177643"
"810","2026-03-03 17:20:37","23.87","56","941.28","3880","248","","","","-114","-4.5","50210","1772569237646"
"811","2026-03-03 17:21:37","23.87","56","941.24","3820","256","","","","-114","-7.3","50211","1772569297642"
"812","2026-03-03 17:23:37","23.59","55","941.28","3840","256","","","","-113","-3.5","50213","1772569417650"
"813","2026-03-03 17:24:37","23.62","54.5","941.3000000000001","3880","256","","","","-113","-2","50214","1772569477682"
"814","2026-03-03 17:25:37","23.64","54.5","941.3000000000001","3880","248","","","","-115","-8","50215","1772569537651"
"815","2026-03-03 17:26:37","23.64","54.5","941.28","3920","256","","","","-114","-4.8","50216","1772569597642"
"816","2026-03-03 17:27:37","23.58","54.5","941.34","3900","252","","","","-114","-7","50217","1772569657637"
"817","2026-03-03 17:28:37","23.53","54.5","941.34","3920","252","","","","-115","-9.5","50218","1772569717648"
"818","2026-03-03 17:30:37","23.52","54.5","941.38","3920","252","","","","-113","-2.3","50220","1772569837647"
"819","2026-03-03 17:32:37","23.53","54.5","941.3000000000001","3900","248","","","","-114","-5","50222","1772569957634"
"820","2026-03-03 17:33:37","23.46","54.5","941.36","3880","248","","","","-114","-4.5","50223","1772570017637"
"821","2026-03-03 17:34:37","23.38","54.5","941.34","3820","252","","","","-113","-4.5","50224","1772570077647"
"822","2026-03-03 17:35:37","23.44","54.5","941.34","3860","252","","","","-113","-3","50225","1772570137648"
"823","2026-03-03 17:36:37","23.37","54.5","941.3000000000001","3860","248","","","","-113","-4.3","50226","1772570197660"
"824","2026-03-03 17:37:37","23.36","54.5","941.32","3920","252","","","","-113","-2.8","50227","1772570257643"
"825","2026-03-03 17:38:37","23.42","54","941.34","3860","248","","","","-113","-3.8","50228","1772570317647"
"826","2026-03-03 17:39:37","23.33","54","941.3000000000001","3920","248","","","","-112","-1.3","50229","1772570377643"
"827","2026-03-03 17:40:37","23.39","54","941.3000000000001","3840","252","","","","-114","-5.8","50230","1772570437648"
"828","2026-03-03 17:41:37","23.36","54","941.32","3920","248","","","","-113","-3","50231","1772570497644"
"829","2026-03-03 17:42:37","23.32","54","941.32","3860","252","","","","-113","-3.5","50232","1772570557638"
"830","2026-03-03 17:43:37","23.31","54","941.3000000000001","3820","252","","","","-113","-4.8","50233","1772570617649"
"831","2026-03-03 17:44:37","23.34","54","941.32","3880","248","","","","-113","-3.8","50234","1772570677650"
"832","2026-03-03 17:45:37","23.3","54","941.28","3860","248","","","","-113","-5.8","50235","1772570737640"
"833","2026-03-03 17:46:37","23.28","54","941.34","3920","252","","","","-114","-6","50236","1772570797645"
"834","2026-03-03 17:47:37","23.27","53.5","941.3000000000001","3840","252","","","","-114","-5.3","50237","1772570857633"
"835","2026-03-03 17:48:37","23.26","53.5","941.34","3820","248","","","","-113","-2.5","50238","1772570917654"
"836","2026-03-03 17:49:37","23.15","54","941.34","3860","244","","","","-113","-4","50239","1772570977636"
"837","2026-03-03 17:50:37","23.16","53.5","941.36","3820","248","","","","-113","-3","50240","1772571037643"
"838","2026-03-03 17:51:37","23.22","53.5","941.36","3840","244","","","","-114","-4.8","50241","1772571097641"
"839","2026-03-03 17:52:37","23.16","54","941.4","3920","240","","","","-113","-4","50242","1772571157647"
"840","2026-03-03 17:53:46","23.12","54","941.4200000000001","3860","244","","","","-114","-4.5","50243","1772571217649"
"841","2026-03-03 17:54:37","23.12","54","941.4","3860","244","","","","-113","-4.5","50244","1772571277637"
"842","2026-03-03 17:55:37","23.22","53.5","941.44","3920","244","","","","-112","-2.3","50245","1772571337647"
"843","2026-03-03 17:56:37","23.25","53.5","941.44","3900","252","","","","-114","-6.8","50246","1772571397646"
"844","2026-03-03 17:57:37","23.31","53","941.4200000000001","3820","248","","","","-113","-4","50247","1772571457642"
"845","2026-03-03 17:58:37","23.27","53","941.52","3900","240","","","","-114","-6.3","50248","1772571517636"
"846","2026-03-03 17:59:37","23.23","53","941.5","3820","252","","","","-114","-5.8","50249","1772571577650"
"847","2026-03-03 18:00:37","23.25","53","941.54","3820","244","","","","-113","-3.8","50250","1772571637652"
"848","2026-03-03 18:01:37","23.13","53","941.5600000000001","3880","248","","","","-113","-4.8","50251","1772571697642"
"849","2026-03-03 18:02:37","23.12","53","941.58","3880","252","","","","-112","-2.3","50252","1772571757635"
"850","2026-03-03 18:03:37","23.11","53","941.5600000000001","3920","248","","","","-114","-6.8","50253","1772571817648"
"851","2026-03-03 18:04:37","23.07","52.5","941.5600000000001","3820","240","","","","-113","-4","50254","1772571877642"
"852","2026-03-03 18:05:37","23.05","52.5","941.5600000000001","3820","252","","","","-112","-1.8","50255","1772571937638"
"853","2026-03-03 18:06:37","23.04","52.5","941.5600000000001","3820","248","","","","-113","-3","50256","1772571997646"
"854","2026-03-03 18:07:37","23.01","52.5","941.5","3860","248","","","","-113","-3.5","50257","1772572057649"
"855","2026-03-03 18:08:37","23.05","52.5","941.54","3840","248","","","","-113","-3.5","50258","1772572117714"
"856","2026-03-03 18:09:37","23.01","52.5","941.5600000000001","3920","240","","","","-113","-3.8","50259","1772572177633"
"857","2026-03-03 18:10:37","22.99","53","941.5600000000001","3880","244","","","","-113","-3.8","50260","1772572237649"
"858","2026-03-03 18:11:37","23.07","52.5","941.5600000000001","3820","248","","","","-112","-3.3","50261","1772572297643"
"859","2026-03-03 18:12:37","22.99","53","941.52","3880","248","","","","-113","-4.3","50262","1772572357645"
"860","2026-03-03 18:13:37","23","53","941.58","3900","240","","","","-113","-3.8","50263","1772572417643"
"861","2026-03-03 18:14:37","22.99","53","941.58","3820","248","","","","-114","-7.3","50264","1772572477636"
"862","2026-03-03 18:15:37","23.01","53","941.6","3900","248","","","","-113","-5.5","50265","1772572537644"
"863","2026-03-03 18:16:37","22.99","53","941.62","3860","244","","","","-113","-5.5","50266","1772572597638"
"864","2026-03-03 18:17:37","23.04","53","941.64","3860","240","","","","-112","-2.3","50267","1772572657639"
"865","2026-03-03 18:18:37","23.02","53","941.64","3920","244","","","","-112","-2.8","50268","1772572717643"
"866","2026-03-03 18:19:37","23.05","53","941.7","3860","244","","","","-114","-8.5","50269","1772572777651"
"867","2026-03-03 18:20:37","23","53.5","941.7","3840","244","","","","-114","-5.8","50270","1772572837640"
"868","2026-03-03 18:21:37","22.82","53.5","941.66","3860","236","","","","-111","-0.3","50271","1772572897643"
"869","2026-03-03 18:22:37","22.8","54","941.64","3840","236","","","","-114","-5.5","50272","1772572957647"
"870","2026-03-03 18:23:37","22.82","53.5","941.66","3820","240","","","","-114","-8.8","50273","1772573017651"
"871","2026-03-03 18:24:37","22.77","53.5","941.62","3880","236","","","","-114","-6.3","50274","1772573077643"
"872","2026-03-03 18:25:37","22.73","54","941.6","3820","240","","","","-113","-4","50275","1772573137644"
"873","2026-03-03 18:26:37","22.74","54","941.62","3840","240","","","","-113","-4.5","50276","1772573197645"
"874","2026-03-03 18:27:37","22.73","54","941.62","3820","236","","","","-112","-1.5","50277","1772573257649"
"875","2026-03-03 18:28:37","22.73","54","941.62","3900","240","","","","-114","-4.3","50278","1772573317650"
"876","2026-03-03 18:29:37","22.72","54","941.66","3820","244","","","","-113","-3.5","50279","1772573377646"
"877","2026-03-03 18:30:37","22.69","54","941.62","3860","236","","","","-114","-6.8","50280","1772573437642"
"878","2026-03-03 18:31:37","22.69","55","941.66","3920","236","","","","-113","-2.5","50281","1772573497640"
"879","2026-03-03 18:32:37","22.71","55.5","941.66","3860","236","","","","-114","-3.8","50282","1772573557656"
"880","2026-03-03 18:33:37","22.68","56.5","941.64","3920","244","","","","-114","-7.5","50283","1772573617639"
"881","2026-03-03 18:34:37","22.76","57.5","941.66","3880","244","","","","-114","-6.3","50284","1772573677647"
"882","2026-03-03 18:35:37","22.87","58.5","941.7","3920","236","","","","-113","-2.5","50285","1772573737642"
"883","2026-03-03 18:36:37","22.94","58","941.7","3880","244","","","","-114","-5","50286","1772573797642"
"884","2026-03-03 18:37:37","22.88","59","941.6800000000001","3820","240","","","","-113","-5","50287","1772573857639"
"885","2026-03-03 18:38:37","22.86","59","941.6800000000001","3840","236","","","","-114","-6","50288","1772573917639"
"886","2026-03-03 18:39:37","22.89","59","941.66","3840","236","","","","-113","-3.5","50289","1772573977655"
"887","2026-03-03 18:40:37","22.89","59.5","941.7","3820","240","","","","-113","-4","50290","1772574037641"
"888","2026-03-03 18:41:37","22.88","59.5","941.6800000000001","3900","236","","","","-113","-3.3","50291","1772574097636"
"889","2026-03-03 18:42:37","22.88","60","941.74","3820","240","","","","-113","-3.8","50292","1772574157646"
"890","2026-03-03 18:43:37","22.89","60","941.7","3920","236","","","","-113","-2.3","50293","1772574217641"
"891","2026-03-03 18:44:37","22.88","60.5","941.72","3840","236","","","","-114","-4.8","50294","1772574277639"
"892","2026-03-03 18:45:37","22.91","60.5","941.7","3900","236","","","","-114","-5.8","50295","1772574337644"
"893","2026-03-03 18:46:37","22.91","60.5","941.7","3860","244","","","","-113","-5","50296","1772574397636"
"894","2026-03-03 18:47:37","22.92","60.5","941.72","3840","240","","","","-113","-4","50297","1772574457637"
"895","2026-03-03 18:48:37","22.93","60","941.76","3820","236","","","","-114","-3.8","50298","1772574517643"
"896","2026-03-03 18:49:37","22.96","60","941.72","3920","244","","","","-113","-3","50299","1772574577644"
"897","2026-03-03 18:50:37","22.97","60","941.72","3880","248","","","","-113","-3","50300","1772574637646"
"898","2026-03-03 18:51:37","22.98","60","941.7","3880","244","","","","-112","-1.3","50301","1772574697643"
"899","2026-03-03 18:52:37","23","59.5","941.6800000000001","3840","248","","","","-113","-3.5","50302","1772574757642"
"900","2026-03-03 18:53:37","23","60","941.7","3840","240","","","","-114","-4.8","50303","1772574817643"
"901","2026-03-03 18:54:37","23.01","60","941.6800000000001","3820","240","","","","-114","-3.8","50304","1772574877651"
"902","2026-03-03 18:55:37","23.03","60","941.72","3880","236","","","","-113","-2.5","50305","1772574937633"
"903","2026-03-03 18:56:37","23.05","60","941.72","3840","244","","","","-113","-2.3","50306","1772574997638"
"904","2026-03-03 18:57:37","23.08","60","941.78","3900","244","","","","-115","-8.3","50307","1772575057641"
"905","2026-03-03 18:58:37","23.1","60","941.78","3880","248","","","","-114","-5","50308","1772575117643"
"906","2026-03-03 18:59:37","23.12","60","941.74","3860","244","","","","-113","-2.3","50309","1772575177644"
"907","2026-03-03 19:00:37","23.15","60","941.76","3820","240","","","","-113","-4.8","50310","1772575237648"
"908","2026-03-03 19:01:37","23.17","60","941.78","3900","244","","","","-113","-3.8","50311","1772575297641"
"909","2026-03-03 19:02:37","23.19","60","941.82","3920","240","","","","-114","-6.3","50312","1772575357653"
"910","2026-03-03 19:03:37","23.21","60","941.78","3860","244","","","","-113","-2","50313","1772575417632"
"911","2026-03-03 19:04:37","23.12","59.5","941.84","3820","244","","","","-114","-5.3","50314","1772575477645"
"912","2026-03-03 19:05:37","22.91","59.5","941.82","3840","240","","","","-113","-2.8","50315","1772575537644"
"913","2026-03-03 19:06:37","22.79","59.5","941.84","3820","244","","","","-113","-2.5","50316","1772575597639"
"914","2026-03-03 19:07:37","22.69","59.5","941.84","3860","244","","","","-113","-4","50317","1772575657639"
"915","2026-03-03 19:08:37","22.65","59.5","941.88","3900","236","","","","-112","-1.5","50318","1772575717640"
"916","2026-03-03 19:09:37","22.56","59.5","941.94","3860","244","","","","-113","-3.5","50319","1772575777640"
"917","2026-03-03 19:10:37","22.48","59.5","941.94","3840","236","","","","-113","-3.5","50320","1772575837642"
"918","2026-03-03 19:11:37","22.56","58.5","941.9200000000001","3840","236","","","","-113","-3.8","50321","1772575897634"
"919","2026-03-03 19:12:37","22.49","58.5","941.94","3900","244","","","","-114","-5.3","50322","1772575957642"
"920","2026-03-03 19:13:37","22.41","58.5","941.94","3860","244","","","","-112","-1","50323","1772576017758"
"921","2026-03-03 19:14:37","22.35","58.5","941.9200000000001","3900","236","","","","-112","-0.8","50324","1772576077641"
"922","2026-03-03 19:15:37","22.36","58.5","941.94","3820","244","","","","-112","-1","50325","1772576137651"
"923","2026-03-03 19:16:37","22.34","58.5","941.96","3840","236","","","","-113","-1.3","50326","1772576197646"
"924","2026-03-03 19:18:37","22.3","58","941.98","3860","240","","","","-113","-2.8","50328","1772576317650"
"925","2026-03-03 19:19:37","22.25","58","941.96","3820","248","","","","-112","-1.5","50329","1772576377643"
"926","2026-03-03 19:20:37","22.23","58","941.98","3920","244","","","","-113","-3","50330","1772576437641"
"927","2026-03-03 19:21:37","22.29","57.5","941.96","3820","240","","","","-113","-2","50331","1772576497642"
"928","2026-03-03 19:22:37","22.26","57.5","942","3920","244","","","","-114","-5.5","50332","1772576557635"
"929","2026-03-03 19:23:37","22.29","57","941.98","3820","244","","","","-113","-2.3","50333","1772576617648"
"930","2026-03-03 19:24:37","22.29","57","941.98","3820","240","","","","-114","-4.8","50334","1772576677642"
"931","2026-03-03 19:25:37","22.3","57","941.96","3920","244","","","","-113","-2.5","50335","1772576737645"
"932","2026-03-03 19:26:37","22.28","56.5","941.96","3920","240","","","","-113","-4","50336","1772576797639"
"933","2026-03-03 19:27:37","22.26","56.5","942.04","3900","240","","","","-113","-2.5","50337","1772576857641"
"934","2026-03-03 19:28:37","22.17","56.5","942.02","3860","240","","","","-113","-2.5","50338","1772576917642"
"935","2026-03-03 19:29:37","22.2","56","942.04","3880","244","","","","-112","-2","50339","1772576977680"
"936","2026-03-03 19:30:37","22.2","56","942.04","3880","236","","","","-113","-3","50340","1772577037652"
"937","2026-03-03 19:31:37","22.15","56","942.0600000000001","3820","248","","","","-112","-1","50341","1772577097638"
"938","2026-03-03 19:32:37","22.21","55.5","942.1","3900","244","","","","-112","-1.8","50342","1772577157652"
"939","2026-03-03 19:33:37","22.17","55.5","942.14","3920","236","","","","-112","-2.5","50343","1772577217637"
"940","2026-03-03 19:34:37","22.14","55.5","942.16","3880","240","","","","-113","-3.3","50344","1772577277638"
"941","2026-03-03 19:35:37","22.07","55.5","942.16","3900","240","","","","-112","-1.8","50345","1772577337639"
"942","2026-03-03 19:36:37","22.12","55.5","942.16","3920","236","","","","-110","1.3","50346","1772577397640"
"943","2026-03-03 19:37:37","22.06","55.5","942.24","3920","244","","","","-112","-1.8","50347","1772577457644"
"944","2026-03-03 19:38:37","22.03","56","942.26","3840","236","","","","-112","-2","50348","1772577517639"
"945","2026-03-03 19:39:37","22.06","55.5","942.26","3840","240","","","","-113","-3","50349","1772577577632"
"946","2026-03-03 19:40:37","21.95","56","942.22","3920","244","","","","-113","-4.8","50350","1772577637643"
"947","2026-03-03 19:41:37","21.98","56","942.28","3920","244","","","","-112","-0.3","50351","1772577697648"
"948","2026-03-03 19:42:37","21.98","56","942.28","3820","240","","","","-112","-1","50352","1772577757637"
"949","2026-03-03 19:43:37","21.99","56","942.32","3840","236","","","","-111","0.3","50353","1772577817636"
"950","2026-03-03 19:44:37","21.93","56.5","942.34","3860","240","","","","-112","0.5","50354","1772577877638"
"951","2026-03-03 19:45:37","21.99","56","942.36","3920","240","","","","-112","0","50355","1772577937635"
"952","2026-03-03 19:46:37","21.97","56","942.32","3880","240","","","","-112","-0.3","50356","1772577997637"
"953","2026-03-03 19:47:37","21.95","56","942.34","3820","240","","","","-113","-2.3","50357","1772578057643"
"954","2026-03-03 19:48:37","21.94","56.5","942.4","3820","248","","","","-113","-1.3","50358","1772578117633"
"955","2026-03-03 19:49:37","21.96","56","942.48","3860","248","","","","-113","-2","50359","1772578177633"
"956","2026-03-03 19:50:37","21.92","56","942.44","3860","244","","","","-112","-0.8","50360","1772578237803"
"957","2026-03-03 19:51:37","21.98","56","942.46","3920","236","","","","-112","-1.3","50361","1772578297632"
"958","2026-03-03 19:52:37","21.96","56","942.5","3900","240","","","","-112","-0.3","50362","1772578357688"
"959","2026-03-03 19:53:37","21.91","56.5","942.52","3880","236","","","","-111","0","50363","1772578417633"
"960","2026-03-03 19:54:37","21.91","56.5","942.54","3840","248","","","","-112","-1.8","50364","1772578477646"
"961","2026-03-03 19:55:37","21.94","56","942.54","3900","244","","","","-114","-8","50365","1772578537633"
"962","2026-03-03 19:56:37","21.95","56.5","942.52","3880","244","","","","-114","-6.5","50366","1772578597638"
"963","2026-03-03 19:57:37","21.95","56","942.52","3840","240","","","","-113","-3","50367","1772578657647"
"964","2026-03-03 19:58:37","21.97","56","942.5600000000001","3900","244","","","","-112","-0.5","50368","1772578717636"
"965","2026-03-03 19:59:37","21.94","56","942.54","3860","244","","","","-113","-3","50369","1772578777634"
"966","2026-03-03 20:00:37","21.89","56.5","942.6","3860","248","","","","-112","-0.8","50370","1772578837689"
"967","2026-03-03 20:01:37","21.9","56.5","942.7","3840","240","","","","-114","-4.3","50371","1772578897649"
"968","2026-03-03 20:03:37","21.91","56.5","942.64","3860","244","","","","-113","-4.8","50373","1772579017650"
"969","2026-03-03 20:04:37","21.88","56","942.6800000000001","3900","244","","","","-114","-8","50374","1772579077640"
"970","2026-03-03 20:05:37","21.87","56.5","942.6800000000001","3880","244","","","","-113","-2.5","50375","1772579137635"
"971","2026-03-03 20:06:37","21.87","56.5","942.64","3920","248","","","","-111","0.8","50376","1772579197633"
"972","2026-03-03 20:07:37","21.85","56","942.6800000000001","3820","244","","","","-114","-6.5","50377","1772579257686"
"973","2026-03-03 20:08:37","21.82","56.5","942.6800000000001","3900","248","","","","-113","-3.5","50378","1772579317634"
"974","2026-03-03 20:09:37","21.84","56.5","942.72","3840","244","","","","-113","-3.8","50379","1772579377635"
"975","2026-03-03 20:10:37","21.87","56.5","942.76","3820","236","","","","-112","-1.5","50380","1772579437635"
"976","2026-03-03 20:11:37","21.9","56","942.8000000000001","3900","248","","","","-112","-0.8","50381","1772579497637"
"977","2026-03-03 20:12:37","21.87","56.5","942.78","3880","240","","","","-113","-2.5","50382","1772579557632"
"978","2026-03-03 20:13:37","22.03","56.5","942.78","3880","0","","","","-114","-7.3","50383","1772579617631"
"979","2026-03-03 20:14:37","22.13","56","942.76","3900","0","","","","-113","-2.8","50384","1772579677738"
"980","2026-03-03 20:15:37","22.22","56.5","942.78","3900","0","","","","-113","-3.8","50385","1772579737636"
"981","2026-03-03 20:16:37","22.3","56.5","942.82","3820","0","","","","-112","-3.3","50386","1772579797681"
"982","2026-03-03 20:17:37","22.37","56.5","942.8000000000001","3880","0","","","","-113","-4.8","50387","1772579857634"
"983","2026-03-03 20:18:37","22.42","56.5","942.88","3860","0","","","","-113","-5","50388","1772579917644"
"984","2026-03-03 20:19:37","22.47","56","942.96","3840","0","","","","-114","-8","50389","1772579977635"
"985","2026-03-03 20:20:37","22.52","56.5","942.94","3920","0","","","","-113","-4.5","50390","1772580037640"
"986","2026-03-03 20:21:37","22.54","56.5","942.98","3820","0","","","","-113","-4.3","50391","1772580097633"
"987","2026-03-03 20:22:37","22.58","56.5","943.02","3860","0","","","","-111","-0.3","50392","1772580157641"
"988","2026-03-03 20:23:37","22.6","56.5","943.02","3900","0","","","","-114","-7.5","50393","1772580217629"
"989","2026-03-03 20:24:37","22.63","56.5","943","3820","0","","","","-113","-5","50394","1772580277636"
"990","2026-03-03 20:26:37","22.68","57","943","3840","0","","","","-113","-4.3","50396","1772580397644"
"991","2026-03-03 20:27:37","22.69","57","943.08","3820","0","","","","-113","-4.3","50397","1772580457639"
"992","2026-03-03 20:28:37","22.71","57.5","943.08","3840","0","","","","-112","-2.5","50398","1772580517636"
"993","2026-03-03 20:29:37","22.72","57.5","943.08","3820","0","","","","-113","-3.5","50399","1772580577634"
"994","2026-03-03 20:30:37","22.73","57.5","943.14","3920","0","","","","-113","-3","50400","1772580637640"
"995","2026-03-03 20:31:37","22.75","57.5","943.12","3900","0","","","","-113","-4","50401","1772580697642"
"996","2026-03-03 20:32:37","22.77","58","943.1","3880","0","","","","-112","-1.3","50402","1772580757639"
"997","2026-03-03 20:34:37","22.8","58","943.16","3820","0","","","","-113","-4.8","50404","1772580877640"
"998","2026-03-03 20:35:37","22.82","58","943.22","3900","0","","","","-113","-4.3","50405","1772580937631"
"999","2026-03-03 20:36:37","22.83","58","943.22","3840","0","","","","-114","-7.3","50406","1772580997635"
"1000","2026-03-03 20:37:37","22.85","58","943.2","3820","0","","","","-113","-3.5","50407","1772581057636"
"1001","2026-03-03 20:38:37","22.86","58","943.28","3820","0","","","","-114","-7","50408","1772581117633"
"1002","2026-03-03 20:39:37","22.89","58","943.3000000000001","3860","0","","","","-114","-9","50409","1772581177637"
"1003","2026-03-03 20:40:37","22.9","58","943.46","3820","0","","","","-114","-9.5","50410","1772581237636"
"1004","2026-03-03 20:41:37","22.91","58.5","943.44","3860","0","","","","-113","-3","50411","1772581297637"
"1005","2026-03-03 20:42:37","22.92","58.5","943.48","3860","0","","","","-114","-7.3","50412","1772581357632"
"1006","2026-03-03 20:43:37","22.93","58.5","943.52","3860","0","","","","-113","-6.8","50413","1772581417631"
"1007","2026-03-03 20:44:37","22.93","58.5","943.54","3860","0","","","","-114","-9.3","50414","1772581477640"
"1008","2026-03-03 20:45:37","22.95","58.5","943.52","3840","0","","","","-113","-3","50415","1772581537637"
"1009","2026-03-03 20:46:37","22.96","58.5","943.5600000000001","3820","0","","","","-113","-3","50416","1772581597685"
"1010","2026-03-03 20:48:37","22.98","58.5","943.5600000000001","3900","0","","","","-112","-2","50418","1772581717643"
"1011","2026-03-03 20:49:37","22.99","58.5","943.6","3820","0","","","","-112","-1.5","50419","1772581777632"
"1012","2026-03-03 20:50:37","23","58.5","943.66","3820","0","","","","-114","-5.3","50420","1772581837630"
"1013","2026-03-03 20:51:37","23","58.5","943.62","3820","0","","","","-113","-3.8","50421","1772581897633"
"1014","2026-03-03 20:52:37","23.01","58.5","943.64","3820","0","","","","-113","-3.8","50422","1772581957628"
"1015","2026-03-03 20:53:37","23.01","59","943.66","3860","0","","","","-114","-6","50423","1772582017633"
"1016","2026-03-03 20:55:37","23.03","59","943.7","3820","0","","","","-114","-10.3","50425","1772582137637"
"1017","2026-03-03 20:56:37","23.02","59","943.66","3860","0","","","","-113","-4.3","50426","1772582197625"
"1018","2026-03-03 20:57:37","23.03","59","943.7","3920","0","","","","-114","-5.3","50427","1772582257639"
"1019","2026-03-03 20:58:37","23.04","59","943.6800000000001","3840","0","","","","-114","-5.5","50428","1772582317638"
"1020","2026-03-03 20:59:37","23.04","59","943.7","3880","0","","","","-113","-3.8","50429","1772582377633"
"1021","2026-03-03 21:02:37","23.05","59","943.74","3860","0","","","","-113","-3.3","50432","1772582557638"
"1022","2026-03-03 21:03:37","23.05","59","943.84","3860","0","","","","-113","-5.5","50433","1772582617637"
"1023","2026-03-03 21:04:37","23.05","59","943.82","3840","0","","","","-113","-4.8","50434","1772582677630"
"1024","2026-03-03 21:05:37","23.06","59","943.86","3860","0","","","","-113","-4.5","50435","1772582737630"
"1025","2026-03-03 21:06:37","23.06","59","943.88","3900","0","","","","-115","-9.3","50436","1772582797641"
"1026","2026-03-03 21:07:37","23.06","59","943.88","3880","0","","","","-114","-8","50437","1772582857691"
"1027","2026-03-03 21:08:37","23.07","59","943.9200000000001","3820","0","","","","-114","-6.8","50438","1772582917637"
"1028","2026-03-03 21:10:37","23.08","59","943.98","3900","0","","","","-113","-4.3","50440","1772583037638"
"1029","2026-03-03 21:11:37","23.08","59","944.02","3840","0","","","","-114","-7.5","50441","1772583097629"
"1030","2026-03-03 21:12:37","23.08","59.5","943.98","3920","0","","","","-113","-3","50442","1772583157639"
"1031","2026-03-03 21:13:37","23.08","59.5","943.98","3920","0","","","","-113","-4.5","50443","1772583217636"
"1032","2026-03-03 21:14:37","23.09","59.5","944","3840","0","","","","-113","-4","50444","1772583277636"
"1033","2026-03-03 21:15:37","23.09","59.5","944","3820","0","","","","-113","-2.3","50445","1772583337636"
"1034","2026-03-03 21:16:37","23.09","59.5","944.02","3820","0","","","","-113","-3.8","50446","1772583397634"
"1035","2026-03-03 21:17:37","23.09","59.5","944.02","3840","0","","","","-114","-9.5","50447","1772583457634"
"1036","2026-03-03 21:18:38","23.09","59.5","944.02","3860","0","","","","-114","-5.3","50448","1772583517632"
"1037","2026-03-03 21:19:37","23.09","59.5","944.0600000000001","3900","0","","","","-114","-6.5","50449","1772583577635"
"1038","2026-03-03 21:20:37","23.09","59.5","944.0600000000001","3860","0","","","","-113","-7","50450","1772583637626"
"1039","2026-03-03 21:22:37","23.09","59.5","944.1","3900","0","","","","-112","-2","50452","1772583757629"
"1040","2026-03-03 21:23:37","23.09","59.5","944.0600000000001","3820","0","","","","-113","-4","50453","1772583817626"
"1041","2026-03-03 21:24:37","23.1","59.5","944.16","3900","0","","","","-113","-4.8","50454","1772583877640"
"1042","2026-03-03 21:25:37","23.1","59.5","944.16","3900","0","","","","-113","-3.3","50455","1772583937694"
"1043","2026-03-03 21:26:37","23.09","59.5","944.1800000000001","3820","0","","","","-113","-5","50456","1772583997629"
"1044","2026-03-03 21:27:37","23.1","59.5","944.16","3820","0","","","","-112","-0.8","50457","1772584057629"
"1045","2026-03-03 21:28:37","23.09","59.5","944.16","3880","0","","","","-113","-5.5","50458","1772584117641"
"1046","2026-03-03 21:29:37","23.1","59.5","944.22","3840","0","","","","-114","-9.3","50459","1772584177623"
"1047","2026-03-03 21:30:37","23.1","59.5","944.2","3920","0","","","","-113","-3.5","50460","1772584237637"
"1048","2026-03-03 21:31:37","23.1","59.5","944.16","3900","0","","","","-113","-2.3","50461","1772584297623"
"1049","2026-03-03 21:32:37","23.09","59.5","944.2","3880","0","","","","-114","-9.8","50462","1772584357632"
"1050","2026-03-03 21:33:37","23.09","59.5","944.14","3860","0","","","","-114","-7.8","50463","1772584417629"
"1051","2026-03-03 21:34:37","23.1","59.5","944.14","3920","0","","","","-113","-2.8","50464","1772584477625"
"1052","2026-03-03 21:35:37","23.1","59.5","944.1800000000001","3880","0","","","","-113","-3.5","50465","1772584537630"
"1053","2026-03-03 21:36:37","23.1","59.5","944.1800000000001","3840","0","","","","-113","-4.3","50466","1772584597634"
"1054","2026-03-03 21:38:37","23.1","59.5","944.22","3860","0","","","","-113","-4","50468","1772584717620"
"1055","2026-03-03 21:39:37","23.1","59.5","944.16","3860","0","","","","-113","-3","50469","1772584777633"
"1056","2026-03-03 21:40:37","23.1","59.5","944.2","3900","0","","","","-114","-7.5","50470","1772584837630"
"1057","2026-03-03 21:41:37","23.1","59.5","944.24","3820","0","","","","-114","-8.3","50471","1772584897639"
"1058","2026-03-03 21:42:37","23.09","59.5","944.24","3920","0","","","","-113","-2.8","50472","1772584957621"
"1059","2026-03-03 21:43:37","23.1","59.5","944.26","3820","0","","","","-112","-1","50473","1772585017637"
"1060","2026-03-03 21:44:37","23.09","59.5","944.26","3920","0","","","","-113","-6","50474","1772585077627"
"1061","2026-03-03 21:45:37","23.1","59.5","944.28","3900","0","","","","-113","-4.3","50475","1772585137636"
"1062","2026-03-03 21:46:37","23.1","59.5","944.38","3840","0","","","","-114","-8","50476","1772585197632"
"1063","2026-03-03 21:47:37","23.09","59.5","944.38","3900","0","","","","-112","-0.8","50477","1772585257620"
"1064","2026-03-03 21:48:37","23.1","59.5","944.4","3900","0","","","","-114","-7.8","50478","1772585317636"
"1065","2026-03-03 21:49:37","23.1","59.5","944.44","3880","0","","","","-115","-10","50479","1772585377628"
"1066","2026-03-03 21:50:37","23.1","59.5","944.5","3880","0","","","","-114","-5.5","50480","1772585437624"
"1067","2026-03-03 21:51:37","23.09","59.5","944.48","3860","0","","","","-112","0","50481","1772585497629"
"1068","2026-03-03 21:52:37","23.09","59.5","944.48","3860","0","","","","-112","-0.8","50482","1772585557625"
"1069","2026-03-03 21:53:37","23.09","59.5","944.5","3820","0","","","","-114","-5.8","50483","1772585617630"
"1070","2026-03-03 21:54:37","23.09","59.5","944.52","3820","0","","","","-113","-1.8","50484","1772585677628"
"1071","2026-03-03 21:55:37","23.09","59.5","944.62","3880","0","","","","-113","-2.8","50485","1772585737630"
"1072","2026-03-03 21:56:37","23.09","59.5","944.6","3840","0","","","","-112","-1","50486","1772585797629"
"1073","2026-03-03 21:57:37","23.09","59.5","944.66","3900","0","","","","-113","-4","50487","1772585857637"
"1074","2026-03-03 21:58:37","23.1","59.5","944.62","3820","0","","","","-114","-8.3","50488","1772585917621"
"1075","2026-03-03 21:59:37","23.09","59.5","944.7","3880","0","","","","-114","-7.3","50489","1772585977632"
"1076","2026-03-03 22:01:37","23.09","59.5","944.7","3880","0","","","","-112","-1.5","50491","1772586097620"
"1077","2026-03-03 22:02:37","23.09","59","944.66","3820","0","","","","-113","-2.3","50492","1772586157626"
"1078","2026-03-03 22:03:37","23.09","59.5","944.72","3860","0","","","","-113","-3","50493","1772586217630"
"1079","2026-03-03 22:04:37","23.09","59.5","944.78","3860","0","","","","-112","-1","50494","1772586277634"
"1080","2026-03-03 22:05:37","23.09","59.5","944.8000000000001","3860","0","","","","-113","-2","50495","1772586337635"
"1081","2026-03-03 22:06:37","23.09","59.5","944.78","3880","0","","","","-112","-1","50496","1772586397627"
"1082","2026-03-03 22:07:37","23.09","59","944.86","3820","0","","","","-112","-1.8","50497","1772586457621"
"1083","2026-03-03 22:08:37","23.09","59.5","944.8000000000001","3920","0","","","","-114","-5.3","50498","1772586517717"
"1084","2026-03-03 22:09:37","23.09","59","944.86","3920","0","","","","-114","-6.5","50499","1772586577626"
"1085","2026-03-03 22:10:37","23.1","59","944.9","3880","0","","","","-113","-3.8","50500","1772586637628"
"1086","2026-03-03 22:11:37","23.09","59","944.82","3880","0","","","","-113","-3","50501","1772586697628"
"1087","2026-03-03 22:12:37","23.11","59.5","944.84","3840","0","","","","-113","-3.5","50502","1772586757640"
"1088","2026-03-03 22:13:37","23.11","59","944.86","3880","0","","","","-112","-1.8","50503","1772586817768"
"1089","2026-03-03 22:14:37","23.11","59","944.9","3860","0","","","","-112","-1.8","50504","1772586877623"
"1090","2026-03-03 22:15:37","23.1","59","944.9200000000001","3820","0","","","","-112","-0.8","50505","1772586937629"
"1091","2026-03-03 22:16:37","23.11","59","944.94","3860","0","","","","-112","-1.3","50506","1772586997629"
"1092","2026-03-03 22:17:37","23.11","59","945.04","3880","0","","","","-114","-10.8","50507","1772587057623"
"1093","2026-03-03 22:18:37","23.11","59","945.04","3820","0","","","","-113","-6.3","50508","1772587117627"
"1094","2026-03-03 22:19:37","23.11","59","945.0600000000001","3900","0","","","","-112","-0.8","50509","1772587177633"
"1095","2026-03-03 22:20:37","23.1","59","945.08","3920","0","","","","-113","-5.3","50510","1772587237630"
"1096","2026-03-03 22:21:37","23.1","59","945.08","3920","0","","","","-113","-2.3","50511","1772587297626"
"1097","2026-03-03 22:22:37","23.11","59","945.12","3840","0","","","","-114","-4.5","50512","1772587357631"
"1098","2026-03-03 22:23:37","23.11","59","945.14","3900","0","","","","-112","-2.5","50513","1772587417624"
"1099","2026-03-03 22:24:37","23.1","59","945.16","3840","0","","","","-112","-3.3","50514","1772587477624"
"1100","2026-03-03 22:25:37","23.1","59","945.1","3820","0","","","","-113","-5","50515","1772587537633"
"1101","2026-03-03 22:26:37","23.1","59","945.12","3840","0","","","","-112","-1.8","50516","1772587597628"
"1102","2026-03-03 22:27:37","23.1","59","945.1","3820","0","","","","-112","-2.3","50517","1772587657628"
"1103","2026-03-03 22:28:37","23.11","59","945.1","3820","0","","","","-112","-2.3","50518","1772587717634"
"1104","2026-03-03 22:29:37","23.11","59","945.1","3900","0","","","","-112","-1","50519","1772587777623"
"1105","2026-03-03 22:30:37","23.11","59","945.1","3920","0","","","","-112","-2","50520","1772587837627"
"1106","2026-03-03 22:31:37","23.11","59","945.1","3900","0","","","","-112","-2.5","50521","1772587897626"
"1107","2026-03-03 22:32:37","23.11","59","945.12","3840","0","","","","-112","-2","50522","1772587957637"
"1108","2026-03-03 22:33:37","23.11","59","945.12","3820","0","","","","-113","-3.3","50523","1772588017624"
"1109","2026-03-03 22:34:37","23.11","59","945.16","3820","0","","","","-113","-2.3","50524","1772588077627"
"1110","2026-03-03 22:35:37","23.11","59","945.14","3880","0","","","","-112","-2.5","50525","1772588137741"
"1111","2026-03-03 22:36:37","23.1","59","945.14","3840","0","","","","-112","-1.5","50526","1772588197630"
"1112","2026-03-03 22:37:37","23.11","59","945.16","3820","0","","","","-112","-1","50527","1772588257634"
"1113","2026-03-03 22:38:37","23.1","59","945.1800000000001","3860","0","","","","-112","-1.5","50528","1772588317622"
"1114","2026-03-03 22:39:38","23.1","59","945.14","3900","0","","","","-112","-1.3","50529","1772588377626"
"1115","2026-03-03 22:40:37","23.11","59","945.14","3900","0","","","","-112","-2.5","50530","1772588437631"
"1116","2026-03-03 22:41:37","23.11","59","945.12","3920","0","","","","-112","-1.3","50531","1772588497619"
"1117","2026-03-03 22:42:37","23.11","59","945.1","3820","0","","","","-112","-1","50532","1772588557631"
"1118","2026-03-03 22:43:37","23.11","59","945.12","3860","0","","","","-112","-2","50533","1772588617630"
"1119","2026-03-03 22:44:37","23.11","59","945.12","3860","0","","","","-112","-3.3","50534","1772588677622"
"1120","2026-03-03 22:45:37","23.11","58.5","945.1","3820","0","","","","-113","-4.5","50535","1772588737622"
"1121","2026-03-03 22:46:37","23.1","59","945.0600000000001","3840","0","","","","-112","-1.5","50536","1772588797787"
"1122","2026-03-03 22:47:37","23.1","59","945.12","3820","0","","","","-112","-1.3","50537","1772588857629"
"1123","2026-03-03 22:48:37","23.11","59","945.16","3820","0","","","","-112","-1.5","50538","1772588917616"
"1124","2026-03-03 22:49:37","23.11","58.5","945.2","3860","0","","","","-113","-9","50539","1772588977627"
"1125","2026-03-03 22:50:37","23.1","58.5","945.2","3880","0","","","","-114","-6.5","50540","1772589037626"
"1126","2026-03-03 22:51:37","23.11","58.5","945.26","3820","0","","","","-113","-3","50541","1772589097625"
"1127","2026-03-03 22:52:37","23.1","58.5","945.24","3820","0","","","","-112","-2.3","50542","1772589157626"
"1128","2026-03-03 22:53:37","23.1","59","945.32","3860","0","","","","-113","-2.5","50543","1772589217626"
"1129","2026-03-03 22:54:37","23.11","58.5","945.3000000000001","3920","0","","","","-114","-7.8","50544","1772589277620"
"1130","2026-03-03 22:55:37","23.1","58.5","945.28","3820","0","","","","-112","0","50545","1772589337621"
"1131","2026-03-03 22:56:37","23.11","58.5","945.3000000000001","3860","0","","","","-113","-3.8","50546","1772589397634"
"1132","2026-03-03 22:57:37","23.11","58.5","945.32","3820","0","","","","-112","-0.5","50547","1772589457629"
"1133","2026-03-03 22:58:37","23.11","58.5","945.34","3920","0","","","","-113","-2.5","50548","1772589517622"
"1134","2026-03-03 22:59:37","23.11","58.5","945.3000000000001","3920","0","","","","-112","-1","50549","1772589577616"
"1135","2026-03-03 23:00:37","23.1","58.5","945.28","3900","0","","","","-112","-1.8","50550","1772589637631"
"1136","2026-03-03 23:01:37","23.11","58.5","945.3000000000001","3920","0","","","","-112","-1.5","50551","1772589697624"
"1137","2026-03-03 23:02:37","23.11","58.5","945.32","3820","0","","","","-112","-1.3","50552","1772589757622"
"1138","2026-03-03 23:03:37","23.11","58.5","945.36","3900","0","","","","-112","-2.3","50553","1772589817629"
"1139","2026-03-03 23:04:37","23.12","58.5","945.36","3920","0","","","","-112","-2","50554","1772589877620"
"1140","2026-03-03 23:05:37","23.12","58.5","945.38","3900","0","","","","-112","-2.5","50555","1772589937621"
"1141","2026-03-03 23:06:37","23.11","58.5","945.36","3900","0","","","","-112","-1.5","50556","1772589997630"
"1142","2026-03-03 23:07:37","23.11","58.5","945.4","3860","0","","","","-112","-2.3","50557","1772590057626"
"1143","2026-03-03 23:08:37","23.11","59","945.4","3880","0","","","","-112","0","50558","1772590117630"
"1144","2026-03-03 23:09:37","23.12","58.5","945.4","3860","0","","","","-113","-1.8","50559","1772590177636"
"1145","2026-03-03 23:10:37","23.12","58.5","945.44","3820","0","","","","-113","-2.8","50560","1772590237628"
"1146","2026-03-03 23:11:37","23.12","58.5","945.4","3880","0","","","","-112","-1.5","50561","1772590297626"
"1147","2026-03-03 23:12:37","23.12","58.5","945.36","3920","0","","","","-114","-4.5","50562","1772590357628"
"1148","2026-03-03 23:13:37","23.12","58.5","945.36","3860","0","","","","-112","0","50563","1772590417640"
"1149","2026-03-03 23:14:37","23.12","58.5","945.34","3900","0","","","","-113","-2.5","50564","1772590477624"
"1150","2026-03-03 23:15:37","23.12","58.5","945.32","3820","0","","","","-112","-1.5","50565","1772590537675"
"1151","2026-03-03 23:16:38","23.12","58.5","945.36","3820","0","","","","-112","-1.3","50566","1772590597616"
"1152","2026-03-03 23:17:37","23.11","58.5","945.3000000000001","3900","0","","","","-112","-1","50567","1772590657625"
"1153","2026-03-03 23:18:37","23.11","58.5","945.28","3880","0","","","","-112","0.3","50568","1772590717616"
"1154","2026-03-03 23:19:37","23.14","59","945.26","3840","0","","","","-112","-1.5","50569","1772590777621"
"1155","2026-03-03 23:20:38","23.14","58.5","945.32","3820","0","","","","-112","-1.8","50570","1772590837627"
"1156","2026-03-03 23:21:37","23.13","58.5","945.3000000000001","3880","0","","","","-112","-1","50571","1772590897632"
"1157","2026-03-03 23:22:37","23.12","58.5","945.32","3900","0","","","","-113","-2.5","50572","1772590957630"
"1158","2026-03-03 23:23:37","23.12","58.5","945.3000000000001","3820","0","","","","-112","-1.8","50573","1772591017717"
"1159","2026-03-03 23:24:37","23.12","59","945.3000000000001","3900","0","","","","-112","-1.8","50574","1772591077616"
"1160","2026-03-03 23:25:37","23.11","58.5","945.26","3820","0","","","","-112","-2","50575","1772591137699"
"1161","2026-03-03 23:26:37","23.11","59","945.26","3840","0","","","","-113","-3.3","50576","1772591197630"
"1162","2026-03-03 23:27:37","23.11","58.5","945.26","3900","0","","","","-113","-3.8","50577","1772591257636"
"1163","2026-03-03 23:28:37","23.1","58.5","945.26","3820","0","","","","-113","-2.5","50578","1772591317677"
"1164","2026-03-03 23:29:37","23.1","58.5","945.28","3920","0","","","","-112","-1","50579","1772591377626"
"1165","2026-03-03 23:30:37","23.1","59","945.3000000000001","3880","0","","","","-112","-1.5","50580","1772591437627"
"1166","2026-03-03 23:31:37","23.09","59","945.28","3860","0","","","","-113","-2.8","50581","1772591497626"
"1167","2026-03-03 23:32:37","23.1","59","945.28","3840","0","","","","-112","-1.5","50582","1772591557623"
"1168","2026-03-03 23:33:37","23.1","59","945.3000000000001","3860","0","","","","-112","-1.5","50583","1772591617634"
"1169","2026-03-03 23:34:37","23.1","59","945.3000000000001","3860","0","","","","-112","-1","50584","1772591677624"
"1170","2026-03-03 23:35:37","23.1","59","945.28","3880","0","","","","-112","-2","50585","1772591737616"
"1171","2026-03-03 23:36:37","23.1","59","945.28","3820","0","","","","-112","-1","50586","1772591797621"
"1172","2026-03-03 23:37:37","23.1","59","945.24","3900","0","","","","-112","-0.8","50587","1772591857621"
"1173","2026-03-03 23:38:37","23.1","59","945.2","3860","0","","","","-112","-2","50588","1772591917624"
"1174","2026-03-03 23:39:37","23.09","59","945.16","3900","0","","","","-112","-1.8","50589","1772591977623"
"1175","2026-03-03 23:40:37","23.09","59","945.22","3920","0","","","","-111","-0.5","50590","1772592037627"
"1176","2026-03-03 23:41:37","23.09","59","945.22","3880","0","","","","-112","-2","50591","1772592097633"
"1177","2026-03-03 23:42:38","23.09","59","945.16","3860","0","","","","-112","-2.3","50592","1772592157623"
"1178","2026-03-03 23:43:37","23.1","59","945.2","3860","0","","","","-112","-1.8","50593","1772592217680"
"1179","2026-03-03 23:44:37","23.1","59","945.1800000000001","3900","0","","","","-112","-1.8","50594","1772592277629"
"1180","2026-03-03 23:45:37","23.09","59","945.1800000000001","3840","0","","","","-112","-2.3","50595","1772592337620"
"1181","2026-03-03 23:46:37","23.1","59","945.1800000000001","3840","0","","","","-112","-1.8","50596","1772592397620"
"1182","2026-03-03 23:47:37","23.09","59","945.2","3840","0","","","","-112","-1.8","50597","1772592457629"
"1183","2026-03-03 23:48:37","23.1","58.5","945.2","3900","0","","","","-112","-0.8","50598","1772592517624"
"1184","2026-03-03 23:49:37","23.1","59","945.1800000000001","3820","0","","","","-113","-1.5","50599","1772592577639"
"1185","2026-03-03 23:50:37","23.1","59","945.1800000000001","3820","0","","","","-112","-1","50600","1772592637631"
"1186","2026-03-03 23:51:37","23.09","59","945.16","3860","0","","","","-112","-0.8","50601","1772592697620"
"1187","2026-03-03 23:52:37","23.09","59","945.1800000000001","3820","0","","","","-112","-1.5","50602","1772592757629"
"1188","2026-03-03 23:53:37","23.09","59","945.2","3820","0","","","","-112","-1.5","50603","1772592817614"
"1189","2026-03-03 23:54:37","23.09","59","945.22","3840","0","","","","-112","-1.3","50604","1772592877627"
"1190","2026-03-03 23:55:37","23.09","59","945.14","3860","0","","","","-112","-0.5","50605","1772592937625"
"1191","2026-03-03 23:56:37","23.09","59","945.16","3880","0","","","","-112","-0.8","50606","1772592997629"
"1192","2026-03-03 23:57:37","23.09","59","945.16","3820","0","","","","-112","-1.8","50607","1772593057626"
"1193","2026-03-03 23:58:37","23.09","59","945.16","3880","0","","","","-112","-1","50608","1772593117631"
"1194","2026-03-03 23:59:37","23.08","59","945.1","3900","0","","","","-111","0","50609","1772593177620"
