"Nº","Data e Hora (America/Sao_Paulo)","Temperatura (°C)","Umidade Relativa (%)","Pressão Atmosférica (hPa)","Tensão do Sistema (mV)","Luminosidade (lux)","Latitude (°)","Longitude (°)","Altitude (m)","RSSI (dBm)","SNR (dB)","Frame Counter","Timestamp Aquisição (ms)"
"1","2026-03-25 00:00:52","22.73","63.5","943.64","3720","16","-22.822223663330078","-47.065635681152344","608.2","-98","10.800000190734863","42002","1774407652817"
"2","2026-03-25 00:01:52","22.72","63.5","943.6800000000001","3720","16","-22.822235107421875","-47.065635681152344","609.5","-98","10.800000190734863","42003","1774407712812"
"3","2026-03-25 00:02:52","22.71","63.5","943.6800000000001","3700","16","-22.822240829467773","-47.0656623840332","609","-99","10.800000190734863","42004","1774407772814"
"4","2026-03-25 00:03:52","22.69","63.5","943.72","3720","16","-22.822227478027344","-47.065643310546875","607.5","-99","10.800000190734863","42005","1774407832809"
"5","2026-03-25 00:04:53","22.68","63.5","943.6800000000001","3680","16","-22.822227478027344","-47.06566619873047","612.7","-99","10.800000190734863","42006","1774407893101"
"6","2026-03-25 00:05:52","22.68","63.5","943.74","3720","16","-22.822219848632812","-47.06565475463867","613","-98","10.800000190734863","42007","1774407952812"
"7","2026-03-25 00:06:52","22.66","63.5","943.72","3760","16","-22.822206497192383","-47.06563186645508","612","-98","11","42008","1774408012823"
"8","2026-03-25 00:07:52","22.64","63.5","943.74","3760","16","-22.82225227355957","-47.065635681152344","610.9","-98","11","42009","1774408072813"
"9","2026-03-25 00:08:52","22.62","63.5","943.74","3760","16","-22.82225799560547","-47.06564712524414","615","-98","11","42010","1774408132825"
"10","2026-03-25 00:09:52","22.59","63.5","943.74","3700","16","-22.822202682495117","-47.06562805175781","604.7","-98","11","42011","1774408192813"
"11","2026-03-25 00:10:52","22.56","63.5","943.72","3680","16","-22.822219848632812","-47.065643310546875","612.7","-98","11","42012","1774408252819"
"12","2026-03-25 00:11:52","22.54","63.5","943.74","3700","16","-22.822200775146484","-47.06563186645508","614.4000000000001","-98","10.5","42013","1774408312814"
"13","2026-03-25 00:12:52","22.5","63.5","943.72","3720","16","-22.822223663330078","-47.06562805175781","619.2","-98","11","42014","1774408372814"
"14","2026-03-25 00:13:52","22.47","63.5","943.72","3720","16","-22.822254180908203","-47.065635681152344","619.5","-98","11.300000190734863","42015","1774408432827"
"15","2026-03-25 00:14:52","22.44","63","943.74","3680","16","-22.822242736816406","-47.06563949584961","614.2","-98","11","42016","1774408492825"
"16","2026-03-25 00:15:52","22.4","63.5","943.7","3740","16","-22.82223129272461","-47.06563186645508","616.2","-98","11","42017","1774408552828"
"17","2026-03-25 00:16:52","22.38","63.5","943.7","3760","16","-22.822227478027344","-47.065643310546875","616.4000000000001","-98","10.800000190734863","42018","1774408612822"
"18","2026-03-25 00:17:52","22.35","63.5","943.72","3720","16","-22.822185516357422","-47.065650939941406","605.5","-98","11","42019","1774408672822"
"19","2026-03-25 00:18:52","22.32","63.5","943.7","3720","16","-22.822172164916992","-47.065643310546875","608.2","-98","11","42020","1774408732819"
"20","2026-03-25 00:19:52","22.28","63.5","943.7","3700","16","-22.822168350219727","-47.065643310546875","611.7","-98","11","42021","1774408792827"
"21","2026-03-25 00:20:52","22.25","63.5","943.6800000000001","3700","16","-22.822206497192383","-47.0656623840332","614.7","-98","11","42022","1774408852816"
"22","2026-03-25 00:21:52","22.23","63.5","943.66","3700","16","-22.822195053100586","-47.065673828125","612.4","-98","11","42023","1774408912817"
"23","2026-03-25 00:22:52","22.2","63.5","943.62","3700","16","-22.822193145751953","-47.06565475463867","622.4000000000001","-98","11","42024","1774408972821"
"24","2026-03-25 00:23:52","22.18","63.5","943.66","3740","16","-22.822168350219727","-47.06563186645508","615.4000000000001","-98","10.800000190734863","42025","1774409032809"
"25","2026-03-25 00:24:52","22.16","63.5","943.6","3740","16","-22.82220458984375","-47.065635681152344","619.5","-98","11","42026","1774409092823"
"26","2026-03-25 00:25:52","22.14","63.5","943.6","3720","16","-22.822202682495117","-47.06566619873047","604","-98","11","42027","1774409152822"
"27","2026-03-25 00:26:52","22.12","63.5","943.64","3760","16","-22.82221221923828","-47.06564712524414","604.5","-98","11","42028","1774409212827"
"28","2026-03-25 00:27:52","22.1","63.5","943.66","3700","16","-22.82221031188965","-47.06563949584961","613.2","-98","11.300000190734863","42029","1774409272830"
"29","2026-03-25 00:28:52","22.09","63.5","943.64","3720","16","-22.822208404541016","-47.0656623840332","608.2","-98","11","42030","1774409332820"
"30","2026-03-25 00:29:52","22.07","63.5","943.64","3760","16","-22.822246551513672","-47.06562423706055","617","-98","11","42031","1774409392823"
"31","2026-03-25 00:30:52","22.05","63.5","943.58","3760","16","-22.82217025756836","-47.065635681152344","606.5","-98","11","42032","1774409452819"
"32","2026-03-25 00:31:52","22.03","63","943.62","3720","16","-22.82219123840332","-47.065643310546875","608.4","-98","11","42033","1774409512821"
"33","2026-03-25 00:32:52","22.01","63","943.6","3720","16","-22.82219696044922","-47.06563186645508","611.5","-98","11","42034","1774409572820"
"34","2026-03-25 00:33:52","21.99","63","943.6","3720","16","-22.82222557067871","-47.06562805175781","611.7","-98","10.800000190734863","42035","1774409632816"
"35","2026-03-25 00:34:52","21.97","63","943.62","3700","16","-22.822246551513672","-47.065650939941406","613.9","-98","11","42036","1774409692813"
"36","2026-03-25 00:35:52","21.95","63","943.62","3680","16","-22.822250366210938","-47.06564712524414","611.7","-98","11","42037","1774409752806"
"37","2026-03-25 00:36:52","21.93","63","943.64","3740","16","-22.822202682495117","-47.06568908691406","603.5","-98","11","42038","1774409812821"
"38","2026-03-25 00:37:52","21.91","63","943.6800000000001","3640","16","-22.822153091430664","-47.06571578979492","594","-98","11","42039","1774409872822"
"39","2026-03-25 00:38:52","21.89","63","943.64","3680","16","-22.822168350219727","-47.065643310546875","603.9","-98","11","42040","1774409932821"
"40","2026-03-25 00:39:52","21.86","63","943.66","3720","16","-22.822233200073242","-47.06561279296875","615.2","-98","10.800000190734863","42041","1774409992824"
"41","2026-03-25 00:40:52","21.85","63","943.64","3700","16","-22.822256088256836","-47.065574645996094","624","-98","10.5","42042","1774410052820"
"42","2026-03-25 00:41:52","21.83","63","943.64","3720","16","-22.822237014770508","-47.06555938720703","626.7","-99","10.800000190734863","42043","1774410112831"
"43","2026-03-25 00:42:52","21.8","63","943.64","3680","16","-22.822250366210938","-47.06556701660156","631.7","-98","10.800000190734863","42044","1774410172831"
"44","2026-03-25 00:43:52","21.79","63","943.6","3700","16","-22.822246551513672","-47.065574645996094","633.2","-98","10.5","42045","1774410232819"
"45","2026-03-25 00:44:52","21.77","63","943.66","3700","16","-22.822246551513672","-47.06555938720703","634.5","-99","10.5","42046","1774410292834"
"46","2026-03-25 00:45:52","21.75","63","943.66","3720","16","-22.822261810302734","-47.06560134887695","637.5","-98","10.800000190734863","42047","1774410352820"
"47","2026-03-25 00:46:52","21.74","63","943.6800000000001","3720","16","-22.822233200073242","-47.065643310546875","615.5","-98","11","42048","1774410412824"
"48","2026-03-25 00:47:52","21.72","63","943.66","3720","16","-22.822235107421875","-47.065643310546875","615.5","-98","10.800000190734863","42049","1774410472817"
"49","2026-03-25 00:48:52","21.71","63","943.66","3720","16","-22.822158813476562","-47.065670013427734","621.5","-99","10.800000190734863","42050","1774410532827"
"50","2026-03-25 00:49:52","21.69","63","943.6800000000001","3740","16","-22.822202682495117","-47.065643310546875","609.4","-99","10.800000190734863","42051","1774410592813"
"51","2026-03-25 00:50:52","21.68","63","943.66","3720","16","-22.822233200073242","-47.065643310546875","605.2","-99","10.800000190734863","42052","1774410652830"
"52","2026-03-25 00:51:52","21.65","63","943.6800000000001","3700","16","-22.82224464416504","-47.065635681152344","615.5","-99","10.800000190734863","42053","1774410712823"
"53","2026-03-25 00:52:52","21.64","63","943.66","3700","16","-22.822206497192383","-47.06565856933594","593.9","-98","10.5","42054","1774410772817"
"54","2026-03-25 00:53:52","21.62","63","943.64","3740","16","-22.82219696044922","-47.065650939941406","603.9","-99","10.800000190734863","42055","1774410832822"
"55","2026-03-25 00:54:52","21.6","63","943.62","3680","16","-22.822233200073242","-47.06562423706055","618.5","-99","10.5","42056","1774410892826"
"56","2026-03-25 00:55:52","21.57","63","943.64","3720","16","-22.822248458862305","-47.065589904785156","619.7","-99","10.5","42057","1774410952829"
"57","2026-03-25 00:56:52","21.55","63","943.66","3700","16","-22.822277069091797","-47.06562042236328","612.4","-99","10.800000190734863","42058","1774411012815"
"58","2026-03-25 00:57:52","21.53","63","943.64","3700","16","-22.822265625","-47.06559753417969","620.4000000000001","-99","10.800000190734863","42059","1774411072825"
"59","2026-03-25 00:58:52","21.52","63","943.66","3720","16","-22.822246551513672","-47.06562042236328","619","-99","10.5","42060","1774411132809"
"60","2026-03-25 00:59:52","21.51","63","943.6800000000001","3700","16","-22.82225799560547","-47.06560516357422","622","-99","10.800000190734863","42061","1774411192793"
"61","2026-03-25 01:00:52","21.48","63","943.7","3700","12","-22.822254180908203","-47.06562423706055","614.2","-99","10.5","42062","1774411252825"
"62","2026-03-25 01:01:52","21.46","63","943.6800000000001","3720","16","-22.822237014770508","-47.065673828125","612.4","-99","10.800000190734863","42063","1774411312808"
"63","2026-03-25 01:02:52","21.44","63","943.66","3720","16","-22.82225227355957","-47.06557846069336","624.9000000000001","-99","10.5","42064","1774411372813"
"64","2026-03-25 01:03:52","21.42","63","943.6800000000001","3680","16","-22.822280883789062","-47.065582275390625","630.7","-99","10.800000190734863","42065","1774411432824"
"65","2026-03-25 01:04:52","21.39","63","943.6800000000001","3740","16","-22.822269439697266","-47.06560516357422","621.7","-99","10.5","42066","1774411492825"
"66","2026-03-25 01:05:52","21.38","63","943.6800000000001","3700","16","-22.822256088256836","-47.065643310546875","611.5","-98","10.800000190734863","42067","1774411552825"
"67","2026-03-25 01:06:52","21.36","63.5","943.66","3680","16","-22.82225799560547","-47.06564712524414","613.5","-99","10.800000190734863","42068","1774411612827"
"68","2026-03-25 01:07:52","21.34","63.5","943.6800000000001","3720","16","-22.822269439697266","-47.06565856933594","616.4000000000001","-99","10.800000190734863","42069","1774411672814"
"69","2026-03-25 01:08:52","21.33","63.5","943.6800000000001","3740","16","-22.8222713470459","-47.0656623840332","614","-99","10.800000190734863","42070","1774411732823"
"70","2026-03-25 01:09:52","21.31","63.5","943.6800000000001","3700","16","-22.822256088256836","-47.06562042236328","625","-99","10.5","42071","1774411792818"
"71","2026-03-25 01:10:52","21.3","63","943.72","3700","16","-22.822269439697266","-47.06558609008789","635.7","-99","10.5","42072","1774411852828"
"72","2026-03-25 01:11:52","21.28","63.5","943.7","3740","16","-22.822233200073242","-47.065635681152344","622.5","-99","10.300000190734863","42073","1774411912816"
"73","2026-03-25 01:12:52","21.26","63","943.64","3740","16","-22.82223129272461","-47.06562805175781","609.2","-99","10.800000190734863","42074","1774411972814"
"74","2026-03-25 01:13:52","21.25","63","943.66","3720","16","-22.822237014770508","-47.065635681152344","610","-99","10.800000190734863","42075","1774412032830"
"75","2026-03-25 01:14:52","21.23","63","943.62","3700","16","-22.822214126586914","-47.06562042236328","614.7","-99","10.5","42076","1774412092814"
"76","2026-03-25 01:15:52","21.22","63","943.62","3640","16","-22.82221221923828","-47.065616607666016","617.5","-99","10.800000190734863","42077","1774412152821"
"77","2026-03-25 01:16:52","21.22","63","943.6","3720","16","-22.822233200073242","-47.065589904785156","620.4000000000001","-99","11","42078","1774412212824"
"78","2026-03-25 01:17:52","21.21","63","943.6","3740","16","-22.8222599029541","-47.065616607666016","615","-99","10.800000190734863","42079","1774412272806"
"79","2026-03-25 01:18:52","21.2","63","943.6","3680","16","-22.8222599029541","-47.065608978271484","610.7","-99","11","42080","1774412332800"
"80","2026-03-25 01:19:52","21.18","63","943.6","3700","16","-22.822208404541016","-47.06563186645508","618.5","-98","10.800000190734863","42081","1774412392791"
"81","2026-03-25 01:20:52","21.17","63","943.58","3720","16","-22.822223663330078","-47.06563949584961","603.9","-98","10.800000190734863","42082","1774412452806"
"82","2026-03-25 01:21:52","21.15","63","943.5600000000001","3680","16","-22.82221221923828","-47.065650939941406","611.4","-98","10.800000190734863","42083","1774412512815"
"83","2026-03-25 01:22:52","21.13","63","943.58","3680","16","-22.822227478027344","-47.06562805175781","615","-99","10.800000190734863","42084","1774412572819"
"84","2026-03-25 01:23:52","21.11","63.5","943.52","3700","16","-22.82225799560547","-47.06564712524414","609.7","-98","11","42085","1774412632815"
"85","2026-03-25 01:24:52","21.09","63.5","943.54","3700","16","-22.822250366210938","-47.06563949584961","612.2","-98","11","42086","1774412692812"
"86","2026-03-25 01:25:52","21.06","63.5","943.5","3680","16","-22.822246551513672","-47.06559753417969","622.4000000000001","-98","11","42087","1774412752822"
"87","2026-03-25 01:26:52","21.03","63.5","943.48","3720","16","-22.822263717651367","-47.065616607666016","620.2","-98","11","42088","1774412812821"
"88","2026-03-25 01:27:52","21","63.5","943.46","3680","16","-22.822254180908203","-47.065643310546875","618.2","-98","10.800000190734863","42089","1774412872821"
"89","2026-03-25 01:28:52","20.98","63.5","943.48","3680","16","-22.822237014770508","-47.0656623840332","616.5","-98","10.800000190734863","42090","1774412932825"
"90","2026-03-25 01:29:52","20.96","63.5","943.46","3700","16","-22.82222557067871","-47.065677642822266","617.4000000000001","-98","10.800000190734863","42091","1774412992844"
"91","2026-03-25 01:30:52","20.93","63.5","943.48","3700","16","-22.822229385375977","-47.0656623840332","614.2","-98","11","42092","1774413052862"
"92","2026-03-25 01:31:52","20.9","63.5","943.48","3660","16","-22.822237014770508","-47.065670013427734","611.9","-99","10.800000190734863","42093","1774413112786"
"93","2026-03-25 01:32:52","20.88","63.5","943.44","3680","16","-22.82221031188965","-47.06565475463867","626.7","-98","11","42094","1774413172795"
"94","2026-03-25 01:33:52","20.86","63.5","943.52","3660","16","-22.822233200073242","-47.06566619873047","623.2","-98","11","42095","1774413232833"
"95","2026-03-25 01:34:52","20.84","63.5","943.5","3700","16","-22.822223663330078","-47.06562805175781","619","-98","11","42096","1774413292793"
"96","2026-03-25 01:35:52","20.83","63.5","943.48","3700","16","-22.822235107421875","-47.065673828125","622.9000000000001","-99","10.800000190734863","42097","1774413352824"
"97","2026-03-25 01:36:52","20.81","63.5","943.5","3700","16","-22.822235107421875","-47.065704345703125","621.5","-98","10.800000190734863","42098","1774413412828"
"98","2026-03-25 01:37:52","20.8","63.5","943.5","3720","16","-22.822235107421875","-47.065673828125","616.7","-99","10.800000190734863","42099","1774413472819"
"99","2026-03-25 01:38:52","20.78","63.5","943.48","3720","16","-22.822233200073242","-47.065731048583984","603.2","-98","10.5","42100","1774413532835"
"100","2026-03-25 01:39:52","20.77","63.5","943.44","3680","16","-22.822250366210938","-47.065738677978516","601.2","-98","10.800000190734863","42101","1774413592825"
"101","2026-03-25 01:40:52","20.76","63.5","943.46","3660","16","-22.822227478027344","-47.06566619873047","608.4","-98","11","42102","1774413652827"
"102","2026-03-25 01:41:52","20.75","64","943.46","3700","16","-22.822242736816406","-47.06573486328125","610.2","-98","11.300000190734863","42103","1774413712798"
"103","2026-03-25 01:42:52","20.74","64","943.46","3700","12","-22.822242736816406","-47.065696716308594","609.7","-98","11","42104","1774413772825"
"104","2026-03-25 01:43:52","20.73","64","943.4","3680","16","-22.822235107421875","-47.0656623840332","610.5","-98","11","42105","1774413832822"
"105","2026-03-25 01:44:52","20.72","64","943.4","3700","16","-22.822246551513672","-47.065677642822266","616.2","-98","10.800000190734863","42106","1774413892823"
"106","2026-03-25 01:45:52","20.71","64","943.32","3700","16","-22.82223129272461","-47.06566619873047","621","-98","10.5","42107","1774413952825"
"107","2026-03-25 01:46:52","20.71","64","943.34","3660","16","-22.822256088256836","-47.0656852722168","628","-98","11","42108","1774414012829"
"108","2026-03-25 01:47:52","20.7","64","943.3000000000001","3700","16","-22.8222599029541","-47.065677642822266","623.2","-98","11","42109","1774414072826"
"109","2026-03-25 01:48:52","20.71","64","943.3000000000001","3660","16","-22.822242736816406","-47.06566619873047","623.2","-98","10.800000190734863","42110","1774414132824"
"110","2026-03-25 01:49:52","20.7","64","943.32","3660","12","-22.822214126586914","-47.06566619873047","613.7","-98","10.5","42111","1774414192823"
"111","2026-03-25 01:50:52","20.7","64","943.32","3700","16","-22.822219848632812","-47.0656623840332","615.2","-98","11.300000190734863","42112","1774414252826"
"112","2026-03-25 01:51:52","20.7","64","943.3000000000001","3740","16","-22.822216033935547","-47.065673828125","616.2","-98","11.300000190734863","42113","1774414312835"
"113","2026-03-25 01:52:52","20.7","64","943.3000000000001","3660","16","-22.822237014770508","-47.06576156616211","603","-98","10.800000190734863","42114","1774414372826"
"114","2026-03-25 01:53:52","20.7","64","943.26","3720","12","-22.822242736816406","-47.06565856933594","629.2","-98","11.300000190734863","42115","1774414432830"
"115","2026-03-25 01:54:52","20.69","64.5","943.26","3720","16","-22.82225227355957","-47.06563949584961","635","-98","10.800000190734863","42116","1774414492826"
"116","2026-03-25 01:55:52","20.69","64.5","943.3000000000001","3720","12","-22.822242736816406","-47.065650939941406","622.4000000000001","-98","10.800000190734863","42117","1774414552833"
"117","2026-03-25 01:56:52","20.69","65","943.32","3680","16","-22.822275161743164","-47.065696716308594","626","-98","11.300000190734863","42118","1774414612840"
"118","2026-03-25 01:57:52","20.68","65","943.34","3680","16","-22.822277069091797","-47.0656623840332","621.7","-98","10.5","42119","1774414672839"
"119","2026-03-25 01:58:52","20.68","65","943.36","3700","16","-22.822248458862305","-47.06568145751953","619.2","-98","10.800000190734863","42120","1774414732835"
"120","2026-03-25 01:59:52","20.68","65","943.4","3680","12","-22.822269439697266","-47.06565475463867","625.4000000000001","-99","10.800000190734863","42121","1774414792835"
"121","2026-03-25 02:00:52","20.69","65.5","943.38","3680","16","-22.822277069091797","-47.06572341918945","626","-98","11","42122","1774414852823"
"122","2026-03-25 02:01:52","20.68","65.5","943.38","3700","16","-22.8222713470459","-47.065650939941406","633","-98","11","42123","1774414912821"
"123","2026-03-25 02:02:52","20.69","65.5","943.4200000000001","3700","16","-22.82227897644043","-47.06565856933594","618.2","-98","11","42124","1774414972834"
"124","2026-03-25 02:03:52","20.69","65.5","943.4200000000001","3660","12","-22.822261810302734","-47.06566619873047","616.7","-98","11","42125","1774415032823"
"125","2026-03-25 02:04:52","20.7","65.5","943.4200000000001","3660","16","-22.822235107421875","-47.065650939941406","618.7","-98","11","42126","1774415092833"
"126","2026-03-25 02:05:52","20.71","65.5","943.46","3720","16","-22.82225799560547","-47.06566619873047","612.5","-97","11.300000190734863","42127","1774415152830"
"127","2026-03-25 02:06:52","20.71","65.5","943.48","3660","12","-22.822246551513672","-47.06563186645508","623.2","-98","11.5","42128","1774415212797"
"128","2026-03-25 02:07:52","20.72","65.5","943.5","3700","16","-22.822237014770508","-47.065608978271484","620.9000000000001","-98","11.5","42129","1774415272819"
"129","2026-03-25 02:08:52","20.72","65.5","943.5","3660","16","-22.8222713470459","-47.06565856933594","619","-99","10.800000190734863","42130","1774415332819"
"130","2026-03-25 02:09:52","20.71","65.5","943.48","3740","16","-22.822235107421875","-47.06569290161133","612","-98","11","42131","1774415392850"
"131","2026-03-25 02:10:52","20.71","65.5","943.5","3700","16","-22.8222599029541","-47.065704345703125","615.4000000000001","-98","11","42132","1774415452827"
"132","2026-03-25 02:11:52","20.71","65.5","943.5","3660","16","-22.82227325439453","-47.065670013427734","619.2","-98","11","42133","1774415512824"
"133","2026-03-25 02:12:52","20.7","66","943.48","3700","12","-22.822246551513672","-47.06564712524414","618.2","-99","10.800000190734863","42134","1774415572828"
"134","2026-03-25 02:13:52","20.7","65.5","943.5","3680","16","-22.82223129272461","-47.06562805175781","620","-98","11","42135","1774415632821"
"135","2026-03-25 02:14:52","20.7","66","943.46","3660","16","-22.82222557067871","-47.06562423706055","621.2","-98","11.300000190734863","42136","1774415692867"
"136","2026-03-25 02:15:52","20.7","66","943.44","3640","16","-22.822229385375977","-47.06563949584961","609.5","-98","10.800000190734863","42137","1774415752837"
"137","2026-03-25 02:16:52","20.69","66","943.48","3660","16","-22.8222599029541","-47.06564712524414","616.7","-98","10.800000190734863","42138","1774415812839"
"138","2026-03-25 02:17:52","20.7","66","943.48","3660","16","-22.82223129272461","-47.065643310546875","616.4000000000001","-99","10.5","42139","1774415872828"
"139","2026-03-25 02:18:52","20.69","66","943.48","3680","16","-22.822227478027344","-47.06565856933594","614.2","-98","11","42140","1774415932813"
"140","2026-03-25 02:19:52","20.7","66","943.48","3680","12","-22.822219848632812","-47.06563949584961","619","-98","10.800000190734863","42141","1774415992829"
"141","2026-03-25 02:20:52","20.69","65.5","943.48","3640","16","-22.822229385375977","-47.06562423706055","622.5","-99","10.5","42142","1774416052834"
"142","2026-03-25 02:21:52","20.69","66","943.5","3680","16","-22.822214126586914","-47.06561279296875","624.5","-98","11.300000190734863","42143","1774416112831"
"143","2026-03-25 02:22:52","20.69","66","943.48","3660","16","-22.82221794128418","-47.065643310546875","607.5","-98","11.5","42144","1774416172826"
"144","2026-03-25 02:23:52","20.69","65.5","943.48","3660","16","-22.822227478027344","-47.065643310546875","608.9","-98","11","42145","1774416232823"
"145","2026-03-25 02:24:52","20.68","66","943.5","3660","16","-22.822235107421875","-47.06566619873047","610","-98","11","42146","1774416292830"
"146","2026-03-25 02:25:52","20.68","65.5","943.46","3720","16","-22.822216033935547","-47.06565475463867","609.7","-98","11","42147","1774416352830"
"147","2026-03-25 02:26:52","20.67","66","943.44","3640","16","-22.822216033935547","-47.065635681152344","616.7","-99","10.5","42148","1774416412821"
"148","2026-03-25 02:27:52","20.67","65.5","943.46","3640","12","-22.82222557067871","-47.065643310546875","617.4000000000001","-99","10.5","42149","1774416472826"
"149","2026-03-25 02:28:52","20.67","65.5","943.44","3720","16","-22.822223663330078","-47.06566619873047","614.9000000000001","-98","11","42150","1774416532821"
"150","2026-03-25 02:29:52","20.66","65.5","943.48","3660","12","-22.822229385375977","-47.0656852722168","613.7","-99","11","42151","1774416592825"
"151","2026-03-25 02:30:52","20.66","65.5","943.44","3700","16","-22.822235107421875","-47.0656623840332","612.5","-98","11","42152","1774416652830"
"152","2026-03-25 02:31:52","20.66","66","943.46","3640","16","-22.82221221923828","-47.06565475463867","616.9000000000001","-98","11","42153","1774416712825"
"153","2026-03-25 02:32:52","20.66","66","943.44","3640","16","-22.822193145751953","-47.065635681152344","620.5","-98","10.800000190734863","42154","1774416772820"
"154","2026-03-25 02:33:52","20.66","66","943.46","3660","16","-22.822202682495117","-47.065650939941406","617.7","-98","11.300000190734863","42155","1774416832833"
"155","2026-03-25 02:34:52","20.67","65.5","943.48","3640","16","-22.822227478027344","-47.06568145751953","606.5","-98","11.300000190734863","42156","1774416892832"
"156","2026-03-25 02:35:52","20.67","65.5","943.5","3680","16","-22.82223892211914","-47.06568908691406","608.2","-98","11","42157","1774416952829"
"157","2026-03-25 02:36:52","20.68","65.5","943.48","3660","12","-22.82222557067871","-47.065673828125","611.5","-99","10.800000190734863","42158","1774417012830"
"158","2026-03-25 02:37:52","20.68","65.5","943.48","3680","12","-22.82223892211914","-47.06570053100586","612","-99","10.5","42159","1774417072824"
"159","2026-03-25 02:38:52","20.69","65.5","943.48","3660","12","-22.822219848632812","-47.06566619873047","611.4","-99","10.800000190734863","42160","1774417132835"
"160","2026-03-25 02:39:52","20.69","66","943.48","3680","16","-22.822202682495117","-47.06562805175781","611.7","-99","10.800000190734863","42161","1774417192830"
"161","2026-03-25 02:40:52","20.7","65.5","943.46","3680","16","-22.82223129272461","-47.06565475463867","613","-98","10.800000190734863","42162","1774417252837"
"162","2026-03-25 02:41:52","20.71","65.5","943.5","3640","12","-22.822240829467773","-47.0656623840332","612.7","-99","11","42163","1774417312831"
"163","2026-03-25 02:42:52","20.72","66","943.48","3680","16","-22.822219848632812","-47.065643310546875","609.7","-98","10.800000190734863","42164","1774417372829"
"164","2026-03-25 02:43:52","20.71","65.5","943.44","3720","16","-22.822221755981445","-47.065635681152344","609.9","-98","11","42165","1774417432838"
"165","2026-03-25 02:44:52","20.72","65.5","943.46","3680","16","-22.822221755981445","-47.06566619873047","614.7","-98","11","42166","1774417492837"
"166","2026-03-25 02:45:52","20.71","65.5","943.46","3660","16","-22.822227478027344","-47.065677642822266","610.2","-98","11","42167","1774417552825"
"167","2026-03-25 02:46:52","20.71","65.5","943.44","3640","16","-22.822221755981445","-47.06568145751953","612.2","-99","10.800000190734863","42168","1774417612824"
"168","2026-03-25 02:47:52","20.71","65.5","943.4200000000001","3660","12","-22.822214126586914","-47.065677642822266","613.7","-99","10.5","42169","1774417672824"
"169","2026-03-25 02:48:52","20.71","65.5","943.46","3660","12","-22.82220458984375","-47.065696716308594","611.2","-98","11","42170","1774417732823"
"170","2026-03-25 02:49:52","20.71","65.5","943.46","3660","16","-22.822223663330078","-47.0656623840332","618.2","-99","10.800000190734863","42171","1774417792828"
"171","2026-03-25 02:50:52","20.71","65.5","943.46","3680","16","-22.822233200073242","-47.06568908691406","614.2","-99","10.800000190734863","42172","1774417852820"
"172","2026-03-25 02:51:52","20.71","65.5","943.46","3660","12","-22.82219886779785","-47.06564712524414","615","-98","11","42173","1774417912821"
"173","2026-03-25 02:52:52","20.71","65.5","943.48","3660","16","-22.82221794128418","-47.065650939941406","617.4000000000001","-99","10.5","42174","1774417972826"
"174","2026-03-25 02:53:52","20.71","65.5","943.44","3660","12","-22.822221755981445","-47.06566619873047","616.7","-98","11","42175","1774418032804"
"175","2026-03-25 02:54:52","20.71","65.5","943.5","3640","16","-22.82221794128418","-47.06566619873047","614.5","-98","10.800000190734863","42176","1774418092829"
"176","2026-03-25 02:55:52","20.71","65.5","943.52","3660","16","-22.822187423706055","-47.06565475463867","608.9","-98","11","42177","1774418152830"
"177","2026-03-25 02:56:52","20.71","65.5","943.48","3660","16","-22.822223663330078","-47.065673828125","607.2","-98","11","42178","1774418212820"
"178","2026-03-25 02:57:52","20.71","65.5","943.5","3660","16","-22.82219123840332","-47.0656852722168","609.7","-98","10.800000190734863","42179","1774418272819"
"179","2026-03-25 02:58:52","20.72","65.5","943.52","3660","12","-22.822248458862305","-47.06568908691406","615","-98","11","42180","1774418332820"
"180","2026-03-25 02:59:52","20.73","65.5","943.52","3700","16","-22.822219848632812","-47.065677642822266","619.5","-98","11","42181","1774418392819"
"181","2026-03-25 03:00:52","20.74","65.5","943.5","3660","16","-22.822237014770508","-47.06566619873047","622.9000000000001","-98","10.800000190734863","42182","1774418452835"
"182","2026-03-25 03:01:52","20.76","65.5","943.54","3660","16","-22.822240829467773","-47.065643310546875","618.5","-98","11.5","42183","1774418512836"
"183","2026-03-25 03:02:52","20.77","65.5","943.54","3660","16","-22.82221794128418","-47.06560516357422","630.2","-98","11","42184","1774418572830"
"184","2026-03-25 03:03:52","20.78","65.5","943.54","3660","16","-22.822233200073242","-47.065650939941406","609","-98","10.800000190734863","42185","1774418632820"
"185","2026-03-25 03:04:52","20.81","65","943.52","3700","16","-22.82222557067871","-47.065670013427734","608.9","-98","10.800000190734863","42186","1774418692787"
"186","2026-03-25 03:05:53","20.83","65","943.54","3640","16","-22.822242736816406","-47.065616607666016","614.5","-98","10.800000190734863","42187","1774418753102"
"187","2026-03-25 03:06:52","20.86","65.5","943.5600000000001","3660","16","-22.82223892211914","-47.065635681152344","614.9000000000001","-98","10.5","42188","1774418812827"
"188","2026-03-25 03:07:52","20.89","65","943.58","3660","16","-22.82225227355957","-47.06562423706055","615.5","-99","11","42189","1774418872786"
"189","2026-03-25 03:08:52","20.92","65","943.58","3700","12","-22.822240829467773","-47.065643310546875","606.2","-98","11","42190","1774418932822"
"190","2026-03-25 03:09:52","20.96","65","943.6","3640","12","-22.822237014770508","-47.06568908691406","608.7","-98","11","42191","1774418992814"
"191","2026-03-25 03:10:52","20.99","65","943.62","3640","16","-22.822214126586914","-47.065670013427734","616.5","-98","11.300000190734863","42192","1774419052819"
"192","2026-03-25 03:11:52","21.02","65","943.6800000000001","3660","12","-22.822208404541016","-47.06565475463867","619.5","-98","11.5","42193","1774419112821"
"193","2026-03-25 03:12:52","21.05","65","943.6800000000001","3640","16","-22.822195053100586","-47.065673828125","616","-98","11","42194","1774419172811"
"194","2026-03-25 03:13:52","21.09","65","943.64","3640","16","-22.822221755981445","-47.06566619873047","615","-99","10.5","42195","1774419232824"
"195","2026-03-25 03:14:52","21.11","65","943.64","3640","16","-22.82221794128418","-47.065677642822266","609.2","-98","10.800000190734863","42196","1774419292821"
"196","2026-03-25 03:15:52","21.15","65","943.6800000000001","3660","16","-22.822208404541016","-47.06566619873047","607.2","-98","10.5","42197","1774419352823"
"197","2026-03-25 03:16:52","21.19","65","943.7","3660","12","-22.822214126586914","-47.065704345703125","607.7","-98","10.800000190734863","42198","1774419412821"
"198","2026-03-25 03:17:52","21.22","65","943.7","3620","16","-22.822242736816406","-47.0656852722168","612.5","-98","10.800000190734863","42199","1774419472786"
"199","2026-03-25 03:18:52","21.24","65","943.6800000000001","3640","12","-22.822237014770508","-47.065673828125","614.7","-99","10.5","42200","1774419532792"
"200","2026-03-25 03:19:52","21.26","65","943.6800000000001","3620","16","-22.82223892211914","-47.065696716308594","614.5","-99","10.800000190734863","42201","1774419592824"
"201","2026-03-25 03:20:52","21.3","65","943.6800000000001","3620","12","-22.82223129272461","-47.0656852722168","614","-99","10.800000190734863","42202","1774419652789"
"202","2026-03-25 03:21:52","21.32","65","943.66","3640","12","-22.82221794128418","-47.06565856933594","610.7","-99","10.800000190734863","42203","1774419712828"
"203","2026-03-25 03:22:52","21.34","65","943.64","3660","16","-22.822227478027344","-47.065635681152344","613","-99","10.800000190734863","42204","1774419772835"
"204","2026-03-25 03:23:52","21.36","64.5","943.64","3640","16","-22.822240829467773","-47.065635681152344","615.7","-98","11","42205","1774419832827"
"205","2026-03-25 03:24:52","21.38","64.5","943.66","3700","16","-22.82223892211914","-47.06564712524414","614.2","-98","10.800000190734863","42206","1774419892827"
"206","2026-03-25 03:25:52","21.4","64.5","943.62","3660","12","-22.822248458862305","-47.0656852722168","607.5","-99","10.800000190734863","42207","1774419952825"
"207","2026-03-25 03:26:52","21.42","64.5","943.66","3640","16","-22.82225227355957","-47.06569290161133","612","-98","10.800000190734863","42208","1774420012819"
"208","2026-03-25 03:27:52","21.43","64.5","943.6","3620","16","-22.822254180908203","-47.065677642822266","612.7","-99","10.5","42209","1774420072820"
"209","2026-03-25 03:28:52","21.44","64.5","943.62","3660","16","-22.822263717651367","-47.0656852722168","613","-99","10.5","42210","1774420132820"
"210","2026-03-25 03:29:52","21.45","64.5","943.66","3700","12","-22.82223129272461","-47.0656623840332","613.2","-99","10.5","42211","1774420192813"
"211","2026-03-25 03:30:52","21.45","64.5","943.62","3660","16","-22.822227478027344","-47.065711975097656","606","-98","11","42212","1774420252831"
"212","2026-03-25 03:31:52","21.47","64.5","943.64","3640","16","-22.822216033935547","-47.065696716308594","607.5","-98","10.800000190734863","42213","1774420312824"
"213","2026-03-25 03:32:52","21.47","64.5","943.62","3640","16","-22.822223663330078","-47.065677642822266","608.7","-98","11","42214","1774420372830"
"214","2026-03-25 03:33:52","21.47","64.5","943.62","3640","16","-22.822229385375977","-47.065677642822266","613.7","-99","11","42215","1774420432797"
"215","2026-03-25 03:34:52","21.48","64.5","943.62","3640","16","-22.822208404541016","-47.065670013427734","611.9","-98","11.300000190734863","42216","1774420492798"
"216","2026-03-25 03:35:52","21.48","64.5","943.6","3620","16","-22.82222557067871","-47.0656852722168","613","-98","10.800000190734863","42217","1774420552815"
"217","2026-03-25 03:36:52","21.49","64.5","943.5600000000001","3700","16","-22.82225799560547","-47.06568908691406","616.9000000000001","-98","11","42218","1774420612826"
"218","2026-03-25 03:37:52","21.5","64.5","943.58","3700","12","-22.822282791137695","-47.06570816040039","617.7","-98","11","42219","1774420672832"
"219","2026-03-25 03:38:52","21.51","64.5","943.6","3660","16","-22.822261810302734","-47.065757751464844","609.5","-99","10.800000190734863","42220","1774420732822"
"220","2026-03-25 03:39:52","21.52","64.5","943.54","3680","16","-22.822265625","-47.065696716308594","615.2","-98","10.800000190734863","42221","1774420792783"
"221","2026-03-25 03:40:52","21.52","64.5","943.5600000000001","3700","12","-22.82227325439453","-47.0656623840332","625.4000000000001","-98","11","42222","1774420852830"
"222","2026-03-25 03:41:52","21.52","64.5","943.6","3680","16","-22.822246551513672","-47.06563949584961","628.7","-98","11.300000190734863","42223","1774420912821"
"223","2026-03-25 03:42:52","21.53","64.5","943.58","3620","16","-22.822223663330078","-47.06563949584961","626","-99","10.800000190734863","42224","1774420972821"
"224","2026-03-25 03:43:52","21.52","64.5","943.6","3640","12","-22.822263717651367","-47.065711975097656","610.2","-97","11.5","42225","1774421032818"
"225","2026-03-25 03:44:52","21.53","64.5","943.62","3640","12","-22.82225227355957","-47.06566619873047","616","-98","11","42226","1774421092815"
"226","2026-03-25 03:45:52","21.53","64.5","943.64","3680","12","-22.822237014770508","-47.065673828125","622.7","-98","10.800000190734863","42227","1774421152811"
"227","2026-03-25 03:46:52","21.53","64.5","943.66","3620","12","-22.822219848632812","-47.065677642822266","623","-98","11","42228","1774421212816"
"228","2026-03-25 03:47:52","21.54","64.5","943.7","3640","16","-22.82222557067871","-47.065696716308594","602.7","-98","11.5","42229","1774421272826"
"229","2026-03-25 03:48:52","21.55","64.5","943.7","3620","12","-22.822233200073242","-47.06566619873047","612","-98","11.5","42230","1774421332809"
"230","2026-03-25 03:49:52","21.58","64.5","943.66","3640","16","-22.82221794128418","-47.0656852722168","617.2","-98","11","42231","1774421392815"
"231","2026-03-25 03:50:52","21.6","64.5","943.7","3700","16","-22.822200775146484","-47.06568908691406","608.2","-99","10.800000190734863","42232","1774421452817"
"232","2026-03-25 03:51:52","21.63","64.5","943.72","3660","12","-22.822200775146484","-47.06569290161133","603.7","-98","11.5","42233","1774421512818"
"233","2026-03-25 03:52:52","21.65","64.5","943.6800000000001","3620","12","-22.82219886779785","-47.065673828125","605.5","-97","11.5","42234","1774421572817"
"234","2026-03-25 03:53:52","21.67","64.5","943.64","3660","12","-22.822246551513672","-47.06570053100586","611.2","-98","11","42235","1774421632819"
"235","2026-03-25 03:54:52","21.69","64.5","943.62","3640","16","-22.822242736816406","-47.06568908691406","614.4000000000001","-98","11.300000190734863","42236","1774421692815"
"236","2026-03-25 03:55:52","21.69","64","943.6800000000001","3700","12","-22.822221755981445","-47.06565475463867","616","-98","11.800000190734863","42237","1774421752812"
"237","2026-03-25 03:56:52","21.7","64","943.66","3660","12","-22.82219696044922","-47.065670013427734","611","-98","11","42238","1774421812811"
"238","2026-03-25 03:57:52","21.72","64","943.72","3700","16","-22.822246551513672","-47.06571578979492","609.5","-98","11.300000190734863","42239","1774421872817"
"239","2026-03-25 03:58:52","21.72","64","943.6800000000001","3680","16","-22.82223892211914","-47.06568145751953","610.7","-98","11","42240","1774421932821"
"240","2026-03-25 03:59:52","21.73","64","943.6800000000001","3700","16","-22.822280883789062","-47.065738677978516","608.5","-98","10.800000190734863","42241","1774421992814"
"241","2026-03-25 04:00:52","21.72","64","943.66","3640","16","-22.82230567932129","-47.06575012207031","611","-97","11","42242","1774422052819"
"242","2026-03-25 04:01:52","21.71","64","943.6800000000001","3700","12","-22.822254180908203","-47.065704345703125","618.4000000000001","-98","11.5","42243","1774422112828"
"243","2026-03-25 04:02:52","21.71","64","943.6800000000001","3680","12","-22.822290420532227","-47.065738677978516","606","-98","11.5","42244","1774422172817"
"244","2026-03-25 04:03:52","21.7","64","943.6800000000001","3660","16","-22.822267532348633","-47.065696716308594","613.5","-98","11.5","42245","1774422232815"
"245","2026-03-25 04:04:52","21.69","64","943.7","3640","16","-22.822233200073242","-47.065643310546875","620.5","-98","11.300000190734863","42246","1774422292807"
"246","2026-03-25 04:05:52","21.69","64.5","943.7","3700","12","-22.822240829467773","-47.06565475463867","621.4000000000001","-98","11","42247","1774422352777"
"247","2026-03-25 04:06:52","21.68","64.5","943.6800000000001","3700","12","-22.822214126586914","-47.06565475463867","617.9000000000001","-98","10.800000190734863","42248","1774422412814"
"248","2026-03-25 04:07:52","21.68","64","943.7","3600","12","-22.822280883789062","-47.06572341918945","604.7","-98","11","42249","1774422472807"
"249","2026-03-25 04:08:52","21.69","64","943.7","3640","16","-22.82225799560547","-47.06566619873047","609.7","-99","10.5","42250","1774422532819"
"250","2026-03-25 04:09:52","21.69","64","943.6800000000001","3640","16","-22.82224464416504","-47.065650939941406","612.7","-98","11","42251","1774422592813"
"251","2026-03-25 04:10:52","21.68","64.5","943.66","3660","16","-22.822202682495117","-47.065616607666016","620.5","-98","11.300000190734863","42252","1774422652814"
"252","2026-03-25 04:11:52","21.67","64.5","943.6800000000001","3600","16","-22.822242736816406","-47.06569290161133","613.2","-99","10.5","42253","1774422712812"
"253","2026-03-25 04:12:52","21.67","64","943.66","3620","12","-22.822246551513672","-47.0656852722168","610.9","-98","11.5","42254","1774422772808"
"254","2026-03-25 04:13:52","21.66","64","943.6800000000001","3640","12","-22.822254180908203","-47.065704345703125","613.2","-98","10.5","42255","1774422832820"
"255","2026-03-25 04:14:52","21.65","64.5","943.66","3600","16","-22.82225227355957","-47.06570816040039","614.5","-98","11","42256","1774422892783"
"256","2026-03-25 04:15:52","21.63","64.5","943.6800000000001","3640","12","-22.822237014770508","-47.06568145751953","616.7","-98","10.800000190734863","42257","1774422952802"
"257","2026-03-25 04:16:52","21.61","64.5","943.7","3660","16","-22.822227478027344","-47.065650939941406","614.7","-98","10.800000190734863","42258","1774423012817"
"258","2026-03-25 04:17:52","21.59","64.5","943.7","3640","16","-22.82223129272461","-47.06569290161133","611.7","-98","11.5","42259","1774423072816"
"259","2026-03-25 04:18:52","21.56","64.5","943.66","3700","12","-22.822227478027344","-47.06566619873047","616.7","-98","11","42260","1774423132818"
"260","2026-03-25 04:19:52","21.53","64.5","943.66","3640","12","-22.822221755981445","-47.065711975097656","606.5","-99","11","42261","1774423192815"
"261","2026-03-25 04:20:52","21.51","64.5","943.64","3640","12","-22.822132110595703","-47.06560134887695","609.2","-99","10.300000190734863","42262","1774423252820"
"262","2026-03-25 04:21:52","21.49","64.5","943.62","3640","16","-22.822162628173828","-47.06564712524414","614.9000000000001","-99","10.800000190734863","42263","1774423312810"
"263","2026-03-25 04:22:52","21.46","64.5","943.64","3620","16","-22.822185516357422","-47.06566619873047","623.4000000000001","-99","10.5","42264","1774423372823"
"264","2026-03-25 04:23:52","21.44","64.5","943.62","3640","16","-22.822172164916992","-47.06565856933594","620.2","-99","10.800000190734863","42265","1774423432817"
"265","2026-03-25 04:24:52","21.41","65","943.64","3640","12","-22.82218360900879","-47.06566619873047","616.5","-98","11","42266","1774423492822"
"266","2026-03-25 04:25:52","21.38","65","943.62","3640","16","-22.822179794311523","-47.0656623840332","617.9000000000001","-99","10.300000190734863","42267","1774423552838"
"267","2026-03-25 04:26:52","21.36","65","943.62","3680","16","-22.822193145751953","-47.065670013427734","616.7","-98","10.800000190734863","42268","1774423612814"
"268","2026-03-25 04:27:52","21.34","65","943.62","3660","12","-22.82221031188965","-47.06565475463867","615.5","-99","10.800000190734863","42269","1774423672806"
"269","2026-03-25 04:28:52","21.31","65","943.6","3640","12","-22.822168350219727","-47.065635681152344","615.4000000000001","-98","11","42270","1774423732775"
"270","2026-03-25 04:29:52","21.29","65","943.6","3620","16","-22.82219123840332","-47.06565856933594","616.4000000000001","-99","10.5","42271","1774423792805"
"271","2026-03-25 04:30:52","21.26","65","943.62","3680","12","-22.822189331054688","-47.06565475463867","616","-99","10.800000190734863","42272","1774423852818"
"272","2026-03-25 04:31:52","21.24","65","943.66","3620","16","-22.822187423706055","-47.06562805175781","614.2","-98","11","42273","1774423912816"
"273","2026-03-25 04:32:52","21.21","65","943.66","3600","16","-22.822282791137695","-47.065731048583984","603.7","-99","10.800000190734863","42274","1774423972823"
"274","2026-03-25 04:33:52","21.19","65","943.6800000000001","3640","16","-22.82227325439453","-47.06571578979492","603","-99","11","42275","1774424032820"
"275","2026-03-25 04:34:53","21.16","65","943.66","3640","16","-22.822221755981445","-47.065677642822266","609","-99","10.800000190734863","42276","1774424093113"
"276","2026-03-25 04:35:52","21.12","65","943.7","3620","16","-22.822206497192383","-47.06568145751953","611.7","-98","10.800000190734863","42277","1774424152820"
"277","2026-03-25 04:36:52","21.1","65","943.72","3680","16","-22.82221221923828","-47.06568908691406","611.5","-99","10.800000190734863","42278","1774424212814"
"278","2026-03-25 04:37:52","21.08","65","943.74","3640","16","-22.822229385375977","-47.06570053100586","609.5","-99","10.800000190734863","42279","1774424272809"
"279","2026-03-25 04:38:52","21.06","65","943.6800000000001","3600","16","-22.82221794128418","-47.065673828125","614","-99","10.800000190734863","42280","1774424332818"
"280","2026-03-25 04:39:52","21.04","65","943.6800000000001","3620","16","-22.822237014770508","-47.06570053100586","606.2","-98","10.5","42281","1774424392814"
"281","2026-03-25 04:40:52","21.02","65","943.7","3620","16","-22.822229385375977","-47.065673828125","615.2","-99","10.800000190734863","42282","1774424452816"
"282","2026-03-25 04:41:52","21","65","943.7","3600","16","-22.822193145751953","-47.0656623840332","619.9000000000001","-99","10.5","42283","1774424512818"
"283","2026-03-25 04:42:52","20.99","65","943.72","3600","16","-22.822145462036133","-47.065608978271484","626.7","-99","10.5","42284","1774424572814"
"284","2026-03-25 04:43:52","20.97","65.5","943.8000000000001","3660","16","-22.82218360900879","-47.06565856933594","618.7","-99","10.5","42285","1774424632822"
"285","2026-03-25 04:44:52","20.96","65","943.8000000000001","3600","12","-22.822174072265625","-47.065650939941406","617.2","-98","10.800000190734863","42286","1774424692813"
"286","2026-03-25 04:45:52","20.93","65.5","943.8000000000001","3620","12","-22.822189331054688","-47.06565856933594","611.9","-99","10.800000190734863","42287","1774424752823"
"287","2026-03-25 04:46:52","20.9","65.5","943.76","3640","12","-22.822200775146484","-47.06565475463867","611.2","-99","10.5","42288","1774424812816"
"288","2026-03-25 04:47:52","20.88","65","943.78","3680","16","-22.822185516357422","-47.065643310546875","615.4000000000001","-99","10.800000190734863","42289","1774424872819"
"289","2026-03-25 04:48:52","20.86","65.5","943.76","3680","12","-22.822202682495117","-47.06563949584961","608","-99","10.800000190734863","42290","1774424932810"
"290","2026-03-25 04:49:52","20.84","65.5","943.78","3600","12","-22.82219696044922","-47.06565475463867","624.2","-99","10.800000190734863","42291","1774424992818"
"291","2026-03-25 04:50:52","20.83","65.5","943.78","3620","12","-22.822248458862305","-47.06570053100586","598.9","-99","11","42292","1774425052811"
"292","2026-03-25 04:51:52","20.8","65.5","943.78","3620","16","-22.822269439697266","-47.06571960449219","610.2","-99","10.5","42293","1774425112809"
"293","2026-03-25 04:52:52","20.79","65.5","943.8000000000001","3680","12","-22.822240829467773","-47.06570053100586","607.5","-99","10.800000190734863","42294","1774425172821"
"294","2026-03-25 04:53:52","20.77","65.5","943.86","3640","16","-22.822242736816406","-47.06568908691406","616.2","-98","11","42295","1774425232818"
"295","2026-03-25 04:54:52","20.76","65.5","943.88","3580","16","-22.822202682495117","-47.065650939941406","615.9000000000001","-99","10.800000190734863","42296","1774425292817"
"296","2026-03-25 04:55:52","20.75","65.5","943.88","3680","16","-22.822233200073242","-47.06568908691406","613.4","-99","10.5","42297","1774425352805"
"297","2026-03-25 04:56:52","20.74","65","943.94","3600","16","-22.82219886779785","-47.06566619873047","614","-98","11","42298","1774425412818"
"298","2026-03-25 04:57:52","20.72","65.5","943.96","3680","16","-22.82222557067871","-47.06569290161133","604.9","-98","10.800000190734863","42299","1774425472807"
"299","2026-03-25 04:58:52","20.71","65.5","943.96","3620","12","-22.822223663330078","-47.06566619873047","609.5","-99","10.800000190734863","42300","1774425532818"
"300","2026-03-25 04:59:52","20.69","65.5","943.98","3600","12","-22.82220458984375","-47.06565856933594","620.2","-99","10.5","42301","1774425592819"
"301","2026-03-25 05:00:52","20.67","65.5","944.02","3600","16","-22.822250366210938","-47.0656623840332","605.2","-99","10.800000190734863","42302","1774425652811"
"302","2026-03-25 05:01:52","20.65","65.5","944.04","3660","16","-22.822248458862305","-47.0656852722168","608.4","-98","11","42303","1774425712811"
"303","2026-03-25 05:02:52","20.63","65.5","944.0600000000001","3620","16","-22.822237014770508","-47.06569290161133","609.2","-99","10.5","42304","1774425772820"
"304","2026-03-25 05:03:52","20.61","65.5","944.0600000000001","3640","16","-22.822265625","-47.06568908691406","614","-98","10.800000190734863","42305","1774425832817"
"305","2026-03-25 05:04:52","20.57","65.5","944.08","3600","12","-22.82230567932129","-47.06572723388672","592.7","-98","10.800000190734863","42306","1774425892821"
"306","2026-03-25 05:05:52","20.56","65.5","944.1","3600","16","-22.822227478027344","-47.06568145751953","610.5","-98","11","42307","1774425952812"
"307","2026-03-25 05:06:52","20.53","65.5","944.0600000000001","3660","16","-22.822235107421875","-47.065677642822266","600","-98","10.800000190734863","42308","1774426012809"
"308","2026-03-25 05:07:52","20.53","65.5","944.14","3660","16","-22.822216033935547","-47.0656852722168","600.9","-98","11","42309","1774426072813"
"309","2026-03-25 05:08:52","20.51","65.5","944.1","3600","12","-22.82220458984375","-47.06570816040039","589.4","-99","10.5","42310","1774426132818"
"310","2026-03-25 05:09:52","20.51","65.5","944.12","3620","12","-22.822223663330078","-47.0656623840332","616.2","-98","10.800000190734863","42311","1774426192808"
"311","2026-03-25 05:10:52","20.5","65.5","944.1","3620","12","-22.82221794128418","-47.065677642822266","617.2","-99","10.800000190734863","42312","1774426252818"
"312","2026-03-25 05:11:52","20.48","65.5","944.08","3620","16","-22.822221755981445","-47.06565475463867","622.2","-99","10.5","42313","1774426312816"
"313","2026-03-25 05:12:52","20.48","65.5","944.08","3660","12","-22.82221031188965","-47.06564712524414","613.7","-99","10.5","42314","1774426372815"
"314","2026-03-25 05:13:52","20.48","65.5","944.1","3620","16","-22.822246551513672","-47.065670013427734","610.5","-99","10.800000190734863","42315","1774426432822"
"315","2026-03-25 05:14:52","20.47","65.5","944.1800000000001","3600","16","-22.82225227355957","-47.065673828125","607","-99","10.5","42316","1774426492812"
"316","2026-03-25 05:15:52","20.46","65.5","944.2","3620","12","-22.82224464416504","-47.0656852722168","607","-99","10.5","42317","1774426552822"
"317","2026-03-25 05:16:52","20.46","65.5","944.2","3600","12","-22.822250366210938","-47.0656623840332","612.5","-99","10.800000190734863","42318","1774426612817"
"318","2026-03-25 05:17:52","20.45","65.5","944.1800000000001","3660","12","-22.822221755981445","-47.0656852722168","601.2","-99","10.5","42319","1774426672818"
"319","2026-03-25 05:18:52","20.44","65.5","944.2","3600","12","-22.822233200073242","-47.065677642822266","616.2","-99","10.800000190734863","42320","1774426732809"
"320","2026-03-25 05:19:52","20.44","65.5","944.2","3580","12","-22.822208404541016","-47.065670013427734","610.5","-99","10.800000190734863","42321","1774426792815"
"321","2026-03-25 05:20:52","20.43","65.5","944.24","3600","16","-22.822219848632812","-47.065731048583984","596.2","-98","11","42322","1774426852806"
"322","2026-03-25 05:21:52","20.42","65.5","944.24","3620","12","-22.822229385375977","-47.06572723388672","600.9","-99","10.5","42323","1774426912807"
"323","2026-03-25 05:22:52","20.42","65.5","944.28","3580","16","-22.822200775146484","-47.06570053100586","603","-99","10.800000190734863","42324","1774426972809"
"324","2026-03-25 05:23:52","20.42","65.5","944.32","3620","12","-22.82221221923828","-47.065704345703125","606.7","-99","10.800000190734863","42325","1774427032816"
"325","2026-03-25 05:24:52","20.42","65.5","944.34","3580","16","-22.82221794128418","-47.06570816040039","608","-99","11","42326","1774427092814"
"326","2026-03-25 05:25:52","20.42","65.5","944.34","3660","16","-22.822195053100586","-47.06565475463867","615.2","-99","10.800000190734863","42327","1774427152812"
"327","2026-03-25 05:26:52","20.42","65.5","944.34","3640","12","-22.822242736816406","-47.06568145751953","607.5","-99","10.800000190734863","42328","1774427212809"
"328","2026-03-25 05:27:52","20.41","65.5","944.32","3620","16","-22.822237014770508","-47.06565856933594","609.4","-99","10.800000190734863","42329","1774427272810"
"329","2026-03-25 05:28:52","20.42","65.5","944.36","3620","12","-22.822233200073242","-47.0656623840332","613.2","-99","10.800000190734863","42330","1774427332809"
"330","2026-03-25 05:29:52","20.42","65.5","944.36","3620","12","-22.822221755981445","-47.06564712524414","619.2","-99","10.5","42331","1774427392808"
"331","2026-03-25 05:30:52","20.42","65.5","944.34","3600","16","-22.822216033935547","-47.065643310546875","618.9000000000001","-99","10.5","42332","1774427452806"
"332","2026-03-25 05:31:52","20.41","65.5","944.32","3600","12","-22.822246551513672","-47.06569290161133","613","-99","11","42333","1774427512809"
"333","2026-03-25 05:32:52","20.41","65.5","944.38","3580","12","-22.822200775146484","-47.065650939941406","615.7","-99","10.5","42334","1774427572808"
"334","2026-03-25 05:33:52","20.4","65.5","944.36","3580","12","-22.822208404541016","-47.065643310546875","620.7","-99","10.800000190734863","42335","1774427632807"
"335","2026-03-25 05:34:52","20.4","65.5","944.38","3580","16","-22.822219848632812","-47.065677642822266","605.7","-99","11","42336","1774427692817"
"336","2026-03-25 05:35:52","20.39","65.5","944.36","3620","12","-22.82218360900879","-47.0656852722168","612.7","-99","10.5","42337","1774427752811"
"337","2026-03-25 05:36:52","20.39","65.5","944.32","3620","16","-22.82221221923828","-47.06568145751953","599.7","-99","10.800000190734863","42338","1774427812822"
"338","2026-03-25 05:37:52","20.38","65.5","944.34","3580","12","-22.82223129272461","-47.06565475463867","612","-99","10.800000190734863","42339","1774427872813"
"339","2026-03-25 05:38:52","20.38","65.5","944.28","3640","12","-22.82222557067871","-47.06565475463867","608","-99","10.800000190734863","42340","1774427932811"
"340","2026-03-25 05:39:52","20.37","65.5","944.32","3600","12","-22.822214126586914","-47.06569290161133","594.5","-99","10.800000190734863","42341","1774427992785"
"341","2026-03-25 05:40:52","20.37","66","944.36","3600","16","-22.82222557067871","-47.065643310546875","615.5","-99","10.5","42342","1774428052811"
"342","2026-03-25 05:41:52","20.36","66","944.36","3580","12","-22.822248458862305","-47.06562042236328","617.5","-99","10.5","42343","1774428112816"
"343","2026-03-25 05:42:52","20.36","66","944.36","3600","16","-22.822240829467773","-47.065635681152344","610.5","-99","10.800000190734863","42344","1774428172818"
"344","2026-03-25 05:43:52","20.35","66","944.34","3600","16","-22.822233200073242","-47.06566619873047","607.7","-99","10.5","42345","1774428232821"
"345","2026-03-25 05:44:52","20.36","65.5","944.36","3660","16","-22.822219848632812","-47.0656852722168","605.2","-99","10.800000190734863","42346","1774428292810"
"346","2026-03-25 05:45:52","20.36","65.5","944.4","3580","16","-22.822208404541016","-47.06565856933594","613.4","-99","10.800000190734863","42347","1774428352819"
"347","2026-03-25 05:46:52","20.36","65.5","944.36","3600","16","-22.82221031188965","-47.06563949584961","611.2","-99","10.800000190734863","42348","1774428412822"
"348","2026-03-25 05:47:52","20.35","66","944.4","3600","16","-22.82223129272461","-47.065673828125","615","-99","10.5","42349","1774428472814"
"349","2026-03-25 05:48:52","20.34","65.5","944.4200000000001","3580","16","-22.822172164916992","-47.06562805175781","628.2","-99","10.800000190734863","42350","1774428532816"
"350","2026-03-25 05:49:52","20.34","65.5","944.4200000000001","3600","16","-22.822206497192383","-47.06566619873047","618.5","-99","10.5","42351","1774428592816"
"351","2026-03-25 05:50:52","20.34","66","944.48","3580","20","-22.82221031188965","-47.065643310546875","629.5","-99","10.800000190734863","42352","1774428652824"
"352","2026-03-25 05:51:52","20.33","66","944.44","3580","20","-22.82221221923828","-47.06564712524414","619","-99","10.5","42353","1774428712811"
"353","2026-03-25 05:52:52","20.33","66","944.46","3600","20","-22.82219886779785","-47.06564712524414","615.2","-99","10.5","42354","1774428772814"
"354","2026-03-25 05:53:52","20.34","66","944.48","3600","24","-22.82221031188965","-47.06564712524414","615.9000000000001","-99","10.800000190734863","42355","1774428832813"
"355","2026-03-25 05:54:52","20.34","66","944.48","3600","24","-22.82222557067871","-47.065643310546875","616.4000000000001","-99","10.5","42356","1774428892823"
"356","2026-03-25 05:55:52","20.34","66","944.48","3600","28","-22.82223129272461","-47.06564712524414","617.5","-99","10.800000190734863","42357","1774428952810"
"357","2026-03-25 05:56:52","20.34","66","944.5600000000001","3620","32","-22.822240829467773","-47.065670013427734","616.5","-98","10.5","42358","1774429012829"
"358","2026-03-25 05:57:52","20.35","66","944.5600000000001","3620","40","-22.822233200073242","-47.065643310546875","616","-99","10.5","42359","1774429072811"
"359","2026-03-25 05:58:52","20.36","66","944.6","3600","44","-22.82223892211914","-47.065635681152344","618.4000000000001","-99","10.800000190734863","42360","1774429132818"
"360","2026-03-25 05:59:52","20.38","66","944.64","3600","52","-22.82224464416504","-47.065650939941406","612.7","-98","10.800000190734863","42361","1774429192818"
"361","2026-03-25 06:00:52","20.39","66","944.66","3600","60","-22.82223892211914","-47.06562805175781","621.4000000000001","-98","11","42362","1774429252819"
"362","2026-03-25 06:01:52","20.4","66","944.62","3600","72","-22.822256088256836","-47.06560516357422","627.5","-98","10.800000190734863","42363","1774429312821"
"363","2026-03-25 06:02:52","20.42","65.5","944.66","3600","80","-22.82224464416504","-47.065589904785156","626.5","-98","11","42364","1774429372805"
"364","2026-03-25 06:03:52","20.43","66","944.66","3600","96","-22.82224464416504","-47.065650939941406","624.5","-98","10.800000190734863","42365","1774429432818"
"365","2026-03-25 06:04:52","20.44","65.5","944.66","3640","108","-22.822229385375977","-47.06561279296875","617.2","-99","10.800000190734863","42366","1774429492820"
"366","2026-03-25 06:05:52","20.45","66","944.7","3560","124","-22.822240829467773","-47.065608978271484","619.5","-98","10.800000190734863","42367","1774429552829"
"367","2026-03-25 06:06:52","20.46","66","944.72","3640","140","-22.822242736816406","-47.065589904785156","630.5","-99","10.5","42368","1774429612824"
"368","2026-03-25 06:07:52","20.47","66","944.74","3620","156","-22.822240829467773","-47.06563949584961","617","-99","10.5","42369","1774429672825"
"369","2026-03-25 06:08:52","20.47","65.5","944.74","3600","176","-22.822200775146484","-47.06568908691406","608.5","-99","10.800000190734863","42370","1774429732814"
"370","2026-03-25 06:09:52","20.48","66","944.8000000000001","3600","200","-22.822208404541016","-47.06568145751953","611.2","-99","10.800000190734863","42371","1774429792828"
"371","2026-03-25 06:10:52","20.5","65.5","944.8000000000001","3600","228","-22.82225227355957","-47.06563949584961","614","-99","10.5","42372","1774429852824"
"372","2026-03-25 06:11:52","20.5","65.5","944.84","3580","256","-22.822267532348633","-47.065650939941406","612","-99","10.800000190734863","42373","1774429912813"
"373","2026-03-25 06:12:52","20.51","65.5","944.84","3560","288","-22.8222599029541","-47.06566619873047","611.7","-99","10.800000190734863","42374","1774429972811"
"374","2026-03-25 06:13:52","20.53","65.5","944.82","3620","324","-22.82223892211914","-47.065677642822266","612","-99","10.5","42375","1774430032821"
"375","2026-03-25 06:14:52","20.55","65.5","944.84","3560","368","-22.82223892211914","-47.065677642822266","613.5","-98","10.5","42376","1774430092810"
"376","2026-03-25 06:15:52","20.56","65.5","944.84","3600","416","-22.822256088256836","-47.06565475463867","617","-98","10.800000190734863","42377","1774430152819"
"377","2026-03-25 06:16:52","20.59","65.5","944.88","3580","472","-22.822256088256836","-47.06565475463867","617.4000000000001","-99","10.800000190734863","42378","1774430212813"
"378","2026-03-25 06:17:52","20.61","65.5","944.88","3580","524","-22.82223129272461","-47.06563186645508","618","-99","10.300000190734863","42379","1774430272814"
"379","2026-03-25 06:18:52","20.64","65.5","944.88","3580","584","-22.82225227355957","-47.065677642822266","614.7","-98","10.800000190734863","42380","1774430332815"
"380","2026-03-25 06:19:52","20.65","65.5","944.86","3580","644","-22.822254180908203","-47.06570053100586","614.4000000000001","-99","10.5","42381","1774430392804"
"381","2026-03-25 06:20:52","20.68","65.5","944.9200000000001","3580","712","-22.82223892211914","-47.06566619873047","611.7","-99","10.800000190734863","42382","1774430452836"
"382","2026-03-25 06:21:52","20.7","65.5","944.9","3560","780","-22.82222557067871","-47.06566619873047","613.7","-99","10.5","42383","1774430512817"
"383","2026-03-25 06:22:52","20.73","65.5","944.9","3640","856","-22.822246551513672","-47.0656852722168","618.7","-99","10.5","42384","1774430572829"
"384","2026-03-25 06:23:52","20.75","65.5","944.9200000000001","3560","932","-22.822265625","-47.065696716308594","619.2","-99","10.300000190734863","42385","1774430632813"
"385","2026-03-25 06:24:52","20.76","65","944.9200000000001","3560","996","-22.822240829467773","-47.065673828125","618.4000000000001","-99","10.5","42386","1774430692826"
"386","2026-03-25 06:25:52","20.79","65","944.94","3580","1080","-22.822227478027344","-47.065670013427734","611","-99","10.5","42387","1774430752818"
"387","2026-03-25 06:26:52","20.81","65","944.96","3560","1168","-22.82229232788086","-47.0656852722168","620.5","-99","10.5","42388","1774430812809"
"388","2026-03-25 06:27:52","20.84","65","944.9200000000001","3640","1252","-22.822240829467773","-47.06566619873047","618.4000000000001","-99","10.800000190734863","42389","1774430872822"
"389","2026-03-25 06:28:52","20.87","65","944.9200000000001","3560","1352","-22.822248458862305","-47.065673828125","620.4000000000001","-99","10.5","42390","1774430932814"
"390","2026-03-25 06:29:52","20.91","65","944.94","3640","1464","-22.822261810302734","-47.06565856933594","620.5","-99","10.5","42391","1774430992819"
"391","2026-03-25 06:30:52","20.95","65","944.98","3640","1584","-22.822282791137695","-47.06568908691406","615.7","-99","10.800000190734863","42392","1774431052806"
"392","2026-03-25 06:31:52","20.99","65","944.96","3580","1708","-22.822288513183594","-47.065677642822266","619.2","-99","10.5","42393","1774431112821"
"393","2026-03-25 06:32:52","21.02","65","944.96","3600","1832","-22.82227325439453","-47.0656623840332","619.7","-99","10.5","42394","1774431172822"
"394","2026-03-25 06:33:52","21.07","65","944.98","3620","1948","-22.822267532348633","-47.06568908691406","618","-99","10.800000190734863","42395","1774431232835"
"395","2026-03-25 06:34:52","21.11","65","945","3580","2056","-22.822242736816406","-47.065673828125","614.5","-99","10.5","42396","1774431292831"
"396","2026-03-25 06:35:52","21.17","64.5","945.04","3620","2156","-22.822256088256836","-47.065677642822266","610.7","-99","10.5","42397","1774431352825"
"397","2026-03-25 06:36:52","21.21","64.5","945.04","3560","2236","-22.822263717651367","-47.06566619873047","613.2","-99","10.5","42398","1774431412830"
"398","2026-03-25 06:37:52","21.27","64.5","945.0600000000001","3560","2312","-22.822263717651367","-47.0656852722168","615.2","-99","10.5","42399","1774431472829"
"399","2026-03-25 06:38:52","21.32","64.5","945.08","3600","2396","-22.822242736816406","-47.06565856933594","613.5","-99","10.300000190734863","42400","1774431532816"
"400","2026-03-25 06:39:52","21.38","64.5","945.1","3580","2480","-22.822254180908203","-47.06570053100586","613.2","-99","10.5","42401","1774431592826"
"401","2026-03-25 06:40:52","21.44","64","945.1","3580","2568","-22.822242736816406","-47.065711975097656","613.2","-99","10.5","42402","1774431652831"
"402","2026-03-25 06:41:52","21.5","64","945.08","3560","2692","-22.822261810302734","-47.06570053100586","615.5","-99","10.300000190734863","42403","1774431712825"
"403","2026-03-25 06:42:52","21.56","64","945.0600000000001","3580","2944","-22.8222713470459","-47.06569290161133","617","-99","10.800000190734863","42404","1774431772829"
"404","2026-03-25 06:43:52","21.64","64","945.0600000000001","3560","3788","-22.822280883789062","-47.06569290161133","615.5","-99","10.5","42405","1774431832834"
"405","2026-03-25 06:44:52","21.72","64","945.0600000000001","3560","4748","-22.822254180908203","-47.065673828125","617.2","-99","10.5","42406","1774431892827"
"406","2026-03-25 06:45:52","21.8","63.5","945.0600000000001","3580","4412","-22.82224464416504","-47.06570053100586","610.7","-99","10.5","42407","1774431952816"
"407","2026-03-25 06:46:52","21.88","63.5","945.0600000000001","3600","3748","-22.822242736816406","-47.06571960449219","607.9","-99","10.800000190734863","42408","1774432012831"
"408","2026-03-25 06:47:52","21.96","63.5","945.0600000000001","3580","3784","-22.822246551513672","-47.06568908691406","613","-99","10.5","42409","1774432072837"
"409","2026-03-25 06:48:52","22.04","63","945.08","3600","3796","-22.822229385375977","-47.065704345703125","611","-99","10.5","42410","1774432132828"
"410","2026-03-25 06:49:52","22.11","63","945.0600000000001","3540","3636","-22.82223129272461","-47.06565856933594","615","-99","10.5","42411","1774432192826"
"411","2026-03-25 06:50:52","22.18","63","945.1","3580","3728","-22.82225799560547","-47.06569290161133","614.5","-99","10.5","42412","1774432252795"
"412","2026-03-25 06:51:52","22.25","63","945.1","3560","4000","-22.822235107421875","-47.06565856933594","611.9","-99","10.800000190734863","42413","1774432312831"
"413","2026-03-25 06:52:52","22.32","63","945.1","3560","4240","-22.8222599029541","-47.0656623840332","620.5","-99","10.5","42414","1774432372825"
"414","2026-03-25 06:53:52","22.39","63","945.14","3560","5948","-22.822263717651367","-47.0656623840332","626.2","-99","10.800000190734863","42415","1774432432827"
"415","2026-03-25 06:54:52","22.46","63","945.1800000000001","3600","7844","-22.822233200073242","-47.06565856933594","623","-99","10.800000190734863","42416","1774432492831"
"416","2026-03-25 06:55:52","22.54","62.5","945.2","3560","7588","-22.822248458862305","-47.0656852722168","615.5","-99","10.5","42417","1774432552822"
"417","2026-03-25 06:56:52","22.62","62.5","945.1800000000001","3600","5472","-22.822248458862305","-47.0656623840332","618.7","-99","10.800000190734863","42418","1774432612821"
"418","2026-03-25 06:57:52","22.69","62.5","945.22","3560","3824","-22.82224464416504","-47.065670013427734","619","-99","10.5","42419","1774432672833"
"419","2026-03-25 06:58:52","22.77","62.5","945.26","3560","3844","-22.822256088256836","-47.06571578979492","612.5","-98","10.800000190734863","42420","1774432732816"
"420","2026-03-25 06:59:52","22.84","62.5","945.28","3560","4664","-22.82225227355957","-47.065696716308594","610.7","-98","10.800000190734863","42421","1774432792815"
"421","2026-03-25 07:00:52","22.94","62.5","945.26","3580","8920","-22.82223892211914","-47.06569290161133","609.2","-99","10.5","42422","1774432852832"
"422","2026-03-25 07:01:52","23.04","62.5","945.28","3560","8420","-22.82221794128418","-47.065650939941406","615.2","-98","10.800000190734863","42423","1774432912817"
"423","2026-03-25 07:02:52","23.15","62","945.24","3620","7408","-22.822229385375977","-47.06565475463867","613.2","-99","10.800000190734863","42424","1774432972821"
"424","2026-03-25 07:03:52","23.27","62","945.24","3560","8752","-22.822237014770508","-47.06565856933594","613.9","-98","11","42425","1774433032823"
"425","2026-03-25 07:04:52","23.39","62","945.2","3560","5152","-22.822269439697266","-47.06571578979492","620.4000000000001","-98","11","42426","1774433092823"
"426","2026-03-25 07:05:52","23.52","62","945.22","3600","4200","-22.82225227355957","-47.065711975097656","625.9000000000001","-99","10.800000190734863","42427","1774433152825"
"427","2026-03-25 07:06:52","23.65","61.5","945.24","3560","4152","-22.822235107421875","-47.065704345703125","624.5","-99","10.800000190734863","42428","1774433212827"
"428","2026-03-25 07:07:52","23.78","61.5","945.24","3560","4096","-22.822172164916992","-47.06562042236328","626","-99","10.800000190734863","42429","1774433272829"
"429","2026-03-25 07:08:52","23.89","61.5","945.26","3620","4060","-22.822153091430664","-47.06562805175781","619","-99","10.800000190734863","42430","1774433332824"
"430","2026-03-25 07:09:52","23.96","61.5","945.28","3560","4020","-22.822185516357422","-47.065635681152344","619","-97","11.800000190734863","42431","1774433392814"
"431","2026-03-25 07:10:52","24.04","61","945.28","3580","3960","-22.822216033935547","-47.065670013427734","621.4000000000001","-100","10.300000190734863","42432","1774433452810"
"432","2026-03-25 07:11:52","24.1","61.5","945.3000000000001","3580","3816","-22.82219886779785","-47.06565856933594","616.2","-100","10.300000190734863","42433","1774433512809"
"433","2026-03-25 07:12:52","24.11","61","945.36","3600","3804","-22.822160720825195","-47.065589904785156","619.5","-99","10.5","42434","1774433572831"
"434","2026-03-25 07:13:52","24.16","61","945.36","3580","3952","-22.822179794311523","-47.06565475463867","611.4","-99","10.300000190734863","42435","1774433632820"
"435","2026-03-25 07:14:52","24.26","61","945.38","3560","4036","-22.8222599029541","-47.065643310546875","637","-99","10.300000190734863","42436","1774433692815"
"436","2026-03-25 07:15:52","24.36","61","945.38","3580","4032","-22.82222557067871","-47.06560134887695","629.4000000000001","-98","10.800000190734863","42437","1774433752813"
"437","2026-03-25 07:16:52","24.45","60.5","945.4200000000001","3600","3948","-22.822189331054688","-47.06557846069336","621.5","-98","10.5","42438","1774433812820"
"438","2026-03-25 07:17:52","24.5","60.5","945.38","3600","3888","-22.822162628173828","-47.065528869628906","627","-99","10.300000190734863","42439","1774433872818"
"439","2026-03-25 07:18:52","24.5","60.5","945.38","3560","3816","-22.822158813476562","-47.06550598144531","631.2","-98","10.800000190734863","42440","1774433932812"
"440","2026-03-25 07:19:52","24.44","61","945.4","3580","3824","-22.822189331054688","-47.065670013427734","622.2","-99","10.5","42441","1774433992820"
"441","2026-03-25 07:20:52","24.38","61","945.4200000000001","3540","3904","-22.822206497192383","-47.06568145751953","621.7","-99","10.5","42442","1774434052824"
"442","2026-03-25 07:21:52","24.31","61.5","945.44","3560","3928","-22.82221794128418","-47.06568908691406","617.4000000000001","-98","10.5","42443","1774434112804"
"443","2026-03-25 07:22:52","24.23","61.5","945.48","3560","3908","-22.822219848632812","-47.065673828125","619.2","-99","10.800000190734863","42444","1774434172808"
"444","2026-03-25 07:23:52","24.14","61.5","945.46","3580","3880","-22.822214126586914","-47.0656852722168","612.7","-98","11","42445","1774434232815"
"445","2026-03-25 07:24:52","24.06","62","945.48","3600","3860","-22.822237014770508","-47.06565856933594","618.7","-98","11.300000190734863","42446","1774434292816"
"446","2026-03-25 07:25:52","24.01","62","945.5","3560","3916","-22.822189331054688","-47.065635681152344","620.5","-98","10.5","42447","1774434352781"
"447","2026-03-25 07:26:52","24.01","62","945.5","3560","4060","-22.822206497192383","-47.065650939941406","629.5","-99","10.5","42448","1774434412820"
"448","2026-03-25 07:27:52","24.06","62","945.5","3580","4072","-22.822216033935547","-47.0656623840332","632.4000000000001","-98","11","42449","1774434472808"
"449","2026-03-25 07:28:52","24.15","61.5","945.48","3560","4008","-22.822179794311523","-47.0656623840332","630.7","-99","10.800000190734863","42450","1774434532808"
"450","2026-03-25 07:29:52","24.25","61.5","945.54","3580","4004","-22.822208404541016","-47.06565475463867","631.2","-99","10.5","42451","1774434592825"
"451","2026-03-25 07:30:52","24.36","61","945.52","3560","4028","-22.82225227355957","-47.065711975097656","609.7","-99","10.5","42452","1774434652813"
"452","2026-03-25 07:31:52","24.47","61","945.52","3560","4056","-22.822233200073242","-47.0656623840332","616.5","-99","10.5","42453","1774434712819"
"453","2026-03-25 07:32:52","24.54","60.5","945.54","3560","4088","-22.822229385375977","-47.06568908691406","627.4000000000001","-99","10.800000190734863","42454","1774434772810"
"454","2026-03-25 07:33:52","24.63","60.5","945.52","3560","4112","-22.822233200073242","-47.065711975097656","626.7","-99","10.5","42455","1774434832791"
"455","2026-03-25 07:34:52","24.71","60.5","945.58","3580","4212","-22.822223663330078","-47.06565856933594","616.7","-98","11","42456","1774434892809"
"456","2026-03-25 07:35:52","24.79","60","945.5600000000001","3580","7532","-22.822254180908203","-47.0656623840332","612.7","-98","11","42457","1774434952819"
"457","2026-03-25 07:36:52","24.89","60","945.58","3560","15860","-22.822256088256836","-47.065635681152344","631.7","-98","11.5","42458","1774435012823"
"458","2026-03-25 07:37:52","24.97","60","945.54","3600","28240","-22.822240829467773","-47.06559371948242","642.9000000000001","-98","11.300000190734863","42459","1774435072823"
"459","2026-03-25 07:38:52","25.06","60.5","945.5600000000001","3580","39588","-22.822254180908203","-47.06562042236328","630.4000000000001","-99","10.5","42460","1774435132791"
"460","2026-03-25 07:39:52","25.18","60","945.6","3560","41824","-22.822248458862305","-47.06568908691406","618.4000000000001","-99","10.800000190734863","42461","1774435192813"
"461","2026-03-25 07:40:52","25.32","60","945.6","3560","22764","-22.822237014770508","-47.065650939941406","628.5","-98","11.300000190734863","42462","1774435252811"
"462","2026-03-25 07:41:52","25.44","60","945.66","3560","31016","-22.822216033935547","-47.065643310546875","628.7","-99","10.5","42463","1774435312785"
"463","2026-03-25 07:42:52","25.56","60","945.66","3560","37752","-22.822240829467773","-47.06568908691406","609.4","-99","10.5","42464","1774435372802"
"464","2026-03-25 07:43:52","25.66","60","945.6800000000001","3580","24632","-22.82223129272461","-47.065673828125","610.5","-98","10.800000190734863","42465","1774435432854"
"465","2026-03-25 07:44:52","25.75","60","945.6800000000001","3560","11800","-22.82223129272461","-47.065670013427734","606.5","-98","11","42466","1774435492792"
"466","2026-03-25 07:45:52","25.83","59.5","945.74","3580","28368","-22.82221794128418","-47.06570053100586","607.5","-98","10.800000190734863","42467","1774435552820"
"467","2026-03-25 07:46:52","25.89","59.5","945.76","3560","18512","-22.82221031188965","-47.065670013427734","620.2","-99","10.5","42468","1774435612810"
"468","2026-03-25 07:47:52","25.96","59.5","945.76","3580","11164","-22.82221221923828","-47.06563186645508","625.2","-99","10.300000190734863","42469","1774435672823"
"469","2026-03-25 07:48:52","26","59.5","945.76","3560","6492","-22.822254180908203","-47.06559371948242","633.5","-98","10.800000190734863","42470","1774435732818"
"470","2026-03-25 07:49:52","26.05","59.5","945.76","3560","4932","-22.82221794128418","-47.06552505493164","644.5","-100","10.300000190734863","42471","1774435792823"
"471","2026-03-25 07:50:52","26.09","59.5","945.78","3560","4160","-22.822246551513672","-47.065616607666016","624.5","-100","10","42472","1774435852810"
"472","2026-03-25 07:51:52","26.13","59","945.8000000000001","3560","4088","-22.82225227355957","-47.065677642822266","604.7","-99","10.800000190734863","42473","1774435912820"
"473","2026-03-25 07:52:52","26.16","59","945.82","3620","4096","-22.822240829467773","-47.06571578979492","595.5","-98","11.300000190734863","42474","1774435972822"
"474","2026-03-25 07:53:52","26.18","59","945.84","3560","4080","-22.82221031188965","-47.06568908691406","598.4","-98","11","42475","1774436032813"
"475","2026-03-25 07:54:52","26.22","59","945.86","3560","4084","-22.82221794128418","-47.065670013427734","604.5","-98","11","42476","1774436092818"
"476","2026-03-25 07:55:52","26.24","59","945.86","3580","4104","-22.82221031188965","-47.06565856933594","606.5","-98","11.5","42477","1774436152816"
"477","2026-03-25 07:56:52","26.28","59","945.9200000000001","3560","4096","-22.822219848632812","-47.06564712524414","605.9","-98","11.300000190734863","42478","1774436212818"
"478","2026-03-25 07:57:52","26.36","58.5","945.94","3560","4212","-22.8222599029541","-47.06563949584961","609.4","-98","10.800000190734863","42479","1774436272817"
"479","2026-03-25 07:58:52","26.41","58.5","945.9200000000001","3560","4204","-22.822246551513672","-47.06562423706055","611.7","-98","11.300000190734863","42480","1774436332845"
"480","2026-03-25 07:59:52","26.45","58.5","945.98","3580","4124","-22.82225799560547","-47.06562805175781","610.9","-99","10.5","42481","1774436392817"
"481","2026-03-25 08:00:52","26.5","58.5","946","3580","4640","-22.822233200073242","-47.065670013427734","605.4","-98","11","42482","1774436452819"
"482","2026-03-25 08:01:52","26.53","58","946","3580","5504","-22.822227478027344","-47.06568145751953","610","-98","11.300000190734863","42483","1774436512821"
"483","2026-03-25 08:02:52","26.54","58","946","3580","5112","-22.822219848632812","-47.065673828125","614.5","-98","11.300000190734863","42484","1774436572823"
"484","2026-03-25 08:03:52","26.56","58","946.02","3580","4300","-22.82220458984375","-47.0656623840332","614","-99","10.800000190734863","42485","1774436632814"
"485","2026-03-25 08:04:52","26.58","58","946","3560","4924","-22.822216033935547","-47.06568908691406","607.5","-98","11","42486","1774436692818"
"486","2026-03-25 08:05:52","26.59","58","946.0600000000001","3580","4828","-22.822216033935547","-47.065696716308594","607.7","-99","10.300000190734863","42487","1774436752822"
"487","2026-03-25 08:06:52","26.59","58","946.0600000000001","3560","5032","-22.82222557067871","-47.06571578979492","612","-100","10.300000190734863","42488","1774436812833"
"488","2026-03-25 08:07:52","26.59","58","946.12","3600","5064","-22.822202682495117","-47.06568145751953","612","-98","11","42489","1774436872815"
"489","2026-03-25 08:08:52","26.59","58","946.1","3580","4468","-22.822179794311523","-47.065677642822266","616","-99","10.300000190734863","42490","1774436932781"
"490","2026-03-25 08:09:52","26.59","58","946.08","3580","4676","-22.822185516357422","-47.065673828125","619.2","-99","10.5","42491","1774436992832"
"491","2026-03-25 08:10:52","26.62","58","946.14","3620","4984","-22.82219123840332","-47.06565856933594","614.9000000000001","-98","10.800000190734863","42492","1774437052792"
"492","2026-03-25 08:11:52","26.65","58","946.14","3560","5644","-22.822208404541016","-47.06568908691406","610","-98","11","42493","1774437112828"
"493","2026-03-25 08:12:52","26.69","58","946.16","3580","6972","-22.822202682495117","-47.065670013427734","605.4","-98","11.300000190734863","42494","1774437172820"
"494","2026-03-25 08:13:52","26.73","58","946.2","3600","13336","-22.822227478027344","-47.06566619873047","608.2","-98","11.300000190734863","42495","1774437232816"
"495","2026-03-25 08:14:52","26.83","57.5","946.1800000000001","3580","23852","-22.822237014770508","-47.06565475463867","606.5","-97","11.800000190734863","42496","1774437292870"
"496","2026-03-25 08:15:52","26.93","57.5","946.22","3600","15980","-22.822206497192383","-47.06565475463867","608.2","-98","10.800000190734863","42497","1774437352817"
"497","2026-03-25 08:16:52","27.01","57.5","946.22","3540","5164","-22.822223663330078","-47.065670013427734","610.4","-98","10.800000190734863","42498","1774437412818"
"498","2026-03-25 08:17:52","27.1","57","946.24","3560","6304","-22.822229385375977","-47.06568908691406","611.4","-98","11","42499","1774437472821"
"499","2026-03-25 08:18:52","27.2","57","946.24","3560","7612","-22.822223663330078","-47.06565856933594","617.2","-98","11.5","42500","1774437532827"
"500","2026-03-25 08:19:52","27.31","57","946.24","3580","9208","-22.822208404541016","-47.06565475463867","616.5","-100","10.300000190734863","42501","1774437592815"
"501","2026-03-25 08:20:52","27.38","56.5","946.24","3600","10568","-22.822208404541016","-47.065673828125","624.2","-100","9.800000190734863","42502","1774437652822"
"502","2026-03-25 08:21:52","27.44","56.5","946.22","3560","10300","-22.822189331054688","-47.06566619873047","615.2","-97","11.300000190734863","42503","1774437712823"
"503","2026-03-25 08:22:52","27.48","56.5","946.26","3620","8124","-22.82219123840332","-47.06566619873047","613.7","-99","10.800000190734863","42504","1774437772824"
"504","2026-03-25 08:23:52","27.51","56.5","946.28","3580","6464","-22.822187423706055","-47.065677642822266","606.5","-99","10.300000190734863","42505","1774437832815"
"505","2026-03-25 08:24:52","27.54","56.5","946.26","3540","6608","-22.822187423706055","-47.0656623840332","611.5","-98","10.5","42506","1774437892816"
"506","2026-03-25 08:25:52","27.56","56.5","946.26","3620","6280","-22.822174072265625","-47.06565475463867","608.2","-98","10.800000190734863","42507","1774437952827"
"507","2026-03-25 08:26:52","27.6","56.5","946.3000000000001","3580","5588","-22.822179794311523","-47.06565856933594","607.4","-98","11.300000190734863","42508","1774438012819"
"508","2026-03-25 08:27:52","27.68","56","946.34","3600","5512","-22.822208404541016","-47.065677642822266","604.5","-97","11.5","42509","1774438072816"
"509","2026-03-25 08:28:52","27.77","56","946.32","3620","5448","-22.82219696044922","-47.065650939941406","611.2","-101","9.5","42510","1774438132791"
"510","2026-03-25 08:29:52","27.85","55.5","946.32","3580","6136","-22.82221031188965","-47.06565856933594","609.5","-98","11","42511","1774438192819"
"511","2026-03-25 08:30:52","27.9","55.5","946.36","3560","6640","-22.822229385375977","-47.06565856933594","608.7","-98","11.800000190734863","42512","1774438252810"
"512","2026-03-25 08:31:52","27.9","55.5","946.3000000000001","3580","9352","-22.822216033935547","-47.06565856933594","611.5","-102","9","42513","1774438312817"
"513","2026-03-25 08:32:52","27.93","55.5","946.34","3560","10744","-22.822219848632812","-47.065635681152344","615.2","-99","10.300000190734863","42514","1774438372807"
"514","2026-03-25 08:33:52","27.98","55.5","946.3000000000001","3620","10832","-22.82225227355957","-47.06564712524414","617.2","-98","11.5","42515","1774438432828"
"515","2026-03-25 08:34:52","28.01","55.5","946.36","3560","7716","-22.82223892211914","-47.0656623840332","620.9000000000001","-101","9.300000190734863","42516","1774438492817"
"516","2026-03-25 08:35:52","28.05","55","946.38","3580","8604","-22.822242736816406","-47.0656852722168","615.7","-98","11.5","42517","1774438552821"
"517","2026-03-25 08:36:52","28.13","55","946.36","3580","12936","-22.822235107421875","-47.06568145751953","612.2","-98","10.800000190734863","42518","1774438612831"
"518","2026-03-25 08:37:52","28.21","55","946.36","3560","10888","-22.822233200073242","-47.06568908691406","611.2","-98","11.5","42519","1774438672833"
"519","2026-03-25 08:38:52","28.28","55","946.4200000000001","3560","9960","-22.822237014770508","-47.06568145751953","614.2","-98","11","42520","1774438732826"
"520","2026-03-25 08:39:52","28.38","54.5","946.4200000000001","3560","7932","-22.82221794128418","-47.06563949584961","612","-98","11.300000190734863","42521","1774438792821"
"521","2026-03-25 08:40:52","28.44","54.5","946.44","3600","6768","-22.82224464416504","-47.065677642822266","606.5","-98","10.800000190734863","42522","1774438852819"
"522","2026-03-25 08:41:52","28.5","54.5","946.46","3560","6300","-22.822216033935547","-47.065643310546875","611.4","-97","11.800000190734863","42523","1774438912830"
"523","2026-03-25 08:42:52","28.54","54.5","946.46","3560","6580","-22.822227478027344","-47.065650939941406","612.2","-97","11.5","42524","1774438972822"
"524","2026-03-25 08:43:52","28.56","54.5","946.5","3560","6748","-22.822193145751953","-47.065635681152344","612","-97","11.5","42525","1774439032815"
"525","2026-03-25 08:44:52","28.59","54.5","946.54","3580","7052","-22.82221031188965","-47.06565856933594","611.5","-98","11","42526","1774439092828"
"526","2026-03-25 08:45:52","28.63","54.5","946.58","3600","7476","-22.822223663330078","-47.065650939941406","614","-98","10.5","42527","1774439152785"
"527","2026-03-25 08:46:52","28.67","54","946.6","3600","7144","-22.822235107421875","-47.06564712524414","614.7","-99","10.5","42528","1774439212816"
"528","2026-03-25 08:47:52","28.74","54","946.6","3600","7108","-22.822227478027344","-47.06565475463867","612","-98","11.300000190734863","42529","1774439272829"
"529","2026-03-25 08:48:52","28.81","54","946.6","3580","6632","-22.822216033935547","-47.065650939941406","615","-99","10.800000190734863","42530","1774439332822"
"530","2026-03-25 08:49:52","28.88","54","946.6","3580","6104","-22.82219696044922","-47.065673828125","613","-98","10.800000190734863","42531","1774439392825"
"531","2026-03-25 08:50:52","28.95","53.5","946.6","3580","5788","-22.82221221923828","-47.0656852722168","611","-98","11.5","42532","1774439452841"
"532","2026-03-25 08:51:52","29.03","53.5","946.6","3600","5620","-22.82221031188965","-47.065696716308594","609.9","-97","11.300000190734863","42533","1774439512832"
"533","2026-03-25 08:52:52","29.1","53.5","946.62","3560","8940","-22.822216033935547","-47.06568145751953","610.4","-97","11.5","42534","1774439572825"
"534","2026-03-25 08:53:52","29.14","53.5","946.66","3580","19680","-22.82221794128418","-47.065677642822266","609.5","-98","11.5","42535","1774439632822"
"535","2026-03-25 08:54:52","29.17","53.5","946.64","3640","34412","-22.82220458984375","-47.065673828125","612.2","-98","11","42536","1774439692824"
"536","2026-03-25 08:55:52","29.23","53","946.66","3600","45192","-22.822227478027344","-47.065673828125","609.9","-102","8.800000190734863","42537","1774439752824"
"537","2026-03-25 08:56:52","29.28","53","946.7","3560","47428","-22.82225799560547","-47.065673828125","610","-98","10.800000190734863","42538","1774439812822"
"538","2026-03-25 08:57:52","29.36","53","946.64","3580","50708","-22.822265625","-47.0656623840332","618.7","-98","10.800000190734863","42539","1774439872820"
"539","2026-03-25 08:58:52","29.47","53","946.66","3600","45288","-22.8222713470459","-47.06565856933594","621.2","-99","10.800000190734863","42540","1774439932797"
"540","2026-03-25 08:59:52","29.56","53","946.7","3580","27648","-22.82225799560547","-47.06568908691406","618","-98","10.800000190734863","42541","1774439992835"
"541","2026-03-25 09:00:52","29.59","53","946.7","3580","13180","-22.822242736816406","-47.065696716308594","620.2","-99","10.5","42542","1774440052830"
"542","2026-03-25 09:01:52","29.58","53","946.66","3580","5184","-22.822248458862305","-47.06571578979492","623","-99","10.5","42543","1774440112831"
"543","2026-03-25 09:02:52","29.59","53","946.66","3600","5232","-22.822223663330078","-47.065696716308594","623.4000000000001","-98","11.5","42544","1774440172819"
"544","2026-03-25 09:03:52","29.62","53","946.66","3580","5864","-22.822216033935547","-47.065704345703125","623.2","-97","12","42545","1774440232791"
"545","2026-03-25 09:04:52","29.64","53","946.6800000000001","3600","6920","-22.822189331054688","-47.06569290161133","621.4000000000001","-100","10.300000190734863","42546","1774440292897"
"546","2026-03-25 09:05:52","29.69","53","946.6800000000001","3580","6632","-22.82219123840332","-47.06570053100586","623","-100","10","42547","1774440352820"
"547","2026-03-25 09:06:52","29.73","52.5","946.62","3580","9576","-22.82221031188965","-47.065704345703125","620.7","-100","10.300000190734863","42548","1774440412821"
"548","2026-03-25 09:07:52","29.77","52.5","946.64","3600","10512","-22.82219886779785","-47.06569290161133","621","-100","10.300000190734863","42549","1774440472827"
"549","2026-03-25 09:08:52","29.84","52","946.62","3620","14664","-22.82219886779785","-47.065704345703125","626.7","-99","10.800000190734863","42550","1774440532826"
"550","2026-03-25 09:09:52","29.92","52","946.5600000000001","3560","20540","-22.822202682495117","-47.06569290161133","627","-97","11.800000190734863","42551","1774440592830"
"551","2026-03-25 09:10:52","30.03","52","946.5600000000001","3560","16716","-22.82219696044922","-47.0656852722168","620.9000000000001","-98","11.300000190734863","42552","1774440652826"
"552","2026-03-25 09:11:52","30.1","51.5","946.5600000000001","3620","9204","-22.82221031188965","-47.065696716308594","616.9000000000001","-98","11","42553","1774440712836"
"553","2026-03-25 09:12:52","30.08","51.5","946.5600000000001","3580","5936","-22.822214126586914","-47.06570053100586","616.7","-99","10.800000190734863","42554","1774440772828"
"554","2026-03-25 09:13:52","30.01","51.5","946.52","3600","6888","-22.822214126586914","-47.065696716308594","617","-98","10.800000190734863","42555","1774440832828"
"555","2026-03-25 09:14:52","29.94","51.5","946.54","3560","8896","-22.822221755981445","-47.06568908691406","612.2","-98","11.300000190734863","42556","1774440892823"
"556","2026-03-25 09:15:52","29.93","52","946.5600000000001","3600","6596","-22.82219886779785","-47.065677642822266","611.7","-98","11","42557","1774440952829"
"557","2026-03-25 09:16:52","29.99","51.5","946.54","3580","5884","-22.82219696044922","-47.06568908691406","611.5","-98","11.5","42558","1774441012817"
"558","2026-03-25 09:17:52","30.09","51.5","946.62","3560","7608","-22.822208404541016","-47.065711975097656","613","-97","11.5","42559","1774441072832"
"559","2026-03-25 09:18:52","30.23","51.5","946.64","3600","6356","-22.822200775146484","-47.065696716308594","613.9","-99","10.800000190734863","42560","1774441132827"
"560","2026-03-25 09:19:52","30.38","50.5","946.62","3560","7072","-22.82219696044922","-47.065677642822266","617","-99","10.5","42561","1774441192791"
"561","2026-03-25 09:20:52","30.52","50.5","946.64","3600","8448","-22.822202682495117","-47.06563949584961","620.9000000000001","-99","10.800000190734863","42562","1774441252817"
"562","2026-03-25 09:21:52","30.59","50","946.6800000000001","3600","5752","-22.82219123840332","-47.06565475463867","617.2","-97","11.800000190734863","42563","1774441312826"
"563","2026-03-25 09:22:52","30.66","50","946.64","3560","4576","-22.822185516357422","-47.06568145751953","611.9","-99","10.5","42564","1774441372819"
"564","2026-03-25 09:23:52","30.68","50","946.72","3580","4712","-22.822187423706055","-47.065673828125","614.2","-100","10.300000190734863","42565","1774441432817"
"565","2026-03-25 09:24:52","30.7","49.5","946.7","3580","8136","-22.822206497192383","-47.065673828125","615.7","-98","11","42566","1774441492823"
"566","2026-03-25 09:25:52","30.74","49.5","946.7","3620","9832","-22.82221221923828","-47.0656852722168","617","-98","11.300000190734863","42567","1774441552823"
"567","2026-03-25 09:26:52","30.74","49.5","946.74","3560","8244","-22.82220458984375","-47.065673828125","616.2","-99","10.300000190734863","42568","1774441612831"
"568","2026-03-25 09:27:52","30.74","49.5","946.76","3580","7052","-22.822200775146484","-47.065673828125","615.7","-99","10.300000190734863","42569","1774441672824"
"569","2026-03-25 09:28:52","30.75","49.5","946.76","3580","5540","-22.82219886779785","-47.06568908691406","610.4","-101","9.5","42570","1774441732817"
"570","2026-03-25 09:29:52","30.78","49.5","946.74","3620","4920","-22.822195053100586","-47.0656852722168","617.9000000000001","-100","10.300000190734863","42571","1774441792826"
"571","2026-03-25 09:30:52","30.8","49.5","946.78","3620","6924","-22.8222599029541","-47.06572341918945","620.7","-100","10","42572","1774441852825"
"572","2026-03-25 09:31:52","30.81","49.5","946.76","3600","11960","-22.822263717651367","-47.065704345703125","619.4000000000001","-97","11.800000190734863","42573","1774441912822"
"573","2026-03-25 09:32:52","30.76","49.5","946.76","3600","15196","-22.822277069091797","-47.06572341918945","618.2","-97","11.800000190734863","42574","1774441972822"
"574","2026-03-25 09:33:52","30.71","49.5","946.76","3600","11884","-22.822265625","-47.065731048583984","618.5","-100","10.5","42575","1774442032834"
"575","2026-03-25 09:34:52","30.73","50","946.7","3600","14384","-22.822248458862305","-47.06571960449219","615.7","-98","11","42576","1774442092821"
"576","2026-03-25 09:35:52","30.77","49.5","946.74","3580","16352","-22.822246551513672","-47.06572723388672","616.7","-98","11","42577","1774442152831"
"577","2026-03-25 09:36:52","30.81","49.5","946.74","3560","13296","-22.822219848632812","-47.06569290161133","612","-101","9.300000190734863","42578","1774442212830"
"578","2026-03-25 09:37:52","30.84","49.5","946.7","3580","6476","-22.822216033935547","-47.06568908691406","610","-99","10.800000190734863","42579","1774442272816"
"579","2026-03-25 09:38:52","30.91","49.5","946.76","3640","5884","-22.822185516357422","-47.065677642822266","611.2","-97","11.5","42580","1774442332821"
"580","2026-03-25 09:39:52","30.96","49.5","946.7","3560","4512","-22.822195053100586","-47.065670013427734","618","-97","11.800000190734863","42581","1774442392831"
"581","2026-03-25 09:40:52","30.97","49.5","946.7","3560","3624","-22.82221794128418","-47.06568908691406","614.7","-97","11.5","42582","1774442452825"
"582","2026-03-25 09:41:52","31.02","49.5","946.7","3560","3728","-22.822202682495117","-47.065670013427734","617.5","-96","11.5","42583","1774442512821"
"583","2026-03-25 09:42:52","31.06","49.5","946.6800000000001","3560","3804","-22.82220458984375","-47.065650939941406","621.4000000000001","-97","11.800000190734863","42584","1774442572823"
"584","2026-03-25 09:43:52","31.12","49.5","946.7","3620","3940","-22.822254180908203","-47.065635681152344","635.2","-100","10.300000190734863","42585","1774442632823"
"585","2026-03-25 09:44:52","31.16","49","946.72","3580","4012","-22.82229232788086","-47.065677642822266","636.5","-98","11","42586","1774442692829"
"586","2026-03-25 09:45:52","31.18","49","946.6800000000001","3600","3984","-22.822284698486328","-47.06566619873047","641.7","-99","10.300000190734863","42587","1774442752822"
"587","2026-03-25 09:46:52","31.21","49","946.6800000000001","3560","4020","-22.82227897644043","-47.06566619873047","638.2","-97","11.5","42588","1774442812830"
"588","2026-03-25 09:47:52","31.26","49","946.66","3600","3804","-22.822261810302734","-47.06566619873047","640.7","-103","8.5","42589","1774442872829"
"589","2026-03-25 09:48:52","31.27","49","946.62","3560","3596","-22.822235107421875","-47.06562423706055","635","-98","11.5","42590","1774442932821"
"590","2026-03-25 09:49:52","31.28","49","946.64","3560","3592","-22.822229385375977","-47.06563186645508","629","-98","11","42591","1774442992825"
"591","2026-03-25 09:50:52","31.34","48.5","946.64","3560","3648","-22.822250366210938","-47.0656623840332","627.4000000000001","-102","9","42592","1774443052816"
"592","2026-03-25 09:51:52","31.37","48.5","946.64","3560","3648","-22.82223129272461","-47.065677642822266","620","-99","10.5","42593","1774443112818"
"593","2026-03-25 09:52:52","31.4","48.5","946.66","3640","3632","-22.82222557067871","-47.06565856933594","622.5","-100","10","42594","1774443172785"
"594","2026-03-25 09:53:52","31.41","48","946.6800000000001","3580","4080","-22.822246551513672","-47.065696716308594","623","-99","10.800000190734863","42595","1774443232830"
"595","2026-03-25 09:54:52","31.49","48","946.6800000000001","3580","3612","-22.82224464416504","-47.06568145751953","621.7","-104","7.300000190734863","42596","1774443292814"
"596","2026-03-25 09:55:52","31.62","48","946.66","3620","5228","-22.822219848632812","-47.065673828125","616.5","-98","11.5","42597","1774443352829"
"597","2026-03-25 09:56:52","31.78","47.5","946.6800000000001","3600","6096","-22.822240829467773","-47.065673828125","617.4000000000001","-100","10","42598","1774443412823"
"598","2026-03-25 09:57:52","31.96","47.5","946.64","3600","7316","-22.822223663330078","-47.06563949584961","627.2","-98","11","42599","1774443472820"
"599","2026-03-25 09:58:52","32.16","47","946.66","3580","7996","-22.822208404541016","-47.06559753417969","633.2","-97","12","42600","1774443532808"
"600","2026-03-25 09:59:52","32.34","47","946.6800000000001","3640","8284","-22.822202682495117","-47.06557083129883","641.7","-98","11.300000190734863","42601","1774443592818"
"601","2026-03-25 10:00:52","32.49","46.5","946.66","3660","8328","-22.822214126586914","-47.06560516357422","630.9000000000001","-97","11.800000190734863","42602","1774443652813"
"602","2026-03-25 10:01:52","32.68","46.5","946.64","3640","8144","-22.82219123840332","-47.06562805175781","624.2","-97","11.800000190734863","42603","1774443712817"
"603","2026-03-25 10:02:52","32.95","46","946.7","3660","8208","-22.82221794128418","-47.06562042236328","625.5","-98","11","42604","1774443772813"
"604","2026-03-25 10:03:52","33.24","46","946.66","3680","8380","-22.822256088256836","-47.065643310546875","625.2","-98","11.5","42605","1774443832818"
"605","2026-03-25 10:04:52","33.62","45.5","946.66","3680","5240","-22.822242736816406","-47.06561279296875","627.2","-99","10.5","42606","1774443892828"
"606","2026-03-25 10:05:52","33.94","45","946.7","3680","8472","-22.822240829467773","-47.065670013427734","625.7","-98","11.5","42607","1774443952823"
"607","2026-03-25 10:06:52","34.26","45","946.7","3720","8512","-22.82222557067871","-47.06565475463867","622.7","-96","11.5","42608","1774444012826"
"608","2026-03-25 10:07:52","34.64","44.5","946.7","3680","8556","-22.822235107421875","-47.065643310546875","626","-99","10.800000190734863","42609","1774444072824"
"609","2026-03-25 10:08:52","35","44","946.6800000000001","3740","8580","-22.82223892211914","-47.06562423706055","625.7","-98","11.800000190734863","42610","1774444132815"
"610","2026-03-25 10:09:52","35.34","43.5","946.6800000000001","3760","8608","-22.8222599029541","-47.06562805175781","633","-99","10.300000190734863","42611","1774444192822"
"611","2026-03-25 10:10:52","35.66","43","946.74","3740","8668","-22.822315216064453","-47.06565475463867","644.5","-98","11.5","42612","1774444252819"
"612","2026-03-25 10:11:52","35.91","43","946.78","3700","8712","-22.82227325439453","-47.0656623840332","635.4000000000001","-97","11.800000190734863","42613","1774444312825"
"613","2026-03-25 10:12:52","36.12","43","946.72","3740","8832","-22.822263717651367","-47.06564712524414","628","-97","11.800000190734863","42614","1774444372811"
"614","2026-03-25 10:13:52","36.28","42.5","946.72","3720","8920","-22.82224464416504","-47.0656623840332","630.2","-98","10.800000190734863","42615","1774444432788"
"615","2026-03-25 10:14:52","36.51","42.5","946.76","3720","8992","-22.82222557067871","-47.0656852722168","627.7","-98","11.300000190734863","42616","1774444492813"
"616","2026-03-25 10:15:52","36.75","42","946.76","3780","8976","-22.82222557067871","-47.06568908691406","619.2","-98","11.5","42617","1774444552819"
"617","2026-03-25 10:16:52","36.95","42","946.74","3740","8944","-22.822216033935547","-47.0656623840332","619","-97","11.5","42618","1774444612809"
"618","2026-03-25 10:17:52","37.16","42","946.74","3760","8908","-22.822208404541016","-47.065670013427734","613.7","-97","11.5","42619","1774444672824"
"619","2026-03-25 10:18:52","37.41","41.5","946.8000000000001","3740","8912","-22.822200775146484","-47.06565475463867","613.7","-98","11.300000190734863","42620","1774444732787"
"620","2026-03-25 10:19:52","37.66","41.5","946.78","3740","8944","-22.82220458984375","-47.06565856933594","615","-96","12","42621","1774444792829"
"621","2026-03-25 10:20:52","37.84","41","946.78","3740","8972","-22.822246551513672","-47.06566619873047","620","-97","11.800000190734863","42622","1774444852818"
"622","2026-03-25 10:21:52","38.04","41","946.78","3760","8976","-22.82225227355957","-47.06565856933594","622.7","-98","11.300000190734863","42623","1774444912823"
"623","2026-03-25 10:22:52","38.3","40.5","946.72","3740","8968","-22.822282791137695","-47.06566619873047","627.2","-98","11.300000190734863","42624","1774444972822"
"624","2026-03-25 10:23:52","38.58","40.5","946.74","3740","8996","-22.82225227355957","-47.06568908691406","618.7","-97","11.5","42625","1774445032819"
"625","2026-03-25 10:24:52","38.78","40","946.8000000000001","3800","9032","-22.82223129272461","-47.065696716308594","610.4","-98","11","42626","1774445092819"
"626","2026-03-25 10:25:52","38.91","40","946.8000000000001","3780","8980","-22.822235107421875","-47.065696716308594","615.5","-98","11.5","42627","1774445152817"
"627","2026-03-25 10:26:52","39.12","40","946.78","3760","8996","-22.822237014770508","-47.06570053100586","616.5","-101","9.5","42628","1774445212823"
"628","2026-03-25 10:27:52","39.34","39.5","946.86","3740","9104","-22.82223129272461","-47.0656852722168","616.7","-100","10.300000190734863","42629","1774445272823"
"629","2026-03-25 10:28:52","39.56","39.5","946.78","3820","9132","-22.822219848632812","-47.065673828125","616.9000000000001","-97","11","42630","1774445332819"
"630","2026-03-25 10:29:52","39.71","39","946.82","3820","9120","-22.822223663330078","-47.06566619873047","615.9000000000001","-98","11","42631","1774445392815"
"631","2026-03-25 10:30:52","39.78","39","946.82","3820","9140","-22.82223129272461","-47.06568908691406","609.5","-97","11.5","42632","1774445452820"
"632","2026-03-25 10:31:52","39.91","39","946.8000000000001","3780","9176","-22.822229385375977","-47.065677642822266","614.5","-98","11.300000190734863","42633","1774445512820"
"633","2026-03-25 10:32:52","40.14","39","946.82","3780","9288","-22.82223129272461","-47.06570816040039","614.2","-99","10.800000190734863","42634","1774445572821"
"634","2026-03-25 10:33:52","40.19","38.5","946.82","3740","4536","-22.82223892211914","-47.065677642822266","619.5","-99","10","42635","1774445632828"
"635","2026-03-25 10:34:52","40.41","38.5","946.84","3760","9328","-22.822256088256836","-47.065677642822266","626.2","-98","10.800000190734863","42636","1774445692823"
"636","2026-03-25 10:35:52","40.66","38","946.82","3760","9476","-22.822254180908203","-47.065670013427734","624.5","-98","11.300000190734863","42637","1774445752828"
"637","2026-03-25 10:36:52","40.91","37.5","946.82","3800","9560","-22.822237014770508","-47.0656852722168","621.4000000000001","-98","10.800000190734863","42638","1774445812818"
"638","2026-03-25 10:37:52","41.21","37.5","946.84","3840","9528","-22.822223663330078","-47.06564712524414","623.7","-98","11.5","42639","1774445872822"
"639","2026-03-25 10:38:52","41.56","37","946.78","3860","9576","-22.822221755981445","-47.065650939941406","621","-98","10.800000190734863","42640","1774445932818"
"640","2026-03-25 10:39:52","41.86","36.5","946.84","3800","9616","-22.822216033935547","-47.065616607666016","624.7","-98","11.800000190734863","42641","1774445992835"
"641","2026-03-25 10:40:52","42.11","36","946.86","3820","9580","-22.82223129272461","-47.06559371948242","631.7","-99","10.5","42642","1774446052832"
"642","2026-03-25 10:41:52","42.29","36","946.88","3860","9616","-22.82223129272461","-47.065555572509766","647.5","-97","11.800000190734863","42643","1774446112788"
"643","2026-03-25 10:42:52","42.43","36","946.88","3880","9660","-22.822261810302734","-47.06559371948242","642.5","-97","11.800000190734863","42644","1774446172828"
"644","2026-03-25 10:43:52","42.64","35.5","946.88","3820","9672","-22.822267532348633","-47.06564712524414","629.4000000000001","-99","10.800000190734863","42645","1774446232827"
"645","2026-03-25 10:44:52","42.8","35","946.88","3780","9660","-22.82222557067871","-47.06565856933594","626.2","-98","11.5","42646","1774446292825"
"646","2026-03-25 10:45:52","42.97","34.5","946.9","3900","9636","-22.822216033935547","-47.065635681152344","631.2","-97","11.800000190734863","42647","1774446352828"
"647","2026-03-25 10:46:52","43.1","34.5","946.9","3900","9680","-22.822206497192383","-47.06560134887695","633.4000000000001","-98","11.5","42648","1774446412821"
"648","2026-03-25 10:47:52","43.23","34.5","946.9","3820","9740","-22.82219696044922","-47.065616607666016","628.2","-97","11.5","42649","1774446472819"
"649","2026-03-25 10:48:52","43.26","34.5","946.94","3920","9824","-22.82218360900879","-47.06558609008789","633.7","-97","11.800000190734863","42650","1774446532836"
"650","2026-03-25 10:49:52","43.4","34.5","946.96","3840","9952","-22.822219848632812","-47.06559371948242","637.5","-97","11.5","42651","1774446592836"
"651","2026-03-25 10:50:52","43.59","34.5","947.02","3920","10140","-22.82224464416504","-47.06565475463867","625","-99","11","42652","1774446652827"
"652","2026-03-25 10:51:52","43.61","34.5","947.02","3920","10272","-22.82222557067871","-47.06566619873047","620.5","-97","11.5","42653","1774446712825"
"653","2026-03-25 10:52:52","43.69","34.5","947.02","3840","10432","-22.822223663330078","-47.065670013427734","618.7","-98","11.300000190734863","42654","1774446772820"
"654","2026-03-25 10:53:52","43.66","34","946.98","3920","10600","-22.822219848632812","-47.06570816040039","611.4","-99","10.5","42655","1774446832836"
"655","2026-03-25 10:54:52","43.64","34.5","947.04","3880","10724","-22.82220458984375","-47.06566619873047","618.5","-98","10.800000190734863","42656","1774446892829"
"656","2026-03-25 10:55:52","43.61","34.5","947.04","3860","10900","-22.822237014770508","-47.065677642822266","618.4000000000001","-97","11.800000190734863","42657","1774446952825"
"657","2026-03-25 10:56:52","43.57","34","947","3860","10892","-22.822229385375977","-47.06568145751953","616.4000000000001","-98","10.5","42658","1774447012823"
"658","2026-03-25 10:57:52","43.44","34.5","946.96","3880","11144","-22.82223129272461","-47.0656623840332","622.5","-98","10.800000190734863","42659","1774447072815"
"659","2026-03-25 10:58:52","43.41","34","946.98","3880","11268","-22.82224464416504","-47.065711975097656","620.2","-98","11","42660","1774447132828"
"660","2026-03-25 10:59:52","43.44","34.5","946.96","3920","11340","-22.822237014770508","-47.06575012207031","611.7","-97","11.5","42661","1774447192816"
"661","2026-03-25 11:00:52","43.54","34","947","3900","11424","-22.822240829467773","-47.0656852722168","615","-97","11.5","42662","1774447252823"
"662","2026-03-25 11:01:52","43.58","34","946.96","3880","11672","-22.822227478027344","-47.06569290161133","614.2","-98","11.300000190734863","42663","1774447312819"
"663","2026-03-25 11:02:52","43.67","34","946.94","3880","11960","-22.822219848632812","-47.0656852722168","615.5","-98","11.5","42664","1774447372823"
"664","2026-03-25 11:03:52","43.76","34","946.96","3840","12096","-22.822235107421875","-47.06569290161133","617","-97","11.800000190734863","42665","1774447432812"
"665","2026-03-25 11:04:52","43.87","33.5","947","3920","12132","-22.822223663330078","-47.065711975097656","609.9","-96","11.5","42666","1774447492814"
"666","2026-03-25 11:05:52","43.93","33.5","947","3900","12260","-22.822214126586914","-47.065677642822266","614.5","-98","11.5","42667","1774447552825"
"667","2026-03-25 11:06:52","44.09","33.5","946.96","3920","12604","-22.822233200073242","-47.06570053100586","613.5","-98","10.800000190734863","42668","1774447612822"
"668","2026-03-25 11:07:52","44.25","33","946.98","3920","13364","-22.822223663330078","-47.06568908691406","615.2","-98","11","42669","1774447672823"
"669","2026-03-25 11:08:52","44.43","33","946.96","3860","12760","-22.822223663330078","-47.06565856933594","616.2","-97","11.5","42670","1774447732819"
"670","2026-03-25 11:09:52","44.57","33","947","3920","12880","-22.822233200073242","-47.065673828125","618.7","-100","10","42671","1774447792816"
"671","2026-03-25 11:10:52","44.68","32.5","947.02","3920","13072","-22.822221755981445","-47.06564712524414","619.9000000000001","-99","10.5","42672","1774447852817"
"672","2026-03-25 11:11:52","44.76","32.5","947.02","3900","13276","-22.822237014770508","-47.065643310546875","615.9000000000001","-97","11.5","42673","1774447912808"
"673","2026-03-25 11:12:52","44.96","32","947.0600000000001","3940","13504","-22.822229385375977","-47.06562423706055","621.2","-98","11.300000190734863","42674","1774447972818"
"674","2026-03-25 11:13:52","45.03","32","947.08","3900","13968","-22.822235107421875","-47.06563949584961","621.9000000000001","-99","11","42675","1774448032820"
"675","2026-03-25 11:14:52","45.03","31.5","947.0600000000001","3940","14520","-22.822248458862305","-47.06565475463867","624.4000000000001","-99","10.5","42676","1774448092824"
"676","2026-03-25 11:15:52","44.91","31.5","947.1","3900","14960","-22.82223129272461","-47.06564712524414","623","-97","11.800000190734863","42677","1774448152823"
"677","2026-03-25 11:16:52","44.74","31.5","947.0600000000001","3960","15260","-22.82224464416504","-47.0656852722168","617.7","-98","11.300000190734863","42678","1774448212818"
"678","2026-03-25 11:17:52","44.56","31.5","947.02","3900","15908","-22.822267532348633","-47.06570816040039","613.2","-98","11.300000190734863","42679","1774448272823"
"679","2026-03-25 11:18:52","44.53","32","946.98","3940","16800","-22.822229385375977","-47.06564712524414","623.2","-99","10.800000190734863","42680","1774448332818"
"680","2026-03-25 11:19:52","44.61","32","946.98","3920","18216","-22.82224464416504","-47.065670013427734","614.7","-99","11","42681","1774448392818"
"681","2026-03-25 11:20:52","","","","","","","","","-98","11","42682","1774448452474"
"682","2026-03-25 11:20:52","44.82","31.5","947.02","3900","21404","-22.822254180908203","-47.06570816040039","611.4","-97","11.300000190734863","42682","1774448452777"
"683","2026-03-25 11:21:52","44.93","31","947.02","3920","25068","-22.822235107421875","-47.065696716308594","613","-98","11.300000190734863","42683","1774448512816"
"684","2026-03-25 11:22:52","45.16","31","947.04","3860","32472","-22.822223663330078","-47.0656852722168","612","-100","10.300000190734863","42684","1774448572827"
"685","2026-03-25 11:23:52","45.33","30.5","946.98","3940","41004","-22.822229385375977","-47.06569290161133","610","-97","11.5","42685","1774448632822"
"686","2026-03-25 11:24:52","45.44","30","947.02","3880","48796","-22.822233200073242","-47.065704345703125","610.7","-102","9","42686","1774448692823"
"687","2026-03-25 11:25:52","45.54","30","946.96","3900","53540","-22.822235107421875","-47.06571578979492","607","-102","9","42687","1774448752820"
"688","2026-03-25 11:26:52","45.72","30","946.96","3880","56316","-22.822223663330078","-47.06569290161133","613.7","-99","10.800000190734863","42688","1774448812813"
"689","2026-03-25 11:27:52","45.94","29.5","946.96","3900","54008","-22.822219848632812","-47.065677642822266","613","-97","11.300000190734863","42689","1774448872811"
"690","2026-03-25 11:28:52","45.99","29.5","946.94","3900","47932","-22.82223892211914","-47.065704345703125","609.5","-99","10.800000190734863","42690","1774448932812"
"691","2026-03-25 11:29:52","45.97","29.5","946.96","3900","39856","-22.822265625","-47.06572341918945","605.2","-102","8.800000190734863","42691","1774448992819"
"692","2026-03-25 11:30:52","45.95","29.5","946.9200000000001","3900","32564","-22.822235107421875","-47.06568908691406","613.5","-97","11.800000190734863","42692","1774449052788"
"693","2026-03-25 11:31:52","45.94","29.5","946.9","3900","28620","-22.822221755981445","-47.06566619873047","618","-99","10.5","42693","1774449112826"
"694","2026-03-25 11:32:52","46.04","29.5","946.86","3900","25912","-22.822221755981445","-47.065704345703125","616.5","-98","10.800000190734863","42694","1774449172820"
"695","2026-03-25 11:33:52","46.21","29","946.88","3900","24348","-22.82221221923828","-47.06568908691406","617.2","-98","11.300000190734863","42695","1774449232812"
"696","2026-03-25 11:34:52","46.33","29","946.84","3900","23076","-22.822208404541016","-47.065677642822266","616","-99","10.300000190734863","42696","1774449292812"
"697","2026-03-25 11:35:52","46.42","28.5","946.8000000000001","3900","21928","-22.822200775146484","-47.065673828125","614.2","-98","10.800000190734863","42697","1774449352808"
"698","2026-03-25 11:36:52","46.53","28.5","946.84","3900","21184","-22.822193145751953","-47.0656623840332","617.9000000000001","-97","11.300000190734863","42698","1774449412822"
"699","2026-03-25 11:37:52","46.54","28.5","946.82","3900","20712","-22.822187423706055","-47.065670013427734","615.2","-98","11","42699","1774449472835"
"700","2026-03-25 11:38:52","46.61","28.5","946.82","3900","19684","-22.822174072265625","-47.06564712524414","620","-98","11.5","42700","1774449532816"
"701","2026-03-25 11:39:52","46.78","29","946.82","3900","17152","-22.82219886779785","-47.06566619873047","617.2","-98","10.800000190734863","42701","1774449592817"
"702","2026-03-25 11:40:52","47.01","28.5","946.82","3900","15880","-22.822221755981445","-47.065696716308594","612.9","-97","11.5","42702","1774449652817"
"703","2026-03-25 11:41:52","47.25","28","946.82","3920","15616","-22.822221755981445","-47.06568908691406","614.7","-99","10.800000190734863","42703","1774449712815"
"704","2026-03-25 11:42:52","47.36","28","946.82","3880","7596","-22.822229385375977","-47.06570053100586","616","-98","11","42704","1774449772825"
"705","2026-03-25 11:43:52","47.29","28","946.74","3920","13260","-22.822214126586914","-47.06568145751953","614.7","-100","10","42705","1774449832859"
"706","2026-03-25 11:44:52","46.95","28.5","946.74","3820","4740","-22.822214126586914","-47.065670013427734","619.5","-98","10.5","42706","1774449892792"
"707","2026-03-25 11:45:52","46.42","29","946.7","3900","9300","-22.822200775146484","-47.06566619873047","616.5","-98","11","42707","1774449952793"
"708","2026-03-25 11:46:52","46.6","29","946.72","3900","8676","-22.82221031188965","-47.065677642822266","612.7","-100","10.300000190734863","42708","1774450012820"
"709","2026-03-25 11:47:52","46.36","29","946.6800000000001","3880","7060","-22.822206497192383","-47.065670013427734","611.4","-98","11","42709","1774450072778"
"710","2026-03-25 11:48:52","46.46","29","946.6800000000001","3920","9120","-22.82221221923828","-47.06569290161133","612.2","-98","11","42710","1774450132814"
"711","2026-03-25 11:49:52","46.56","28.5","946.7","3900","9580","-22.822202682495117","-47.0656852722168","615.7","-99","10","42711","1774450192826"
"712","2026-03-25 11:50:52","46.75","29","946.66","3920","9968","-22.822200775146484","-47.065677642822266","616.5","-99","10.5","42712","1774450252812"
"713","2026-03-25 11:51:52","46.91","28.5","946.64","3920","8148","-22.822229385375977","-47.06568908691406","615.2","-97","11.5","42713","1774450312815"
"714","2026-03-25 11:52:52","46.89","28","946.64","3900","10436","-22.822223663330078","-47.06568145751953","619.2","-97","11.800000190734863","42714","1774450372819"
"715","2026-03-25 11:53:52","46.76","28.5","946.62","3920","10232","-22.82221031188965","-47.065670013427734","622.2","-98","10.800000190734863","42715","1774450432836"
"716","2026-03-25 11:54:52","46.61","28.5","946.6","3920","10016","-22.82221031188965","-47.06568908691406","626.5","-98","11.800000190734863","42716","1774450492783"
"717","2026-03-25 11:55:52","46.63","28","946.5600000000001","3920","10188","-22.822195053100586","-47.06568145751953","623.5","-99","10.800000190734863","42717","1774450552789"
"718","2026-03-25 11:56:52","46.76","28","946.5600000000001","3900","10192","-22.822206497192383","-47.0656852722168","616.2","-98","10.800000190734863","42718","1774450612791"
"719","2026-03-25 11:57:52","47","27.5","946.5600000000001","3920","10172","-22.822214126586914","-47.06568908691406","609.5","-99","10.5","42719","1774450672814"
"720","2026-03-25 11:58:52","47.18","27.5","946.5600000000001","3900","9884","-22.822206497192383","-47.065673828125","612.4","-100","10.300000190734863","42720","1774450732815"
"721","2026-03-25 11:59:52","47.21","27.5","946.58","3920","9772","-22.82218360900879","-47.06566619873047","611.5","-98","11","42721","1774450792827"
"722","2026-03-25 12:00:52","47.23","27.5","946.54","3900","9480","-22.82219123840332","-47.065673828125","613.2","-98","10.800000190734863","42722","1774450852818"
"723","2026-03-25 12:01:52","47.35","27","946.5600000000001","3920","9592","-22.822206497192383","-47.065677642822266","613.2","-99","10.300000190734863","42723","1774450912798"
"724","2026-03-25 12:02:52","47.51","27","946.58","3920","9428","-22.822223663330078","-47.065677642822266","614.5","-100","10.300000190734863","42724","1774450972788"
"725","2026-03-25 12:03:52","47.46","27","946.48","3920","9404","-22.82221031188965","-47.06568145751953","615.4000000000001","-99","10.800000190734863","42725","1774451032824"
"726","2026-03-25 12:04:52","47.36","27","946.46","3920","9332","-22.822208404541016","-47.06570053100586","614","-98","10.800000190734863","42726","1774451092816"
"727","2026-03-25 12:05:52","47.42","27","946.52","3920","9272","-22.82221221923828","-47.06568145751953","612.2","-99","10.5","42727","1774451152818"
"728","2026-03-25 12:06:52","47.58","27","946.48","3920","9188","-22.822208404541016","-47.065670013427734","614.9000000000001","-99","10.300000190734863","42728","1774451212814"
"729","2026-03-25 12:07:52","47.78","27","946.46","3900","9124","-22.82221221923828","-47.06568145751953","615","-99","10.300000190734863","42729","1774451272813"
"730","2026-03-25 12:08:52","47.84","27","946.46","3920","9120","-22.822235107421875","-47.065696716308594","614.4000000000001","-99","10.300000190734863","42730","1774451332823"
"731","2026-03-25 12:09:52","47.95","26.5","946.4200000000001","3920","9388","-22.8222599029541","-47.065711975097656","613.4","-98","11","42731","1774451392821"
"732","2026-03-25 12:10:52","48.08","26.5","946.4200000000001","3920","9596","-22.822229385375977","-47.065677642822266","617.7","-98","11","42732","1774451452822"
"733","2026-03-25 12:11:52","48.17","26.5","946.38","3920","9500","-22.82220458984375","-47.065670013427734","615.5","-98","11","42733","1774451512813"
"734","2026-03-25 12:12:52","48.28","26","946.36","3920","9096","-22.822229385375977","-47.06568145751953","619.5","-98","11.300000190734863","42734","1774451572829"
"735","2026-03-25 12:13:52","48.33","26","946.34","3920","8652","-22.822227478027344","-47.065673828125","617.7","-98","10.800000190734863","42735","1774451632812"
"736","2026-03-25 12:14:52","48.28","26.5","946.34","3920","8328","-22.822206497192383","-47.065643310546875","622.2","-97","11.5","42736","1774451692825"
"737","2026-03-25 12:15:52","48.16","26.5","946.3000000000001","3920","8224","-22.82219123840332","-47.06562805175781","622","-97","11.800000190734863","42737","1774451752823"
"738","2026-03-25 12:16:52","47.91","26.5","946.34","3920","8168","-22.82219123840332","-47.06563186645508","620","-103","8.800000190734863","42738","1774451812812"
"739","2026-03-25 12:17:52","47.84","26.5","946.3000000000001","3940","8060","-22.82221221923828","-47.06563186645508","618.5","-100","10","42739","1774451872821"
"740","2026-03-25 12:18:52","47.87","26.5","946.3000000000001","3920","7868","-22.82220458984375","-47.065616607666016","621","-99","10.300000190734863","42740","1774451932811"
"741","2026-03-25 12:19:52","47.78","26.5","946.26","3920","7772","-22.822208404541016","-47.065608978271484","623.4000000000001","-100","10","42741","1774451992808"
"742","2026-03-25 12:20:52","47.61","27","946.26","3920","7720","-22.82221031188965","-47.06561279296875","623.9000000000001","-100","10.300000190734863","42742","1774452052812"
"743","2026-03-25 12:21:52","47.58","27","946.24","3920","7608","-22.82221794128418","-47.06564712524414","621","-98","11","42743","1774452112815"
"744","2026-03-25 12:22:52","47.58","27","946.22","3940","7476","-22.822214126586914","-47.06563949584961","622.2","-98","10.800000190734863","42744","1774452172823"
"745","2026-03-25 12:23:52","46.92","27.5","946.1800000000001","3880","5248","-22.822229385375977","-47.06554412841797","631.9000000000001","-100","10.300000190734863","42745","1774452232812"
"746","2026-03-25 12:24:52","46.7","27.5","946.14","3920","6224","-22.82222557067871","-47.06558609008789","628.7","-100","10.300000190734863","42746","1774452292814"
"747","2026-03-25 12:25:52","46.06","28","946.12","3920","4520","-22.822227478027344","-47.06560516357422","623.9000000000001","-99","10.300000190734863","42747","1774452352815"
"748","2026-03-25 12:26:52","45.31","29","946.14","3860","4692","-22.822254180908203","-47.06562423706055","625","-100","10.300000190734863","42748","1774452412821"
"749","2026-03-25 12:27:52","44.36","30","946.08","3880","4876","-22.822267532348633","-47.06561279296875","628.5","-98","11.300000190734863","42749","1774452472846"
"750","2026-03-25 12:28:52","43.56","31","946","3860","5016","-22.822284698486328","-47.065589904785156","630","-98","11.300000190734863","42750","1774452532818"
"751","2026-03-25 12:29:52","42.94","31.5","946","3900","5200","-22.822254180908203","-47.06559371948242","623.5","-98","11","42751","1774452592814"
"752","2026-03-25 12:30:52","43.2","30","946.04","3920","7000","-22.82225227355957","-47.06557846069336","623.2","-98","11","42752","1774452652823"
"753","2026-03-25 12:31:52","43.66","30.5","945.98","3920","6884","-22.82224464416504","-47.06556701660156","620.2","-98","11","42753","1774452712819"
"754","2026-03-25 12:32:52","44.06","29.5","945.98","3920","6676","-22.822250366210938","-47.0655517578125","622.9000000000001","-98","10.800000190734863","42754","1774452772820"
"755","2026-03-25 12:33:52","44.32","29.5","946","3920","6712","-22.822233200073242","-47.065582275390625","624.4000000000001","-98","10.800000190734863","42755","1774452832790"
"756","2026-03-25 12:34:52","44.82","29","946","3940","6796","-22.822242736816406","-47.06563186645508","621.4000000000001","-98","11","42756","1774452892816"
"757","2026-03-25 12:35:52","45.1","28.5","946","3920","5644","-22.822242736816406","-47.06562805175781","623","-98","11.5","42757","1774452952819"
"758","2026-03-25 12:36:52","44.57","29","945.98","3980","5504","-22.822282791137695","-47.06562042236328","629","-96","11.5","42758","1774453012816"
"759","2026-03-25 12:37:52","43.84","29.5","945.88","3900","5308","-22.822254180908203","-47.06560134887695","626.5","-98","11.300000190734863","42759","1774453072824"
"760","2026-03-25 12:38:52","43.27","31","945.88","3880","5052","-22.822248458862305","-47.06553649902344","633.7","-99","11","42760","1774453132788"
"761","2026-03-25 12:39:52","42.75","31","945.88","3960","4724","-22.8222599029541","-47.065547943115234","636.5","-98","11","42761","1774453192821"
"762","2026-03-25 12:40:52","42.17","31.5","945.88","3880","4556","-22.822267532348633","-47.0655403137207","639","-100","10.5","42762","1774453252820"
"763","2026-03-25 12:41:52","41.68","32","945.84","3880","4676","-22.8222713470459","-47.06559753417969","633.5","-101","9.800000190734863","42763","1774453312833"
"764","2026-03-25 12:42:52","41.26","32.5","945.84","3940","4924","-22.8222713470459","-47.06559371948242","629.7","-98","11.300000190734863","42764","1774453372808"
"765","2026-03-25 12:43:52","40.85","32.5","945.8000000000001","3900","4996","-22.822256088256836","-47.06562423706055","620.4000000000001","-98","11.300000190734863","42765","1774453432797"
"766","2026-03-25 12:44:52","40.45","33","945.8000000000001","3860","4828","-22.82224464416504","-47.065643310546875","625.2","-98","11.5","42766","1774453492817"
"767","2026-03-25 12:45:52","40.11","33.5","945.76","3900","4924","-22.822248458862305","-47.065673828125","626.2","-99","10.800000190734863","42767","1774453552819"
"768","2026-03-25 12:46:52","39.76","33.5","945.74","3920","5108","-22.8222713470459","-47.0656623840332","633","-98","11","42768","1774453612816"
"769","2026-03-25 12:47:52","39.48","34","945.66","3920","5332","-22.82225799560547","-47.065635681152344","640.7","-98","11.5","42769","1774453672808"
"770","2026-03-25 12:48:52","39.24","34","945.64","3920","5636","-22.82225227355957","-47.065643310546875","635.2","-98","11.300000190734863","42770","1774453732808"
"771","2026-03-25 12:49:52","39.69","33.5","945.6","3920","6928","-22.822233200073242","-47.06562423706055","635.4000000000001","-98","10.5","42771","1774453792821"
"772","2026-03-25 12:50:52","40.48","32.5","945.6","3940","7024","-22.8222599029541","-47.06560516357422","632.5","-99","10.800000190734863","42772","1774453852784"
"773","2026-03-25 12:51:52","41.13","31.5","945.54","3920","6700","-22.822261810302734","-47.06558609008789","638.4000000000001","-99","10.300000190734863","42773","1774453912803"
"774","2026-03-25 12:52:52","41.74","30.5","945.52","3920","6268","-22.822261810302734","-47.06559371948242","629.4000000000001","-98","11","42774","1774453972814"
"775","2026-03-25 12:53:52","42.17","30","945.46","3920","6044","-22.822256088256836","-47.065589904785156","631.4000000000001","-98","11.300000190734863","42775","1774454032801"
"776","2026-03-25 12:54:52","42.54","29.5","945.4200000000001","3940","6092","-22.822248458862305","-47.06560516357422","633.5","-98","11","42776","1774454092811"
"777","2026-03-25 12:55:52","42.85","29","945.46","3940","5444","-22.822256088256836","-47.06559371948242","645","-98","11","42777","1774454152816"
"778","2026-03-25 12:56:52","42.7","29.5","945.46","3920","5316","-22.822246551513672","-47.06561279296875","642","-98","11","42778","1774454212813"
"779","2026-03-25 12:57:52","43.1","29","945.4","3940","5736","-22.82225227355957","-47.065616607666016","642.7","-98","11","42779","1774454272822"
"780","2026-03-25 12:58:52","43.34","29.5","945.44","3940","5380","-22.822254180908203","-47.06560134887695","651.5","-100","10.300000190734863","42780","1774454332782"
"781","2026-03-25 12:59:52","43.2","29","945.44","3940","4944","-22.822263717651367","-47.06563949584961","647.9000000000001","-98","10.800000190734863","42781","1774454392776"
"782","2026-03-25 13:00:52","42.92","29.5","945.4200000000001","3940","5108","-22.822246551513672","-47.06565856933594","634.2","-98","11.5","42782","1774454452794"
"783","2026-03-25 13:01:52","43.04","29","945.4","3940","5672","-22.82225227355957","-47.06562042236328","641.7","-98","11.800000190734863","42783","1774454512808"
"784","2026-03-25 13:02:52","43.48","29","945.4200000000001","3920","6000","-22.822261810302734","-47.06562423706055","646.9000000000001","-100","10.300000190734863","42784","1774454572826"
"785","2026-03-25 13:03:52","44.02","28.5","945.4200000000001","3940","6400","-22.82222557067871","-47.06562423706055","646","-98","11","42785","1774454632813"
"786","2026-03-25 13:04:52","44.35","28","945.48","3940","5956","-22.822208404541016","-47.06562423706055","641","-100","10.300000190734863","42786","1774454692822"
"787","2026-03-25 13:05:52","43.93","28","945.4","3940","6632","-22.822216033935547","-47.06565856933594","632.7","-103","8.800000190734863","42787","1774454752826"
"788","2026-03-25 13:06:52","44.34","28","945.38","3940","7612","-22.82221794128418","-47.065673828125","628.2","-99","10.5","42788","1774454812819"
"789","2026-03-25 13:07:52","44.03","28","945.38","3940","6644","-22.822221755981445","-47.06565475463867","631.7","-100","10.300000190734863","42789","1774454872814"
"790","2026-03-25 13:08:52","43.47","29","945.3000000000001","3940","6596","-22.82220458984375","-47.06565475463867","631","-99","10.300000190734863","42790","1774454932820"
"791","2026-03-25 13:09:52","43.07","28.5","945.28","3940","6936","-22.822219848632812","-47.065670013427734","627","-99","10.800000190734863","42791","1774454992813"
"792","2026-03-25 13:10:52","42.67","30.5","945.32","3940","6976","-22.822202682495117","-47.0656623840332","623.7","-100","10.300000190734863","42792","1774455052808"
"793","2026-03-25 13:11:52","42.19","30.5","945.28","3940","6628","-22.822250366210938","-47.0656852722168","625","-99","10.800000190734863","42793","1774455112823"
"794","2026-03-25 13:12:52","41.72","31","945.26","3940","6492","-22.82227897644043","-47.06569290161133","626","-102","9","42794","1774455172813"
"795","2026-03-25 13:13:52","41.3","31","945.22","3940","6620","-22.822261810302734","-47.06568145751953","626.7","-99","10.800000190734863","42795","1774455232783"
"796","2026-03-25 13:14:52","41.21","31.5","945.22","3940","7116","-22.82219123840332","-47.06564712524414","637.7","-101","10","42796","1774455292822"
"797","2026-03-25 13:15:52","41.17","31","945.14","3940","7440","-22.822168350219727","-47.06562423706055","644.5","-101","9.800000190734863","42797","1774455352830"
"798","2026-03-25 13:16:52","40.82","31.5","945.12","3940","7528","-22.822185516357422","-47.065643310546875","633.4000000000001","-100","10.300000190734863","42798","1774455412832"
"799","2026-03-25 13:17:52","40.82","31.5","945.12","3940","8084","-22.822219848632812","-47.06558609008789","647.2","-100","10.300000190734863","42799","1774455472820"
"800","2026-03-25 13:18:52","41.3","30.5","945.12","3940","8544","-22.822248458862305","-47.065547943115234","666.7","-100","10.300000190734863","42800","1774455532821"
"801","2026-03-25 13:19:52","41.93","30","945.1","3940","8524","-22.822227478027344","-47.065574645996094","658.7","-102","9.5","42801","1774455592829"
"802","2026-03-25 13:20:52","42.43","29","945.08","3940","8172","-22.82225227355957","-47.065616607666016","643.9000000000001","-99","10.5","42802","1774455652820"
"803","2026-03-25 13:21:52","42.89","28.5","945.08","3940","7868","-22.8222713470459","-47.065635681152344","636","-101","9.800000190734863","42803","1774455712828"
"804","2026-03-25 13:22:52","43.3","28","945.1","3940","7440","-22.8222599029541","-47.06563949584961","634.9000000000001","-98","10.800000190734863","42804","1774455772810"
"805","2026-03-25 13:23:52","43.62","28","945.1","3940","7256","-22.82233428955078","-47.0656852722168","631.2","-98","11","42805","1774455832822"
"806","2026-03-25 13:24:52","43.59","27.5","945.08","3940","6144","-22.822420120239258","-47.06569290161133","640.2","-102","8.800000190734863","42806","1774455892815"
"807","2026-03-25 13:25:52","43.08","28","945.08","3940","5332","-22.822301864624023","-47.06565475463867","644.4000000000001","-98","11.5","42807","1774455952818"
"808","2026-03-25 13:26:52","43.27","28.5","945.0600000000001","3940","5940","-22.8222713470459","-47.065650939941406","645","-98","10.5","42808","1774456012826"
"809","2026-03-25 13:27:52","43.53","28","945.08","3940","5976","-22.822248458862305","-47.06562805175781","651.7","-99","10.800000190734863","42809","1774456072824"
"810","2026-03-25 13:28:52","43.87","27.5","945.14","3940","5984","-22.822269439697266","-47.065643310546875","652","-102","9","42810","1774456132824"
"811","2026-03-25 13:29:52","44.16","27","945.1","3920","6096","-22.822275161743164","-47.065650939941406","645.7","-105","7.300000190734863","42811","1774456192820"
"812","2026-03-25 13:30:52","44.17","27.5","945.1","3900","5936","-22.822301864624023","-47.0656852722168","637","-102","9.5","42812","1774456252823"
"813","2026-03-25 13:31:52","44.23","27","945.04","3900","5596","-22.82231903076172","-47.06568145751953","642.9000000000001","-98","10.800000190734863","42813","1774456312820"
"814","2026-03-25 13:32:52","44.38","27","945.08","3920","5348","-22.822317123413086","-47.06565475463867","631.7","-100","10.300000190734863","42814","1774456372815"
"815","2026-03-25 13:33:52","44.57","27","945.0600000000001","3920","5172","-22.822301864624023","-47.065677642822266","623.7","-98","11.800000190734863","42815","1774456432809"
"816","2026-03-25 13:34:52","44.6","26.5","945.1","3900","5020","-22.82238006591797","-47.06563949584961","636","-100","10","42816","1774456492821"
"817","2026-03-25 13:35:52","44.55","27","945.08","3900","4888","-22.822372436523438","-47.06564712524414","632.9000000000001","-99","10.800000190734863","42817","1774456552823"
"818","2026-03-25 13:36:52","44.45","27","945.02","3900","4828","-22.822322845458984","-47.065677642822266","630.5","-99","10.5","42818","1774456612819"
"819","2026-03-25 13:37:52","44.46","27","945.04","3900","4480","-22.822275161743164","-47.06565856933594","622.7","-99","10.5","42819","1774456672810"
"820","2026-03-25 13:38:52","44.45","27","945.08","3900","4992","-22.822307586669922","-47.065673828125","611.4","-101","9","42820","1774456732827"
"821","2026-03-25 13:39:52","44.42","27","945.1","3900","5156","-22.822282791137695","-47.06566619873047","615.5","-103","8.800000190734863","42821","1774456792825"
"822","2026-03-25 13:40:52","44.18","27.5","945.2","3960","5856","-22.8222713470459","-47.065673828125","621.5","-104","7.800000190734863","42822","1774456852829"
"823","2026-03-25 13:41:52","43.92","27.5","945.14","3980","6292","-22.82227897644043","-47.065704345703125","621.9000000000001","-104","8","42823","1774456912821"
"824","2026-03-25 13:42:52","43.74","27.5","945.16","3880","5364","-22.822315216064453","-47.06573486328125","622","-100","10.300000190734863","42824","1774456972822"
"825","2026-03-25 13:43:52","42.97","28","945.16","3900","5444","-22.822298049926758","-47.065696716308594","623.2","-103","9","42825","1774457032824"
"826","2026-03-25 13:44:52","42.27","29","945.16","3940","5484","-22.82231330871582","-47.065677642822266","624.5","-97","11.800000190734863","42826","1774457092819"
"827","2026-03-25 13:45:52","41.48","30","945.24","3920","5624","-22.822275161743164","-47.065670013427734","626.9000000000001","-99","10.5","42827","1774457152822"
"828","2026-03-25 13:46:52","40.68","31","945.36","3920","5548","-22.822235107421875","-47.065650939941406","634.2","-102","8.800000190734863","42828","1774457212823"
"829","2026-03-25 13:47:52","39.94","32","945.5600000000001","3860","5052","-22.822242736816406","-47.0656852722168","634.5","-100","10.300000190734863","42829","1774457272822"
"830","2026-03-25 13:48:52","39.08","32.5","945.6","3920","4776","-22.822246551513672","-47.06569290161133","623","-108","4","42830","1774457332820"
"831","2026-03-25 13:49:52","38.06","34","945.58","3860","4780","-22.822288513183594","-47.065696716308594","614.2","-105","6.800000190734863","42831","1774457392831"
"832","2026-03-25 13:50:52","37.15","35","945.62","3940","4892","-22.82232093811035","-47.06570816040039","607.7","-107","5.5","42832","1774457452821"
"833","2026-03-25 13:51:52","36.39","36","945.6800000000001","3860","4916","-22.822288513183594","-47.06568908691406","612.9","-104","7.300000190734863","42833","1774457512823"
"834","2026-03-25 13:52:52","35.67","36.5","945.58","3940","4904","-22.82229232788086","-47.0656852722168","615.5","-104","7.800000190734863","42834","1774457572826"
"835","2026-03-25 13:53:52","34.92","37.5","945.52","3860","5084","-22.822282791137695","-47.065650939941406","622.9000000000001","-101","9.300000190734863","42835","1774457632835"
"836","2026-03-25 13:54:52","34.31","38.5","945.46","3940","5304","-22.822261810302734","-47.065643310546875","629.2","-103","8.5","42836","1774457692825"
"837","2026-03-25 13:55:52","33.8","38.5","945.36","3920","5452","-22.82221221923828","-47.0656623840332","625","-98","10.800000190734863","42837","1774457752838"
"838","2026-03-25 13:56:52","33.44","39","945.38","3940","5544","-22.822235107421875","-47.06566619873047","630.2","-98","11.5","42838","1774457812823"
"839","2026-03-25 13:57:52","33.09","39.5","945.36","3900","5620","-22.822246551513672","-47.065670013427734","625.9000000000001","-100","10.300000190734863","42839","1774457872799"
"840","2026-03-25 13:58:52","32.76","40","945.34","3840","5680","-22.82224464416504","-47.0656623840332","624.7","-104","7.800000190734863","42840","1774457932823"
"841","2026-03-25 13:59:52","32.42","40","945.4200000000001","3940","5604","-22.822250366210938","-47.0656623840332","628.7","-99","10.5","42841","1774457992791"
"842","2026-03-25 14:00:52","32.09","40.5","945.4200000000001","3920","5360","-22.822275161743164","-47.06565475463867","632","-100","10.300000190734863","42842","1774458052828"
"843","2026-03-25 14:01:52","31.67","41","945.4200000000001","3920","5264","-22.82229232788086","-47.065677642822266","624.7","-101","9.5","42843","1774458112818"
"844","2026-03-25 14:02:52","31.33","41.5","945.46","3900","5216","-22.8222599029541","-47.06566619873047","627","-102","9.300000190734863","42844","1774458172823"
"845","2026-03-25 14:03:52","30.98","42","945.5","3920","5288","-22.82222557067871","-47.06563949584961","630.5","-99","10.5","42845","1774458232826"
"846","2026-03-25 14:04:52","30.66","42.5","945.48","3860","5484","-22.8222713470459","-47.065673828125","618.5","-102","8.800000190734863","42846","1774458292818"
"847","2026-03-25 14:05:52","30.37","43","945.46","3920","5552","-22.822282791137695","-47.06568145751953","608.5","-100","10.300000190734863","42847","1774458352832"
"848","2026-03-25 14:06:52","30.11","43.5","945.48","3920","5600","-22.822263717651367","-47.0656623840332","609.2","-101","9.5","42848","1774458412833"
"849","2026-03-25 14:07:52","29.89","43.5","945.4200000000001","3860","5756","-22.82224464416504","-47.0656623840332","612.7","-100","10.300000190734863","42849","1774458472827"
"850","2026-03-25 14:08:52","29.71","43.5","945.4200000000001","3920","5868","-22.822221755981445","-47.065650939941406","620.7","-100","10","42850","1774458532829"
"851","2026-03-25 14:09:52","29.57","44","945.46","3880","6048","-22.822193145751953","-47.06562423706055","629.2","-100","9.800000190734863","42851","1774458592821"
"852","2026-03-25 14:10:52","29.47","44","945.4","3940","6248","-22.822195053100586","-47.06563186645508","629.2","-104","7.800000190734863","42852","1774458652817"
"853","2026-03-25 14:11:52","29.38","44","945.34","3920","6264","-22.822216033935547","-47.065635681152344","622.5","-100","10.300000190734863","42853","1774458712817"
"854","2026-03-25 14:12:52","29.33","44","945.36","3900","6180","-22.822202682495117","-47.06563949584961","622.5","-100","10","42854","1774458772821"
"855","2026-03-25 14:13:52","29.3","44","945.3000000000001","3920","6028","-22.82221794128418","-47.065643310546875","621.5","-99","10.800000190734863","42855","1774458832828"
"856","2026-03-25 14:14:52","29.27","43.5","945.22","3940","5928","-22.82221794128418","-47.06563949584961","622.5","-100","10.300000190734863","42856","1774458892828"
"857","2026-03-25 14:15:52","29.25","43.5","945.16","3940","5968","-22.822227478027344","-47.06563949584961","624.2","-99","10.5","42857","1774458952835"
"858","2026-03-25 14:16:52","29.22","43.5","945.14","3900","6052","-22.822214126586914","-47.06565856933594","625.5","-99","10.5","42858","1774459012827"
"859","2026-03-25 14:17:52","29.2","43.5","945.12","3960","6124","-22.822229385375977","-47.06564712524414","625","-99","10.5","42859","1774459072852"
"860","2026-03-25 14:18:52","29.23","43.5","945.1800000000001","3960","6124","-22.822235107421875","-47.06563949584961","621","-100","10.300000190734863","42860","1774459132828"
"861","2026-03-25 14:19:52","29.29","43","945.14","3900","6148","-22.822242736816406","-47.06562423706055","621","-100","10","42861","1774459192808"
"862","2026-03-25 14:20:52","29.4","43","945.16","3900","6200","-22.822233200073242","-47.065650939941406","618.7","-100","10.300000190734863","42862","1774459252827"
"863","2026-03-25 14:21:52","29.52","42.5","945.16","3920","6308","-22.82222557067871","-47.065650939941406","622","-100","10.5","42863","1774459312816"
"864","2026-03-25 14:22:52","29.68","42.5","945.12","3900","6568","-22.822206497192383","-47.065635681152344","623","-100","10.300000190734863","42864","1774459372829"
"865","2026-03-25 14:23:52","29.9","42","945.04","3920","6896","-22.82221221923828","-47.06564712524414","618.7","-100","10","42865","1774459432828"
"866","2026-03-25 14:24:52","30.18","41.5","945.02","3920","7052","-22.822240829467773","-47.0656852722168","616","-100","10.300000190734863","42866","1774459492822"
"867","2026-03-25 14:25:52","30.49","41","944.96","3920","7164","-22.82221031188965","-47.065670013427734","626.2","-100","10.300000190734863","42867","1774459552821"
"868","2026-03-25 14:26:52","30.88","40.5","944.9200000000001","3920","7128","-22.822200775146484","-47.065677642822266","629.7","-100","10.5","42868","1774459612825"
"869","2026-03-25 14:27:52","31.25","40","944.9","3920","7168","-22.822174072265625","-47.06565856933594","639.7","-99","10.300000190734863","42869","1774459672833"
"870","2026-03-25 14:28:52","31.64","39.5","944.88","3920","6992","-22.82217788696289","-47.06564712524414","637.2","-100","10.300000190734863","42870","1774459732821"
"871","2026-03-25 14:29:52","31.96","38.5","944.84","3940","6744","-22.822168350219727","-47.06561279296875","646.7","-100","10.300000190734863","42871","1774459792817"
"872","2026-03-25 14:30:52","32.09","38.5","944.82","3940","6564","-22.822179794311523","-47.06563949584961","637.2","-101","9.5","42872","1774459852826"
"873","2026-03-25 14:31:52","32.17","38.5","944.8000000000001","3920","6304","-22.822179794311523","-47.06563949584961","640.9000000000001","-101","9.800000190734863","42873","1774459912818"
"874","2026-03-25 14:32:52","32.3","38.5","944.78","3940","6632","-22.82219123840332","-47.06562423706055","635.2","-100","9.800000190734863","42874","1774459972833"
"875","2026-03-25 14:33:52","32.66","38","944.7","3920","6872","-22.822208404541016","-47.06562805175781","624.4000000000001","-101","10","42875","1774460032831"
"876","2026-03-25 14:34:52","33.1","37.5","944.66","3940","6876","-22.82221794128418","-47.065635681152344","617.7","-100","10.5","42876","1774460092823"
"877","2026-03-25 14:35:52","33.43","37.5","944.64","3920","6748","-22.82222557067871","-47.06566619873047","615.2","-100","10.300000190734863","42877","1774460152821"
"878","2026-03-25 14:36:52","33.69","37","944.62","3940","6984","-22.82221794128418","-47.065673828125","626.2","-100","10.300000190734863","42878","1774460212831"
"879","2026-03-25 14:37:52","34.01","36.5","944.62","3920","7056","-22.822219848632812","-47.065677642822266","628.7","-100","10.300000190734863","42879","1774460272794"
"880","2026-03-25 14:38:52","34.12","37","944.6","3920","7360","-22.82222557067871","-47.06568145751953","625.2","-100","9.800000190734863","42880","1774460332826"
"881","2026-03-25 14:39:52","34.51","36.5","944.58","3900","6968","-22.82221221923828","-47.06565475463867","625.4000000000001","-100","10.300000190734863","42881","1774460392832"
"882","2026-03-25 14:40:52","34.99","35.5","944.58","3900","7180","-22.822233200073242","-47.06566619873047","620.5","-100","10.300000190734863","42882","1774460452829"
"883","2026-03-25 14:41:52","35.49","35.5","944.54","3880","7140","-22.822246551513672","-47.06569290161133","614.5","-100","10","42883","1774460512844"
"884","2026-03-25 14:42:52","35.94","35","944.52","3960","7172","-22.82223892211914","-47.0656852722168","622.5","-100","10","42884","1774460572818"
"885","2026-03-25 14:43:52","36.37","34.5","944.52","3900","7220","-22.822235107421875","-47.06568145751953","618.2","-101","10","42885","1774460632824"
"886","2026-03-25 14:44:52","36.76","34","944.5","3900","7200","-22.822242736816406","-47.065670013427734","615.2","-100","10","42886","1774460692818"
"887","2026-03-25 14:45:52","37.13","34","944.46","3880","7224","-22.822242736816406","-47.06568145751953","616","-101","9.300000190734863","42887","1774460752817"
"888","2026-03-25 14:46:52","37.52","33.5","944.4200000000001","3880","7252","-22.822235107421875","-47.06568145751953","613","-101","9.300000190734863","42888","1774460812813"
"889","2026-03-25 14:47:52","37.9","33","944.4200000000001","3900","7304","-22.822242736816406","-47.06568908691406","609.7","-101","9.5","42889","1774460872830"
"890","2026-03-25 14:48:52","38.3","33","944.46","3940","7136","-22.822237014770508","-47.065677642822266","607.5","-101","9.5","42890","1774460932826"
"891","2026-03-25 14:49:52","38.56","32.5","944.5","3920","7412","-22.822237014770508","-47.06570053100586","613.4","-103","8.800000190734863","42891","1774460992829"
"892","2026-03-25 14:50:52","38.98","32.5","944.54","3940","7440","-22.822229385375977","-47.06570053100586","612.4","-103","8.300000190734863","42892","1774461052831"
"893","2026-03-25 14:51:52","39.38","32","944.48","3880","7360","-22.822216033935547","-47.06569290161133","616.9000000000001","-102","9","42893","1774461112825"
"894","2026-03-25 14:52:52","39.84","31.5","944.5","3920","7232","-22.822216033935547","-47.065711975097656","624.4000000000001","-100","10.300000190734863","42894","1774461172819"
"895","2026-03-25 14:53:52","40.28","31.5","944.4200000000001","3900","6748","-22.82221031188965","-47.06568145751953","616.5","-101","9.800000190734863","42895","1774461232828"
"896","2026-03-25 14:54:52","40.65","31","944.4","3880","6836","-22.82221031188965","-47.06571578979492","614.7","-100","10.5","42896","1774461292821"
"897","2026-03-25 14:55:52","41.11","30.5","944.38","3860","6660","-22.822206497192383","-47.06568145751953","620","-100","10","42897","1774461352829"
"898","2026-03-25 14:56:52","41.23","30.5","944.4","3860","5300","-22.82221794128418","-47.0656623840332","613.2","-101","10","42898","1774461412828"
"899","2026-03-25 14:57:52","40.83","31","944.38","3920","4996","-22.822233200073242","-47.06565856933594","613","-101","10","42899","1774461472827"
"900","2026-03-25 14:58:52","40.52","32","944.38","3940","5020","-22.82221221923828","-47.06566619873047","618.2","-101","9.800000190734863","42900","1774461532810"
"901","2026-03-25 14:59:52","40.2","32.5","944.38","3900","4704","-22.822229385375977","-47.065673828125","625","-103","8.800000190734863","42901","1774461592824"
"902","2026-03-25 15:00:52","39.78","33","944.44","3860","4612","-22.822240829467773","-47.06565856933594","634.5","-101","9.5","42902","1774461652824"
"903","2026-03-25 15:01:52","39.44","33.5","944.46","3920","4872","-22.82225227355957","-47.065673828125","635.2","-101","9.5","42903","1774461712849"
"904","2026-03-25 15:02:52","39.34","34","944.4","3860","4524","-22.82224464416504","-47.06568908691406","636.2","-103","8.800000190734863","42904","1774461772783"
"905","2026-03-25 15:09:52","39.23","33.5","944.48","3920","3388","-22.822248458862305","-47.0656623840332","621.7","-103","8.5","42911","1774462192822"
"906","2026-03-25 15:10:52","38.66","34.5","944.5","3940","3252","-22.822261810302734","-47.065650939941406","635.7","-101","9.800000190734863","42912","1774462252779"
"907","2026-03-25 15:11:52","38.24","35","944.48","3940","3212","-22.822240829467773","-47.065635681152344","635.9000000000001","-99","10.300000190734863","42913","1774462312846"
"908","2026-03-25 15:12:52","37.79","35.5","944.4200000000001","3940","3136","-22.822229385375977","-47.065650939941406","629.2","-102","9.5","42914","1774462372886"
"909","2026-03-25 15:13:52","37.39","36","944.4","3940","3392","-22.822246551513672","-47.065670013427734","621.5","-103","8.800000190734863","42915","1774462432811"
"910","2026-03-25 15:14:52","37.29","36","944.34","3940","3944","-22.82223892211914","-47.065673828125","623","-100","10","42916","1774462492823"
"911","2026-03-25 15:15:52","37.74","35.5","944.36","3920","4396","-22.822250366210938","-47.065670013427734","620","-102","9","42917","1774462552861"
"912","2026-03-25 15:16:52","38.18","34.5","944.32","3940","4244","-22.822248458862305","-47.065673828125","622.5","-102","9","42918","1774462612841"
"913","2026-03-25 15:17:52","38.4","34","944.32","3920","4344","-22.822233200073242","-47.065670013427734","623.2","-101","9.800000190734863","42919","1774462672838"
"914","2026-03-25 15:18:52","38.57","34","944.32","3920","4372","-22.822223663330078","-47.065673828125","616","-100","10.5","42920","1774462732819"
"915","2026-03-25 15:19:52","38.86","33.5","944.32","3940","5324","-22.822242736816406","-47.06564712524414","625.2","-103","8.5","42921","1774462792833"
"916","2026-03-25 15:20:52","39.36","32.5","944.28","3940","5464","-22.82227325439453","-47.06564712524414","631.4000000000001","-101","9.5","42922","1774462852844"
"917","2026-03-25 15:21:52","39.85","32","944.26","3940","5596","-22.822275161743164","-47.065616607666016","636.5","-104","8.5","42923","1774462912788"
"918","2026-03-25 15:22:52","40.32","31","944.22","3940","5688","-22.82227897644043","-47.065635681152344","631.2","-100","10.5","42924","1774462972839"
"919","2026-03-25 15:23:52","40.61","31","944.24","3940","5752","-22.822284698486328","-47.06565475463867","631.5","-101","10.300000190734863","42925","1774463032850"
"920","2026-03-25 15:24:52","40.89","30.5","944.26","3940","5768","-22.822290420532227","-47.065650939941406","630.7","-101","9.5","42926","1774463092828"
"921","2026-03-25 15:25:52","40.97","30.5","944.24","3940","5320","-22.82227325439453","-47.0656623840332","632.9000000000001","-104","7.5","42927","1774463152834"
"922","2026-03-25 15:26:52","40.73","30.5","944.22","3920","5136","-22.822246551513672","-47.06565475463867","631.7","-102","9.5","42928","1774463212812"
"923","2026-03-25 15:27:52","40.24","31","944.1800000000001","3900","5056","-22.822246551513672","-47.06563949584961","630.5","-100","10.300000190734863","42929","1774463272849"
"924","2026-03-25 15:28:52","39.57","32","944.2","3900","5108","-22.822254180908203","-47.065635681152344","630","-107","5.800000190734863","42930","1774463332787"
"925","2026-03-25 15:29:52","38.95","33","944.2","3900","5320","-22.822242736816406","-47.06564712524414","628.2","-105","7.5","42931","1774463392820"
"926","2026-03-25 15:30:52","38.44","33.5","944.2","3900","5584","-22.82223892211914","-47.0656623840332","623.7","-103","8.5","42932","1774463452796"
"927","2026-03-25 15:31:52","37.99","34.5","944.1800000000001","3900","5728","-22.822242736816406","-47.06564712524414","624.9000000000001","-104","8.300000190734863","42933","1774463512821"
"928","2026-03-25 15:32:52","37.6","35","944.1","3940","5720","-22.822261810302734","-47.0656623840332","626.7","-103","9","42934","1774463572826"
"929","2026-03-25 15:33:52","37.25","35.5","944.14","3900","5568","-22.8222599029541","-47.06565856933594","627.7","-101","10.5","42935","1774463632831"
"930","2026-03-25 15:34:52","36.93","36","944.08","3940","5508","-22.822256088256836","-47.06565856933594","629.7","-100","10.5","42936","1774463692848"
"931","2026-03-25 15:35:52","36.66","36","944.04","3880","5440","-22.822248458862305","-47.065643310546875","629.2","-101","9.800000190734863","42937","1774463752845"
"932","2026-03-25 15:36:52","36.39","36.5","944","3900","5392","-22.822248458862305","-47.065643310546875","625.5","-103","8.800000190734863","42938","1774463812857"
"933","2026-03-25 15:37:52","36.2","37","944.02","3940","5544","-22.822223663330078","-47.065643310546875","618","-102","9.800000190734863","42939","1774463872849"
"934","2026-03-25 15:38:52","36.11","37","944","3900","5560","-22.82223892211914","-47.06562805175781","631.7","-102","9","42940","1774463932838"
"935","2026-03-25 15:39:52","36.05","37","943.98","3940","5460","-22.82223892211914","-47.065608978271484","634","-101","9.300000190734863","42941","1774463992843"
"936","2026-03-25 15:40:52","36.17","36.5","943.94","3940","6000","-22.82225799560547","-47.06562423706055","639.2","-100","10.300000190734863","42942","1774464052826"
"937","2026-03-25 15:41:52","36.56","36","943.9200000000001","3940","6296","-22.822277069091797","-47.065608978271484","635.5","-102","9.300000190734863","42943","1774464112847"
"938","2026-03-25 15:42:52","36.97","35","943.9200000000001","3920","6128","-22.822267532348633","-47.06563186645508","629.5","-101","10.300000190734863","42944","1774464172825"
"939","2026-03-25 15:43:52","37.37","34.5","943.9","3880","6180","-22.822248458862305","-47.065670013427734","619.5","-100","10.5","42945","1774464232831"
"940","2026-03-25 15:44:52","37.71","34","943.9","3960","6152","-22.82225227355957","-47.065670013427734","622.7","-103","9","42946","1774464292844"
"941","2026-03-25 15:45:52","37.98","33.5","943.9200000000001","3920","6144","-22.822242736816406","-47.065635681152344","621.7","-102","9","42947","1774464352820"
"942","2026-03-25 15:46:52","38.05","33","943.9200000000001","3940","6120","-22.82223892211914","-47.06562423706055","625.9000000000001","-102","9","42948","1774464412853"
"943","2026-03-25 15:47:52","37.85","33.5","943.9200000000001","3860","6140","-22.822246551513672","-47.06565856933594","621.9000000000001","-98","11.300000190734863","42949","1774464472830"
"944","2026-03-25 15:48:52","37.5","34","943.86","3880","6156","-22.822240829467773","-47.06563949584961","624.9000000000001","-101","10.300000190734863","42950","1774464532823"
"945","2026-03-25 15:49:52","37.04","34.5","943.86","3920","6128","-22.82223892211914","-47.065608978271484","629.5","-103","8.5","42951","1774464592827"
"946","2026-03-25 15:50:52","36.55","35","943.82","3880","6096","-22.822250366210938","-47.06560134887695","631.9000000000001","-101","10.5","42952","1774464652817"
"947","2026-03-25 15:51:52","36.11","36","943.82","3940","6088","-22.8222599029541","-47.06561279296875","632","-102","9.800000190734863","42953","1774464712807"
"948","2026-03-25 15:52:52","35.79","36.5","943.84","3880","6084","-22.822267532348633","-47.06563186645508","631.4000000000001","-105","7.300000190734863","42954","1774464772811"
"949","2026-03-25 15:53:52","35.56","36.5","943.86","3900","6064","-22.822265625","-47.065643310546875","633.4000000000001","-102","9","42955","1774464832820"
"950","2026-03-25 15:54:52","35.32","37","943.84","3900","6016","-22.8222599029541","-47.06563186645508","629.5","-101","9.300000190734863","42956","1774464892817"
"951","2026-03-25 15:55:52","35.1","37","943.8000000000001","3940","5892","-22.822261810302734","-47.06564712524414","624.5","-100","10.5","42957","1774464952846"
"952","2026-03-25 15:56:52","34.85","37","943.8000000000001","3920","5620","-22.822240829467773","-47.06560516357422","631.9000000000001","-102","9.5","42958","1774465012811"
"953","2026-03-25 15:57:52","34.59","37.5","943.86","3960","5748","-22.82222557067871","-47.06562042236328","625.5","-101","10.5","42959","1774465072820"
"954","2026-03-25 15:58:52","34.34","37.5","943.86","3960","5596","-22.822221755981445","-47.065650939941406","624","-104","8","42960","1774465132841"
"955","2026-03-25 15:59:52","34.1","38","943.82","3920","5540","-22.822242736816406","-47.06568145751953","618.7","-102","9.300000190734863","42961","1774465192815"
"956","2026-03-25 16:00:52","33.92","38","943.8000000000001","3900","5500","-22.822246551513672","-47.06566619873047","619","-100","10.300000190734863","42962","1774465252846"
"957","2026-03-25 16:01:52","33.76","38.5","943.86","3900","5480","-22.822246551513672","-47.065677642822266","618.7","-104","7.300000190734863","42963","1774465312823"
"958","2026-03-25 16:02:52","33.61","38.5","943.82","3860","5436","-22.822246551513672","-47.065643310546875","620","-100","10","42964","1774465372830"
"959","2026-03-25 16:03:52","33.44","38.5","943.86","3940","5340","-22.822233200073242","-47.06562423706055","624.7","-103","8.800000190734863","42965","1774465432837"
"960","2026-03-25 16:04:52","33.33","38.5","943.88","3900","5240","-22.822229385375977","-47.06562042236328","624.5","-102","9","42966","1774465492817"
"961","2026-03-25 16:05:52","33.22","39","943.88","3920","5184","-22.822227478027344","-47.06560516357422","628.2","-103","8.800000190734863","42967","1774465552829"
"962","2026-03-25 16:06:52","33.13","39","943.88","3880","5124","-22.82224464416504","-47.06562042236328","629.4000000000001","-103","9","42968","1774465612826"
"963","2026-03-25 16:07:52","33.04","39","943.94","3880","5104","-22.822261810302734","-47.065643310546875","627","-105","7","42969","1774465672831"
"964","2026-03-25 16:08:52","32.99","39","943.96","3940","5036","-22.822250366210938","-47.06563186645508","626.9000000000001","-99","10.5","42970","1774465732835"
"965","2026-03-25 16:09:52","32.95","39","943.98","3880","4928","-22.822237014770508","-47.06559753417969","630","-102","9","42971","1774465792833"
"966","2026-03-25 16:10:52","32.91","39","943.98","3920","4784","-22.822242736816406","-47.06563186645508","626.2","-104","7.5","42972","1774465852778"
"967","2026-03-25 16:11:52","32.87","39","944.02","3860","4608","-22.822227478027344","-47.06562042236328","625.5","-101","9.800000190734863","42973","1774465912849"
"968","2026-03-25 16:12:52","32.8","39","943.98","3920","4448","-22.82224464416504","-47.065635681152344","619","-102","9.300000190734863","42974","1774465972817"
"969","2026-03-25 16:13:52","32.72","39","943.98","3880","4312","-22.8222599029541","-47.06568145751953","613","-100","10.5","42975","1774466032824"
"970","2026-03-25 16:14:52","32.68","39","943.98","3920","4124","-22.822263717651367","-47.065670013427734","614.9000000000001","-102","9","42976","1774466092835"
"971","2026-03-25 16:15:52","32.68","39.5","944.02","3900","4040","-22.822267532348633","-47.06568145751953","610.5","-104","7.800000190734863","42977","1774466152811"
"972","2026-03-25 16:16:52","32.67","39.5","944.02","3880","3984","-22.82224464416504","-47.06566619873047","609.2","-103","9","42978","1774466212825"
"973","2026-03-25 16:17:52","32.64","39.5","944.04","3960","3920","-22.822254180908203","-47.06566619873047","611","-103","8.800000190734863","42979","1774466272819"
"974","2026-03-25 16:18:52","32.61","39.5","944.02","3860","3820","-22.822246551513672","-47.0656852722168","607.5","-104","8","42980","1774466332832"
"975","2026-03-25 16:19:52","32.6","39.5","944.02","3940","3984","-22.822248458862305","-47.065696716308594","606.2","-102","8.800000190734863","42981","1774466392845"
"976","2026-03-25 16:20:52","32.59","39.5","944.04","3880","4060","-22.822301864624023","-47.06569290161133","614.4000000000001","-103","9","42982","1774466452780"
"977","2026-03-25 16:21:52","32.59","39.5","944.0600000000001","3880","4012","-22.822296142578125","-47.06568145751953","618.2","-105","7","42983","1774466512817"
"978","2026-03-25 16:22:52","32.59","39.5","944.1","3900","4152","-22.82233238220215","-47.06570816040039","617.7","-103","8.5","42984","1774466572829"
"979","2026-03-25 16:23:52","32.6","39.5","944.1","3940","4164","-22.822343826293945","-47.06572723388672","614.2","-102","9","42985","1774466632820"
"980","2026-03-25 16:24:52","32.6","39.5","944.0600000000001","3900","4136","-22.822338104248047","-47.065731048583984","615","-103","9","42986","1774466692824"
"981","2026-03-25 16:25:52","32.59","39","944.0600000000001","3860","4092","-22.822311401367188","-47.06570816040039","614.5","-102","9","42987","1774466752848"
"982","2026-03-25 16:26:52","32.61","39.5","944.08","3940","4048","-22.822307586669922","-47.065704345703125","615.9000000000001","-104","8.5","42988","1774466812817"
"983","2026-03-25 16:27:52","32.59","39","944.08","3900","4024","-22.822298049926758","-47.06568908691406","617.9000000000001","-100","10.300000190734863","42989","1774466872829"
"984","2026-03-25 16:28:52","32.58","39","944.08","3900","4028","-22.82231903076172","-47.06570816040039","616.7","-101","10.300000190734863","42990","1774466932832"
"985","2026-03-25 16:29:52","32.59","39","944.0600000000001","3880","4024","-22.82223892211914","-47.06559371948242","639.2","-101","10","42991","1774466992788"
"986","2026-03-25 16:30:52","32.59","39","944.08","3960","3984","-22.822233200073242","-47.06558609008789","640.7","-103","8.800000190734863","42992","1774467052812"
"987","2026-03-25 16:31:52","32.6","39","944.0600000000001","3940","3960","-22.822246551513672","-47.06559753417969","638","-104","8.5","42993","1774467112827"
"988","2026-03-25 16:32:52","32.62","39","944.0600000000001","3920","3936","-22.82223892211914","-47.06559753417969","635","-102","9.5","42994","1774467172821"
"989","2026-03-25 16:33:52","32.63","39","944.04","3940","3932","-22.82227897644043","-47.06565475463867","624.9000000000001","-102","9.300000190734863","42995","1774467232844"
"990","2026-03-25 16:34:52","32.66","39","944.08","3900","3912","-22.822250366210938","-47.06566619873047","619.9000000000001","-105","6.800000190734863","42996","1774467292819"
"991","2026-03-25 16:35:52","32.65","39","944.14","3900","3860","-22.822233200073242","-47.06564712524414","625.7","-103","8.800000190734863","42997","1774467352831"
"992","2026-03-25 16:36:52","32.63","39","944.14","3920","3812","-22.822216033935547","-47.065643310546875","626","-106","6.300000190734863","42998","1774467412824"
"993","2026-03-25 16:37:52","32.58","39","944.14","3900","3768","-22.82222557067871","-47.06564712524414","626.4000000000001","-109","3.799999952316284","42999","1774467472822"
"994","2026-03-25 16:38:52","32.48","39.5","944.12","3880","3712","-22.822235107421875","-47.065673828125","622.4000000000001","-107","5.5","43000","1774467532820"
"995","2026-03-25 16:39:52","32.38","39.5","944.12","3940","3684","-22.822229385375977","-47.065677642822266","627","-104","8.300000190734863","43001","1774467592837"
"996","2026-03-25 16:40:52","32.26","39.5","944.14","3860","3280","-22.822221755981445","-47.06564712524414","628.9000000000001","-102","8.800000190734863","43002","1774467652828"
"997","2026-03-25 16:41:52","32.15","40","944.12","3920","3636","-22.82221221923828","-47.065635681152344","631.4000000000001","-101","9.5","43003","1774467712842"
"998","2026-03-25 16:42:52","32.08","40","944.14","3940","3544","-22.822235107421875","-47.06565856933594","625","-103","8.800000190734863","43004","1774467772852"
"999","2026-03-25 16:43:52","32.02","40","944.16","3940","3276","-22.82223892211914","-47.0656623840332","622","-100","10.300000190734863","43005","1774467832841"
"1000","2026-03-25 16:44:52","31.93","40.5","944.16","3960","3188","-22.822240829467773","-47.06568145751953","618.4000000000001","-104","8.800000190734863","43006","1774467892857"
"1001","2026-03-25 16:45:52","31.82","40.5","944.1800000000001","3960","3164","-22.822235107421875","-47.065673828125","619.7","-103","9","43007","1774467952836"
"1002","2026-03-25 16:46:52","31.73","40.5","944.2","3940","3164","-22.82224464416504","-47.065673828125","613.2","-104","8.300000190734863","43008","1774468012829"
"1003","2026-03-25 16:47:52","31.64","41","944.24","3900","3224","-22.822214126586914","-47.06565856933594","622.9000000000001","-109","3.799999952316284","43009","1774468072794"
"1004","2026-03-25 16:48:52","31.55","41","944.26","3920","2940","-22.822214126586914","-47.0656623840332","618.5","-103","8.800000190734863","43010","1774468132835"
"1005","2026-03-25 16:49:52","31.43","41","944.24","3880","2896","-22.82220458984375","-47.065643310546875","619.7","-102","9.300000190734863","43011","1774468192819"
"1006","2026-03-25 16:50:52","31.33","41","944.26","3920","3004","-22.822202682495117","-47.06565475463867","620","-104","8","43012","1774468252849"
"1007","2026-03-25 16:51:52","31.25","41.5","944.28","3900","3112","-22.82218360900879","-47.06563949584961","627.9000000000001","-104","8.300000190734863","43013","1774468312818"
"1008","2026-03-25 16:52:52","31.16","41.5","944.3000000000001","3900","3092","-22.82215118408203","-47.06562805175781","631.4000000000001","-103","9.300000190734863","43014","1774468372824"
"1009","2026-03-25 16:53:52","31.09","41.5","944.3000000000001","3920","3048","-22.822147369384766","-47.06561279296875","628.5","-101","10","43015","1774468432817"
"1010","2026-03-25 16:54:52","31.05","41.5","944.38","3920","3084","-22.822200775146484","-47.06564712524414","622.2","-100","10.5","43016","1774468492838"
"1011","2026-03-25 16:55:52","31.02","41.5","944.5","3900","3128","-22.82219696044922","-47.06565856933594","619.7","-105","6.800000190734863","43017","1774468552830"
"1012","2026-03-25 16:56:52","30.97","42","944.66","3860","3092","-22.82222557067871","-47.06568908691406","614.4000000000001","-102","9.5","43018","1774468612838"
"1013","2026-03-25 16:57:52","30.9","42","944.64","3880","3052","-22.822237014770508","-47.065677642822266","610.9","-101","10","43019","1774468672834"
"1014","2026-03-25 16:58:52","30.8","42","944.7","3920","2916","-22.822235107421875","-47.065677642822266","609.2","-102","9","43020","1774468732820"
"1015","2026-03-25 16:59:52","30.69","42","944.84","3840","2816","-22.822202682495117","-47.06563186645508","619.5","-99","11","43021","1774468792824"
"1016","2026-03-25 17:00:52","30.56","42.5","944.84","3920","2744","-22.822206497192383","-47.065643310546875","620.9000000000001","-99","11","43022","1774468852811"
"1017","2026-03-25 17:01:52","30.45","42.5","944.84","3880","2772","-22.82223892211914","-47.06565856933594","614","-99","10.800000190734863","43023","1774468912843"
"1018","2026-03-25 17:02:52","30.35","43","944.78","3900","2808","-22.82222557067871","-47.06562423706055","626","-98","11.800000190734863","43024","1774468972820"
"1019","2026-03-25 17:03:52","30.19","43","944.8000000000001","3920","2904","-22.82222557067871","-47.06562423706055","623.4000000000001","-103","8.800000190734863","43025","1774469032819"
"1020","2026-03-25 17:04:52","30.03","43.5","944.78","3880","2972","-22.822219848632812","-47.06562423706055","622.9000000000001","-102","9","43026","1774469092838"
"1021","2026-03-25 17:05:52","29.88","43.5","944.74","3880","2980","-22.822221755981445","-47.06563186645508","620.7","-99","11","43027","1774469152830"
"1022","2026-03-25 17:06:52","29.71","44","944.7","3920","2940","-22.822206497192383","-47.06562423706055","626.4000000000001","-99","10.800000190734863","43028","1774469212823"
"1023","2026-03-25 17:07:52","29.6","44","944.66","3860","2812","-22.822208404541016","-47.06563949584961","623.5","-98","11.300000190734863","43029","1774469272824"
"1024","2026-03-25 17:08:52","29.54","44","944.64","3880","2648","-22.822181701660156","-47.065650939941406","635","-99","10.800000190734863","43030","1774469332820"
"1025","2026-03-25 17:09:52","29.5","44","944.64","3860","2512","-22.822174072265625","-47.06563949584961","637.2","-101","10.300000190734863","43031","1774469392839"
"1026","2026-03-25 17:10:52","29.43","44","944.64","3940","2452","-22.82219696044922","-47.06562042236328","642.5","-97","12","43032","1774469452784"
"1027","2026-03-25 17:11:52","29.36","44.5","944.62","3880","2412","-22.822219848632812","-47.065643310546875","625.7","-99","10.5","43033","1774469512826"
"1028","2026-03-25 17:12:52","29.29","44.5","944.64","3920","2360","-22.822223663330078","-47.06565475463867","623.4000000000001","-100","10.800000190734863","43034","1774469572817"
"1029","2026-03-25 17:13:52","29.21","44.5","944.62","3860","2276","-22.822235107421875","-47.065643310546875","619.2","-98","11.300000190734863","43035","1774469632820"
"1030","2026-03-25 17:14:52","29.13","44.5","944.62","3940","2192","-22.822219848632812","-47.06562423706055","616.4000000000001","-99","10.800000190734863","43036","1774469692820"
"1031","2026-03-25 17:15:52","29.03","45","944.6","3860","2124","-22.82221221923828","-47.06563949584961","625","-99","10.5","43037","1774469752794"
"1032","2026-03-25 17:16:52","28.92","45","944.5600000000001","3880","2056","-22.82218360900879","-47.06561279296875","632.7","-98","11.300000190734863","43038","1774469812821"
"1033","2026-03-25 17:17:52","28.81","45","944.6","3880","2004","-22.82218360900879","-47.06560516357422","630.9000000000001","-97","12","43039","1774469872825"
"1034","2026-03-25 17:18:52","28.7","45.5","944.5600000000001","3920","1880","-22.82221794128418","-47.06562805175781","626","-98","11","43040","1774469932828"
"1035","2026-03-25 17:19:52","28.59","45.5","944.6","3860","1888","-22.822219848632812","-47.06562805175781","628.4000000000001","-98","11.800000190734863","43041","1774469992869"
"1036","2026-03-25 17:20:52","28.51","45.5","944.6","3880","1836","-22.822219848632812","-47.06563949584961","627.7","-98","11.300000190734863","43042","1774470052841"
"1037","2026-03-25 17:21:52","28.46","45.5","944.62","3920","1780","-22.82222557067871","-47.065650939941406","624.9000000000001","-97","12","43043","1774470112823"
"1038","2026-03-25 17:22:52","28.4","45.5","944.6","3860","1660","-22.822206497192383","-47.065635681152344","625.4000000000001","-98","11","43044","1774470172820"
"1039","2026-03-25 17:23:52","28.32","46","944.6","3860","1572","-22.822200775146484","-47.065608978271484","631.2","-98","11.300000190734863","43045","1774470232842"
"1040","2026-03-25 17:24:52","28.23","46","944.6","3920","1512","-22.82222557067871","-47.065616607666016","624.5","-98","11.300000190734863","43046","1774470292850"
"1041","2026-03-25 17:25:52","28.15","46","944.58","3860","1484","-22.82221794128418","-47.065608978271484","626.9000000000001","-99","11","43047","1774470352830"
"1042","2026-03-25 17:26:52","28.11","46","944.62","3900","1452","-22.822208404541016","-47.06563186645508","622.7","-99","11","43048","1774470412822"
"1043","2026-03-25 17:27:52","28.08","46","944.5600000000001","3860","1376","-22.822208404541016","-47.06562805175781","628.9000000000001","-97","11.800000190734863","43049","1774470472827"
"1044","2026-03-25 17:28:52","28.01","46","944.6","3860","1296","-22.82221794128418","-47.06563186645508","634.9000000000001","-99","11","43050","1774470532829"
"1045","2026-03-25 17:29:52","27.92","46","944.54","3900","1236","-22.822195053100586","-47.06562042236328","636.2","-98","11","43051","1774470592838"
"1046","2026-03-25 17:30:52","27.81","46.5","944.52","3840","1192","-22.822216033935547","-47.06562805175781","636","-98","11.300000190734863","43052","1774470652795"
"1047","2026-03-25 17:31:52","27.69","46.5","944.58","3840","1152","-22.822237014770508","-47.065650939941406","625.9000000000001","-98","11.300000190734863","43053","1774470712800"
"1048","2026-03-25 17:32:52","27.57","46.5","944.6","3880","1112","-22.82221794128418","-47.06562423706055","631.9000000000001","-97","11.800000190734863","43054","1774470772812"
"1049","2026-03-25 17:33:52","27.45","47","944.62","3860","1076","-22.82223129272461","-47.06562805175781","623.5","-98","11","43055","1774470832818"
"1050","2026-03-25 17:34:52","27.36","47","944.6","3840","1040","-22.822246551513672","-47.06562423706055","621","-98","11.5","43056","1774470892821"
"1051","2026-03-25 17:35:52","27.28","47","944.62","3860","1008","-22.82224464416504","-47.06563186645508","619","-99","10.300000190734863","43057","1774470952818"
"1052","2026-03-25 17:36:52","27.22","47","944.7","3820","972","-22.822248458862305","-47.06564712524414","621","-100","10.5","43058","1774471012814"
"1053","2026-03-25 17:37:52","27.15","47","944.66","3840","940","-22.822227478027344","-47.065643310546875","621","-98","11.800000190734863","43059","1774471072820"
"1054","2026-03-25 17:38:52","27.05","47.5","944.62","3820","904","-22.822233200073242","-47.065650939941406","619.9000000000001","-98","11","43060","1774471132813"
"1055","2026-03-25 17:39:52","26.95","47.5","944.66","3840","884","-22.822240829467773","-47.0656623840332","614","-99","10.800000190734863","43061","1774471192818"
"1056","2026-03-25 17:40:52","26.85","48","944.66","3880","868","-22.82225799560547","-47.065650939941406","617","-99","10.800000190734863","43062","1774471252838"
"1057","2026-03-25 17:41:52","26.78","48","944.64","3800","868","-22.822263717651367","-47.065643310546875","619.2","-98","11","43063","1774471312790"
"1058","2026-03-25 17:42:52","26.7","48","944.64","3900","856","-22.822261810302734","-47.065635681152344","622.2","-98","11.300000190734863","43064","1774471372795"
"1059","2026-03-25 17:43:52","26.64","48","944.64","3840","836","-22.822263717651367","-47.065635681152344","619.9000000000001","-98","11","43065","1774471432812"
"1060","2026-03-25 17:44:52","26.56","48","944.64","3840","820","-22.822277069091797","-47.06562042236328","624","-101","9.800000190734863","43066","1774471492852"
"1061","2026-03-25 17:45:52","26.48","48.5","944.6","3900","808","-22.822256088256836","-47.06561279296875","629.2","-99","11","43067","1774471552835"
"1062","2026-03-25 17:46:52","26.41","48.5","944.58","3820","792","-22.822261810302734","-47.06560134887695","619.2","-99","10.800000190734863","43068","1774471612814"
"1063","2026-03-25 17:47:52","26.36","48.5","944.62","3820","768","-22.822261810302734","-47.06562423706055","617.7","-99","10.800000190734863","43069","1774471672823"
"1064","2026-03-25 17:48:52","26.31","48","944.58","3840","740","-22.822250366210938","-47.06563186645508","613.4","-99","10.800000190734863","43070","1774471732788"
"1065","2026-03-25 17:49:52","26.27","48","944.64","3840","708","-22.822254180908203","-47.06564712524414","612.5","-99","10.800000190734863","43071","1774471792852"
"1066","2026-03-25 17:50:52","26.24","48.5","944.64","3860","684","-22.822267532348633","-47.06563186645508","618.5","-99","10.800000190734863","43072","1774471852828"
"1067","2026-03-25 17:51:52","26.2","48.5","944.6800000000001","3820","652","-22.82225799560547","-47.06562042236328","623","-98","11","43073","1774471912826"
"1068","2026-03-25 17:52:52","26.16","48.5","944.6800000000001","3820","620","-22.8222713470459","-47.06564712524414","620","-99","11","43074","1774471972870"
"1069","2026-03-25 17:53:52","26.11","48.5","944.72","3860","596","-22.822267532348633","-47.065650939941406","620.9000000000001","-98","11.300000190734863","43075","1774472032813"
"1070","2026-03-25 17:54:52","26.06","48.5","944.6800000000001","3820","572","-22.822275161743164","-47.065650939941406","623.5","-99","10.5","43076","1774472092842"
"1071","2026-03-25 17:55:52","26.01","48.5","944.7","3820","540","-22.822277069091797","-47.06565856933594","628.2","-99","10.800000190734863","43077","1774472152833"
"1072","2026-03-25 17:56:52","25.94","48.5","944.72","3820","508","-22.8222713470459","-47.065670013427734","627","-99","10.800000190734863","43078","1774472212827"
"1073","2026-03-25 17:57:52","25.88","48.5","944.76","3820","480","-22.822290420532227","-47.065650939941406","632.9000000000001","-99","10.800000190734863","43079","1774472272847"
"1074","2026-03-25 17:58:52","25.82","48.5","944.82","3840","448","-22.822275161743164","-47.06565475463867","636.7","-99","10.5","43080","1774472332828"
"1075","2026-03-25 17:59:52","25.76","48.5","944.82","3880","416","-22.822280883789062","-47.065635681152344","635.4000000000001","-99","10.800000190734863","43081","1774472392820"
"1076","2026-03-25 18:00:52","25.7","48.5","944.82","3820","388","-22.822267532348633","-47.06564712524414","627.5","-99","10.800000190734863","43082","1774472452849"
"1077","2026-03-25 18:01:52","25.65","48.5","944.88","3820","368","-22.822250366210938","-47.06563186645508","623.2","-98","11","43083","1774472512826"
"1078","2026-03-25 18:02:52","25.57","49","944.9200000000001","3840","348","-22.822242736816406","-47.0656623840332","625.7","-98","11.300000190734863","43084","1774472572809"
"1079","2026-03-25 18:03:52","25.51","49","944.96","3840","324","-22.822248458862305","-47.06566619873047","631.2","-98","11","43085","1774472632829"
"1080","2026-03-25 18:04:52","25.46","49","944.96","3880","300","-22.82225227355957","-47.06565856933594","626","-99","10.800000190734863","43086","1774472692829"
"1081","2026-03-25 18:05:52","25.39","49","944.98","3800","276","-22.822265625","-47.06563186645508","625.2","-98","11","43087","1774472752786"
"1082","2026-03-25 18:06:52","25.33","49","944.96","3820","252","-22.822275161743164","-47.06563186645508","636.5","-98","11","43088","1774472812826"
"1083","2026-03-25 18:07:52","25.28","49","944.96","3840","232","-22.82229232788086","-47.06562805175781","642","-98","11.5","43089","1774472872834"
"1084","2026-03-25 18:08:52","25.21","49","944.96","3880","212","-22.82229995727539","-47.065643310546875","642","-98","11","43090","1774472932838"
"1085","2026-03-25 18:09:52","25.15","49.5","944.98","3860","192","-22.82228660583496","-47.06564712524414","634.7","-99","10.5","43091","1774472992840"
"1086","2026-03-25 18:10:52","25.09","49.5","945.04","3820","176","-22.822267532348633","-47.06565475463867","631.7","-98","10.800000190734863","43092","1774473052837"
"1087","2026-03-25 18:11:52","25.02","49.5","945","3820","156","-22.822298049926758","-47.065635681152344","634","-99","10.5","43093","1774473112832"
"1088","2026-03-25 18:12:52","24.96","49.5","945.08","3820","140","-22.82230567932129","-47.065643310546875","637.7","-98","11","43094","1774473172851"
"1089","2026-03-25 18:13:52","24.92","49.5","945.1","3820","124","-22.82229232788086","-47.06563949584961","628.7","-100","10.5","43095","1774473232828"
"1090","2026-03-25 18:14:52","24.87","49.5","945.16","3820","112","-22.822284698486328","-47.06564712524414","628.7","-100","10.5","43096","1774473292832"
"1091","2026-03-25 18:15:52","24.82","49.5","945.2","3800","100","-22.822277069091797","-47.065635681152344","623.7","-99","10.300000190734863","43097","1774473352838"
"1092","2026-03-25 18:16:52","24.77","50","945.26","3820","88","-22.822282791137695","-47.065650939941406","629.2","-100","10.300000190734863","43098","1774473412828"
"1093","2026-03-25 18:17:52","24.73","50","945.28","3820","76","-22.822267532348633","-47.06565475463867","628.7","-100","10.5","43099","1774473472829"
"1094","2026-03-25 18:18:52","24.68","50","945.3000000000001","3800","68","-22.82227325439453","-47.06563949584961","626.7","-102","9.5","43100","1774473532796"
"1095","2026-03-25 18:19:52","24.63","50","945.3000000000001","3800","56","-22.82228660583496","-47.065643310546875","628.2","-99","10.800000190734863","43101","1774473592839"
"1096","2026-03-25 18:20:52","24.56","50.5","945.26","3800","48","-22.822303771972656","-47.065643310546875","630.4000000000001","-100","10.5","43102","1774473652833"
"1097","2026-03-25 18:21:52","24.49","50.5","945.3000000000001","3800","44","-22.822301864624023","-47.06565475463867","628.4000000000001","-99","10.300000190734863","43103","1774473712848"
"1098","2026-03-25 18:22:52","24.42","51","945.32","3880","36","-22.822298049926758","-47.065643310546875","629.4000000000001","-99","10.800000190734863","43104","1774473772837"
"1099","2026-03-25 18:23:52","24.38","51","945.34","3760","32","-22.822311401367188","-47.06564712524414","631","-98","11.300000190734863","43105","1774473832860"
"1100","2026-03-25 18:24:52","24.34","51","945.38","3800","28","-22.82230567932129","-47.06565856933594","631.2","-98","11","43106","1774473892834"
"1101","2026-03-25 18:25:52","24.3","51","945.38","3780","24","-22.82227897644043","-47.0656623840332","622.5","-98","11","43107","1774473952829"
"1102","2026-03-25 18:26:52","24.26","51","945.4200000000001","3760","24","-22.822269439697266","-47.06566619873047","618.2","-98","10.800000190734863","43108","1774474012837"
"1103","2026-03-25 18:27:52","24.23","51","945.46","3760","24","-22.82225799560547","-47.065650939941406","618.7","-98","11.300000190734863","43109","1774474072824"
"1104","2026-03-25 18:28:52","24.2","51","945.46","3840","20","-22.822282791137695","-47.0656623840332","625.5","-99","10.800000190734863","43110","1774474132840"
"1105","2026-03-25 18:29:52","24.18","51","945.46","3800","20","-22.82227897644043","-47.06564712524414","629.4000000000001","-100","10.800000190734863","43111","1774474192844"
"1106","2026-03-25 18:30:52","24.13","51","945.44","3780","16","-22.822282791137695","-47.065635681152344","628","-100","10.300000190734863","43112","1774474252846"
"1107","2026-03-25 18:31:52","24.09","51","945.4200000000001","3800","16","-22.82228660583496","-47.06562805175781","626.5","-100","10.5","43113","1774474312835"
"1108","2026-03-25 18:32:52","24.06","51.5","945.4","3820","16","-22.822315216064453","-47.06563186645508","631.5","-100","10.5","43114","1774474372839"
"1109","2026-03-25 18:33:52","24.02","51.5","945.44","3800","16","-22.822338104248047","-47.065643310546875","639.5","-100","10.800000190734863","43115","1774474432850"
"1110","2026-03-25 18:34:52","23.97","51.5","945.46","3840","16","-22.82235336303711","-47.06565475463867","638.7","-100","10.5","43116","1774474492800"
"1111","2026-03-25 18:35:52","23.93","51.5","945.46","3860","16","-22.82233428955078","-47.06564712524414","633","-100","10.300000190734863","43117","1774474552847"
"1112","2026-03-25 18:36:52","23.89","51.5","945.48","3800","16","-22.82233428955078","-47.065635681152344","633.5","-100","10.300000190734863","43118","1774474612835"
"1113","2026-03-25 18:37:52","23.85","51.5","945.5","3860","16","-22.822284698486328","-47.06562805175781","624.4000000000001","-100","10.300000190734863","43119","1774474672816"
"1114","2026-03-25 18:38:52","23.81","52","945.54","3820","16","-22.82229995727539","-47.065673828125","617.7","-100","10.300000190734863","43120","1774474732843"
"1115","2026-03-25 18:39:52","23.77","52","945.5","3780","16","-22.822282791137695","-47.06565856933594","616.7","-100","10.5","43121","1774474792823"
"1116","2026-03-25 18:40:52","23.74","52","945.5","3800","16","-22.822296142578125","-47.06564712524414","619.4000000000001","-100","10.300000190734863","43122","1774474852821"
"1117","2026-03-25 18:41:52","23.71","52","945.48","3800","16","-22.822303771972656","-47.065677642822266","615.4000000000001","-100","10.300000190734863","43123","1774474912849"
"1118","2026-03-25 18:42:52","23.67","52","945.46","3820","16","-22.82230567932129","-47.065673828125","615","-99","10.300000190734863","43124","1774474972841"
"1119","2026-03-25 18:43:52","23.63","52","945.44","3780","16","-22.822288513183594","-47.065670013427734","612.2","-99","10.800000190734863","43125","1774475032853"
"1120","2026-03-25 18:44:52","23.6","52","945.44","3820","16","-22.822261810302734","-47.065650939941406","612.5","-100","10.5","43126","1774475092847"
"1121","2026-03-25 18:45:52","23.56","52.5","945.46","3780","16","-22.822296142578125","-47.06565475463867","611.9","-99","11","43127","1774475152834"
"1122","2026-03-25 18:46:52","23.52","52.5","945.44","3760","16","-22.822288513183594","-47.065670013427734","608.2","-100","10.5","43128","1774475212849"
"1123","2026-03-25 18:47:52","23.48","52.5","945.44","3780","16","-22.82228660583496","-47.065635681152344","613.5","-100","10.5","43129","1774475272831"
"1124","2026-03-25 18:48:52","23.44","53","945.4200000000001","3800","16","-22.822303771972656","-47.06565475463867","615.7","-100","10.300000190734863","43130","1774475332842"
"1125","2026-03-25 18:49:52","23.4","53","945.44","3780","16","-22.822282791137695","-47.065643310546875","617.5","-100","10.300000190734863","43131","1774475392812"
"1126","2026-03-25 18:50:52","23.37","53","945.44","3780","16","-22.822267532348633","-47.065643310546875","613.2","-100","10.300000190734863","43132","1774475452847"
"1127","2026-03-25 18:51:52","23.34","53.5","945.46","3800","12","-22.822296142578125","-47.065650939941406","610.7","-100","10.5","43133","1774475512826"
"1128","2026-03-25 18:52:52","23.31","53.5","945.4200000000001","3760","16","-22.82229995727539","-47.065650939941406","618.2","-100","10.5","43134","1774475572852"
"1129","2026-03-25 18:53:52","23.28","53.5","945.44","3780","16","-22.822307586669922","-47.06568908691406","616.7","-100","10.5","43135","1774475632820"
"1130","2026-03-25 18:54:52","23.25","53.5","945.4200000000001","3780","12","-22.82233428955078","-47.065677642822266","622.4000000000001","-100","10.300000190734863","43136","1774475692821"
"1131","2026-03-25 18:55:52","23.23","53.5","945.44","3780","16","-22.822370529174805","-47.065711975097656","627.5","-100","10","43137","1774475752828"
"1132","2026-03-25 18:56:52","23.2","54","945.48","3820","12","-22.822311401367188","-47.0656852722168","621.9000000000001","-100","10.5","43138","1774475812795"
"1133","2026-03-25 18:57:52","23.17","54","945.52","3780","16","-22.822284698486328","-47.0656623840332","619","-100","10.300000190734863","43139","1774475872832"
"1134","2026-03-25 18:58:52","23.15","54.5","945.52","3780","16","-22.8222713470459","-47.0656623840332","614.5","-100","10","43140","1774475932854"
"1135","2026-03-25 18:59:52","23.14","54.5","945.54","3780","16","-22.822246551513672","-47.06564712524414","611.5","-100","10.300000190734863","43141","1774475992832"
"1136","2026-03-25 19:00:52","23.13","54.5","945.58","3800","16","-22.82227325439453","-47.06568145751953","605","-100","10.5","43142","1774476052811"
"1137","2026-03-25 19:01:52","23.11","54.5","945.64","3780","16","-22.82228660583496","-47.065643310546875","618.2","-100","10.5","43143","1774476112830"
"1138","2026-03-25 19:02:52","23.1","54.5","945.64","3780","16","-22.822290420532227","-47.06564712524414","623","-100","10.5","43144","1774476172832"
"1139","2026-03-25 19:03:52","23.08","55","945.66","3780","16","-22.822277069091797","-47.06565475463867","622","-99","10.300000190734863","43145","1774476232845"
"1140","2026-03-25 19:04:52","23.06","55","945.64","3800","16","-22.8222599029541","-47.0656623840332","611.9","-101","10.300000190734863","43146","1774476292836"
"1141","2026-03-25 19:05:52","23.05","55","945.7","3800","16","-22.82223129272461","-47.06563949584961","612","-98","10.800000190734863","43147","1774476352859"
"1142","2026-03-25 19:06:52","23.03","55.5","945.72","3800","12","-22.82227325439453","-47.065670013427734","617.9000000000001","-100","10.300000190734863","43148","1774476412837"
"1143","2026-03-25 19:07:52","23.02","55.5","945.74","3800","16","-22.822277069091797","-47.065677642822266","619","-100","10.300000190734863","43149","1774476472852"
"1144","2026-03-25 19:08:52","23","55.5","945.7","3820","16","-22.822254180908203","-47.06565475463867","614.5","-100","10.5","43150","1774476532834"
"1145","2026-03-25 19:09:52","22.99","56","945.7","3780","16","-22.822240829467773","-47.06565856933594","610","-101","10.300000190734863","43151","1774476592856"
"1146","2026-03-25 19:10:52","22.97","56","945.72","3780","16","-22.822263717651367","-47.06565475463867","621.4000000000001","-99","10.800000190734863","43152","1774476652839"
"1147","2026-03-25 19:11:52","22.95","56","945.74","3760","16","-22.822263717651367","-47.0656852722168","612.7","-99","11","43153","1774476712816"
"1148","2026-03-25 19:12:52","22.94","55.5","945.72","3760","16","-22.8222599029541","-47.06569290161133","605.4","-99","10.800000190734863","43154","1774476772840"
"1149","2026-03-25 19:13:52","22.93","56","945.76","3820","16","-22.822290420532227","-47.065711975097656","609","-99","11","43155","1774476832845"
"1150","2026-03-25 19:14:52","22.92","56","945.76","3800","16","-22.822311401367188","-47.06575393676758","609.2","-101","10.300000190734863","43156","1774476892847"
"1151","2026-03-25 19:15:52","22.9","56","945.76","3760","16","-22.82233238220215","-47.06576156616211","616.7","-100","10","43157","1774476952823"
"1152","2026-03-25 19:16:52","22.9","56","945.78","3780","16","-22.822336196899414","-47.06572341918945","616.7","-100","10.800000190734863","43158","1774477012803"
"1153","2026-03-25 19:17:52","22.89","56","945.72","3800","16","-22.82229995727539","-47.06569290161133","614.5","-99","10.5","43159","1774477072842"
"1154","2026-03-25 19:18:52","22.87","56","945.76","3760","16","-22.82229232788086","-47.065677642822266","616.2","-100","10.300000190734863","43160","1774477132846"
"1155","2026-03-25 19:19:52","22.85","56","945.78","3780","16","-22.82229995727539","-47.06568908691406","622.4000000000001","-101","9.5","43161","1774477192828"
"1156","2026-03-25 19:20:52","22.84","56","945.72","3800","16","-22.822282791137695","-47.06568908691406","619.4000000000001","-100","10.300000190734863","43162","1774477252850"
"1157","2026-03-25 19:21:52","22.83","56","945.74","3800","16","-22.822277069091797","-47.065670013427734","618.5","-99","10.300000190734863","43163","1774477312831"
"1158","2026-03-25 19:22:52","22.82","56","945.76","3800","16","-22.82229232788086","-47.065677642822266","615","-99","10.300000190734863","43164","1774477372854"
"1159","2026-03-25 19:23:52","22.8","56","945.78","3760","16","-22.822254180908203","-47.065673828125","611","-99","10.300000190734863","43165","1774477432835"
"1160","2026-03-25 19:24:52","22.8","56.5","945.78","3780","16","-22.822267532348633","-47.06565475463867","617.5","-100","10.300000190734863","43166","1774477492829"
"1161","2026-03-25 19:25:52","22.78","56.5","945.8000000000001","3780","16","-22.822265625","-47.065670013427734","614.2","-99","10.300000190734863","43167","1774477552849"
"1162","2026-03-25 19:26:52","22.77","56.5","945.78","3800","16","-22.822240829467773","-47.065673828125","609.2","-101","10","43168","1774477612843"
"1163","2026-03-25 19:27:52","22.75","56.5","945.82","3760","16","-22.822242736816406","-47.06568908691406","605","-100","10.300000190734863","43169","1774477672821"
"1164","2026-03-25 19:28:52","22.74","57","945.8000000000001","3760","16","-22.822256088256836","-47.06569290161133","605.5","-100","10.300000190734863","43170","1774477732836"
"1165","2026-03-25 19:29:52","22.73","57","945.88","3780","16","-22.822261810302734","-47.06570053100586","602.7","-100","10.300000190734863","43171","1774477792818"
"1166","2026-03-25 19:30:52","22.72","57","945.88","3760","16","-22.822267532348633","-47.065704345703125","600.4","-100","9.800000190734863","43172","1774477852815"
"1167","2026-03-25 19:31:52","22.71","57","945.9200000000001","3780","16","-22.82227325439453","-47.06571578979492","604.7","-99","10.5","43173","1774477912840"
"1168","2026-03-25 19:32:52","22.7","57","945.94","3760","16","-22.822265625","-47.065696716308594","608","-100","10.300000190734863","43174","1774477972845"
"1169","2026-03-25 19:33:52","22.7","57","945.98","3800","16","-22.82225799560547","-47.06564712524414","617","-100","10.300000190734863","43175","1774478032846"
"1170","2026-03-25 19:34:52","22.7","57","946","3800","16","-22.822265625","-47.06568145751953","610","-99","10.5","43176","1774478092838"
"1171","2026-03-25 19:35:52","22.7","57","946.04","3780","16","-22.822261810302734","-47.06566619873047","611.4","-100","10.300000190734863","43177","1774478152828"
"1172","2026-03-25 19:36:52","22.69","57.5","945.98","3760","16","-22.8222713470459","-47.06568908691406","607.4","-99","11","43178","1774478212812"
"1173","2026-03-25 19:37:52","22.68","57.5","945.96","3760","16","-22.82227897644043","-47.06570816040039","609.5","-100","10","43179","1774478272795"
"1174","2026-03-25 19:38:52","22.67","58","945.96","3760","16","-22.822269439697266","-47.0656852722168","614.7","-99","10.5","43180","1774478332784"
"1175","2026-03-25 19:39:52","22.66","58","945.96","3800","12","-22.822261810302734","-47.06568145751953","612.5","-100","10","43181","1774478392826"
"1176","2026-03-25 19:40:52","22.66","58","945.98","3760","16","-22.8222599029541","-47.065696716308594","609.7","-100","10.300000190734863","43182","1774478452829"
"1177","2026-03-25 19:41:52","22.66","58","946.0600000000001","3740","16","-22.822277069091797","-47.065711975097656","615.9000000000001","-100","10.300000190734863","43183","1774478512826"
"1178","2026-03-25 19:42:52","22.66","58","946","3760","16","-22.822317123413086","-47.065738677978516","606.7","-99","10.5","43184","1774478572833"
"1179","2026-03-25 19:43:52","22.66","58","946.02","3740","16","-22.822290420532227","-47.065670013427734","622.7","-100","10.5","43185","1774478632846"
"1180","2026-03-25 19:44:52","22.66","58","946.0600000000001","3760","16","-22.82230567932129","-47.06570053100586","610.7","-99","10.5","43186","1774478692818"
"1181","2026-03-25 19:45:52","22.66","58","946.04","3800","16","-22.822280883789062","-47.0656852722168","604.5","-99","10.5","43187","1774478752814"
"1182","2026-03-25 19:46:52","22.66","58","946.04","3760","16","-22.822269439697266","-47.06566619873047","608","-100","10.300000190734863","43188","1774478812831"
"1183","2026-03-25 19:47:52","22.66","58","946.04","3760","16","-22.822275161743164","-47.065635681152344","617.2","-101","10","43189","1774478872843"
"1184","2026-03-25 19:48:52","22.66","58","946.04","3760","16","-22.822275161743164","-47.06564712524414","604","-100","10.5","43190","1774478932838"
"1185","2026-03-25 19:49:52","22.67","58","946.08","3760","16","-22.82225227355957","-47.065650939941406","609.5","-100","10.5","43191","1774478992850"
"1186","2026-03-25 19:50:52","22.67","58","946.08","3780","16","-22.822240829467773","-47.065650939941406","605","-100","10.300000190734863","43192","1774479052823"
"1187","2026-03-25 19:51:52","22.67","58","946.0600000000001","3740","16","-22.822229385375977","-47.06563949584961","606.5","-101","10.300000190734863","43193","1774479112844"
"1188","2026-03-25 19:52:52","22.68","58","946.02","3800","16","-22.822256088256836","-47.065677642822266","602.9","-100","10.300000190734863","43194","1774479172836"
"1189","2026-03-25 19:53:52","22.69","58","946.0600000000001","3780","16","-22.822237014770508","-47.06564712524414","607.7","-100","10","43195","1774479232838"
"1190","2026-03-25 19:54:52","22.7","58","946.0600000000001","3760","16","-22.822223663330078","-47.06563949584961","617.7","-100","10.300000190734863","43196","1774479292819"
"1191","2026-03-25 19:55:52","22.7","57.5","946.12","3760","16","-22.82221794128418","-47.06566619873047","605.7","-100","10.5","43197","1774479352854"
"1192","2026-03-25 19:56:52","22.7","57.5","946.14","3760","16","-22.822246551513672","-47.065677642822266","604.2","-100","10.300000190734863","43198","1774479412821"
"1193","2026-03-25 19:57:52","22.71","57.5","946.2","3740","16","-22.822265625","-47.06568145751953","611.9","-100","10.300000190734863","43199","1774479472830"
"1194","2026-03-25 19:58:52","22.71","57.5","946.26","3800","16","-22.822256088256836","-47.065677642822266","612","-100","10.300000190734863","43200","1774479532835"
"1195","2026-03-25 19:59:52","22.71","57.5","946.22","3760","16","-22.822263717651367","-47.065677642822266","614","-100","10.300000190734863","43201","1774479592831"
"1196","2026-03-25 20:00:52","22.72","57.5","946.26","3720","16","-22.822250366210938","-47.0656852722168","609.2","-100","10","43202","1774479652832"
"1197","2026-03-25 20:01:52","22.72","57.5","946.24","3760","16","-22.822256088256836","-47.06568908691406","602.5","-100","10.5","43203","1774479712845"
"1198","2026-03-25 20:02:52","22.73","57.5","946.24","3760","16","-22.82224464416504","-47.0656623840332","603.4","-101","10.300000190734863","43204","1774479772831"
"1199","2026-03-25 20:03:52","22.73","57.5","946.1800000000001","3760","16","-22.822233200073242","-47.065650939941406","604.2","-100","10.300000190734863","43205","1774479832839"
"1200","2026-03-25 20:04:52","22.73","57.5","946.1800000000001","3760","16","-22.822229385375977","-47.06566619873047","600.5","-100","10.5","43206","1774479892831"
"1201","2026-03-25 20:05:52","22.74","57.5","946.24","3780","16","-22.82225227355957","-47.0656623840332","603.5","-100","10.5","43207","1774479952843"
"1202","2026-03-25 20:06:52","22.75","57.5","946.16","3760","16","-22.822269439697266","-47.065670013427734","605","-100","10.5","43208","1774480012835"
"1203","2026-03-25 20:07:52","22.76","57.5","946.2","3740","16","-22.822235107421875","-47.06564712524414","604.7","-100","10.300000190734863","43209","1774480072847"
"1204","2026-03-25 20:08:52","22.76","57","946.1800000000001","3760","16","-22.822242736816406","-47.06565856933594","608.5","-100","10.5","43210","1774480132830"
"1205","2026-03-25 20:09:52","22.77","57.5","946.14","3780","16","-22.822261810302734","-47.06568145751953","610","-100","10.300000190734863","43211","1774480192841"
"1206","2026-03-25 20:10:52","22.77","57.5","946.1800000000001","3780","16","-22.822263717651367","-47.06566619873047","609.9","-100","10.300000190734863","43212","1774480252826"
"1207","2026-03-25 20:11:52","22.78","57.5","946.16","3800","16","-22.822263717651367","-47.06566619873047","613.2","-101","10.300000190734863","43213","1774480312843"
"1208","2026-03-25 20:12:52","22.78","57.5","946.16","3760","16","-22.8222599029541","-47.065670013427734","614.5","-100","10.5","43214","1774480372807"
"1209","2026-03-25 20:13:52","22.79","57.5","946.16","3760","16","-22.82225799560547","-47.0656623840332","610.5","-100","10.5","43215","1774480432836"
"1210","2026-03-25 20:14:52","22.79","57.5","946.22","3760","16","-22.82225799560547","-47.06568145751953","611.7","-100","10.800000190734863","43216","1774480492829"
"1211","2026-03-25 20:15:52","22.8","57.5","946.16","3800","16","-22.822250366210938","-47.065677642822266","608","-100","10.300000190734863","43217","1774480552831"
"1212","2026-03-25 20:16:52","22.8","57.5","946.2","3740","16","-22.822246551513672","-47.0656623840332","611.4","-100","10.5","43218","1774480612831"
"1213","2026-03-25 20:17:52","22.8","57.5","946.24","3760","16","-22.822250366210938","-47.06565475463867","611.2","-100","10.5","43219","1774480672825"
"1214","2026-03-25 20:18:52","22.8","57.5","946.26","3760","16","-22.822265625","-47.06566619873047","615.7","-100","10.300000190734863","43220","1774480732821"
"1215","2026-03-25 20:19:52","22.8","57.5","946.36","3760","16","-22.822269439697266","-47.0656623840332","622","-99","10.800000190734863","43221","1774480792852"
"1216","2026-03-25 20:20:52","22.8","57.5","946.3000000000001","3760","16","-22.8222713470459","-47.065670013427734","619.7","-99","10.300000190734863","43222","1774480852835"
"1217","2026-03-25 20:21:52","22.8","57.5","946.34","3740","16","-22.822261810302734","-47.06565856933594","615.4000000000001","-100","10.300000190734863","43223","1774480912848"
"1218","2026-03-25 20:22:52","22.79","57.5","946.34","3740","16","-22.82224464416504","-47.065635681152344","613.7","-100","10.300000190734863","43224","1774480972849"
"1219","2026-03-25 20:23:52","22.79","57","946.38","3760","16","-22.822265625","-47.0656623840332","609","-100","10.5","43225","1774481032831"
"1220","2026-03-25 20:24:52","22.79","57.5","946.4","3780","16","-22.822263717651367","-47.065670013427734","613","-100","10","43226","1774481092849"
"1221","2026-03-25 20:25:52","22.78","57.5","946.44","3760","16","-22.822246551513672","-47.06565856933594","612.9","-100","10.800000190734863","43227","1774481152822"
"1222","2026-03-25 20:26:52","22.79","57.5","946.44","3820","16","-22.82223129272461","-47.06563186645508","612","-101","9.800000190734863","43228","1774481212828"
"1223","2026-03-25 20:27:52","22.79","57.5","946.46","3760","16","-22.82221794128418","-47.06560516357422","613.9","-100","10.300000190734863","43229","1774481272803"
"1224","2026-03-25 20:28:52","22.79","57.5","946.46","3740","16","-22.822240829467773","-47.06562042236328","613.9","-100","10.300000190734863","43230","1774481332817"
"1225","2026-03-25 20:29:52","22.8","57.5","946.5","3720","16","-22.82223892211914","-47.06562042236328","612.9","-101","9.5","43231","1774481392834"
"1226","2026-03-25 20:30:52","22.8","57.5","946.46","3760","16","-22.822233200073242","-47.065616607666016","614.5","-100","10.5","43232","1774481452863"
"1227","2026-03-25 20:31:52","22.82","57.5","946.5","3760","16","-22.822261810302734","-47.065650939941406","613","-100","10.300000190734863","43233","1774481512784"
"1228","2026-03-25 20:32:52","22.83","57.5","946.52","3740","24","-22.822240829467773","-47.065608978271484","617.4000000000001","-99","10.800000190734863","43234","1774481572793"
"1229","2026-03-25 20:33:52","22.84","58","946.52","3760","16","-22.822248458862305","-47.06559753417969","624.7","-100","10.5","43235","1774481632819"
"1230","2026-03-25 20:34:52","22.86","58","946.54","3800","16","-22.82221221923828","-47.06558609008789","629","-100","10","43236","1774481692848"
"1231","2026-03-25 20:35:52","22.88","58","946.54","3740","16","-22.822229385375977","-47.06562042236328","625","-100","10.300000190734863","43237","1774481752832"
"1232","2026-03-25 20:36:52","22.89","58","946.5600000000001","3720","16","-22.822261810302734","-47.06563949584961","624","-100","10.5","43238","1774481812795"
"1233","2026-03-25 20:37:52","22.92","58","946.5600000000001","3720","16","-22.822250366210938","-47.065616607666016","625.7","-100","10.300000190734863","43239","1774481872785"
"1234","2026-03-25 20:38:52","22.94","58.5","946.54","3740","16","-22.822242736816406","-47.06560134887695","630","-100","10.300000190734863","43240","1774481932823"
"1235","2026-03-25 20:39:52","22.95","58.5","946.58","3720","16","-22.8222599029541","-47.06563186645508","623.2","-100","10","43241","1774481992818"
"1236","2026-03-25 20:40:52","22.97","58.5","946.58","3720","16","-22.82228660583496","-47.065643310546875","620.9000000000001","-100","10.300000190734863","43242","1774482052827"
"1237","2026-03-25 20:41:52","22.99","58","946.58","3740","16","-22.822309494018555","-47.06566619873047","617.7","-100","10.5","43243","1774482112839"
"1238","2026-03-25 20:42:52","23.01","58","946.58","3760","16","-22.822282791137695","-47.06562042236328","620.4000000000001","-100","10.300000190734863","43244","1774482172809"
"1239","2026-03-25 20:43:52","23.02","58","946.5600000000001","3740","16","-22.822265625","-47.06559371948242","620","-100","10.300000190734863","43245","1774482232799"
"1240","2026-03-25 20:44:52","23.03","58","946.52","3740","16","-22.822265625","-47.06560134887695","614.5","-100","10.300000190734863","43246","1774482292825"
"1241","2026-03-25 20:45:52","23.04","58","946.52","3760","16","-22.822275161743164","-47.06557846069336","619.5","-100","10","43247","1774482352838"
"1242","2026-03-25 20:46:52","23.06","58","946.52","3720","16","-22.822269439697266","-47.065574645996094","621.7","-100","10.5","43248","1774482412829"
"1243","2026-03-25 20:47:52","23.07","58","946.46","3720","16","-22.822263717651367","-47.06560516357422","620","-100","10.300000190734863","43249","1774482472816"
"1244","2026-03-25 20:48:52","23.08","58","946.48","3760","16","-22.8222713470459","-47.06560134887695","622","-100","10.300000190734863","43250","1774482532831"
"1245","2026-03-25 20:49:52","23.09","57.5","946.48","3740","16","-22.82227325439453","-47.06560516357422","622.2","-100","10.5","43251","1774482592846"
"1246","2026-03-25 20:50:52","23.1","57.5","946.46","3780","16","-22.822275161743164","-47.065589904785156","630.5","-100","10.300000190734863","43252","1774482652849"
"1247","2026-03-25 20:51:52","23.11","57.5","946.48","3740","16","-22.822275161743164","-47.06558609008789","627.9000000000001","-101","9.800000190734863","43253","1774482712827"
"1248","2026-03-25 20:52:52","23.11","57.5","946.5","3740","16","-22.82227897644043","-47.065616607666016","628.5","-100","10.5","43254","1774482772840"
"1249","2026-03-25 20:53:52","23.12","57.5","946.48","3740","16","-22.822303771972656","-47.06563186645508","626.7","-100","10.300000190734863","43255","1774482832800"
"1250","2026-03-25 20:54:52","23.13","57.5","946.5","3740","20","-22.822296142578125","-47.06562805175781","627.4000000000001","-100","10.800000190734863","43256","1774482892829"
"1251","2026-03-25 20:55:52","23.11","57.5","946.54","3740","16","-22.822284698486328","-47.06560516357422","631","-100","10","43257","1774482952810"
"1252","2026-03-25 20:56:52","23.12","57.5","946.5","3780","16","-22.82229232788086","-47.065574645996094","639.2","-99","10.800000190734863","43258","1774483012789"
"1253","2026-03-25 20:57:52","23.11","57.5","946.54","3760","16","-22.822275161743164","-47.06557083129883","629.2","-100","10.5","43259","1774483072816"
"1254","2026-03-25 20:58:52","23.11","57.5","946.58","3740","16","-22.822254180908203","-47.065589904785156","624","-100","10.5","43260","1774483132856"
"1255","2026-03-25 20:59:52","23.1","58","946.6","3720","16","-22.822254180908203","-47.06556701660156","631.2","-99","10.5","43261","1774483192812"
"1256","2026-03-25 21:00:52","23.1","58","946.64","3720","16","-22.822277069091797","-47.065555572509766","634.5","-99","10.5","43262","1774483252850"
"1257","2026-03-25 21:01:52","23.09","58","946.66","3760","16","-22.822317123413086","-47.06555938720703","630.2","-100","10.300000190734863","43263","1774483312842"
"1258","2026-03-25 21:02:52","23.08","58","946.6800000000001","3740","16","-22.822303771972656","-47.06555938720703","634.7","-100","10.300000190734863","43264","1774483372834"
"1259","2026-03-25 21:03:52","23.07","58","946.66","3740","16","-22.822301864624023","-47.065582275390625","635.2","-100","10.300000190734863","43265","1774483432846"
"1260","2026-03-25 21:04:52","23.06","58.5","946.72","3720","16","-22.8222713470459","-47.06557083129883","636","-101","9.800000190734863","43266","1774483492836"
"1261","2026-03-25 21:05:52","23.05","58.5","946.7","3740","16","-22.822317123413086","-47.065574645996094","637","-100","10.300000190734863","43267","1774483552851"
"1262","2026-03-25 21:06:52","23.04","58.5","946.74","3720","16","-22.822322845458984","-47.065589904785156","633.5","-100","10.300000190734863","43268","1774483612833"
"1263","2026-03-25 21:07:52","23.03","58.5","946.72","3740","16","-22.82232093811035","-47.06554412841797","636.9000000000001","-101","9.800000190734863","43269","1774483672834"
"1264","2026-03-25 21:08:52","23.02","58.5","946.72","3780","16","-22.822317123413086","-47.06557846069336","637.5","-101","9.800000190734863","43270","1774483732837"
"1265","2026-03-25 21:09:52","23.01","58.5","946.74","3740","16","-22.82231330871582","-47.06558609008789","645","-100","10.300000190734863","43271","1774483792836"
"1266","2026-03-25 21:10:52","23.01","59","946.76","3780","16","-22.822301864624023","-47.065608978271484","644.5","-101","9.800000190734863","43272","1774483852842"
"1267","2026-03-25 21:11:52","23.01","59","946.72","3740","16","-22.822311401367188","-47.065635681152344","644.7","-101","9.5","43273","1774483912833"
"1268","2026-03-25 21:12:52","23.02","59","946.76","3740","16","-22.82234001159668","-47.06562423706055","644.5","-100","10.300000190734863","43274","1774483972847"
"1269","2026-03-25 21:13:52","23.01","59","946.74","3740","16","-22.822324752807617","-47.065608978271484","639","-100","10.300000190734863","43275","1774484032835"
"1270","2026-03-25 21:14:52","23.01","58.5","946.76","3760","16","-22.822349548339844","-47.06562423706055","642.7","-100","10.800000190734863","43276","1774484092850"
"1271","2026-03-25 21:15:52","23","59","946.76","3700","16","-22.82231903076172","-47.065608978271484","637.5","-99","10.5","43277","1774484152829"
"1272","2026-03-25 21:16:52","22.99","59","946.8000000000001","3760","16","-22.822351455688477","-47.065589904785156","644","-100","10","43278","1774484212844"
"1273","2026-03-25 21:17:52","22.99","59","946.8000000000001","3720","16","-22.82234001159668","-47.065589904785156","640.9000000000001","-100","10.300000190734863","43279","1774484272856"
"1274","2026-03-25 21:18:52","22.99","59","946.84","3720","16","-22.822336196899414","-47.06560134887695","640","-100","10.300000190734863","43280","1774484332823"
"1275","2026-03-25 21:19:52","22.98","59","946.8000000000001","3740","16","-22.82234001159668","-47.065635681152344","635.9000000000001","-100","10.300000190734863","43281","1774484392783"
"1276","2026-03-25 21:20:52","22.97","59","946.88","3760","16","-22.822338104248047","-47.065574645996094","639.7","-100","10.300000190734863","43282","1774484452832"
"1277","2026-03-25 21:21:52","22.95","59","946.86","3720","16","-22.822328567504883","-47.06560134887695","634.4000000000001","-100","10.300000190734863","43283","1774484512840"
"1278","2026-03-25 21:22:52","22.94","58.5","946.84","3720","16","-22.822307586669922","-47.06561279296875","629.7","-100","10.300000190734863","43284","1774484572837"
"1279","2026-03-25 21:23:52","22.92","59","946.86","3740","16","-22.822280883789062","-47.065635681152344","625.5","-100","10.300000190734863","43285","1774484632828"
"1280","2026-03-25 21:24:52","22.92","59","946.88","3700","16","-22.82229232788086","-47.06562042236328","631.5","-101","10","43286","1774484692835"
"1281","2026-03-25 21:25:52","22.9","59","946.86","3780","16","-22.82228660583496","-47.06561279296875","627.5","-100","10.300000190734863","43287","1774484752839"
"1282","2026-03-25 21:26:52","22.89","59","946.9","3740","16","-22.822263717651367","-47.06562423706055","629.9000000000001","-101","10.300000190734863","43288","1774484812825"
"1283","2026-03-25 21:27:52","22.88","59","946.94","3740","16","-22.822221755981445","-47.06561279296875","636.2","-100","10.300000190734863","43289","1774484872848"
"1284","2026-03-25 21:28:52","22.86","59","946.94","3720","16","-22.822256088256836","-47.06559753417969","636","-101","10","43290","1774484932831"
"1285","2026-03-25 21:29:52","22.85","59","946.94","3700","16","-22.8222599029541","-47.06561279296875","635.9000000000001","-101","9.800000190734863","43291","1774484992820"
"1286","2026-03-25 21:30:52","22.84","58.5","946.96","3760","16","-22.822303771972656","-47.06563186645508","628.4000000000001","-100","10.300000190734863","43292","1774485052834"
"1287","2026-03-25 21:31:52","22.82","58.5","947","3700","16","-22.822328567504883","-47.065643310546875","633.5","-101","10.300000190734863","43293","1774485112846"
"1288","2026-03-25 21:32:52","22.81","59","947.04","3720","16","-22.822399139404297","-47.06562423706055","648.2","-100","10.300000190734863","43294","1774485172828"
"1289","2026-03-25 21:33:52","22.8","59","947.04","3740","16","-22.822385787963867","-47.06563186645508","642.4000000000001","-100","10.300000190734863","43295","1774485232841"
"1290","2026-03-25 21:34:52","22.79","58.5","947.04","3720","16","-22.82236099243164","-47.06563186645508","640.4000000000001","-100","10.300000190734863","43296","1774485292789"
"1291","2026-03-25 21:35:52","22.77","58.5","947.0600000000001","3780","16","-22.822328567504883","-47.06564712524414","632.5","-100","10.5","43297","1774485352816"
"1292","2026-03-25 21:36:52","22.74","58.5","947.0600000000001","3740","16","-22.822311401367188","-47.065673828125","628.5","-100","10.300000190734863","43298","1774485412821"
"1293","2026-03-25 21:37:52","22.71","59","947.08","3740","16","-22.822317123413086","-47.0656852722168","621.5","-100","10.5","43299","1774485472830"
"1294","2026-03-25 21:38:52","22.69","59","947.1","3760","16","-22.822296142578125","-47.065673828125","624.5","-100","10.300000190734863","43300","1774485532841"
"1295","2026-03-25 21:39:52","22.67","59","947.12","3700","16","-22.82225227355957","-47.0656623840332","628.2","-100","10.5","43301","1774485592834"
"1296","2026-03-25 21:40:52","22.64","59","947.12","3720","16","-22.822235107421875","-47.06563949584961","615.5","-100","10.300000190734863","43302","1774485652846"
"1297","2026-03-25 21:41:52","22.61","59","947.14","3760","16","-22.8222599029541","-47.06562805175781","624","-100","10.5","43303","1774485712837"
"1298","2026-03-25 21:42:52","22.58","59","947.2","3760","16","-22.822261810302734","-47.065670013427734","619","-100","10.800000190734863","43304","1774485772817"
"1299","2026-03-25 21:43:52","22.56","59","947.14","3720","16","-22.822269439697266","-47.065635681152344","623.5","-100","10.5","43305","1774485832833"
"1300","2026-03-25 21:44:52","22.53","59","947.16","3760","16","-22.8222713470459","-47.065643310546875","617.7","-100","10.5","43306","1774485892850"
"1301","2026-03-25 21:45:52","22.5","59","947.12","3720","16","-22.822254180908203","-47.065650939941406","612.7","-100","10.300000190734863","43307","1774485952826"
"1302","2026-03-25 21:46:52","22.47","59","947.16","3720","16","-22.822223663330078","-47.06566619873047","608.2","-100","10","43308","1774486012848"
"1303","2026-03-25 21:47:52","22.44","59","947.16","3720","16","-22.822240829467773","-47.065677642822266","611.2","-100","10.300000190734863","43309","1774486072820"
"1304","2026-03-25 21:48:52","22.41","59","947.16","3720","16","-22.822242736816406","-47.06564712524414","625.2","-100","10.5","43310","1774486132852"
"1305","2026-03-25 21:49:52","22.39","59","947.14","3740","16","-22.822301864624023","-47.065643310546875","629.7","-100","10.5","43311","1774486192844"
"1306","2026-03-25 21:50:52","22.38","59","947.12","3720","16","-22.822294235229492","-47.065677642822266","626.2","-100","10.300000190734863","43312","1774486252826"
"1307","2026-03-25 21:51:52","22.36","59","947.16","3720","16","-22.822240829467773","-47.065673828125","612.7","-100","10.5","43313","1774486312849"
"1308","2026-03-25 21:52:52","22.34","59","947.12","3700","16","-22.822294235229492","-47.065704345703125","612.7","-100","10.300000190734863","43314","1774486372839"
"1309","2026-03-25 21:53:52","22.32","59","947.1","3740","16","-22.82229995727539","-47.065731048583984","613","-101","9.5","43315","1774486432843"
"1310","2026-03-25 21:54:52","22.31","59","947.04","3720","16","-22.822265625","-47.065696716308594","615","-100","10.300000190734863","43316","1774486492816"
"1311","2026-03-25 21:55:52","22.3","59","947.08","3740","16","-22.822330474853516","-47.065711975097656","623.7","-100","10.300000190734863","43317","1774486552847"
"1312","2026-03-25 21:56:52","22.3","59","947.04","3760","16","-22.82227897644043","-47.06569290161133","619.9000000000001","-101","9.5","43318","1774486612830"
"1313","2026-03-25 21:57:52","22.28","59","947.08","3720","16","-22.822277069091797","-47.065704345703125","619.7","-100","10.5","43319","1774486672814"
"1314","2026-03-25 21:58:52","22.27","59","947.08","3760","16","-22.822256088256836","-47.065677642822266","616","-100","10.300000190734863","43320","1774486732834"
"1315","2026-03-25 21:59:52","22.27","59","947.04","3700","16","-22.822263717651367","-47.06568145751953","616.4000000000001","-100","10.300000190734863","43321","1774486792813"
"1316","2026-03-25 22:00:52","22.25","59","947.1","3720","16","-22.822237014770508","-47.06571578979492","613.5","-100","10.5","43322","1774486852839"
"1317","2026-03-25 22:01:52","22.25","59","947.0600000000001","3720","16","-22.82223892211914","-47.06572723388672","612.7","-101","9.800000190734863","43323","1774486912819"
"1318","2026-03-25 22:02:52","22.25","59","947.08","3740","16","-22.822261810302734","-47.065711975097656","621","-99","10.5","43324","1774486972780"
"1319","2026-03-25 22:03:52","22.24","59","947.12","3720","16","-22.822248458862305","-47.065650939941406","621.7","-100","10.300000190734863","43325","1774487032844"
"1320","2026-03-25 22:04:52","22.23","59","947.08","3720","16","-22.822254180908203","-47.06565856933594","618.7","-100","10.5","43326","1774487092826"
"1321","2026-03-25 22:05:52","22.21","59","947.0600000000001","3740","16","-22.82223892211914","-47.06560134887695","633","-101","10","43327","1774487152849"
"1322","2026-03-25 22:06:52","22.2","59","947","3740","16","-22.82225227355957","-47.06562423706055","635","-100","10.300000190734863","43328","1774487212841"
"1323","2026-03-25 22:07:52","22.19","59","947.0600000000001","3740","16","-22.822246551513672","-47.065616607666016","636.9000000000001","-99","10.300000190734863","43329","1774487272833"
"1324","2026-03-25 22:08:52","22.19","59","947.04","3740","16","-22.82219886779785","-47.065670013427734","618.7","-100","10.5","43330","1774487332832"
"1325","2026-03-25 22:09:52","22.16","59","947.0600000000001","3720","16","-22.82221221923828","-47.0656623840332","615.5","-100","10.5","43331","1774487392808"
"1326","2026-03-25 22:10:52","22.16","59","947.08","3720","16","-22.82221031188965","-47.06565856933594","619.2","-100","10.5","43332","1774487452829"
"1327","2026-03-25 22:11:52","22.15","59","947.0600000000001","3760","16","-22.822221755981445","-47.06562805175781","614.5","-100","10.5","43333","1774487512841"
"1328","2026-03-25 22:12:52","22.13","59.5","947.0600000000001","3720","16","-22.82222557067871","-47.0656623840332","620.7","-100","10.300000190734863","43334","1774487572834"
"1329","2026-03-25 22:13:52","22.12","59.5","947.0600000000001","3780","16","-22.822216033935547","-47.06568145751953","620.5","-100","10.300000190734863","43335","1774487632846"
"1330","2026-03-25 22:14:52","22.11","59.5","947.1","3760","16","-22.822229385375977","-47.06568145751953","605","-100","10.5","43336","1774487692837"
"1331","2026-03-25 22:15:52","22.1","59.5","947.14","3720","16","-22.822223663330078","-47.06571960449219","605.5","-100","10.300000190734863","43337","1774487752829"
"1332","2026-03-25 22:16:52","22.09","59.5","947.1","3740","16","-22.822229385375977","-47.06568908691406","613.2","-100","10.300000190734863","43338","1774487812778"
"1333","2026-03-25 22:17:52","22.08","59.5","947.14","3740","16","-22.822214126586914","-47.06566619873047","614.5","-100","10.300000190734863","43339","1774487872810"
"1334","2026-03-25 22:18:52","22.06","59.5","947.16","3720","16","-22.822233200073242","-47.06568908691406","610.2","-100","10.5","43340","1774487932846"
"1335","2026-03-25 22:19:52","22.06","59.5","947.14","3760","16","-22.822248458862305","-47.06571578979492","605.2","-100","10.300000190734863","43341","1774487992838"
"1336","2026-03-25 22:20:52","22.05","59.5","947.14","3720","16","-22.82219123840332","-47.06565475463867","601.7","-100","10.300000190734863","43342","1774488052851"
"1337","2026-03-25 22:21:52","22.04","59.5","947.12","3720","16","-22.82222557067871","-47.06568908691406","615.5","-100","10.800000190734863","43343","1774488112809"
"1338","2026-03-25 22:22:52","22.03","59.5","947.12","3720","16","-22.82221221923828","-47.06563949584961","623.2","-100","10.5","43344","1774488172825"
"1339","2026-03-25 22:23:52","22.02","59.5","947.16","3740","16","-22.82219886779785","-47.06564712524414","624.5","-100","10.300000190734863","43345","1774488232837"
"1340","2026-03-25 22:24:52","22.01","59.5","947.16","3740","16","-22.82225227355957","-47.06575393676758","610.2","-100","10.300000190734863","43346","1774488292829"
"1341","2026-03-25 22:25:52","22","59.5","947.16","3740","16","-22.822214126586914","-47.0656623840332","617.2","-100","10.5","43347","1774488352841"
"1342","2026-03-25 22:26:52","21.99","59.5","947.16","3720","16","-22.822221755981445","-47.06564712524414","622.7","-100","10.5","43348","1774488412833"
"1343","2026-03-25 22:27:52","21.99","59.5","947.1800000000001","3700","16","-22.822221755981445","-47.0656623840332","623.5","-100","10.300000190734863","43349","1774488472846"
"1344","2026-03-25 22:28:52","21.98","59.5","947.2","3720","16","-22.82224464416504","-47.0656852722168","627.7","-100","10.5","43350","1774488532827"
"1345","2026-03-25 22:29:52","21.98","59.5","947.26","3740","16","-22.822216033935547","-47.0656623840332","617","-100","10","43351","1774488592839"
"1346","2026-03-25 22:30:52","21.97","59","947.22","3720","16","-22.82225799560547","-47.06563186645508","608.7","-100","10.5","43352","1774488652832"
"1347","2026-03-25 22:31:52","21.98","59.5","947.2","3720","16","-22.82224464416504","-47.06562042236328","605.4","-100","10.5","43353","1774488712854"
"1348","2026-03-25 22:32:52","21.97","59.5","947.1800000000001","3700","16","-22.822235107421875","-47.06566619873047","613.4","-101","10","43354","1774488772836"
"1349","2026-03-25 22:33:52","21.98","59.5","947.22","3720","16","-22.822214126586914","-47.065670013427734","613.7","-100","10.300000190734863","43355","1774488832828"
"1350","2026-03-25 22:34:52","21.97","59.5","947.24","3720","16","-22.822235107421875","-47.065677642822266","618.7","-100","10.5","43356","1774488892771"
"1351","2026-03-25 22:35:52","21.97","59","947.22","3700","16","-22.82222557067871","-47.065670013427734","612.5","-99","10.5","43357","1774488952821"
"1352","2026-03-25 22:36:52","21.96","59.5","947.28","3700","16","-22.822233200073242","-47.0656852722168","611.9","-100","10.5","43358","1774489012813"
"1353","2026-03-25 22:37:52","21.95","59.5","947.22","3700","16","-22.822227478027344","-47.065643310546875","627","-100","10.800000190734863","43359","1774489072814"
"1354","2026-03-25 22:38:52","21.95","59.5","947.28","3700","16","-22.822195053100586","-47.06565856933594","646.5","-100","10.300000190734863","43360","1774489132834"
"1355","2026-03-25 22:39:52","21.94","59.5","947.26","3720","16","-22.82227325439453","-47.065616607666016","617.2","-100","10.5","43361","1774489192831"
"1356","2026-03-25 22:40:52","21.92","59.5","947.22","3680","16","-22.822288513183594","-47.06556701660156","631.2","-100","10.300000190734863","43362","1774489252777"
"1357","2026-03-25 22:41:52","21.9","59.5","947.22","3700","16","-22.8222599029541","-47.065673828125","635.4000000000001","-100","10.300000190734863","43363","1774489312835"
"1358","2026-03-25 22:42:52","21.88","59.5","947.22","3740","16","-22.822221755981445","-47.06562423706055","633.5","-100","10.300000190734863","43364","1774489372827"
"1359","2026-03-25 22:43:52","21.87","59.5","947.26","3720","16","-22.822223663330078","-47.0656623840332","611.2","-100","10.300000190734863","43365","1774489432842"
"1360","2026-03-25 22:44:52","21.85","59.5","947.24","3720","16","-22.82223892211914","-47.065704345703125","615.2","-100","10.5","43366","1774489492831"
"1361","2026-03-25 22:45:52","21.84","59.5","947.26","3700","16","-22.822248458862305","-47.0656623840332","615.5","-100","10.300000190734863","43367","1774489552807"
"1362","2026-03-25 22:46:52","21.82","59.5","947.24","3720","16","-22.82221221923828","-47.06562805175781","616","-100","10.300000190734863","43368","1774489612800"
"1363","2026-03-25 22:47:52","21.81","60","947.22","3720","16","-22.822221755981445","-47.06569290161133","611.2","-99","10.300000190734863","43369","1774489672811"
"1364","2026-03-25 22:48:52","21.8","59.5","947.1800000000001","3700","16","-22.82221794128418","-47.06560134887695","616.5","-100","10.5","43370","1774489732828"
"1365","2026-03-25 22:49:52","21.8","59.5","947.1800000000001","3700","16","-22.822250366210938","-47.06570816040039","608.9","-100","10","43371","1774489792840"
"1366","2026-03-25 22:50:52","21.79","59.5","947.2","3740","16","-22.822250366210938","-47.06561279296875","603.7","-100","10.5","43372","1774489852832"
"1367","2026-03-25 22:51:52","21.78","60","947.2","3760","16","-22.822265625","-47.06561279296875","612.9","-99","10.5","43373","1774489912847"
"1368","2026-03-25 22:52:52","21.77","60","947.24","3720","16","-22.82217788696289","-47.065589904785156","628.9000000000001","-100","10.5","43374","1774489972811"
"1369","2026-03-25 22:53:52","21.76","60","947.24","3720","16","-22.822202682495117","-47.06559753417969","623.7","-100","10.300000190734863","43375","1774490032818"
"1370","2026-03-25 22:54:52","21.75","60","947.22","3740","16","-22.82219123840332","-47.06562805175781","612.2","-99","10.300000190734863","43376","1774490092843"
"1371","2026-03-25 22:55:52","21.74","60","947.22","3720","16","-22.822206497192383","-47.06566619873047","610.5","-99","10.300000190734863","43377","1774490152823"
"1372","2026-03-25 22:56:52","21.73","60","947.22","3700","16","-22.822265625","-47.06576156616211","610.2","-100","10.300000190734863","43378","1774490212837"
"1373","2026-03-25 22:57:52","21.72","60","947.1800000000001","3720","16","-22.822227478027344","-47.065650939941406","610","-100","10.5","43379","1774490272835"
"1374","2026-03-25 22:58:52","21.7","60","947.16","3740","16","-22.822219848632812","-47.065635681152344","618.5","-100","10.300000190734863","43380","1774490332814"
"1375","2026-03-25 22:59:52","21.69","60","947.16","3720","16","-22.82221031188965","-47.06563949584961","613.5","-100","10.800000190734863","43381","1774490392843"
"1376","2026-03-25 23:00:52","21.68","60","947.16","3720","16","-22.822240829467773","-47.06574630737305","617.7","-100","10.800000190734863","43382","1774490452845"
"1377","2026-03-25 23:01:52","21.67","60","947.12","3720","16","-22.822265625","-47.06572341918945","623.9000000000001","-100","10.300000190734863","43383","1774490512767"
"1378","2026-03-25 23:02:52","21.67","60","947.12","3740","16","-22.82220458984375","-47.065635681152344","638.5","-100","10.300000190734863","43384","1774490572850"
"1379","2026-03-25 23:03:52","21.66","60","947.1","3720","16","-22.822206497192383","-47.06563186645508","630.2","-100","10.300000190734863","43385","1774490632842"
"1380","2026-03-25 23:04:52","21.67","60","947.12","3720","16","-22.822202682495117","-47.06565475463867","627.7","-100","10.5","43386","1774490692813"
"1381","2026-03-25 23:05:52","21.66","60","947.12","3720","16","-22.82221794128418","-47.065635681152344","617","-100","10.300000190734863","43387","1774490752811"
"1382","2026-03-25 23:06:52","21.65","60","947.12","3700","16","-22.822214126586914","-47.0656623840332","617.7","-100","10.300000190734863","43388","1774490812805"
"1383","2026-03-25 23:07:52","21.65","60.5","947.12","3720","16","-22.822229385375977","-47.065635681152344","624.7","-100","10.300000190734863","43389","1774490872841"
"1384","2026-03-25 23:08:52","21.65","60","947.12","3760","16","-22.822202682495117","-47.06563186645508","626.2","-99","10.5","43390","1774490932853"
"1385","2026-03-25 23:09:52","21.64","60","947.12","3720","16","-22.822202682495117","-47.06563949584961","615.2","-100","10.5","43391","1774490992812"
"1386","2026-03-25 23:10:52","21.64","60","947.12","3760","16","-22.822219848632812","-47.065643310546875","614.5","-100","10.300000190734863","43392","1774491052805"
"1387","2026-03-25 23:11:52","21.65","60","947.12","3700","16","-22.822235107421875","-47.065650939941406","602.2","-100","10.300000190734863","43393","1774491112849"
"1388","2026-03-25 23:12:52","21.64","60.5","947.14","3720","16","-22.82222557067871","-47.06564712524414","600.9","-100","10.300000190734863","43394","1774491172831"
"1389","2026-03-25 23:13:52","21.64","60.5","947.14","3720","16","-22.822214126586914","-47.065582275390625","609.2","-100","10","43395","1774491232843"
"1390","2026-03-25 23:14:52","21.64","60","947.16","3720","16","-22.822269439697266","-47.065582275390625","610.5","-100","10.300000190734863","43396","1774491292805"
"1391","2026-03-25 23:15:52","21.64","60","947.14","3720","16","-22.822265625","-47.0656623840332","601","-100","10.300000190734863","43397","1774491352804"
"1392","2026-03-25 23:16:52","21.62","60.5","947.1800000000001","3720","16","-22.822240829467773","-47.06568908691406","612.2","-100","10.300000190734863","43398","1774491412775"
"1393","2026-03-25 23:17:52","21.61","60.5","947.2","3720","16","-22.822254180908203","-47.0656852722168","604.7","-100","10.300000190734863","43399","1774491472820"
"1394","2026-03-25 23:18:52","21.6","60.5","947.22","3720","16","-22.82221031188965","-47.06563186645508","612.5","-100","10.300000190734863","43400","1774491532842"
"1395","2026-03-25 23:19:52","21.59","60.5","947.22","3720","16","-22.82219886779785","-47.06563949584961","608.9","-99","10.300000190734863","43401","1774491592805"
"1396","2026-03-25 23:20:52","21.57","60.5","947.22","3740","16","-22.82225799560547","-47.065670013427734","598.7","-99","10.5","43402","1774491652774"
"1397","2026-03-25 23:21:52","21.55","60.5","947.26","3760","12","-22.822250366210938","-47.0656623840332","618","-100","10","43403","1774491712814"
"1398","2026-03-25 23:22:52","21.53","60.5","947.1800000000001","3760","16","-22.8222713470459","-47.06565856933594","614","-100","10","43404","1774491772778"
"1399","2026-03-25 23:23:52","21.52","60.5","947.1800000000001","3740","16","-22.82229232788086","-47.06563949584961","605.7","-99","10.300000190734863","43405","1774491832834"
"1400","2026-03-25 23:24:52","21.51","60.5","947.14","3720","16","-22.822246551513672","-47.06562042236328","610.4","-99","10.800000190734863","43406","1774491892846"
"1401","2026-03-25 23:25:52","21.51","61","947.1800000000001","3720","16","-22.822235107421875","-47.06562042236328","616","-100","10.300000190734863","43407","1774491952827"
"1402","2026-03-25 23:26:52","21.51","61","947.16","3720","16","-22.822254180908203","-47.065635681152344","611.5","-99","10.5","43408","1774492012839"
"1403","2026-03-25 23:27:52","21.51","61","947.16","3760","16","-22.822237014770508","-47.06557083129883","606","-98","11","43409","1774492072813"
"1404","2026-03-25 23:28:52","21.51","61","947.14","3780","16","-22.822246551513672","-47.065643310546875","607.9","-99","10.800000190734863","43410","1774492132810"
"1405","2026-03-25 23:29:52","21.5","61","947.14","3740","16","-22.822246551513672","-47.065650939941406","611.7","-100","10.5","43411","1774492192825"
"1406","2026-03-25 23:30:52","21.5","61","947.08","3700","16","-22.82225799560547","-47.06564712524414","607.5","-100","10.5","43412","1774492252839"
"1407","2026-03-25 23:31:52","21.51","61","947.12","3700","16","-22.822265625","-47.06564712524414","610.5","-100","10","43413","1774492312831"
"1408","2026-03-25 23:32:52","21.51","61","947.1","3720","16","-22.82223129272461","-47.06561279296875","612","-100","10.300000190734863","43414","1774492372809"
"1409","2026-03-25 23:33:52","21.51","61","947.08","3740","16","-22.822248458862305","-47.06564712524414","609.9","-101","10","43415","1774492432825"
"1410","2026-03-25 23:34:52","21.52","61.5","947.1","3700","16","-22.822263717651367","-47.065643310546875","611.7","-100","10.300000190734863","43416","1774492492816"
"1411","2026-03-25 23:35:52","21.52","61","947.0600000000001","3720","16","-22.822254180908203","-47.065643310546875","608.5","-101","10.300000190734863","43417","1774492552806"
"1412","2026-03-25 23:36:52","21.53","61.5","947.04","3720","16","-22.822237014770508","-47.06562423706055","606","-101","9.5","43418","1774492612802"
"1413","2026-03-25 23:37:52","21.53","61","947.02","3720","16","-22.822246551513672","-47.06566619873047","608.2","-101","10","43419","1774492672804"
"1414","2026-03-25 23:38:52","21.54","61","947.0600000000001","3720","16","-22.822237014770508","-47.0656623840332","609.7","-101","10","43420","1774492732846"
"1415","2026-03-25 23:39:52","21.54","61","947.0600000000001","3760","16","-22.82223892211914","-47.065650939941406","609","-100","10.300000190734863","43421","1774492792804"
"1416","2026-03-25 23:40:52","21.55","61","947.0600000000001","3720","16","-22.822229385375977","-47.065670013427734","610.2","-101","9.800000190734863","43422","1774492852811"
"1417","2026-03-25 23:41:52","21.55","61","947.04","3720","16","-22.822229385375977","-47.06564712524414","610.7","-100","10.300000190734863","43423","1774492912843"
"1418","2026-03-25 23:42:52","21.56","61","947.04","3700","16","-22.822221755981445","-47.065650939941406","612","-100","10","43424","1774492972777"
"1419","2026-03-25 23:43:52","21.56","61","947.08","3720","16","-22.822250366210938","-47.065673828125","609.5","-100","10.300000190734863","43425","1774493032778"
"1420","2026-03-25 23:44:52","21.57","61","947.14","3720","16","-22.822214126586914","-47.065650939941406","610.5","-101","10.300000190734863","43426","1774493092813"
"1421","2026-03-25 23:45:52","21.58","61","947.1","3700","16","-22.822208404541016","-47.065635681152344","605.5","-101","10.300000190734863","43427","1774493152842"
"1422","2026-03-25 23:46:52","21.57","61","947.04","3720","16","-22.822237014770508","-47.06562805175781","604.5","-100","10.300000190734863","43428","1774493212817"
"1423","2026-03-25 23:47:52","21.56","61","947.04","3720","16","-22.82224464416504","-47.065643310546875","603.2","-100","10.300000190734863","43429","1774493272845"
"1424","2026-03-25 23:48:52","21.57","61","947.0600000000001","3720","16","-22.82225227355957","-47.06565856933594","605.7","-100","10.300000190734863","43430","1774493332803"
"1425","2026-03-25 23:49:52","21.56","61","947.08","3720","16","-22.822250366210938","-47.065670013427734","607","-101","10.300000190734863","43431","1774493392839"
"1426","2026-03-25 23:50:52","21.56","61","947","3720","12","-22.822256088256836","-47.065670013427734","610.5","-101","10","43432","1774493452832"
"1427","2026-03-25 23:51:52","21.55","61","946.98","3720","16","-22.822237014770508","-47.065670013427734","605.2","-100","10.300000190734863","43433","1774493512800"
"1428","2026-03-25 23:52:52","21.56","61","946.96","3700","16","-22.82222557067871","-47.065670013427734","607","-100","10.300000190734863","43434","1774493572811"
"1429","2026-03-25 23:53:52","21.55","61","946.94","3720","16","-22.822237014770508","-47.06565856933594","614","-100","10.5","43435","1774493632817"
"1430","2026-03-25 23:54:52","21.55","61","946.94","3720","16","-22.82221794128418","-47.0656623840332","608.5","-100","10","43436","1774493692776"
"1431","2026-03-25 23:55:52","21.54","61","946.9200000000001","3720","16","-22.822206497192383","-47.06565856933594","605.5","-100","10.5","43437","1774493752798"
"1432","2026-03-25 23:56:52","21.53","61","946.9200000000001","3720","16","-22.822223663330078","-47.06565475463867","609.4","-101","10.5","43438","1774493812845"
"1433","2026-03-25 23:57:52","21.53","61","946.9","3700","16","-22.82223892211914","-47.06565856933594","608.9","-100","10.5","43439","1774493872781"
"1434","2026-03-25 23:58:52","21.53","61","946.9","3740","16","-22.822221755981445","-47.06566619873047","610.5","-100","10.300000190734863","43440","1774493932813"
"1435","2026-03-25 23:59:52","21.52","61","946.9","3700","16","-22.822208404541016","-47.06566619873047","609.7","-101","10.300000190734863","43441","1774493992817"
